seed,method,event_index,sequence_id,cell,window,n_samples,nll,latent_mse
43006,learned_event_learned_qr,58,0,011,1,1,1.0953363756928116,0.03495327638560742
43006,learned_event_learned_qr,58,0,011,4,4,0.6421204176932929,0.017755758935115586
43006,learned_event_learned_qr,58,0,011,8,8,0.5948980335743286,0.018193197225299034
43006,learned_event_learned_qr,58,0,011,16,16,0.8238762605514971,0.04365598598703603
43006,learned_event_learned_qr,141,0,101,1,1,0.49627933256448603,0.0672999189391886
43006,learned_event_learned_qr,141,0,101,4,4,0.38603007802023104,0.10513007248876413
43006,learned_event_learned_qr,141,0,101,8,8,0.99617150346698,0.16854770493792645
43006,learned_event_learned_qr,141,0,101,16,14,0.7980348094691128,0.12386924107176542
43006,learned_event_learned_qr,156,0,101,1,1,2.164047030244103,1.4245963344692445e-07
43006,learned_event_learned_qr,156,0,101,4,3,1.1491719376093392,0.015999016542740142
43006,learned_event_learned_qr,156,0,101,8,3,1.1491719376093392,0.015999016542740142
43006,learned_event_learned_qr,156,0,101,16,3,1.1491719376093392,0.015999016542740142
43006,learned_event_learned_qr,160,0,101,1,1,0.8686507455328537,0.1435627880877802
43006,learned_event_learned_qr,160,0,101,4,4,1.1541495075514554,0.0663243060008241
43006,learned_event_learned_qr,160,0,101,8,8,0.8675822880619831,0.054904216911214394
43006,learned_event_learned_qr,160,0,101,16,9,0.8464721628958071,0.05002321777355607
43006,learned_event_learned_qr,170,0,101,1,1,2.5442233183050673,0.022476356550354636
43006,learned_event_learned_qr,170,0,101,4,4,1.1436056880405963,0.018729110073602683
43006,learned_event_learned_qr,170,0,101,8,8,0.9785205454814605,0.02479437939489381
43006,learned_event_learned_qr,170,0,101,16,15,0.817682856913746,0.03642659909735212
43006,learned_event_learned_qr,186,0,101,1,1,0.397208051297249,0.31202305595328683
43006,learned_event_learned_qr,186,0,101,4,2,1.7353833175893103,0.1622825170551092
43006,learned_event_learned_qr,186,0,101,8,2,1.7353833175893103,0.1622825170551092
43006,learned_event_learned_qr,186,0,101,16,2,1.7353833175893103,0.1622825170551092
43006,learned_event_learned_qr,189,0,101,1,1,0.9007502606643395,0.02340470081353617
43006,learned_event_learned_qr,189,0,101,4,4,0.8086523323262231,0.05920306038867119
43006,learned_event_learned_qr,189,0,101,8,8,0.7459176048511256,0.04031598000283682
43006,learned_event_learned_qr,189,0,101,16,10,0.7137607955708952,0.03345402968415197
43006,learned_event_learned_qr,200,0,101,1,1,1.2993450989325857,0.006647441998552932
43006,learned_event_learned_qr,200,0,101,4,2,0.9167984001377596,0.017603767556301213
43006,learned_event_learned_qr,200,0,101,8,2,0.9167984001377596,0.017603767556301213
43006,learned_event_learned_qr,200,0,101,16,2,0.9167984001377596,0.017603767556301213
43006,learned_event_learned_qr,203,0,101,1,1,1.2470645777440434,0.2116320757091916
43006,learned_event_learned_qr,203,0,101,4,4,0.7515090582571028,0.09902129203195721
43006,learned_event_learned_qr,203,0,101,8,8,0.6484894517541867,0.09854632321104106
43006,learned_event_learned_qr,203,0,101,16,16,0.6405716048952589,0.06275991135535648
43006,learned_event_learned_qr,231,0,101,1,1,0.7461873894423371,0.03363462364826247
43006,learned_event_learned_qr,231,0,101,4,4,0.6716506054068719,0.01389096261434636
43006,learned_event_learned_qr,231,0,101,8,8,0.7144071732657202,0.01780341698327561
43006,learned_event_learned_qr,231,0,101,16,16,0.6054958925455649,0.019049137364210954
43006,learned_event_learned_qr,276,0,101,1,1,2.3574319262990744,0.07683306773573438
43006,learned_event_learned_qr,276,0,101,4,4,1.0125310377021874,0.07104571782521787
43006,learned_event_learned_qr,276,0,101,8,8,1.028848031362359,0.05721141611561694
43006,learned_event_learned_qr,276,0,101,16,9,0.9881210004746224,0.059550138214972
43006,learned_event_learned_qr,286,0,101,1,1,2.313674905734389,0.0033712958381650346
43006,learned_event_learned_qr,286,0,101,4,4,0.9747195095886291,0.013376289377545895
43006,learned_event_learned_qr,286,0,101,8,8,0.8163783210495472,0.030448851286469653
43006,learned_event_learned_qr,286,0,101,16,8,0.8163783210495472,0.030448851286469653
43006,learned_event_learned_qr,295,0,101,1,1,0.7417502550913756,0.0009517718889004656
43006,learned_event_learned_qr,295,0,101,4,3,0.8039119316734792,0.00799569928677162
43006,learned_event_learned_qr,295,0,101,8,3,0.8039119316734792,0.00799569928677162
43006,learned_event_learned_qr,295,0,101,16,3,0.8039119316734792,0.00799569928677162
43006,learned_event_learned_qr,299,0,101,1,1,1.275509584869987,0.13810123601970345
43006,learned_event_learned_qr,299,0,101,4,2,1.0494742882279517,0.07330256075680763
43006,learned_event_learned_qr,299,0,101,8,2,1.0494742882279517,0.07330256075680763
43006,learned_event_learned_qr,299,0,101,16,2,1.0494742882279517,0.07330256075680763
43006,learned_event_learned_qr,302,0,101,1,1,0.5199025931300661,0.647102821343345
43006,learned_event_learned_qr,302,0,101,4,2,1.786586457314994,0.33424617087060293
43006,learned_event_learned_qr,302,0,101,8,2,1.786586457314994,0.33424617087060293
43006,learned_event_learned_qr,302,0,101,16,2,1.786586457314994,0.33424617087060293
43006,learned_event_learned_qr,306,0,101,1,1,0.9827455824291154,0.04180298728563367
43006,learned_event_learned_qr,306,0,101,4,4,0.8880636025466224,0.03572046852540671
43006,learned_event_learned_qr,306,0,101,8,7,0.7215512307472488,0.020941331891401984
43006,learned_event_learned_qr,306,0,101,16,7,0.7215512307472488,0.020941331891401984
43006,learned_event_learned_qr,314,0,101,1,1,0.590301022575664,0.0017594391314116429
43006,learned_event_learned_qr,314,0,101,4,4,0.5547762600670263,0.05273920000958732
43006,learned_event_learned_qr,314,0,101,8,8,0.5305635643026021,0.04582652808947821
43006,learned_event_learned_qr,314,0,101,16,14,0.5630105581824276,0.02944260177000268
43006,learned_event_learned_qr,329,0,101,1,1,2.1959115377341614,0.010226631205479245
43006,learned_event_learned_qr,329,0,101,4,4,1.0873638821996063,0.016831468708312432
43006,learned_event_learned_qr,329,0,101,8,8,0.6760180140972221,0.00959245541930873
43006,learned_event_learned_qr,329,0,101,16,13,0.7917549522004287,0.020590718137965446
43006,learned_event_learned_qr,343,0,101,1,1,3.2131907356049196,0.11348704269426
43006,learned_event_learned_qr,343,0,101,4,4,1.1709456003070897,0.06095214387809823
43006,learned_event_learned_qr,343,0,101,8,8,0.9087745325790413,0.0339481181668502
43006,learned_event_learned_qr,343,0,101,16,16,0.7046285241469583,0.034644713325715386
43006,learned_event_learned_qr,368,0,101,1,1,0.5974803028113475,0.022797880280517515
43006,learned_event_learned_qr,368,0,101,4,4,0.6238810416487292,0.0272777663302279
43006,learned_event_learned_qr,368,0,101,8,8,0.7570660205778251,0.02920257454496065
43006,learned_event_learned_qr,368,0,101,16,13,1.0381235358331493,0.08265261075181811
43006,learned_event_learned_qr,382,0,101,1,1,1.1834842120546762,0.1033009806274152
43006,learned_event_learned_qr,382,0,101,4,4,0.9879659047696998,0.06521021350761705
43006,learned_event_learned_qr,382,0,101,8,8,0.8553117381922941,0.03511964145624988
43006,learned_event_learned_qr,382,0,101,16,16,0.6535696437588028,0.02091889555599794
43006,learned_event_learned_qr,421,0,111,1,1,1.160961923129736,0.09610595135306968
43006,learned_event_learned_qr,421,0,111,4,4,1.3255602724692774,0.11214474353959704
43006,learned_event_learned_qr,421,0,111,8,8,1.1360603617426008,0.10299931928767503
43006,learned_event_learned_qr,421,0,111,16,9,1.073421693858747,0.10390424212961909
43006,learned_event_learned_qr,431,0,111,1,1,1.8940701055511042,0.0617943394587726
43006,learned_event_learned_qr,431,0,111,4,4,1.0406329933784173,0.046333142887387546
43006,learned_event_learned_qr,431,0,111,8,5,1.0080178200931638,0.03879124182373365
43006,learned_event_learned_qr,431,0,111,16,5,1.0080178200931638,0.03879124182373365
43006,learned_event_learned_qr,437,0,111,1,1,0.7242851431012816,0.029010013696531837
43006,learned_event_learned_qr,437,0,111,4,2,1.2054418339211606,0.0172987729602435
43006,learned_event_learned_qr,437,0,111,8,2,1.2054418339211606,0.0172987729602435
43006,learned_event_learned_qr,437,0,111,16,2,1.2054418339211606,0.0172987729602435
43006,learned_event_learned_qr,440,0,111,1,1,0.6191551429494012,0.10898006483778667
43006,learned_event_learned_qr,440,0,111,4,4,0.5865472604232767,0.03492016127881673
43006,learned_event_learned_qr,440,0,111,8,8,0.8557798223416755,0.05552797332196585
43006,learned_event_learned_qr,440,0,111,16,16,0.8276210147314449,0.05695313582720975
43006,learned_event_learned_qr,466,0,111,1,1,0.7849254951978687,0.06838218215781193
43006,learned_event_learned_qr,466,0,111,4,4,0.6406587104472261,0.06781450040147641
43006,learned_event_learned_qr,466,0,111,8,8,0.865730217549991,0.06947481889240376
43006,learned_event_learned_qr,466,0,111,16,16,0.6923848249790086,0.042389924952552546
43006,learned_event_learned_qr,492,0,111,1,1,2.740171604480402,0.08720015907810628
43006,learned_event_learned_qr,492,0,111,4,1,2.740171604480402,0.08720015907810628
43006,learned_event_learned_qr,492,0,111,8,1,2.740171604480402,0.08720015907810628
43006,learned_event_learned_qr,492,0,111,16,1,2.740171604480402,0.08720015907810628
43006,learned_event_learned_qr,494,0,111,1,1,0.7064007217119459,0.16686960972930212
43006,learned_event_learned_qr,494,0,111,4,3,0.6922351240228507,0.07756143333221034
43006,learned_event_learned_qr,494,0,111,8,3,0.6922351240228507,0.07756143333221034
43006,learned_event_learned_qr,494,0,111,16,3,0.6922351240228507,0.07756143333221034
43006,learned_event_learned_qr,498,0,111,1,1,0.5797938612281337,0.008579311247290094
43006,learned_event_learned_qr,498,0,111,4,1,0.5797938612281337,0.008579311247290094
43006,learned_event_learned_qr,498,0,111,8,1,0.5797938612281337,0.008579311247290094
43006,learned_event_learned_qr,498,0,111,16,1,0.5797938612281337,0.008579311247290094
43006,learned_event_learned_qr,501,0,111,1,1,2.5341968036316933,0.132079012144376
43006,learned_event_learned_qr,501,0,111,4,4,1.542941757463902,0.07191389934986499
43006,learned_event_learned_qr,501,0,111,8,8,1.111117579658848,0.04346831997605325
43006,learned_event_learned_qr,501,0,111,16,8,1.111117579658848,0.04346831997605325
43006,learned_event_learned_qr,510,0,111,1,1,1.0972117893236102,0.26453517187304526
43006,learned_event_learned_qr,510,0,111,4,4,1.0358297967328007,0.08315894387989474
43006,learned_event_learned_qr,510,0,111,8,8,0.9462152772369905,0.06734002651458125
43006,learned_event_learned_qr,510,0,111,16,14,0.9121175412582065,0.04668313352892757
43006,learned_event_learned_qr,525,0,111,1,1,2.6761442070509,0.44449146466911205
43006,learned_event_learned_qr,525,0,111,4,4,1.2781580064287645,0.17290997504589783
43006,learned_event_learned_qr,525,0,111,8,4,1.2781580064287645,0.17290997504589783
43006,learned_event_learned_qr,525,0,111,16,4,1.2781580064287645,0.17290997504589783
43006,learned_event_learned_qr,530,0,111,1,1,0.7907282084263291,0.1843550513368938
43006,learned_event_learned_qr,530,0,111,4,3,0.7079690774850631,0.12177236263316571
43006,learned_event_learned_qr,530,0,111,8,3,0.7079690774850631,0.12177236263316571
43006,learned_event_learned_qr,530,0,111,16,3,0.7079690774850631,0.12177236263316571
43006,learned_event_learned_qr,534,0,111,1,1,0.535462835555186,0.04661230505769903
43006,learned_event_learned_qr,534,0,111,4,4,0.8225161830423615,0.0783958471158896
43006,learned_event_learned_qr,534,0,111,8,8,0.7994376516989409,0.05270758056501977
43006,learned_event_learned_qr,534,0,111,16,11,0.7709292002845973,0.04135953011437233
43006,learned_event_learned_qr,546,0,111,1,1,0.981209680888212,0.06983961313756153
43006,learned_event_learned_qr,546,0,111,4,4,0.6952533252245239,0.030195005548186934
43006,learned_event_learned_qr,546,0,111,8,8,0.8428280436553042,0.03539116297723398
43006,learned_event_learned_qr,546,0,111,16,16,0.8151250797660514,0.12977682191795958
43006,learned_event_learned_qr,563,0,111,1,1,0.5420198011375731,0.49518489793372
43006,learned_event_learned_qr,563,0,111,4,4,0.9752492045606581,0.26742999870482204
43006,learned_event_learned_qr,563,0,111,8,8,0.8056079188791162,0.146277411842491
43006,learned_event_learned_qr,563,0,111,16,15,0.6409399353422707,0.083068175631615
43006,learned_event_learned_qr,580,0,110,1,1,0.394317136601775,0.0043438928556095695
43006,learned_event_learned_qr,580,0,110,4,4,0.3512615996491139,0.012056588472988693
43006,learned_event_learned_qr,580,0,110,8,8,0.26191799804273663,0.007106366221091771
43006,learned_event_learned_qr,580,0,110,16,8,0.26191799804273663,0.007106366221091771
43006,learned_event_learned_qr,589,0,110,1,1,0.26721718020689117,0.00785783705379182
43006,learned_event_learned_qr,589,0,110,4,4,0.21033914396472952,0.012707276563505038
43006,learned_event_learned_qr,589,0,110,8,8,0.11515772125811609,0.019403268100632535
43006,learned_event_learned_qr,589,0,110,16,16,0.1515395766950429,0.022955209596363973
43006,learned_event_learned_qr,618,0,110,1,1,0.006966469140827564,0.008324667903895279
43006,learned_event_learned_qr,618,0,110,4,4,0.07334883476363921,0.010241411500116402
43006,learned_event_learned_qr,618,0,110,8,8,0.07184633794644693,0.02392476840791563
43006,learned_event_learned_qr,618,0,110,16,16,0.12407919973724639,0.029772874290067433
43006,learned_event_learned_qr,645,0,110,1,1,0.057870586809449204,6.181003093274842e-05
43006,learned_event_learned_qr,645,0,110,4,4,0.6376672873668018,0.05628515275243008
43006,learned_event_learned_qr,645,0,110,8,5,0.6255139328764849,0.05228345680353706
43006,learned_event_learned_qr,645,0,110,16,5,0.6255139328764849,0.05228345680353706
43006,learned_event_learned_qr,651,0,110,1,1,0.5326322641328123,0.013219384793286118
43006,learned_event_learned_qr,651,0,110,4,4,0.5288655199226939,0.051627084063059936
43006,learned_event_learned_qr,651,0,110,8,6,0.6536914164710556,0.041285551614133505
43006,learned_event_learned_qr,651,0,110,16,6,0.6536914164710556,0.041285551614133505
43006,learned_event_learned_qr,658,0,110,1,1,-0.012094990095705437,0.0025746975213346195
43006,learned_event_learned_qr,658,0,110,4,3,0.25265563459796586,0.021383461562751685
43006,learned_event_learned_qr,658,0,110,8,3,0.25265563459796586,0.021383461562751685
43006,learned_event_learned_qr,658,0,110,16,3,0.25265563459796586,0.021383461562751685
43006,learned_event_learned_qr,662,0,110,1,1,0.18584421354050626,0.0004491867138410012
43006,learned_event_learned_qr,662,0,110,4,4,0.16434107051324295,0.010504917835220503
43006,learned_event_learned_qr,662,0,110,8,8,0.03227661463840632,0.008565171047058954
43006,learned_event_learned_qr,662,0,110,16,10,-0.00025814848028141434,0.011023518476354527
43006,learned_event_learned_qr,673,0,110,1,1,0.23216557765317555,0.0021393316356123544
43006,learned_event_learned_qr,673,0,110,4,4,-0.07201513510815286,0.0032413566936118432
43006,learned_event_learned_qr,673,0,110,8,8,-0.08957002736502952,0.010054422972071916
43006,learned_event_learned_qr,673,0,110,16,16,-0.02208639794673279,0.00894561656404677
43006,learned_event_learned_qr,714,0,110,1,1,-0.30603681297508406,0.005666074407926682
43006,learned_event_learned_qr,714,0,110,4,3,-0.32375251853921716,0.003550786992891769
43006,learned_event_learned_qr,714,0,110,8,3,-0.32375251853921716,0.003550786992891769
43006,learned_event_learned_qr,714,0,110,16,3,-0.32375251853921716,0.003550786992891769
43006,learned_event_learned_qr,718,0,110,1,1,-0.38159966801168854,2.193482236027676e-05
43006,learned_event_learned_qr,718,0,110,4,4,-0.44723333930301723,0.012157563441126108
43006,learned_event_learned_qr,718,0,110,8,8,0.360849924945019,0.0087765631938933
43006,learned_event_learned_qr,718,0,110,16,16,0.12861113878612598,0.010191854675497752
43006,learned_event_learned_qr,759,0,110,1,1,-0.3262712637111568,0.009921887830966014
43006,learned_event_learned_qr,759,0,110,4,2,0.10316901889105529,0.030333512631598288
43006,learned_event_learned_qr,759,0,110,8,2,0.10316901889105529,0.030333512631598288
43006,learned_event_learned_qr,759,0,110,16,2,0.10316901889105529,0.030333512631598288
43006,learned_event_learned_qr,762,0,110,1,1,-0.2590140473711872,0.03488034606233207
43006,learned_event_learned_qr,762,0,110,4,4,-0.2268890371007299,0.01785965813713776
43006,learned_event_learned_qr,762,0,110,8,8,-0.2665443627723311,0.013667752171757449
43006,learned_event_learned_qr,762,0,110,16,15,-0.14346783366756577,0.010438082877553363
43006,learned_event_learned_qr,778,0,110,1,1,-0.3077576531547653,0.009588205424570711
43006,learned_event_learned_qr,778,0,110,4,4,-0.22976171319736433,0.009523858267510352
43006,learned_event_learned_qr,778,0,110,8,8,-0.05746723578528594,0.020422294094855086
43006,learned_event_learned_qr,778,0,110,16,11,-0.09399554420478567,0.017814432453054987
43006,learned_event_learned_qr,790,0,110,1,1,-0.2221464078833187,0.002146400719382146
43006,learned_event_learned_qr,790,0,110,4,1,-0.2221464078833187,0.002146400719382146
43006,learned_event_learned_qr,790,0,110,8,1,-0.2221464078833187,0.002146400719382146
43006,learned_event_learned_qr,790,0,110,16,1,-0.2221464078833187,0.002146400719382146
43006,learned_event_learned_qr,792,0,110,1,1,2.1059224853758405,0.033533746823098384
43006,learned_event_learned_qr,792,0,110,4,4,0.4244237558364102,0.01519951896335458
43006,learned_event_learned_qr,792,0,110,8,8,0.34458940564605123,0.013415079683905345
43006,learned_event_learned_qr,792,0,110,16,16,0.6672128368339332,0.03463850809848393
43006,learned_event_learned_qr,989,0,110,1,1,0.693474097365739,0.07434456811771996
43006,learned_event_learned_qr,989,0,110,4,4,-0.005497620508677567,0.018937689518734577
43006,learned_event_learned_qr,989,0,110,8,6,0.19122596006018985,0.018537213791957326
43006,learned_event_learned_qr,989,0,110,16,6,0.19122596006018985,0.018537213791957326
43006,learned_event_learned_qr,996,0,110,1,1,0.07534343744061012,0.0030103168864395948
43006,learned_event_learned_qr,996,0,110,4,4,0.3817068170264056,0.03713020389408514
43006,learned_event_learned_qr,996,0,110,8,5,0.24986815227541506,0.029717143039427258
43006,learned_event_learned_qr,996,0,110,16,5,0.24986815227541506,0.029717143039427258
43006,learned_event_learned_qr,1002,0,110,1,1,-0.0315217894103339,0.004714766271181651
43006,learned_event_learned_qr,1002,0,110,4,4,0.3536675967139895,0.015151451842714062
43006,learned_event_learned_qr,1002,0,110,8,7,0.2216454113367096,0.009699163806582301
43006,learned_event_learned_qr,1002,0,110,16,7,0.2216454113367096,0.009699163806582301
43006,learned_event_learned_qr,1010,0,110,1,1,-0.2691741776353294,0.022344301591819344
43006,learned_event_learned_qr,1010,0,110,4,4,0.14094880611651,0.02123972545730208
43006,learned_event_learned_qr,1010,0,110,8,5,0.2109793146491155,0.032730195490779636
43006,learned_event_learned_qr,1010,0,110,16,5,0.2109793146491155,0.032730195490779636
43006,learned_event_learned_qr,1016,0,110,1,1,0.2861627075045666,0.010761063060354303
43006,learned_event_learned_qr,1016,0,110,4,4,0.018298652854433675,0.003941609419010111
43006,learned_event_learned_qr,1016,0,110,8,4,0.018298652854433675,0.003941609419010111
43006,learned_event_learned_qr,1016,0,110,16,4,0.018298652854433675,0.003941609419010111
43006,learned_event_learned_qr,1021,0,110,1,1,-0.04551698706968405,0.005013741388702609
43006,learned_event_learned_qr,1021,0,110,4,4,-0.0257253133850983,0.0241042614087833
43006,learned_event_learned_qr,1021,0,110,8,7,-0.03992551113119182,0.023179713805218518
43006,learned_event_learned_qr,1021,0,110,16,7,-0.03992551113119182,0.023179713805218518
43006,learned_event_learned_qr,1029,0,111,1,1,2.1061188022516557,0.00044436815133196773
43006,learned_event_learned_qr,1029,0,111,4,3,1.52277335911519,0.017752028587939544
43006,learned_event_learned_qr,1029,0,111,8,3,1.52277335911519,0.017752028587939544
43006,learned_event_learned_qr,1029,0,111,16,3,1.52277335911519,0.017752028587939544
43006,learned_event_learned_qr,1033,0,111,1,1,3.8656230471053146,0.11384129702668132
43006,learned_event_learned_qr,1033,0,111,4,3,2.5787201215485225,0.5220344246312295
43006,learned_event_learned_qr,1033,0,111,8,3,2.5787201215485225,0.5220344246312295
43006,learned_event_learned_qr,1033,0,111,16,3,2.5787201215485225,0.5220344246312295
43006,learned_event_learned_qr,1037,0,111,1,1,1.3240991996727471,0.1687050249485183
43006,learned_event_learned_qr,1037,0,111,4,4,1.6683706894841532,0.22177755441288333
43006,learned_event_learned_qr,1037,0,111,8,8,1.2181099081082412,0.11786319021054115
43006,learned_event_learned_qr,1037,0,111,16,16,0.8119322310618304,0.07685281994521728
43006,learned_event_learned_qr,1074,0,111,1,1,0.26728207768831613,0.00036572532547893836
43006,learned_event_learned_qr,1074,0,111,4,4,0.3099287287008138,0.025047524239162934
43006,learned_event_learned_qr,1074,0,111,8,8,0.6987902785905662,0.04833310723061464
43006,learned_event_learned_qr,1074,0,111,16,8,0.6987902785905662,0.04833310723061464
43006,learned_event_learned_qr,1084,0,111,1,1,0.8696314419872081,0.2257699140313784
43006,learned_event_learned_qr,1084,0,111,4,4,0.618184484965114,0.09506230638751595
43006,learned_event_learned_qr,1084,0,111,8,8,0.8222539801118445,0.056750190879281695
43006,learned_event_learned_qr,1084,0,111,16,16,0.9925100758434473,0.0715039002020694
43006,learned_event_learned_qr,1112,0,111,1,1,0.7085614690641353,0.025978994650840817
43006,learned_event_learned_qr,1112,0,111,4,1,0.7085614690641353,0.025978994650840817
43006,learned_event_learned_qr,1112,0,111,8,1,0.7085614690641353,0.025978994650840817
43006,learned_event_learned_qr,1112,0,111,16,1,0.7085614690641353,0.025978994650840817
43006,learned_event_learned_qr,1114,0,111,1,1,1.2539664373820778,0.01934099210532672
43006,learned_event_learned_qr,1114,0,111,4,4,1.2447144102570322,0.08947076963645229
43006,learned_event_learned_qr,1114,0,111,8,8,0.9959334321482033,0.05880991498600517
43006,learned_event_learned_qr,1114,0,111,16,16,0.8460327686399083,0.059925501767175385
43006,learned_event_learned_qr,1143,0,111,1,1,3.0863754470576694,0.02683850321158518
43006,learned_event_learned_qr,1143,0,111,4,4,1.1534265402434165,0.07854953377594534
43006,learned_event_learned_qr,1143,0,111,8,8,0.7451673806814817,0.046132380668611306
43006,learned_event_learned_qr,1143,0,111,16,8,0.7451673806814817,0.046132380668611306
43006,learned_event_learned_qr,1166,1,111,1,1,0.2728467573000509,0.4151415006735099
43006,learned_event_learned_qr,1166,1,111,4,4,0.743513531829002,0.15203977946142067
43006,learned_event_learned_qr,1166,1,111,8,8,0.4794294529786422,0.1088749079471638
43006,learned_event_learned_qr,1166,1,111,16,16,0.43585664383776473,0.07446326770484636
43006,learned_event_learned_qr,1223,1,101,1,1,0.7350042280665114,0.04456365699117734
43006,learned_event_learned_qr,1223,1,101,4,4,0.689228369462747,0.11642871701398726
43006,learned_event_learned_qr,1223,1,101,8,8,0.6909761779377157,0.1761673822245089
43006,learned_event_learned_qr,1223,1,101,16,8,0.6909761779377157,0.1761673822245089
43006,learned_event_learned_qr,1232,1,101,1,1,1.374805421355707,0.00697800166822893
43006,learned_event_learned_qr,1232,1,101,4,4,1.2927578131793165,0.0422585855515871
43006,learned_event_learned_qr,1232,1,101,8,8,0.9368502201548632,0.04970506475545323
43006,learned_event_learned_qr,1232,1,101,16,16,0.9493007164868006,0.05497983647718534
43006,learned_event_learned_qr,1249,1,101,1,1,0.944556016147124,0.0924551209468947
43006,learned_event_learned_qr,1249,1,101,4,4,0.8713939795025891,0.08506514244089071
43006,learned_event_learned_qr,1249,1,101,8,8,0.6117461377604065,0.049810773532074915
43006,learned_event_learned_qr,1249,1,101,16,16,0.5922408056232726,0.04273981450564532
43006,learned_event_learned_qr,1320,1,101,1,1,1.5118190514400534,0.010058387077503282
43006,learned_event_learned_qr,1320,1,101,4,4,0.5387979040972113,0.008299110782836646
43006,learned_event_learned_qr,1320,1,101,8,5,0.4414395243174399,0.01054801349013524
43006,learned_event_learned_qr,1320,1,101,16,5,0.4414395243174399,0.01054801349013524
43006,learned_event_learned_qr,1326,1,101,1,1,0.14076134667781037,0.12503411988749452
43006,learned_event_learned_qr,1326,1,101,4,1,0.14076134667781037,0.12503411988749452
43006,learned_event_learned_qr,1326,1,101,8,1,0.14076134667781037,0.12503411988749452
43006,learned_event_learned_qr,1326,1,101,16,1,0.14076134667781037,0.12503411988749452
43006,learned_event_learned_qr,1328,1,101,1,1,0.1114794070802709,0.09896967345811873
43006,learned_event_learned_qr,1328,1,101,4,4,0.10936464042130668,0.0462747697712921
43006,learned_event_learned_qr,1328,1,101,8,8,0.14396987920259696,0.03079423409932317
43006,learned_event_learned_qr,1328,1,101,16,10,0.27491658325007406,0.02791471804291299
43006,learned_event_learned_qr,1340,1,101,1,1,0.9178595570487688,0.08078482646670042
43006,learned_event_learned_qr,1340,1,101,4,4,1.6712928028779885,0.37947205777135573
43006,learned_event_learned_qr,1340,1,101,8,8,1.1402232830951948,0.2775962300318616
43006,learned_event_learned_qr,1340,1,101,16,16,1.0883742336952928,0.2116171243319628
43006,learned_event_learned_qr,1449,1,111,1,1,1.9993219232933865,0.09349842983082901
43006,learned_event_learned_qr,1449,1,111,4,4,1.5771956004166032,0.30159046843473347
43006,learned_event_learned_qr,1449,1,111,8,8,1.1034366809621203,0.1690076418002838
43006,learned_event_learned_qr,1449,1,111,16,16,0.9875048165932139,0.10317636249768698
43006,learned_event_learned_qr,1466,1,111,1,1,0.6353263818874275,0.23427726529588672
43006,learned_event_learned_qr,1466,1,111,4,4,0.8467680443484807,0.09915251784513043
43006,learned_event_learned_qr,1466,1,111,8,8,0.7928993560654992,0.09687571660194262
43006,learned_event_learned_qr,1466,1,111,16,16,0.9402333172540969,0.09479213405131495
43006,learned_event_learned_qr,1534,1,111,1,1,0.5068705061872789,0.18408751468002088
43006,learned_event_learned_qr,1534,1,111,4,4,0.4318895874972897,0.08044669544002489
43006,learned_event_learned_qr,1534,1,111,8,8,0.6139006650432101,0.05201489693668852
43006,learned_event_learned_qr,1534,1,111,16,13,0.5221890953760253,0.03479274168956339
43006,learned_event_learned_qr,1548,1,101,1,1,1.062428282380327,0.018147346050898617
43006,learned_event_learned_qr,1548,1,101,4,4,0.446874208301149,0.04482986662741613
43006,learned_event_learned_qr,1548,1,101,8,8,0.9623967822780215,0.03875154565120063
43006,learned_event_learned_qr,1548,1,101,16,14,0.6563070807944545,0.036507599537031206
43006,learned_event_learned_qr,1563,1,101,1,1,0.07286981585493621,0.07756908450622958
43006,learned_event_learned_qr,1563,1,101,4,4,0.30360735392333693,0.02987475801823014
43006,learned_event_learned_qr,1563,1,101,8,8,0.3688043859950742,0.019165100631465426
43006,learned_event_learned_qr,1563,1,101,16,11,0.6460293901483419,0.020535186771427027
43006,learned_event_learned_qr,1575,1,101,1,1,0.10631852934309777,0.445594080821738
43006,learned_event_learned_qr,1575,1,101,4,4,0.7666346621580975,0.18157194606057803
43006,learned_event_learned_qr,1575,1,101,8,8,0.5564054873213415,0.10292604613031522
43006,learned_event_learned_qr,1575,1,101,16,16,0.4255632604181471,0.05468965680347909
43006,learned_event_learned_qr,1686,1,110,1,1,0.23139992137132803,0.00013935044427435412
43006,learned_event_learned_qr,1686,1,110,4,4,0.34043435340796036,0.016788599116690804
43006,learned_event_learned_qr,1686,1,110,8,8,0.398796022452071,0.027475526619638105
43006,learned_event_learned_qr,1686,1,110,16,16,0.294425200920009,0.02523189639204389
43006,learned_event_learned_qr,1741,1,101,1,1,2.9813378789735014,0.029847315982387657
43006,learned_event_learned_qr,1741,1,101,4,4,0.7192635326531945,0.010139044650198997
43006,learned_event_learned_qr,1741,1,101,8,8,1.1711465981160671,0.18407289282761738
43006,learned_event_learned_qr,1741,1,101,16,16,0.9423562674661503,0.11623548299611415
43006,learned_event_learned_qr,1768,1,101,1,1,0.2455527318542043,0.00022891929459449383
43006,learned_event_learned_qr,1768,1,101,4,4,0.2535025459243246,0.005194519083770344
43006,learned_event_learned_qr,1768,1,101,8,8,0.2238920813436812,0.013944677547080979
43006,learned_event_learned_qr,1768,1,101,16,11,0.5782297661553593,0.01526127652154838
43006,learned_event_learned_qr,1780,1,101,1,1,0.8692155567737735,0.000615640764945384
43006,learned_event_learned_qr,1780,1,101,4,4,1.0810479899617715,0.05552662356383914
43006,learned_event_learned_qr,1780,1,101,8,8,0.7593861471299127,0.04371214306423567
43006,learned_event_learned_qr,1780,1,101,16,9,0.6952012884288061,0.038881824787818584
43006,learned_event_learned_qr,1791,1,101,1,1,0.3355990741145096,0.14687484869128267
43006,learned_event_learned_qr,1791,1,101,4,4,0.4373832376110809,0.05898861218907399
43006,learned_event_learned_qr,1791,1,101,8,8,0.4575720504401855,0.03377760394549359
43006,learned_event_learned_qr,1791,1,101,16,13,1.1394746163478982,0.19251376456817595
43006,learned_event_learned_qr,1805,1,101,1,1,0.5450908028610856,0.03258022421027065
43006,learned_event_learned_qr,1805,1,101,4,4,0.8556170951338569,0.08620624708185429
43006,learned_event_learned_qr,1805,1,101,8,8,0.8422247696978036,0.08088398803905604
43006,learned_event_learned_qr,1805,1,101,16,9,0.8014409487095703,0.08470484595896287
43006,learned_event_learned_qr,1815,1,101,1,1,2.2439565062514832,0.0012823619832579576
43006,learned_event_learned_qr,1815,1,101,4,3,1.1670834672142,0.07492883292543301
43006,learned_event_learned_qr,1815,1,101,8,3,1.1670834672142,0.07492883292543301
43006,learned_event_learned_qr,1815,1,101,16,3,1.1670834672142,0.07492883292543301
43006,learned_event_learned_qr,1819,1,101,1,1,0.3612655788287508,0.004875257906800915
43006,learned_event_learned_qr,1819,1,101,4,4,0.9696816495951929,0.020075176755773076
43006,learned_event_learned_qr,1819,1,101,8,8,0.6966951291483071,0.08289670568873636
43006,learned_event_learned_qr,1819,1,101,16,12,0.8772620119875004,0.07707613153212141
43006,learned_event_learned_qr,1832,1,111,1,1,0.4488491963245207,0.10436068146237455
43006,learned_event_learned_qr,1832,1,111,4,4,0.65775825605946,0.03008009233182531
43006,learned_event_learned_qr,1832,1,111,8,8,0.898460870552653,0.08879839506725158
43006,learned_event_learned_qr,1832,1,111,16,16,0.6696896767814782,0.04833053478581753
43006,learned_event_learned_qr,1861,1,111,1,1,0.7821931577770919,0.005264479972251378
43006,learned_event_learned_qr,1861,1,111,4,2,0.5997879807505072,0.11900153813947419
43006,learned_event_learned_qr,1861,1,111,8,2,0.5997879807505072,0.11900153813947419
43006,learned_event_learned_qr,1861,1,111,16,2,0.5997879807505072,0.11900153813947419
43006,learned_event_learned_qr,1864,1,111,1,1,1.5902929618807549,0.03641647910926257
43006,learned_event_learned_qr,1864,1,111,4,4,0.6741012099954392,0.0449675011944285
43006,learned_event_learned_qr,1864,1,111,8,8,1.0755268202792974,0.08426593647381544
43006,learned_event_learned_qr,1864,1,111,16,14,1.0033760264744216,0.06639312903444387
43006,learned_event_learned_qr,1879,1,111,1,1,1.191370957115198,0.05917481242593661
43006,learned_event_learned_qr,1879,1,111,4,4,0.8409755640453724,0.04154281547631812
43006,learned_event_learned_qr,1879,1,111,8,8,0.6769550593084757,0.050946299133956645
43006,learned_event_learned_qr,1879,1,111,16,16,0.7993876199030937,0.04110853991940211
43006,learned_event_learned_qr,1924,1,111,1,1,0.558579340121048,0.005196233594818204
43006,learned_event_learned_qr,1924,1,111,4,1,0.558579340121048,0.005196233594818204
43006,learned_event_learned_qr,1924,1,111,8,1,0.558579340121048,0.005196233594818204
43006,learned_event_learned_qr,1924,1,111,16,1,0.558579340121048,0.005196233594818204
43006,learned_event_learned_qr,1926,1,111,1,1,0.9346767305087965,0.2479097816707964
43006,learned_event_learned_qr,1926,1,111,4,4,0.9589491411317772,0.07386377104736014
43006,learned_event_learned_qr,1926,1,111,8,4,0.9589491411317772,0.07386377104736014
43006,learned_event_learned_qr,1926,1,111,16,4,0.9589491411317772,0.07386377104736014
43006,learned_event_learned_qr,1931,1,111,1,1,0.7018200033275412,0.025842297069421236
43006,learned_event_learned_qr,1931,1,111,4,3,0.6248949227778625,0.03349780317117714
43006,learned_event_learned_qr,1931,1,111,8,3,0.6248949227778625,0.03349780317117714
43006,learned_event_learned_qr,1931,1,111,16,3,0.6248949227778625,0.03349780317117714
43006,learned_event_learned_qr,1935,1,111,1,1,1.2899328465690625,0.019776465416598474
43006,learned_event_learned_qr,1935,1,111,4,4,0.6623176776369816,0.010974855571649796
43006,learned_event_learned_qr,1935,1,111,8,8,0.5355348089516138,0.033067916957256555
43006,learned_event_learned_qr,1935,1,111,16,16,0.7744176912826238,0.03852610801077672
43006,learned_event_learned_qr,1956,1,110,1,1,0.32108644299468064,0.0019071797008354387
43006,learned_event_learned_qr,1956,1,110,4,4,0.24445965605898567,0.008665046120081272
43006,learned_event_learned_qr,1956,1,110,8,6,0.25518430548322507,0.018764789766368906
43006,learned_event_learned_qr,1956,1,110,16,6,0.25518430548322507,0.018764789766368906
43006,learned_event_learned_qr,1963,1,110,1,1,0.3072110197097823,0.0001711619482623708
43006,learned_event_learned_qr,1963,1,110,4,4,0.46338744876179716,0.02623081919028975
43006,learned_event_learned_qr,1963,1,110,8,8,0.3678279341279084,0.034633984862590256
43006,learned_event_learned_qr,1963,1,110,16,13,0.27312415652652156,0.027168022298474464
43006,learned_event_learned_qr,1977,1,110,1,1,0.5911841901179763,0.048830872520996646
43006,learned_event_learned_qr,1977,1,110,4,4,0.33985292858780874,0.04774847852512145
43006,learned_event_learned_qr,1977,1,110,8,8,0.220409401852611,0.03314443576952987
43006,learned_event_learned_qr,1977,1,110,16,9,0.19469550017045184,0.029639979545759094
43006,learned_event_learned_qr,1987,1,110,1,1,0.05901304456159182,0.00023463755690726019
43006,learned_event_learned_qr,1987,1,110,4,4,0.16575848659375472,0.01264326473836417
43006,learned_event_learned_qr,1987,1,110,8,6,0.06640121849880569,0.009945539128236022
43006,learned_event_learned_qr,1987,1,110,16,6,0.06640121849880569,0.009945539128236022
43006,learned_event_learned_qr,1994,1,110,1,1,0.908971459381628,0.11746931939078
43006,learned_event_learned_qr,1994,1,110,4,4,1.194035429885782,0.031784983122251295
43006,learned_event_learned_qr,1994,1,110,8,8,0.7742725181239716,0.022727635799947042
43006,learned_event_learned_qr,1994,1,110,16,16,0.5066991610167392,0.029106465706155056
43006,learned_event_learned_qr,2012,1,110,1,1,1.4407478956291841,0.02006139091909271
43006,learned_event_learned_qr,2012,1,110,4,4,0.43297047265272787,0.011992397106605825
43006,learned_event_learned_qr,2012,1,110,8,8,0.18817345277439868,0.01122111763503418
43006,learned_event_learned_qr,2012,1,110,16,11,0.19781791730181375,0.014568931152660298
43006,learned_event_learned_qr,2024,1,110,1,1,0.18366599207516474,5.114099542455931e-05
43006,learned_event_learned_qr,2024,1,110,4,4,0.208043681040743,0.005071505012651805
43006,learned_event_learned_qr,2024,1,110,8,8,0.3464703870638415,0.03791662356907115
43006,learned_event_learned_qr,2024,1,110,16,16,0.3180357349381014,0.03061687296228529
43006,learned_event_learned_qr,2042,1,110,1,1,0.052756272717021956,0.00153540617169018
43006,learned_event_learned_qr,2042,1,110,4,4,-0.06949054879120706,0.009486230721765555
43006,learned_event_learned_qr,2042,1,110,8,8,0.09493700285719377,0.007521201980173162
43006,learned_event_learned_qr,2042,1,110,16,9,0.07838173304348495,0.007267693484741982
43006,learned_event_learned_qr,2052,1,110,1,1,0.112211177113686,0.001504152141829118
43006,learned_event_learned_qr,2052,1,110,4,4,0.3287568010557258,0.007168747732306157
43006,learned_event_learned_qr,2052,1,110,8,7,0.4132639723222588,0.032937762135705574
43006,learned_event_learned_qr,2052,1,110,16,7,0.4132639723222588,0.032937762135705574
43006,learned_event_learned_qr,2060,1,110,1,1,-0.25027756024472514,0.013791089573724458
43006,learned_event_learned_qr,2060,1,110,4,1,-0.25027756024472514,0.013791089573724458
43006,learned_event_learned_qr,2060,1,110,8,1,-0.25027756024472514,0.013791089573724458
43006,learned_event_learned_qr,2060,1,110,16,1,-0.25027756024472514,0.013791089573724458
43006,learned_event_learned_qr,2062,1,110,1,1,0.19139786131578018,0.01646757734901229
43006,learned_event_learned_qr,2062,1,110,4,4,0.46358523377252875,0.024908468290774588
43006,learned_event_learned_qr,2062,1,110,8,8,0.1592176956582555,0.014681174230580078
43006,learned_event_learned_qr,2062,1,110,16,12,0.37003815797374706,0.020009755470341135
43006,learned_event_learned_qr,2075,1,110,1,1,1.1196461274339162,0.01604280082239937
43006,learned_event_learned_qr,2075,1,110,4,4,0.9697539809885996,0.047089109053286955
43006,learned_event_learned_qr,2075,1,110,8,4,0.9697539809885996,0.047089109053286955
43006,learned_event_learned_qr,2075,1,110,16,4,0.9697539809885996,0.047089109053286955
43006,learned_event_learned_qr,2080,1,110,1,1,0.17372414166342792,0.003482570556265597
43006,learned_event_learned_qr,2080,1,110,4,4,0.34075394227143807,0.04808235020942835
43006,learned_event_learned_qr,2080,1,110,8,8,0.3985870767220977,0.03744392644830097
43006,learned_event_learned_qr,2080,1,110,16,16,0.1776235808985391,0.023261686099780583
43006,learned_event_learned_qr,2142,1,110,1,1,-0.35457692734417834,0.0008485310782053989
43006,learned_event_learned_qr,2142,1,110,4,2,1.3773018028328403,0.029620594256444928
43006,learned_event_learned_qr,2142,1,110,8,2,1.3773018028328403,0.029620594256444928
43006,learned_event_learned_qr,2142,1,110,16,2,1.3773018028328403,0.029620594256444928
43006,learned_event_learned_qr,2145,1,110,1,1,-0.14655212170557996,0.0018075477837949246
43006,learned_event_learned_qr,2145,1,110,4,4,0.9315191553027431,0.033854614210400175
43006,learned_event_learned_qr,2145,1,110,8,7,0.6379143950933738,0.024018951319946868
43006,learned_event_learned_qr,2145,1,110,16,7,0.6379143950933738,0.024018951319946868
43006,learned_event_learned_qr,2153,1,110,1,1,-0.12390084877419873,0.008618955347207663
43006,learned_event_learned_qr,2153,1,110,4,4,0.41377455071464814,0.04058085262243541
43006,learned_event_learned_qr,2153,1,110,8,5,0.283392726898937,0.033569284482643395
43006,learned_event_learned_qr,2153,1,110,16,5,0.283392726898937,0.033569284482643395
43006,learned_event_learned_qr,2159,1,110,1,1,0.7334628180896012,0.023348800974582935
43006,learned_event_learned_qr,2159,1,110,4,4,0.11237012050548512,0.015091065414606813
43006,learned_event_learned_qr,2159,1,110,8,8,0.07506637437327826,0.018238413323985233
43006,learned_event_learned_qr,2159,1,110,16,16,0.04590239799882147,0.024824226507446152
43006,learned_event_learned_qr,2194,1,011,1,1,0.4232657381291047,0.5934400339808951
43006,learned_event_learned_qr,2194,1,011,4,4,0.6151912562243311,0.19633640701165378
43006,learned_event_learned_qr,2194,1,011,8,8,0.9089767351108566,0.1375519651512465
43006,learned_event_learned_qr,2194,1,011,16,16,0.9295638834976891,0.14677577677730386
43006,learned_event_learned_qr,2346,2,110,1,1,1.595673872659116,0.06997606864833347
43006,learned_event_learned_qr,2346,2,110,4,4,0.62976890698786,0.03620058892834495
43006,learned_event_learned_qr,2346,2,110,8,8,0.5088793180180948,0.0216351105113473
43006,learned_event_learned_qr,2346,2,110,16,16,0.2212287286168388,0.013194593716863693
43006,learned_event_learned_qr,2367,2,110,1,1,1.257081026694019,0.0010075616509769155
43006,learned_event_learned_qr,2367,2,110,4,4,0.2855354675121093,0.021811917147162945
43006,learned_event_learned_qr,2367,2,110,8,8,0.7550105309567774,0.013673040034211418
43006,learned_event_learned_qr,2367,2,110,16,16,0.7724386136599547,0.022940072665088938
43006,learned_event_learned_qr,2396,2,111,1,1,0.4352319929063582,0.01251183915142828
43006,learned_event_learned_qr,2396,2,111,4,2,0.3851470466399688,0.00849241120033584
43006,learned_event_learned_qr,2396,2,111,8,2,0.3851470466399688,0.00849241120033584
43006,learned_event_learned_qr,2396,2,111,16,2,0.3851470466399688,0.00849241120033584
43006,learned_event_learned_qr,2400,2,111,1,1,1.1392579115809178,0.1050138811878193
43006,learned_event_learned_qr,2400,2,111,4,4,0.7611339802775534,0.07354840236952682
43006,learned_event_learned_qr,2400,2,111,8,8,0.621318693312566,0.05476162270625989
43006,learned_event_learned_qr,2400,2,111,16,16,0.654267497771396,0.03650488785659611
43006,learned_event_learned_qr,2435,2,111,1,1,2.2295947406197376,0.044403201297494165
43006,learned_event_learned_qr,2435,2,111,4,1,2.2295947406197376,0.044403201297494165
43006,learned_event_learned_qr,2435,2,111,8,1,2.2295947406197376,0.044403201297494165
43006,learned_event_learned_qr,2435,2,111,16,1,2.2295947406197376,0.044403201297494165
43006,learned_event_learned_qr,2437,2,111,1,1,0.6275545329141287,0.06253028707725418
43006,learned_event_learned_qr,2437,2,111,4,4,0.5064522173051661,0.028005976560301824
43006,learned_event_learned_qr,2437,2,111,8,8,0.5621268213604391,0.014275968907949948
43006,learned_event_learned_qr,2437,2,111,16,14,0.8423079464676578,0.039503897980522326
43006,learned_event_learned_qr,2452,2,111,1,1,0.9201672298686304,0.058400787508514365
43006,learned_event_learned_qr,2452,2,111,4,1,0.9201672298686304,0.058400787508514365
43006,learned_event_learned_qr,2452,2,111,8,1,0.9201672298686304,0.058400787508514365
43006,learned_event_learned_qr,2452,2,111,16,1,0.9201672298686304,0.058400787508514365
43006,learned_event_learned_qr,2454,2,111,1,1,0.7939125468874509,0.2459026840043842
43006,learned_event_learned_qr,2454,2,111,4,3,0.8042253835172773,0.12462937872383018
43006,learned_event_learned_qr,2454,2,111,8,3,0.8042253835172773,0.12462937872383018
43006,learned_event_learned_qr,2454,2,111,16,3,0.8042253835172773,0.12462937872383018
43006,learned_event_learned_qr,2458,2,111,1,1,0.8369401772222805,0.11863674730877938
43006,learned_event_learned_qr,2458,2,111,4,4,1.4449354887986792,0.10120611956631495
43006,learned_event_learned_qr,2458,2,111,8,5,1.2862743420969553,0.08510091333428058
43006,learned_event_learned_qr,2458,2,111,16,5,1.2862743420969553,0.08510091333428058
43006,learned_event_learned_qr,2464,2,111,1,1,0.6486718706286123,0.16143287224361882
43006,learned_event_learned_qr,2464,2,111,4,1,0.6486718706286123,0.16143287224361882
43006,learned_event_learned_qr,2464,2,111,8,1,0.6486718706286123,0.16143287224361882
43006,learned_event_learned_qr,2464,2,111,16,1,0.6486718706286123,0.16143287224361882
43006,learned_event_learned_qr,2466,2,111,1,1,0.6528009658595376,0.06050010700377895
43006,learned_event_learned_qr,2466,2,111,4,4,0.5917124999743952,0.06475408976252141
43006,learned_event_learned_qr,2466,2,111,8,8,0.7010501517515604,0.047256734172194906
43006,learned_event_learned_qr,2466,2,111,16,16,0.6585488468145503,0.03179970207861453
43006,learned_event_learned_qr,2489,2,111,1,1,1.002733391704044,0.0005230052217854884
43006,learned_event_learned_qr,2489,2,111,4,4,0.5968101314989128,0.07033902013447252
43006,learned_event_learned_qr,2489,2,111,8,8,0.6434568147956936,0.048127893508122806
43006,learned_event_learned_qr,2489,2,111,16,16,0.6801154877658304,0.036627798065930015
43006,learned_event_learned_qr,2508,2,111,1,1,0.4780666157355874,0.1917905468110459
43006,learned_event_learned_qr,2508,2,111,4,4,1.6877644140201227,0.4288198290062298
43006,learned_event_learned_qr,2508,2,111,8,7,1.3367272559925323,0.30724069058732434
43006,learned_event_learned_qr,2508,2,111,16,7,1.3367272559925323,0.30724069058732434
43006,learned_event_learned_qr,2516,2,111,1,1,0.8068649622271743,0.2507616217927611
43006,learned_event_learned_qr,2516,2,111,4,4,0.7814688579981162,0.15471493688630286
43006,learned_event_learned_qr,2516,2,111,8,8,0.6834519569793107,0.09045838223070077
43006,learned_event_learned_qr,2516,2,111,16,8,0.6834519569793107,0.09045838223070077
43006,learned_event_learned_qr,2525,2,111,1,1,1.429789671663691,0.06294998030487968
43006,learned_event_learned_qr,2525,2,111,4,4,1.033669446794039,0.05263916102751085
43006,learned_event_learned_qr,2525,2,111,8,8,0.7652711191725409,0.03634260145769797
43006,learned_event_learned_qr,2525,2,111,16,8,0.7652711191725409,0.03634260145769797
43006,learned_event_learned_qr,2534,2,111,1,1,1.4059095405720028,0.04909136353374119
43006,learned_event_learned_qr,2534,2,111,4,3,0.756630761501818,0.08187204316879723
43006,learned_event_learned_qr,2534,2,111,8,3,0.756630761501818,0.08187204316879723
43006,learned_event_learned_qr,2534,2,111,16,3,0.756630761501818,0.08187204316879723
43006,learned_event_learned_qr,2539,2,111,1,1,0.7743498231054663,0.0024985753733303734
43006,learned_event_learned_qr,2539,2,111,4,4,0.5248458016790176,0.016435734676723733
43006,learned_event_learned_qr,2539,2,111,8,8,0.8340178547225287,0.02581979923991873
43006,learned_event_learned_qr,2539,2,111,16,10,0.802085451717058,0.02765135069778043
43006,learned_event_learned_qr,2550,2,111,1,1,1.2323260794577657,0.6105503788495008
43006,learned_event_learned_qr,2550,2,111,4,4,1.6397510389503203,0.22827504107227742
43006,learned_event_learned_qr,2550,2,111,8,8,1.2213462833652615,0.12704040608328945
43006,learned_event_learned_qr,2550,2,111,16,8,1.2213462833652615,0.12704040608328945
43006,learned_event_learned_qr,2559,2,111,1,1,1.6692839037141747,0.013387269353041594
43006,learned_event_learned_qr,2559,2,111,4,4,1.0456731922299785,0.0957195150275166
43006,learned_event_learned_qr,2559,2,111,8,8,0.781311689116412,0.08344817916612349
43006,learned_event_learned_qr,2559,2,111,16,16,0.8720841727694796,0.056019141551020085
43006,learned_event_learned_qr,2590,2,101,1,1,0.4729779443630824,0.017254207508619675
43006,learned_event_learned_qr,2590,2,101,4,4,0.675423980844981,0.02555735862827517
43006,learned_event_learned_qr,2590,2,101,8,8,0.7280469784916691,0.02667232624043208
43006,learned_event_learned_qr,2590,2,101,16,16,0.8449327402852457,0.04345379778734855
43006,learned_event_learned_qr,2617,2,101,1,1,1.7392515920177674,0.4866499552767483
43006,learned_event_learned_qr,2617,2,101,4,4,1.5724568334692708,0.13823596933024546
43006,learned_event_learned_qr,2617,2,101,8,8,1.1079383711997481,0.07887099461193661
43006,learned_event_learned_qr,2617,2,101,16,16,0.8302873273177023,0.0916655470574223
43006,learned_event_learned_qr,2639,2,101,1,1,0.5903203890480202,0.3157516294635451
43006,learned_event_learned_qr,2639,2,101,4,1,0.5903203890480202,0.3157516294635451
43006,learned_event_learned_qr,2639,2,101,8,1,0.5903203890480202,0.3157516294635451
43006,learned_event_learned_qr,2639,2,101,16,1,0.5903203890480202,0.3157516294635451
43006,learned_event_learned_qr,2641,2,101,1,1,0.4546650393759877,0.006410284372465446
43006,learned_event_learned_qr,2641,2,101,4,4,0.6046430649378348,0.04188843619266401
43006,learned_event_learned_qr,2641,2,101,8,8,0.6838390351314152,0.037999710482137405
43006,learned_event_learned_qr,2641,2,101,16,16,0.8318314248169598,0.03046332021189778
43006,learned_event_learned_qr,2667,2,101,1,1,1.2045288213434469,0.047344643397958706
43006,learned_event_learned_qr,2667,2,101,4,3,1.1213902851898185,0.046085894610182386
43006,learned_event_learned_qr,2667,2,101,8,3,1.1213902851898185,0.046085894610182386
43006,learned_event_learned_qr,2667,2,101,16,3,1.1213902851898185,0.046085894610182386
43006,learned_event_learned_qr,2671,2,101,1,1,0.7418333297095211,0.05841875520682712
43006,learned_event_learned_qr,2671,2,101,4,4,0.6736778788864413,0.017435003003871265
43006,learned_event_learned_qr,2671,2,101,8,8,0.5189825178961223,0.013479970592539237
43006,learned_event_learned_qr,2671,2,101,16,16,0.4871407921203247,0.02545570324706077
43006,learned_event_learned_qr,2795,2,011,1,1,1.047561241684513,0.2613908976041997
43006,learned_event_learned_qr,2795,2,011,4,4,0.7690416649161114,0.0834232054060179
43006,learned_event_learned_qr,2795,2,011,8,8,0.8046944289941662,0.05077003096169682
43006,learned_event_learned_qr,2795,2,011,16,16,0.8098798393826241,0.05770539075802185
43006,learned_event_learned_qr,2820,2,110,1,1,0.997035737848493,0.0965177343121291
43006,learned_event_learned_qr,2820,2,110,4,4,0.5578267778960029,0.028424387275783537
43006,learned_event_learned_qr,2820,2,110,8,4,0.5578267778960029,0.028424387275783537
43006,learned_event_learned_qr,2820,2,110,16,4,0.5578267778960029,0.028424387275783537
43006,learned_event_learned_qr,2825,2,110,1,1,0.4032659246083132,0.0008493175939044342
43006,learned_event_learned_qr,2825,2,110,4,4,0.3860683725400032,0.04218149505176223
43006,learned_event_learned_qr,2825,2,110,8,4,0.3860683725400032,0.04218149505176223
43006,learned_event_learned_qr,2825,2,110,16,4,0.3860683725400032,0.04218149505176223
43006,learned_event_learned_qr,2830,2,110,1,1,0.3677895256586921,6.0206962051370104e-06
43006,learned_event_learned_qr,2830,2,110,4,4,0.46566148757922715,0.007696249950052667
43006,learned_event_learned_qr,2830,2,110,8,8,0.5171516939605797,0.031802026252813524
43006,learned_event_learned_qr,2830,2,110,16,8,0.5171516939605797,0.031802026252813524
43006,learned_event_learned_qr,2839,2,110,1,1,0.12819545554372735,0.010581944271339096
43006,learned_event_learned_qr,2839,2,110,4,1,0.12819545554372735,0.010581944271339096
43006,learned_event_learned_qr,2839,2,110,8,1,0.12819545554372735,0.010581944271339096
43006,learned_event_learned_qr,2839,2,110,16,1,0.12819545554372735,0.010581944271339096
43006,learned_event_learned_qr,2841,2,110,1,1,0.6172030217619247,0.02024571343102923
43006,learned_event_learned_qr,2841,2,110,4,4,0.22801935785183003,0.009092746535314684
43006,learned_event_learned_qr,2841,2,110,8,6,0.21105995298081526,0.013022797080757204
43006,learned_event_learned_qr,2841,2,110,16,6,0.21105995298081526,0.013022797080757204
43006,learned_event_learned_qr,2848,2,110,1,1,0.10967669843719682,0.017471692974885846
43006,learned_event_learned_qr,2848,2,110,4,2,0.047603192601879035,0.026894372364509207
43006,learned_event_learned_qr,2848,2,110,8,2,0.047603192601879035,0.026894372364509207
43006,learned_event_learned_qr,2848,2,110,16,2,0.047603192601879035,0.026894372364509207
43006,learned_event_learned_qr,2851,2,110,1,1,0.1884878467423632,1.1310694127564414e-05
43006,learned_event_learned_qr,2851,2,110,4,4,0.6797847951165207,0.07606917802982426
43006,learned_event_learned_qr,2851,2,110,8,6,0.49605992943061844,0.058681064734392586
43006,learned_event_learned_qr,2851,2,110,16,6,0.49605992943061844,0.058681064734392586
43006,learned_event_learned_qr,2858,2,110,1,1,0.23330781801676628,0.012211403313832013
43006,learned_event_learned_qr,2858,2,110,4,4,0.050051371210879894,0.005731395021873219
43006,learned_event_learned_qr,2858,2,110,8,8,0.09333459252060508,0.018249435612139868
43006,learned_event_learned_qr,2858,2,110,16,15,0.25099356039698656,0.02062185031130632
43006,learned_event_learned_qr,2875,2,110,1,1,0.5037130833983908,0.019871927792761496
43006,learned_event_learned_qr,2875,2,110,4,1,0.5037130833983908,0.019871927792761496
43006,learned_event_learned_qr,2875,2,110,8,1,0.5037130833983908,0.019871927792761496
43006,learned_event_learned_qr,2875,2,110,16,1,0.5037130833983908,0.019871927792761496
43006,learned_event_learned_qr,2877,2,110,1,1,0.08306337567713616,0.01117505095258517
43006,learned_event_learned_qr,2877,2,110,4,4,0.18135338416645252,0.01698968621299136
43006,learned_event_learned_qr,2877,2,110,8,8,0.0766587186512624,0.012221582425950325
43006,learned_event_learned_qr,2877,2,110,16,16,-0.004458255086097956,0.016025112924592817
43006,learned_event_learned_qr,2914,2,110,1,1,0.4220214142036301,0.015293972350350949
43006,learned_event_learned_qr,2914,2,110,4,4,0.874992300960481,0.025727417218795866
43006,learned_event_learned_qr,2914,2,110,8,8,0.4212397112986971,0.0169720432125918
43006,learned_event_learned_qr,2914,2,110,16,16,0.4249221028168889,0.026746299049123182
43006,learned_event_learned_qr,2959,2,110,1,1,-0.20620232101582028,0.0016725113096856064
43006,learned_event_learned_qr,2959,2,110,4,2,-0.2541166740680267,0.004208185276733989
43006,learned_event_learned_qr,2959,2,110,8,2,-0.2541166740680267,0.004208185276733989
43006,learned_event_learned_qr,2959,2,110,16,2,-0.2541166740680267,0.004208185276733989
43006,learned_event_learned_qr,2962,2,110,1,1,-0.06667638227594276,4.192571560815839e-06
43006,learned_event_learned_qr,2962,2,110,4,4,-0.16829206205738562,0.006313611126524135
43006,learned_event_learned_qr,2962,2,110,8,8,-0.0481585640766765,0.013940949235443473
43006,learned_event_learned_qr,2962,2,110,16,16,-0.04211823253282934,0.01361018803078733
43006,learned_event_learned_qr,2982,2,110,1,1,0.097764863470841,1.9760761814489066e-05
43006,learned_event_learned_qr,2982,2,110,4,4,0.2613214216752431,0.01766006649409859
43006,learned_event_learned_qr,2982,2,110,8,8,0.0037610920052132957,0.01392443797803548
43006,learned_event_learned_qr,2982,2,110,16,16,-0.006256183740517077,0.01593264962050977
43006,learned_event_learned_qr,3011,2,110,1,1,3.1675654881934263,0.09493892385275933
43006,learned_event_learned_qr,3011,2,110,4,4,1.071918450581808,0.042844893634251216
43006,learned_event_learned_qr,3011,2,110,8,8,0.6901324516057353,0.04844591316381204
43006,learned_event_learned_qr,3011,2,110,16,16,0.47316080192042315,0.033743242828841405
43006,learned_event_learned_qr,3064,2,111,1,1,2.904353593313313,0.030123972869202827
43006,learned_event_learned_qr,3064,2,111,4,4,1.9845968581940496,0.10995343504144334
43006,learned_event_learned_qr,3064,2,111,8,8,1.922609096415858,0.07687241173738467
43006,learned_event_learned_qr,3064,2,111,16,16,1.2401981061112237,0.0663040455682578
43006,learned_event_learned_qr,3136,2,101,1,1,0.521276402488309,0.05967924373754368
43006,learned_event_learned_qr,3136,2,101,4,4,0.40698128199953293,0.05695850113361993
43006,learned_event_learned_qr,3136,2,101,8,8,0.4678660004542503,0.06008424603947317
43006,learned_event_learned_qr,3136,2,101,16,13,0.5173798210751956,0.04693316947202886
43006,learned_event_learned_qr,3150,2,101,1,1,0.34752642938359923,0.07082264670538009
43006,learned_event_learned_qr,3150,2,101,4,4,0.4888475187660748,0.028269363544932574
43006,learned_event_learned_qr,3150,2,101,8,8,0.39353416088244164,0.040373430646296574
43006,learned_event_learned_qr,3150,2,101,16,11,0.31840864298734206,0.03821008641579037
43006,learned_event_learned_qr,3162,2,101,1,1,0.39274574460660777,0.005955231263440514
43006,learned_event_learned_qr,3162,2,101,4,4,0.24038906659687348,0.0166959713525457
43006,learned_event_learned_qr,3162,2,101,8,8,0.19604217484055608,0.0199103342477423
43006,learned_event_learned_qr,3162,2,101,16,8,0.19604217484055608,0.0199103342477423
43006,learned_event_learned_qr,3171,2,101,1,1,1.2295977168735626,0.10524467031829376
43006,learned_event_learned_qr,3171,2,101,4,4,0.8846239779330167,0.028246583100660812
43006,learned_event_learned_qr,3171,2,101,8,8,0.4362803861783346,0.018229164044329293
43006,learned_event_learned_qr,3171,2,101,16,16,0.42867699357902544,0.015372447872281323
43006,learned_event_learned_qr,3209,2,101,1,1,0.17042379530156002,0.06905405610434899
43006,learned_event_learned_qr,3209,2,101,4,4,0.46484716656394287,0.050639719343758924
43006,learned_event_learned_qr,3209,2,101,8,8,0.7119212493573804,0.047199085272367255
43006,learned_event_learned_qr,3209,2,101,16,16,0.739094267288142,0.034726596176666694
43006,learned_event_learned_qr,3398,2,101,1,1,3.2902897741817854,0.12090630634917846
43006,learned_event_learned_qr,3398,2,101,4,4,1.5266905175358474,0.0660547880550514
43006,learned_event_learned_qr,3398,2,101,8,8,1.0495415989743764,0.037418105272083474
43006,learned_event_learned_qr,3398,2,101,16,16,1.0311396867098186,0.0424632484681797
43006,learned_event_learned_qr,3425,2,101,1,1,3.0068916417400713,0.8157362743167303
43006,learned_event_learned_qr,3425,2,101,4,4,1.6199092165534918,0.4027822121448097
43006,learned_event_learned_qr,3425,2,101,8,8,1.1071574991565414,0.21526005070047868
43006,learned_event_learned_qr,3425,2,101,16,16,0.8469484810787604,0.12609462605403435
43006,learned_event_learned_qr,3446,2,101,1,1,2.3867843626228713,0.798999574280781
43006,learned_event_learned_qr,3446,2,101,4,4,1.328875045616469,0.36776595218547403
43006,learned_event_learned_qr,3446,2,101,8,8,0.9410505273159246,0.18614761539141034
43006,learned_event_learned_qr,3446,2,101,16,9,0.8831630137632377,0.16606970710609512
43006,learned_event_learned_qr,3474,3,101,1,1,0.5724365896873389,0.0023093914029175097
43006,learned_event_learned_qr,3474,3,101,4,2,0.39829156485393674,0.029568022738321816
43006,learned_event_learned_qr,3474,3,101,8,2,0.39829156485393674,0.029568022738321816
43006,learned_event_learned_qr,3474,3,101,16,2,0.39829156485393674,0.029568022738321816
43006,learned_event_learned_qr,3477,3,101,1,1,4.897977629734779,0.3537046458453835
43006,learned_event_learned_qr,3477,3,101,4,4,2.0649684516246336,0.1590455100489363
43006,learned_event_learned_qr,3477,3,101,8,8,1.458667020597296,0.16988155832231416
43006,learned_event_learned_qr,3477,3,101,16,14,1.253960183634246,0.2303000331959973
43006,learned_event_learned_qr,3492,3,101,1,1,0.9067841436634326,0.2918944971771364
43006,learned_event_learned_qr,3492,3,101,4,4,1.2467609154230004,0.11909142844214536
43006,learned_event_learned_qr,3492,3,101,8,8,0.9647329507060763,0.09159205353247449
43006,learned_event_learned_qr,3492,3,101,16,15,0.8205806660771846,0.08441147559065586
43006,learned_event_learned_qr,3508,3,101,1,1,1.413647327953296,0.32787659619379905
43006,learned_event_learned_qr,3508,3,101,4,1,1.413647327953296,0.32787659619379905
43006,learned_event_learned_qr,3508,3,101,8,1,1.413647327953296,0.32787659619379905
43006,learned_event_learned_qr,3508,3,101,16,1,1.413647327953296,0.32787659619379905
43006,learned_event_learned_qr,3510,3,101,1,1,1.1383078506095061,0.10399557751989379
43006,learned_event_learned_qr,3510,3,101,4,4,0.6903968952101084,0.04373508852427549
43006,learned_event_learned_qr,3510,3,101,8,8,0.5566565582317706,0.030084902317194902
43006,learned_event_learned_qr,3510,3,101,16,11,0.6958079413912355,0.02988102567010431
43006,learned_event_learned_qr,3522,3,101,1,1,0.4034968347865943,0.041189761677756766
43006,learned_event_learned_qr,3522,3,101,4,4,0.27051621779636326,0.029100340288335844
43006,learned_event_learned_qr,3522,3,101,8,8,0.3840047929712166,0.02916744166451037
43006,learned_event_learned_qr,3522,3,101,16,10,0.434227984160528,0.02784181232921501
43006,learned_event_learned_qr,3533,3,101,1,1,0.19216908456624748,0.03741838767730172
43006,learned_event_learned_qr,3533,3,101,4,4,0.48281971969107873,0.02594273152440403
43006,learned_event_learned_qr,3533,3,101,8,8,0.3291143350664112,0.0364757988825535
43006,learned_event_learned_qr,3533,3,101,16,12,0.872092393810409,0.1050261419762583
43006,learned_event_learned_qr,3546,3,101,1,1,0.6325339461615314,0.14436564640247784
43006,learned_event_learned_qr,3546,3,101,4,1,0.6325339461615314,0.14436564640247784
43006,learned_event_learned_qr,3546,3,101,8,1,0.6325339461615314,0.14436564640247784
43006,learned_event_learned_qr,3546,3,101,16,1,0.6325339461615314,0.14436564640247784
43006,learned_event_learned_qr,3548,3,101,1,1,1.269715590572273,0.010955126383355893
43006,learned_event_learned_qr,3548,3,101,4,4,0.5515736226398089,0.008513958078836079
43006,learned_event_learned_qr,3548,3,101,8,8,0.7180072876548365,0.02429441138730874
43006,learned_event_learned_qr,3548,3,101,16,16,0.8099917276963227,0.04435318747418032
43006,learned_event_learned_qr,3572,3,111,1,1,0.6209394831893317,0.04703483505516712
43006,learned_event_learned_qr,3572,3,111,4,4,0.8959685707942839,0.05596721914582033
43006,learned_event_learned_qr,3572,3,111,8,8,1.1553069098099615,0.09310463388666153
43006,learned_event_learned_qr,3572,3,111,16,14,1.075154731647039,0.07529636379999373
43006,learned_event_learned_qr,3587,3,111,1,1,0.5787452612080908,0.005017656119426957
43006,learned_event_learned_qr,3587,3,111,4,4,0.51054911526569,0.004319040023404445
43006,learned_event_learned_qr,3587,3,111,8,5,0.5512094618764757,0.003551210580055481
43006,learned_event_learned_qr,3587,3,111,16,5,0.5512094618764757,0.003551210580055481
43006,learned_event_learned_qr,3593,3,111,1,1,1.13533045022549,0.0347305242924398
43006,learned_event_learned_qr,3593,3,111,4,4,1.2700880106913297,0.0658372419792706
43006,learned_event_learned_qr,3593,3,111,8,8,1.2817052360628032,0.0909689219999033
43006,learned_event_learned_qr,3593,3,111,16,16,1.0361462519544145,0.11354078984619038
43006,learned_event_learned_qr,3632,3,111,1,1,0.4129679217574774,0.07501178942838764
43006,learned_event_learned_qr,3632,3,111,4,4,0.5931336334611601,0.026134661214319094
43006,learned_event_learned_qr,3632,3,111,8,8,1.019013839394955,0.07270039206304951
43006,learned_event_learned_qr,3632,3,111,16,9,0.9646823957853664,0.06462258552878371
43006,learned_event_learned_qr,3642,3,111,1,1,1.1004542950227187,0.0037170620768432086
43006,learned_event_learned_qr,3642,3,111,4,4,1.0704956703553623,0.15116464313162256
43006,learned_event_learned_qr,3642,3,111,8,7,0.8113116247874951,0.15779495102968724
43006,learned_event_learned_qr,3642,3,111,16,7,0.8113116247874951,0.15779495102968724
43006,learned_event_learned_qr,3650,3,111,1,1,0.6805938986874036,0.03818865991369863
43006,learned_event_learned_qr,3650,3,111,4,4,1.093346437603027,0.17000634019213878
43006,learned_event_learned_qr,3650,3,111,8,8,0.7926788474098476,0.0991539033230133
43006,learned_event_learned_qr,3650,3,111,16,16,0.7403946819038391,0.07823628826346947
43006,learned_event_learned_qr,3692,3,110,1,1,0.3505634158091377,0.009326812385470977
43006,learned_event_learned_qr,3692,3,110,4,4,0.2969770736186411,0.018123379416553127
43006,learned_event_learned_qr,3692,3,110,8,8,0.2978521905633469,0.017791152754376892
43006,learned_event_learned_qr,3692,3,110,16,9,0.3038050959246319,0.028110614196649644
43006,learned_event_learned_qr,3703,3,110,1,1,0.8224231724126383,0.07719029890118245
43006,learned_event_learned_qr,3703,3,110,4,4,0.3898576127593534,0.0349188898989531
43006,learned_event_learned_qr,3703,3,110,8,8,0.24700038714912553,0.02540247844471871
43006,learned_event_learned_qr,3703,3,110,16,16,0.13230683305725113,0.019196719298138806
43006,learned_event_learned_qr,3723,3,110,1,1,-0.1294440305878795,0.000212484781385519
43006,learned_event_learned_qr,3723,3,110,4,1,-0.1294440305878795,0.000212484781385519
43006,learned_event_learned_qr,3723,3,110,8,1,-0.1294440305878795,0.000212484781385519
43006,learned_event_learned_qr,3723,3,110,16,1,-0.1294440305878795,0.000212484781385519
43006,learned_event_learned_qr,3725,3,110,1,1,0.3788541455079226,0.014448377234158451
43006,learned_event_learned_qr,3725,3,110,4,4,-0.06957444967880796,0.007985788353743951
43006,learned_event_learned_qr,3725,3,110,8,8,-0.020907296189759252,0.009101497404361737
43006,learned_event_learned_qr,3725,3,110,16,16,0.11588057263285415,0.014335747556524892
43006,learned_event_learned_qr,3755,3,110,1,1,-0.18169140595263752,0.0057449837518718985
43006,learned_event_learned_qr,3755,3,110,4,4,-0.00933134484932785,0.00645015955202588
43006,learned_event_learned_qr,3755,3,110,8,8,0.3219184933232743,0.013177756831764632
43006,learned_event_learned_qr,3755,3,110,16,13,0.22224878527766956,0.013907695040682812
43006,learned_event_learned_qr,3769,3,110,1,1,1.3988474339276957,0.0327859019360629
43006,learned_event_learned_qr,3769,3,110,4,4,0.20925090026526527,0.013574958458357387
43006,learned_event_learned_qr,3769,3,110,8,8,0.6737362729663778,0.15149303544869017
43006,learned_event_learned_qr,3769,3,110,16,16,1.37271851038488,0.11168314854177419
43006,learned_event_learned_qr,3791,3,111,1,1,0.471669424182289,0.3310032128666518
43006,learned_event_learned_qr,3791,3,111,4,4,1.7271163312002151,0.13190711598121227
43006,learned_event_learned_qr,3791,3,111,8,8,1.016221274503395,0.09178564064419628
43006,learned_event_learned_qr,3791,3,111,16,16,0.8033358509941898,0.06694307206622635
43006,learned_event_learned_qr,3811,3,111,1,1,0.2866019855978248,0.12035797269457428
43006,learned_event_learned_qr,3811,3,111,4,4,1.0044565629819775,0.36051089996737773
43006,learned_event_learned_qr,3811,3,111,8,4,1.0044565629819775,0.36051089996737773
43006,learned_event_learned_qr,3811,3,111,16,4,1.0044565629819775,0.36051089996737773
43006,learned_event_learned_qr,3816,3,111,1,1,3.000896445324761,0.08729484458031692
43006,learned_event_learned_qr,3816,3,111,4,4,1.3422028760328453,0.0427592810820614
43006,learned_event_learned_qr,3816,3,111,8,8,1.133428604650804,0.0396673837910981
43006,learned_event_learned_qr,3816,3,111,16,12,0.8682446725046767,0.03242376965120739
43006,learned_event_learned_qr,3829,3,111,1,1,2.6478694897951853,0.009831905926644307
43006,learned_event_learned_qr,3829,3,111,4,4,1.3318376253278479,0.0427006696325562
43006,learned_event_learned_qr,3829,3,111,8,8,1.2623566109776285,0.035750794628766805
43006,learned_event_learned_qr,3829,3,111,16,16,1.0811519749888918,0.03362463819968612
43006,learned_event_learned_qr,3858,3,101,1,1,0.46492134401417445,0.030182241291029383
43006,learned_event_learned_qr,3858,3,101,4,4,0.6852938028385227,0.04321469149794527
43006,learned_event_learned_qr,3858,3,101,8,7,0.8514562988101745,0.04306393893835968
43006,learned_event_learned_qr,3858,3,101,16,7,0.8514562988101745,0.04306393893835968
43006,learned_event_learned_qr,3866,3,101,1,1,1.4186007036264585,0.016341557623744372
43006,learned_event_learned_qr,3866,3,101,4,4,0.7050981118547711,0.006217529835986453
43006,learned_event_learned_qr,3866,3,101,8,8,0.7372357640573843,0.009685005298827635
43006,learned_event_learned_qr,3866,3,101,16,16,0.6252108038170684,0.018595187959066825
43006,learned_event_learned_qr,4072,3,011,1,1,0.4883875330258654,0.02113972181673632
43006,learned_event_learned_qr,4072,3,011,4,4,0.7401558140244331,0.15693036793535292
43006,learned_event_learned_qr,4072,3,011,8,8,0.8736734018598687,0.11605865892074152
43006,learned_event_learned_qr,4072,3,011,16,16,1.117514738566669,0.1251484166463837
43006,learned_event_learned_qr,4135,3,110,1,1,0.7819324589814806,0.0017121197703856077
43006,learned_event_learned_qr,4135,3,110,4,2,0.8189852804040441,0.034038214878822956
43006,learned_event_learned_qr,4135,3,110,8,2,0.8189852804040441,0.034038214878822956
43006,learned_event_learned_qr,4135,3,110,16,2,0.8189852804040441,0.034038214878822956
43006,learned_event_learned_qr,4138,3,110,1,1,0.45967590490272425,0.04089209630267057
43006,learned_event_learned_qr,4138,3,110,4,4,0.15657346847696743,0.024382212597401472
43006,learned_event_learned_qr,4138,3,110,8,5,0.11454009674763443,0.022067740247828288
43006,learned_event_learned_qr,4138,3,110,16,5,0.11454009674763443,0.022067740247828288
43006,learned_event_learned_qr,4144,3,110,1,1,0.2191627792323,0.0029619849901365448
43006,learned_event_learned_qr,4144,3,110,4,4,0.056140415191948824,0.008755891070950584
43006,learned_event_learned_qr,4144,3,110,8,5,0.044709746175825356,0.021494902805379808
43006,learned_event_learned_qr,4144,3,110,16,5,0.044709746175825356,0.021494902805379808
43006,learned_event_learned_qr,4150,3,110,1,1,0.0003620174933581955,0.00032558984399251427
43006,learned_event_learned_qr,4150,3,110,4,4,0.7178205022288752,0.06623537094883729
43006,learned_event_learned_qr,4150,3,110,8,8,0.5883148047762508,0.04288511581735984
43006,learned_event_learned_qr,4150,3,110,16,16,0.508235742171219,0.029809612636810784
43006,learned_event_learned_qr,4181,3,110,1,1,0.08336667323916383,0.0035371933014314853
43006,learned_event_learned_qr,4181,3,110,4,4,0.30679165539330866,0.05027501482681366
43006,learned_event_learned_qr,4181,3,110,8,8,0.32071565067861507,0.0490153532045855
43006,learned_event_learned_qr,4181,3,110,16,11,0.30205860557063896,0.049081481138876455
43006,learned_event_learned_qr,4193,3,101,1,1,1.3858815164465985,0.0006445703236711896
43006,learned_event_learned_qr,4193,3,101,4,4,0.7537106062397146,0.023249285080261056
43006,learned_event_learned_qr,4193,3,101,8,8,0.6324367640529749,0.0429091200209684
43006,learned_event_learned_qr,4193,3,101,16,8,0.6324367640529749,0.0429091200209684
43006,learned_event_learned_qr,4202,3,101,1,1,0.08880450374868121,0.0003739507845837709
43006,learned_event_learned_qr,4202,3,101,4,4,0.1949146470846176,0.005420045873333244
43006,learned_event_learned_qr,4202,3,101,8,8,0.38378653905794413,0.0395353422820095
43006,learned_event_learned_qr,4202,3,101,16,16,0.6514853026062867,0.05487726586086249
43006,learned_event_learned_qr,4222,3,101,1,1,0.5984008319899277,0.010176029866614344
43006,learned_event_learned_qr,4222,3,101,4,4,0.4320546241343672,0.013381350616766974
43006,learned_event_learned_qr,4222,3,101,8,8,0.4884218782734462,0.018156393372685584
43006,learned_event_learned_qr,4222,3,101,16,16,0.6795823910671503,0.036582483834209645
43006,learned_event_learned_qr,4260,3,101,1,1,0.3116084368969303,0.046220457335611795
43006,learned_event_learned_qr,4260,3,101,4,4,0.4972643494226361,0.015723993792026006
43006,learned_event_learned_qr,4260,3,101,8,8,0.6479793104154028,0.0330191553496159
43006,learned_event_learned_qr,4260,3,101,16,11,0.6097058097631305,0.03273366464572589
43006,learned_event_learned_qr,4272,3,101,1,1,0.37946816688985585,0.16358637224552383
43006,learned_event_learned_qr,4272,3,101,4,4,0.45198120080673515,0.10132316227917729
43006,learned_event_learned_qr,4272,3,101,8,8,0.7012357924785929,0.060559479658301794
43006,learned_event_learned_qr,4272,3,101,16,10,0.710124544679926,0.05416198481533602
43006,learned_event_learned_qr,4283,3,101,1,1,0.8062016082613913,0.0038787313698841405
43006,learned_event_learned_qr,4283,3,101,4,4,0.3599899133241472,0.0012617016435925636
43006,learned_event_learned_qr,4283,3,101,8,6,0.7365637325495166,0.012180564835580117
43006,learned_event_learned_qr,4283,3,101,16,6,0.7365637325495166,0.012180564835580117
43006,learned_event_learned_qr,4290,3,101,1,1,0.6036740455990738,0.016488840629577377
43006,learned_event_learned_qr,4290,3,101,4,4,0.5755801805387194,0.02152948146884224
43006,learned_event_learned_qr,4290,3,101,8,8,0.4548544915871151,0.055290930964707025
43006,learned_event_learned_qr,4290,3,101,16,15,0.8808089679462079,0.19391774252255742
43006,learned_event_learned_qr,4306,3,101,1,1,2.1570585052641156,0.008684510817987521
43006,learned_event_learned_qr,4306,3,101,4,4,1.1873828695738515,0.09988599808464169
43006,learned_event_learned_qr,4306,3,101,8,8,0.7646049065370146,0.132767765001088
43006,learned_event_learned_qr,4306,3,101,16,10,0.6650989120425326,0.11139129329427744
43006,learned_event_learned_qr,4317,3,101,1,1,1.5013643174484677,0.001611779655250414
43006,learned_event_learned_qr,4317,3,101,4,4,1.1344460034321062,0.0202404138498095
43006,learned_event_learned_qr,4317,3,101,8,8,0.9551838217422552,0.014017468329326498
43006,learned_event_learned_qr,4317,3,101,16,16,1.0714088437995024,0.014582485388530603
43006,learned_event_learned_qr,4416,3,110,1,1,-0.08478079913980983,0.03184144784389762
43006,learned_event_learned_qr,4416,3,110,4,4,-0.12389598094878099,0.012181572208260381
43006,learned_event_learned_qr,4416,3,110,8,8,-0.20425136724094156,0.009811842835803039
43006,learned_event_learned_qr,4416,3,110,16,8,-0.20425136724094156,0.009811842835803039
43006,learned_event_learned_qr,4425,3,110,1,1,-0.2360276647991698,0.003405370926662852
43006,learned_event_learned_qr,4425,3,110,4,4,-0.01708559243985195,0.014351201005923358
43006,learned_event_learned_qr,4425,3,110,8,8,0.2564731906612823,0.0327459942385882
43006,learned_event_learned_qr,4425,3,110,16,16,0.13299707395114369,0.022477040363783757
43006,learned_event_learned_qr,4442,3,110,1,1,-0.13100647169098026,0.004462936953359218
43006,learned_event_learned_qr,4442,3,110,4,4,0.15804768801051758,0.020280152327406972
43006,learned_event_learned_qr,4442,3,110,8,8,-0.04984516208187138,0.020561212524131425
43006,learned_event_learned_qr,4442,3,110,16,16,-0.020161751947225044,0.018445180674874793
43006,learned_event_learned_qr,4470,3,110,1,1,-0.11561410101400986,0.013072941406434089
43006,learned_event_learned_qr,4470,3,110,4,4,-0.17353046969269043,0.006068330560782826
43006,learned_event_learned_qr,4470,3,110,8,8,-0.08307309137142456,0.010146597904353755
43006,learned_event_learned_qr,4470,3,110,16,14,-0.08901474188515648,0.011221217954683133
43006,learned_event_learned_qr,4485,3,110,1,1,-0.0627720918927001,0.016127110975517726
43006,learned_event_learned_qr,4485,3,110,4,4,0.10297838759777025,0.02326736697219461
43006,learned_event_learned_qr,4485,3,110,8,8,-0.01141966464299983,0.020884154639980168
43006,learned_event_learned_qr,4485,3,110,16,16,0.48830554145466,0.020722606167108193
43006,learned_event_learned_qr,4518,3,111,1,1,0.1876300177785637,0.005086453446965703
43006,learned_event_learned_qr,4518,3,111,4,3,0.6966487612593805,0.06288538747433821
43006,learned_event_learned_qr,4518,3,111,8,3,0.6966487612593805,0.06288538747433821
43006,learned_event_learned_qr,4518,3,111,16,3,0.6966487612593805,0.06288538747433821
43006,learned_event_learned_qr,4522,3,111,1,1,0.9976406351143208,0.16602132545418832
43006,learned_event_learned_qr,4522,3,111,4,4,0.5120161546206736,0.09437888557876352
43006,learned_event_learned_qr,4522,3,111,8,5,0.47320638497472356,0.1358850193641084
43006,learned_event_learned_qr,4522,3,111,16,5,0.47320638497472356,0.1358850193641084
43006,learned_event_learned_qr,4528,3,111,1,1,2.7607072938582893,0.021624225525180132
43006,learned_event_learned_qr,4528,3,111,4,4,1.5703485544928335,0.022505416746711727
43006,learned_event_learned_qr,4528,3,111,8,8,1.3240203019005703,0.05817460193425217
43006,learned_event_learned_qr,4528,3,111,16,16,1.3633118009078504,0.1692616383613556
43006,learned_event_learned_qr,4549,3,111,1,1,0.4720823862013176,0.019902429980073442
43006,learned_event_learned_qr,4549,3,111,4,2,0.3987411447453634,0.011270499237202542
43006,learned_event_learned_qr,4549,3,111,8,2,0.3987411447453634,0.011270499237202542
43006,learned_event_learned_qr,4549,3,111,16,2,0.3987411447453634,0.011270499237202542
43006,learned_event_learned_qr,4552,3,111,1,1,2.342158589901394,0.10185851768977552
43006,learned_event_learned_qr,4552,3,111,4,1,2.342158589901394,0.10185851768977552
43006,learned_event_learned_qr,4552,3,111,8,1,2.342158589901394,0.10185851768977552
43006,learned_event_learned_qr,4552,3,111,16,1,2.342158589901394,0.10185851768977552
43006,learned_event_learned_qr,4554,3,111,1,1,1.5226881746923548,0.07458475724771484
43006,learned_event_learned_qr,4554,3,111,4,4,0.9860329654501212,0.058492768942119744
43006,learned_event_learned_qr,4554,3,111,8,8,1.050242462085595,0.04994757078395687
43006,learned_event_learned_qr,4554,3,111,16,16,0.978516889235876,0.04737287790276448
43006,learned_event_learned_qr,4573,3,111,1,1,1.3486950837559768,0.04424305808899697
43006,learned_event_learned_qr,4573,3,111,4,4,1.0378977786514745,0.0351478171553454
43006,learned_event_learned_qr,4573,3,111,8,8,0.7902996498325989,0.029520296952928453
43006,learned_event_learned_qr,4573,3,111,16,16,0.8434550165575222,0.033829583517013956
43006,learned_event_learned_qr,4591,3,111,1,1,2.064029749428761,0.04697584667862022
43006,learned_event_learned_qr,4591,3,111,4,4,0.8082162420293576,0.03150525340447134
43006,learned_event_learned_qr,4591,3,111,8,5,0.7780585962804096,0.025228122140321524
43006,learned_event_learned_qr,4591,3,111,16,5,0.7780585962804096,0.025228122140321524
43006,learned_event_learned_qr,4597,3,111,1,1,2.247379056373872,0.07189972436132733
43006,learned_event_learned_qr,4597,3,111,4,4,1.2594765961161878,0.11845166581752925
43006,learned_event_learned_qr,4597,3,111,8,8,1.0697158737007268,0.06063583663760281
43006,learned_event_learned_qr,4597,3,111,16,8,1.0697158737007268,0.06063583663760281
43006,learned_event_learned_qr,4606,3,111,1,1,0.5122656074956989,0.07395658120056682
43006,learned_event_learned_qr,4606,3,111,4,1,0.5122656074956989,0.07395658120056682
43006,learned_event_learned_qr,4606,3,111,8,1,0.5122656074956989,0.07395658120056682
43006,learned_event_learned_qr,4606,3,111,16,1,0.5122656074956989,0.07395658120056682
43006,oracle_event_learned_qr,58,0,011,1,1,1.0939545949087153,0.035677894918677296
43006,oracle_event_learned_qr,58,0,011,4,4,0.6413755697139861,0.017905672645763784
43006,oracle_event_learned_qr,58,0,011,8,8,0.594459344386297,0.01820541692673619
43006,oracle_event_learned_qr,58,0,011,16,16,0.8229086811081526,0.0435732386626857
43006,oracle_event_learned_qr,141,0,101,1,1,0.49639274297524627,0.06784918747008349
43006,oracle_event_learned_qr,141,0,101,4,4,0.385242295506387,0.10546326370402692
43006,oracle_event_learned_qr,141,0,101,8,8,0.9905042894723053,0.1681260960937954
43006,oracle_event_learned_qr,141,0,101,16,14,0.7949386976406306,0.12377222459266217
43006,oracle_event_learned_qr,156,0,101,1,1,0.7574176858371408,0.1047870064720554
43006,oracle_event_learned_qr,156,0,101,4,3,0.8234138863867528,0.03546020273089739
43006,oracle_event_learned_qr,156,0,101,8,3,0.8234138863867528,0.03546020273089739
43006,oracle_event_learned_qr,156,0,101,16,3,0.8234138863867528,0.03546020273089739
43006,oracle_event_learned_qr,160,0,101,1,1,0.9988599379862373,0.055088235498061064
43006,oracle_event_learned_qr,160,0,101,4,4,1.1678369001983393,0.038495545264894473
43006,oracle_event_learned_qr,160,0,101,8,8,0.8360605390806355,0.039577263524251685
43006,oracle_event_learned_qr,160,0,101,16,9,0.8150984780849722,0.0362285850401631
43006,oracle_event_learned_qr,170,0,101,1,1,2.7393362520848514,0.009961568287486462
43006,oracle_event_learned_qr,170,0,101,4,4,1.144066214355906,0.012688088940402662
43006,oracle_event_learned_qr,170,0,101,8,8,0.9694786112184604,0.020773756477417447
43006,oracle_event_learned_qr,170,0,101,16,15,0.7996134083031607,0.033462674631211366
43006,oracle_event_learned_qr,186,0,101,1,1,0.9794291560701733,0.1431760004364496
43006,oracle_event_learned_qr,186,0,101,4,2,1.6629741601761765,0.07810696881862633
43006,oracle_event_learned_qr,186,0,101,8,2,1.6629741601761765,0.07810696881862633
43006,oracle_event_learned_qr,186,0,101,16,2,1.6629741601761765,0.07810696881862633
43006,oracle_event_learned_qr,189,0,101,1,1,0.9974705529777809,0.00398593680906617
43006,oracle_event_learned_qr,189,0,101,4,4,0.8061174219977614,0.04354433120298526
43006,oracle_event_learned_qr,189,0,101,8,8,0.734182026401348,0.03178147394467394
43006,oracle_event_learned_qr,189,0,101,16,10,0.6974182949332601,0.026538037543586235
43006,oracle_event_learned_qr,200,0,101,1,1,1.386031544267966,0.00031857379892644106
43006,oracle_event_learned_qr,200,0,101,4,2,1.0011646615291767,0.010515867349393108
43006,oracle_event_learned_qr,200,0,101,8,2,1.0011646615291767,0.010515867349393108
43006,oracle_event_learned_qr,200,0,101,16,2,1.0011646615291767,0.010515867349393108
43006,oracle_event_learned_qr,203,0,101,1,1,1.00308471704933,0.34857971841520796
43006,oracle_event_learned_qr,203,0,101,4,4,0.7516329962522781,0.1442865646432286
43006,oracle_event_learned_qr,203,0,101,8,8,0.6400894197216365,0.12197894924711697
43006,oracle_event_learned_qr,203,0,101,16,16,0.6300195709149004,0.0736901439875122
43006,oracle_event_learned_qr,231,0,101,1,1,0.4397965237698003,0.015587700892435746
43006,oracle_event_learned_qr,231,0,101,4,4,0.5527136406081137,0.009588581604087015
43006,oracle_event_learned_qr,231,0,101,8,8,0.6501245709309055,0.014560257197740718
43006,oracle_event_learned_qr,231,0,101,16,16,0.5633737617223725,0.016715537800562418
43006,oracle_event_learned_qr,276,0,101,1,1,1.3190431797803355,0.0041994943654930245
43006,oracle_event_learned_qr,276,0,101,4,4,0.7241245064228004,0.03080823820828235
43006,oracle_event_learned_qr,276,0,101,8,8,0.8871896169487985,0.03381355715471515
43006,oracle_event_learned_qr,276,0,101,16,9,0.8582224091606737,0.03815271489774599
43006,oracle_event_learned_qr,286,0,101,1,1,1.5241072293305655,0.026807852344862014
43006,oracle_event_learned_qr,286,0,101,4,4,0.760887204010955,0.009973602583999423
43006,oracle_event_learned_qr,286,0,101,8,8,0.694605105592974,0.025720021728123207
43006,oracle_event_learned_qr,286,0,101,16,8,0.694605105592974,0.025720021728123207
43006,oracle_event_learned_qr,295,0,101,1,1,0.4355894473349153,0.06369793217975787
43006,oracle_event_learned_qr,295,0,101,4,3,0.7058993836160088,0.053491003437885896
43006,oracle_event_learned_qr,295,0,101,8,3,0.7058993836160088,0.053491003437885896
43006,oracle_event_learned_qr,295,0,101,16,3,0.7058993836160088,0.053491003437885896
43006,oracle_event_learned_qr,299,0,101,1,1,1.2916775901682342,0.13379138804443647
43006,oracle_event_learned_qr,299,0,101,4,2,1.052369303180689,0.07116224023242942
43006,oracle_event_learned_qr,299,0,101,8,2,1.052369303180689,0.07116224023242942
43006,oracle_event_learned_qr,299,0,101,16,2,1.052369303180689,0.07116224023242942
43006,oracle_event_learned_qr,302,0,101,1,1,0.5033553633809762,0.33095624378826055
43006,oracle_event_learned_qr,302,0,101,4,2,1.4129263400227527,0.16865207384174902
43006,oracle_event_learned_qr,302,0,101,8,2,1.4129263400227527,0.16865207384174902
43006,oracle_event_learned_qr,302,0,101,16,2,1.4129263400227527,0.16865207384174902
43006,oracle_event_learned_qr,306,0,101,1,1,1.2176269081642273,0.003643804763732731
43006,oracle_event_learned_qr,306,0,101,4,4,0.892459996748705,0.014940601991214789
43006,oracle_event_learned_qr,306,0,101,8,7,0.6740636687949296,0.009062216255156828
43006,oracle_event_learned_qr,306,0,101,16,7,0.6740636687949296,0.009062216255156828
43006,oracle_event_learned_qr,314,0,101,1,1,0.47941255661861654,0.001200673888228845
43006,oracle_event_learned_qr,314,0,101,4,4,0.46499721679658723,0.05314557272535221
43006,oracle_event_learned_qr,314,0,101,8,8,0.46246000408762244,0.045776349023168
43006,oracle_event_learned_qr,314,0,101,16,14,0.5089896839096673,0.028969188263042647
43006,oracle_event_learned_qr,329,0,101,1,1,2.462711670374828,0.0006170821623170294
43006,oracle_event_learned_qr,329,0,101,4,4,1.113421864172718,0.007597910810288208
43006,oracle_event_learned_qr,329,0,101,8,8,0.6590573805493644,0.004977644698660669
43006,oracle_event_learned_qr,329,0,101,16,13,0.7969643910737859,0.015276959145472809
43006,oracle_event_learned_qr,343,0,101,1,1,1.3947521498105675,0.0017660728365775833
43006,oracle_event_learned_qr,343,0,101,4,4,0.6394016768339341,0.011733500181650598
43006,oracle_event_learned_qr,343,0,101,8,8,0.6022677938281684,0.010200804093831665
43006,oracle_event_learned_qr,343,0,101,16,16,0.5356470566773803,0.021787644624481135
43006,oracle_event_learned_qr,368,0,101,1,1,0.8115684064913508,0.21429375678194476
43006,oracle_event_learned_qr,368,0,101,4,4,0.9477433559231333,0.06236117092953451
43006,oracle_event_learned_qr,368,0,101,8,8,0.9032955367640936,0.045165359553060294
43006,oracle_event_learned_qr,368,0,101,16,13,1.1233863793657919,0.0855080819178393
43006,oracle_event_learned_qr,382,0,101,1,1,1.1822073074927517,0.09441874389340311
43006,oracle_event_learned_qr,382,0,101,4,4,0.9915202369780545,0.06005352316134912
43006,oracle_event_learned_qr,382,0,101,8,8,0.8552830957628865,0.03217873273752879
43006,oracle_event_learned_qr,382,0,101,16,16,0.6573479734423014,0.01908577995867633
43006,oracle_event_learned_qr,421,0,111,1,1,0.5478293356352362,0.005969814239411361
43006,oracle_event_learned_qr,421,0,111,4,4,1.020928424687216,0.08724724097789943
43006,oracle_event_learned_qr,421,0,111,8,8,0.9783370472771707,0.08743931117893557
43006,oracle_event_learned_qr,421,0,111,16,9,0.9299622478078431,0.08801590429927542
43006,oracle_event_learned_qr,431,0,111,1,1,0.9821474762206159,0.0013480204945300527
43006,oracle_event_learned_qr,431,0,111,4,4,0.6953762436361836,0.041902378098732485
43006,oracle_event_learned_qr,431,0,111,8,5,0.7384232008146692,0.0366795786903151
43006,oracle_event_learned_qr,431,0,111,16,5,0.7384232008146692,0.0366795786903151
43006,oracle_event_learned_qr,437,0,111,1,1,0.6327346900312806,0.027474742765187035
43006,oracle_event_learned_qr,437,0,111,4,2,1.225699997787158,0.015135250193781494
43006,oracle_event_learned_qr,437,0,111,8,2,1.225699997787158,0.015135250193781494
43006,oracle_event_learned_qr,437,0,111,16,2,1.225699997787158,0.015135250193781494
43006,oracle_event_learned_qr,440,0,111,1,1,0.6591342055835447,0.07892208677655896
43006,oracle_event_learned_qr,440,0,111,4,4,0.551969735969957,0.024178225543473413
43006,oracle_event_learned_qr,440,0,111,8,8,0.8459699707563044,0.0489581880255662
43006,oracle_event_learned_qr,440,0,111,16,16,0.8253430102179918,0.05374636742913289
43006,oracle_event_learned_qr,466,0,111,1,1,0.4461502112490347,0.003311025922271854
43006,oracle_event_learned_qr,466,0,111,4,4,0.5305371375930265,0.02779510996146213
43006,oracle_event_learned_qr,466,0,111,8,8,0.7802327914661371,0.04534867570325132
43006,oracle_event_learned_qr,466,0,111,16,16,0.6392829978899129,0.03020145256240255
43006,oracle_event_learned_qr,492,0,111,1,1,0.913750788061301,0.0019767043130929085
43006,oracle_event_learned_qr,492,0,111,4,1,0.913750788061301,0.0019767043130929085
43006,oracle_event_learned_qr,492,0,111,8,1,0.913750788061301,0.0019767043130929085
43006,oracle_event_learned_qr,492,0,111,16,1,0.913750788061301,0.0019767043130929085
43006,oracle_event_learned_qr,494,0,111,1,1,1.6433566079654722,0.005300314620101221
43006,oracle_event_learned_qr,494,0,111,4,3,1.0962884864215499,0.004735569380889241
43006,oracle_event_learned_qr,494,0,111,8,3,1.0962884864215499,0.004735569380889241
43006,oracle_event_learned_qr,494,0,111,16,3,1.0962884864215499,0.004735569380889241
43006,oracle_event_learned_qr,498,0,111,1,1,0.5367608844198178,0.0073114901530450535
43006,oracle_event_learned_qr,498,0,111,4,1,0.5367608844198178,0.0073114901530450535
43006,oracle_event_learned_qr,498,0,111,8,1,0.5367608844198178,0.0073114901530450535
43006,oracle_event_learned_qr,498,0,111,16,1,0.5367608844198178,0.0073114901530450535
43006,oracle_event_learned_qr,501,0,111,1,1,2.2436332376757098,0.10456498691620109
43006,oracle_event_learned_qr,501,0,111,4,4,1.4503754533858833,0.062340780092108666
43006,oracle_event_learned_qr,501,0,111,8,8,1.0410223051395058,0.037636906174149415
43006,oracle_event_learned_qr,501,0,111,16,8,1.0410223051395058,0.037636906174149415
43006,oracle_event_learned_qr,510,0,111,1,1,0.5777415162287719,0.045119753201803905
43006,oracle_event_learned_qr,510,0,111,4,4,0.6936076386834011,0.017685121327453847
43006,oracle_event_learned_qr,510,0,111,8,8,0.7914306411160857,0.035122886906783654
43006,oracle_event_learned_qr,510,0,111,16,14,0.8128255925051134,0.025840195335487908
43006,oracle_event_learned_qr,525,0,111,1,1,1.236573773688457,0.12245191427098205
43006,oracle_event_learned_qr,525,0,111,4,4,0.7734568194992762,0.051694077927359985
43006,oracle_event_learned_qr,525,0,111,8,4,0.7734568194992762,0.051694077927359985
43006,oracle_event_learned_qr,525,0,111,16,4,0.7734568194992762,0.051694077927359985
43006,oracle_event_learned_qr,530,0,111,1,1,0.6647205224005185,0.1808846721038702
43006,oracle_event_learned_qr,530,0,111,4,3,0.599251021845156,0.12287301722029974
43006,oracle_event_learned_qr,530,0,111,8,3,0.599251021845156,0.12287301722029974
43006,oracle_event_learned_qr,530,0,111,16,3,0.599251021845156,0.12287301722029974
43006,oracle_event_learned_qr,534,0,111,1,1,0.8432370381984962,0.011158049793039915
43006,oracle_event_learned_qr,534,0,111,4,4,0.8057395128953955,0.05222669527374906
43006,oracle_event_learned_qr,534,0,111,8,8,0.7687481962813567,0.03821985375906592
43006,oracle_event_learned_qr,534,0,111,16,11,0.7367363605955244,0.03086837362311564
43006,oracle_event_learned_qr,546,0,111,1,1,2.2616446408632473,0.004507340263988239
43006,oracle_event_learned_qr,546,0,111,4,4,0.9206153616057734,0.027401253196006958
43006,oracle_event_learned_qr,546,0,111,8,8,0.9409318289015558,0.03649423239744473
43006,oracle_event_learned_qr,546,0,111,16,16,0.8578771423348951,0.11949237692491335
43006,oracle_event_learned_qr,563,0,111,1,1,0.6160674669169739,0.1730759477005643
43006,oracle_event_learned_qr,563,0,111,4,4,0.8578479928491306,0.12829159945313043
43006,oracle_event_learned_qr,563,0,111,8,8,0.7379398629317446,0.0741794280052115
43006,oracle_event_learned_qr,563,0,111,16,15,0.5888522301746295,0.044759169414519656
43006,oracle_event_learned_qr,580,0,110,1,1,0.3633653056134286,0.004122111140133978
43006,oracle_event_learned_qr,580,0,110,4,4,0.32466010727955097,0.012271224679524769
43006,oracle_event_learned_qr,580,0,110,8,8,0.23465390984708084,0.007172610953355748
43006,oracle_event_learned_qr,580,0,110,16,8,0.23465390984708084,0.007172610953355748
43006,oracle_event_learned_qr,589,0,110,1,1,0.18498867550726353,0.0051269672566617314
43006,oracle_event_learned_qr,589,0,110,4,4,0.15851615790410573,0.011852911773011352
43006,oracle_event_learned_qr,589,0,110,8,8,0.07291147143366142,0.01999119005141465
43006,oracle_event_learned_qr,589,0,110,16,16,0.13725663764383575,0.025299367192264412
43006,oracle_event_learned_qr,618,0,110,1,1,0.05929346111444101,0.008201755231878488
43006,oracle_event_learned_qr,618,0,110,4,4,0.10750301011427213,0.0109640776051293
43006,oracle_event_learned_qr,618,0,110,8,8,0.10204234115577676,0.025704939231393054
43006,oracle_event_learned_qr,618,0,110,16,16,0.160489619256999,0.03372427405502239
43006,oracle_event_learned_qr,645,0,110,1,1,0.07776481762082728,8.77848138375216e-05
43006,oracle_event_learned_qr,645,0,110,4,4,0.604333916730511,0.06413365358616822
43006,oracle_event_learned_qr,645,0,110,8,5,0.6695535987593788,0.06718619707523889
43006,oracle_event_learned_qr,645,0,110,16,5,0.6695535987593788,0.06718619707523889
43006,oracle_event_learned_qr,651,0,110,1,1,0.5124573371320312,0.014364239172732286
43006,oracle_event_learned_qr,651,0,110,4,4,0.5412508147431807,0.05995392508879355
43006,oracle_event_learned_qr,651,0,110,8,6,0.6681524970160915,0.052401756678344076
43006,oracle_event_learned_qr,651,0,110,16,6,0.6681524970160915,0.052401756678344076
43006,oracle_event_learned_qr,658,0,110,1,1,0.04317421890729146,0.0027676994705948905
43006,oracle_event_learned_qr,658,0,110,4,3,0.2728064466397578,0.022167892153299368
43006,oracle_event_learned_qr,658,0,110,8,3,0.2728064466397578,0.022167892153299368
43006,oracle_event_learned_qr,658,0,110,16,3,0.2728064466397578,0.022167892153299368
43006,oracle_event_learned_qr,662,0,110,1,1,0.7955437447511688,0.034507758518636154
43006,oracle_event_learned_qr,662,0,110,4,4,0.5592417428551253,0.040414866202017945
43006,oracle_event_learned_qr,662,0,110,8,8,0.2869513114981744,0.02428425397471812
43006,oracle_event_learned_qr,662,0,110,16,10,0.21904712878453947,0.023358047396723862
43006,oracle_event_learned_qr,673,0,110,1,1,0.054931806157586784,0.000883555280561009
43006,oracle_event_learned_qr,673,0,110,4,4,-0.0264382645330933,0.0024674073246402787
43006,oracle_event_learned_qr,673,0,110,8,8,-0.03379248656106683,0.009273413742559609
43006,oracle_event_learned_qr,673,0,110,16,16,0.012743175433461994,0.008683721985728827
43006,oracle_event_learned_qr,714,0,110,1,1,-0.26995065931080264,0.005723552630682347
43006,oracle_event_learned_qr,714,0,110,4,3,-0.29491695103610843,0.003642097683272357
43006,oracle_event_learned_qr,714,0,110,8,3,-0.29491695103610843,0.003642097683272357
43006,oracle_event_learned_qr,714,0,110,16,3,-0.29491695103610843,0.003642097683272357
43006,oracle_event_learned_qr,718,0,110,1,1,-0.3449948707401188,2.9063516529119186e-05
43006,oracle_event_learned_qr,718,0,110,4,4,-0.4168150381563598,0.012218659437524978
43006,oracle_event_learned_qr,718,0,110,8,8,0.2508083737331556,0.020164024060580946
43006,oracle_event_learned_qr,718,0,110,16,16,0.07890650547775155,0.016037089726915157
43006,oracle_event_learned_qr,759,0,110,1,1,0.1815541616823228,0.004075169025294012
43006,oracle_event_learned_qr,759,0,110,4,2,0.07033551295187022,0.009947705789326775
43006,oracle_event_learned_qr,759,0,110,8,2,0.07033551295187022,0.009947705789326775
43006,oracle_event_learned_qr,759,0,110,16,2,0.07033551295187022,0.009947705789326775
43006,oracle_event_learned_qr,762,0,110,1,1,-0.09370714625204254,0.006121721590714523
43006,oracle_event_learned_qr,762,0,110,4,4,-0.10349773445587147,0.009994154525273455
43006,oracle_event_learned_qr,762,0,110,8,8,-0.15724065907762974,0.010636081421707154
43006,oracle_event_learned_qr,762,0,110,16,15,-0.08078927064967342,0.00890867526786182
43006,oracle_event_learned_qr,778,0,110,1,1,-0.2369744919785519,0.009515942290588573
43006,oracle_event_learned_qr,778,0,110,4,4,-0.18956161144861047,0.009724070793732756
43006,oracle_event_learned_qr,778,0,110,8,8,-0.04472850552399823,0.021461959078349635
43006,oracle_event_learned_qr,778,0,110,16,11,-0.07420187326755351,0.01893798783199062
43006,oracle_event_learned_qr,790,0,110,1,1,-0.19091652420791816,0.0022256073058898587
43006,oracle_event_learned_qr,790,0,110,4,1,-0.19091652420791816,0.0022256073058898587
43006,oracle_event_learned_qr,790,0,110,8,1,-0.19091652420791816,0.0022256073058898587
43006,oracle_event_learned_qr,790,0,110,16,1,-0.19091652420791816,0.0022256073058898587
43006,oracle_event_learned_qr,792,0,110,1,1,1.9157273732713163,0.047166203716142364
43006,oracle_event_learned_qr,792,0,110,4,4,0.3547736430754769,0.017362377687673358
43006,oracle_event_learned_qr,792,0,110,8,8,0.33097026507647315,0.016870703340019645
43006,oracle_event_learned_qr,792,0,110,16,16,0.646251297806979,0.03162296778636893
43006,oracle_event_learned_qr,989,0,110,1,1,0.5101184878918501,0.03815317457252229
43006,oracle_event_learned_qr,989,0,110,4,4,-0.04665204180636112,0.010642934164420654
43006,oracle_event_learned_qr,989,0,110,8,6,0.14508482246951637,0.012507948174956993
43006,oracle_event_learned_qr,989,0,110,16,6,0.14508482246951637,0.012507948174956993
43006,oracle_event_learned_qr,996,0,110,1,1,0.05956051569833828,0.0029798272398820526
43006,oracle_event_learned_qr,996,0,110,4,4,0.3964522862141998,0.03899327873402578
43006,oracle_event_learned_qr,996,0,110,8,5,0.25814561251177115,0.03123614922896298
43006,oracle_event_learned_qr,996,0,110,16,5,0.25814561251177115,0.03123614922896298
43006,oracle_event_learned_qr,1002,0,110,1,1,-0.0440071153135231,0.0047319625164730095
43006,oracle_event_learned_qr,1002,0,110,4,4,0.36481291831689355,0.016317599768968995
43006,oracle_event_learned_qr,1002,0,110,8,7,0.2300398008285178,0.01067554482512489
43006,oracle_event_learned_qr,1002,0,110,16,7,0.2300398008285178,0.01067554482512489
43006,oracle_event_learned_qr,1010,0,110,1,1,-0.005541845848823284,0.0013968367860806097
43006,oracle_event_learned_qr,1010,0,110,4,4,0.3561396630991376,0.025391134048769342
43006,oracle_event_learned_qr,1010,0,110,8,5,0.4019293376291043,0.03902733095411139
43006,oracle_event_learned_qr,1010,0,110,16,5,0.4019293376291043,0.03902733095411139
43006,oracle_event_learned_qr,1016,0,110,1,1,0.025117650754487256,2.0312718120146407e-06
43006,oracle_event_learned_qr,1016,0,110,4,4,-0.04579800411910337,0.0036666523037225895
43006,oracle_event_learned_qr,1016,0,110,8,4,-0.04579800411910337,0.0036666523037225895
43006,oracle_event_learned_qr,1016,0,110,16,4,-0.04579800411910337,0.0036666523037225895
43006,oracle_event_learned_qr,1021,0,110,1,1,-0.013130479962799686,0.004879487506249868
43006,oracle_event_learned_qr,1021,0,110,4,4,-0.004044973323684878,0.023730186358308113
43006,oracle_event_learned_qr,1021,0,110,8,7,-0.023253671797197985,0.022813910804555148
43006,oracle_event_learned_qr,1021,0,110,16,7,-0.023253671797197985,0.022813910804555148
43006,oracle_event_learned_qr,1029,0,111,1,1,2.00658411911474,0.0026235586901835694
43006,oracle_event_learned_qr,1029,0,111,4,3,1.4237608080019115,0.02072316109842101
43006,oracle_event_learned_qr,1029,0,111,8,3,1.4237608080019115,0.02072316109842101
43006,oracle_event_learned_qr,1029,0,111,16,3,1.4237608080019115,0.02072316109842101
43006,oracle_event_learned_qr,1033,0,111,1,1,2.0446793020092744,0.007637435260667999
43006,oracle_event_learned_qr,1033,0,111,4,3,2.0785939829207667,0.16357625804894438
43006,oracle_event_learned_qr,1033,0,111,8,3,2.0785939829207667,0.16357625804894438
43006,oracle_event_learned_qr,1033,0,111,16,3,2.0785939829207667,0.16357625804894438
43006,oracle_event_learned_qr,1037,0,111,1,1,1.3401081320322616,0.16306248760286682
43006,oracle_event_learned_qr,1037,0,111,4,4,1.887915452128008,0.08520453052887589
43006,oracle_event_learned_qr,1037,0,111,8,8,1.247402935878437,0.04837843678179794
43006,oracle_event_learned_qr,1037,0,111,16,16,0.8176525820358487,0.04098048827428473
43006,oracle_event_learned_qr,1074,0,111,1,1,0.2582246428709409,0.00043520498049897066
43006,oracle_event_learned_qr,1074,0,111,4,4,0.30076407097804303,0.023588780751231928
43006,oracle_event_learned_qr,1074,0,111,8,8,0.8201677817422899,0.074863893345312
43006,oracle_event_learned_qr,1074,0,111,16,8,0.8201677817422899,0.074863893345312
43006,oracle_event_learned_qr,1084,0,111,1,1,0.8726315428230259,0.21687127821041952
43006,oracle_event_learned_qr,1084,0,111,4,4,0.631452055145798,0.08953357400646356
43006,oracle_event_learned_qr,1084,0,111,8,8,0.8207430477033487,0.050988390191029534
43006,oracle_event_learned_qr,1084,0,111,16,16,0.9643112615347066,0.04391183638739631
43006,oracle_event_learned_qr,1112,0,111,1,1,0.648649199059642,0.0012496551238199813
43006,oracle_event_learned_qr,1112,0,111,4,1,0.648649199059642,0.0012496551238199813
43006,oracle_event_learned_qr,1112,0,111,8,1,0.648649199059642,0.0012496551238199813
43006,oracle_event_learned_qr,1112,0,111,16,1,0.648649199059642,0.0012496551238199813
43006,oracle_event_learned_qr,1114,0,111,1,1,1.2523856410818712,0.02359276804487271
43006,oracle_event_learned_qr,1114,0,111,4,4,1.2302254325991775,0.07207370338793326
43006,oracle_event_learned_qr,1114,0,111,8,8,0.9904070784425276,0.05006728425877628
43006,oracle_event_learned_qr,1114,0,111,16,16,0.8430026579348848,0.05413861452377682
43006,oracle_event_learned_qr,1143,0,111,1,1,3.0567095538668894,0.0004820092435086781
43006,oracle_event_learned_qr,1143,0,111,4,4,1.1503953963684983,0.03633807133252954
43006,oracle_event_learned_qr,1143,0,111,8,8,0.7416628197313762,0.02545389254598286
43006,oracle_event_learned_qr,1143,0,111,16,8,0.7416628197313762,0.02545389254598286
43006,oracle_event_learned_qr,1166,1,111,1,1,0.27571092682661924,0.4144489419654556
43006,oracle_event_learned_qr,1166,1,111,4,4,0.7478964581655221,0.15345245523457893
43006,oracle_event_learned_qr,1166,1,111,8,8,0.4830960148882981,0.10936014515747827
43006,oracle_event_learned_qr,1166,1,111,16,16,0.43717139730741883,0.07462675227219934
43006,oracle_event_learned_qr,1223,1,101,1,1,0.3645264755170525,0.08182534509435843
43006,oracle_event_learned_qr,1223,1,101,4,4,0.582867552726265,0.1356892002012392
43006,oracle_event_learned_qr,1223,1,101,8,8,0.6565769294627937,0.17792518405827498
43006,oracle_event_learned_qr,1223,1,101,16,8,0.6565769294627937,0.17792518405827498
43006,oracle_event_learned_qr,1232,1,101,1,1,1.3678930039362058,0.005429414159326129
43006,oracle_event_learned_qr,1232,1,101,4,4,1.282694061343072,0.0373093907567628
43006,oracle_event_learned_qr,1232,1,101,8,8,0.9266778314436471,0.045774777281932
43006,oracle_event_learned_qr,1232,1,101,16,16,0.9389147426929726,0.051324542099900256
43006,oracle_event_learned_qr,1249,1,101,1,1,1.3117599049389113,0.07679435559697091
43006,oracle_event_learned_qr,1249,1,101,4,4,0.9592705012905125,0.07853933508437748
43006,oracle_event_learned_qr,1249,1,101,8,8,0.6573144195720892,0.046390101533272464
43006,oracle_event_learned_qr,1249,1,101,16,16,0.6137050174908922,0.04058699621462676
43006,oracle_event_learned_qr,1320,1,101,1,1,1.5122818077172955,0.01151884531346683
43006,oracle_event_learned_qr,1320,1,101,4,4,0.5391317873083465,0.008336478216605594
43006,oracle_event_learned_qr,1320,1,101,8,5,0.44196269926804677,0.010425360296001981
43006,oracle_event_learned_qr,1320,1,101,16,5,0.44196269926804677,0.010425360296001981
43006,oracle_event_learned_qr,1326,1,101,1,1,0.140998332539078,0.1249098288180872
43006,oracle_event_learned_qr,1326,1,101,4,1,0.140998332539078,0.1249098288180872
43006,oracle_event_learned_qr,1326,1,101,8,1,0.140998332539078,0.1249098288180872
43006,oracle_event_learned_qr,1326,1,101,16,1,0.140998332539078,0.1249098288180872
43006,oracle_event_learned_qr,1328,1,101,1,1,0.05303864124311195,0.03986384429825501
43006,oracle_event_learned_qr,1328,1,101,4,4,0.007291010867227422,0.02213071156652746
43006,oracle_event_learned_qr,1328,1,101,8,8,0.08890682273905269,0.018410895288871392
43006,oracle_event_learned_qr,1328,1,101,16,10,0.23436167745242242,0.017714236361978906
43006,oracle_event_learned_qr,1340,1,101,1,1,0.9249226557928871,0.0801145760603441
43006,oracle_event_learned_qr,1340,1,101,4,4,1.4778382891726318,0.06961572527371916
43006,oracle_event_learned_qr,1340,1,101,8,8,0.8058451638193579,0.08119316945416752
43006,oracle_event_learned_qr,1340,1,101,16,16,0.9598853376824263,0.11035082433173843
43006,oracle_event_learned_qr,1449,1,111,1,1,1.8700837658983553,0.15407472836377964
43006,oracle_event_learned_qr,1449,1,111,4,4,1.4815991425069042,0.31966507568942837
43006,oracle_event_learned_qr,1449,1,111,8,8,1.0639884277335017,0.18022018214321378
43006,oracle_event_learned_qr,1449,1,111,16,16,0.9690130273731901,0.10883547628079582
43006,oracle_event_learned_qr,1466,1,111,1,1,0.5049472828143651,0.4379964022253241
43006,oracle_event_learned_qr,1466,1,111,4,4,0.9397423367306054,0.1659120545807358
43006,oracle_event_learned_qr,1466,1,111,8,8,0.8424986254491069,0.12879880606697985
43006,oracle_event_learned_qr,1466,1,111,16,16,0.9598428796996188,0.11102767970133118
43006,oracle_event_learned_qr,1534,1,111,1,1,0.507797951221656,0.1839390469273926
43006,oracle_event_learned_qr,1534,1,111,4,4,0.43237972385329254,0.08040341723761987
43006,oracle_event_learned_qr,1534,1,111,8,8,0.6134224552474075,0.05189237785257404
43006,oracle_event_learned_qr,1534,1,111,16,13,0.5218357440893266,0.034718998465319284
43006,oracle_event_learned_qr,1548,1,101,1,1,1.0624078456872097,0.019448340824094145
43006,oracle_event_learned_qr,1548,1,101,4,4,0.44425980084271166,0.04482387774391662
43006,oracle_event_learned_qr,1548,1,101,8,8,0.9502844379303842,0.031772356429426094
43006,oracle_event_learned_qr,1548,1,101,16,14,0.6464147304908527,0.031644244115909735
43006,oracle_event_learned_qr,1563,1,101,1,1,0.22801029669888845,0.06960503608596011
43006,oracle_event_learned_qr,1563,1,101,4,4,0.33618496101491613,0.025222884327731405
43006,oracle_event_learned_qr,1563,1,101,8,8,0.38094667955219264,0.016413935609515866
43006,oracle_event_learned_qr,1563,1,101,16,11,0.6451196090716871,0.017293988206418625
43006,oracle_event_learned_qr,1575,1,101,1,1,0.23379969206776532,0.3546095315119662
43006,oracle_event_learned_qr,1575,1,101,4,4,0.6746128705433729,0.14327835955424617
43006,oracle_event_learned_qr,1575,1,101,8,8,0.4989471626430363,0.08311775423240746
43006,oracle_event_learned_qr,1575,1,101,16,16,0.39050360836221804,0.04472192044974186
43006,oracle_event_learned_qr,1686,1,110,1,1,0.24096196420663318,0.00012864902391989725
43006,oracle_event_learned_qr,1686,1,110,4,4,0.34446015306858346,0.01709937194747218
43006,oracle_event_learned_qr,1686,1,110,8,8,0.40639552574327914,0.0285925797309235
43006,oracle_event_learned_qr,1686,1,110,16,16,0.3008704939171064,0.026177493948815175
43006,oracle_event_learned_qr,1741,1,101,1,1,2.8846187014573874,0.01749900139013348
43006,oracle_event_learned_qr,1741,1,101,4,4,0.6737581843865779,0.006490779146825036
43006,oracle_event_learned_qr,1741,1,101,8,8,1.1559307464448612,0.03555831445311493
43006,oracle_event_learned_qr,1741,1,101,16,16,0.8656620967233188,0.03556845857701574
43006,oracle_event_learned_qr,1768,1,101,1,1,0.36703282108264235,0.0033115611793051447
43006,oracle_event_learned_qr,1768,1,101,4,4,0.31871391955998185,0.011152562428046848
43006,oracle_event_learned_qr,1768,1,101,8,8,0.2668710542438937,0.01632982931341731
43006,oracle_event_learned_qr,1768,1,101,16,11,0.59730219346446,0.01605918773489047
43006,oracle_event_learned_qr,1780,1,101,1,1,0.8724365295324706,0.0007657418605789135
43006,oracle_event_learned_qr,1780,1,101,4,4,1.0713448352140622,0.05335889924165096
43006,oracle_event_learned_qr,1780,1,101,8,8,0.7543744151405792,0.043458522096439633
43006,oracle_event_learned_qr,1780,1,101,16,9,0.6914506584407645,0.03864344518603437
43006,oracle_event_learned_qr,1791,1,101,1,1,0.34424968020395363,0.14729414455302878
43006,oracle_event_learned_qr,1791,1,101,4,4,0.4417350614101478,0.06064666893095069
43006,oracle_event_learned_qr,1791,1,101,8,8,0.4563371683637115,0.03368759255735339
43006,oracle_event_learned_qr,1791,1,101,16,13,0.9109173865237289,0.03635751107661421
43006,oracle_event_learned_qr,1805,1,101,1,1,0.5569668742317244,0.030332696656896696
43006,oracle_event_learned_qr,1805,1,101,4,4,0.8248719834080014,0.07374105465087152
43006,oracle_event_learned_qr,1805,1,101,8,8,0.8294361582119469,0.060312651178700334
43006,oracle_event_learned_qr,1805,1,101,16,9,0.7798933720035485,0.06454120364644139
43006,oracle_event_learned_qr,1815,1,101,1,1,1.6389337820224326,0.010668111984223481
43006,oracle_event_learned_qr,1815,1,101,4,3,1.0392875076398764,0.051012552093257564
43006,oracle_event_learned_qr,1815,1,101,8,3,1.0392875076398764,0.051012552093257564
43006,oracle_event_learned_qr,1815,1,101,16,3,1.0392875076398764,0.051012552093257564
43006,oracle_event_learned_qr,1819,1,101,1,1,0.3743316928932904,0.05230910723746339
43006,oracle_event_learned_qr,1819,1,101,4,4,0.9357244907342857,0.034477565810482856
43006,oracle_event_learned_qr,1819,1,101,8,8,0.6689422440660091,0.08682672320629235
43006,oracle_event_learned_qr,1819,1,101,16,12,0.846393471652279,0.0797866457406639
43006,oracle_event_learned_qr,1832,1,111,1,1,0.4485846121668695,0.10425992539219217
43006,oracle_event_learned_qr,1832,1,111,4,4,0.6425289425429226,0.028864224915719904
43006,oracle_event_learned_qr,1832,1,111,8,8,0.8873520949421709,0.11337628527578016
43006,oracle_event_learned_qr,1832,1,111,16,16,0.6800143498964705,0.06466078400091732
43006,oracle_event_learned_qr,1861,1,111,1,1,1.2130642284208457,0.011033479090918936
43006,oracle_event_learned_qr,1861,1,111,4,2,0.8482831479291157,0.12755848188898167
43006,oracle_event_learned_qr,1861,1,111,8,2,0.8482831479291157,0.12755848188898167
43006,oracle_event_learned_qr,1861,1,111,16,2,0.8482831479291157,0.12755848188898167
43006,oracle_event_learned_qr,1864,1,111,1,1,0.6011553375090226,0.004492001152291788
43006,oracle_event_learned_qr,1864,1,111,4,4,0.47515274204268043,0.06578868043887214
43006,oracle_event_learned_qr,1864,1,111,8,8,0.9290828364639063,0.08450595861171595
43006,oracle_event_learned_qr,1864,1,111,16,14,0.9174918830324017,0.06910328678377302
43006,oracle_event_learned_qr,1879,1,111,1,1,0.5853991110979269,0.002332553105464439
43006,oracle_event_learned_qr,1879,1,111,4,4,0.5371671400192839,0.005377873348380625
43006,oracle_event_learned_qr,1879,1,111,8,8,0.4893322212347246,0.029538202314577627
43006,oracle_event_learned_qr,1879,1,111,16,16,0.7238137314881539,0.02987547881221642
43006,oracle_event_learned_qr,1924,1,111,1,1,0.557450011343336,0.0052954525368933344
43006,oracle_event_learned_qr,1924,1,111,4,1,0.557450011343336,0.0052954525368933344
43006,oracle_event_learned_qr,1924,1,111,8,1,0.557450011343336,0.0052954525368933344
43006,oracle_event_learned_qr,1924,1,111,16,1,0.557450011343336,0.0052954525368933344
43006,oracle_event_learned_qr,1926,1,111,1,1,0.9317868871463619,0.2489393146427329
43006,oracle_event_learned_qr,1926,1,111,4,4,0.9565320548352396,0.07253951944448615
43006,oracle_event_learned_qr,1926,1,111,8,4,0.9565320548352396,0.07253951944448615
43006,oracle_event_learned_qr,1926,1,111,16,4,0.9565320548352396,0.07253951944448615
43006,oracle_event_learned_qr,1931,1,111,1,1,0.7007257391047319,0.02521516862035057
43006,oracle_event_learned_qr,1931,1,111,4,3,0.6240120659246687,0.032154672420728725
43006,oracle_event_learned_qr,1931,1,111,8,3,0.6240120659246687,0.032154672420728725
43006,oracle_event_learned_qr,1931,1,111,16,3,0.6240120659246687,0.032154672420728725
43006,oracle_event_learned_qr,1935,1,111,1,1,1.2859073381911357,0.018551904571202746
43006,oracle_event_learned_qr,1935,1,111,4,4,0.6571396885999394,0.010554814642854213
43006,oracle_event_learned_qr,1935,1,111,8,8,0.5282878725880451,0.03204578318991096
43006,oracle_event_learned_qr,1935,1,111,16,16,0.7471995724339792,0.029337324772917603
43006,oracle_event_learned_qr,1956,1,110,1,1,0.30877325280221884,0.0020158591090203193
43006,oracle_event_learned_qr,1956,1,110,4,4,0.23124413461897433,0.008741610322073556
43006,oracle_event_learned_qr,1956,1,110,8,6,0.24448187408249974,0.01931776340382711
43006,oracle_event_learned_qr,1956,1,110,16,6,0.24448187408249974,0.01931776340382711
43006,oracle_event_learned_qr,1963,1,110,1,1,0.2990449730472395,0.00024801913622377687
43006,oracle_event_learned_qr,1963,1,110,4,4,0.46185407365310427,0.02748075792208151
43006,oracle_event_learned_qr,1963,1,110,8,8,0.36873750727554655,0.03633694411143622
43006,oracle_event_learned_qr,1963,1,110,16,13,0.27255681116269526,0.028485040065199547
43006,oracle_event_learned_qr,1977,1,110,1,1,0.589773678674036,0.051110982184617855
43006,oracle_event_learned_qr,1977,1,110,4,4,0.3329616063164312,0.050031266969162276
43006,oracle_event_learned_qr,1977,1,110,8,8,0.2159400217301024,0.03468281685107835
43006,oracle_event_learned_qr,1977,1,110,16,9,0.19130347312072296,0.03095177567234712
43006,oracle_event_learned_qr,1987,1,110,1,1,0.05740511588136951,0.00029739048948714805
43006,oracle_event_learned_qr,1987,1,110,4,4,0.16741469905906783,0.01442073195977918
43006,oracle_event_learned_qr,1987,1,110,8,6,0.07274059708834514,0.011708559368989499
43006,oracle_event_learned_qr,1987,1,110,16,6,0.07274059708834514,0.011708559368989499
43006,oracle_event_learned_qr,1994,1,110,1,1,0.023455288920285897,0.040046398009694305
43006,oracle_event_learned_qr,1994,1,110,4,4,0.9305524161954972,0.06072086807619223
43006,oracle_event_learned_qr,1994,1,110,8,8,0.7518212494006924,0.041880944756468114
43006,oracle_event_learned_qr,1994,1,110,16,16,0.5376570585501013,0.04357538983726508
43006,oracle_event_learned_qr,2012,1,110,1,1,0.3169908937202846,0.00019586545547986057
43006,oracle_event_learned_qr,2012,1,110,4,4,0.13206383617968773,0.0043686591786075025
43006,oracle_event_learned_qr,2012,1,110,8,8,0.04138170496261294,0.007544741599302466
43006,oracle_event_learned_qr,2012,1,110,16,11,0.08845180458498456,0.012596440799263581
43006,oracle_event_learned_qr,2024,1,110,1,1,0.7051100408090974,0.027921163679472463
43006,oracle_event_learned_qr,2024,1,110,4,4,0.2413404490789925,0.01208841066690497
43006,oracle_event_learned_qr,2024,1,110,8,8,0.36689837032618516,0.046180218247091634
43006,oracle_event_learned_qr,2024,1,110,16,16,0.3548047243902743,0.03821904746876368
43006,oracle_event_learned_qr,2042,1,110,1,1,0.0898332803258787,0.0013580721046874715
43006,oracle_event_learned_qr,2042,1,110,4,4,-0.03847582693728522,0.009462149133699192
43006,oracle_event_learned_qr,2042,1,110,8,8,0.11021266077691608,0.007848513319842765
43006,oracle_event_learned_qr,2042,1,110,16,9,0.09175516251182075,0.007606173668456191
43006,oracle_event_learned_qr,2052,1,110,1,1,0.12710002513515323,0.0016521257932405168
43006,oracle_event_learned_qr,2052,1,110,4,4,0.3184664705611944,0.008563876586049672
43006,oracle_event_learned_qr,2052,1,110,8,7,0.4032299272824583,0.035007003705487656
43006,oracle_event_learned_qr,2052,1,110,16,7,0.4032299272824583,0.035007003705487656
43006,oracle_event_learned_qr,2060,1,110,1,1,-0.0597993288062547,0.022350399285173097
43006,oracle_event_learned_qr,2060,1,110,4,1,-0.0597993288062547,0.022350399285173097
43006,oracle_event_learned_qr,2060,1,110,8,1,-0.0597993288062547,0.022350399285173097
43006,oracle_event_learned_qr,2060,1,110,16,1,-0.0597993288062547,0.022350399285173097
43006,oracle_event_learned_qr,2062,1,110,1,1,0.20687548617354207,0.01687317505431587
43006,oracle_event_learned_qr,2062,1,110,4,4,0.44984225882521955,0.025305925191737605
43006,oracle_event_learned_qr,2062,1,110,8,8,0.1585016542114587,0.014885065884537736
43006,oracle_event_learned_qr,2062,1,110,16,12,0.37021187206479556,0.021412881039093626
43006,oracle_event_learned_qr,2075,1,110,1,1,1.0865303688927868,0.020748492421737586
43006,oracle_event_learned_qr,2075,1,110,4,4,0.9512523784613849,0.07444256037029728
43006,oracle_event_learned_qr,2075,1,110,8,4,0.9512523784613849,0.07444256037029728
43006,oracle_event_learned_qr,2075,1,110,16,4,0.9512523784613849,0.07444256037029728
43006,oracle_event_learned_qr,2080,1,110,1,1,0.18736026818096158,0.003656932304278758
43006,oracle_event_learned_qr,2080,1,110,4,4,0.3499709026782558,0.050333439253264764
43006,oracle_event_learned_qr,2080,1,110,8,8,0.4223538254554639,0.04214037995220138
43006,oracle_event_learned_qr,2080,1,110,16,16,0.1951239097217271,0.025770412157656963
43006,oracle_event_learned_qr,2142,1,110,1,1,-0.3474178973952748,0.0008500500911437657
43006,oracle_event_learned_qr,2142,1,110,4,2,1.3630840942962177,0.04724113367820735
43006,oracle_event_learned_qr,2142,1,110,8,2,1.3630840942962177,0.04724113367820735
43006,oracle_event_learned_qr,2142,1,110,16,2,1.3630840942962177,0.04724113367820735
43006,oracle_event_learned_qr,2145,1,110,1,1,-0.14146564815590576,0.0018599589894772262
43006,oracle_event_learned_qr,2145,1,110,4,4,1.0424395182845068,0.09225293943327355
43006,oracle_event_learned_qr,2145,1,110,8,7,1.0143104207582208,0.07896601736217361
43006,oracle_event_learned_qr,2145,1,110,16,7,1.0143104207582208,0.07896601736217361
43006,oracle_event_learned_qr,2153,1,110,1,1,0.03426576473941032,0.009241647556343201
43006,oracle_event_learned_qr,2153,1,110,4,4,0.40700033479420417,0.04454894334178656
43006,oracle_event_learned_qr,2153,1,110,8,5,0.30205941798961117,0.036508693705633935
43006,oracle_event_learned_qr,2153,1,110,16,5,0.30205941798961117,0.036508693705633935
43006,oracle_event_learned_qr,2159,1,110,1,1,0.6702467473178234,0.026005321721828567
43006,oracle_event_learned_qr,2159,1,110,4,4,0.15125916736321762,0.01645287984759631
43006,oracle_event_learned_qr,2159,1,110,8,8,0.10824537095801698,0.019773038824301144
43006,oracle_event_learned_qr,2159,1,110,16,16,0.07961343817017226,0.027215876324161038
43006,oracle_event_learned_qr,2194,1,011,1,1,0.4745250869206762,0.5850471771419369
43006,oracle_event_learned_qr,2194,1,011,4,4,0.631126372101986,0.19248028450208604
43006,oracle_event_learned_qr,2194,1,011,8,8,0.8819569503841663,0.1334980581411047
43006,oracle_event_learned_qr,2194,1,011,16,16,0.9015327279302282,0.15994226846653878
43006,oracle_event_learned_qr,2346,2,110,1,1,0.8020726189687272,0.022319619094372228
43006,oracle_event_learned_qr,2346,2,110,4,4,0.29807561996464654,0.018144006302027907
43006,oracle_event_learned_qr,2346,2,110,8,8,0.3439545808661114,0.013194720279701167
43006,oracle_event_learned_qr,2346,2,110,16,16,0.11711830989116007,0.009012346437369471
43006,oracle_event_learned_qr,2367,2,110,1,1,1.337673362348815,0.0007144871057691535
43006,oracle_event_learned_qr,2367,2,110,4,4,0.29014315536190166,0.02222580022182741
43006,oracle_event_learned_qr,2367,2,110,8,8,0.7773742867147235,0.01336557189624709
43006,oracle_event_learned_qr,2367,2,110,16,16,0.7793241950033432,0.02169940565050693
43006,oracle_event_learned_qr,2396,2,111,1,1,0.43827253972169206,0.012294352246589589
43006,oracle_event_learned_qr,2396,2,111,4,2,0.38806070303061935,0.008401712153376692
43006,oracle_event_learned_qr,2396,2,111,8,2,0.38806070303061935,0.008401712153376692
43006,oracle_event_learned_qr,2396,2,111,16,2,0.38806070303061935,0.008401712153376692
43006,oracle_event_learned_qr,2400,2,111,1,1,0.670508458847019,0.05262442145178714
43006,oracle_event_learned_qr,2400,2,111,4,4,0.6301668334359269,0.0522970655444857
43006,oracle_event_learned_qr,2400,2,111,8,8,0.5477047662083847,0.043735353422092435
43006,oracle_event_learned_qr,2400,2,111,16,16,0.6154054176970583,0.03097263642638466
43006,oracle_event_learned_qr,2435,2,111,1,1,0.779262939980592,0.003480960213705945
43006,oracle_event_learned_qr,2435,2,111,4,1,0.779262939980592,0.003480960213705945
43006,oracle_event_learned_qr,2435,2,111,8,1,0.779262939980592,0.003480960213705945
43006,oracle_event_learned_qr,2435,2,111,16,1,0.779262939980592,0.003480960213705945
43006,oracle_event_learned_qr,2437,2,111,1,1,0.5728195593319054,0.05580471255416393
43006,oracle_event_learned_qr,2437,2,111,4,4,0.429428819949788,0.025963707316792005
43006,oracle_event_learned_qr,2437,2,111,8,8,0.5067736739344454,0.013381882905667268
43006,oracle_event_learned_qr,2437,2,111,16,14,0.8299815981107004,0.03458988122630049
43006,oracle_event_learned_qr,2452,2,111,1,1,0.9209714439894675,0.052745163754640514
43006,oracle_event_learned_qr,2452,2,111,4,1,0.9209714439894675,0.052745163754640514
43006,oracle_event_learned_qr,2452,2,111,8,1,0.9209714439894675,0.052745163754640514
43006,oracle_event_learned_qr,2452,2,111,16,1,0.9209714439894675,0.052745163754640514
43006,oracle_event_learned_qr,2454,2,111,1,1,1.3850124652958447,0.15210150812320986
43006,oracle_event_learned_qr,2454,2,111,4,3,0.9467377009518021,0.08708354901621018
43006,oracle_event_learned_qr,2454,2,111,8,3,0.9467377009518021,0.08708354901621018
43006,oracle_event_learned_qr,2454,2,111,16,3,0.9467377009518021,0.08708354901621018
43006,oracle_event_learned_qr,2458,2,111,1,1,0.8367697879169154,0.12097733024705143
43006,oracle_event_learned_qr,2458,2,111,4,4,1.5004188862965524,0.10710252573144978
43006,oracle_event_learned_qr,2458,2,111,8,5,1.3634481785950734,0.09789987724769983
43006,oracle_event_learned_qr,2458,2,111,16,5,1.3634481785950734,0.09789987724769983
43006,oracle_event_learned_qr,2464,2,111,1,1,0.6657646482475574,0.1592953913939088
43006,oracle_event_learned_qr,2464,2,111,4,1,0.6657646482475574,0.1592953913939088
43006,oracle_event_learned_qr,2464,2,111,8,1,0.6657646482475574,0.1592953913939088
43006,oracle_event_learned_qr,2464,2,111,16,1,0.6657646482475574,0.1592953913939088
43006,oracle_event_learned_qr,2466,2,111,1,1,0.7147123156452846,0.0023208702841426582
43006,oracle_event_learned_qr,2466,2,111,4,4,0.605274013983632,0.031149728856951567
43006,oracle_event_learned_qr,2466,2,111,8,8,0.7075499513111424,0.027055823941114873
43006,oracle_event_learned_qr,2466,2,111,16,16,0.6611434208527066,0.02278441449324519
43006,oracle_event_learned_qr,2489,2,111,1,1,1.0316222793960796,1.7509203491342555e-05
43006,oracle_event_learned_qr,2489,2,111,4,4,0.5906958050147262,0.07150680632035444
43006,oracle_event_learned_qr,2489,2,111,8,8,0.6410165412914473,0.04882749037737243
43006,oracle_event_learned_qr,2489,2,111,16,16,0.6793453483102876,0.03684191344797536
43006,oracle_event_learned_qr,2508,2,111,1,1,0.47946619178796,0.19387484916779674
43006,oracle_event_learned_qr,2508,2,111,4,4,1.6773304648451388,0.35762614916677243
43006,oracle_event_learned_qr,2508,2,111,8,7,1.4659180697747891,0.2615419313528117
43006,oracle_event_learned_qr,2508,2,111,16,7,1.4659180697747891,0.2615419313528117
43006,oracle_event_learned_qr,2516,2,111,1,1,1.5607929417413566,0.06189323419724731
43006,oracle_event_learned_qr,2516,2,111,4,4,0.9988644919296652,0.14280173909557084
43006,oracle_event_learned_qr,2516,2,111,8,8,0.7995411684611802,0.08443506843332133
43006,oracle_event_learned_qr,2516,2,111,16,8,0.7995411684611802,0.08443506843332133
43006,oracle_event_learned_qr,2525,2,111,1,1,1.1406130953836384,0.12159776169877747
43006,oracle_event_learned_qr,2525,2,111,4,4,1.0398196548515015,0.08450397079488886
43006,oracle_event_learned_qr,2525,2,111,8,8,0.7766339422788648,0.053941373887984444
43006,oracle_event_learned_qr,2525,2,111,16,8,0.7766339422788648,0.053941373887984444
43006,oracle_event_learned_qr,2534,2,111,1,1,0.6778857156154737,2.083956226897744e-05
43006,oracle_event_learned_qr,2534,2,111,4,3,0.5151496860757464,0.052237507425756
43006,oracle_event_learned_qr,2534,2,111,8,3,0.5151496860757464,0.052237507425756
43006,oracle_event_learned_qr,2534,2,111,16,3,0.5151496860757464,0.052237507425756
43006,oracle_event_learned_qr,2539,2,111,1,1,0.7755424077623815,0.003416520881204424
43006,oracle_event_learned_qr,2539,2,111,4,4,0.5312607604990295,0.018983355507532478
43006,oracle_event_learned_qr,2539,2,111,8,8,0.8129484176135184,0.039896515969208
43006,oracle_event_learned_qr,2539,2,111,16,10,0.7715766206386387,0.03681686585005674
43006,oracle_event_learned_qr,2550,2,111,1,1,0.5394563111782872,0.3244149089342704
43006,oracle_event_learned_qr,2550,2,111,4,4,1.337116870155478,0.1433998403411954
43006,oracle_event_learned_qr,2550,2,111,8,8,1.0541952369746497,0.08097892291991747
43006,oracle_event_learned_qr,2550,2,111,16,8,1.0541952369746497,0.08097892291991747
43006,oracle_event_learned_qr,2559,2,111,1,1,1.4526939284146894,0.006351202699290401
43006,oracle_event_learned_qr,2559,2,111,4,4,0.9676081866782492,0.07789272866177882
43006,oracle_event_learned_qr,2559,2,111,8,8,0.7156142984463192,0.0718675153841111
43006,oracle_event_learned_qr,2559,2,111,16,16,0.834507319239268,0.04566356588339895
43006,oracle_event_learned_qr,2590,2,101,1,1,1.125329008512268,0.014504046213629981
43006,oracle_event_learned_qr,2590,2,101,4,4,0.8533235136725443,0.040785741324797446
43006,oracle_event_learned_qr,2590,2,101,8,8,0.8072067086050849,0.03070182066945104
43006,oracle_event_learned_qr,2590,2,101,16,16,0.8612690934959797,0.035540963723840524
43006,oracle_event_learned_qr,2617,2,101,1,1,0.7373938735350818,0.1943228895588577
43006,oracle_event_learned_qr,2617,2,101,4,4,1.0706718657351346,0.0585430095690407
43006,oracle_event_learned_qr,2617,2,101,8,8,0.8282378871780911,0.036700734031713235
43006,oracle_event_learned_qr,2617,2,101,16,16,0.6689796010464559,0.06863448173927233
43006,oracle_event_learned_qr,2639,2,101,1,1,0.5761822889596736,0.323075309240128
43006,oracle_event_learned_qr,2639,2,101,4,1,0.5761822889596736,0.323075309240128
43006,oracle_event_learned_qr,2639,2,101,8,1,0.5761822889596736,0.323075309240128
43006,oracle_event_learned_qr,2639,2,101,16,1,0.5761822889596736,0.323075309240128
43006,oracle_event_learned_qr,2641,2,101,1,1,0.4234915827881441,0.007310799140902506
43006,oracle_event_learned_qr,2641,2,101,4,4,0.5937721971680605,0.04162662563599779
43006,oracle_event_learned_qr,2641,2,101,8,8,0.6879941623983599,0.03268981011957992
43006,oracle_event_learned_qr,2641,2,101,16,16,0.8194484891559333,0.023645674922412915
43006,oracle_event_learned_qr,2667,2,101,1,1,1.0014920393025053,0.03274953069231822
43006,oracle_event_learned_qr,2667,2,101,4,3,1.036477667865781,0.03121700296389314
43006,oracle_event_learned_qr,2667,2,101,8,3,1.036477667865781,0.03121700296389314
43006,oracle_event_learned_qr,2667,2,101,16,3,1.036477667865781,0.03121700296389314
43006,oracle_event_learned_qr,2671,2,101,1,1,0.42370477179877913,0.00014187478312187947
43006,oracle_event_learned_qr,2671,2,101,4,4,0.4842764958948744,0.013910018521044338
43006,oracle_event_learned_qr,2671,2,101,8,8,0.4199061469323716,0.010267655686880473
43006,oracle_event_learned_qr,2671,2,101,16,16,0.42960822637896434,0.023520580047605287
43006,oracle_event_learned_qr,2795,2,011,1,1,1.644887513548452,0.05352363976402998
43006,oracle_event_learned_qr,2795,2,011,4,4,0.8635451473287408,0.04596304661140761
43006,oracle_event_learned_qr,2795,2,011,8,8,0.8521150321237043,0.030697062035795496
43006,oracle_event_learned_qr,2795,2,011,16,16,0.8254956217301839,0.047138180309038574
43006,oracle_event_learned_qr,2820,2,110,1,1,0.4173664389996012,1.8694230697855775e-05
43006,oracle_event_learned_qr,2820,2,110,4,4,0.4726358139267925,0.011290237887550757
43006,oracle_event_learned_qr,2820,2,110,8,4,0.4726358139267925,0.011290237887550757
43006,oracle_event_learned_qr,2820,2,110,16,4,0.4726358139267925,0.011290237887550757
43006,oracle_event_learned_qr,2825,2,110,1,1,0.38738125986064753,0.0007777041335678159
43006,oracle_event_learned_qr,2825,2,110,4,4,0.37788747594860317,0.04372835079057689
43006,oracle_event_learned_qr,2825,2,110,8,4,0.37788747594860317,0.04372835079057689
43006,oracle_event_learned_qr,2825,2,110,16,4,0.37788747594860317,0.04372835079057689
43006,oracle_event_learned_qr,2830,2,110,1,1,0.33762243933082003,5.253177217315848e-06
43006,oracle_event_learned_qr,2830,2,110,4,4,0.44748756596142525,0.008220500034451773
43006,oracle_event_learned_qr,2830,2,110,8,8,0.5202820178929832,0.03691956228945219
43006,oracle_event_learned_qr,2830,2,110,16,8,0.5202820178929832,0.03691956228945219
43006,oracle_event_learned_qr,2839,2,110,1,1,0.26178415669830835,0.00017466637875554998
43006,oracle_event_learned_qr,2839,2,110,4,1,0.26178415669830835,0.00017466637875554998
43006,oracle_event_learned_qr,2839,2,110,8,1,0.26178415669830835,0.00017466637875554998
43006,oracle_event_learned_qr,2839,2,110,16,1,0.26178415669830835,0.00017466637875554998
43006,oracle_event_learned_qr,2841,2,110,1,1,0.6218039342136569,0.02070438402262113
43006,oracle_event_learned_qr,2841,2,110,4,4,0.2338767921376003,0.009212119429999534
43006,oracle_event_learned_qr,2841,2,110,8,6,0.21610118964610892,0.013236326415428863
43006,oracle_event_learned_qr,2841,2,110,16,6,0.21610118964610892,0.013236326415428863
43006,oracle_event_learned_qr,2848,2,110,1,1,0.11678447669276368,0.01755235878251494
43006,oracle_event_learned_qr,2848,2,110,4,2,0.05360911829404,0.027044278159925814
43006,oracle_event_learned_qr,2848,2,110,8,2,0.05360911829404,0.027044278159925814
43006,oracle_event_learned_qr,2848,2,110,16,2,0.05360911829404,0.027044278159925814
43006,oracle_event_learned_qr,2851,2,110,1,1,0.19444306123494773,4.440960993575201e-06
43006,oracle_event_learned_qr,2851,2,110,4,4,0.7308413943091163,0.09650792077608433
43006,oracle_event_learned_qr,2851,2,110,8,6,0.5451256261695964,0.07570075199976924
43006,oracle_event_learned_qr,2851,2,110,16,6,0.5451256261695964,0.07570075199976924
43006,oracle_event_learned_qr,2858,2,110,1,1,0.13321578025533798,0.006311403888391662
43006,oracle_event_learned_qr,2858,2,110,4,4,0.0255590507639928,0.004270751993608428
43006,oracle_event_learned_qr,2858,2,110,8,8,0.08043905962825773,0.018537298508494796
43006,oracle_event_learned_qr,2858,2,110,16,15,0.2503280534448459,0.02195879180892453
43006,oracle_event_learned_qr,2875,2,110,1,1,0.06515187162318117,0.002413015821240967
43006,oracle_event_learned_qr,2875,2,110,4,1,0.06515187162318117,0.002413015821240967
43006,oracle_event_learned_qr,2875,2,110,8,1,0.06515187162318117,0.002413015821240967
43006,oracle_event_learned_qr,2875,2,110,16,1,0.06515187162318117,0.002413015821240967
43006,oracle_event_learned_qr,2877,2,110,1,1,0.07478760680751098,0.011102732954108878
43006,oracle_event_learned_qr,2877,2,110,4,4,0.18083183787994028,0.01780571242446301
43006,oracle_event_learned_qr,2877,2,110,8,8,0.07471610216195926,0.012854108997220788
43006,oracle_event_learned_qr,2877,2,110,16,16,-0.006421698836465789,0.017259470036803837
43006,oracle_event_learned_qr,2914,2,110,1,1,0.4169547423973701,0.016284588614148058
43006,oracle_event_learned_qr,2914,2,110,4,4,0.8786187672097054,0.03949434347747105
43006,oracle_event_learned_qr,2914,2,110,8,8,0.5455968182373115,0.033737437027796344
43006,oracle_event_learned_qr,2914,2,110,16,16,0.4427165622605235,0.03750082896366433
43006,oracle_event_learned_qr,2959,2,110,1,1,0.09446059921075729,0.009483874936908665
43006,oracle_event_learned_qr,2959,2,110,4,2,-0.07271712455748053,0.01784089256421951
43006,oracle_event_learned_qr,2959,2,110,8,2,-0.07271712455748053,0.01784089256421951
43006,oracle_event_learned_qr,2959,2,110,16,2,-0.07271712455748053,0.01784089256421951
43006,oracle_event_learned_qr,2962,2,110,1,1,-0.046099677072867426,7.408301839629413e-07
43006,oracle_event_learned_qr,2962,2,110,4,4,-0.1521196244141,0.0062626829848489215
43006,oracle_event_learned_qr,2962,2,110,8,8,-0.04836559051446064,0.014104662628577149
43006,oracle_event_learned_qr,2962,2,110,16,16,-0.030058466082196894,0.014606251272098913
43006,oracle_event_learned_qr,2982,2,110,1,1,-0.11826976202488604,0.031086068288709655
43006,oracle_event_learned_qr,2982,2,110,4,4,0.4486230475684864,0.04392735651787139
43006,oracle_event_learned_qr,2982,2,110,8,8,0.12011744346904973,0.028323041023345263
43006,oracle_event_learned_qr,2982,2,110,16,16,0.05938468527081246,0.023694214083910838
43006,oracle_event_learned_qr,3011,2,110,1,1,0.7674661276018245,0.021215082554485374
43006,oracle_event_learned_qr,3011,2,110,4,4,0.31114443940547465,0.020119124947751442
43006,oracle_event_learned_qr,3011,2,110,8,8,0.3194414099117152,0.040190899711240666
43006,oracle_event_learned_qr,3011,2,110,16,16,0.29313456707055263,0.03049864722650078
43006,oracle_event_learned_qr,3064,2,111,1,1,2.9096017756514607,0.029622064534523457
43006,oracle_event_learned_qr,3064,2,111,4,4,1.9889679791150376,0.10917400272173909
43006,oracle_event_learned_qr,3064,2,111,8,8,1.9239337660250193,0.07705908219489514
43006,oracle_event_learned_qr,3064,2,111,16,16,1.242009741993313,0.06678438290282629
43006,oracle_event_learned_qr,3136,2,101,1,1,0.5236065662605572,0.0595545907401445
43006,oracle_event_learned_qr,3136,2,101,4,4,0.4085398667127169,0.05656629260777277
43006,oracle_event_learned_qr,3136,2,101,8,8,0.46734555210973017,0.05928689831752644
43006,oracle_event_learned_qr,3136,2,101,16,13,0.51655513067172,0.046014566258872965
43006,oracle_event_learned_qr,3150,2,101,1,1,0.3483565854145518,0.0711066653004356
43006,oracle_event_learned_qr,3150,2,101,4,4,0.4894786580388546,0.029040214298579628
43006,oracle_event_learned_qr,3150,2,101,8,8,0.3972180018321826,0.0393009524738851
43006,oracle_event_learned_qr,3150,2,101,16,11,0.3197223808529369,0.03730012898425638
43006,oracle_event_learned_qr,3162,2,101,1,1,0.5856856481651344,0.002735951996575425
43006,oracle_event_learned_qr,3162,2,101,4,4,0.27905404280056345,0.019446402605871712
43006,oracle_event_learned_qr,3162,2,101,8,8,0.21624298310179568,0.02180975267392852
43006,oracle_event_learned_qr,3162,2,101,16,8,0.21624298310179568,0.02180975267392852
43006,oracle_event_learned_qr,3171,2,101,1,1,1.2293528094431911,0.10860894256897097
43006,oracle_event_learned_qr,3171,2,101,4,4,0.8894407328305289,0.031475162252654856
43006,oracle_event_learned_qr,3171,2,101,8,8,0.4366726918085569,0.020436980364268505
43006,oracle_event_learned_qr,3171,2,101,16,16,0.4247979312106609,0.015879570836469584
43006,oracle_event_learned_qr,3209,2,101,1,1,0.40205642013377924,0.059314937758835715
43006,oracle_event_learned_qr,3209,2,101,4,4,0.5220190140222067,0.04748001267641691
43006,oracle_event_learned_qr,3209,2,101,8,8,0.7244556021007373,0.03896500155065897
43006,oracle_event_learned_qr,3209,2,101,16,16,0.7375178282460604,0.02917461577263207
43006,oracle_event_learned_qr,3398,2,101,1,1,1.1578713505586509,0.02133372468049797
43006,oracle_event_learned_qr,3398,2,101,4,4,0.9004096721267167,0.026294036931854475
43006,oracle_event_learned_qr,3398,2,101,8,8,0.7022876674402962,0.01779582383405992
43006,oracle_event_learned_qr,3398,2,101,16,16,0.873175885284182,0.03255168664046651
43006,oracle_event_learned_qr,3425,2,101,1,1,1.048484021800096,0.17639231801552696
43006,oracle_event_learned_qr,3425,2,101,4,4,0.9330552206950418,0.10582707069821776
43006,oracle_event_learned_qr,3425,2,101,8,8,0.6777755876187986,0.06225422386546913
43006,oracle_event_learned_qr,3425,2,101,16,16,0.6003569786987167,0.049081395063095244
43006,oracle_event_learned_qr,3446,2,101,1,1,0.6262725122247694,0.13722333229097983
43006,oracle_event_learned_qr,3446,2,101,4,4,0.5284042681426131,0.0780768666335646
43006,oracle_event_learned_qr,3446,2,101,8,8,0.43756072248143,0.041849512459112635
43006,oracle_event_learned_qr,3446,2,101,16,9,0.41189889910179245,0.03759408946695469
43006,oracle_event_learned_qr,3474,3,101,1,1,0.5719496925207488,0.002178893701813132
43006,oracle_event_learned_qr,3474,3,101,4,2,0.3973889805215936,0.029151425897386625
43006,oracle_event_learned_qr,3474,3,101,8,2,0.3973889805215936,0.029151425897386625
43006,oracle_event_learned_qr,3474,3,101,16,2,0.3973889805215936,0.029151425897386625
43006,oracle_event_learned_qr,3477,3,101,1,1,4.903787340026031,0.023734085805534103
43006,oracle_event_learned_qr,3477,3,101,4,4,1.765401448106552,0.06905972927801687
43006,oracle_event_learned_qr,3477,3,101,8,8,1.297905219657399,0.12368281812508891
43006,oracle_event_learned_qr,3477,3,101,16,14,1.1753217403628615,0.19807216152052134
43006,oracle_event_learned_qr,3492,3,101,1,1,1.476675644527135,0.20730750832098196
43006,oracle_event_learned_qr,3492,3,101,4,4,1.3243717581409387,0.10186608837466422
43006,oracle_event_learned_qr,3492,3,101,8,8,1.0107394336312967,0.08319224493804533
43006,oracle_event_learned_qr,3492,3,101,16,15,0.8461568818821668,0.0792375322864444
43006,oracle_event_learned_qr,3508,3,101,1,1,0.7166837798473469,0.4775795528177033
43006,oracle_event_learned_qr,3508,3,101,4,1,0.7166837798473469,0.4775795528177033
43006,oracle_event_learned_qr,3508,3,101,8,1,0.7166837798473469,0.4775795528177033
43006,oracle_event_learned_qr,3508,3,101,16,1,0.7166837798473469,0.4775795528177033
43006,oracle_event_learned_qr,3510,3,101,1,1,1.1632133327755776,0.08832498190727901
43006,oracle_event_learned_qr,3510,3,101,4,4,0.660989240297624,0.037850558745100384
43006,oracle_event_learned_qr,3510,3,101,8,8,0.5233111030305893,0.02674361125544121
43006,oracle_event_learned_qr,3510,3,101,16,11,0.6702345900340857,0.026079590571324748
43006,oracle_event_learned_qr,3522,3,101,1,1,0.38321888966834056,0.03969975214864933
43006,oracle_event_learned_qr,3522,3,101,4,4,0.24685433945352817,0.028223241212538615
43006,oracle_event_learned_qr,3522,3,101,8,8,0.3675184788006456,0.028087939282320937
43006,oracle_event_learned_qr,3522,3,101,16,10,0.417121499702806,0.026413091673483168
43006,oracle_event_learned_qr,3533,3,101,1,1,0.17816380894660275,0.03720354359355136
43006,oracle_event_learned_qr,3533,3,101,4,4,0.469586986921847,0.024713608191693222
43006,oracle_event_learned_qr,3533,3,101,8,8,0.315871195162647,0.035181852495123025
43006,oracle_event_learned_qr,3533,3,101,16,12,0.8762683127069723,0.052557561452186104
43006,oracle_event_learned_qr,3546,3,101,1,1,0.26482340982483743,0.23467969113235823
43006,oracle_event_learned_qr,3546,3,101,4,1,0.26482340982483743,0.23467969113235823
43006,oracle_event_learned_qr,3546,3,101,8,1,0.26482340982483743,0.23467969113235823
43006,oracle_event_learned_qr,3546,3,101,16,1,0.26482340982483743,0.23467969113235823
43006,oracle_event_learned_qr,3548,3,101,1,1,1.3946354586694105,0.005247369491384628
43006,oracle_event_learned_qr,3548,3,101,4,4,0.5413227217784116,0.007562150033594469
43006,oracle_event_learned_qr,3548,3,101,8,8,0.7604680376707533,0.028545159699990687
43006,oracle_event_learned_qr,3548,3,101,16,16,0.8510319327329875,0.03430575948531134
43006,oracle_event_learned_qr,3572,3,111,1,1,0.634072378685197,0.04837293766313947
43006,oracle_event_learned_qr,3572,3,111,4,4,0.8991646912125313,0.05929971359655426
43006,oracle_event_learned_qr,3572,3,111,8,8,1.1603272614118458,0.08729920724589368
43006,oracle_event_learned_qr,3572,3,111,16,14,1.0811751127701326,0.0709475205214418
43006,oracle_event_learned_qr,3587,3,111,1,1,0.5894588999816569,0.004497945774575389
43006,oracle_event_learned_qr,3587,3,111,4,4,0.5190223313141071,0.004647263081335443
43006,oracle_event_learned_qr,3587,3,111,8,5,0.5614375178893258,0.0037317811694696306
43006,oracle_event_learned_qr,3587,3,111,16,5,0.5614375178893258,0.0037317811694696306
43006,oracle_event_learned_qr,3593,3,111,1,1,0.6216072539806046,0.0005459535126495996
43006,oracle_event_learned_qr,3593,3,111,4,4,1.0252815593311924,0.054401386840405935
43006,oracle_event_learned_qr,3593,3,111,8,8,1.1551811047182172,0.07841776757539681
43006,oracle_event_learned_qr,3593,3,111,16,16,0.9752199237796886,0.10226778959447361
43006,oracle_event_learned_qr,3632,3,111,1,1,0.4123097580521815,0.07471497650956993
43006,oracle_event_learned_qr,3632,3,111,4,4,0.5870603227029625,0.026419708000539003
43006,oracle_event_learned_qr,3632,3,111,8,8,1.0082111530562718,0.06975076691894104
43006,oracle_event_learned_qr,3632,3,111,16,9,0.9528351125724352,0.06201881896180322
43006,oracle_event_learned_qr,3642,3,111,1,1,2.3800259892014926,0.043925680368789646
43006,oracle_event_learned_qr,3642,3,111,4,4,1.304997623080802,0.20477361522913276
43006,oracle_event_learned_qr,3642,3,111,8,7,0.9640962744380601,0.18534643086991628
43006,oracle_event_learned_qr,3642,3,111,16,7,0.9640962744380601,0.18534643086991628
43006,oracle_event_learned_qr,3650,3,111,1,1,0.709564183539519,0.039339250577214484
43006,oracle_event_learned_qr,3650,3,111,4,4,1.0812873879865643,0.16855285379704957
43006,oracle_event_learned_qr,3650,3,111,8,8,0.7900455882552712,0.09912500134377102
43006,oracle_event_learned_qr,3650,3,111,16,16,0.741781940651812,0.07644388811044764
43006,oracle_event_learned_qr,3692,3,110,1,1,0.35769493833520444,0.012538115604899147
43006,oracle_event_learned_qr,3692,3,110,4,4,0.3076454337469464,0.02149933667244394
43006,oracle_event_learned_qr,3692,3,110,8,8,0.3133039463806371,0.021413868535951636
43006,oracle_event_learned_qr,3692,3,110,16,9,0.32114498320649404,0.032423156511333824
43006,oracle_event_learned_qr,3703,3,110,1,1,0.7507277371397538,0.08392180854488518
43006,oracle_event_learned_qr,3703,3,110,4,4,0.3912356805552792,0.03535437070990191
43006,oracle_event_learned_qr,3703,3,110,8,8,0.2603330251665843,0.025648279972218756
43006,oracle_event_learned_qr,3703,3,110,16,16,0.14945529628214027,0.01953611367147982
43006,oracle_event_learned_qr,3723,3,110,1,1,-0.10475858778976681,0.0002087021615535437
43006,oracle_event_learned_qr,3723,3,110,4,1,-0.10475858778976681,0.0002087021615535437
43006,oracle_event_learned_qr,3723,3,110,8,1,-0.10475858778976681,0.0002087021615535437
43006,oracle_event_learned_qr,3723,3,110,16,1,-0.10475858778976681,0.0002087021615535437
43006,oracle_event_learned_qr,3725,3,110,1,1,0.3743060246972907,0.015324999411835622
43006,oracle_event_learned_qr,3725,3,110,4,4,-0.0594857533965604,0.008432053289319074
43006,oracle_event_learned_qr,3725,3,110,8,8,-0.005432089955174149,0.00990871853270665
43006,oracle_event_learned_qr,3725,3,110,16,16,0.13802073595335704,0.017566605415831812
43006,oracle_event_learned_qr,3755,3,110,1,1,-0.1707550451790529,0.039272552588181735
43006,oracle_event_learned_qr,3755,3,110,4,4,0.14137181779290944,0.018343656696783978
43006,oracle_event_learned_qr,3755,3,110,8,8,0.3803761974824944,0.023773960594164915
43006,oracle_event_learned_qr,3755,3,110,16,13,0.2906311703221896,0.022609607483162004
43006,oracle_event_learned_qr,3769,3,110,1,1,1.313423315763382,0.034121544079995555
43006,oracle_event_learned_qr,3769,3,110,4,4,0.2165103915335273,0.014065215214641507
43006,oracle_event_learned_qr,3769,3,110,8,8,0.6871689348312972,0.017539551673120612
43006,oracle_event_learned_qr,3769,3,110,16,16,1.0009309013289966,0.05530517832895899
43006,oracle_event_learned_qr,3791,3,111,1,1,0.4561101934768417,0.3341560552034605
43006,oracle_event_learned_qr,3791,3,111,4,4,1.648739842704126,0.13210559833268654
43006,oracle_event_learned_qr,3791,3,111,8,8,0.9764624267697513,0.09183106285339876
43006,oracle_event_learned_qr,3791,3,111,16,16,0.776481497512292,0.06698272614769316
43006,oracle_event_learned_qr,3811,3,111,1,1,0.2877816933198521,0.12081776052620767
43006,oracle_event_learned_qr,3811,3,111,4,4,1.0293206668451653,0.38485012863047
43006,oracle_event_learned_qr,3811,3,111,8,4,1.0293206668451653,0.38485012863047
43006,oracle_event_learned_qr,3811,3,111,16,4,1.0293206668451653,0.38485012863047
43006,oracle_event_learned_qr,3816,3,111,1,1,2.960500277401992,0.004519831275642828
43006,oracle_event_learned_qr,3816,3,111,4,4,1.2336433784585796,0.02245365329310045
43006,oracle_event_learned_qr,3816,3,111,8,8,1.0466354181074689,0.029464476284164036
43006,oracle_event_learned_qr,3816,3,111,16,12,0.8028157940156025,0.025355872631168425
43006,oracle_event_learned_qr,3829,3,111,1,1,2.6596495847341424,0.0028470332495476734
43006,oracle_event_learned_qr,3829,3,111,4,4,1.2379912635481234,0.02977301157186473
43006,oracle_event_learned_qr,3829,3,111,8,8,1.1906985198490072,0.020913852287613395
43006,oracle_event_learned_qr,3829,3,111,16,16,1.0200998109359425,0.020327179981095657
43006,oracle_event_learned_qr,3858,3,101,1,1,0.42400741582092333,0.026535307205028474
43006,oracle_event_learned_qr,3858,3,101,4,4,0.6828607679251146,0.03465776412886188
43006,oracle_event_learned_qr,3858,3,101,8,7,0.8750901081112649,0.026615216575855388
43006,oracle_event_learned_qr,3858,3,101,16,7,0.8750901081112649,0.026615216575855388
43006,oracle_event_learned_qr,3866,3,101,1,1,1.3758741950292555,0.018679084163536273
43006,oracle_event_learned_qr,3866,3,101,4,4,0.7018231428960737,0.006215548824953686
43006,oracle_event_learned_qr,3866,3,101,8,8,0.7299476518112157,0.009475759266834957
43006,oracle_event_learned_qr,3866,3,101,16,16,0.6173912614604018,0.01787055837258228
43006,oracle_event_learned_qr,4072,3,011,1,1,0.48772533513601485,0.021122023480076482
43006,oracle_event_learned_qr,4072,3,011,4,4,0.7327019887573654,0.15563198929523217
43006,oracle_event_learned_qr,4072,3,011,8,8,0.875959214890259,0.11791105232041865
43006,oracle_event_learned_qr,4072,3,011,16,16,1.064836249920166,0.07680627767684464
43006,oracle_event_learned_qr,4135,3,110,1,1,0.7808655214451166,0.0018120938763570241
43006,oracle_event_learned_qr,4135,3,110,4,2,0.8164648612982298,0.03497535393994186
43006,oracle_event_learned_qr,4135,3,110,8,2,0.8164648612982298,0.03497535393994186
43006,oracle_event_learned_qr,4135,3,110,16,2,0.8164648612982298,0.03497535393994186
43006,oracle_event_learned_qr,4138,3,110,1,1,0.19664378654547152,1.0745896743694623e-10
43006,oracle_event_learned_qr,4138,3,110,4,4,0.10111537512618461,0.007827036352372611
43006,oracle_event_learned_qr,4138,3,110,8,5,0.06917499350992645,0.01022409627283673
43006,oracle_event_learned_qr,4138,3,110,16,5,0.06917499350992645,0.01022409627283673
43006,oracle_event_learned_qr,4144,3,110,1,1,0.2084560938430994,0.002897949096168318
43006,oracle_event_learned_qr,4144,3,110,4,4,0.04567314370876978,0.0087800688207503
43006,oracle_event_learned_qr,4144,3,110,8,5,0.03485243649800138,0.02164114410289674
43006,oracle_event_learned_qr,4144,3,110,16,5,0.03485243649800138,0.02164114410289674
43006,oracle_event_learned_qr,4150,3,110,1,1,-0.010074425470526267,0.0003031916002640773
43006,oracle_event_learned_qr,4150,3,110,4,4,0.7831599885298478,0.0823900529658195
43006,oracle_event_learned_qr,4150,3,110,8,8,0.6344059188246673,0.054623448747662014
43006,oracle_event_learned_qr,4150,3,110,16,16,0.5548222627487734,0.03977675423941629
43006,oracle_event_learned_qr,4181,3,110,1,1,0.10979576384449521,0.0035580280927586493
43006,oracle_event_learned_qr,4181,3,110,4,4,0.3198497169464268,0.05296821155175149
43006,oracle_event_learned_qr,4181,3,110,8,8,0.3413027533464992,0.05548710439748642
43006,oracle_event_learned_qr,4181,3,110,16,11,0.32475137364929857,0.05503945215227551
43006,oracle_event_learned_qr,4193,3,101,1,1,1.3261115473864726,0.0001486484177098125
43006,oracle_event_learned_qr,4193,3,101,4,4,0.7287761452680667,0.01826672102455729
43006,oracle_event_learned_qr,4193,3,101,8,8,0.6132207122763205,0.03895352271327858
43006,oracle_event_learned_qr,4193,3,101,16,8,0.6132207122763205,0.03895352271327858
43006,oracle_event_learned_qr,4202,3,101,1,1,0.10589382183040828,0.0003734637927184165
43006,oracle_event_learned_qr,4202,3,101,4,4,0.19807489846311746,0.005138925194640889
43006,oracle_event_learned_qr,4202,3,101,8,8,0.3667274673077066,0.03397669676864331
43006,oracle_event_learned_qr,4202,3,101,16,16,0.6583898777692747,0.05404037122663734
43006,oracle_event_learned_qr,4222,3,101,1,1,0.6330394115119103,0.00900373879525778
43006,oracle_event_learned_qr,4222,3,101,4,4,0.4570593266514248,0.01235473804562498
43006,oracle_event_learned_qr,4222,3,101,8,8,0.4945194940409802,0.017264797167315035
43006,oracle_event_learned_qr,4222,3,101,16,16,0.6742924093877374,0.032133869596573425
43006,oracle_event_learned_qr,4260,3,101,1,1,0.6416032737663191,0.030709387111466653
43006,oracle_event_learned_qr,4260,3,101,4,4,0.5518154727074847,0.013947357812384435
43006,oracle_event_learned_qr,4260,3,101,8,8,0.6684860955158554,0.0324507961246475
43006,oracle_event_learned_qr,4260,3,101,16,11,0.6232027467822557,0.03250975893085216
43006,oracle_event_learned_qr,4272,3,101,1,1,0.38020092565470365,0.1647851775400343
43006,oracle_event_learned_qr,4272,3,101,4,4,0.4458149569132618,0.10332824373967062
43006,oracle_event_learned_qr,4272,3,101,8,8,0.6945719313248466,0.06016283420419222
43006,oracle_event_learned_qr,4272,3,101,16,10,0.6961279132717803,0.052927644890593276
43006,oracle_event_learned_qr,4283,3,101,1,1,0.8056778432060578,0.004978665209848021
43006,oracle_event_learned_qr,4283,3,101,4,4,0.35427147142298987,0.001634884747403765
43006,oracle_event_learned_qr,4283,3,101,8,6,0.7324931361884044,0.007797102504281612
43006,oracle_event_learned_qr,4283,3,101,16,6,0.7324931361884044,0.007797102504281612
43006,oracle_event_learned_qr,4290,3,101,1,1,0.605494459222335,0.013516614596799512
43006,oracle_event_learned_qr,4290,3,101,4,4,0.5656201212103404,0.02016619677225236
43006,oracle_event_learned_qr,4290,3,101,8,8,0.4466527341013703,0.054113897477306015
43006,oracle_event_learned_qr,4290,3,101,16,15,0.763077171956287,0.07814762870900244
43006,oracle_event_learned_qr,4306,3,101,1,1,2.2265148982878684,0.0030415015328903107
43006,oracle_event_learned_qr,4306,3,101,4,4,1.1930776361899726,0.07346991498802666
43006,oracle_event_learned_qr,4306,3,101,8,8,0.7410441626715853,0.1136618037993815
43006,oracle_event_learned_qr,4306,3,101,16,10,0.6375110025750461,0.09645880560492547
43006,oracle_event_learned_qr,4317,3,101,1,1,1.6294799223917416,0.00048817102504162364
43006,oracle_event_learned_qr,4317,3,101,4,4,1.1849707809353283,0.021325190903051336
43006,oracle_event_learned_qr,4317,3,101,8,8,0.9828510239451025,0.014674103888794792
43006,oracle_event_learned_qr,4317,3,101,16,16,1.0672975663305035,0.013288473796539729
43006,oracle_event_learned_qr,4416,3,110,1,1,-0.08251324151146072,0.03190735106091792
43006,oracle_event_learned_qr,4416,3,110,4,4,-0.12310665344387156,0.012166834361286797
43006,oracle_event_learned_qr,4416,3,110,8,8,-0.2044617548181554,0.009837123283228976
43006,oracle_event_learned_qr,4416,3,110,16,8,-0.2044617548181554,0.009837123283228976
43006,oracle_event_learned_qr,4425,3,110,1,1,-0.23465472650771727,0.0033998745272188643
43006,oracle_event_learned_qr,4425,3,110,4,4,-0.015001477810170303,0.014716469262460515
43006,oracle_event_learned_qr,4425,3,110,8,8,0.28255579032271794,0.03651767641105781
43006,oracle_event_learned_qr,4425,3,110,16,16,0.15592962664194993,0.024967804642294915
43006,oracle_event_learned_qr,4442,3,110,1,1,-0.11720753229787646,0.0045473911665693265
43006,oracle_event_learned_qr,4442,3,110,4,4,0.15640830745906892,0.021367030274774136
43006,oracle_event_learned_qr,4442,3,110,8,8,-0.042361854601604645,0.021859128839439853
43006,oracle_event_learned_qr,4442,3,110,16,16,-0.005270428186828421,0.020077356025779897
43006,oracle_event_learned_qr,4470,3,110,1,1,0.12686009231932793,0.013821778618421519
43006,oracle_event_learned_qr,4470,3,110,4,4,0.0348121393889871,0.006296968049263747
43006,oracle_event_learned_qr,4470,3,110,8,8,0.060788436067524584,0.010524050462137792
43006,oracle_event_learned_qr,4470,3,110,16,14,0.027318518478499587,0.01180670737519526
43006,oracle_event_learned_qr,4485,3,110,1,1,0.04296575029231857,0.018703353606055358
43006,oracle_event_learned_qr,4485,3,110,4,4,0.14094903566376638,0.026278036224054228
43006,oracle_event_learned_qr,4485,3,110,8,8,0.041860897726093305,0.022975217390847638
43006,oracle_event_learned_qr,4485,3,110,16,16,0.4981206444735692,0.031933124629758766
43006,oracle_event_learned_qr,4518,3,111,1,1,0.29808848231751645,4.564943135519668e-05
43006,oracle_event_learned_qr,4518,3,111,4,3,0.6314971175240714,0.05154998702080552
43006,oracle_event_learned_qr,4518,3,111,8,3,0.6314971175240714,0.05154998702080552
43006,oracle_event_learned_qr,4518,3,111,16,3,0.6314971175240714,0.05154998702080552
43006,oracle_event_learned_qr,4522,3,111,1,1,0.8887665015088518,0.16649678584740024
43006,oracle_event_learned_qr,4522,3,111,4,4,0.4840106213187454,0.09830662254605735
43006,oracle_event_learned_qr,4522,3,111,8,5,0.44582592045479374,0.13950516841124677
43006,oracle_event_learned_qr,4522,3,111,16,5,0.44582592045479374,0.13950516841124677
43006,oracle_event_learned_qr,4528,3,111,1,1,2.554918038800201,0.003855660161367393
43006,oracle_event_learned_qr,4528,3,111,4,4,1.4647614641332143,0.005393920170108212
43006,oracle_event_learned_qr,4528,3,111,8,8,1.3849242965933146,0.027408725000853472
43006,oracle_event_learned_qr,4528,3,111,16,16,1.2419889516568638,0.07346178686162413
43006,oracle_event_learned_qr,4549,3,111,1,1,0.4659853858522417,0.014195972588719769
43006,oracle_event_learned_qr,4549,3,111,4,2,0.4028158731533801,0.009568519087420882
43006,oracle_event_learned_qr,4549,3,111,8,2,0.4028158731533801,0.009568519087420882
43006,oracle_event_learned_qr,4549,3,111,16,2,0.4028158731533801,0.009568519087420882
43006,oracle_event_learned_qr,4552,3,111,1,1,1.103945063526434,0.03622534332133764
43006,oracle_event_learned_qr,4552,3,111,4,1,1.103945063526434,0.03622534332133764
43006,oracle_event_learned_qr,4552,3,111,8,1,1.103945063526434,0.03622534332133764
43006,oracle_event_learned_qr,4552,3,111,16,1,1.103945063526434,0.03622534332133764
43006,oracle_event_learned_qr,4554,3,111,1,1,0.76573304114772,0.009286551392968521
43006,oracle_event_learned_qr,4554,3,111,4,4,0.7921837700402767,0.02993010294158349
43006,oracle_event_learned_qr,4554,3,111,8,8,0.9272774496626667,0.026871897223581014
43006,oracle_event_learned_qr,4554,3,111,16,16,0.8703660617598077,0.037357869486204634
43006,oracle_event_learned_qr,4573,3,111,1,1,1.4616468280359285,0.054612542089825834
43006,oracle_event_learned_qr,4573,3,111,4,4,1.0682344872896836,0.04099062297289657
43006,oracle_event_learned_qr,4573,3,111,8,8,0.7828629951061699,0.0272704445792151
43006,oracle_event_learned_qr,4573,3,111,16,16,0.8455042164972861,0.034799047339932006
43006,oracle_event_learned_qr,4591,3,111,1,1,2.1096088162170226,0.017673734795272435
43006,oracle_event_learned_qr,4591,3,111,4,4,0.795897420162128,0.016132331488857683
43006,oracle_event_learned_qr,4591,3,111,8,5,0.7548421331881258,0.01290960329632177
43006,oracle_event_learned_qr,4591,3,111,16,5,0.7548421331881258,0.01290960329632177
43006,oracle_event_learned_qr,4597,3,111,1,1,2.30747937807234,0.05343563740559286
43006,oracle_event_learned_qr,4597,3,111,4,4,1.2451437598159802,0.10811517313169751
43006,oracle_event_learned_qr,4597,3,111,8,8,1.065062684536161,0.056017352811722786
43006,oracle_event_learned_qr,4597,3,111,16,8,1.065062684536161,0.056017352811722786
43006,oracle_event_learned_qr,4606,3,111,1,1,0.49288953689515574,0.0752483839533692
43006,oracle_event_learned_qr,4606,3,111,4,1,0.49288953689515574,0.0752483839533692
43006,oracle_event_learned_qr,4606,3,111,8,1,0.49288953689515574,0.0752483839533692
43006,oracle_event_learned_qr,4606,3,111,16,1,0.49288953689515574,0.0752483839533692
43006,learned_event_oracle_qr,58,0,011,1,1,1.0313993239624561,0.060185423485713124
43006,learned_event_oracle_qr,58,0,011,4,4,0.5896389186327524,0.020573130845177694
43006,learned_event_oracle_qr,58,0,011,8,8,0.5660517332596883,0.01891823911742622
43006,learned_event_oracle_qr,58,0,011,16,16,0.7660870307025505,0.031219787890745147
43006,learned_event_oracle_qr,141,0,101,1,1,0.4546652994831806,0.07624133120177591
43006,learned_event_oracle_qr,141,0,101,4,4,0.3174441151835573,0.10381459698371154
43006,learned_event_oracle_qr,141,0,101,8,8,0.8977725485925327,0.1282814799542497
43006,learned_event_oracle_qr,141,0,101,16,14,0.7021721915351297,0.09670694185143515
43006,learned_event_oracle_qr,156,0,101,1,1,3.6390712741810196,0.03015901283076906
43006,learned_event_oracle_qr,156,0,101,4,3,1.562391997471232,0.05104466136018592
43006,learned_event_oracle_qr,156,0,101,8,3,1.562391997471232,0.05104466136018592
43006,learned_event_oracle_qr,156,0,101,16,3,1.562391997471232,0.05104466136018592
43006,learned_event_oracle_qr,160,0,101,1,1,1.0078733972941132,0.04408563677416782
43006,learned_event_oracle_qr,160,0,101,4,4,1.1984437989215766,0.017536565582470222
43006,learned_event_oracle_qr,160,0,101,8,8,0.7306771157349923,0.025255820003215478
43006,learned_event_oracle_qr,160,0,101,16,9,0.730262158198839,0.023036179072451708
43006,learned_event_oracle_qr,170,0,101,1,1,3.0369176398211732,0.010184979818142008
43006,learned_event_oracle_qr,170,0,101,4,4,1.1659975914837235,0.010680311688319613
43006,learned_event_oracle_qr,170,0,101,8,8,0.9429515398242607,0.016299863142535374
43006,learned_event_oracle_qr,170,0,101,16,15,0.7108850873684956,0.024501013060616594
43006,learned_event_oracle_qr,186,0,101,1,1,0.19989718403322748,0.44491340892728837
43006,learned_event_oracle_qr,186,0,101,4,2,2.1352665806075173,0.24013649502973122
43006,learned_event_oracle_qr,186,0,101,8,2,2.1352665806075173,0.24013649502973122
43006,learned_event_oracle_qr,186,0,101,16,2,2.1352665806075173,0.24013649502973122
43006,learned_event_oracle_qr,189,0,101,1,1,0.712486690798406,0.02926487243903833
43006,learned_event_oracle_qr,189,0,101,4,4,0.7084560959787205,0.06717447151293972
43006,learned_event_oracle_qr,189,0,101,8,8,0.6932980833083036,0.04335509860341291
43006,learned_event_oracle_qr,189,0,101,16,10,0.6422290992052557,0.035739649955841515
43006,learned_event_oracle_qr,200,0,101,1,1,1.6214876626622392,0.08688774627049417
43006,learned_event_oracle_qr,200,0,101,4,2,0.9104013153698141,0.0770964685446878
43006,learned_event_oracle_qr,200,0,101,8,2,0.9104013153698141,0.0770964685446878
43006,learned_event_oracle_qr,200,0,101,16,2,0.9104013153698141,0.0770964685446878
43006,learned_event_oracle_qr,203,0,101,1,1,2.0489902861449014,0.02530250224160826
43006,learned_event_oracle_qr,203,0,101,4,4,0.7828824103811828,0.0199851363736855
43006,learned_event_oracle_qr,203,0,101,8,8,0.629525197887159,0.029643218189982383
43006,learned_event_oracle_qr,203,0,101,16,16,0.5803732086584468,0.02001325138847828
43006,learned_event_oracle_qr,231,0,101,1,1,0.8801961067433011,0.03905466457782244
43006,learned_event_oracle_qr,231,0,101,4,4,0.6678450719461554,0.013072679819457231
43006,learned_event_oracle_qr,231,0,101,8,8,0.6542035896344712,0.011035490465165786
43006,learned_event_oracle_qr,231,0,101,16,16,0.5477864094058628,0.0076127286788929965
43006,learned_event_oracle_qr,276,0,101,1,1,2.486844400846529,0.05660938312775715
43006,learned_event_oracle_qr,276,0,101,4,4,0.8746615300276128,0.050136841713504895
43006,learned_event_oracle_qr,276,0,101,8,8,1.0066110307338956,0.04176222064483813
43006,learned_event_oracle_qr,276,0,101,16,9,0.9790230488422785,0.04056367874398301
43006,learned_event_oracle_qr,286,0,101,1,1,3.070934267490836,0.016477006150909707
43006,learned_event_oracle_qr,286,0,101,4,4,1.0442167464488399,0.027605318578172854
43006,learned_event_oracle_qr,286,0,101,8,8,0.8017665306111008,0.03701144055848124
43006,learned_event_oracle_qr,286,0,101,16,8,0.8017665306111008,0.03701144055848124
43006,learned_event_oracle_qr,295,0,101,1,1,1.0908911104181889,0.017567182991783163
43006,learned_event_oracle_qr,295,0,101,4,3,0.9427179151560058,0.00825999422881806
43006,learned_event_oracle_qr,295,0,101,8,3,0.9427179151560058,0.00825999422881806
43006,learned_event_oracle_qr,295,0,101,16,3,0.9427179151560058,0.00825999422881806
43006,learned_event_oracle_qr,299,0,101,1,1,1.3289825988265487,0.16217118696367125
43006,learned_event_oracle_qr,299,0,101,4,2,1.1066453976575144,0.09457916946891136
43006,learned_event_oracle_qr,299,0,101,8,2,1.1066453976575144,0.09457916946891136
43006,learned_event_oracle_qr,299,0,101,16,2,1.1066453976575144,0.09457916946891136
43006,learned_event_oracle_qr,302,0,101,1,1,0.41235226302450184,0.758479663793605
43006,learned_event_oracle_qr,302,0,101,4,2,2.305684889729081,0.3793667297584503
43006,learned_event_oracle_qr,302,0,101,8,2,2.305684889729081,0.3793667297584503
43006,learned_event_oracle_qr,302,0,101,16,2,2.305684889729081,0.3793667297584503
43006,learned_event_oracle_qr,306,0,101,1,1,1.2895047975317837,0.0027516025818359155
43006,learned_event_oracle_qr,306,0,101,4,4,0.8705223736824217,0.011003758328836507
43006,learned_event_oracle_qr,306,0,101,8,7,0.5912409787208555,0.006550785419197502
43006,learned_event_oracle_qr,306,0,101,16,7,0.5912409787208555,0.006550785419197502
43006,learned_event_oracle_qr,314,0,101,1,1,0.45858573258003016,0.001821191448291156
43006,learned_event_oracle_qr,314,0,101,4,4,0.4387738659755504,0.044445938878431054
43006,learned_event_oracle_qr,314,0,101,8,8,0.46992109356309697,0.04169435901143437
43006,learned_event_oracle_qr,314,0,101,16,14,0.4871038257617121,0.027827904161570324
43006,learned_event_oracle_qr,329,0,101,1,1,1.9773469342055519,0.0032525390749495483
43006,learned_event_oracle_qr,329,0,101,4,4,1.0115414264797027,0.014169258666363526
43006,learned_event_oracle_qr,329,0,101,8,8,0.6359791129744876,0.0073785848741594945
43006,learned_event_oracle_qr,329,0,101,16,13,0.7125877122335896,0.00815717817853877
43006,learned_event_oracle_qr,343,0,101,1,1,4.065277710069316,0.15410455613725096
43006,learned_event_oracle_qr,343,0,101,4,4,1.342129475962363,0.06675300900578254
43006,learned_event_oracle_qr,343,0,101,8,8,0.9665300200856162,0.03515694814495851
43006,learned_event_oracle_qr,343,0,101,16,16,0.738866871950474,0.02280471013678469
43006,learned_event_oracle_qr,368,0,101,1,1,0.614802282671772,0.007118528161699426
43006,learned_event_oracle_qr,368,0,101,4,4,0.5395614042505404,0.01960715379170668
43006,learned_event_oracle_qr,368,0,101,8,8,0.6899822741736299,0.027336067679049163
43006,learned_event_oracle_qr,368,0,101,16,13,1.0501897141527117,0.07140353980787251
43006,learned_event_oracle_qr,382,0,101,1,1,1.3626151266337894,0.07671867375605318
43006,learned_event_oracle_qr,382,0,101,4,4,1.1085162036180576,0.03949307711168
43006,learned_event_oracle_qr,382,0,101,8,8,0.809172397828906,0.020764970452460042
43006,learned_event_oracle_qr,382,0,101,16,16,0.5513306018502352,0.012457251137863112
43006,learned_event_oracle_qr,421,0,111,1,1,1.1527457090111783,0.07546526283081968
43006,learned_event_oracle_qr,421,0,111,4,4,1.3780604335690865,0.1244973345264433
43006,learned_event_oracle_qr,421,0,111,8,8,1.1665976517580297,0.11336072087446336
43006,learned_event_oracle_qr,421,0,111,16,9,1.0836150521904797,0.11437294737533366
43006,learned_event_oracle_qr,431,0,111,1,1,1.48938365866755,0.00021597030332996808
43006,learned_event_oracle_qr,431,0,111,4,4,0.7189393058149367,0.047014120356868735
43006,learned_event_oracle_qr,431,0,111,8,5,0.7667371023853832,0.040525844811094
43006,learned_event_oracle_qr,431,0,111,16,5,0.7667371023853832,0.040525844811094
43006,learned_event_oracle_qr,437,0,111,1,1,0.5059190274243679,0.024938461467247573
43006,learned_event_oracle_qr,437,0,111,4,2,1.2707138755460141,0.01699911851837523
43006,learned_event_oracle_qr,437,0,111,8,2,1.2707138755460141,0.01699911851837523
43006,learned_event_oracle_qr,437,0,111,16,2,1.2707138755460141,0.01699911851837523
43006,learned_event_oracle_qr,440,0,111,1,1,0.43815890047087697,0.09920497641591816
43006,learned_event_oracle_qr,440,0,111,4,4,0.44218995987264614,0.0314575493608677
43006,learned_event_oracle_qr,440,0,111,8,8,0.821356317086084,0.05442452716759748
43006,learned_event_oracle_qr,440,0,111,16,16,0.793913667195074,0.056917167302257696
43006,learned_event_oracle_qr,466,0,111,1,1,0.7669225800736166,0.05548287925526067
43006,learned_event_oracle_qr,466,0,111,4,4,0.6205323991300651,0.06085548410249565
43006,learned_event_oracle_qr,466,0,111,8,8,0.8377292285170136,0.06120220417687798
43006,learned_event_oracle_qr,466,0,111,16,16,0.6775857848572672,0.038815824738757006
43006,learned_event_oracle_qr,492,0,111,1,1,2.4286874875918647,0.06941210327321516
43006,learned_event_oracle_qr,492,0,111,4,1,2.4286874875918647,0.06941210327321516
43006,learned_event_oracle_qr,492,0,111,8,1,2.4286874875918647,0.06941210327321516
43006,learned_event_oracle_qr,492,0,111,16,1,2.4286874875918647,0.06941210327321516
43006,learned_event_oracle_qr,494,0,111,1,1,0.6884837560904609,0.16186075532650326
43006,learned_event_oracle_qr,494,0,111,4,3,0.646215837385658,0.07552769780188266
43006,learned_event_oracle_qr,494,0,111,8,3,0.646215837385658,0.07552769780188266
43006,learned_event_oracle_qr,494,0,111,16,3,0.646215837385658,0.07552769780188266
43006,learned_event_oracle_qr,498,0,111,1,1,0.4547686377120185,0.0053389607778408215
43006,learned_event_oracle_qr,498,0,111,4,1,0.4547686377120185,0.0053389607778408215
43006,learned_event_oracle_qr,498,0,111,8,1,0.4547686377120185,0.0053389607778408215
43006,learned_event_oracle_qr,498,0,111,16,1,0.4547686377120185,0.0053389607778408215
43006,learned_event_oracle_qr,501,0,111,1,1,2.811613776040199,0.10044645676939344
43006,learned_event_oracle_qr,501,0,111,4,4,1.656976656058944,0.06105103670056978
43006,learned_event_oracle_qr,501,0,111,8,8,1.1325705855741084,0.03853095149871797
43006,learned_event_oracle_qr,501,0,111,16,8,1.1325705855741084,0.03853095149871797
43006,learned_event_oracle_qr,510,0,111,1,1,1.1112354118337486,0.22393875037047958
43006,learned_event_oracle_qr,510,0,111,4,4,1.0152569582326936,0.06768764483493707
43006,learned_event_oracle_qr,510,0,111,8,8,0.9383766594828737,0.06114453106310938
43006,learned_event_oracle_qr,510,0,111,16,14,0.9050010387283921,0.04444085498642587
43006,learned_event_oracle_qr,525,0,111,1,1,2.8446444183081736,0.25623134584045765
43006,learned_event_oracle_qr,525,0,111,4,4,1.1812431305032745,0.09899529612740182
43006,learned_event_oracle_qr,525,0,111,8,4,1.1812431305032745,0.09899529612740182
43006,learned_event_oracle_qr,525,0,111,16,4,1.1812431305032745,0.09899529612740182
43006,learned_event_oracle_qr,530,0,111,1,1,0.5959710331707433,0.1736892792212933
43006,learned_event_oracle_qr,530,0,111,4,3,0.5464395743368241,0.11516420691689001
43006,learned_event_oracle_qr,530,0,111,8,3,0.5464395743368241,0.11516420691689001
43006,learned_event_oracle_qr,530,0,111,16,3,0.5464395743368241,0.11516420691689001
43006,learned_event_oracle_qr,534,0,111,1,1,0.41400139818668785,0.04818011813244695
43006,learned_event_oracle_qr,534,0,111,4,4,0.798498215626342,0.07491245319516246
43006,learned_event_oracle_qr,534,0,111,8,8,0.7806240203806699,0.051920286535365325
43006,learned_event_oracle_qr,534,0,111,16,11,0.7513801914853938,0.04083215361331651
43006,learned_event_oracle_qr,546,0,111,1,1,1.0710982807557012,0.08343835225906351
43006,learned_event_oracle_qr,546,0,111,4,4,0.6726777241523443,0.034081918075419
43006,learned_event_oracle_qr,546,0,111,8,8,0.8479622964425957,0.038165949549036265
43006,learned_event_oracle_qr,546,0,111,16,16,0.80884453680802,0.13730620386712067
43006,learned_event_oracle_qr,563,0,111,1,1,0.4606954538186628,0.45577132575472895
43006,learned_event_oracle_qr,563,0,111,4,4,0.9523979808421978,0.24014881948403544
43006,learned_event_oracle_qr,563,0,111,8,8,0.7698082164466682,0.13043026403629565
43006,learned_event_oracle_qr,563,0,111,16,15,0.5190074856455639,0.07304219630417326
43006,learned_event_oracle_qr,580,0,110,1,1,-0.4020424544838128,0.0017439182766748691
43006,learned_event_oracle_qr,580,0,110,4,4,-0.2528305218475059,0.005406322428879356
43006,learned_event_oracle_qr,580,0,110,8,8,-0.2572493645519398,0.007828957950310824
43006,learned_event_oracle_qr,580,0,110,16,8,-0.2572493645519398,0.007828957950310824
43006,learned_event_oracle_qr,589,0,110,1,1,-0.36389453480001666,0.008705013574364305
43006,learned_event_oracle_qr,589,0,110,4,4,-0.11857577022554261,0.006862244026691542
43006,learned_event_oracle_qr,589,0,110,8,8,-0.2346790244330302,0.00916350341471553
43006,learned_event_oracle_qr,589,0,110,16,16,-0.15600605421018243,0.007796670528252716
43006,learned_event_oracle_qr,618,0,110,1,1,-0.32480431790269465,0.005277897865531266
43006,learned_event_oracle_qr,618,0,110,4,4,-0.2071658858808238,0.005130336255351184
43006,learned_event_oracle_qr,618,0,110,8,8,-0.12168683841416916,0.007377046202558382
43006,learned_event_oracle_qr,618,0,110,16,16,-0.15954654883189837,0.006406590097305669
43006,learned_event_oracle_qr,645,0,110,1,1,-0.013075437904216272,0.0037728485901092844
43006,learned_event_oracle_qr,645,0,110,4,4,0.48902816160429935,0.02963053574253089
43006,learned_event_oracle_qr,645,0,110,8,5,0.3391031878102143,0.023808189270222848
43006,learned_event_oracle_qr,645,0,110,16,5,0.3391031878102143,0.023808189270222848
43006,learned_event_oracle_qr,651,0,110,1,1,0.7206653057568653,8.616547619911702e-05
43006,learned_event_oracle_qr,651,0,110,4,4,0.16821931880221014,0.006351068714646539
43006,learned_event_oracle_qr,651,0,110,8,6,0.353600662711785,0.005467775856330096
43006,learned_event_oracle_qr,651,0,110,16,6,0.353600662711785,0.005467775856330096
43006,learned_event_oracle_qr,658,0,110,1,1,-0.3267509322849732,0.0036414683812296266
43006,learned_event_oracle_qr,658,0,110,4,3,0.16478807248391056,0.0037259670671846157
43006,learned_event_oracle_qr,658,0,110,8,3,0.16478807248391056,0.0037259670671846157
43006,learned_event_oracle_qr,658,0,110,16,3,0.16478807248391056,0.0037259670671846157
43006,learned_event_oracle_qr,662,0,110,1,1,1.1304142035394804,0.00017421529712526826
43006,learned_event_oracle_qr,662,0,110,4,4,0.2272719514105444,0.0019503698427453667
43006,learned_event_oracle_qr,662,0,110,8,8,-0.024283487333463166,0.005437981477683683
43006,learned_event_oracle_qr,662,0,110,16,10,-0.03634163073328228,0.00575596984083846
43006,learned_event_oracle_qr,673,0,110,1,1,-0.3558166675858877,6.220853902696829e-06
43006,learned_event_oracle_qr,673,0,110,4,4,-0.34808302686067844,0.002161061863153847
43006,learned_event_oracle_qr,673,0,110,8,8,-0.22981945194115136,0.00436132576267077
43006,learned_event_oracle_qr,673,0,110,16,16,-0.11905188084352475,0.007360249923693369
43006,learned_event_oracle_qr,714,0,110,1,1,-0.3640800138913555,0.002636700887454478
43006,learned_event_oracle_qr,714,0,110,4,3,-0.34627231735682,0.0016145386702053094
43006,learned_event_oracle_qr,714,0,110,8,3,-0.34627231735682,0.0016145386702053094
43006,learned_event_oracle_qr,714,0,110,16,3,-0.34627231735682,0.0016145386702053094
43006,learned_event_oracle_qr,718,0,110,1,1,-0.3778246771433926,0.00017356742259438073
43006,learned_event_oracle_qr,718,0,110,4,4,-0.36477517968278733,0.0073470897671236435
43006,learned_event_oracle_qr,718,0,110,8,8,0.36267947382193877,0.00459055767217228
43006,learned_event_oracle_qr,718,0,110,16,16,0.13301623461211123,0.003942033827881948
43006,learned_event_oracle_qr,759,0,110,1,1,-0.23241027811726445,0.0015688265528468648
43006,learned_event_oracle_qr,759,0,110,4,2,0.011315866707923311,0.0029942976506451696
43006,learned_event_oracle_qr,759,0,110,8,2,0.011315866707923311,0.0029942976506451696
43006,learned_event_oracle_qr,759,0,110,16,2,0.011315866707923311,0.0029942976506451696
43006,learned_event_oracle_qr,762,0,110,1,1,-0.45918138836066014,0.011166146486779523
43006,learned_event_oracle_qr,762,0,110,4,4,-0.1788969411966427,0.007442740403465322
43006,learned_event_oracle_qr,762,0,110,8,8,-0.24980601442018324,0.0055335338085276894
43006,learned_event_oracle_qr,762,0,110,16,15,-0.2416329386603557,0.007451571938663318
43006,learned_event_oracle_qr,778,0,110,1,1,-0.36171983582277983,0.005328304666441664
43006,learned_event_oracle_qr,778,0,110,4,4,-0.18217618233656024,0.005355931628202663
43006,learned_event_oracle_qr,778,0,110,8,8,-0.1040866340059801,0.005895730062905217
43006,learned_event_oracle_qr,778,0,110,16,11,-0.1551668216200758,0.005666273339997519
43006,learned_event_oracle_qr,790,0,110,1,1,-0.2058984986773903,0.007478983953837654
43006,learned_event_oracle_qr,790,0,110,4,1,-0.2058984986773903,0.007478983953837654
43006,learned_event_oracle_qr,790,0,110,8,1,-0.2058984986773903,0.007478983953837654
43006,learned_event_oracle_qr,790,0,110,16,1,-0.2058984986773903,0.007478983953837654
43006,learned_event_oracle_qr,792,0,110,1,1,2.1639147307117654,0.0015744902709700706
43006,learned_event_oracle_qr,792,0,110,4,4,0.6275984722883613,0.013351656145468193
43006,learned_event_oracle_qr,792,0,110,8,8,0.4408538134848218,0.007727906950044343
43006,learned_event_oracle_qr,792,0,110,16,16,0.5874126423753301,0.026820913627063726
43006,learned_event_oracle_qr,989,0,110,1,1,0.9514649315730361,0.008849001843837485
43006,learned_event_oracle_qr,989,0,110,4,4,0.07474793764613527,0.006268807238207287
43006,learned_event_oracle_qr,989,0,110,8,6,0.23949509348784873,0.008110387202820195
43006,learned_event_oracle_qr,989,0,110,16,6,0.23949509348784873,0.008110387202820195
43006,learned_event_oracle_qr,996,0,110,1,1,-0.12312581310283222,0.0001759212936871157
43006,learned_event_oracle_qr,996,0,110,4,4,0.37213752521084226,0.01504133245334104
43006,learned_event_oracle_qr,996,0,110,8,5,0.23582428009909734,0.012399278268617702
43006,learned_event_oracle_qr,996,0,110,16,5,0.23582428009909734,0.012399278268617702
43006,learned_event_oracle_qr,1002,0,110,1,1,-0.2827817289684364,0.0004635985940421323
43006,learned_event_oracle_qr,1002,0,110,4,4,-0.01154944652067309,0.001359121177842001
43006,learned_event_oracle_qr,1002,0,110,8,7,-0.05480777459319381,0.005399639892919387
43006,learned_event_oracle_qr,1002,0,110,16,7,-0.05480777459319381,0.005399639892919387
43006,learned_event_oracle_qr,1010,0,110,1,1,-0.3348800693486244,0.00934708956412092
43006,learned_event_oracle_qr,1010,0,110,4,4,-0.06804362785131772,0.0062295222136177705
43006,learned_event_oracle_qr,1010,0,110,8,5,-0.11319583406222489,0.006282589669987358
43006,learned_event_oracle_qr,1010,0,110,16,5,-0.11319583406222489,0.006282589669987358
43006,learned_event_oracle_qr,1016,0,110,1,1,-0.42518037875393233,0.0016291552945488228
43006,learned_event_oracle_qr,1016,0,110,4,4,-0.3565525167346546,0.005348691165802248
43006,learned_event_oracle_qr,1016,0,110,8,4,-0.3565525167346546,0.005348691165802248
43006,learned_event_oracle_qr,1016,0,110,16,4,-0.3565525167346546,0.005348691165802248
43006,learned_event_oracle_qr,1021,0,110,1,1,-0.42352036977739155,0.008311606731371116
43006,learned_event_oracle_qr,1021,0,110,4,4,-0.008154216818117455,0.013793551584619243
43006,learned_event_oracle_qr,1021,0,110,8,7,0.1491489899603659,0.01751591454699027
43006,learned_event_oracle_qr,1021,0,110,16,7,0.1491489899603659,0.01751591454699027
43006,learned_event_oracle_qr,1029,0,111,1,1,0.9775209076122728,9.683497659397922e-05
43006,learned_event_oracle_qr,1029,0,111,4,3,0.8611028254259473,0.015607560802596204
43006,learned_event_oracle_qr,1029,0,111,8,3,0.8611028254259473,0.015607560802596204
43006,learned_event_oracle_qr,1029,0,111,16,3,0.8611028254259473,0.015607560802596204
43006,learned_event_oracle_qr,1033,0,111,1,1,2.8990283290871455,0.002691357765638748
43006,learned_event_oracle_qr,1033,0,111,4,3,2.2596927809894667,0.35484249585800837
43006,learned_event_oracle_qr,1033,0,111,8,3,2.2596927809894667,0.35484249585800837
43006,learned_event_oracle_qr,1033,0,111,16,3,2.2596927809894667,0.35484249585800837
43006,learned_event_oracle_qr,1037,0,111,1,1,1.1987925853476025,0.1595716496689319
43006,learned_event_oracle_qr,1037,0,111,4,4,1.4703276703124675,0.17914143568828533
43006,learned_event_oracle_qr,1037,0,111,8,8,1.0960252834549693,0.09630100913576235
43006,learned_event_oracle_qr,1037,0,111,16,16,0.7898385997902082,0.06624814233010695
43006,learned_event_oracle_qr,1074,0,111,1,1,0.5477360164599461,0.0001914883696886959
43006,learned_event_oracle_qr,1074,0,111,4,4,0.5059267815625721,0.028350056375728763
43006,learned_event_oracle_qr,1074,0,111,8,8,0.7207700624540687,0.05610077624624693
43006,learned_event_oracle_qr,1074,0,111,16,8,0.7207700624540687,0.05610077624624693
43006,learned_event_oracle_qr,1084,0,111,1,1,0.889529625593173,0.21998454358313954
43006,learned_event_oracle_qr,1084,0,111,4,4,0.6738782188494937,0.09448639370796008
43006,learned_event_oracle_qr,1084,0,111,8,8,0.7894598240706061,0.056318947127424406
43006,learned_event_oracle_qr,1084,0,111,16,16,0.9098126326200497,0.061083268078519076
43006,learned_event_oracle_qr,1112,0,111,1,1,0.6714009225496425,0.021390685523653828
43006,learned_event_oracle_qr,1112,0,111,4,1,0.6714009225496425,0.021390685523653828
43006,learned_event_oracle_qr,1112,0,111,8,1,0.6714009225496425,0.021390685523653828
43006,learned_event_oracle_qr,1112,0,111,16,1,0.6714009225496425,0.021390685523653828
43006,learned_event_oracle_qr,1114,0,111,1,1,1.238713798556998,0.017996029657149467
43006,learned_event_oracle_qr,1114,0,111,4,4,1.216210809726766,0.09234939162690518
43006,learned_event_oracle_qr,1114,0,111,8,8,0.9677349206365343,0.060121438041329925
43006,learned_event_oracle_qr,1114,0,111,16,16,0.8173703111233652,0.061615454288144106
43006,learned_event_oracle_qr,1143,0,111,1,1,2.486969652725879,0.008185983871928969
43006,learned_event_oracle_qr,1143,0,111,4,4,1.0478407533715763,0.05987936855203579
43006,learned_event_oracle_qr,1143,0,111,8,8,0.7522311396753303,0.036822736051776335
43006,learned_event_oracle_qr,1143,0,111,16,8,0.7522311396753303,0.036822736051776335
43006,learned_event_oracle_qr,1166,1,111,1,1,0.5146357383631863,0.4027607587930898
43006,learned_event_oracle_qr,1166,1,111,4,4,0.724880720028088,0.16056693930110638
43006,learned_event_oracle_qr,1166,1,111,8,8,0.5604946812658743,0.10342447156294533
43006,learned_event_oracle_qr,1166,1,111,16,16,0.5198787838567618,0.07019478179741451
43006,learned_event_oracle_qr,1223,1,101,1,1,1.04332694264116,0.0337149851356818
43006,learned_event_oracle_qr,1223,1,101,4,4,0.7543119869379147,0.11311479505978031
43006,learned_event_oracle_qr,1223,1,101,8,8,1.0622771796808506,0.07482294918694164
43006,learned_event_oracle_qr,1223,1,101,16,8,1.0622771796808506,0.07482294918694164
43006,learned_event_oracle_qr,1232,1,101,1,1,1.2540680073838009,0.0002494883614990867
43006,learned_event_oracle_qr,1232,1,101,4,4,1.1682481719862416,0.007736675915420897
43006,learned_event_oracle_qr,1232,1,101,8,8,0.7859249082079206,0.018385200814695794
43006,learned_event_oracle_qr,1232,1,101,16,16,0.8709265248154445,0.01680493359808032
43006,learned_event_oracle_qr,1249,1,101,1,1,1.6273881694367558,0.0023247878632527245
43006,learned_event_oracle_qr,1249,1,101,4,4,0.8976794474985591,0.00936994278278439
43006,learned_event_oracle_qr,1249,1,101,8,8,0.5499929053721042,0.006382540259362275
43006,learned_event_oracle_qr,1249,1,101,16,16,0.4901464839721214,0.009702915705042038
43006,learned_event_oracle_qr,1320,1,101,1,1,1.0791442510435363,0.014453490869907406
43006,learned_event_oracle_qr,1320,1,101,4,4,0.5248416327544264,0.006785467809396482
43006,learned_event_oracle_qr,1320,1,101,8,5,0.46368357612903005,0.00726057153731075
43006,learned_event_oracle_qr,1320,1,101,16,5,0.46368357612903005,0.00726057153731075
43006,learned_event_oracle_qr,1326,1,101,1,1,0.4471018646475207,0.10148212645491318
43006,learned_event_oracle_qr,1326,1,101,4,1,0.4471018646475207,0.10148212645491318
43006,learned_event_oracle_qr,1326,1,101,8,1,0.4471018646475207,0.10148212645491318
43006,learned_event_oracle_qr,1326,1,101,16,1,0.4471018646475207,0.10148212645491318
43006,learned_event_oracle_qr,1328,1,101,1,1,0.3165527093230137,0.1248464354963737
43006,learned_event_oracle_qr,1328,1,101,4,4,0.36741457317263015,0.07345820058589414
43006,learned_event_oracle_qr,1328,1,101,8,8,0.3457090170752706,0.040358438248862705
43006,learned_event_oracle_qr,1328,1,101,16,10,0.37418779485409454,0.03474463868058622
43006,learned_event_oracle_qr,1340,1,101,1,1,0.9421334327086627,0.04890301569800052
43006,learned_event_oracle_qr,1340,1,101,4,4,1.4489742961468428,0.10755156262019137
43006,learned_event_oracle_qr,1340,1,101,8,8,0.9756882611924733,0.11314631169167524
43006,learned_event_oracle_qr,1340,1,101,16,16,0.8975008180764654,0.12590979233884997
43006,learned_event_oracle_qr,1449,1,111,1,1,2.653959528374675,0.1176994174668095
43006,learned_event_oracle_qr,1449,1,111,4,4,1.724630191338431,0.304680218492339
43006,learned_event_oracle_qr,1449,1,111,8,8,1.1507656166552098,0.16975447502025
43006,learned_event_oracle_qr,1449,1,111,16,16,1.0037044016811412,0.10378707754597596
43006,learned_event_oracle_qr,1466,1,111,1,1,0.618564375409729,0.23054058436243524
43006,learned_event_oracle_qr,1466,1,111,4,4,0.8254186811280222,0.09855538446380278
43006,learned_event_oracle_qr,1466,1,111,8,8,0.7673769906857294,0.09675377367784835
43006,learned_event_oracle_qr,1466,1,111,16,16,0.9188379514999256,0.0927170500699512
43006,learned_event_oracle_qr,1534,1,111,1,1,0.4569749490574428,0.17726838059043357
43006,learned_event_oracle_qr,1534,1,111,4,4,0.34523345415765294,0.08276262617494808
43006,learned_event_oracle_qr,1534,1,111,8,8,0.522971323115676,0.05365513729742709
43006,learned_event_oracle_qr,1534,1,111,16,13,0.44832781124282295,0.043023576687144086
43006,learned_event_oracle_qr,1548,1,101,1,1,1.0444646219873264,0.028862240790374798
43006,learned_event_oracle_qr,1548,1,101,4,4,0.4641380678622793,0.041895684592156604
43006,learned_event_oracle_qr,1548,1,101,8,8,0.847736019912106,0.025599188261731118
43006,learned_event_oracle_qr,1548,1,101,16,14,0.5741632652285821,0.024342656903432836
43006,learned_event_oracle_qr,1563,1,101,1,1,0.11041221492126443,0.05662970548515708
43006,learned_event_oracle_qr,1563,1,101,4,4,0.3234002751889253,0.032428759729698844
43006,learned_event_oracle_qr,1563,1,101,8,8,0.3691801145656932,0.024667582158518365
43006,learned_event_oracle_qr,1563,1,101,16,11,0.5762338424905192,0.018699697897653498
43006,learned_event_oracle_qr,1575,1,101,1,1,0.13273276408436674,0.4194508218597322
43006,learned_event_oracle_qr,1575,1,101,4,4,0.7856350045778349,0.22990090371851538
43006,learned_event_oracle_qr,1575,1,101,8,8,0.6677784988360793,0.11877328619189026
43006,learned_event_oracle_qr,1575,1,101,16,16,0.4777047478057663,0.06039389538833075
43006,learned_event_oracle_qr,1686,1,110,1,1,-0.401977068478607,0.002839729195351156
43006,learned_event_oracle_qr,1686,1,110,4,4,0.2874518075878538,0.0074492039483477
43006,learned_event_oracle_qr,1686,1,110,8,8,0.06739935243379735,0.007640469069531464
43006,learned_event_oracle_qr,1686,1,110,16,16,-0.024050017793736042,0.005951838456260256
43006,learned_event_oracle_qr,1741,1,101,1,1,0.8208239284009407,0.23955563854544945
43006,learned_event_oracle_qr,1741,1,101,4,4,0.5139436371756172,0.0869461006450651
43006,learned_event_oracle_qr,1741,1,101,8,8,0.9277420959242494,0.07621001234617791
43006,learned_event_oracle_qr,1741,1,101,16,16,0.7167670271207205,0.059805903151323316
43006,learned_event_oracle_qr,1768,1,101,1,1,0.2075961560349557,0.008570543400061746
43006,learned_event_oracle_qr,1768,1,101,4,4,0.20140245347580407,0.002314709604317478
43006,learned_event_oracle_qr,1768,1,101,8,8,0.22770795882197534,0.0045569689487231745
43006,learned_event_oracle_qr,1768,1,101,16,11,0.4643963215310034,0.005157441655068537
43006,learned_event_oracle_qr,1780,1,101,1,1,0.8792212604213709,0.003524150933079919
43006,learned_event_oracle_qr,1780,1,101,4,4,1.044700027504932,0.03066507397002014
43006,learned_event_oracle_qr,1780,1,101,8,8,0.6877124794727253,0.03746230738070917
43006,learned_event_oracle_qr,1780,1,101,16,9,0.6267217189676031,0.033747131286456754
43006,learned_event_oracle_qr,1791,1,101,1,1,0.41049071756032934,0.13836400747625718
43006,learned_event_oracle_qr,1791,1,101,4,4,0.4771164864116289,0.06723219326754871
43006,learned_event_oracle_qr,1791,1,101,8,8,0.47317199346072264,0.03485205507019863
43006,learned_event_oracle_qr,1791,1,101,16,13,0.9927248491350779,0.12919975634801673
43006,learned_event_oracle_qr,1805,1,101,1,1,0.6004313881493984,0.02648430587392979
43006,learned_event_oracle_qr,1805,1,101,4,4,0.7687012919256841,0.06803555585447071
43006,learned_event_oracle_qr,1805,1,101,8,8,0.7751739604738429,0.05300178862678063
43006,learned_event_oracle_qr,1805,1,101,16,9,0.7235022473600486,0.057710499404002275
43006,learned_event_oracle_qr,1815,1,101,1,1,2.1018324762759146,0.02407687348580038
43006,learned_event_oracle_qr,1815,1,101,4,3,0.9989813561136941,0.09041757734238969
43006,learned_event_oracle_qr,1815,1,101,8,3,0.9989813561136941,0.09041757734238969
43006,learned_event_oracle_qr,1815,1,101,16,3,0.9989813561136941,0.09041757734238969
43006,learned_event_oracle_qr,1819,1,101,1,1,0.45042169889350525,0.0011003880617177458
43006,learned_event_oracle_qr,1819,1,101,4,4,0.8656846701296326,0.005810494230654929
43006,learned_event_oracle_qr,1819,1,101,8,8,0.6566600003755485,0.08233922351158895
43006,learned_event_oracle_qr,1819,1,101,16,12,0.8081196728940915,0.07752069810746164
43006,learned_event_oracle_qr,1832,1,111,1,1,0.4886649143745001,0.10266346635106686
43006,learned_event_oracle_qr,1832,1,111,4,4,0.659620667586827,0.029858864858375796
43006,learned_event_oracle_qr,1832,1,111,8,8,0.8621700643944233,0.09565046279788765
43006,learned_event_oracle_qr,1832,1,111,16,16,0.6712818264562554,0.05214532244225954
43006,learned_event_oracle_qr,1861,1,111,1,1,0.7721329841263544,0.00514403027416341
43006,learned_event_oracle_qr,1861,1,111,4,2,0.6211833639880024,0.11677800764219101
43006,learned_event_oracle_qr,1861,1,111,8,2,0.6211833639880024,0.11677800764219101
43006,learned_event_oracle_qr,1861,1,111,16,2,0.6211833639880024,0.11677800764219101
43006,learned_event_oracle_qr,1864,1,111,1,1,1.518250197299729,0.041577640544234594
43006,learned_event_oracle_qr,1864,1,111,4,4,0.6740677116992931,0.04527610454553603
43006,learned_event_oracle_qr,1864,1,111,8,8,1.0180529021157403,0.07889327505852065
43006,learned_event_oracle_qr,1864,1,111,16,14,0.9620646194548632,0.0633180398478502
43006,learned_event_oracle_qr,1879,1,111,1,1,1.2305296057993795,0.05108862125847186
43006,learned_event_oracle_qr,1879,1,111,4,4,0.7969906619301563,0.03521573466916422
43006,learned_event_oracle_qr,1879,1,111,8,8,0.6297878537624988,0.04765150821598834
43006,learned_event_oracle_qr,1879,1,111,16,16,0.762661780187352,0.03917194265558546
43006,learned_event_oracle_qr,1924,1,111,1,1,0.48542516763379606,0.0044966533825039475
43006,learned_event_oracle_qr,1924,1,111,4,1,0.48542516763379606,0.0044966533825039475
43006,learned_event_oracle_qr,1924,1,111,8,1,0.48542516763379606,0.0044966533825039475
43006,learned_event_oracle_qr,1924,1,111,16,1,0.48542516763379606,0.0044966533825039475
43006,learned_event_oracle_qr,1926,1,111,1,1,0.8897325696104987,0.23412796028693542
43006,learned_event_oracle_qr,1926,1,111,4,4,0.9409657672764085,0.0723261051225158
43006,learned_event_oracle_qr,1926,1,111,8,4,0.9409657672764085,0.0723261051225158
43006,learned_event_oracle_qr,1926,1,111,16,4,0.9409657672764085,0.0723261051225158
43006,learned_event_oracle_qr,1931,1,111,1,1,0.6439486037706387,0.02851803245005056
43006,learned_event_oracle_qr,1931,1,111,4,3,0.5781874405861175,0.036484825370182494
43006,learned_event_oracle_qr,1931,1,111,8,3,0.5781874405861175,0.036484825370182494
43006,learned_event_oracle_qr,1931,1,111,16,3,0.5781874405861175,0.036484825370182494
43006,learned_event_oracle_qr,1935,1,111,1,1,1.2767393325228424,0.022411475358377054
43006,learned_event_oracle_qr,1935,1,111,4,4,0.6546742360592326,0.012047071994825338
43006,learned_event_oracle_qr,1935,1,111,8,8,0.5597136828776559,0.03380784753650409
43006,learned_event_oracle_qr,1935,1,111,16,16,0.7485258224997551,0.036719017805102956
43006,learned_event_oracle_qr,1956,1,110,1,1,-0.39572439791708064,0.004000365798106252
43006,learned_event_oracle_qr,1956,1,110,4,4,-0.3113168677123318,0.004056992989395683
43006,learned_event_oracle_qr,1956,1,110,8,6,-0.2882005202520672,0.0041080529726612545
43006,learned_event_oracle_qr,1956,1,110,16,6,-0.2882005202520672,0.0041080529726612545
43006,learned_event_oracle_qr,1963,1,110,1,1,0.15026607403491,0.0014552331181561958
43006,learned_event_oracle_qr,1963,1,110,4,4,0.2805985761733991,0.0027608104808471254
43006,learned_event_oracle_qr,1963,1,110,8,8,0.09044277325578753,0.009346671815739772
43006,learned_event_oracle_qr,1963,1,110,16,13,0.00014321945272380502,0.008491106853305029
43006,learned_event_oracle_qr,1977,1,110,1,1,0.8507346113862166,0.011102945456064722
43006,learned_event_oracle_qr,1977,1,110,4,4,0.43107853884004443,0.01384374796577087
43006,learned_event_oracle_qr,1977,1,110,8,8,0.18404677722799268,0.01311631668101633
43006,learned_event_oracle_qr,1977,1,110,16,9,0.15424860192432702,0.013364866771278284
43006,learned_event_oracle_qr,1987,1,110,1,1,-0.10962692961583932,0.0011071955713831555
43006,learned_event_oracle_qr,1987,1,110,4,4,0.0019344414904018462,0.0031885280738317787
43006,learned_event_oracle_qr,1987,1,110,8,6,-0.10563589252236923,0.002698061312182204
43006,learned_event_oracle_qr,1987,1,110,16,6,-0.10563589252236923,0.002698061312182204
43006,learned_event_oracle_qr,1994,1,110,1,1,0.08173462176571884,0.02487828918838543
43006,learned_event_oracle_qr,1994,1,110,4,4,0.830601278643404,0.010978109703129853
43006,learned_event_oracle_qr,1994,1,110,8,8,0.6317949418432994,0.009513781954952378
43006,learned_event_oracle_qr,1994,1,110,16,16,0.22034487604310726,0.007693104750543644
43006,learned_event_oracle_qr,2012,1,110,1,1,0.7450611929411168,0.0051378884833565746
43006,learned_event_oracle_qr,2012,1,110,4,4,0.20218865755750326,0.0015135435025586345
43006,learned_event_oracle_qr,2012,1,110,8,8,-0.02737546224477791,0.0026792306796983856
43006,learned_event_oracle_qr,2012,1,110,16,11,-0.0023095385766348357,0.0024554007321208812
43006,learned_event_oracle_qr,2024,1,110,1,1,1.0457370221006708,4.67562550233645e-05
43006,learned_event_oracle_qr,2024,1,110,4,4,0.22868313277826213,0.0028099031363662858
43006,learned_event_oracle_qr,2024,1,110,8,8,0.044334011479058744,0.005033101959396117
43006,learned_event_oracle_qr,2024,1,110,16,16,-0.03133014417981138,0.005511860399785457
43006,learned_event_oracle_qr,2042,1,110,1,1,-0.33972500030058606,0.007266834344513279
43006,learned_event_oracle_qr,2042,1,110,4,4,-0.24669771666226087,0.015613719297974508
43006,learned_event_oracle_qr,2042,1,110,8,8,-0.05430262956650579,0.010478168346355414
43006,learned_event_oracle_qr,2042,1,110,16,9,0.01246035571912607,0.011323783057636245
43006,learned_event_oracle_qr,2052,1,110,1,1,-0.013391430871799798,0.0007430499136326728
43006,learned_event_oracle_qr,2052,1,110,4,4,0.30191865494990106,0.010040106840092523
43006,learned_event_oracle_qr,2052,1,110,8,7,0.5497656638862646,0.018637025962063895
43006,learned_event_oracle_qr,2052,1,110,16,7,0.5497656638862646,0.018637025962063895
43006,learned_event_oracle_qr,2060,1,110,1,1,-0.40316992660113776,0.018540179266386327
43006,learned_event_oracle_qr,2060,1,110,4,1,-0.40316992660113776,0.018540179266386327
43006,learned_event_oracle_qr,2060,1,110,8,1,-0.40316992660113776,0.018540179266386327
43006,learned_event_oracle_qr,2060,1,110,16,1,-0.40316992660113776,0.018540179266386327
43006,learned_event_oracle_qr,2062,1,110,1,1,0.015955334351632246,0.0025041080743503944
43006,learned_event_oracle_qr,2062,1,110,4,4,0.5378807498212343,0.011378805313978939
43006,learned_event_oracle_qr,2062,1,110,8,8,0.18236700364284,0.008324325127110607
43006,learned_event_oracle_qr,2062,1,110,16,12,0.27126622789727267,0.008698752886549834
43006,learned_event_oracle_qr,2075,1,110,1,1,2.1076482257941667,0.0004936888265023192
43006,learned_event_oracle_qr,2075,1,110,4,4,1.5580663970370878,0.005768432575285652
43006,learned_event_oracle_qr,2075,1,110,8,4,1.5580663970370878,0.005768432575285652
43006,learned_event_oracle_qr,2075,1,110,16,4,1.5580663970370878,0.005768432575285652
43006,learned_event_oracle_qr,2080,1,110,1,1,-0.1742106340780978,2.0419827899901787e-05
43006,learned_event_oracle_qr,2080,1,110,4,4,0.050375705697821876,0.0188515539551274
43006,learned_event_oracle_qr,2080,1,110,8,8,0.07395799922911031,0.010064721033749214
43006,learned_event_oracle_qr,2080,1,110,16,16,-0.06328529569767999,0.007139445963890713
43006,learned_event_oracle_qr,2142,1,110,1,1,-0.4320059730108718,0.000683071421239814
43006,learned_event_oracle_qr,2142,1,110,4,2,1.2301282094552888,0.001007080312485249
43006,learned_event_oracle_qr,2142,1,110,8,2,1.2301282094552888,0.001007080312485249
43006,learned_event_oracle_qr,2142,1,110,16,2,1.2301282094552888,0.001007080312485249
43006,learned_event_oracle_qr,2145,1,110,1,1,-0.27077285124239503,0.00010745617567828446
43006,learned_event_oracle_qr,2145,1,110,4,4,0.5921939237355408,0.009875212276989407
43006,learned_event_oracle_qr,2145,1,110,8,7,0.38343260650076855,0.006673077805606422
43006,learned_event_oracle_qr,2145,1,110,16,7,0.38343260650076855,0.006673077805606422
43006,learned_event_oracle_qr,2153,1,110,1,1,-0.393824919238044,0.006394592134998064
43006,learned_event_oracle_qr,2153,1,110,4,4,0.23949352572426244,0.012876282523114253
43006,learned_event_oracle_qr,2153,1,110,8,5,0.10845764423029429,0.012550044423623405
43006,learned_event_oracle_qr,2153,1,110,16,5,0.10845764423029429,0.012550044423623405
43006,learned_event_oracle_qr,2159,1,110,1,1,1.0557566382645511,0.0010920868741953018
43006,learned_event_oracle_qr,2159,1,110,4,4,0.12622677722268583,0.006840222627135796
43006,learned_event_oracle_qr,2159,1,110,8,8,0.13393776144728578,0.008222556554497926
43006,learned_event_oracle_qr,2159,1,110,16,16,0.023456574861122917,0.00829672352287814
43006,learned_event_oracle_qr,2194,1,011,1,1,0.5037689545081685,0.5731973130531212
43006,learned_event_oracle_qr,2194,1,011,4,4,0.6303765470762115,0.1916191083686952
43006,learned_event_oracle_qr,2194,1,011,8,8,0.865998131418442,0.13588973708489172
43006,learned_event_oracle_qr,2194,1,011,16,16,0.8761372551631688,0.1441801313371221
43006,learned_event_oracle_qr,2346,2,110,1,1,1.5384298609048277,0.0012997201022653085
43006,learned_event_oracle_qr,2346,2,110,4,4,0.14461948712352443,0.003301178914206321
43006,learned_event_oracle_qr,2346,2,110,8,8,0.4315920990058283,0.00391566863698996
43006,learned_event_oracle_qr,2346,2,110,16,16,0.07342477871946212,0.006345459291495966
43006,learned_event_oracle_qr,2367,2,110,1,1,0.9094794054459028,0.026513130259839725
43006,learned_event_oracle_qr,2367,2,110,4,4,0.5019096284276532,0.0560433821223204
43006,learned_event_oracle_qr,2367,2,110,8,8,0.6189029529916033,0.029739913884634057
43006,learned_event_oracle_qr,2367,2,110,16,16,0.6258132613359882,0.02629614115418563
43006,learned_event_oracle_qr,2396,2,111,1,1,0.4416311085581544,0.011016627643050501
43006,learned_event_oracle_qr,2396,2,111,4,2,0.38775257001987584,0.00733397018562239
43006,learned_event_oracle_qr,2396,2,111,8,2,0.38775257001987584,0.00733397018562239
43006,learned_event_oracle_qr,2396,2,111,16,2,0.38775257001987584,0.00733397018562239
43006,learned_event_oracle_qr,2400,2,111,1,1,1.5106272275968704,0.20678833752760514
43006,learned_event_oracle_qr,2400,2,111,4,4,0.7985159464065503,0.10683922264805724
43006,learned_event_oracle_qr,2400,2,111,8,8,0.6147847726281361,0.07303825793120364
43006,learned_event_oracle_qr,2400,2,111,16,16,0.6414720699430791,0.04474873364037442
43006,learned_event_oracle_qr,2435,2,111,1,1,2.697115705772669,0.1037877459539741
43006,learned_event_oracle_qr,2435,2,111,4,1,2.697115705772669,0.1037877459539741
43006,learned_event_oracle_qr,2435,2,111,8,1,2.697115705772669,0.1037877459539741
43006,learned_event_oracle_qr,2435,2,111,16,1,2.697115705772669,0.1037877459539741
43006,learned_event_oracle_qr,2437,2,111,1,1,0.5542888180959515,0.054181979195911625
43006,learned_event_oracle_qr,2437,2,111,4,4,0.42500714195596223,0.023775723663789952
43006,learned_event_oracle_qr,2437,2,111,8,8,0.5039461053631629,0.012890812601998043
43006,learned_event_oracle_qr,2437,2,111,16,14,0.7877976492872539,0.029270699532664722
43006,learned_event_oracle_qr,2452,2,111,1,1,0.9147928008374414,0.04740176715999935
43006,learned_event_oracle_qr,2452,2,111,4,1,0.9147928008374414,0.04740176715999935
43006,learned_event_oracle_qr,2452,2,111,8,1,0.9147928008374414,0.04740176715999935
43006,learned_event_oracle_qr,2452,2,111,16,1,0.9147928008374414,0.04740176715999935
43006,learned_event_oracle_qr,2454,2,111,1,1,0.6838854937223025,0.23951308328988732
43006,learned_event_oracle_qr,2454,2,111,4,3,0.7360761469581479,0.1255631090345387
43006,learned_event_oracle_qr,2454,2,111,8,3,0.7360761469581479,0.1255631090345387
43006,learned_event_oracle_qr,2454,2,111,16,3,0.7360761469581479,0.1255631090345387
43006,learned_event_oracle_qr,2458,2,111,1,1,0.8172770389862988,0.13033852973871324
43006,learned_event_oracle_qr,2458,2,111,4,4,1.4886579136867282,0.10606610640871382
43006,learned_event_oracle_qr,2458,2,111,8,5,1.3033723391309235,0.0898530439262235
43006,learned_event_oracle_qr,2458,2,111,16,5,1.3033723391309235,0.0898530439262235
43006,learned_event_oracle_qr,2464,2,111,1,1,0.5754357883369975,0.15069873119091873
43006,learned_event_oracle_qr,2464,2,111,4,1,0.5754357883369975,0.15069873119091873
43006,learned_event_oracle_qr,2464,2,111,8,1,0.5754357883369975,0.15069873119091873
43006,learned_event_oracle_qr,2464,2,111,16,1,0.5754357883369975,0.15069873119091873
43006,learned_event_oracle_qr,2466,2,111,1,1,0.5968686122234477,0.05677679973203908
43006,learned_event_oracle_qr,2466,2,111,4,4,0.5086406871827593,0.06516404292650997
43006,learned_event_oracle_qr,2466,2,111,8,8,0.6333424002784662,0.043541743335995774
43006,learned_event_oracle_qr,2466,2,111,16,16,0.621376341602209,0.03099992883402798
43006,learned_event_oracle_qr,2489,2,111,1,1,0.9652122759261513,0.0009604892401300223
43006,learned_event_oracle_qr,2489,2,111,4,4,0.6167901496181005,0.0653639120648744
43006,learned_event_oracle_qr,2489,2,111,8,8,0.6660561176873809,0.04506346708958632
43006,learned_event_oracle_qr,2489,2,111,16,16,0.6944839225236918,0.03517185597002817
43006,learned_event_oracle_qr,2508,2,111,1,1,0.5483547612856349,0.19523846770469355
43006,learned_event_oracle_qr,2508,2,111,4,4,1.6132296512514221,0.3909221458979727
43006,learned_event_oracle_qr,2508,2,111,8,7,1.3025670944409176,0.2826637115413727
43006,learned_event_oracle_qr,2508,2,111,16,7,1.3025670944409176,0.2826637115413727
43006,learned_event_oracle_qr,2516,2,111,1,1,0.742803472110531,0.2705460450270506
43006,learned_event_oracle_qr,2516,2,111,4,4,0.7401572904669455,0.1526479675548157
43006,learned_event_oracle_qr,2516,2,111,8,8,0.6497039530414188,0.08822817486440615
43006,learned_event_oracle_qr,2516,2,111,16,8,0.6497039530414188,0.08822817486440615
43006,learned_event_oracle_qr,2525,2,111,1,1,1.4039179113901552,0.048278552014720574
43006,learned_event_oracle_qr,2525,2,111,4,4,0.9997466681601636,0.05090331080107133
43006,learned_event_oracle_qr,2525,2,111,8,8,0.7531575911735542,0.03591065029723843
43006,learned_event_oracle_qr,2525,2,111,16,8,0.7531575911735542,0.03591065029723843
43006,learned_event_oracle_qr,2534,2,111,1,1,1.3963021244868794,0.06028473009440228
43006,learned_event_oracle_qr,2534,2,111,4,3,0.7715239393689796,0.08661822708307339
43006,learned_event_oracle_qr,2534,2,111,8,3,0.7715239393689796,0.08661822708307339
43006,learned_event_oracle_qr,2534,2,111,16,3,0.7715239393689796,0.08661822708307339
43006,learned_event_oracle_qr,2539,2,111,1,1,0.7720354325901375,0.0027439145388751854
43006,learned_event_oracle_qr,2539,2,111,4,4,0.5443797598803859,0.01792474569780819
43006,learned_event_oracle_qr,2539,2,111,8,8,0.8054153074042183,0.02751898386275914
43006,learned_event_oracle_qr,2539,2,111,16,10,0.7769568913158597,0.028356985953176123
43006,learned_event_oracle_qr,2550,2,111,1,1,1.3218555451340597,0.6499252407951849
43006,learned_event_oracle_qr,2550,2,111,4,4,1.7744361903699235,0.23969768589337054
43006,learned_event_oracle_qr,2550,2,111,8,8,1.2588747775756646,0.13180244448262762
43006,learned_event_oracle_qr,2550,2,111,16,8,1.2588747775756646,0.13180244448262762
43006,learned_event_oracle_qr,2559,2,111,1,1,1.633721081105763,0.009400304545160389
43006,learned_event_oracle_qr,2559,2,111,4,4,1.0092568496491277,0.05657029288497534
43006,learned_event_oracle_qr,2559,2,111,8,8,0.6416570546264894,0.057625822853804805
43006,learned_event_oracle_qr,2559,2,111,16,16,0.7674862671264314,0.033995996365614886
43006,learned_event_oracle_qr,2590,2,101,1,1,0.5361536701500461,0.037813038059119806
43006,learned_event_oracle_qr,2590,2,101,4,4,0.6736794281154216,0.01847189458967551
43006,learned_event_oracle_qr,2590,2,101,8,8,0.6913301495473364,0.01364746718367729
43006,learned_event_oracle_qr,2590,2,101,16,16,0.783927413235364,0.024299841179791715
43006,learned_event_oracle_qr,2617,2,101,1,1,2.3438155143707204,0.7881653557706589
43006,learned_event_oracle_qr,2617,2,101,4,4,1.932535575454302,0.20995274498002894
43006,learned_event_oracle_qr,2617,2,101,8,8,1.2368841876216559,0.11000852993841519
43006,learned_event_oracle_qr,2617,2,101,16,16,0.8488318435316731,0.08753559955131326
43006,learned_event_oracle_qr,2639,2,101,1,1,0.6153881598273764,0.32921458956632876
43006,learned_event_oracle_qr,2639,2,101,4,1,0.6153881598273764,0.32921458956632876
43006,learned_event_oracle_qr,2639,2,101,8,1,0.6153881598273764,0.32921458956632876
43006,learned_event_oracle_qr,2639,2,101,16,1,0.6153881598273764,0.32921458956632876
43006,learned_event_oracle_qr,2641,2,101,1,1,0.5144684279363297,0.007369706893659641
43006,learned_event_oracle_qr,2641,2,101,4,4,0.6059287998630851,0.0353457827976068
43006,learned_event_oracle_qr,2641,2,101,8,8,0.699600177108655,0.021177951493784125
43006,learned_event_oracle_qr,2641,2,101,16,16,0.7786017269978294,0.01571316318990836
43006,learned_event_oracle_qr,2667,2,101,1,1,1.1126632568973869,0.042537407251081814
43006,learned_event_oracle_qr,2667,2,101,4,3,1.0697296333483537,0.030313784055749
43006,learned_event_oracle_qr,2667,2,101,8,3,1.0697296333483537,0.030313784055749
43006,learned_event_oracle_qr,2667,2,101,16,3,1.0697296333483537,0.030313784055749
43006,learned_event_oracle_qr,2671,2,101,1,1,0.864729507993843,0.06451761697469606
43006,learned_event_oracle_qr,2671,2,101,4,4,0.6742117367991627,0.017009566888970692
43006,learned_event_oracle_qr,2671,2,101,8,8,0.4902427575011422,0.00991607082430943
43006,learned_event_oracle_qr,2671,2,101,16,16,0.45029130557644276,0.01993720152455187
43006,learned_event_oracle_qr,2795,2,011,1,1,1.0604846700461394,0.27728323762026014
43006,learned_event_oracle_qr,2795,2,011,4,4,0.7425892942517319,0.08735948118818185
43006,learned_event_oracle_qr,2795,2,011,8,8,0.7907597642777591,0.05248572558035482
43006,learned_event_oracle_qr,2795,2,011,16,16,0.777578566516534,0.058008710860147306
43006,learned_event_oracle_qr,2820,2,110,1,1,-0.10118326809387397,0.0010175511795146044
43006,learned_event_oracle_qr,2820,2,110,4,4,0.5896070103315185,0.004787120743972529
43006,learned_event_oracle_qr,2820,2,110,8,4,0.5896070103315185,0.004787120743972529
43006,learned_event_oracle_qr,2820,2,110,16,4,0.5896070103315185,0.004787120743972529
43006,learned_event_oracle_qr,2825,2,110,1,1,-0.4082223750486843,0.0004097327126712411
43006,learned_event_oracle_qr,2825,2,110,4,4,-0.12791577576986757,0.015029441911427913
43006,learned_event_oracle_qr,2825,2,110,8,4,-0.12791577576986757,0.015029441911427913
43006,learned_event_oracle_qr,2825,2,110,16,4,-0.12791577576986757,0.015029441911427913
43006,learned_event_oracle_qr,2830,2,110,1,1,-0.23668847414784477,0.0018413420657899064
43006,learned_event_oracle_qr,2830,2,110,4,4,0.8526639505757212,0.009478585630033835
43006,learned_event_oracle_qr,2830,2,110,8,8,0.556480299918037,0.005274478613099616
43006,learned_event_oracle_qr,2830,2,110,16,8,0.556480299918037,0.005274478613099616
43006,learned_event_oracle_qr,2839,2,110,1,1,-0.40579030223577023,0.00046050719129250145
43006,learned_event_oracle_qr,2839,2,110,4,1,-0.40579030223577023,0.00046050719129250145
43006,learned_event_oracle_qr,2839,2,110,8,1,-0.40579030223577023,0.00046050719129250145
43006,learned_event_oracle_qr,2839,2,110,16,1,-0.40579030223577023,0.00046050719129250145
43006,learned_event_oracle_qr,2841,2,110,1,1,0.6252627153176258,0.00016652022307490563
43006,learned_event_oracle_qr,2841,2,110,4,4,-0.09894305369628095,0.0035092967237294924
43006,learned_event_oracle_qr,2841,2,110,8,6,-0.004469349891576213,0.0034316715412648405
43006,learned_event_oracle_qr,2841,2,110,16,6,-0.004469349891576213,0.0034316715412648405
43006,learned_event_oracle_qr,2848,2,110,1,1,-0.39572084865026635,0.01675103225618135
43006,learned_event_oracle_qr,2848,2,110,4,2,-0.40630525894877734,0.025229675998988198
43006,learned_event_oracle_qr,2848,2,110,8,2,-0.40630525894877734,0.025229675998988198
43006,learned_event_oracle_qr,2848,2,110,16,2,-0.40630525894877734,0.025229675998988198
43006,learned_event_oracle_qr,2851,2,110,1,1,-0.15280046160673977,0.0036634194929245716
43006,learned_event_oracle_qr,2851,2,110,4,4,0.5070167781535871,0.01227705089055681
43006,learned_event_oracle_qr,2851,2,110,8,6,0.31156588619090747,0.009531767524392453
43006,learned_event_oracle_qr,2851,2,110,16,6,0.31156588619090747,0.009531767524392453
43006,learned_event_oracle_qr,2858,2,110,1,1,-0.37041254456850387,0.007533217077565728
43006,learned_event_oracle_qr,2858,2,110,4,4,-0.35212873218869756,0.007768709057759374
43006,learned_event_oracle_qr,2858,2,110,8,8,-0.07849581615287779,0.008510866542994851
43006,learned_event_oracle_qr,2858,2,110,16,15,0.14999868184590293,0.012471082845739957
43006,learned_event_oracle_qr,2875,2,110,1,1,-0.2310260488710487,0.001317542918908777
43006,learned_event_oracle_qr,2875,2,110,4,1,-0.2310260488710487,0.001317542918908777
43006,learned_event_oracle_qr,2875,2,110,8,1,-0.2310260488710487,0.001317542918908777
43006,learned_event_oracle_qr,2875,2,110,16,1,-0.2310260488710487,0.001317542918908777
43006,learned_event_oracle_qr,2877,2,110,1,1,-0.3561547818981264,0.008695520169096024
43006,learned_event_oracle_qr,2877,2,110,4,4,-0.11536318261522917,0.008132782695115724
43006,learned_event_oracle_qr,2877,2,110,8,8,-0.13545669325220255,0.005544177285823267
43006,learned_event_oracle_qr,2877,2,110,16,16,-0.16583868715351427,0.004938036084168252
43006,learned_event_oracle_qr,2914,2,110,1,1,0.5325526299915527,0.0009182084299600303
43006,learned_event_oracle_qr,2914,2,110,4,4,0.7459904096448728,0.0005900987939508357
43006,learned_event_oracle_qr,2914,2,110,8,8,0.23204345744818022,0.00248535337883523
43006,learned_event_oracle_qr,2914,2,110,16,16,0.2676338399448947,0.0078009580798735
43006,learned_event_oracle_qr,2959,2,110,1,1,-0.23144496675824716,2.1218440407229493e-05
43006,learned_event_oracle_qr,2959,2,110,4,2,-0.3327932054102398,0.0058910667423676105
43006,learned_event_oracle_qr,2959,2,110,8,2,-0.3327932054102398,0.0058910667423676105
43006,learned_event_oracle_qr,2959,2,110,16,2,-0.3327932054102398,0.0058910667423676105
43006,learned_event_oracle_qr,2962,2,110,1,1,-0.18425559127115948,0.002361683367084277
43006,learned_event_oracle_qr,2962,2,110,4,4,-0.16706906780232145,0.012464126625511563
43006,learned_event_oracle_qr,2962,2,110,8,8,0.08514933895805249,0.01777476327981358
43006,learned_event_oracle_qr,2962,2,110,16,16,-0.05719154803334521,0.011351401474330787
43006,learned_event_oracle_qr,2982,2,110,1,1,-0.43644242462411903,0.01968564946769297
43006,learned_event_oracle_qr,2982,2,110,4,4,0.27199467054853677,0.008036981872847015
43006,learned_event_oracle_qr,2982,2,110,8,8,-0.017511050509150333,0.006232102342344141
43006,learned_event_oracle_qr,2982,2,110,16,16,-0.025685963398986184,0.005326099760875114
43006,learned_event_oracle_qr,3011,2,110,1,1,2.035207672988488,0.00015639874002977078
43006,learned_event_oracle_qr,3011,2,110,4,4,0.33101276558178105,0.012528195321267513
43006,learned_event_oracle_qr,3011,2,110,8,8,0.18048109576721708,0.010036203033395159
43006,learned_event_oracle_qr,3011,2,110,16,16,0.11822590804094282,0.008672984087046377
43006,learned_event_oracle_qr,3064,2,111,1,1,2.0152467106171508,0.01886018397440052
43006,learned_event_oracle_qr,3064,2,111,4,4,1.4711613678217437,0.10374857280511797
43006,learned_event_oracle_qr,3064,2,111,8,8,1.5671960749162734,0.0774429156766089
43006,learned_event_oracle_qr,3064,2,111,16,16,1.0462010045815893,0.06654552617486133
43006,learned_event_oracle_qr,3136,2,101,1,1,0.3696124711091965,0.05475578566590512
43006,learned_event_oracle_qr,3136,2,101,4,4,0.2586982339225797,0.05086094587889085
43006,learned_event_oracle_qr,3136,2,101,8,8,0.34217358544761856,0.04789349079107506
43006,learned_event_oracle_qr,3136,2,101,16,13,0.4445865638620961,0.0324445799321162
43006,learned_event_oracle_qr,3150,2,101,1,1,0.4006831115263876,0.07456378393661973
43006,learned_event_oracle_qr,3150,2,101,4,4,0.5346087937551686,0.040760983846907045
43006,learned_event_oracle_qr,3150,2,101,8,8,0.5117565543096135,0.02493357312359227
43006,learned_event_oracle_qr,3150,2,101,16,11,0.4234360860909202,0.020390512506686085
43006,learned_event_oracle_qr,3162,2,101,1,1,0.24339710780646426,0.002496610399919332
43006,learned_event_oracle_qr,3162,2,101,4,4,0.27078327439418537,0.004974837647631797
43006,learned_event_oracle_qr,3162,2,101,8,8,0.2551693878357253,0.012704246448151213
43006,learned_event_oracle_qr,3162,2,101,16,8,0.2551693878357253,0.012704246448151213
43006,learned_event_oracle_qr,3171,2,101,1,1,0.8345129065566123,0.10168413428225964
43006,learned_event_oracle_qr,3171,2,101,4,4,0.6937385198878053,0.03305356232671306
43006,learned_event_oracle_qr,3171,2,101,8,8,0.44547501453007154,0.02214005558265348
43006,learned_event_oracle_qr,3171,2,101,16,16,0.43457272462595575,0.014911858806964887
43006,learned_event_oracle_qr,3209,2,101,1,1,0.3143322702792691,0.021695911474574406
43006,learned_event_oracle_qr,3209,2,101,4,4,0.45569812652470854,0.020146481944744825
43006,learned_event_oracle_qr,3209,2,101,8,8,0.617237144511646,0.015220650860991622
43006,learned_event_oracle_qr,3209,2,101,16,16,0.6265529002771526,0.017029289395564275
43006,learned_event_oracle_qr,3398,2,101,1,1,5.837202167785697,0.4551572821807427
43006,learned_event_oracle_qr,3398,2,101,4,4,2.505427586064307,0.20645427270686814
43006,learned_event_oracle_qr,3398,2,101,8,8,1.4447469497168246,0.10897326878171149
43006,learned_event_oracle_qr,3398,2,101,16,16,1.2367791561124224,0.05783823002329736
43006,learned_event_oracle_qr,3425,2,101,1,1,5.602365246148217,1.398322641576773
43006,learned_event_oracle_qr,3425,2,101,4,4,2.5104462701611476,0.5176885356484342
43006,learned_event_oracle_qr,3425,2,101,8,8,1.4651994588004458,0.2827744112607093
43006,learned_event_oracle_qr,3425,2,101,16,16,0.9704775691096759,0.1572817406606079
43006,learned_event_oracle_qr,3446,2,101,1,1,1.0272492596145404,0.10814401268466871
43006,learned_event_oracle_qr,3446,2,101,4,4,0.5539637296656461,0.064927323211184
43006,learned_event_oracle_qr,3446,2,101,8,8,0.38791739773488915,0.033691610376784434
43006,learned_event_oracle_qr,3446,2,101,16,9,0.3570985426480831,0.030229556856747337
43006,learned_event_oracle_qr,3474,3,101,1,1,0.7131232057353878,0.0018397192487352079
43006,learned_event_oracle_qr,3474,3,101,4,2,0.5787303607868814,0.00792105464737379
43006,learned_event_oracle_qr,3474,3,101,8,2,0.5787303607868814,0.00792105464737379
43006,learned_event_oracle_qr,3474,3,101,16,2,0.5787303607868814,0.00792105464737379
43006,learned_event_oracle_qr,3477,3,101,1,1,3.9221006484693697,0.019617518821531024
43006,learned_event_oracle_qr,3477,3,101,4,4,1.5501214220759163,0.02690564639422552
43006,learned_event_oracle_qr,3477,3,101,8,8,1.0775531617780387,0.09559899549130382
43006,learned_event_oracle_qr,3477,3,101,16,14,1.2616223321851308,0.10969904178781034
43006,learned_event_oracle_qr,3492,3,101,1,1,0.4575583650992485,0.34636222510848125
43006,learned_event_oracle_qr,3492,3,101,4,4,1.1200839083054916,0.09686836545188905
43006,learned_event_oracle_qr,3492,3,101,8,8,0.853714644753423,0.05138901495724589
43006,learned_event_oracle_qr,3492,3,101,16,15,0.7226385542115512,0.030579170829252753
43006,learned_event_oracle_qr,3508,3,101,1,1,3.1063466338228376,0.007881931462981613
43006,learned_event_oracle_qr,3508,3,101,4,1,3.1063466338228376,0.007881931462981613
43006,learned_event_oracle_qr,3508,3,101,8,1,3.1063466338228376,0.007881931462981613
43006,learned_event_oracle_qr,3508,3,101,16,1,3.1063466338228376,0.007881931462981613
43006,learned_event_oracle_qr,3510,3,101,1,1,1.20710797493785,0.02550584318245543
43006,learned_event_oracle_qr,3510,3,101,4,4,0.6187332252093022,0.010378162398148537
43006,learned_event_oracle_qr,3510,3,101,8,8,0.43747389607241394,0.007254421781078342
43006,learned_event_oracle_qr,3510,3,101,16,11,0.5213396023996203,0.005989206139510552
43006,learned_event_oracle_qr,3522,3,101,1,1,0.4398166022344524,0.03781252749673841
43006,learned_event_oracle_qr,3522,3,101,4,4,0.29468930094034795,0.026260677721883743
43006,learned_event_oracle_qr,3522,3,101,8,8,0.35854087201565077,0.022150530570558793
43006,learned_event_oracle_qr,3522,3,101,16,10,0.3682935242114024,0.019457667911132685
43006,learned_event_oracle_qr,3533,3,101,1,1,0.40556770650299506,0.04117078875876133
43006,learned_event_oracle_qr,3533,3,101,4,4,0.4986826622146398,0.023189491345948318
43006,learned_event_oracle_qr,3533,3,101,8,8,0.38899865983423776,0.023033877312879543
43006,learned_event_oracle_qr,3533,3,101,16,12,0.7167217666911033,0.035757015360573845
43006,learned_event_oracle_qr,3546,3,101,1,1,0.8170775393313678,0.13643297094673867
43006,learned_event_oracle_qr,3546,3,101,4,1,0.8170775393313678,0.13643297094673867
43006,learned_event_oracle_qr,3546,3,101,8,1,0.8170775393313678,0.13643297094673867
43006,learned_event_oracle_qr,3546,3,101,16,1,0.8170775393313678,0.13643297094673867
43006,learned_event_oracle_qr,3548,3,101,1,1,1.0933641759081028,0.0021059120208322176
43006,learned_event_oracle_qr,3548,3,101,4,4,0.5592664714302147,0.009790310171874404
43006,learned_event_oracle_qr,3548,3,101,8,8,0.7018968792409566,0.03252525893291734
43006,learned_event_oracle_qr,3548,3,101,16,16,0.7972218290884925,0.03599616943254435
43006,learned_event_oracle_qr,3572,3,111,1,1,0.6312902369523284,0.04558382510717624
43006,learned_event_oracle_qr,3572,3,111,4,4,0.8439601456532204,0.0667918680208577
43006,learned_event_oracle_qr,3572,3,111,8,8,1.0445116061998045,0.0864940293108552
43006,learned_event_oracle_qr,3572,3,111,16,14,0.9796092544567426,0.06372969346477296
43006,learned_event_oracle_qr,3587,3,111,1,1,0.5529192047280812,0.002904899242919138
43006,learned_event_oracle_qr,3587,3,111,4,4,0.4953851528799669,0.007328560696255177
43006,learned_event_oracle_qr,3587,3,111,8,5,0.5505224493049897,0.006312924567824156
43006,learned_event_oracle_qr,3587,3,111,16,5,0.5505224493049897,0.006312924567824156
43006,learned_event_oracle_qr,3593,3,111,1,1,1.3826455664056776,0.0881282438172634
43006,learned_event_oracle_qr,3593,3,111,4,4,1.4525780431445976,0.07834616421491314
43006,learned_event_oracle_qr,3593,3,111,8,8,1.3571997227441608,0.07264629568458619
43006,learned_event_oracle_qr,3593,3,111,16,16,1.0846475239357312,0.0761582211994069
43006,learned_event_oracle_qr,3632,3,111,1,1,0.4966175497263252,0.06984423066442802
43006,learned_event_oracle_qr,3632,3,111,4,4,0.6108965832763846,0.02601901859117383
43006,learned_event_oracle_qr,3632,3,111,8,8,0.9717078269946918,0.07594914217606086
43006,learned_event_oracle_qr,3632,3,111,16,9,0.924816758629654,0.06768156960558493
43006,learned_event_oracle_qr,3642,3,111,1,1,0.9693891669879424,0.006451946346967752
43006,learned_event_oracle_qr,3642,3,111,4,4,1.0372256335229193,0.13220828045241853
43006,learned_event_oracle_qr,3642,3,111,8,7,0.753577972851878,0.13603375166914827
43006,learned_event_oracle_qr,3642,3,111,16,7,0.753577972851878,0.13603375166914827
43006,learned_event_oracle_qr,3650,3,111,1,1,0.6735719956451522,0.04313755650522206
43006,learned_event_oracle_qr,3650,3,111,4,4,1.0627816610941256,0.1647089754520238
43006,learned_event_oracle_qr,3650,3,111,8,8,0.7597753960723765,0.0961112819789218
43006,learned_event_oracle_qr,3650,3,111,16,16,0.720782692456809,0.07347979668949339
43006,learned_event_oracle_qr,3692,3,110,1,1,0.26017468006983585,0.0014193097015767547
43006,learned_event_oracle_qr,3692,3,110,4,4,0.12188184151356829,0.004970181548019816
43006,learned_event_oracle_qr,3692,3,110,8,8,0.19143643950447797,0.005152154625736696
43006,learned_event_oracle_qr,3692,3,110,16,9,0.16583739536532038,0.008218826151199758
43006,learned_event_oracle_qr,3703,3,110,1,1,1.0560079442418715,0.019887625537265113
43006,learned_event_oracle_qr,3703,3,110,4,4,0.21862272042703162,0.02883429891171079
43006,learned_event_oracle_qr,3703,3,110,8,8,0.028349748900360017,0.018438779833802498
43006,learned_event_oracle_qr,3703,3,110,16,16,-0.06948583167968961,0.012765662162278278
43006,learned_event_oracle_qr,3723,3,110,1,1,-0.3388084455771066,0.0010505502189471312
43006,learned_event_oracle_qr,3723,3,110,4,1,-0.3388084455771066,0.0010505502189471312
43006,learned_event_oracle_qr,3723,3,110,8,1,-0.3388084455771066,0.0010505502189471312
43006,learned_event_oracle_qr,3723,3,110,16,1,-0.3388084455771066,0.0010505502189471312
43006,learned_event_oracle_qr,3725,3,110,1,1,0.5426357475286129,0.0010264601951999052
43006,learned_event_oracle_qr,3725,3,110,4,4,-0.033614188421091956,0.004512413531362254
43006,learned_event_oracle_qr,3725,3,110,8,8,-0.08411964519571115,0.005172595413664699
43006,learned_event_oracle_qr,3725,3,110,16,16,0.020762839211028297,0.004171701706041753
43006,learned_event_oracle_qr,3755,3,110,1,1,-0.4389145150481595,0.03013058441680938
43006,learned_event_oracle_qr,3755,3,110,4,4,0.09325570159720752,0.008360148409413182
43006,learned_event_oracle_qr,3755,3,110,8,8,0.21396566211726156,0.006847467096910298
43006,learned_event_oracle_qr,3755,3,110,16,13,0.04094035915081738,0.007173975482204192
43006,learned_event_oracle_qr,3769,3,110,1,1,1.8976761189146614,0.00027671336969230763
43006,learned_event_oracle_qr,3769,3,110,4,4,0.3128238868968446,0.009044229992592124
43006,learned_event_oracle_qr,3769,3,110,8,8,0.48763417488232746,0.025893519850440826
43006,learned_event_oracle_qr,3769,3,110,16,16,0.686547707276832,0.05716520994028797
43006,learned_event_oracle_qr,3791,3,111,1,1,0.5547327091021694,0.3808815715824916
43006,learned_event_oracle_qr,3791,3,111,4,4,1.2852153097881125,0.15359235494353374
43006,learned_event_oracle_qr,3791,3,111,8,8,0.8464251024001289,0.10271870143053924
43006,learned_event_oracle_qr,3791,3,111,16,16,0.7262492434066342,0.07183918261293967
43006,learned_event_oracle_qr,3811,3,111,1,1,0.48139159739088677,0.12693396951364563
43006,learned_event_oracle_qr,3811,3,111,4,4,0.9172397756632593,0.37118317084520536
43006,learned_event_oracle_qr,3811,3,111,8,4,0.9172397756632593,0.37118317084520536
43006,learned_event_oracle_qr,3811,3,111,16,4,0.9172397756632593,0.37118317084520536
43006,learned_event_oracle_qr,3816,3,111,1,1,2.594848315245852,0.036018763933667645
43006,learned_event_oracle_qr,3816,3,111,4,4,1.2032877401420043,0.0313634276172587
43006,learned_event_oracle_qr,3816,3,111,8,8,1.0344432793126022,0.034176515676524424
43006,learned_event_oracle_qr,3816,3,111,16,12,0.8205297084892634,0.02870121869734861
43006,learned_event_oracle_qr,3829,3,111,1,1,2.174908655640027,0.0013466741749809255
43006,learned_event_oracle_qr,3829,3,111,4,4,1.1600596591816426,0.03713690632554737
43006,learned_event_oracle_qr,3829,3,111,8,8,1.1245439851586085,0.031375173720272535
43006,learned_event_oracle_qr,3829,3,111,16,16,0.9820419100958888,0.023955082333332774
43006,learned_event_oracle_qr,3858,3,101,1,1,0.42667438970028726,0.027595772083385525
43006,learned_event_oracle_qr,3858,3,101,4,4,0.7445638498690578,0.02009816008257226
43006,learned_event_oracle_qr,3858,3,101,8,7,0.8603953586976011,0.016522880547033388
43006,learned_event_oracle_qr,3858,3,101,16,7,0.8603953586976011,0.016522880547033388
43006,learned_event_oracle_qr,3866,3,101,1,1,1.410435606627741,0.026620563925566956
43006,learned_event_oracle_qr,3866,3,101,4,4,0.6727528105413731,0.007322134223378356
43006,learned_event_oracle_qr,3866,3,101,8,8,0.6541305906605012,0.005977557324095354
43006,learned_event_oracle_qr,3866,3,101,16,16,0.5453682654980164,0.008416233073854458
43006,learned_event_oracle_qr,4072,3,011,1,1,0.4222037018399428,0.02165855081404994
43006,learned_event_oracle_qr,4072,3,011,4,4,0.7188002029531354,0.15427397924057745
43006,learned_event_oracle_qr,4072,3,011,8,8,0.8630024073271032,0.1120805478887972
43006,learned_event_oracle_qr,4072,3,011,16,16,1.1152551657068452,0.122599205466652
43006,learned_event_oracle_qr,4135,3,110,1,1,1.2429893932983702,0.013123504787534181
43006,learned_event_oracle_qr,4135,3,110,4,2,2.279411406418203,0.008766728454893366
43006,learned_event_oracle_qr,4135,3,110,8,2,2.279411406418203,0.008766728454893366
43006,learned_event_oracle_qr,4135,3,110,16,2,2.279411406418203,0.008766728454893366
43006,learned_event_oracle_qr,4138,3,110,1,1,-0.27614127508496483,1.0412043079436184e-06
43006,learned_event_oracle_qr,4138,3,110,4,4,-0.2885486030618746,0.004669252808558228
43006,learned_event_oracle_qr,4138,3,110,8,5,-0.32207697595336465,0.006729958432822753
43006,learned_event_oracle_qr,4138,3,110,16,5,-0.32207697595336465,0.006729958432822753
43006,learned_event_oracle_qr,4144,3,110,1,1,-0.23920027385542217,0.00028549184060213913
43006,learned_event_oracle_qr,4144,3,110,4,4,-0.26919247082911946,0.0023645981602988682
43006,learned_event_oracle_qr,4144,3,110,8,5,-0.28329165229761466,0.008066736516221121
43006,learned_event_oracle_qr,4144,3,110,16,5,-0.28329165229761466,0.008066736516221121
43006,learned_event_oracle_qr,4150,3,110,1,1,-0.37089716322607674,0.0014164885879258736
43006,learned_event_oracle_qr,4150,3,110,4,4,0.36388541651967365,0.00497704756727524
43006,learned_event_oracle_qr,4150,3,110,8,8,0.3371355933381661,0.009852503079291017
43006,learned_event_oracle_qr,4150,3,110,16,16,0.23994220381758757,0.008111564266594356
43006,learned_event_oracle_qr,4181,3,110,1,1,-0.26846547598080095,0.0008655820901999932
43006,learned_event_oracle_qr,4181,3,110,4,4,0.05456333889455775,0.011894618464647308
43006,learned_event_oracle_qr,4181,3,110,8,8,0.10849089295628453,0.011047067604938647
43006,learned_event_oracle_qr,4181,3,110,16,11,0.08211574009703655,0.017602285384398845
43006,learned_event_oracle_qr,4193,3,101,1,1,0.9267900651699849,0.00022102667759152248
43006,learned_event_oracle_qr,4193,3,101,4,4,0.6318644759971894,0.016868095568221015
43006,learned_event_oracle_qr,4193,3,101,8,8,0.5493684138017181,0.027673164803431363
43006,learned_event_oracle_qr,4193,3,101,16,8,0.5493684138017181,0.027673164803431363
43006,learned_event_oracle_qr,4202,3,101,1,1,0.5100794922088462,1.0376414297017613e-05
43006,learned_event_oracle_qr,4202,3,101,4,4,0.41931443041251093,0.004543864733743628
43006,learned_event_oracle_qr,4202,3,101,8,8,0.4683427286563201,0.022736515887677312
43006,learned_event_oracle_qr,4202,3,101,16,16,0.6161022253358838,0.040244684571924344
43006,learned_event_oracle_qr,4222,3,101,1,1,0.7263219397585844,0.004024900240300405
43006,learned_event_oracle_qr,4222,3,101,4,4,0.5061415059420393,0.0066968427474816215
43006,learned_event_oracle_qr,4222,3,101,8,8,0.49747626496289343,0.014400613537358897
43006,learned_event_oracle_qr,4222,3,101,16,16,0.6754991909147787,0.012629053499516669
43006,learned_event_oracle_qr,4260,3,101,1,1,0.22074159477249558,0.04261824364347617
43006,learned_event_oracle_qr,4260,3,101,4,4,0.45870509409979343,0.020310098629951468
43006,learned_event_oracle_qr,4260,3,101,8,8,0.6044758905155827,0.015333484823863212
43006,learned_event_oracle_qr,4260,3,101,16,11,0.5666574531895713,0.01224112594385597
43006,learned_event_oracle_qr,4272,3,101,1,1,0.4425926433683678,0.16113781400495641
43006,learned_event_oracle_qr,4272,3,101,4,4,0.46397371540482424,0.10712083065615213
43006,learned_event_oracle_qr,4272,3,101,8,8,0.6917974612504229,0.06188624420219626
43006,learned_event_oracle_qr,4272,3,101,16,10,0.6681993043328331,0.05128448606019546
43006,learned_event_oracle_qr,4283,3,101,1,1,0.7976892980131486,0.006926415687742963
43006,learned_event_oracle_qr,4283,3,101,4,4,0.396629031520831,0.0025444168271734923
43006,learned_event_oracle_qr,4283,3,101,8,6,0.6703537266445108,0.004427103827125962
43006,learned_event_oracle_qr,4283,3,101,16,6,0.6703537266445108,0.004427103827125962
43006,learned_event_oracle_qr,4290,3,101,1,1,0.6151260960848994,0.019683143960096322
43006,learned_event_oracle_qr,4290,3,101,4,4,0.5922300180478302,0.012142290887149649
43006,learned_event_oracle_qr,4290,3,101,8,8,0.472334685941976,0.03496505951755278
43006,learned_event_oracle_qr,4290,3,101,16,15,0.8584322057281121,0.14868249080278936
43006,learned_event_oracle_qr,4306,3,101,1,1,1.476556040615586,0.02536588905880868
43006,learned_event_oracle_qr,4306,3,101,4,4,1.1353517408481522,0.055771060278046014
43006,learned_event_oracle_qr,4306,3,101,8,8,0.727691258577005,0.09710520949694226
43006,learned_event_oracle_qr,4306,3,101,16,10,0.6553106272095143,0.09107231624635931
43006,learned_event_oracle_qr,4317,3,101,1,1,1.199780463509631,0.0009311421127131458
43006,learned_event_oracle_qr,4317,3,101,4,4,0.9795529441471442,0.021403172664534467
43006,learned_event_oracle_qr,4317,3,101,8,8,0.8725003696762892,0.014136595460109345
43006,learned_event_oracle_qr,4317,3,101,16,16,0.9836280650901338,0.014557974378209122
43006,learned_event_oracle_qr,4416,3,110,1,1,-0.42863011534102813,0.026858557711448013
43006,learned_event_oracle_qr,4416,3,110,4,4,-0.2903361989075119,0.016057040512934603
43006,learned_event_oracle_qr,4416,3,110,8,8,-0.2878281968474757,0.009640171374415534
43006,learned_event_oracle_qr,4416,3,110,16,8,-0.2878281968474757,0.009640171374415534
43006,learned_event_oracle_qr,4425,3,110,1,1,-0.4157164200851203,0.0069537594684257725
43006,learned_event_oracle_qr,4425,3,110,4,4,-0.16780600730193185,0.0042198307424368905
43006,learned_event_oracle_qr,4425,3,110,8,8,-0.11550789722011795,0.004334242016506203
43006,learned_event_oracle_qr,4425,3,110,16,16,-0.136812281506277,0.0065808537744839
43006,learned_event_oracle_qr,4442,3,110,1,1,-0.25925950335997916,0.0006950734555337775
43006,learned_event_oracle_qr,4442,3,110,4,4,0.22933904247526213,0.002254684481890943
43006,learned_event_oracle_qr,4442,3,110,8,8,-0.07072738518631656,0.004210108741240529
43006,learned_event_oracle_qr,4442,3,110,16,16,-0.15097635932888764,0.003629162659743606
43006,learned_event_oracle_qr,4470,3,110,1,1,-0.41158719906120705,0.009276658313152403
43006,learned_event_oracle_qr,4470,3,110,4,4,-0.2783709327953509,0.002558027948093463
43006,learned_event_oracle_qr,4470,3,110,8,8,-0.16535247648966817,0.0036053898879289843
43006,learned_event_oracle_qr,4470,3,110,16,14,-0.19779453040782238,0.0024828579010650856
43006,learned_event_oracle_qr,4485,3,110,1,1,-0.19756775501833201,0.005252363377864598
43006,learned_event_oracle_qr,4485,3,110,4,4,-0.07064817275192754,0.015381107820002035
43006,learned_event_oracle_qr,4485,3,110,8,8,-0.0917908607063595,0.010319597200247865
43006,learned_event_oracle_qr,4485,3,110,16,16,0.4371637569712086,0.012942014006540036
43006,learned_event_oracle_qr,4518,3,111,1,1,0.4418555725251484,0.08315824049318164
43006,learned_event_oracle_qr,4518,3,111,4,3,0.6495795526373436,0.11558353677988308
43006,learned_event_oracle_qr,4518,3,111,8,3,0.6495795526373436,0.11558353677988308
43006,learned_event_oracle_qr,4518,3,111,16,3,0.6495795526373436,0.11558353677988308
43006,learned_event_oracle_qr,4522,3,111,1,1,0.6999298384566188,0.13290014712877327
43006,learned_event_oracle_qr,4522,3,111,4,4,0.5348859932022627,0.07863307410238908
43006,learned_event_oracle_qr,4522,3,111,8,5,0.5293738925501696,0.12244743365924679
43006,learned_event_oracle_qr,4522,3,111,16,5,0.5293738925501696,0.12244743365924679
43006,learned_event_oracle_qr,4528,3,111,1,1,1.5430050118380652,0.005610383712786153
43006,learned_event_oracle_qr,4528,3,111,4,4,1.0182185959991699,0.0095415237344828
43006,learned_event_oracle_qr,4528,3,111,8,8,0.979397358374039,0.03908300336210971
43006,learned_event_oracle_qr,4528,3,111,16,16,1.0502697605534845,0.10587619358948727
43006,learned_event_oracle_qr,4549,3,111,1,1,0.6134181541969063,0.04296814839114675
43006,learned_event_oracle_qr,4549,3,111,4,2,0.5122296227789791,0.02157619186656707
43006,learned_event_oracle_qr,4549,3,111,8,2,0.5122296227789791,0.02157619186656707
43006,learned_event_oracle_qr,4549,3,111,16,2,0.5122296227789791,0.02157619186656707
43006,learned_event_oracle_qr,4552,3,111,1,1,1.9391605919563957,0.14762164552666054
43006,learned_event_oracle_qr,4552,3,111,4,1,1.9391605919563957,0.14762164552666054
43006,learned_event_oracle_qr,4552,3,111,8,1,1.9391605919563957,0.14762164552666054
43006,learned_event_oracle_qr,4552,3,111,16,1,1.9391605919563957,0.14762164552666054
43006,learned_event_oracle_qr,4554,3,111,1,1,1.6776828649105893,0.09949774847829934
43006,learned_event_oracle_qr,4554,3,111,4,4,1.0036693473023481,0.06526174839575972
43006,learned_event_oracle_qr,4554,3,111,8,8,1.038530869526614,0.05204558160931106
43006,learned_event_oracle_qr,4554,3,111,16,16,0.9373696404144751,0.04852714298314137
43006,learned_event_oracle_qr,4573,3,111,1,1,1.2410819082373843,0.04047064554513149
43006,learned_event_oracle_qr,4573,3,111,4,4,0.9729541367471242,0.034433798405550074
43006,learned_event_oracle_qr,4573,3,111,8,8,0.7562218058932291,0.02939874525548248
43006,learned_event_oracle_qr,4573,3,111,16,16,0.7889548914198903,0.0324358788744223
43006,learned_event_oracle_qr,4591,3,111,1,1,1.9403023393643664,0.04047741134744503
43006,learned_event_oracle_qr,4591,3,111,4,4,0.7827449926883971,0.02889770240244144
43006,learned_event_oracle_qr,4591,3,111,8,5,0.7573754755733487,0.023128098110388746
43006,learned_event_oracle_qr,4591,3,111,16,5,0.7573754755733487,0.023128098110388746
43006,learned_event_oracle_qr,4597,3,111,1,1,2.198624434194939,0.09597851680720176
43006,learned_event_oracle_qr,4597,3,111,4,4,1.2467340395103625,0.1286409492189198
43006,learned_event_oracle_qr,4597,3,111,8,8,1.045189478219214,0.06523799329129995
43006,learned_event_oracle_qr,4597,3,111,16,8,1.045189478219214,0.06523799329129995
43006,learned_event_oracle_qr,4606,3,111,1,1,0.5096553946701667,0.07192802784784107
43006,learned_event_oracle_qr,4606,3,111,4,1,0.5096553946701667,0.07192802784784107
43006,learned_event_oracle_qr,4606,3,111,8,1,0.5096553946701667,0.07192802784784107
43006,learned_event_oracle_qr,4606,3,111,16,1,0.5096553946701667,0.07192802784784107
43006,oracle_event_oracle_qr,58,0,011,1,1,1.031403074952222,0.06097688709752543
43006,oracle_event_oracle_qr,58,0,011,4,4,0.5886269369494671,0.020845986332273254
43006,oracle_event_oracle_qr,58,0,011,8,8,0.5653622745123871,0.01903466739086787
43006,oracle_event_oracle_qr,58,0,011,16,16,0.7654197934664584,0.031346683003201495
43006,oracle_event_oracle_qr,141,0,101,1,1,0.4546663706016255,0.07681974135828847
43006,oracle_event_oracle_qr,141,0,101,4,4,0.31617301218518484,0.10423980132180517
43006,oracle_event_oracle_qr,141,0,101,8,8,0.888611296999132,0.12808959704447576
43006,oracle_event_oracle_qr,141,0,101,16,14,0.6911976071936676,0.1064914685465855
43006,oracle_event_oracle_qr,156,0,101,1,1,0.720695392854832,0.09125726834077504
43006,oracle_event_oracle_qr,156,0,101,4,3,0.7728572076200354,0.033217081762219026
43006,oracle_event_oracle_qr,156,0,101,8,3,0.7728572076200354,0.033217081762219026
43006,oracle_event_oracle_qr,156,0,101,16,3,0.7728572076200354,0.033217081762219026
43006,oracle_event_oracle_qr,160,0,101,1,1,1.0333178685601112,0.034309499756086985
43006,oracle_event_oracle_qr,160,0,101,4,4,1.19039468669025,0.013179664955036955
43006,oracle_event_oracle_qr,160,0,101,8,8,0.707433277149061,0.020554190972703532
43006,oracle_event_oracle_qr,160,0,101,16,9,0.7076063124677865,0.018959079024730638
43006,oracle_event_oracle_qr,170,0,101,1,1,3.0409827932528715,4.4201111328183376e-06
43006,oracle_event_oracle_qr,170,0,101,4,4,1.0985803252792812,0.003105058325251902
43006,oracle_event_oracle_qr,170,0,101,8,8,0.9000210251065348,0.013590565706351306
43006,oracle_event_oracle_qr,170,0,101,16,15,0.669544891152566,0.023365968204850564
43006,oracle_event_oracle_qr,186,0,101,1,1,0.9884927853504905,0.11870334357139668
43006,oracle_event_oracle_qr,186,0,101,4,2,1.7387342022588272,0.05935386690750523
43006,oracle_event_oracle_qr,186,0,101,8,2,1.7387342022588272,0.05935386690750523
43006,oracle_event_oracle_qr,186,0,101,16,2,1.7387342022588272,0.05935386690750523
43006,oracle_event_oracle_qr,189,0,101,1,1,1.0297971843264047,0.00020691380313528072
43006,oracle_event_oracle_qr,189,0,101,4,4,0.7442948492051564,0.03312787953984296
43006,oracle_event_oracle_qr,189,0,101,8,8,0.6950364889582433,0.02670616149287806
43006,oracle_event_oracle_qr,189,0,101,16,10,0.6404847884514461,0.023091081976460384
43006,oracle_event_oracle_qr,200,0,101,1,1,1.4143618151648456,0.006455115808920313
43006,oracle_event_oracle_qr,200,0,101,4,2,0.958156980155195,0.012472864362224285
43006,oracle_event_oracle_qr,200,0,101,8,2,0.958156980155195,0.012472864362224285
43006,oracle_event_oracle_qr,200,0,101,16,2,0.958156980155195,0.012472864362224285
43006,oracle_event_oracle_qr,203,0,101,1,1,1.0244463219287157,0.29296663336237294
43006,oracle_event_oracle_qr,203,0,101,4,4,0.6839922301478354,0.14149251988095818
43006,oracle_event_oracle_qr,203,0,101,8,8,0.5584517037244533,0.11160015357630768
43006,oracle_event_oracle_qr,203,0,101,16,16,0.5525103924748491,0.06745377583066234
43006,oracle_event_oracle_qr,231,0,101,1,1,0.41120680515465646,0.016621138846729964
43006,oracle_event_oracle_qr,231,0,101,4,4,0.5007153241312311,0.0068954195745371556
43006,oracle_event_oracle_qr,231,0,101,8,8,0.5566005627023035,0.00770433712173122
43006,oracle_event_oracle_qr,231,0,101,16,16,0.5001471115714216,0.005248208390327633
43006,oracle_event_oracle_qr,276,0,101,1,1,1.4300771082528057,0.00959755215879952
43006,oracle_event_oracle_qr,276,0,101,4,4,0.6548075203573273,0.018678939342308215
43006,oracle_event_oracle_qr,276,0,101,8,8,0.8365047729200661,0.021848073925338926
43006,oracle_event_oracle_qr,276,0,101,16,9,0.8476797781873816,0.019566586225551498
43006,oracle_event_oracle_qr,286,0,101,1,1,1.6795639184371693,0.010826428481231087
43006,oracle_event_oracle_qr,286,0,101,4,4,0.6935576758094434,0.005436368513288512
43006,oracle_event_oracle_qr,286,0,101,8,8,0.6180441716660763,0.015928869540005292
43006,oracle_event_oracle_qr,286,0,101,16,8,0.6180441716660763,0.015928869540005292
43006,oracle_event_oracle_qr,295,0,101,1,1,0.39612397608011446,0.06381185073813807
43006,oracle_event_oracle_qr,295,0,101,4,3,0.681750763033548,0.05224754814598626
43006,oracle_event_oracle_qr,295,0,101,8,3,0.681750763033548,0.05224754814598626
43006,oracle_event_oracle_qr,295,0,101,16,3,0.681750763033548,0.05224754814598626
43006,oracle_event_oracle_qr,299,0,101,1,1,1.3479035186641237,0.1640222821513584
43006,oracle_event_oracle_qr,299,0,101,4,2,1.1289281167431628,0.09624263628830707
43006,oracle_event_oracle_qr,299,0,101,8,2,1.1289281167431628,0.09624263628830707
43006,oracle_event_oracle_qr,299,0,101,16,2,1.1289281167431628,0.09624263628830707
43006,oracle_event_oracle_qr,302,0,101,1,1,0.45170081861817124,0.32435469260181227
43006,oracle_event_oracle_qr,302,0,101,4,2,1.5019771898535426,0.1813933514044498
43006,oracle_event_oracle_qr,302,0,101,8,2,1.5019771898535426,0.1813933514044498
43006,oracle_event_oracle_qr,302,0,101,16,2,1.5019771898535426,0.1813933514044498
43006,oracle_event_oracle_qr,306,0,101,1,1,1.3198944430852935,0.00031127202780370966
43006,oracle_event_oracle_qr,306,0,101,4,4,0.8616051035031606,0.006380106284232957
43006,oracle_event_oracle_qr,306,0,101,8,7,0.5828210130420771,0.003918586092655218
43006,oracle_event_oracle_qr,306,0,101,16,7,0.5828210130420771,0.003918586092655218
43006,oracle_event_oracle_qr,314,0,101,1,1,0.4715391851698056,0.0018246932968776198
43006,oracle_event_oracle_qr,314,0,101,4,4,0.4461474628781809,0.04319865809795305
43006,oracle_event_oracle_qr,314,0,101,8,8,0.48753332900175406,0.043013988806565144
43006,oracle_event_oracle_qr,314,0,101,16,14,0.47813868045070723,0.03228622830052804
43006,oracle_event_oracle_qr,329,0,101,1,1,1.9752560308273186,0.00017486103403021854
43006,oracle_event_oracle_qr,329,0,101,4,4,0.9687049800217775,0.0069633485405901415
43006,oracle_event_oracle_qr,329,0,101,8,8,0.60714707233613,0.0037326504421493502
43006,oracle_event_oracle_qr,329,0,101,16,13,0.6803404410926621,0.0036741028069427585
43006,oracle_event_oracle_qr,343,0,101,1,1,1.4374798685380188,0.0039518310475430704
43006,oracle_event_oracle_qr,343,0,101,4,4,0.6277138891538259,0.006544084968028958
43006,oracle_event_oracle_qr,343,0,101,8,8,0.5605226526183176,0.0044154153698423544
43006,oracle_event_oracle_qr,343,0,101,16,16,0.5478613743845064,0.007194698758755981
43006,oracle_event_oracle_qr,368,0,101,1,1,0.8276283943237882,0.22079538378410168
43006,oracle_event_oracle_qr,368,0,101,4,4,1.0118126013629456,0.06747855533367064
43006,oracle_event_oracle_qr,368,0,101,8,8,0.8783713856805537,0.040420486136290824
43006,oracle_event_oracle_qr,368,0,101,16,13,1.206238373751567,0.04899996512696471
43006,oracle_event_oracle_qr,382,0,101,1,1,1.364644643874695,0.06477381797459199
43006,oracle_event_oracle_qr,382,0,101,4,4,1.1322659492154186,0.03180186178930648
43006,oracle_event_oracle_qr,382,0,101,8,8,0.7923183569927872,0.016505890400128002
43006,oracle_event_oracle_qr,382,0,101,16,16,0.5351551204621458,0.010101624081632796
43006,oracle_event_oracle_qr,421,0,111,1,1,0.46244730634003717,0.005776657199000563
43006,oracle_event_oracle_qr,421,0,111,4,4,1.0328908099544587,0.0928489198705765
43006,oracle_event_oracle_qr,421,0,111,8,8,0.9902097205467134,0.09255591764881914
43006,oracle_event_oracle_qr,421,0,111,16,9,0.9297467172871752,0.09329062849472554
43006,oracle_event_oracle_qr,431,0,111,1,1,0.9347424916718037,1.0738464068614772e-05
43006,oracle_event_oracle_qr,431,0,111,4,4,0.5628883645234974,0.046176815556937624
43006,oracle_event_oracle_qr,431,0,111,8,5,0.6408522708204908,0.04033291000681281
43006,oracle_event_oracle_qr,431,0,111,16,5,0.6408522708204908,0.04033291000681281
43006,oracle_event_oracle_qr,437,0,111,1,1,0.5053670114719397,0.025223198848849476
43006,oracle_event_oracle_qr,437,0,111,4,2,1.2746639714097419,0.01444047512090759
43006,oracle_event_oracle_qr,437,0,111,8,2,1.2746639714097419,0.01444047512090759
43006,oracle_event_oracle_qr,437,0,111,16,2,1.2746639714097419,0.01444047512090759
43006,oracle_event_oracle_qr,440,0,111,1,1,0.5217871807376473,0.07305379008810885
43006,oracle_event_oracle_qr,440,0,111,4,4,0.45975960507967717,0.02239559295661525
43006,oracle_event_oracle_qr,440,0,111,8,8,0.8194812343139802,0.04833196898082335
43006,oracle_event_oracle_qr,440,0,111,16,16,0.8000022958654935,0.053109302459824766
43006,oracle_event_oracle_qr,466,0,111,1,1,0.4437589431379743,0.0027335619225564013
43006,oracle_event_oracle_qr,466,0,111,4,4,0.5266310746897856,0.028477516573352006
43006,oracle_event_oracle_qr,466,0,111,8,8,0.7549606247828471,0.04196099741882382
43006,oracle_event_oracle_qr,466,0,111,16,16,0.6352002710456461,0.029066941258373516
43006,oracle_event_oracle_qr,492,0,111,1,1,0.8950450144414962,0.004683028670686854
43006,oracle_event_oracle_qr,492,0,111,4,1,0.8950450144414962,0.004683028670686854
43006,oracle_event_oracle_qr,492,0,111,8,1,0.8950450144414962,0.004683028670686854
43006,oracle_event_oracle_qr,492,0,111,16,1,0.8950450144414962,0.004683028670686854
43006,oracle_event_oracle_qr,494,0,111,1,1,1.6605163992769107,0.014339762918077157
43006,oracle_event_oracle_qr,494,0,111,4,3,1.0638058021177081,0.009213180378633024
43006,oracle_event_oracle_qr,494,0,111,8,3,1.0638058021177081,0.009213180378633024
43006,oracle_event_oracle_qr,494,0,111,16,3,1.0638058021177081,0.009213180378633024
43006,oracle_event_oracle_qr,498,0,111,1,1,0.45027315200216866,0.005260313068388187
43006,oracle_event_oracle_qr,498,0,111,4,1,0.45027315200216866,0.005260313068388187
43006,oracle_event_oracle_qr,498,0,111,8,1,0.45027315200216866,0.005260313068388187
43006,oracle_event_oracle_qr,498,0,111,16,1,0.45027315200216866,0.005260313068388187
43006,oracle_event_oracle_qr,501,0,111,1,1,2.3823764028305856,0.10583876285580794
43006,oracle_event_oracle_qr,501,0,111,4,4,1.5058230445726797,0.061606346409640515
43006,oracle_event_oracle_qr,501,0,111,8,8,1.048197196939507,0.03751031773272944
43006,oracle_event_oracle_qr,501,0,111,16,8,1.048197196939507,0.03751031773272944
43006,oracle_event_oracle_qr,510,0,111,1,1,0.5001211283840087,0.042490653071789015
43006,oracle_event_oracle_qr,510,0,111,4,4,0.6576709945432812,0.01739847951319897
43006,oracle_event_oracle_qr,510,0,111,8,8,0.773125103226572,0.03556737404735981
43006,oracle_event_oracle_qr,510,0,111,16,14,0.7976093555403975,0.026943291984580803
43006,oracle_event_oracle_qr,525,0,111,1,1,1.280494227030258,0.09543187169702735
43006,oracle_event_oracle_qr,525,0,111,4,4,0.7213264531500332,0.04104774023020444
43006,oracle_event_oracle_qr,525,0,111,8,4,0.7213264531500332,0.04104774023020444
43006,oracle_event_oracle_qr,525,0,111,16,4,0.7213264531500332,0.04104774023020444
43006,oracle_event_oracle_qr,530,0,111,1,1,0.5902676376054398,0.1757718489778974
43006,oracle_event_oracle_qr,530,0,111,4,3,0.5410117051426635,0.11852741503702231
43006,oracle_event_oracle_qr,530,0,111,8,3,0.5410117051426635,0.11852741503702231
43006,oracle_event_oracle_qr,530,0,111,16,3,0.5410117051426635,0.11852741503702231
43006,oracle_event_oracle_qr,534,0,111,1,1,0.8321400670839162,0.012085433899107286
43006,oracle_event_oracle_qr,534,0,111,4,4,0.7978835654983505,0.05042998005143034
43006,oracle_event_oracle_qr,534,0,111,8,8,0.7665430004275653,0.038102337840989015
43006,oracle_event_oracle_qr,534,0,111,16,11,0.7352576711189045,0.030769821470419515
43006,oracle_event_oracle_qr,546,0,111,1,1,2.3415117349847376,1.713165468949855e-05
43006,oracle_event_oracle_qr,546,0,111,4,4,0.8880098225484339,0.022557216190623744
43006,oracle_event_oracle_qr,546,0,111,8,8,0.9362763701490429,0.033563736138274874
43006,oracle_event_oracle_qr,546,0,111,16,16,0.846318647038822,0.1234522654298334
43006,oracle_event_oracle_qr,563,0,111,1,1,0.5553410160186896,0.1801185036028671
43006,oracle_event_oracle_qr,563,0,111,4,4,0.8502392864924557,0.12788755879331673
43006,oracle_event_oracle_qr,563,0,111,8,8,0.7146172478065792,0.0731191914728698
43006,oracle_event_oracle_qr,563,0,111,16,15,0.4824698333415091,0.04245020365521611
43006,oracle_event_oracle_qr,580,0,110,1,1,-0.405643165171506,0.001743234624174152
43006,oracle_event_oracle_qr,580,0,110,4,4,-0.2560350790332327,0.005401493007332515
43006,oracle_event_oracle_qr,580,0,110,8,8,-0.2607474325067619,0.007812741487473907
43006,oracle_event_oracle_qr,580,0,110,16,8,-0.2607474325067619,0.007812741487473907
43006,oracle_event_oracle_qr,589,0,110,1,1,-0.3668708945803234,0.00867980951942127
43006,oracle_event_oracle_qr,589,0,110,4,4,-0.12181051115533523,0.0068510580529902295
43006,oracle_event_oracle_qr,589,0,110,8,8,-0.23752754797492992,0.009166815817298555
43006,oracle_event_oracle_qr,589,0,110,16,16,-0.1584358841982725,0.0078042892080460065
43006,oracle_event_oracle_qr,618,0,110,1,1,-0.32670326822650764,0.005302772822106306
43006,oracle_event_oracle_qr,618,0,110,4,4,-0.20844828680948263,0.0050953279855099004
43006,oracle_event_oracle_qr,618,0,110,8,8,-0.12366090075654232,0.007427986067420149
43006,oracle_event_oracle_qr,618,0,110,16,16,-0.16107471989385755,0.006444797983392344
43006,oracle_event_oracle_qr,645,0,110,1,1,-0.014259764433244655,0.003744868009955775
43006,oracle_event_oracle_qr,645,0,110,4,4,0.48968498642610603,0.029888100877955594
43006,oracle_event_oracle_qr,645,0,110,8,5,0.3416118474506199,0.024027766871167804
43006,oracle_event_oracle_qr,645,0,110,16,5,0.3416118474506199,0.024027766871167804
43006,oracle_event_oracle_qr,651,0,110,1,1,0.7199316997849207,0.0001277900212685082
43006,oracle_event_oracle_qr,651,0,110,4,4,0.17151611069891134,0.00644011750372768
43006,oracle_event_oracle_qr,651,0,110,8,6,0.3533636238604294,0.0054226512399314745
43006,oracle_event_oracle_qr,651,0,110,16,6,0.3533636238604294,0.0054226512399314745
43006,oracle_event_oracle_qr,658,0,110,1,1,-0.3277964790676226,0.00362855247642862
43006,oracle_event_oracle_qr,658,0,110,4,3,0.1633288040433554,0.0037711954218753335
43006,oracle_event_oracle_qr,658,0,110,8,3,0.1633288040433554,0.0037711954218753335
43006,oracle_event_oracle_qr,658,0,110,16,3,0.1633288040433554,0.0037711954218753335
43006,oracle_event_oracle_qr,662,0,110,1,1,1.2421876658528808,0.0003537618842530849
43006,oracle_event_oracle_qr,662,0,110,4,4,0.2592062070923362,0.002009372320262365
43006,oracle_event_oracle_qr,662,0,110,8,8,-0.008815330844267888,0.00546472255560004
43006,oracle_event_oracle_qr,662,0,110,16,10,-0.024140212837212578,0.005787555183297048
43006,oracle_event_oracle_qr,673,0,110,1,1,-0.3839019419911046,7.670283885867287e-05
43006,oracle_event_oracle_qr,673,0,110,4,4,-0.3524914284587359,0.0021702382066617126
43006,oracle_event_oracle_qr,673,0,110,8,8,-0.23257696002984055,0.004376767986481624
43006,oracle_event_oracle_qr,673,0,110,16,16,-0.12095021328963401,0.007324850414806562
43006,oracle_event_oracle_qr,714,0,110,1,1,-0.36443848158804426,0.002650941421990867
43006,oracle_event_oracle_qr,714,0,110,4,3,-0.34660624160378,0.0016171434655497155
43006,oracle_event_oracle_qr,714,0,110,8,3,-0.34660624160378,0.0016171434655497155
43006,oracle_event_oracle_qr,714,0,110,16,3,-0.34660624160378,0.0016171434655497155
43006,oracle_event_oracle_qr,718,0,110,1,1,-0.37820104406484767,0.00017194342733101465
43006,oracle_event_oracle_qr,718,0,110,4,4,-0.3651470730668336,0.007352477720824025
43006,oracle_event_oracle_qr,718,0,110,8,8,0.35184463687175516,0.004514956256651849
43006,oracle_event_oracle_qr,718,0,110,16,16,0.12736967420427933,0.0039036177044952467
43006,oracle_event_oracle_qr,759,0,110,1,1,0.09887066422381871,0.000573811000272995
43006,oracle_event_oracle_qr,759,0,110,4,2,0.1393677298355921,0.0023555474089305565
43006,oracle_event_oracle_qr,759,0,110,8,2,0.1393677298355921,0.0023555474089305565
43006,oracle_event_oracle_qr,759,0,110,16,2,0.1393677298355921,0.0023555474089305565
43006,oracle_event_oracle_qr,762,0,110,1,1,-0.4044329050860604,0.00857966949441714
43006,oracle_event_oracle_qr,762,0,110,4,4,-0.15852320248736756,0.006751499779141076
43006,oracle_event_oracle_qr,762,0,110,8,8,-0.23967729383286598,0.005190468733156635
43006,oracle_event_oracle_qr,762,0,110,16,15,-0.23617393854534427,0.007258627736754334
43006,oracle_event_oracle_qr,778,0,110,1,1,-0.36184015607265824,0.005345830106508288
43006,oracle_event_oracle_qr,778,0,110,4,4,-0.18277862742430445,0.005353552600808729
43006,oracle_event_oracle_qr,778,0,110,8,8,-0.10424060677644986,0.0059277421590571144
43006,oracle_event_oracle_qr,778,0,110,16,11,-0.15534820489533477,0.005687390749494326
43006,oracle_event_oracle_qr,790,0,110,1,1,-0.20600483242819825,0.0074585147241138005
43006,oracle_event_oracle_qr,790,0,110,4,1,-0.20600483242819825,0.0074585147241138005
43006,oracle_event_oracle_qr,790,0,110,8,1,-0.20600483242819825,0.0074585147241138005
43006,oracle_event_oracle_qr,790,0,110,16,1,-0.20600483242819825,0.0074585147241138005
43006,oracle_event_oracle_qr,792,0,110,1,1,2.163990410183669,0.0027522167575379304
43006,oracle_event_oracle_qr,792,0,110,4,4,0.6145859682498434,0.013495865986087303
43006,oracle_event_oracle_qr,792,0,110,8,8,0.43523055864987115,0.007816377028120103
43006,oracle_event_oracle_qr,792,0,110,16,16,0.5842449462342492,0.024988595427180633
43006,oracle_event_oracle_qr,989,0,110,1,1,0.7852396263232689,0.007924134689011977
43006,oracle_event_oracle_qr,989,0,110,4,4,0.036571577698535945,0.006047248553744752
43006,oracle_event_oracle_qr,989,0,110,8,6,0.21397708034898758,0.007950194791118975
43006,oracle_event_oracle_qr,989,0,110,16,6,0.21397708034898758,0.007950194791118975
43006,oracle_event_oracle_qr,996,0,110,1,1,-0.12324714532276003,0.00017408692268505447
43006,oracle_event_oracle_qr,996,0,110,4,4,0.3718977518587159,0.015026447123246004
43006,oracle_event_oracle_qr,996,0,110,8,5,0.23543878735694052,0.012387463511191198
43006,oracle_event_oracle_qr,996,0,110,16,5,0.23543878735694052,0.012387463511191198
43006,oracle_event_oracle_qr,1002,0,110,1,1,-0.282891792838656,0.00046759773678568226
43006,oracle_event_oracle_qr,1002,0,110,4,4,-0.010988502580079267,0.0013472122474870198
43006,oracle_event_oracle_qr,1002,0,110,8,7,-0.05443196862291937,0.005383738207312737
43006,oracle_event_oracle_qr,1002,0,110,16,7,-0.05443196862291937,0.005383738207312737
43006,oracle_event_oracle_qr,1010,0,110,1,1,-0.13538170090689255,0.007239915403174378
43006,oracle_event_oracle_qr,1010,0,110,4,4,-0.007651479008761036,0.005798554217495261
43006,oracle_event_oracle_qr,1010,0,110,8,5,-0.06468082708796644,0.005945027659753454
43006,oracle_event_oracle_qr,1010,0,110,16,5,-0.06468082708796644,0.005945027659753454
43006,oracle_event_oracle_qr,1016,0,110,1,1,-0.4164026685499044,0.0006464219633682822
43006,oracle_event_oracle_qr,1016,0,110,4,4,-0.35638926808797466,0.00523655977612907
43006,oracle_event_oracle_qr,1016,0,110,8,4,-0.35638926808797466,0.00523655977612907
43006,oracle_event_oracle_qr,1016,0,110,16,4,-0.35638926808797466,0.00523655977612907
43006,oracle_event_oracle_qr,1021,0,110,1,1,-0.4235831755383866,0.008312249944675124
43006,oracle_event_oracle_qr,1021,0,110,4,4,-0.008456230906746937,0.013615511439016039
43006,oracle_event_oracle_qr,1021,0,110,8,7,0.14760350923563492,0.017255041465124046
43006,oracle_event_oracle_qr,1021,0,110,16,7,0.14760350923563492,0.017255041465124046
43006,oracle_event_oracle_qr,1029,0,111,1,1,0.9774824395121521,0.0003554297952954089
43006,oracle_event_oracle_qr,1029,0,111,4,3,0.8545067210978163,0.016450857421117276
43006,oracle_event_oracle_qr,1029,0,111,8,3,0.8545067210978163,0.016450857421117276
43006,oracle_event_oracle_qr,1029,0,111,16,3,0.8545067210978163,0.016450857421117276
43006,oracle_event_oracle_qr,1033,0,111,1,1,1.2945925323266492,0.02021093410329742
43006,oracle_event_oracle_qr,1033,0,111,4,3,1.5624130746091829,0.2204229982815192
43006,oracle_event_oracle_qr,1033,0,111,8,3,1.5624130746091829,0.2204229982815192
43006,oracle_event_oracle_qr,1033,0,111,16,3,1.5624130746091829,0.2204229982815192
43006,oracle_event_oracle_qr,1037,0,111,1,1,1.193936208930003,0.15501822100239773
43006,oracle_event_oracle_qr,1037,0,111,4,4,1.520545377400817,0.1057975765965453
43006,oracle_event_oracle_qr,1037,0,111,8,8,1.0857212897284265,0.05907881491108284
43006,oracle_event_oracle_qr,1037,0,111,16,16,0.7803477590271051,0.04686038194852102
43006,oracle_event_oracle_qr,1074,0,111,1,1,0.4930033989648194,0.000459189302166118
43006,oracle_event_oracle_qr,1074,0,111,4,4,0.48234855244535296,0.024535472157454236
43006,oracle_event_oracle_qr,1074,0,111,8,8,0.7352585946184901,0.06420885167120005
43006,oracle_event_oracle_qr,1074,0,111,16,8,0.7352585946184901,0.06420885167120005
43006,oracle_event_oracle_qr,1084,0,111,1,1,0.8882556378592438,0.2147714934086739
43006,oracle_event_oracle_qr,1084,0,111,4,4,0.6723697370585805,0.09050257173380008
43006,oracle_event_oracle_qr,1084,0,111,8,8,0.7850149998657976,0.052637604167132694
43006,oracle_event_oracle_qr,1084,0,111,16,16,0.8986245701438351,0.04841607798805038
43006,oracle_event_oracle_qr,1112,0,111,1,1,0.5990382744633861,0.0009582078284717292
43006,oracle_event_oracle_qr,1112,0,111,4,1,0.5990382744633861,0.0009582078284717292
43006,oracle_event_oracle_qr,1112,0,111,8,1,0.5990382744633861,0.0009582078284717292
43006,oracle_event_oracle_qr,1112,0,111,16,1,0.5990382744633861,0.0009582078284717292
43006,oracle_event_oracle_qr,1114,0,111,1,1,1.2387476660833934,0.021147105791200105
43006,oracle_event_oracle_qr,1114,0,111,4,4,1.2057783003219844,0.07856575110478259
43006,oracle_event_oracle_qr,1114,0,111,8,8,0.9618547664299618,0.053122815895349215
43006,oracle_event_oracle_qr,1114,0,111,16,16,0.8123144371538077,0.05667123310807571
43006,oracle_event_oracle_qr,1143,0,111,1,1,2.4871339482594124,0.0007063847433597867
43006,oracle_event_oracle_qr,1143,0,111,4,4,1.0471402434548014,0.042038354629756684
43006,oracle_event_oracle_qr,1143,0,111,8,8,0.7473286995407878,0.028025132264888467
43006,oracle_event_oracle_qr,1143,0,111,16,8,0.7473286995407878,0.028025132264888467
43006,oracle_event_oracle_qr,1166,1,111,1,1,0.514635653536464,0.40119681087010844
43006,oracle_event_oracle_qr,1166,1,111,4,4,0.7275840797765705,0.16156905367961433
43006,oracle_event_oracle_qr,1166,1,111,8,8,0.5611320419393722,0.10342550208403906
43006,oracle_event_oracle_qr,1166,1,111,16,16,0.5192637175904082,0.07009255383859919
43006,oracle_event_oracle_qr,1223,1,101,1,1,0.3985358967264848,0.07067713169157337
43006,oracle_event_oracle_qr,1223,1,101,4,4,0.5664864652881458,0.13610896168138256
43006,oracle_event_oracle_qr,1223,1,101,8,8,1.206232330640017,0.07263661557812712
43006,oracle_event_oracle_qr,1223,1,101,16,8,1.206232330640017,0.07263661557812712
43006,oracle_event_oracle_qr,1232,1,101,1,1,1.2558005758178068,5.095223277608678e-05
43006,oracle_event_oracle_qr,1232,1,101,4,4,1.1663525095803389,0.005726604824155436
43006,oracle_event_oracle_qr,1232,1,101,8,8,0.7757406106010822,0.013222356291793046
43006,oracle_event_oracle_qr,1232,1,101,16,16,0.8913233897209121,0.014748597550136737
43006,oracle_event_oracle_qr,1249,1,101,1,1,1.3684434297920252,0.034040683164239256
43006,oracle_event_oracle_qr,1249,1,101,4,4,0.8801660195005132,0.0509182321579911
43006,oracle_event_oracle_qr,1249,1,101,8,8,0.5717057732692723,0.031085822467950868
43006,oracle_event_oracle_qr,1249,1,101,16,16,0.5021503160766667,0.02096979690841751
43006,oracle_event_oracle_qr,1320,1,101,1,1,1.0794636500200545,0.015610624232500427
43006,oracle_event_oracle_qr,1320,1,101,4,4,0.5240880156827273,0.007035153492093923
43006,oracle_event_oracle_qr,1320,1,101,8,5,0.4633040273417544,0.007219322907876387
43006,oracle_event_oracle_qr,1320,1,101,16,5,0.4633040273417544,0.007219322907876387
43006,oracle_event_oracle_qr,1326,1,101,1,1,0.4475179314278252,0.10150640271017505
43006,oracle_event_oracle_qr,1326,1,101,4,1,0.4475179314278252,0.10150640271017505
43006,oracle_event_oracle_qr,1326,1,101,8,1,0.4475179314278252,0.10150640271017505
43006,oracle_event_oracle_qr,1326,1,101,16,1,0.4475179314278252,0.10150640271017505
43006,oracle_event_oracle_qr,1328,1,101,1,1,0.3845862505895827,0.031130481731682435
43006,oracle_event_oracle_qr,1328,1,101,4,4,0.2956322293687784,0.019690216339684485
43006,oracle_event_oracle_qr,1328,1,101,8,8,0.2927565055644026,0.01193098728497417
43006,oracle_event_oracle_qr,1328,1,101,16,10,0.333354341249258,0.010589538441533253
43006,oracle_event_oracle_qr,1340,1,101,1,1,0.9424026081477798,0.04829308157448737
43006,oracle_event_oracle_qr,1340,1,101,4,4,1.4462226586760347,0.0384479861811096
43006,oracle_event_oracle_qr,1340,1,101,8,8,0.9226431083509835,0.054105598625742636
43006,oracle_event_oracle_qr,1340,1,101,16,16,0.8705939489923005,0.0947654979530815
43006,oracle_event_oracle_qr,1449,1,111,1,1,1.8357598075553683,0.13931386099488444
43006,oracle_event_oracle_qr,1449,1,111,4,4,1.4935056607870532,0.30616456990334684
43006,oracle_event_oracle_qr,1449,1,111,8,8,1.036667954813646,0.17180762280912687
43006,oracle_event_oracle_qr,1449,1,111,16,16,0.9477793641092417,0.10486796149715931
43006,oracle_event_oracle_qr,1466,1,111,1,1,0.47435998970672777,0.4238452711498019
43006,oracle_event_oracle_qr,1466,1,111,4,4,0.9141497907846672,0.16246833142885309
43006,oracle_event_oracle_qr,1466,1,111,8,8,0.8142680548100937,0.12748670450789046
43006,oracle_event_oracle_qr,1466,1,111,16,16,0.941198818424825,0.10825846670867005
43006,oracle_event_oracle_qr,1534,1,111,1,1,0.4569738933434838,0.17704021420746485
43006,oracle_event_oracle_qr,1534,1,111,4,4,0.34488728342097963,0.08266312613518663
43006,oracle_event_oracle_qr,1534,1,111,8,8,0.5221467773172142,0.053632264190120085
43006,oracle_event_oracle_qr,1534,1,111,16,13,0.44808630308467046,0.04329696338002863
43006,oracle_event_oracle_qr,1548,1,101,1,1,1.044464111878098,0.030471716007067697
43006,oracle_event_oracle_qr,1548,1,101,4,4,0.46056030245943036,0.042051770214422204
43006,oracle_event_oracle_qr,1548,1,101,8,8,0.831229099801559,0.021786289946582674
43006,oracle_event_oracle_qr,1548,1,101,16,14,0.556271055918667,0.018481310603236354
43006,oracle_event_oracle_qr,1563,1,101,1,1,0.38032294485100204,0.07504836565196368
43006,oracle_event_oracle_qr,1563,1,101,4,4,0.4269355713529098,0.030676355935204888
43006,oracle_event_oracle_qr,1563,1,101,8,8,0.4134310717779183,0.019309347584750895
43006,oracle_event_oracle_qr,1563,1,101,16,11,0.5823846694458913,0.014367390721150251
43006,oracle_event_oracle_qr,1575,1,101,1,1,0.36591948921368117,0.3460275117825046
43006,oracle_event_oracle_qr,1575,1,101,4,4,0.6733450525871011,0.1627100743525073
43006,oracle_event_oracle_qr,1575,1,101,8,8,0.5784902080152341,0.08315179637902868
43006,oracle_event_oracle_qr,1575,1,101,16,16,0.42361496205843996,0.042428510574560034
43006,oracle_event_oracle_qr,1686,1,110,1,1,-0.402117521168392,0.0028369691610510336
43006,oracle_event_oracle_qr,1686,1,110,4,4,0.2873994213598609,0.007418612301088821
43006,oracle_event_oracle_qr,1686,1,110,8,8,0.06763473639671366,0.007627795403039076
43006,oracle_event_oracle_qr,1686,1,110,16,16,-0.02386971268816719,0.005943907966181383
43006,oracle_event_oracle_qr,1741,1,101,1,1,1.7504156416894148,0.005693262137052976
43006,oracle_event_oracle_qr,1741,1,101,4,4,0.5841538242675139,0.0020166990642960523
43006,oracle_event_oracle_qr,1741,1,101,8,8,0.9865386778897542,0.005349984596836031
43006,oracle_event_oracle_qr,1741,1,101,16,16,0.7018406812916756,0.010159531784011057
43006,oracle_event_oracle_qr,1768,1,101,1,1,0.36196499802275234,0.0026817828819038496
43006,oracle_event_oracle_qr,1768,1,101,4,4,0.3144573476034865,0.012181087375725746
43006,oracle_event_oracle_qr,1768,1,101,8,8,0.3121036662944492,0.010349371252029421
43006,oracle_event_oracle_qr,1768,1,101,16,11,0.5192419435109278,0.008879560101090537
43006,oracle_event_oracle_qr,1780,1,101,1,1,0.8786687003782282,0.003646853059570694
43006,oracle_event_oracle_qr,1780,1,101,4,4,1.0437846441673202,0.02930327860221796
43006,oracle_event_oracle_qr,1780,1,101,8,8,0.6838535137783459,0.03790101084400567
43006,oracle_event_oracle_qr,1780,1,101,16,9,0.6230510134281606,0.034312733339504825
43006,oracle_event_oracle_qr,1791,1,101,1,1,0.4040591279776949,0.1404471760418997
43006,oracle_event_oracle_qr,1791,1,101,4,4,0.4768849331260477,0.07155267684714671
43006,oracle_event_oracle_qr,1791,1,101,8,8,0.4659640433985436,0.038078010838814756
43006,oracle_event_oracle_qr,1791,1,101,16,13,0.8264235920393816,0.026705829058871953
43006,oracle_event_oracle_qr,1805,1,101,1,1,0.5947310971995389,0.024756358893946603
43006,oracle_event_oracle_qr,1805,1,101,4,4,0.7564677134260408,0.060822949752347366
43006,oracle_event_oracle_qr,1805,1,101,8,8,0.8221194252887738,0.03733122049271076
43006,oracle_event_oracle_qr,1805,1,101,16,9,0.7476683531332752,0.037234664163533146
43006,oracle_event_oracle_qr,1815,1,101,1,1,1.5228818064702956,0.0028015901283395886
43006,oracle_event_oracle_qr,1815,1,101,4,3,0.9678474841171751,0.03405283683010333
43006,oracle_event_oracle_qr,1815,1,101,8,3,0.9678474841171751,0.03405283683010333
43006,oracle_event_oracle_qr,1815,1,101,16,3,0.9678474841171751,0.03405283683010333
43006,oracle_event_oracle_qr,1819,1,101,1,1,0.40410042954035763,0.052270993855788817
43006,oracle_event_oracle_qr,1819,1,101,4,4,0.8501880729107277,0.030402209513113947
43006,oracle_event_oracle_qr,1819,1,101,8,8,0.6415816697147907,0.0849720956232575
43006,oracle_event_oracle_qr,1819,1,101,16,12,0.7876047021638537,0.07904167476397723
43006,oracle_event_oracle_qr,1832,1,111,1,1,0.4814230786921583,0.10351234876255859
43006,oracle_event_oracle_qr,1832,1,111,4,4,0.6515252319450027,0.029084647001366877
43006,oracle_event_oracle_qr,1832,1,111,8,8,0.8580085888616927,0.11084574074151035
43006,oracle_event_oracle_qr,1832,1,111,16,16,0.6740661243218796,0.06202983433069654
43006,oracle_event_oracle_qr,1861,1,111,1,1,1.1542135497565902,0.010795887639355342
43006,oracle_event_oracle_qr,1861,1,111,4,2,0.8405477289040305,0.12385749833791464
43006,oracle_event_oracle_qr,1861,1,111,8,2,0.8405477289040305,0.12385749833791464
43006,oracle_event_oracle_qr,1861,1,111,16,2,0.8405477289040305,0.12385749833791464
43006,oracle_event_oracle_qr,1864,1,111,1,1,0.6337140746677294,0.005982639281088109
43006,oracle_event_oracle_qr,1864,1,111,4,4,0.5189733766396784,0.06609974682542252
43006,oracle_event_oracle_qr,1864,1,111,8,8,0.9017688846745877,0.08483055708041837
43006,oracle_event_oracle_qr,1864,1,111,16,14,0.8953559807844239,0.06838790156758376
43006,oracle_event_oracle_qr,1879,1,111,1,1,0.5157774484742287,0.003275480810922169
43006,oracle_event_oracle_qr,1879,1,111,4,4,0.4818314766579942,0.004801570871435301
43006,oracle_event_oracle_qr,1879,1,111,8,8,0.4643796342558779,0.02976988208820389
43006,oracle_event_oracle_qr,1879,1,111,16,16,0.6859080320002375,0.029660643244788745
43006,oracle_event_oracle_qr,1924,1,111,1,1,0.48474383604937815,0.0045505077509703
43006,oracle_event_oracle_qr,1924,1,111,4,1,0.48474383604937815,0.0045505077509703
43006,oracle_event_oracle_qr,1924,1,111,8,1,0.48474383604937815,0.0045505077509703
43006,oracle_event_oracle_qr,1924,1,111,16,1,0.48474383604937815,0.0045505077509703
43006,oracle_event_oracle_qr,1926,1,111,1,1,0.8889122619434843,0.2344806449700314
43006,oracle_event_oracle_qr,1926,1,111,4,4,0.9418594357267601,0.07107826008404904
43006,oracle_event_oracle_qr,1926,1,111,8,4,0.9418594357267601,0.07107826008404904
43006,oracle_event_oracle_qr,1926,1,111,16,4,0.9418594357267601,0.07107826008404904
43006,oracle_event_oracle_qr,1931,1,111,1,1,0.6433172871533038,0.028046791373662068
43006,oracle_event_oracle_qr,1931,1,111,4,3,0.5781372414772102,0.0354325700100973
43006,oracle_event_oracle_qr,1931,1,111,8,3,0.5781372414772102,0.0354325700100973
43006,oracle_event_oracle_qr,1931,1,111,16,3,0.5781372414772102,0.0354325700100973
43006,oracle_event_oracle_qr,1935,1,111,1,1,1.2761035508375707,0.021412472715648313
43006,oracle_event_oracle_qr,1935,1,111,4,4,0.6514755880775429,0.011732207226569457
43006,oracle_event_oracle_qr,1935,1,111,8,8,0.5552179794886066,0.03288860407288612
43006,oracle_event_oracle_qr,1935,1,111,16,16,0.7326879969729556,0.03114700661329837
43006,oracle_event_oracle_qr,1956,1,110,1,1,-0.39626845485791073,0.0040083921109716845
43006,oracle_event_oracle_qr,1956,1,110,4,4,-0.31191598198258363,0.004059051368305111
43006,oracle_event_oracle_qr,1956,1,110,8,6,-0.2886830433090037,0.004114665985464031
43006,oracle_event_oracle_qr,1956,1,110,16,6,-0.2886830433090037,0.004114665985464031
43006,oracle_event_oracle_qr,1963,1,110,1,1,0.14981108679059418,0.0014104771430349205
43006,oracle_event_oracle_qr,1963,1,110,4,4,0.2805501249499578,0.0027788153763686676
43006,oracle_event_oracle_qr,1963,1,110,8,8,0.09037126273403998,0.0093666902353793
43006,oracle_event_oracle_qr,1963,1,110,16,13,5.93603998243486e-05,0.0085045960440414
43006,oracle_event_oracle_qr,1977,1,110,1,1,0.8504910893789132,0.011598376592265829
43006,oracle_event_oracle_qr,1977,1,110,4,4,0.43222806867421915,0.014244802333419676
43006,oracle_event_oracle_qr,1977,1,110,8,8,0.18462007816550557,0.0133180477424656
43006,oracle_event_oracle_qr,1977,1,110,16,9,0.15468710950542847,0.013529802603550477
43006,oracle_event_oracle_qr,1987,1,110,1,1,-0.10991223347070905,0.0010702418284416712
43006,oracle_event_oracle_qr,1987,1,110,4,4,0.000903929987326621,0.0032101521889519053
43006,oracle_event_oracle_qr,1987,1,110,8,6,-0.10653587526838533,0.0027067562559715997
43006,oracle_event_oracle_qr,1987,1,110,16,6,-0.10653587526838533,0.0027067562559715997
43006,oracle_event_oracle_qr,1994,1,110,1,1,-0.187423841729668,0.021039181589002552
43006,oracle_event_oracle_qr,1994,1,110,4,4,0.7096487760474557,0.006849810039052869
43006,oracle_event_oracle_qr,1994,1,110,8,8,0.571673889220913,0.0073404473301484415
43006,oracle_event_oracle_qr,1994,1,110,16,16,0.19002499116504049,0.006616660248155498
43006,oracle_event_oracle_qr,2012,1,110,1,1,0.35370201374293897,0.006317450210666293
43006,oracle_event_oracle_qr,2012,1,110,4,4,0.10647719350033376,0.001783708644299785
43006,oracle_event_oracle_qr,2012,1,110,8,8,-0.07572132792511763,0.002828751708774834
43006,oracle_event_oracle_qr,2012,1,110,16,11,-0.03747586504034962,0.00257094771057844
43006,oracle_event_oracle_qr,2024,1,110,1,1,1.1877346160496236,0.00022643491587887084
43006,oracle_event_oracle_qr,2024,1,110,4,4,0.25880741168591415,0.0028252804982099684
43006,oracle_event_oracle_qr,2024,1,110,8,8,0.06037831027499785,0.0050813710710081415
43006,oracle_event_oracle_qr,2024,1,110,16,16,-0.023120163216119344,0.005520784147142432
43006,oracle_event_oracle_qr,2042,1,110,1,1,-0.3403128440204749,0.007265473236870538
43006,oracle_event_oracle_qr,2042,1,110,4,4,-0.24735414812328232,0.015601299118345653
43006,oracle_event_oracle_qr,2042,1,110,8,8,-0.055072445302225506,0.010423595931817617
43006,oracle_event_oracle_qr,2042,1,110,16,9,0.011620331823333132,0.011268261848578813
43006,oracle_event_oracle_qr,2052,1,110,1,1,-0.013807439491898067,0.0007154727254555214
43006,oracle_event_oracle_qr,2052,1,110,4,4,0.2980106075601478,0.009691046768692025
43006,oracle_event_oracle_qr,2052,1,110,8,7,0.5470990844317691,0.019843319493340415
43006,oracle_event_oracle_qr,2052,1,110,16,7,0.5470990844317691,0.019843319493340415
43006,oracle_event_oracle_qr,2060,1,110,1,1,-0.4004697961663829,0.017830049542969923
43006,oracle_event_oracle_qr,2060,1,110,4,1,-0.4004697961663829,0.017830049542969923
43006,oracle_event_oracle_qr,2060,1,110,8,1,-0.4004697961663829,0.017830049542969923
43006,oracle_event_oracle_qr,2060,1,110,16,1,-0.4004697961663829,0.017830049542969923
43006,oracle_event_oracle_qr,2062,1,110,1,1,0.01550813878579238,0.0025152968045922012
43006,oracle_event_oracle_qr,2062,1,110,4,4,0.5363889903746113,0.01134501880875462
43006,oracle_event_oracle_qr,2062,1,110,8,8,0.1812893577078428,0.008306675570460739
43006,oracle_event_oracle_qr,2062,1,110,16,12,0.2706704531944249,0.008663515213903466
43006,oracle_event_oracle_qr,2075,1,110,1,1,2.1074759645877896,9.249906784265356e-05
43006,oracle_event_oracle_qr,2075,1,110,4,4,1.5422855364604093,0.009019845084343107
43006,oracle_event_oracle_qr,2075,1,110,8,4,1.5422855364604093,0.009019845084343107
43006,oracle_event_oracle_qr,2075,1,110,16,4,1.5422855364604093,0.009019845084343107
43006,oracle_event_oracle_qr,2080,1,110,1,1,-0.1745277782927515,2.3271330951822867e-05
43006,oracle_event_oracle_qr,2080,1,110,4,4,0.05120673394351602,0.01892666396411938
43006,oracle_event_oracle_qr,2080,1,110,8,8,0.07489578331042843,0.010097277447861057
43006,oracle_event_oracle_qr,2080,1,110,16,16,-0.06302317746205016,0.0071502881876166985
43006,oracle_event_oracle_qr,2142,1,110,1,1,-0.43223450289547577,0.0006828766450774212
43006,oracle_event_oracle_qr,2142,1,110,4,2,1.2303521677879783,0.00173479357942256
43006,oracle_event_oracle_qr,2142,1,110,8,2,1.2303521677879783,0.00173479357942256
43006,oracle_event_oracle_qr,2142,1,110,16,2,1.2303521677879783,0.00173479357942256
43006,oracle_event_oracle_qr,2145,1,110,1,1,-0.2708828776947381,0.00011249988714245927
43006,oracle_event_oracle_qr,2145,1,110,4,4,0.5852216718618186,0.010512767891390367
43006,oracle_event_oracle_qr,2145,1,110,8,7,0.38323086675628576,0.006990382584572415
43006,oracle_event_oracle_qr,2145,1,110,16,7,0.38323086675628576,0.006990382584572415
43006,oracle_event_oracle_qr,2153,1,110,1,1,-0.39386289218504533,0.006393247606963379
43006,oracle_event_oracle_qr,2153,1,110,4,4,0.24033982493691095,0.012905661163877561
43006,oracle_event_oracle_qr,2153,1,110,8,5,0.10906820722951145,0.012576852396696588
43006,oracle_event_oracle_qr,2153,1,110,16,5,0.10906820722951145,0.012576852396696588
43006,oracle_event_oracle_qr,2159,1,110,1,1,1.055740144847545,0.0013656595505010323
43006,oracle_event_oracle_qr,2159,1,110,4,4,0.12428375349902906,0.006899759453738269
43006,oracle_event_oracle_qr,2159,1,110,8,8,0.13145044371413755,0.008309787469538778
43006,oracle_event_oracle_qr,2159,1,110,16,16,0.021958849932898025,0.008375045356273222
43006,oracle_event_oracle_qr,2194,1,011,1,1,0.5036750249820452,0.575401069544844
43006,oracle_event_oracle_qr,2194,1,011,4,4,0.6333710247478221,0.19098728157729944
43006,oracle_event_oracle_qr,2194,1,011,8,8,0.8603272569380895,0.134554585098613
43006,oracle_event_oracle_qr,2194,1,011,16,16,0.8649879240817547,0.15143091190274485
43006,oracle_event_oracle_qr,2346,2,110,1,1,1.0202315956798238,0.0005417681029651584
43006,oracle_event_oracle_qr,2346,2,110,4,4,0.0037493827607721353,0.003064173931029591
43006,oracle_event_oracle_qr,2346,2,110,8,8,0.36121974576745697,0.003797015609177243
43006,oracle_event_oracle_qr,2346,2,110,16,16,0.038238531551834085,0.00628612941095426
43006,oracle_event_oracle_qr,2367,2,110,1,1,0.9094793529811549,0.027975301926104968
43006,oracle_event_oracle_qr,2367,2,110,4,4,0.5007349636627856,0.058128549685187096
43006,oracle_event_oracle_qr,2367,2,110,8,8,0.6162896466639451,0.03070147053989994
43006,oracle_event_oracle_qr,2367,2,110,16,16,0.6219679102679536,0.026477018732834066
43006,oracle_event_oracle_qr,2396,2,111,1,1,0.44093406090617077,0.010810748991261079
43006,oracle_event_oracle_qr,2396,2,111,4,2,0.38655041161344916,0.007249427045003182
43006,oracle_event_oracle_qr,2396,2,111,8,2,0.38655041161344916,0.007249427045003182
43006,oracle_event_oracle_qr,2396,2,111,16,2,0.38655041161344916,0.007249427045003182
43006,oracle_event_oracle_qr,2400,2,111,1,1,0.6779631588291918,0.0733871136992488
43006,oracle_event_oracle_qr,2400,2,111,4,4,0.5704540965107071,0.05097832133877539
43006,oracle_event_oracle_qr,2400,2,111,8,8,0.5022581858625235,0.04321053559434488
43006,oracle_event_oracle_qr,2400,2,111,16,16,0.5837644399688606,0.03012483416693018
43006,oracle_event_oracle_qr,2435,2,111,1,1,0.7584077544632204,0.003356375724048439
43006,oracle_event_oracle_qr,2435,2,111,4,1,0.7584077544632204,0.003356375724048439
43006,oracle_event_oracle_qr,2435,2,111,8,1,0.7584077544632204,0.003356375724048439
43006,oracle_event_oracle_qr,2435,2,111,16,1,0.7584077544632204,0.003356375724048439
43006,oracle_event_oracle_qr,2437,2,111,1,1,0.5531268289652423,0.053874526254181515
43006,oracle_event_oracle_qr,2437,2,111,4,4,0.42339138269669374,0.023655819916936823
43006,oracle_event_oracle_qr,2437,2,111,8,8,0.5014245924155873,0.012944626146330424
43006,oracle_event_oracle_qr,2437,2,111,16,14,0.7841532050894721,0.026900678210434688
43006,oracle_event_oracle_qr,2452,2,111,1,1,0.9142834264653241,0.044006349292872546
43006,oracle_event_oracle_qr,2452,2,111,4,1,0.9142834264653241,0.044006349292872546
43006,oracle_event_oracle_qr,2452,2,111,8,1,0.9142834264653241,0.044006349292872546
43006,oracle_event_oracle_qr,2452,2,111,16,1,0.9142834264653241,0.044006349292872546
43006,oracle_event_oracle_qr,2454,2,111,1,1,1.4113988043178036,0.1310596139060473
43006,oracle_event_oracle_qr,2454,2,111,4,3,0.9125731169919815,0.07630790873346553
43006,oracle_event_oracle_qr,2454,2,111,8,3,0.9125731169919815,0.07630790873346553
43006,oracle_event_oracle_qr,2454,2,111,16,3,0.9125731169919815,0.07630790873346553
43006,oracle_event_oracle_qr,2458,2,111,1,1,0.8167342180422436,0.1315733215860853
43006,oracle_event_oracle_qr,2458,2,111,4,4,1.6060800204149344,0.12968051133546507
43006,oracle_event_oracle_qr,2458,2,111,8,5,1.4848122758779383,0.12963828553317783
43006,oracle_event_oracle_qr,2458,2,111,16,5,1.4848122758779383,0.12963828553317783
43006,oracle_event_oracle_qr,2464,2,111,1,1,0.5752586007486742,0.14725202824509548
43006,oracle_event_oracle_qr,2464,2,111,4,1,0.5752586007486742,0.14725202824509548
43006,oracle_event_oracle_qr,2464,2,111,8,1,0.5752586007486742,0.14725202824509548
43006,oracle_event_oracle_qr,2464,2,111,16,1,0.5752586007486742,0.14725202824509548
43006,oracle_event_oracle_qr,2466,2,111,1,1,0.601663492695025,0.0015561551720688295
43006,oracle_event_oracle_qr,2466,2,111,4,4,0.47793385757186485,0.028198999916152722
43006,oracle_event_oracle_qr,2466,2,111,8,8,0.613975803488676,0.021942678476378714
43006,oracle_event_oracle_qr,2466,2,111,16,16,0.6087487994915854,0.022976938449439707
43006,oracle_event_oracle_qr,2489,2,111,1,1,1.0022108983744362,4.1668892773011824e-05
43006,oracle_event_oracle_qr,2489,2,111,4,4,0.6092691065565514,0.06752165650518092
43006,oracle_event_oracle_qr,2489,2,111,8,8,0.6618745458131867,0.046393053608618756
43006,oracle_event_oracle_qr,2489,2,111,16,16,0.6924501416477626,0.03578518667941225
43006,oracle_event_oracle_qr,2508,2,111,1,1,0.5483569733493061,0.1973620864872399
43006,oracle_event_oracle_qr,2508,2,111,4,4,1.6057060562773713,0.3515519925906836
43006,oracle_event_oracle_qr,2508,2,111,8,7,1.4363086067195716,0.25804521245789186
43006,oracle_event_oracle_qr,2508,2,111,16,7,1.4363086067195716,0.25804521245789186
43006,oracle_event_oracle_qr,2516,2,111,1,1,1.6604395189193544,0.06511370356353825
43006,oracle_event_oracle_qr,2516,2,111,4,4,0.9863418343642427,0.1417013829113498
43006,oracle_event_oracle_qr,2516,2,111,8,8,0.754313073474538,0.08268263851292951
43006,oracle_event_oracle_qr,2516,2,111,16,8,0.754313073474538,0.08268263851292951
43006,oracle_event_oracle_qr,2525,2,111,1,1,1.1468905653808343,0.1112098191746812
43006,oracle_event_oracle_qr,2525,2,111,4,4,1.0343915633564762,0.0875126630230467
43006,oracle_event_oracle_qr,2525,2,111,8,8,0.7660835645639918,0.056508909674059124
43006,oracle_event_oracle_qr,2525,2,111,16,8,0.7660835645639918,0.056508909674059124
43006,oracle_event_oracle_qr,2534,2,111,1,1,0.6912949566873556,2.786895799200311e-05
43006,oracle_event_oracle_qr,2534,2,111,4,3,0.5364848507052027,0.050172578169230354
43006,oracle_event_oracle_qr,2534,2,111,8,3,0.5364848507052027,0.050172578169230354
43006,oracle_event_oracle_qr,2534,2,111,16,3,0.5364848507052027,0.050172578169230354
43006,oracle_event_oracle_qr,2539,2,111,1,1,0.7730355344777463,0.003748047025271501
43006,oracle_event_oracle_qr,2539,2,111,4,4,0.5478995260683276,0.020741629960158027
43006,oracle_event_oracle_qr,2539,2,111,8,8,0.7920824473457642,0.042764915193415534
43006,oracle_event_oracle_qr,2539,2,111,16,10,0.7550460322332222,0.03865175116462552
43006,oracle_event_oracle_qr,2550,2,111,1,1,0.5504288512576714,0.3173639612925584
43006,oracle_event_oracle_qr,2550,2,111,4,4,1.3590984493810143,0.13935886157695299
43006,oracle_event_oracle_qr,2550,2,111,8,8,1.0418484876224205,0.07800520041293868
43006,oracle_event_oracle_qr,2550,2,111,16,8,1.0418484876224205,0.07800520041293868
43006,oracle_event_oracle_qr,2559,2,111,1,1,1.5921562925345598,0.0015180264987703668
43006,oracle_event_oracle_qr,2559,2,111,4,4,0.9835507443436573,0.03829701787991878
43006,oracle_event_oracle_qr,2559,2,111,8,8,0.6109024014786635,0.038987477068170955
43006,oracle_event_oracle_qr,2559,2,111,16,16,0.726032857864323,0.02108401658218683
43006,oracle_event_oracle_qr,2590,2,101,1,1,1.145785101918868,0.018918137232526302
43006,oracle_event_oracle_qr,2590,2,101,4,4,0.8503626353827639,0.041457328311564574
43006,oracle_event_oracle_qr,2590,2,101,8,8,0.7963755187736683,0.02415920084921273
43006,oracle_event_oracle_qr,2590,2,101,16,16,0.7794297068557542,0.01801448686728971
43006,oracle_event_oracle_qr,2617,2,101,1,1,0.7469080407837102,0.2131881965472274
43006,oracle_event_oracle_qr,2617,2,101,4,4,1.1421615328560293,0.07902658909344216
43006,oracle_event_oracle_qr,2617,2,101,8,8,0.783121308478829,0.04582747362774521
43006,oracle_event_oracle_qr,2617,2,101,16,16,0.6008571735609296,0.049227853835217564
43006,oracle_event_oracle_qr,2639,2,101,1,1,0.61258491023609,0.334932499615578
43006,oracle_event_oracle_qr,2639,2,101,4,1,0.61258491023609,0.334932499615578
43006,oracle_event_oracle_qr,2639,2,101,8,1,0.61258491023609,0.334932499615578
43006,oracle_event_oracle_qr,2639,2,101,16,1,0.61258491023609,0.334932499615578
43006,oracle_event_oracle_qr,2641,2,101,1,1,0.5116051443115319,0.008106743970057883
43006,oracle_event_oracle_qr,2641,2,101,4,4,0.5989430876342405,0.036022633524267766
43006,oracle_event_oracle_qr,2641,2,101,8,8,0.6964352912812396,0.01912490180549615
43006,oracle_event_oracle_qr,2641,2,101,16,16,0.7447982055936202,0.011396082073123641
43006,oracle_event_oracle_qr,2667,2,101,1,1,0.9824799152970696,0.02430010901497869
43006,oracle_event_oracle_qr,2667,2,101,4,3,0.992115852544391,0.016214636525977145
43006,oracle_event_oracle_qr,2667,2,101,8,3,0.992115852544391,0.016214636525977145
43006,oracle_event_oracle_qr,2667,2,101,16,3,0.992115852544391,0.016214636525977145
43006,oracle_event_oracle_qr,2671,2,101,1,1,0.4078974370804423,0.00020146682611168725
43006,oracle_event_oracle_qr,2671,2,101,4,4,0.433642545297604,0.010240522191808928
43006,oracle_event_oracle_qr,2671,2,101,8,8,0.37439410158528247,0.006426754628061979
43006,oracle_event_oracle_qr,2671,2,101,16,16,0.3819454435846752,0.02194971973953907
43006,oracle_event_oracle_qr,2795,2,011,1,1,1.789935996613538,0.07300466419740936
43006,oracle_event_oracle_qr,2795,2,011,4,4,0.8476161120581681,0.04850922177475649
43006,oracle_event_oracle_qr,2795,2,011,8,8,0.8438225717438371,0.031931697836336946
43006,oracle_event_oracle_qr,2795,2,011,16,16,0.7968065165298774,0.04746308250318394
43006,oracle_event_oracle_qr,2820,2,110,1,1,-0.3178170471473069,0.0017989533416757244
43006,oracle_event_oracle_qr,2820,2,110,4,4,0.5399628571045278,0.004844570504164562
43006,oracle_event_oracle_qr,2820,2,110,8,4,0.5399628571045278,0.004844570504164562
43006,oracle_event_oracle_qr,2820,2,110,16,4,0.5399628571045278,0.004844570504164562
43006,oracle_event_oracle_qr,2825,2,110,1,1,-0.4063419259206425,0.0004090982597053504
43006,oracle_event_oracle_qr,2825,2,110,4,4,-0.12563900511643789,0.015078083687522451
43006,oracle_event_oracle_qr,2825,2,110,8,4,-0.12563900511643789,0.015078083687522451
43006,oracle_event_oracle_qr,2825,2,110,16,4,-0.12563900511643789,0.015078083687522451
43006,oracle_event_oracle_qr,2830,2,110,1,1,-0.23510467926888157,0.0018186287553983355
43006,oracle_event_oracle_qr,2830,2,110,4,4,0.8293081973246773,0.008322114463824016
43006,oracle_event_oracle_qr,2830,2,110,8,8,0.5530771644162308,0.004762485643141136
43006,oracle_event_oracle_qr,2830,2,110,16,8,0.5530771644162308,0.004762485643141136
43006,oracle_event_oracle_qr,2839,2,110,1,1,-0.30112388867851936,0.0001439672647130952
43006,oracle_event_oracle_qr,2839,2,110,4,1,-0.30112388867851936,0.0001439672647130952
43006,oracle_event_oracle_qr,2839,2,110,8,1,-0.30112388867851936,0.0001439672647130952
43006,oracle_event_oracle_qr,2839,2,110,16,1,-0.30112388867851936,0.0001439672647130952
43006,oracle_event_oracle_qr,2841,2,110,1,1,0.6267022610930687,0.0001795362145231046
43006,oracle_event_oracle_qr,2841,2,110,4,4,-0.09767189620300586,0.003512026577195184
43006,oracle_event_oracle_qr,2841,2,110,8,6,-0.0032352725948477934,0.003444014880635159
43006,oracle_event_oracle_qr,2841,2,110,16,6,-0.0032352725948477934,0.003444014880635159
43006,oracle_event_oracle_qr,2848,2,110,1,1,-0.39445400311665124,0.016771778557753504
43006,oracle_event_oracle_qr,2848,2,110,4,2,-0.4051203763438972,0.025251529573432695
43006,oracle_event_oracle_qr,2848,2,110,8,2,-0.4051203763438972,0.025251529573432695
43006,oracle_event_oracle_qr,2848,2,110,16,2,-0.4051203763438972,0.025251529573432695
43006,oracle_event_oracle_qr,2851,2,110,1,1,-0.1515856377130705,0.0036233616601710045
43006,oracle_event_oracle_qr,2851,2,110,4,4,0.521834700316499,0.013007953956066264
43006,oracle_event_oracle_qr,2851,2,110,8,6,0.3212817436862468,0.010054067072866386
43006,oracle_event_oracle_qr,2851,2,110,16,6,0.3212817436862468,0.010054067072866386
43006,oracle_event_oracle_qr,2858,2,110,1,1,-0.36930046548883616,0.007513984565352604
43006,oracle_event_oracle_qr,2858,2,110,4,4,-0.35116502378387926,0.007736699681486895
43006,oracle_event_oracle_qr,2858,2,110,8,8,-0.07888234402444579,0.008567424749770975
43006,oracle_event_oracle_qr,2858,2,110,16,15,0.15553020203323775,0.012676218247043505
43006,oracle_event_oracle_qr,2875,2,110,1,1,-0.34819646435219304,0.0021807525378900678
43006,oracle_event_oracle_qr,2875,2,110,4,1,-0.34819646435219304,0.0021807525378900678
43006,oracle_event_oracle_qr,2875,2,110,8,1,-0.34819646435219304,0.0021807525378900678
43006,oracle_event_oracle_qr,2875,2,110,16,1,-0.34819646435219304,0.0021807525378900678
43006,oracle_event_oracle_qr,2877,2,110,1,1,-0.3552256065192927,0.008692106769876518
43006,oracle_event_oracle_qr,2877,2,110,4,4,-0.11417131526625367,0.008176355759856093
43006,oracle_event_oracle_qr,2877,2,110,8,8,-0.1348058227141111,0.005575265775967432
43006,oracle_event_oracle_qr,2877,2,110,16,16,-0.16509454082286795,0.0049977639678203505
43006,oracle_event_oracle_qr,2914,2,110,1,1,0.5332134465260988,0.0010301330488932485
43006,oracle_event_oracle_qr,2914,2,110,4,4,0.7538010761265572,0.0007136447393986512
43006,oracle_event_oracle_qr,2914,2,110,8,8,0.23738955923045224,0.0025088951762363048
43006,oracle_event_oracle_qr,2914,2,110,16,16,0.26480845960426636,0.007797547126167759
43006,oracle_event_oracle_qr,2959,2,110,1,1,0.010317474967386678,0.0003651137427949028
43006,oracle_event_oracle_qr,2959,2,110,4,2,-0.21082403805621877,0.0063327111765082555
43006,oracle_event_oracle_qr,2959,2,110,8,2,-0.21082403805621877,0.0063327111765082555
43006,oracle_event_oracle_qr,2959,2,110,16,2,-0.21082403805621877,0.0063327111765082555
43006,oracle_event_oracle_qr,2962,2,110,1,1,-0.1831126583481887,0.002323021657108609
43006,oracle_event_oracle_qr,2962,2,110,4,4,-0.16687922982795234,0.012347418803112523
43006,oracle_event_oracle_qr,2962,2,110,8,8,0.08129358746294954,0.01778033244427236
43006,oracle_event_oracle_qr,2962,2,110,16,16,-0.05853467656818638,0.011350400685746932
43006,oracle_event_oracle_qr,2982,2,110,1,1,-0.3624320753996306,0.022982069133038387
43006,oracle_event_oracle_qr,2982,2,110,4,4,0.30764669693824626,0.008949159025558607
43006,oracle_event_oracle_qr,2982,2,110,8,8,-0.0009190643086154082,0.006697514516304263
43006,oracle_event_oracle_qr,2982,2,110,16,16,-0.017210715254353665,0.00555677365824113
43006,oracle_event_oracle_qr,3011,2,110,1,1,1.3140716348753902,5.092662961796205e-06
43006,oracle_event_oracle_qr,3011,2,110,4,4,0.14563222833684486,0.012424124480785816
43006,oracle_event_oracle_qr,3011,2,110,8,8,0.08801496623507829,0.01000789547804418
43006,oracle_event_oracle_qr,3011,2,110,16,16,0.07236596145688377,0.008664724774567145
43006,oracle_event_oracle_qr,3064,2,111,1,1,2.0152213916221324,0.018746490257311527
43006,oracle_event_oracle_qr,3064,2,111,4,4,1.4715686761763935,0.10373460037913043
43006,oracle_event_oracle_qr,3064,2,111,8,8,1.5690768405289077,0.07755296333216422
43006,oracle_event_oracle_qr,3064,2,111,16,16,1.0469728764565307,0.06672962208367383
43006,oracle_event_oracle_qr,3136,2,101,1,1,0.3696113895809691,0.054579217218533926
43006,oracle_event_oracle_qr,3136,2,101,4,4,0.2580333671931396,0.05047193678850964
43006,oracle_event_oracle_qr,3136,2,101,8,8,0.33878052751524873,0.04690568629143963
43006,oracle_event_oracle_qr,3136,2,101,16,13,0.4432770120900964,0.032418314142403086
43006,oracle_event_oracle_qr,3150,2,101,1,1,0.4006851429810739,0.07486778249712159
43006,oracle_event_oracle_qr,3150,2,101,4,4,0.5356403164437439,0.04342925168560349
43006,oracle_event_oracle_qr,3150,2,101,8,8,0.5327750298171825,0.023918182330775157
43006,oracle_event_oracle_qr,3150,2,101,16,11,0.43976257278016734,0.018483473404940103
43006,oracle_event_oracle_qr,3162,2,101,1,1,0.6222183407955073,0.004261693229297062
43006,oracle_event_oracle_qr,3162,2,101,4,4,0.4050041448279635,0.011522366747397386
43006,oracle_event_oracle_qr,3162,2,101,8,8,0.33164258428845955,0.0190671031708821
43006,oracle_event_oracle_qr,3162,2,101,16,8,0.33164258428845955,0.0190671031708821
43006,oracle_event_oracle_qr,3171,2,101,1,1,0.8346314824237808,0.10419514834048473
43006,oracle_event_oracle_qr,3171,2,101,4,4,0.6936721264864598,0.037069302033780595
43006,oracle_event_oracle_qr,3171,2,101,8,8,0.44154127500120244,0.025820216513838656
43006,oracle_event_oracle_qr,3171,2,101,16,16,0.434629844984075,0.018105344015503212
43006,oracle_event_oracle_qr,3209,2,101,1,1,0.4685734254535056,0.056239096945991884
43006,oracle_event_oracle_qr,3209,2,101,4,4,0.5693898744781114,0.04312478818272783
43006,oracle_event_oracle_qr,3209,2,101,8,8,0.6555544370232835,0.02529534585414297
43006,oracle_event_oracle_qr,3209,2,101,16,16,0.6333930675300494,0.023146802225359465
43006,oracle_event_oracle_qr,3398,2,101,1,1,1.2151509157225315,0.02052381435415486
43006,oracle_event_oracle_qr,3398,2,101,4,4,0.8742616573111556,0.019081780683866463
43006,oracle_event_oracle_qr,3398,2,101,8,8,0.6137601251311768,0.013201226835692446
43006,oracle_event_oracle_qr,3398,2,101,16,16,0.7969310249937644,0.013916873013045969
43006,oracle_event_oracle_qr,3425,2,101,1,1,1.0776874673614405,0.19113355882302177
43006,oracle_event_oracle_qr,3425,2,101,4,4,0.9288633869140595,0.11400837006899753
43006,oracle_event_oracle_qr,3425,2,101,8,8,0.6348362017379574,0.07669336580272997
43006,oracle_event_oracle_qr,3425,2,101,16,16,0.5480291937161927,0.054117432118553875
43006,oracle_event_oracle_qr,3446,2,101,1,1,0.5740389974306399,0.12610864959114507
43006,oracle_event_oracle_qr,3446,2,101,4,4,0.44156283149694087,0.07902632097171915
43006,oracle_event_oracle_qr,3446,2,101,8,8,0.3299589091561694,0.04129076260122981
43006,oracle_event_oracle_qr,3446,2,101,16,9,0.30364568696739125,0.037209338089399815
43006,oracle_event_oracle_qr,3474,3,101,1,1,0.7131227010734486,0.0018864324058667618
43006,oracle_event_oracle_qr,3474,3,101,4,2,0.5788558752782005,0.007827477324587747
43006,oracle_event_oracle_qr,3474,3,101,8,2,0.5788558752782005,0.007827477324587747
43006,oracle_event_oracle_qr,3474,3,101,16,2,0.5788558752782005,0.007827477324587747
43006,oracle_event_oracle_qr,3477,3,101,1,1,3.922105516122451,0.005131615141551371
43006,oracle_event_oracle_qr,3477,3,101,4,4,1.4372434320399885,0.01826960544658208
43006,oracle_event_oracle_qr,3477,3,101,8,8,0.9952384531197188,0.08115305964232453
43006,oracle_event_oracle_qr,3477,3,101,16,14,1.4570263936466596,0.07100256137615249
43006,oracle_event_oracle_qr,3492,3,101,1,1,1.6604226824440609,0.045858834290569826
43006,oracle_event_oracle_qr,3492,3,101,4,4,1.0739071414004986,0.012752657791577552
43006,oracle_event_oracle_qr,3492,3,101,8,8,0.813905414719901,0.012298195340358854
43006,oracle_event_oracle_qr,3492,3,101,16,15,0.692885842603681,0.00794929292035553
43006,oracle_event_oracle_qr,3508,3,101,1,1,0.7511261818027078,0.34713425671217546
43006,oracle_event_oracle_qr,3508,3,101,4,1,0.7511261818027078,0.34713425671217546
43006,oracle_event_oracle_qr,3508,3,101,8,1,0.7511261818027078,0.34713425671217546
43006,oracle_event_oracle_qr,3508,3,101,16,1,0.7511261818027078,0.34713425671217546
43006,oracle_event_oracle_qr,3510,3,101,1,1,1.2072600774045361,0.023085850271980384
43006,oracle_event_oracle_qr,3510,3,101,4,4,0.6162956697254864,0.009680339373008733
43006,oracle_event_oracle_qr,3510,3,101,8,8,0.4269560860742757,0.0066482393756083814
43006,oracle_event_oracle_qr,3510,3,101,16,11,0.5062186387117088,0.005331687923657086
43006,oracle_event_oracle_qr,3522,3,101,1,1,0.44000921334928256,0.03707992200324356
43006,oracle_event_oracle_qr,3522,3,101,4,4,0.2919170446512566,0.02549622174458327
43006,oracle_event_oracle_qr,3522,3,101,8,8,0.3532806320852673,0.021314555019264263
43006,oracle_event_oracle_qr,3522,3,101,16,10,0.3598074829427885,0.018413937721275943
43006,oracle_event_oracle_qr,3533,3,101,1,1,0.405696621478024,0.04091177316943605
43006,oracle_event_oracle_qr,3533,3,101,4,4,0.48999718340043724,0.022725100826821585
43006,oracle_event_oracle_qr,3533,3,101,8,8,0.3778491199711782,0.02087216664431651
43006,oracle_event_oracle_qr,3533,3,101,16,12,0.7178490734763003,0.032232752985645326
43006,oracle_event_oracle_qr,3546,3,101,1,1,0.4491716472165158,0.2152695087989151
43006,oracle_event_oracle_qr,3546,3,101,4,1,0.4491716472165158,0.2152695087989151
43006,oracle_event_oracle_qr,3546,3,101,8,1,0.4491716472165158,0.2152695087989151
43006,oracle_event_oracle_qr,3546,3,101,16,1,0.4491716472165158,0.2152695087989151
43006,oracle_event_oracle_qr,3548,3,101,1,1,1.098535937032253,0.0007182646077224273
43006,oracle_event_oracle_qr,3548,3,101,4,4,0.5619319051565095,0.01117786165204094
43006,oracle_event_oracle_qr,3548,3,101,8,8,0.7202257643824557,0.04092580551030327
43006,oracle_event_oracle_qr,3548,3,101,16,16,0.839181816382343,0.03843740401329557
43006,oracle_event_oracle_qr,3572,3,111,1,1,0.6392492582341369,0.04643155461924673
43006,oracle_event_oracle_qr,3572,3,111,4,4,0.8406172451868789,0.07135046368300763
43006,oracle_event_oracle_qr,3572,3,111,8,8,1.0413375675489256,0.08674145018149744
43006,oracle_event_oracle_qr,3572,3,111,16,14,0.9782171323851091,0.06276163774901743
43006,oracle_event_oracle_qr,3587,3,111,1,1,0.5574139740106884,0.002535614477532336
43006,oracle_event_oracle_qr,3587,3,111,4,4,0.49764885161704236,0.008523319233351551
43006,oracle_event_oracle_qr,3587,3,111,8,5,0.556570046100342,0.0077474892837162464
43006,oracle_event_oracle_qr,3587,3,111,16,5,0.556570046100342,0.0077474892837162464
43006,oracle_event_oracle_qr,3593,3,111,1,1,0.6498245441850807,0.0017971560535429414
43006,oracle_event_oracle_qr,3593,3,111,4,4,1.0227887133091105,0.04530316312838313
43006,oracle_event_oracle_qr,3593,3,111,8,8,1.1183367594082925,0.05292528604722187
43006,oracle_event_oracle_qr,3593,3,111,16,16,0.9724552257164638,0.06087131513664831
43006,oracle_event_oracle_qr,3632,3,111,1,1,0.4984869787146495,0.06966006601566561
43006,oracle_event_oracle_qr,3632,3,111,4,4,0.6060463989111106,0.02636078689829631
43006,oracle_event_oracle_qr,3632,3,111,8,8,0.9619957622439698,0.07650833125107978
43006,oracle_event_oracle_qr,3632,3,111,16,9,0.9152172026980734,0.06836518725510404
43006,oracle_event_oracle_qr,3642,3,111,1,1,2.508254478146203,0.04915193906954091
43006,oracle_event_oracle_qr,3642,3,111,4,4,1.3292141127423571,0.20491546935407837
43006,oracle_event_oracle_qr,3642,3,111,8,7,0.934134037455362,0.16828748491604925
43006,oracle_event_oracle_qr,3642,3,111,16,7,0.934134037455362,0.16828748491604925
43006,oracle_event_oracle_qr,3650,3,111,1,1,0.6757535191315882,0.04393720090794767
43006,oracle_event_oracle_qr,3650,3,111,4,4,1.0582582539892575,0.1633841318185888
43006,oracle_event_oracle_qr,3650,3,111,8,8,0.7481334687646453,0.09726244412924365
43006,oracle_event_oracle_qr,3650,3,111,16,16,0.7141755877904941,0.07247351624141948
43006,oracle_event_oracle_qr,3692,3,110,1,1,0.26126898142595756,0.0014929500522124284
43006,oracle_event_oracle_qr,3692,3,110,4,4,0.12297858620319632,0.004991568204164825
43006,oracle_event_oracle_qr,3692,3,110,8,8,0.19146982213992847,0.005137818632368441
43006,oracle_event_oracle_qr,3692,3,110,16,9,0.1664191472492108,0.008236676784329159
43006,oracle_event_oracle_qr,3703,3,110,1,1,1.0570264216373875,0.020242501536369653
43006,oracle_event_oracle_qr,3703,3,110,4,4,0.2203437722375738,0.028904086514916133
43006,oracle_event_oracle_qr,3703,3,110,8,8,0.02970391165586453,0.01848240700180813
43006,oracle_event_oracle_qr,3703,3,110,16,16,-0.0683945552921971,0.012788494453699575
43006,oracle_event_oracle_qr,3723,3,110,1,1,-0.33804456092254404,0.0010389340051491093
43006,oracle_event_oracle_qr,3723,3,110,4,1,-0.33804456092254404,0.0010389340051491093
43006,oracle_event_oracle_qr,3723,3,110,8,1,-0.33804456092254404,0.0010389340051491093
43006,oracle_event_oracle_qr,3723,3,110,16,1,-0.33804456092254404,0.0010389340051491093
43006,oracle_event_oracle_qr,3725,3,110,1,1,0.5432361332310404,0.0011480030342517504
43006,oracle_event_oracle_qr,3725,3,110,4,4,-0.034182354913588314,0.004529267179069455
43006,oracle_event_oracle_qr,3725,3,110,8,8,-0.0839434664650412,0.00516266272108549
43006,oracle_event_oracle_qr,3725,3,110,16,16,0.02045425972153784,0.004147732321444187
43006,oracle_event_oracle_qr,3755,3,110,1,1,-0.40541363456223234,0.03247629537191016
43006,oracle_event_oracle_qr,3755,3,110,4,4,0.10832084967242817,0.008925335873029537
43006,oracle_event_oracle_qr,3755,3,110,8,8,0.22130782275070787,0.007034020016051534
43006,oracle_event_oracle_qr,3755,3,110,16,13,0.045518081432364646,0.0072767292852489816
43006,oracle_event_oracle_qr,3769,3,110,1,1,1.8980198214836912,0.0003102897125878793
43006,oracle_event_oracle_qr,3769,3,110,4,4,0.3122944093303833,0.00904512664942822
43006,oracle_event_oracle_qr,3769,3,110,8,8,0.4886283084585988,0.014534209912929592
43006,oracle_event_oracle_qr,3769,3,110,16,16,0.6638706927413606,0.05196520441197284
43006,oracle_event_oracle_qr,3791,3,111,1,1,0.554996860411979,0.3799767335228651
43006,oracle_event_oracle_qr,3791,3,111,4,4,1.2876673575760678,0.15309496121028726
43006,oracle_event_oracle_qr,3791,3,111,8,8,0.8472297549458452,0.10238665939451386
43006,oracle_event_oracle_qr,3791,3,111,16,16,0.7266578942328867,0.07164448937646191
43006,oracle_event_oracle_qr,3811,3,111,1,1,0.481532617210562,0.12693417892698278
43006,oracle_event_oracle_qr,3811,3,111,4,4,0.9296890893067391,0.38281395681370106
43006,oracle_event_oracle_qr,3811,3,111,8,4,0.9296890893067391,0.38281395681370106
43006,oracle_event_oracle_qr,3811,3,111,16,4,0.9296890893067391,0.38281395681370106
43006,oracle_event_oracle_qr,3816,3,111,1,1,2.5945725853217825,0.005062678888561487
43006,oracle_event_oracle_qr,3816,3,111,4,4,1.1520198122995173,0.023643914273712603
43006,oracle_event_oracle_qr,3816,3,111,8,8,0.9909624393085755,0.03032858670684865
43006,oracle_event_oracle_qr,3816,3,111,16,12,0.787859896122601,0.0259616903255932
43006,oracle_event_oracle_qr,3829,3,111,1,1,2.1758873662152216,0.0016061583979989531
43006,oracle_event_oracle_qr,3829,3,111,4,4,1.1135647366028598,0.031430701098893024
43006,oracle_event_oracle_qr,3829,3,111,8,8,1.0873837452762811,0.023312322218507372
43006,oracle_event_oracle_qr,3829,3,111,16,16,0.9369520586179204,0.014422702113335597
43006,oracle_event_oracle_qr,3858,3,101,1,1,0.40979580919072534,0.0259367556621328
43006,oracle_event_oracle_qr,3858,3,101,4,4,0.7703938327807025,0.013682138166918979
43006,oracle_event_oracle_qr,3858,3,101,8,7,0.9163896596499022,0.007949551518395694
43006,oracle_event_oracle_qr,3858,3,101,16,7,0.9163896596499022,0.007949551518395694
43006,oracle_event_oracle_qr,3866,3,101,1,1,1.4102453318261734,0.03021658115523298
43006,oracle_event_oracle_qr,3866,3,101,4,4,0.6783431419484154,0.008853285655234544
43006,oracle_event_oracle_qr,3866,3,101,8,8,0.653976582434514,0.007404647518080386
43006,oracle_event_oracle_qr,3866,3,101,16,16,0.5379683689794061,0.008673133601170757
43006,oracle_event_oracle_qr,4072,3,011,1,1,0.422189564961783,0.021644680993045902
43006,oracle_event_oracle_qr,4072,3,011,4,4,0.7117126228983067,0.15318481012358467
43006,oracle_event_oracle_qr,4072,3,011,8,8,0.8644986507024345,0.11325103287348279
43006,oracle_event_oracle_qr,4072,3,011,16,16,1.0597005298406714,0.07660972719734599
43006,oracle_event_oracle_qr,4135,3,110,1,1,1.242568751196118,0.012995109808348278
43006,oracle_event_oracle_qr,4135,3,110,4,2,2.278128474803261,0.009643683254850863
43006,oracle_event_oracle_qr,4135,3,110,8,2,2.278128474803261,0.009643683254850863
43006,oracle_event_oracle_qr,4135,3,110,16,2,2.278128474803261,0.009643683254850863
43006,oracle_event_oracle_qr,4138,3,110,1,1,-0.3623161323562126,8.236083257073153e-05
43006,oracle_event_oracle_qr,4138,3,110,4,4,-0.3079243297444565,0.004659455828804404
43006,oracle_event_oracle_qr,4138,3,110,8,5,-0.33768754733883466,0.0067220722869845585
43006,oracle_event_oracle_qr,4138,3,110,16,5,-0.33768754733883466,0.0067220722869845585
43006,oracle_event_oracle_qr,4144,3,110,1,1,-0.23968084497553444,0.00028457961390623864
43006,oracle_event_oracle_qr,4144,3,110,4,4,-0.2696422305099501,0.002367850922745169
43006,oracle_event_oracle_qr,4144,3,110,8,5,-0.28372119408947144,0.008073672331143852
43006,oracle_event_oracle_qr,4144,3,110,16,5,-0.28372119408947144,0.008073672331143852
43006,oracle_event_oracle_qr,4150,3,110,1,1,-0.37128522432774824,0.0014063508826408374
43006,oracle_event_oracle_qr,4150,3,110,4,4,0.3714597820907463,0.005197974693615659
43006,oracle_event_oracle_qr,4150,3,110,8,8,0.34178195549290014,0.009665043403211336
43006,oracle_event_oracle_qr,4150,3,110,16,16,0.24040118646127537,0.007798456741004371
43006,oracle_event_oracle_qr,4181,3,110,1,1,-0.268702238226623,0.0008780523919318437
43006,oracle_event_oracle_qr,4181,3,110,4,4,0.05499561193049356,0.012009627207656233
43006,oracle_event_oracle_qr,4181,3,110,8,8,0.10867581911407115,0.011121107772094144
43006,oracle_event_oracle_qr,4181,3,110,16,11,0.08206888913467984,0.01789653514177395
43006,oracle_event_oracle_qr,4193,3,101,1,1,0.9266688500666334,2.4651510848998294e-05
43006,oracle_event_oracle_qr,4193,3,101,4,4,0.6207657020602012,0.013410924148085281
43006,oracle_event_oracle_qr,4193,3,101,8,8,0.5354427933254655,0.022957170473447905
43006,oracle_event_oracle_qr,4193,3,101,16,8,0.5354427933254655,0.022957170473447905
43006,oracle_event_oracle_qr,4202,3,101,1,1,0.40689798440140995,0.00027681984080660097
43006,oracle_event_oracle_qr,4202,3,101,4,4,0.3771854281495772,0.0038172524320336104
43006,oracle_event_oracle_qr,4202,3,101,8,8,0.43500195630583677,0.01835258191095552
43006,oracle_event_oracle_qr,4202,3,101,16,16,0.6375679720056373,0.07157512830451854
43006,oracle_event_oracle_qr,4222,3,101,1,1,0.7204935205494064,0.0036616360639931066
43006,oracle_event_oracle_qr,4222,3,101,4,4,0.5064992235955678,0.0056092624872900315
43006,oracle_event_oracle_qr,4222,3,101,8,8,0.49196372736322747,0.013660041329023126
43006,oracle_event_oracle_qr,4222,3,101,16,16,0.6779054997580487,0.008474485347453084
43006,oracle_event_oracle_qr,4260,3,101,1,1,0.6287051022265973,0.029123711406821448
43006,oracle_event_oracle_qr,4260,3,101,4,4,0.5366575370903747,0.0097267285854845
43006,oracle_event_oracle_qr,4260,3,101,8,8,0.6057294351376289,0.01282662566043076
43006,oracle_event_oracle_qr,4260,3,101,16,11,0.5603107587988864,0.012989143842695134
43006,oracle_event_oracle_qr,4272,3,101,1,1,0.4443938560344359,0.1624872773842755
43006,oracle_event_oracle_qr,4272,3,101,4,4,0.4588361708600162,0.11018531690965992
43006,oracle_event_oracle_qr,4272,3,101,8,8,0.7092152352623607,0.06830428406110639
43006,oracle_event_oracle_qr,4272,3,101,16,10,0.6593107644574367,0.055088797307035905
43006,oracle_event_oracle_qr,4283,3,101,1,1,0.7988298406205097,0.008307686472080827
43006,oracle_event_oracle_qr,4283,3,101,4,4,0.3939199483537536,0.0032876923768984457
43006,oracle_event_oracle_qr,4283,3,101,8,6,0.6670628299425753,0.0035409852265402037
43006,oracle_event_oracle_qr,4283,3,101,16,6,0.6670628299425753,0.0035409852265402037
43006,oracle_event_oracle_qr,4290,3,101,1,1,0.6139804721150028,0.011699209001691548
43006,oracle_event_oracle_qr,4290,3,101,4,4,0.5704416076931224,0.009911378529605597
43006,oracle_event_oracle_qr,4290,3,101,8,8,0.45803254954430794,0.031544446900550256
43006,oracle_event_oracle_qr,4290,3,101,16,15,0.7678928559247767,0.030319392919858853
43006,oracle_event_oracle_qr,4306,3,101,1,1,1.7816442208486984,0.00846361394562214
43006,oracle_event_oracle_qr,4306,3,101,4,4,1.0837819163451472,0.043414748777273
43006,oracle_event_oracle_qr,4306,3,101,8,8,0.6886551912561275,0.07745336655982475
43006,oracle_event_oracle_qr,4306,3,101,16,10,0.6188198250716811,0.07607933864742696
43006,oracle_event_oracle_qr,4317,3,101,1,1,1.2065300053916435,0.00029650276182181855
43006,oracle_event_oracle_qr,4317,3,101,4,4,0.9747775902630091,0.02207623309344938
43006,oracle_event_oracle_qr,4317,3,101,8,8,0.8699449332814672,0.014578024285603345
43006,oracle_event_oracle_qr,4317,3,101,16,16,0.9661246429231598,0.013823981903020156
43006,oracle_event_oracle_qr,4416,3,110,1,1,-0.4284447397759298,0.026874156107257515
43006,oracle_event_oracle_qr,4416,3,110,4,4,-0.2903023872780662,0.01603651327543368
43006,oracle_event_oracle_qr,4416,3,110,8,8,-0.28783448121920796,0.00963413236200096
43006,oracle_event_oracle_qr,4416,3,110,16,8,-0.28783448121920796,0.00963413236200096
43006,oracle_event_oracle_qr,4425,3,110,1,1,-0.4155386568812866,0.00695357456034323
43006,oracle_event_oracle_qr,4425,3,110,4,4,-0.16749864081809063,0.004220145776065744
43006,oracle_event_oracle_qr,4425,3,110,8,8,-0.11501295488598107,0.004347158334978951
43006,oracle_event_oracle_qr,4425,3,110,16,16,-0.13663893296874988,0.0065828470413656645
43006,oracle_event_oracle_qr,4442,3,110,1,1,-0.2591444323170761,0.0007066218543877212
43006,oracle_event_oracle_qr,4442,3,110,4,4,0.22937343428321774,0.002354890548076494
43006,oracle_event_oracle_qr,4442,3,110,8,8,-0.0706730291095917,0.004264319987737944
43006,oracle_event_oracle_qr,4442,3,110,16,16,-0.1508503266677224,0.003652877910174423
43006,oracle_event_oracle_qr,4470,3,110,1,1,-0.411489883848149,0.00928540521552583
43006,oracle_event_oracle_qr,4470,3,110,4,4,-0.2787011437736656,0.002563751728411482
43006,oracle_event_oracle_qr,4470,3,110,8,8,-0.16539471657979918,0.0036176451684004495
43006,oracle_event_oracle_qr,4470,3,110,16,14,-0.19770599606547487,0.0024939705584145514
43006,oracle_event_oracle_qr,4485,3,110,1,1,-0.11779272371692495,0.0063249466251417705
43006,oracle_event_oracle_qr,4485,3,110,4,4,-0.05032433305237541,0.015685613641239528
43006,oracle_event_oracle_qr,4485,3,110,8,8,-0.0819342280890219,0.010494990024123393
43006,oracle_event_oracle_qr,4485,3,110,16,16,0.4346899403544667,0.011411605745567474
43006,oracle_event_oracle_qr,4518,3,111,1,1,0.539485065865989,0.001004495120310185
43006,oracle_event_oracle_qr,4518,3,111,4,3,0.6260470243272329,0.056423322143893055
43006,oracle_event_oracle_qr,4518,3,111,8,3,0.6260470243272329,0.056423322143893055
43006,oracle_event_oracle_qr,4518,3,111,16,3,0.6260470243272329,0.056423322143893055
43006,oracle_event_oracle_qr,4522,3,111,1,1,0.7000629667750455,0.1347604740195449
43006,oracle_event_oracle_qr,4522,3,111,4,4,0.5347741070792733,0.08097828240585198
43006,oracle_event_oracle_qr,4522,3,111,8,5,0.5280152512124511,0.12461383399079687
43006,oracle_event_oracle_qr,4522,3,111,16,5,0.5280152512124511,0.12461383399079687
43006,oracle_event_oracle_qr,4528,3,111,1,1,1.543054670148594,0.003314075942263015
43006,oracle_event_oracle_qr,4528,3,111,4,4,1.0086205995299304,0.005859701314669274
43006,oracle_event_oracle_qr,4528,3,111,8,8,0.9988542731517823,0.029964677356387352
43006,oracle_event_oracle_qr,4528,3,111,16,16,1.026333179494328,0.0808016549366131
43006,oracle_event_oracle_qr,4549,3,111,1,1,0.5267017698707918,0.01589968513376143
43006,oracle_event_oracle_qr,4549,3,111,4,2,0.4722671945178104,0.010008397034465237
43006,oracle_event_oracle_qr,4549,3,111,8,2,0.4722671945178104,0.010008397034465237
43006,oracle_event_oracle_qr,4549,3,111,16,2,0.4722671945178104,0.010008397034465237
43006,oracle_event_oracle_qr,4552,3,111,1,1,1.0284121949560459,0.03122476305327259
43006,oracle_event_oracle_qr,4552,3,111,4,1,1.0284121949560459,0.03122476305327259
43006,oracle_event_oracle_qr,4552,3,111,8,1,1.0284121949560459,0.03122476305327259
43006,oracle_event_oracle_qr,4552,3,111,16,1,1.0284121949560459,0.03122476305327259
43006,oracle_event_oracle_qr,4554,3,111,1,1,0.7752494020962969,0.007516247976468601
43006,oracle_event_oracle_qr,4554,3,111,4,4,0.7770601842350869,0.03055754475855017
43006,oracle_event_oracle_qr,4554,3,111,8,8,0.8960450185884072,0.02839525113471975
43006,oracle_event_oracle_qr,4554,3,111,16,16,0.8411254361796048,0.0378805147856109
43006,oracle_event_oracle_qr,4573,3,111,1,1,1.2399975705853774,0.04466658689250393
43006,oracle_event_oracle_qr,4573,3,111,4,4,0.9671652505723047,0.03693284666154713
43006,oracle_event_oracle_qr,4573,3,111,8,8,0.7484714461323763,0.02769319178159534
43006,oracle_event_oracle_qr,4573,3,111,16,16,0.7838675584147707,0.0324270544914034
43006,oracle_event_oracle_qr,4591,3,111,1,1,1.9405471356130324,0.021611671213721935
43006,oracle_event_oracle_qr,4591,3,111,4,4,0.7739364354255509,0.019008209323839006
43006,oracle_event_oracle_qr,4591,3,111,8,5,0.7436396212636762,0.01520879117163837
43006,oracle_event_oracle_qr,4591,3,111,16,5,0.7436396212636762,0.01520879117163837
43006,oracle_event_oracle_qr,4597,3,111,1,1,2.096550587258367,0.05555087293453399
43006,oracle_event_oracle_qr,4597,3,111,4,4,1.1755395139872986,0.11638370301491009
43006,oracle_event_oracle_qr,4597,3,111,8,8,1.012403331067961,0.05931815817556699
43006,oracle_event_oracle_qr,4597,3,111,16,8,1.012403331067961,0.05931815817556699
43006,oracle_event_oracle_qr,4606,3,111,1,1,0.49143111482452784,0.0750125704473917
43006,oracle_event_oracle_qr,4606,3,111,4,1,0.49143111482452784,0.0750125704473917
43006,oracle_event_oracle_qr,4606,3,111,8,1,0.49143111482452784,0.0750125704473917
43006,oracle_event_oracle_qr,4606,3,111,16,1,0.49143111482452784,0.0750125704473917
43006,h_plus_total_variance,58,0,011,1,1,1.1177963199497383,0.016364242884372302
43006,h_plus_total_variance,58,0,011,4,4,0.6990097448241975,0.02009602360808874
43006,h_plus_total_variance,58,0,011,8,8,0.6704099146058842,0.02816983318003872
43006,h_plus_total_variance,58,0,011,16,16,0.8754511644768347,0.07217915524093758
43006,h_plus_total_variance,141,0,101,1,1,0.5653025218455396,0.04947610208715418
43006,h_plus_total_variance,141,0,101,4,4,0.5185797845574289,0.1058303803501685
43006,h_plus_total_variance,141,0,101,8,8,1.124722495953292,0.2271802403884269
43006,h_plus_total_variance,141,0,101,16,14,0.9288054982781614,0.17569908115981286
43006,h_plus_total_variance,156,0,101,1,1,1.2906075838043527,0.10413395936754392
43006,h_plus_total_variance,156,0,101,4,3,1.055432106111099,0.05331247506526219
43006,h_plus_total_variance,156,0,101,8,3,1.055432106111099,0.05331247506526219
43006,h_plus_total_variance,156,0,101,16,3,1.055432106111099,0.05331247506526219
43006,h_plus_total_variance,160,0,101,1,1,0.8597458461948319,0.17428111383042913
43006,h_plus_total_variance,160,0,101,4,4,1.1880891219908063,0.13670751712903162
43006,h_plus_total_variance,160,0,101,8,8,0.9911409771968801,0.09067397735368117
43006,h_plus_total_variance,160,0,101,16,9,0.9649455209488708,0.08693580797539316
43006,h_plus_total_variance,170,0,101,1,1,2.1923897624288204,0.12711073291072938
43006,h_plus_total_variance,170,0,101,4,4,1.167676737188984,0.06282173826308052
43006,h_plus_total_variance,170,0,101,8,8,1.0619693823931853,0.06630293921458699
43006,h_plus_total_variance,170,0,101,16,15,0.9586614273637768,0.0722544845973905
43006,h_plus_total_variance,186,0,101,1,1,0.7407424466005704,0.3045594763217567
43006,h_plus_total_variance,186,0,101,4,2,1.5096384490993269,0.22697313086423282
43006,h_plus_total_variance,186,0,101,8,2,1.5096384490993269,0.22697313086423282
43006,h_plus_total_variance,186,0,101,16,2,1.5096384490993269,0.22697313086423282
43006,h_plus_total_variance,189,0,101,1,1,0.8228349712388163,0.06568683923534634
43006,h_plus_total_variance,189,0,101,4,4,0.8779058223964094,0.08722459407985513
43006,h_plus_total_variance,189,0,101,8,8,0.8379413995483318,0.07539139400688007
43006,h_plus_total_variance,189,0,101,16,10,0.8387744299117118,0.06465961501357274
43006,h_plus_total_variance,200,0,101,1,1,1.1603367835869443,0.01758891509092456
43006,h_plus_total_variance,200,0,101,4,2,1.0270886445541108,0.032436500654100316
43006,h_plus_total_variance,200,0,101,8,2,1.0270886445541108,0.032436500654100316
43006,h_plus_total_variance,200,0,101,16,2,1.0270886445541108,0.032436500654100316
43006,h_plus_total_variance,203,0,101,1,1,0.9870161638063973,0.48340058717997597
43006,h_plus_total_variance,203,0,101,4,4,0.8957313133489403,0.17116624472060138
43006,h_plus_total_variance,203,0,101,8,8,0.8159594974305264,0.16023396806406898
43006,h_plus_total_variance,203,0,101,16,16,0.7689905122793024,0.11410260526381673
43006,h_plus_total_variance,231,0,101,1,1,0.6671130823323422,0.014240145175199262
43006,h_plus_total_variance,231,0,101,4,4,0.7220629041973885,0.028275875599165622
43006,h_plus_total_variance,231,0,101,8,8,0.8209177459774466,0.050339087480527435
43006,h_plus_total_variance,231,0,101,16,16,0.7593506455157956,0.05312016236750564
43006,h_plus_total_variance,276,0,101,1,1,1.7136906858280236,0.0014852456524988367
43006,h_plus_total_variance,276,0,101,4,4,0.9511685444926758,0.063486364807389
43006,h_plus_total_variance,276,0,101,8,8,1.0478060866824277,0.0859651416310552
43006,h_plus_total_variance,276,0,101,16,9,1.0172190565007502,0.09410861771833627
43006,h_plus_total_variance,286,0,101,1,1,1.7526178800497398,0.08364579346890944
43006,h_plus_total_variance,286,0,101,4,4,1.005229574326587,0.029895151885736215
43006,h_plus_total_variance,286,0,101,8,8,0.8805605328573463,0.05598372364208122
43006,h_plus_total_variance,286,0,101,16,8,0.8805605328573463,0.05598372364208122
43006,h_plus_total_variance,295,0,101,1,1,0.5302969694905362,0.04391585531836892
43006,h_plus_total_variance,295,0,101,4,3,0.7888828124429383,0.07299014919170349
43006,h_plus_total_variance,295,0,101,8,3,0.7888828124429383,0.07299014919170349
43006,h_plus_total_variance,295,0,101,16,3,0.7888828124429383,0.07299014919170349
43006,h_plus_total_variance,299,0,101,1,1,1.2028531798486841,0.04086447068083866
43006,h_plus_total_variance,299,0,101,4,2,0.9313931785684549,0.025623387349582378
43006,h_plus_total_variance,299,0,101,8,2,0.9313931785684549,0.025623387349582378
43006,h_plus_total_variance,299,0,101,16,2,0.9313931785684549,0.025623387349582378
43006,h_plus_total_variance,302,0,101,1,1,0.5295244105280029,0.4671974673555639
43006,h_plus_total_variance,302,0,101,4,2,1.4116886347923916,0.2579451588352645
43006,h_plus_total_variance,302,0,101,8,2,1.4116886347923916,0.2579451588352645
43006,h_plus_total_variance,302,0,101,16,2,1.4116886347923916,0.2579451588352645
43006,h_plus_total_variance,306,0,101,1,1,1.1328829188296803,0.05647601464683733
43006,h_plus_total_variance,306,0,101,4,4,0.9742126505872862,0.06722356695598558
43006,h_plus_total_variance,306,0,101,8,7,0.7988897622741974,0.03973685830441436
43006,h_plus_total_variance,306,0,101,16,7,0.7988897622741974,0.03973685830441436
43006,h_plus_total_variance,314,0,101,1,1,0.5469866202111824,3.8050440988555226e-05
43006,h_plus_total_variance,314,0,101,4,4,0.5831078810686425,0.0707250053745219
43006,h_plus_total_variance,314,0,101,8,8,0.5462231121367984,0.06586961031750876
43006,h_plus_total_variance,314,0,101,16,14,0.6760237582352836,0.05211085010094994
43006,h_plus_total_variance,329,0,101,1,1,2.1633648342909506,0.07381950532384796
43006,h_plus_total_variance,329,0,101,4,4,1.1584142649842097,0.05056345993121205
43006,h_plus_total_variance,329,0,101,8,8,0.7712367741710713,0.02875289264539259
43006,h_plus_total_variance,329,0,101,16,13,0.8750974202567541,0.061653178172735336
43006,h_plus_total_variance,343,0,101,1,1,1.8638099336348393,0.0062073853510155735
43006,h_plus_total_variance,343,0,101,4,4,0.8380947997922317,0.029945089658227172
43006,h_plus_total_variance,343,0,101,8,8,0.7821209649850052,0.032963778624007595
43006,h_plus_total_variance,343,0,101,16,16,0.6646460838201858,0.05481910318876328
43006,h_plus_total_variance,368,0,101,1,1,0.5355042142905885,0.06474311281566458
43006,h_plus_total_variance,368,0,101,4,4,0.6844338268602456,0.06225756953066204
43006,h_plus_total_variance,368,0,101,8,8,0.8567430459089826,0.07271647453349328
43006,h_plus_total_variance,368,0,101,16,13,1.0819359674789373,0.21236099056714433
43006,h_plus_total_variance,382,0,101,1,1,1.258917329394523,0.212912314920404
43006,h_plus_total_variance,382,0,101,4,4,0.9528094393469555,0.1689696367190619
43006,h_plus_total_variance,382,0,101,8,8,0.9266034140335377,0.09768261120957078
43006,h_plus_total_variance,382,0,101,16,16,0.7390155598620635,0.060971683467038754
43006,h_plus_total_variance,421,0,111,1,1,0.7880887591997597,0.017981736014805284
43006,h_plus_total_variance,421,0,111,4,4,1.0676853042046532,0.24519331389358467
43006,h_plus_total_variance,421,0,111,8,8,1.023476488015537,0.21938732983953127
43006,h_plus_total_variance,421,0,111,16,9,0.9686029320137693,0.21915744215930216
43006,h_plus_total_variance,431,0,111,1,1,1.3733738748159925,0.001703862786095439
43006,h_plus_total_variance,431,0,111,4,4,0.8094760452471361,0.08097996171905761
43006,h_plus_total_variance,431,0,111,8,5,0.8504482986180294,0.0655102999297706
43006,h_plus_total_variance,431,0,111,16,5,0.8504482986180294,0.0655102999297706
43006,h_plus_total_variance,437,0,111,1,1,0.5865886410082546,0.013959732550404337
43006,h_plus_total_variance,437,0,111,4,2,1.104020179076831,0.07497686244944675
43006,h_plus_total_variance,437,0,111,8,2,1.104020179076831,0.07497686244944675
43006,h_plus_total_variance,437,0,111,16,2,1.104020179076831,0.07497686244944675
43006,h_plus_total_variance,440,0,111,1,1,0.544776756115283,0.04254365858497828
43006,h_plus_total_variance,440,0,111,4,4,0.5684860576531771,0.01631671189767059
43006,h_plus_total_variance,440,0,111,8,8,0.9920989614484861,0.08817965594562559
43006,h_plus_total_variance,440,0,111,16,16,0.8979743192910821,0.08837423126689808
43006,h_plus_total_variance,466,0,111,1,1,0.5133453699404377,9.619893866777854e-06
43006,h_plus_total_variance,466,0,111,4,4,0.6196454562450546,0.07011560248423696
43006,h_plus_total_variance,466,0,111,8,8,0.8187496530039616,0.04703060354203967
43006,h_plus_total_variance,466,0,111,16,16,0.6879082455844083,0.046844412556021425
43006,h_plus_total_variance,492,0,111,1,1,1.4366017013269055,0.01574131799742508
43006,h_plus_total_variance,492,0,111,4,1,1.4366017013269055,0.01574131799742508
43006,h_plus_total_variance,492,0,111,8,1,1.4366017013269055,0.01574131799742508
43006,h_plus_total_variance,492,0,111,16,1,1.4366017013269055,0.01574131799742508
43006,h_plus_total_variance,494,0,111,1,1,1.1084378067268243,0.1356162815939447
43006,h_plus_total_variance,494,0,111,4,3,0.8161458002155865,0.09294524857329299
43006,h_plus_total_variance,494,0,111,8,3,0.8161458002155865,0.09294524857329299
43006,h_plus_total_variance,494,0,111,16,3,0.8161458002155865,0.09294524857329299
43006,h_plus_total_variance,498,0,111,1,1,0.42297186527029956,0.0033378737284419035
43006,h_plus_total_variance,498,0,111,4,1,0.42297186527029956,0.0033378737284419035
43006,h_plus_total_variance,498,0,111,8,1,0.42297186527029956,0.0033378737284419035
43006,h_plus_total_variance,498,0,111,16,1,0.42297186527029956,0.0033378737284419035
43006,h_plus_total_variance,501,0,111,1,1,2.676597188150003,0.0029783927989596886
43006,h_plus_total_variance,501,0,111,4,4,1.6176403825367516,0.05746763523000174
43006,h_plus_total_variance,501,0,111,8,8,1.1992924494101425,0.0498910807839016
43006,h_plus_total_variance,501,0,111,16,8,1.1992924494101425,0.0498910807839016
43006,h_plus_total_variance,510,0,111,1,1,0.7335839488800089,0.05128014674702084
43006,h_plus_total_variance,510,0,111,4,4,0.8367450840192403,0.04182868192275577
43006,h_plus_total_variance,510,0,111,8,8,0.9040698778375715,0.07648986148323525
43006,h_plus_total_variance,510,0,111,16,14,0.9038150552338389,0.07971494656677039
43006,h_plus_total_variance,525,0,111,1,1,1.7018980905040846,0.05396222178430982
43006,h_plus_total_variance,525,0,111,4,4,0.9913914785017571,0.031127200906217997
43006,h_plus_total_variance,525,0,111,8,4,0.9913914785017571,0.031127200906217997
43006,h_plus_total_variance,525,0,111,16,4,0.9913914785017571,0.031127200906217997
43006,h_plus_total_variance,530,0,111,1,1,0.7072400146244858,0.12632971280685498
43006,h_plus_total_variance,530,0,111,4,3,0.6615244810119427,0.06564648407235145
43006,h_plus_total_variance,530,0,111,8,3,0.6615244810119427,0.06564648407235145
43006,h_plus_total_variance,530,0,111,16,3,0.6615244810119427,0.06564648407235145
43006,h_plus_total_variance,534,0,111,1,1,0.6666095774597156,0.06472509075945485
43006,h_plus_total_variance,534,0,111,4,4,0.8332826500199468,0.040508491325100815
43006,h_plus_total_variance,534,0,111,8,8,0.8630249879083166,0.05888503481793935
43006,h_plus_total_variance,534,0,111,16,11,0.8495702350830583,0.0534831319429838
43006,h_plus_total_variance,546,0,111,1,1,1.4882098123652094,0.09470554762653456
43006,h_plus_total_variance,546,0,111,4,4,0.9057945285975334,0.04383944195473996
43006,h_plus_total_variance,546,0,111,8,8,1.0113441766638471,0.08287843085509765
43006,h_plus_total_variance,546,0,111,16,16,0.9699826869541691,0.1991246322992616
43006,h_plus_total_variance,563,0,111,1,1,0.5645344887818713,0.2809718100974279
43006,h_plus_total_variance,563,0,111,4,4,0.7942233892034192,0.11896238300114556
43006,h_plus_total_variance,563,0,111,8,8,0.7521124996835526,0.0822026001543314
43006,h_plus_total_variance,563,0,111,16,15,0.6888624601886195,0.04774255979219604
43006,h_plus_total_variance,580,0,110,1,1,0.42764579234396705,0.0024431674820156206
43006,h_plus_total_variance,580,0,110,4,4,0.42252888600005856,0.0056706262883856615
43006,h_plus_total_variance,580,0,110,8,8,0.3654474843781689,0.007100500527147698
43006,h_plus_total_variance,580,0,110,16,8,0.3654474843781689,0.007100500527147698
43006,h_plus_total_variance,589,0,110,1,1,0.32136818584217264,0.011288208845543077
43006,h_plus_total_variance,589,0,110,4,4,0.328992893432706,0.008044839130121237
43006,h_plus_total_variance,589,0,110,8,8,0.24768756597483046,0.010059773337444455
43006,h_plus_total_variance,589,0,110,16,16,0.19768968809462398,0.008678566326207325
43006,h_plus_total_variance,618,0,110,1,1,-0.16810386480171383,0.006339198652582328
43006,h_plus_total_variance,618,0,110,4,4,-0.08688262674673074,0.004335790848570242
43006,h_plus_total_variance,618,0,110,8,8,-0.05680390362128785,0.00850310226573732
43006,h_plus_total_variance,618,0,110,16,16,-0.10522736097227117,0.007657150981181551
43006,h_plus_total_variance,645,0,110,1,1,-0.019488915488227745,0.0018450076381615957
43006,h_plus_total_variance,645,0,110,4,4,0.7207878476227012,0.03321346816346935
43006,h_plus_total_variance,645,0,110,8,5,0.5432603177151121,0.027001588340878464
43006,h_plus_total_variance,645,0,110,16,5,0.5432603177151121,0.027001588340878464
43006,h_plus_total_variance,651,0,110,1,1,0.8253861032003481,0.0015260700533276156
43006,h_plus_total_variance,651,0,110,4,4,0.2854927847339841,0.0100790131800534
43006,h_plus_total_variance,651,0,110,8,6,0.48829053831399666,0.007035870867866868
43006,h_plus_total_variance,651,0,110,16,6,0.48829053831399666,0.007035870867866868
43006,h_plus_total_variance,658,0,110,1,1,-0.3363063759420442,0.0029064088941665196
43006,h_plus_total_variance,658,0,110,4,3,0.1788948838752812,0.005722622650545989
43006,h_plus_total_variance,658,0,110,8,3,0.1788948838752812,0.005722622650545989
43006,h_plus_total_variance,658,0,110,16,3,0.1788948838752812,0.005722622650545989
43006,h_plus_total_variance,662,0,110,1,1,0.8803827079252042,0.0017325768256721463
43006,h_plus_total_variance,662,0,110,4,4,0.22763845683422038,0.002764830332135846
43006,h_plus_total_variance,662,0,110,8,8,-0.0322011635778677,0.005454478872170321
43006,h_plus_total_variance,662,0,110,16,10,-0.052154323772981716,0.006392093852802273
43006,h_plus_total_variance,673,0,110,1,1,-0.40506406832424235,3.8829155827613004e-05
43006,h_plus_total_variance,673,0,110,4,4,-0.4183039184089794,0.002227827708027155
43006,h_plus_total_variance,673,0,110,8,8,-0.290599116539072,0.00494679949676627
43006,h_plus_total_variance,673,0,110,16,16,-0.13860339246248654,0.006804280870468681
43006,h_plus_total_variance,714,0,110,1,1,-0.5225062332489763,0.00339495534171609
43006,h_plus_total_variance,714,0,110,4,3,-0.4937646778148986,0.0017966735557613384
43006,h_plus_total_variance,714,0,110,8,3,-0.4937646778148986,0.0017966735557613384
43006,h_plus_total_variance,714,0,110,16,3,-0.4937646778148986,0.0017966735557613384
43006,h_plus_total_variance,718,0,110,1,1,-0.5948662693062319,7.70376300016066e-05
43006,h_plus_total_variance,718,0,110,4,4,-0.5861173414235779,0.007662247125272713
43006,h_plus_total_variance,718,0,110,8,8,0.6210580105279969,0.005694954434597976
43006,h_plus_total_variance,718,0,110,16,16,0.2544548308424651,0.004533989239045245
43006,h_plus_total_variance,759,0,110,1,1,-0.29805643124386355,0.0010706311085912348
43006,h_plus_total_variance,759,0,110,4,2,-0.02967680488217575,0.004761499628303167
43006,h_plus_total_variance,759,0,110,8,2,-0.02967680488217575,0.004761499628303167
43006,h_plus_total_variance,759,0,110,16,2,-0.02967680488217575,0.004761499628303167
43006,h_plus_total_variance,762,0,110,1,1,-0.356259875828683,0.013716945804229864
43006,h_plus_total_variance,762,0,110,4,4,-0.16245225511520606,0.008869061482281494
43006,h_plus_total_variance,762,0,110,8,8,-0.22319819893793857,0.006548424622976875
43006,h_plus_total_variance,762,0,110,16,15,-0.22418867133787554,0.007262950913440884
43006,h_plus_total_variance,778,0,110,1,1,-0.4476168257646068,0.006539260653484518
43006,h_plus_total_variance,778,0,110,4,4,-0.23592484147516862,0.005348009339191339
43006,h_plus_total_variance,778,0,110,8,8,-0.11408035089537827,0.007418686255391648
43006,h_plus_total_variance,778,0,110,16,11,-0.1844348617853543,0.006666016624795248
43006,h_plus_total_variance,790,0,110,1,1,-0.27628343862314847,0.005351128888597301
43006,h_plus_total_variance,790,0,110,4,1,-0.27628343862314847,0.005351128888597301
43006,h_plus_total_variance,790,0,110,8,1,-0.27628343862314847,0.005351128888597301
43006,h_plus_total_variance,790,0,110,16,1,-0.27628343862314847,0.005351128888597301
43006,h_plus_total_variance,792,0,110,1,1,2.83234532424757,0.0034493906052767997
43006,h_plus_total_variance,792,0,110,4,4,0.7645534220610664,0.012433463457456684
43006,h_plus_total_variance,792,0,110,8,8,0.4699641947733305,0.006386378217548216
43006,h_plus_total_variance,792,0,110,16,16,0.8503807809688376,0.048478252603811674
43006,h_plus_total_variance,989,0,110,1,1,0.6850873632857474,0.01807633020341225
43006,h_plus_total_variance,989,0,110,4,4,0.09103356666794793,0.007609681998694351
43006,h_plus_total_variance,989,0,110,8,6,0.19851217617198455,0.008304333384739909
43006,h_plus_total_variance,989,0,110,16,6,0.19851217617198455,0.008304333384739909
43006,h_plus_total_variance,996,0,110,1,1,0.022248989050671943,3.093579377621661e-05
43006,h_plus_total_variance,996,0,110,4,4,0.30635062749538633,0.01533652685209728
43006,h_plus_total_variance,996,0,110,8,5,0.2159174060473547,0.01274202227488821
43006,h_plus_total_variance,996,0,110,16,5,0.2159174060473547,0.01274202227488821
43006,h_plus_total_variance,1002,0,110,1,1,-0.07580836451158926,0.0011950638734120474
43006,h_plus_total_variance,1002,0,110,4,4,0.10997293856556317,0.0008193492217931117
43006,h_plus_total_variance,1002,0,110,8,7,0.053653143817089,0.003881630489115159
43006,h_plus_total_variance,1002,0,110,16,7,0.053653143817089,0.003881630489115159
43006,h_plus_total_variance,1010,0,110,1,1,-0.22910057887910149,0.009013513596060353
43006,h_plus_total_variance,1010,0,110,4,4,0.025425404142967435,0.006329697682441174
43006,h_plus_total_variance,1010,0,110,8,5,-0.003714928980792673,0.007191520589250289
43006,h_plus_total_variance,1010,0,110,16,5,-0.003714928980792673,0.007191520589250289
43006,h_plus_total_variance,1016,0,110,1,1,-0.1699893153896732,0.003624267519715679
43006,h_plus_total_variance,1016,0,110,4,4,-0.18605758889730117,0.004682233354823465
43006,h_plus_total_variance,1016,0,110,8,4,-0.18605758889730117,0.004682233354823465
43006,h_plus_total_variance,1016,0,110,16,4,-0.18605758889730117,0.004682233354823465
43006,h_plus_total_variance,1021,0,110,1,1,-0.27360169654821365,0.00762368221001219
43006,h_plus_total_variance,1021,0,110,4,4,-0.14307451023249745,0.0445158360383658
43006,h_plus_total_variance,1021,0,110,8,7,-0.055207147653324525,0.04396654053511468
43006,h_plus_total_variance,1021,0,110,16,7,-0.055207147653324525,0.04396654053511468
43006,h_plus_total_variance,1029,0,111,1,1,2.7986433551073957,0.013391020523766782
43006,h_plus_total_variance,1029,0,111,4,3,2.1248546696860804,0.05379269117324569
43006,h_plus_total_variance,1029,0,111,8,3,2.1248546696860804,0.05379269117324569
43006,h_plus_total_variance,1029,0,111,16,3,2.1248546696860804,0.05379269117324569
43006,h_plus_total_variance,1033,0,111,1,1,3.050019605063327,0.129512113256748
43006,h_plus_total_variance,1033,0,111,4,3,2.987543949557774,0.589391996654599
43006,h_plus_total_variance,1033,0,111,8,3,2.987543949557774,0.589391996654599
43006,h_plus_total_variance,1033,0,111,16,3,2.987543949557774,0.589391996654599
43006,h_plus_total_variance,1037,0,111,1,1,1.4281758706635113,0.3123589988679249
43006,h_plus_total_variance,1037,0,111,4,4,1.792004980708113,0.38411411506688076
43006,h_plus_total_variance,1037,0,111,8,8,1.2949181984919125,0.21569228785104227
43006,h_plus_total_variance,1037,0,111,16,16,0.8727526700377988,0.13526876368191415
43006,h_plus_total_variance,1074,0,111,1,1,0.26722039179360996,0.00025484565284403563
43006,h_plus_total_variance,1074,0,111,4,4,0.3895740775979848,0.05087636250272155
43006,h_plus_total_variance,1074,0,111,8,8,0.6188672469737937,0.03735803983716025
43006,h_plus_total_variance,1074,0,111,16,8,0.6188672469737937,0.03735803983716025
43006,h_plus_total_variance,1084,0,111,1,1,0.8528116348231927,0.3429521690320333
43006,h_plus_total_variance,1084,0,111,4,4,0.5886187204743192,0.17006072483006662
43006,h_plus_total_variance,1084,0,111,8,8,0.8622446790994907,0.11790492963885127
43006,h_plus_total_variance,1084,0,111,16,16,1.0486649452481018,0.1372466540931505
43006,h_plus_total_variance,1112,0,111,1,1,0.5544032454025873,0.001073802425714504
43006,h_plus_total_variance,1112,0,111,4,1,0.5544032454025873,0.001073802425714504
43006,h_plus_total_variance,1112,0,111,8,1,0.5544032454025873,0.001073802425714504
43006,h_plus_total_variance,1112,0,111,16,1,0.5544032454025873,0.001073802425714504
43006,h_plus_total_variance,1114,0,111,1,1,1.2293096986273822,0.000275372394827458
43006,h_plus_total_variance,1114,0,111,4,4,1.183236472623445,0.1645237040500648
43006,h_plus_total_variance,1114,0,111,8,8,0.95390876562329,0.10133028916030527
43006,h_plus_total_variance,1114,0,111,16,16,0.8576093120606962,0.09932632130646979
43006,h_plus_total_variance,1143,0,111,1,1,3.1775130206788336,0.13331444633678224
43006,h_plus_total_variance,1143,0,111,4,4,1.1285368597276364,0.1341808134515189
43006,h_plus_total_variance,1143,0,111,8,8,0.784365063684846,0.07583633422633809
43006,h_plus_total_variance,1143,0,111,16,8,0.784365063684846,0.07583633422633809
43006,h_plus_total_variance,1166,1,111,1,1,0.3837320429006154,0.4632869807609917
43006,h_plus_total_variance,1166,1,111,4,4,0.6749333689983908,0.15585690732740298
43006,h_plus_total_variance,1166,1,111,8,8,0.5230156016103504,0.122226267555475
43006,h_plus_total_variance,1166,1,111,16,16,0.49463517355823483,0.08984142020109573
43006,h_plus_total_variance,1223,1,101,1,1,0.6016587759740298,0.06672453686041666
43006,h_plus_total_variance,1223,1,101,4,4,0.6641151857213645,0.13520111471677249
43006,h_plus_total_variance,1223,1,101,8,8,0.6042767533649325,0.24670592795914856
43006,h_plus_total_variance,1223,1,101,16,8,0.6042767533649325,0.24670592795914856
43006,h_plus_total_variance,1232,1,101,1,1,1.4951519517739709,0.03532669433883941
43006,h_plus_total_variance,1232,1,101,4,4,1.4910693850184482,0.10381908877527457
43006,h_plus_total_variance,1232,1,101,8,8,1.0776544409479087,0.09018900485280039
43006,h_plus_total_variance,1232,1,101,16,16,1.0713587385194336,0.09951555988458038
43006,h_plus_total_variance,1249,1,101,1,1,0.9706220453160939,0.17820249971631263
43006,h_plus_total_variance,1249,1,101,4,4,0.966961848069616,0.1277386517426082
43006,h_plus_total_variance,1249,1,101,8,8,0.7622557145203127,0.07573980635614379
43006,h_plus_total_variance,1249,1,101,16,16,0.7413189289121176,0.07234310836871316
43006,h_plus_total_variance,1320,1,101,1,1,1.3519791670837327,0.001177355459065924
43006,h_plus_total_variance,1320,1,101,4,4,0.5796784415420055,0.017541024175966792
43006,h_plus_total_variance,1320,1,101,8,5,0.5157201298915959,0.020730025455977637
43006,h_plus_total_variance,1320,1,101,16,5,0.5157201298915959,0.020730025455977637
43006,h_plus_total_variance,1326,1,101,1,1,0.21808408624265382,0.14879406450718502
43006,h_plus_total_variance,1326,1,101,4,1,0.21808408624265382,0.14879406450718502
43006,h_plus_total_variance,1326,1,101,8,1,0.21808408624265382,0.14879406450718502
43006,h_plus_total_variance,1326,1,101,16,1,0.21808408624265382,0.14879406450718502
43006,h_plus_total_variance,1328,1,101,1,1,0.19312168834117585,0.05178730572639718
43006,h_plus_total_variance,1328,1,101,4,4,0.15110316455174355,0.026832536658240272
43006,h_plus_total_variance,1328,1,101,8,8,0.2509544383999783,0.03347678831899591
43006,h_plus_total_variance,1328,1,101,16,10,0.38575979756167583,0.03984663160555885
43006,h_plus_total_variance,1340,1,101,1,1,0.8183032439503015,0.15130053165137106
43006,h_plus_total_variance,1340,1,101,4,4,1.6020985013006404,0.37446077532414457
43006,h_plus_total_variance,1340,1,101,8,8,1.0153674782596953,0.24243287622897153
43006,h_plus_total_variance,1340,1,101,16,16,1.002505153389017,0.20904903005037503
43006,h_plus_total_variance,1449,1,111,1,1,1.939498667716799,0.023321700439944158
43006,h_plus_total_variance,1449,1,111,4,4,1.8807972976510707,0.43211693485313285
43006,h_plus_total_variance,1449,1,111,8,8,1.2918172976690974,0.24345585428528407
43006,h_plus_total_variance,1449,1,111,16,16,1.0799462067767194,0.164919069191389
43006,h_plus_total_variance,1466,1,111,1,1,0.6369875376917852,0.4023124941612243
43006,h_plus_total_variance,1466,1,111,4,4,0.9172099616598425,0.1357568722821917
43006,h_plus_total_variance,1466,1,111,8,8,0.851696357073316,0.13476678537794423
43006,h_plus_total_variance,1466,1,111,16,16,0.9185215041866619,0.12393079386911665
43006,h_plus_total_variance,1534,1,111,1,1,0.5511983821448903,0.19132299136516584
43006,h_plus_total_variance,1534,1,111,4,4,0.5290121415154729,0.0747298825927524
43006,h_plus_total_variance,1534,1,111,8,8,0.777101657687844,0.07189068096358396
43006,h_plus_total_variance,1534,1,111,16,13,0.7043813197987521,0.051510572742028055
43006,h_plus_total_variance,1548,1,101,1,1,1.0053361292187601,4.999476269234855e-06
43006,h_plus_total_variance,1548,1,101,4,4,0.5751025327108849,0.061216821162897755
43006,h_plus_total_variance,1548,1,101,8,8,1.0289117528757832,0.10132456731937124
43006,h_plus_total_variance,1548,1,101,16,14,0.775518508761614,0.08027191184872913
43006,h_plus_total_variance,1563,1,101,1,1,0.3025831131024138,0.06441674055471579
43006,h_plus_total_variance,1563,1,101,4,4,0.4422533267200748,0.0287320532728284
43006,h_plus_total_variance,1563,1,101,8,8,0.5264668363621915,0.03588201052651388
43006,h_plus_total_variance,1563,1,101,16,11,0.7709511986200192,0.05642215030058262
43006,h_plus_total_variance,1575,1,101,1,1,0.3239131425552582,0.37979936886870735
43006,h_plus_total_variance,1575,1,101,4,4,0.6706795108207575,0.14410415412609054
43006,h_plus_total_variance,1575,1,101,8,8,0.5550825926236709,0.1063262211931156
43006,h_plus_total_variance,1575,1,101,16,16,0.5206941021814901,0.0629253750441794
43006,h_plus_total_variance,1686,1,110,1,1,0.1712813048943087,0.0017687417631426802
43006,h_plus_total_variance,1686,1,110,4,4,0.3483228257945274,0.006181587848505141
43006,h_plus_total_variance,1686,1,110,8,8,0.2680937449393316,0.007123836770269915
43006,h_plus_total_variance,1686,1,110,16,16,0.18215257452938155,0.006030519941126622
43006,h_plus_total_variance,1741,1,101,1,1,3.603001151005384,0.12987860289881092
43006,h_plus_total_variance,1741,1,101,4,4,0.9640812535700065,0.03555869665650205
43006,h_plus_total_variance,1741,1,101,8,8,1.3803344994894045,0.22938125619490868
43006,h_plus_total_variance,1741,1,101,16,16,1.1326208993671592,0.14692112310259936
43006,h_plus_total_variance,1768,1,101,1,1,0.3438461267222978,0.003490166069591065
43006,h_plus_total_variance,1768,1,101,4,4,0.3693632806059599,0.0154513893080985
43006,h_plus_total_variance,1768,1,101,8,8,0.3378692253553005,0.03095394087555551
43006,h_plus_total_variance,1768,1,101,16,11,0.7027046466924095,0.04998101726074635
43006,h_plus_total_variance,1780,1,101,1,1,0.8210292403922432,0.009240427424814875
43006,h_plus_total_variance,1780,1,101,4,4,1.1516739515648655,0.15247213880794477
43006,h_plus_total_variance,1780,1,101,8,8,0.915142967875572,0.08172734859302029
43006,h_plus_total_variance,1780,1,101,16,9,0.8611682989052574,0.07282076536992221
43006,h_plus_total_variance,1791,1,101,1,1,0.4588252732972907,0.14452318015152057
43006,h_plus_total_variance,1791,1,101,4,4,0.5353168672818293,0.05001985169400144
43006,h_plus_total_variance,1791,1,101,8,8,0.5864119995010217,0.04588782709216653
43006,h_plus_total_variance,1791,1,101,16,13,1.2012037822512516,0.20734013340624113
43006,h_plus_total_variance,1805,1,101,1,1,0.6074360170410104,0.06213759638117678
43006,h_plus_total_variance,1805,1,101,4,4,0.9506336032129629,0.15222356869507353
43006,h_plus_total_variance,1805,1,101,8,8,0.9611988843430193,0.14537508067104923
43006,h_plus_total_variance,1805,1,101,16,9,0.9391102070837712,0.13682419679146818
43006,h_plus_total_variance,1815,1,101,1,1,1.538408250036531,0.07844587116296238
43006,h_plus_total_variance,1815,1,101,4,3,1.0778266588323868,0.14906882767953705
43006,h_plus_total_variance,1815,1,101,8,3,1.0778266588323868,0.14906882767953705
43006,h_plus_total_variance,1815,1,101,16,3,1.0778266588323868,0.14906882767953705
43006,h_plus_total_variance,1819,1,101,1,1,0.4322342348880745,0.03894231534826841
43006,h_plus_total_variance,1819,1,101,4,4,1.1059419621953017,0.08877875686348105
43006,h_plus_total_variance,1819,1,101,8,8,0.8219175661762188,0.1498197695692307
43006,h_plus_total_variance,1819,1,101,16,12,0.9621862023678993,0.14430933678019017
43006,h_plus_total_variance,1832,1,111,1,1,0.5153032600458998,0.11930228268314505
43006,h_plus_total_variance,1832,1,111,4,4,0.7599421616712256,0.05763971332233881
43006,h_plus_total_variance,1832,1,111,8,8,0.8886054226178842,0.11707927840802605
43006,h_plus_total_variance,1832,1,111,16,16,0.721593995738318,0.06500201212425882
43006,h_plus_total_variance,1861,1,111,1,1,0.8959685705896043,0.0054708330497301085
43006,h_plus_total_variance,1861,1,111,4,2,0.6834559786858445,0.06196795934775281
43006,h_plus_total_variance,1861,1,111,8,2,0.6834559786858445,0.06196795934775281
43006,h_plus_total_variance,1861,1,111,16,2,0.6834559786858445,0.06196795934775281
43006,h_plus_total_variance,1864,1,111,1,1,0.944865671125326,0.00851478676087261
43006,h_plus_total_variance,1864,1,111,4,4,0.6460521540515853,0.043672633856650614
43006,h_plus_total_variance,1864,1,111,8,8,1.1709783809467857,0.12672838141293868
43006,h_plus_total_variance,1864,1,111,16,14,1.0767993028508807,0.10128353496224095
43006,h_plus_total_variance,1879,1,111,1,1,0.8158983249745189,0.0015505303023537612
43006,h_plus_total_variance,1879,1,111,4,4,0.6692222803341865,0.0016249417715575839
43006,h_plus_total_variance,1879,1,111,8,8,0.6421311460563333,0.04476614067356119
43006,h_plus_total_variance,1879,1,111,16,16,0.8110540444291534,0.05793170153841473
43006,h_plus_total_variance,1924,1,111,1,1,0.6670998270744273,0.0009056602448042382
43006,h_plus_total_variance,1924,1,111,4,1,0.6670998270744273,0.0009056602448042382
43006,h_plus_total_variance,1924,1,111,8,1,0.6670998270744273,0.0009056602448042382
43006,h_plus_total_variance,1924,1,111,16,1,0.6670998270744273,0.0009056602448042382
43006,h_plus_total_variance,1926,1,111,1,1,0.9322994382656954,0.13552018613772845
43006,h_plus_total_variance,1926,1,111,4,4,0.9548340812908542,0.11292303852757819
43006,h_plus_total_variance,1926,1,111,8,4,0.9548340812908542,0.11292303852757819
43006,h_plus_total_variance,1926,1,111,16,4,0.9548340812908542,0.11292303852757819
43006,h_plus_total_variance,1931,1,111,1,1,0.7406224542335726,0.05903505693939019
43006,h_plus_total_variance,1931,1,111,4,3,0.6776409751045035,0.08805400264112999
43006,h_plus_total_variance,1931,1,111,8,3,0.6776409751045035,0.08805400264112999
43006,h_plus_total_variance,1931,1,111,16,3,0.6776409751045035,0.08805400264112999
43006,h_plus_total_variance,1935,1,111,1,1,1.1896499413072674,0.09428657076614959
43006,h_plus_total_variance,1935,1,111,4,4,0.7592514442055893,0.04226952549653544
43006,h_plus_total_variance,1935,1,111,8,8,0.6836608004518226,0.05352492697481342
43006,h_plus_total_variance,1935,1,111,16,16,0.864251788734379,0.06923843870883499
43006,h_plus_total_variance,1956,1,110,1,1,0.3536170520800671,0.003246183575309406
43006,h_plus_total_variance,1956,1,110,4,4,0.33686146449680093,0.004271289291098297
43006,h_plus_total_variance,1956,1,110,8,6,0.31896149584145667,0.005110606113363394
43006,h_plus_total_variance,1956,1,110,16,6,0.31896149584145667,0.005110606113363394
43006,h_plus_total_variance,1963,1,110,1,1,0.34770140308119574,0.000559244730902092
43006,h_plus_total_variance,1963,1,110,4,4,0.40471073528411067,0.004149712028131501
43006,h_plus_total_variance,1963,1,110,8,8,0.30889362100307194,0.011201339378722202
43006,h_plus_total_variance,1963,1,110,16,13,0.229798055189207,0.009737057940169457
43006,h_plus_total_variance,1977,1,110,1,1,0.5933414790363604,0.019197646592805664
43006,h_plus_total_variance,1977,1,110,4,4,0.35741856651648196,0.020627298449692424
43006,h_plus_total_variance,1977,1,110,8,8,0.20820058291364224,0.01657636341079912
43006,h_plus_total_variance,1977,1,110,16,9,0.18597798629222453,0.016000193324427488
43006,h_plus_total_variance,1987,1,110,1,1,0.0019196075832477177,0.00035592040916585855
43006,h_plus_total_variance,1987,1,110,4,4,0.07588054242293293,0.0038945691091488554
43006,h_plus_total_variance,1987,1,110,8,6,-0.015306728627819519,0.0030206303343985543
43006,h_plus_total_variance,1987,1,110,16,6,-0.015306728627819519,0.0030206303343985543
43006,h_plus_total_variance,1994,1,110,1,1,0.27768599597768634,0.037843868008001394
43006,h_plus_total_variance,1994,1,110,4,4,0.8624435222399577,0.01123890940435614
43006,h_plus_total_variance,1994,1,110,8,8,0.5962804228284184,0.008665854108345784
43006,h_plus_total_variance,1994,1,110,16,16,0.26019732721094735,0.007942604913365396
43006,h_plus_total_variance,2012,1,110,1,1,0.8401179008756549,0.0007675315241696043
43006,h_plus_total_variance,2012,1,110,4,4,0.22675167480112646,0.0006140143416585929
43006,h_plus_total_variance,2012,1,110,8,8,0.03053227367178578,0.0027332576277631637
43006,h_plus_total_variance,2012,1,110,16,11,0.04884444381762021,0.002814295839627796
43006,h_plus_total_variance,2024,1,110,1,1,0.6548485155520716,0.0008889560109534484
43006,h_plus_total_variance,2024,1,110,4,4,0.16936310077587735,0.0019331985439665104
43006,h_plus_total_variance,2024,1,110,8,8,0.06136899489460047,0.006468134054750484
43006,h_plus_total_variance,2024,1,110,16,16,-0.0004758446141537309,0.006111374267060949
43006,h_plus_total_variance,2042,1,110,1,1,-0.3687692153603679,0.005972724427566285
43006,h_plus_total_variance,2042,1,110,4,4,-0.2984129018478928,0.014246635262051551
43006,h_plus_total_variance,2042,1,110,8,8,-0.055739356577111404,0.008525116282712832
43006,h_plus_total_variance,2042,1,110,16,9,0.0054591045839406166,0.008858027708013971
43006,h_plus_total_variance,2052,1,110,1,1,-0.01117974880957232,8.231433484053345e-05
43006,h_plus_total_variance,2052,1,110,4,4,0.3159886892666989,0.00642686887365461
43006,h_plus_total_variance,2052,1,110,8,7,0.5090065532134871,0.019403131757439303
43006,h_plus_total_variance,2052,1,110,16,7,0.5090065532134871,0.019403131757439303
43006,h_plus_total_variance,2060,1,110,1,1,-0.27303644019593293,0.0196237018365691
43006,h_plus_total_variance,2060,1,110,4,1,-0.27303644019593293,0.0196237018365691
43006,h_plus_total_variance,2060,1,110,8,1,-0.27303644019593293,0.0196237018365691
43006,h_plus_total_variance,2060,1,110,16,1,-0.27303644019593293,0.0196237018365691
43006,h_plus_total_variance,2062,1,110,1,1,0.07300941156756169,0.004942396471650144
43006,h_plus_total_variance,2062,1,110,4,4,0.4773233655832739,0.012956143126706563
43006,h_plus_total_variance,2062,1,110,8,8,0.18399521765913465,0.008906814237602693
43006,h_plus_total_variance,2062,1,110,16,12,0.26920462176206905,0.00869027248557887
43006,h_plus_total_variance,2075,1,110,1,1,1.6281445853602752,0.0005868524219265486
43006,h_plus_total_variance,2075,1,110,4,4,1.1717401750683079,0.011627224214510476
43006,h_plus_total_variance,2075,1,110,8,4,1.1717401750683079,0.011627224214510476
43006,h_plus_total_variance,2075,1,110,16,4,1.1717401750683079,0.011627224214510476
43006,h_plus_total_variance,2080,1,110,1,1,0.02011312509830587,0.000355655952535472
43006,h_plus_total_variance,2080,1,110,4,4,0.15829145339392317,0.021893996057297836
43006,h_plus_total_variance,2080,1,110,8,8,0.15736806768158218,0.011609068741138958
43006,h_plus_total_variance,2080,1,110,16,16,0.004692241830675846,0.007738312985590211
43006,h_plus_total_variance,2142,1,110,1,1,-0.42929478695738676,0.0007071969897415439
43006,h_plus_total_variance,2142,1,110,4,2,1.269411165367242,0.004161110682315515
43006,h_plus_total_variance,2142,1,110,8,2,1.269411165367242,0.004161110682315515
43006,h_plus_total_variance,2142,1,110,16,2,1.269411165367242,0.004161110682315515
43006,h_plus_total_variance,2145,1,110,1,1,-0.1858026288006054,0.0004100945134588157
43006,h_plus_total_variance,2145,1,110,4,4,0.6015393729344912,0.014165080971952255
43006,h_plus_total_variance,2145,1,110,8,7,0.4060940648834145,0.008960534920225879
43006,h_plus_total_variance,2145,1,110,16,7,0.4060940648834145,0.008960534920225879
43006,h_plus_total_variance,2153,1,110,1,1,-0.2350073267628072,0.006854784620913486
43006,h_plus_total_variance,2153,1,110,4,4,0.2406693643556396,0.014357911982455942
43006,h_plus_total_variance,2153,1,110,8,5,0.14049370903899422,0.013836885312879979
43006,h_plus_total_variance,2153,1,110,16,5,0.14049370903899422,0.013836885312879979
43006,h_plus_total_variance,2159,1,110,1,1,0.8390243325097386,0.004608332292375009
43006,h_plus_total_variance,2159,1,110,4,4,0.11977505542318125,0.007149240639967256
43006,h_plus_total_variance,2159,1,110,8,8,0.11358293344757164,0.009083178954836148
43006,h_plus_total_variance,2159,1,110,16,16,0.022520987034461593,0.00967069311541132
43006,h_plus_total_variance,2194,1,011,1,1,0.2264311979305623,0.5736106215043536
43006,h_plus_total_variance,2194,1,011,4,4,0.4782356074650245,0.2132138517074914
43006,h_plus_total_variance,2194,1,011,8,8,1.331848549173418,0.2014209926715263
43006,h_plus_total_variance,2194,1,011,16,16,1.1270159074194726,0.1578744610101957
43006,h_plus_total_variance,2346,2,110,1,1,1.312973653862986,0.009355475073583234
43006,h_plus_total_variance,2346,2,110,4,4,0.2542146230794964,0.006962415113786502
43006,h_plus_total_variance,2346,2,110,8,8,0.38856127408934193,0.0053011933330582225
43006,h_plus_total_variance,2346,2,110,16,16,0.10082051492016063,0.006222980118832138
43006,h_plus_total_variance,2367,2,110,1,1,1.81201254065229,0.015751688737450763
43006,h_plus_total_variance,2367,2,110,4,4,0.47532717273608927,0.020746994158684154
43006,h_plus_total_variance,2367,2,110,8,8,1.0681157791006655,0.027673173359358698
43006,h_plus_total_variance,2367,2,110,16,16,1.0344133660193302,0.04664542526472798
43006,h_plus_total_variance,2396,2,111,1,1,0.522678673339486,0.015529008670004903
43006,h_plus_total_variance,2396,2,111,4,2,0.5051361977998581,0.010688522926304027
43006,h_plus_total_variance,2396,2,111,8,2,0.5051361977998581,0.010688522926304027
43006,h_plus_total_variance,2396,2,111,16,2,0.5051361977998581,0.010688522926304027
43006,h_plus_total_variance,2400,2,111,1,1,1.027418080679446,0.06354462860825741
43006,h_plus_total_variance,2400,2,111,4,4,0.7684184187293999,0.07385558319577044
43006,h_plus_total_variance,2400,2,111,8,8,0.6724634960977514,0.056193685961384576
43006,h_plus_total_variance,2400,2,111,16,16,0.7198147568799089,0.04703799335901769
43006,h_plus_total_variance,2435,2,111,1,1,1.36636380574289,0.0034182613607600543
43006,h_plus_total_variance,2435,2,111,4,1,1.36636380574289,0.0034182613607600543
43006,h_plus_total_variance,2435,2,111,8,1,1.36636380574289,0.0034182613607600543
43006,h_plus_total_variance,2435,2,111,16,1,1.36636380574289,0.0034182613607600543
43006,h_plus_total_variance,2437,2,111,1,1,0.6542674113106905,0.07353264939256714
43006,h_plus_total_variance,2437,2,111,4,4,0.5640896305760011,0.037331155764852096
43006,h_plus_total_variance,2437,2,111,8,8,0.6486049916775132,0.022186354920766514
43006,h_plus_total_variance,2437,2,111,16,14,0.8885539216416196,0.08861423405034233
43006,h_plus_total_variance,2452,2,111,1,1,0.9507251178773672,0.10646772655496307
43006,h_plus_total_variance,2452,2,111,4,1,0.9507251178773672,0.10646772655496307
43006,h_plus_total_variance,2452,2,111,8,1,0.9507251178773672,0.10646772655496307
43006,h_plus_total_variance,2452,2,111,16,1,0.9507251178773672,0.10646772655496307
43006,h_plus_total_variance,2454,2,111,1,1,1.056427277068711,0.3224900937348882
43006,h_plus_total_variance,2454,2,111,4,3,0.9884002162675278,0.16203149460121768
43006,h_plus_total_variance,2454,2,111,8,3,0.9884002162675278,0.16203149460121768
43006,h_plus_total_variance,2454,2,111,16,3,0.9884002162675278,0.16203149460121768
43006,h_plus_total_variance,2458,2,111,1,1,0.9238625616326914,0.07700450290641167
43006,h_plus_total_variance,2458,2,111,4,4,1.3095964346610371,0.1131470485346528
43006,h_plus_total_variance,2458,2,111,8,5,1.1750779815333507,0.09102934184638038
43006,h_plus_total_variance,2458,2,111,16,5,1.1750779815333507,0.09102934184638038
43006,h_plus_total_variance,2464,2,111,1,1,0.6775393531113892,0.1902627409360827
43006,h_plus_total_variance,2464,2,111,4,1,0.6775393531113892,0.1902627409360827
43006,h_plus_total_variance,2464,2,111,8,1,0.6775393531113892,0.1902627409360827
43006,h_plus_total_variance,2464,2,111,16,1,0.6775393531113892,0.1902627409360827
43006,h_plus_total_variance,2466,2,111,1,1,0.6197243233024788,0.030059749545021688
43006,h_plus_total_variance,2466,2,111,4,4,0.6148872258580961,0.051020923585135866
43006,h_plus_total_variance,2466,2,111,8,8,0.755627947921399,0.06493561619404462
43006,h_plus_total_variance,2466,2,111,16,16,0.7315854909701541,0.04333402317290317
43006,h_plus_total_variance,2489,2,111,1,1,0.9848043717053325,0.017131486675531674
43006,h_plus_total_variance,2489,2,111,4,4,0.7029708934998401,0.1093889328091706
43006,h_plus_total_variance,2489,2,111,8,8,0.6810358427146064,0.07886463136636879
43006,h_plus_total_variance,2489,2,111,16,16,0.7309058598458316,0.06863908013525793
43006,h_plus_total_variance,2508,2,111,1,1,0.4828569362620396,0.1529778499830098
43006,h_plus_total_variance,2508,2,111,4,4,1.623158266476672,0.5239751120628411
43006,h_plus_total_variance,2508,2,111,8,7,1.3140158830051984,0.3809497830931158
43006,h_plus_total_variance,2508,2,111,16,7,1.3140158830051984,0.3809497830931158
43006,h_plus_total_variance,2516,2,111,1,1,1.033601354254967,0.26696479999527
43006,h_plus_total_variance,2516,2,111,4,4,0.9312578622484733,0.19610007952150554
43006,h_plus_total_variance,2516,2,111,8,8,0.8463592625836422,0.12762762537104919
43006,h_plus_total_variance,2516,2,111,16,8,0.8463592625836422,0.12762762537104919
43006,h_plus_total_variance,2525,2,111,1,1,1.1878892379238457,0.21920392875382172
43006,h_plus_total_variance,2525,2,111,4,4,1.0045531974951416,0.07421758966654649
43006,h_plus_total_variance,2525,2,111,8,8,0.7873708720040383,0.052556949704715666
43006,h_plus_total_variance,2525,2,111,16,8,0.7873708720040383,0.052556949704715666
43006,h_plus_total_variance,2534,2,111,1,1,0.8311671217942993,0.002053285554963862
43006,h_plus_total_variance,2534,2,111,4,3,0.6025621260856163,0.08542028997409039
43006,h_plus_total_variance,2534,2,111,8,3,0.6025621260856163,0.08542028997409039
43006,h_plus_total_variance,2534,2,111,16,3,0.6025621260856163,0.08542028997409039
43006,h_plus_total_variance,2539,2,111,1,1,0.8068579868583541,0.0007186182791000843
43006,h_plus_total_variance,2539,2,111,4,4,0.49847529413046704,0.005905504855260504
43006,h_plus_total_variance,2539,2,111,8,8,0.8680252850506603,0.035965082478382725
43006,h_plus_total_variance,2539,2,111,16,10,0.8283702008271338,0.04208678597989128
43006,h_plus_total_variance,2550,2,111,1,1,0.7873311866710405,0.3241859909680366
43006,h_plus_total_variance,2550,2,111,4,4,1.4590745505701688,0.2044950440351308
43006,h_plus_total_variance,2550,2,111,8,8,1.1592322354442866,0.14121197987033401
43006,h_plus_total_variance,2550,2,111,16,8,1.1592322354442866,0.14121197987033401
43006,h_plus_total_variance,2559,2,111,1,1,1.610661728120268,0.0647861553078332
43006,h_plus_total_variance,2559,2,111,4,4,1.0945797247509046,0.17301979898049202
43006,h_plus_total_variance,2559,2,111,8,8,0.8448535981603329,0.1202045426380668
43006,h_plus_total_variance,2559,2,111,16,16,0.9423386246730869,0.11079462858528184
43006,h_plus_total_variance,2590,2,101,1,1,0.699690587213246,0.009909182956107595
43006,h_plus_total_variance,2590,2,101,4,4,0.7779495649601385,0.06668447071219401
43006,h_plus_total_variance,2590,2,101,8,8,0.8578895037121352,0.07586660544506044
43006,h_plus_total_variance,2590,2,101,16,16,0.9541202689488626,0.09858401806669245
43006,h_plus_total_variance,2617,2,101,1,1,1.0807352931049161,0.15850197246868455
43006,h_plus_total_variance,2617,2,101,4,4,1.1004868309374995,0.0822823425389155
43006,h_plus_total_variance,2617,2,101,8,8,0.9634061246047033,0.06918045389588984
43006,h_plus_total_variance,2617,2,101,16,16,0.8396722013763711,0.10747678495892309
43006,h_plus_total_variance,2639,2,101,1,1,0.640799028247785,0.23886473894712104
43006,h_plus_total_variance,2639,2,101,4,1,0.640799028247785,0.23886473894712104
43006,h_plus_total_variance,2639,2,101,8,1,0.640799028247785,0.23886473894712104
43006,h_plus_total_variance,2639,2,101,16,1,0.640799028247785,0.23886473894712104
43006,h_plus_total_variance,2641,2,101,1,1,0.5242211420696676,0.0009448469160490995
43006,h_plus_total_variance,2641,2,101,4,4,0.6772482437863384,0.07044536831224399
43006,h_plus_total_variance,2641,2,101,8,8,0.6882761306964373,0.09087974997569435
43006,h_plus_total_variance,2641,2,101,16,16,0.9487182619347421,0.08548944081403986
43006,h_plus_total_variance,2667,2,101,1,1,1.4527253082787728,0.06567314622635789
43006,h_plus_total_variance,2667,2,101,4,3,1.1271382671749306,0.1088332791567085
43006,h_plus_total_variance,2667,2,101,8,3,1.1271382671749306,0.1088332791567085
43006,h_plus_total_variance,2667,2,101,16,3,1.1271382671749306,0.1088332791567085
43006,h_plus_total_variance,2671,2,101,1,1,0.493353652862819,0.004437850324354419
43006,h_plus_total_variance,2671,2,101,4,4,0.6069973263309594,0.03164709129702123
43006,h_plus_total_variance,2671,2,101,8,8,0.5277515815709917,0.030906682053456376
43006,h_plus_total_variance,2671,2,101,16,16,0.567224311260328,0.04644008432564539
43006,h_plus_total_variance,2795,2,011,1,1,1.1779003976726605,0.2898668972904506
43006,h_plus_total_variance,2795,2,011,4,4,0.8375645266611085,0.08681405829759561
43006,h_plus_total_variance,2795,2,011,8,8,0.9359557399155232,0.06270595981802125
43006,h_plus_total_variance,2795,2,011,16,16,0.8861303641018852,0.07655904825281896
43006,h_plus_total_variance,2820,2,110,1,1,0.5429282151427616,0.0007894396808239318
43006,h_plus_total_variance,2820,2,110,4,4,0.5498092285502664,0.003260692920666573
43006,h_plus_total_variance,2820,2,110,8,4,0.5498092285502664,0.003260692920666573
43006,h_plus_total_variance,2820,2,110,16,4,0.5498092285502664,0.003260692920666573
43006,h_plus_total_variance,2825,2,110,1,1,0.3775974309228455,2.406634626021675e-05
43006,h_plus_total_variance,2825,2,110,4,4,0.39481671508977656,0.01865970854944153
43006,h_plus_total_variance,2825,2,110,8,4,0.39481671508977656,0.01865970854944153
43006,h_plus_total_variance,2825,2,110,16,4,0.39481671508977656,0.01865970854944153
43006,h_plus_total_variance,2830,2,110,1,1,0.44588134790774187,0.0002656280119290703
43006,h_plus_total_variance,2830,2,110,4,4,0.5842232965488516,0.0062345437387880485
43006,h_plus_total_variance,2830,2,110,8,8,0.5161250146255711,0.005409750964095654
43006,h_plus_total_variance,2830,2,110,16,8,0.5161250146255711,0.005409750964095654
43006,h_plus_total_variance,2839,2,110,1,1,0.18773673024266216,0.0005455078063830777
43006,h_plus_total_variance,2839,2,110,4,1,0.18773673024266216,0.0005455078063830777
43006,h_plus_total_variance,2839,2,110,8,1,0.18773673024266216,0.0005455078063830777
43006,h_plus_total_variance,2839,2,110,16,1,0.18773673024266216,0.0005455078063830777
43006,h_plus_total_variance,2841,2,110,1,1,0.5486329840137538,0.0024999781535028696
43006,h_plus_total_variance,2841,2,110,4,4,0.26852100756441377,0.004165887515356577
43006,h_plus_total_variance,2841,2,110,8,6,0.2738266241734137,0.0046892096422643526
43006,h_plus_total_variance,2841,2,110,16,6,0.2738266241734137,0.0046892096422643526
43006,h_plus_total_variance,2848,2,110,1,1,0.09586520544111247,0.01698843164553068
43006,h_plus_total_variance,2848,2,110,4,2,0.07978140002390989,0.02562882090612037
43006,h_plus_total_variance,2848,2,110,8,2,0.07978140002390989,0.02562882090612037
43006,h_plus_total_variance,2848,2,110,16,2,0.07978140002390989,0.02562882090612037
43006,h_plus_total_variance,2851,2,110,1,1,0.178389926555343,0.0019414585837769485
43006,h_plus_total_variance,2851,2,110,4,4,0.4544536438870562,0.019902539802455092
43006,h_plus_total_variance,2851,2,110,8,6,0.3492056775734324,0.01547980107070708
43006,h_plus_total_variance,2851,2,110,16,6,0.3492056775734324,0.01547980107070708
43006,h_plus_total_variance,2858,2,110,1,1,0.0931747001117233,0.009464490626411547
43006,h_plus_total_variance,2858,2,110,4,4,0.039764074956229814,0.007422130163983829
43006,h_plus_total_variance,2858,2,110,8,8,0.12049322837162116,0.009782765636518946
43006,h_plus_total_variance,2858,2,110,16,15,0.2279105621698386,0.01301217685316436
43006,h_plus_total_variance,2875,2,110,1,1,0.12293773097263547,3.888566682638076e-06
43006,h_plus_total_variance,2875,2,110,4,1,0.12293773097263547,3.888566682638076e-06
43006,h_plus_total_variance,2875,2,110,8,1,0.12293773097263547,3.888566682638076e-06
43006,h_plus_total_variance,2875,2,110,16,1,0.12293773097263547,3.888566682638076e-06
43006,h_plus_total_variance,2877,2,110,1,1,-0.12024342144354544,0.009140160337463902
43006,h_plus_total_variance,2877,2,110,4,4,0.01680060869670786,0.008958944166950367
43006,h_plus_total_variance,2877,2,110,8,8,-0.03958104300251199,0.006224865846134392
43006,h_plus_total_variance,2877,2,110,16,16,-0.11408037003907401,0.006286343011189226
43006,h_plus_total_variance,2914,2,110,1,1,0.5028813932792369,0.003341607662187526
43006,h_plus_total_variance,2914,2,110,4,4,0.7804226984172755,0.0029951356836274198
43006,h_plus_total_variance,2914,2,110,8,8,0.2727592425186598,0.0032920232588509605
43006,h_plus_total_variance,2914,2,110,16,16,0.3025708894602372,0.009333508730139677
43006,h_plus_total_variance,2959,2,110,1,1,-0.2964425636536673,1.365974618005298e-05
43006,h_plus_total_variance,2959,2,110,4,2,-0.3552191067944418,0.005851806090375184
43006,h_plus_total_variance,2959,2,110,8,2,-0.3552191067944418,0.005851806090375184
43006,h_plus_total_variance,2959,2,110,16,2,-0.3552191067944418,0.005851806090375184
43006,h_plus_total_variance,2962,2,110,1,1,-0.1826463528099157,0.0012281098351017109
43006,h_plus_total_variance,2962,2,110,4,4,-0.18771227967335352,0.010207388143090905
43006,h_plus_total_variance,2962,2,110,8,8,0.0640839007101722,0.016469723975606438
43006,h_plus_total_variance,2962,2,110,16,16,-0.0658768608057304,0.01057165973897789
43006,h_plus_total_variance,2982,2,110,1,1,-0.4997476165949207,0.017144221911909487
43006,h_plus_total_variance,2982,2,110,4,4,0.2962138587910741,0.008744508313680323
43006,h_plus_total_variance,2982,2,110,8,8,-0.018369953109471343,0.006654123111670572
43006,h_plus_total_variance,2982,2,110,16,16,-0.039372578995809066,0.005771325820264711
43006,h_plus_total_variance,3011,2,110,1,1,2.411255187992978,0.005101560160644197
43006,h_plus_total_variance,3011,2,110,4,4,0.4931616032186311,0.011790830430921412
43006,h_plus_total_variance,3011,2,110,8,8,0.27688924712837437,0.011061833104090878
43006,h_plus_total_variance,3011,2,110,16,16,0.18034739152118667,0.009002594744206158
43006,h_plus_total_variance,3064,2,111,1,1,2.9830095934077474,0.14838533686501534
43006,h_plus_total_variance,3064,2,111,4,4,2.1506236815204076,0.22215817430532908
43006,h_plus_total_variance,3064,2,111,8,8,1.964172892873001,0.1815651845570364
43006,h_plus_total_variance,3064,2,111,16,16,1.2815682803520754,0.12103853867749248
43006,h_plus_total_variance,3136,2,101,1,1,0.49298565272684625,0.05029726106010969
43006,h_plus_total_variance,3136,2,101,4,4,0.4647852832204269,0.061258659810389554
43006,h_plus_total_variance,3136,2,101,8,8,0.5629188149069935,0.07853591436593252
43006,h_plus_total_variance,3136,2,101,16,13,0.5741645594723535,0.08482092531577745
43006,h_plus_total_variance,3150,2,101,1,1,0.33275552117354645,0.05716908470493432
43006,h_plus_total_variance,3150,2,101,4,4,0.47183666958654563,0.02638833481747311
43006,h_plus_total_variance,3150,2,101,8,8,0.3819441310975074,0.07164391575984616
43006,h_plus_total_variance,3150,2,101,16,11,0.3580977836274419,0.060365359398120294
43006,h_plus_total_variance,3162,2,101,1,1,0.5848105640977062,0.0007411895928818623
43006,h_plus_total_variance,3162,2,101,4,4,0.32146293011896243,0.04101494462657189
43006,h_plus_total_variance,3162,2,101,8,8,0.3080786051331519,0.03705509908491603
43006,h_plus_total_variance,3162,2,101,16,8,0.3080786051331519,0.03705509908491603
43006,h_plus_total_variance,3171,2,101,1,1,1.2933059164156329,0.04275691439886916
43006,h_plus_total_variance,3171,2,101,4,4,0.7353249720265977,0.021745792605588014
43006,h_plus_total_variance,3171,2,101,8,8,0.39723695280353166,0.018320967780003854
43006,h_plus_total_variance,3171,2,101,16,16,0.44244108638681495,0.028757139815734658
43006,h_plus_total_variance,3209,2,101,1,1,0.3857185866342343,0.09835142040776651
43006,h_plus_total_variance,3209,2,101,4,4,0.5267651307766876,0.09084533625445543
43006,h_plus_total_variance,3209,2,101,8,8,0.8341128929039623,0.10725554050342932
43006,h_plus_total_variance,3209,2,101,16,16,0.9010498142624346,0.08218926072083063
43006,h_plus_total_variance,3398,2,101,1,1,1.741238184765241,0.060995428082506555
43006,h_plus_total_variance,3398,2,101,4,4,1.2155732152753331,0.07697277916522811
43006,h_plus_total_variance,3398,2,101,8,8,0.9351064300726338,0.05708740967609942
43006,h_plus_total_variance,3398,2,101,16,16,1.0483353922705883,0.11387867828729115
43006,h_plus_total_variance,3425,2,101,1,1,1.8021849705778226,0.13998035664422287
43006,h_plus_total_variance,3425,2,101,4,4,1.2361329069761522,0.12174179765386901
43006,h_plus_total_variance,3425,2,101,8,8,0.8986524408905054,0.08097293423718999
43006,h_plus_total_variance,3425,2,101,16,16,0.7779240731031974,0.08118424670994749
43006,h_plus_total_variance,3446,2,101,1,1,1.084558784652632,0.12651287646479914
43006,h_plus_total_variance,3446,2,101,4,4,0.5933349608463062,0.06813512737270641
43006,h_plus_total_variance,3446,2,101,8,8,0.48816306581653557,0.043543781081012124
43006,h_plus_total_variance,3446,2,101,16,9,0.4605292856732964,0.03945822572161207
43006,h_plus_total_variance,3474,3,101,1,1,0.5914552805911769,0.008135094377365823
43006,h_plus_total_variance,3474,3,101,4,2,0.44419872229311375,0.043094600618017176
43006,h_plus_total_variance,3474,3,101,8,2,0.44419872229311375,0.043094600618017176
43006,h_plus_total_variance,3474,3,101,16,2,0.44419872229311375,0.043094600618017176
43006,h_plus_total_variance,3477,3,101,1,1,4.5737888469662575,0.30501442678590673
43006,h_plus_total_variance,3477,3,101,4,4,1.8970625453086911,0.17123014571086964
43006,h_plus_total_variance,3477,3,101,8,8,1.3988715591258332,0.1782430997130315
43006,h_plus_total_variance,3477,3,101,16,14,1.1993934478108663,0.24814569122296296
43006,h_plus_total_variance,3492,3,101,1,1,0.9756902374532623,0.26393142593320246
43006,h_plus_total_variance,3492,3,101,4,4,1.2641030441077759,0.10162985413791643
43006,h_plus_total_variance,3492,3,101,8,8,0.9783390327845503,0.08000906829973396
43006,h_plus_total_variance,3492,3,101,16,15,0.8425180907788626,0.08382011750088111
43006,h_plus_total_variance,3508,3,101,1,1,1.1202732326520992,0.418863907958156
43006,h_plus_total_variance,3508,3,101,4,1,1.1202732326520992,0.418863907958156
43006,h_plus_total_variance,3508,3,101,8,1,1.1202732326520992,0.418863907958156
43006,h_plus_total_variance,3508,3,101,16,1,1.1202732326520992,0.418863907958156
43006,h_plus_total_variance,3510,3,101,1,1,1.1328984667140762,0.11843022402337404
43006,h_plus_total_variance,3510,3,101,4,4,0.6946080119737317,0.05117210618237211
43006,h_plus_total_variance,3510,3,101,8,8,0.5943357139159744,0.035594922823004735
43006,h_plus_total_variance,3510,3,101,16,11,0.7462632766860575,0.04325122147446822
43006,h_plus_total_variance,3522,3,101,1,1,0.48705367988113885,0.048236439176117155
43006,h_plus_total_variance,3522,3,101,4,4,0.41205704575787294,0.03202160663841429
43006,h_plus_total_variance,3522,3,101,8,8,0.5129156092115217,0.04165086519070721
43006,h_plus_total_variance,3522,3,101,16,10,0.5804763890027992,0.042787860602822754
43006,h_plus_total_variance,3533,3,101,1,1,0.3558968172620362,0.037385634062415934
43006,h_plus_total_variance,3533,3,101,4,4,0.6254735256774204,0.04126910215982402
43006,h_plus_total_variance,3533,3,101,8,8,0.5023212711918327,0.05028158052410878
43006,h_plus_total_variance,3533,3,101,16,12,0.9512162900374133,0.1296445384767748
43006,h_plus_total_variance,3546,3,101,1,1,0.5870312036773025,0.20510066340276403
43006,h_plus_total_variance,3546,3,101,4,1,0.5870312036773025,0.20510066340276403
43006,h_plus_total_variance,3546,3,101,8,1,0.5870312036773025,0.20510066340276403
43006,h_plus_total_variance,3546,3,101,16,1,0.5870312036773025,0.20510066340276403
43006,h_plus_total_variance,3548,3,101,1,1,1.194459223301377,0.03924836765234613
43006,h_plus_total_variance,3548,3,101,4,4,0.6218803308936796,0.013853104168061108
43006,h_plus_total_variance,3548,3,101,8,8,0.7477390591937145,0.0307445448965019
43006,h_plus_total_variance,3548,3,101,16,16,0.7959280516132249,0.07015230235438276
43006,h_plus_total_variance,3572,3,111,1,1,0.6979563376706938,0.028748103367565878
43006,h_plus_total_variance,3572,3,111,4,4,0.8974892628793523,0.042836465483802474
43006,h_plus_total_variance,3572,3,111,8,8,1.1809804491091949,0.10725299417651252
43006,h_plus_total_variance,3572,3,111,16,14,1.1218229858176973,0.09973342218048506
43006,h_plus_total_variance,3587,3,111,1,1,0.6877099713735166,0.010362789741726428
43006,h_plus_total_variance,3587,3,111,4,4,0.6585547528341716,0.005465318815778561
43006,h_plus_total_variance,3587,3,111,8,5,0.6776625146248512,0.007582706181234253
43006,h_plus_total_variance,3587,3,111,16,5,0.6776625146248512,0.007582706181234253
43006,h_plus_total_variance,3593,3,111,1,1,0.8025789185048787,3.921547601600747e-05
43006,h_plus_total_variance,3593,3,111,4,4,1.0423854659741376,0.0836698834645932
43006,h_plus_total_variance,3593,3,111,8,8,1.2250313226001903,0.13951130215645008
43006,h_plus_total_variance,3593,3,111,16,16,1.0112111704743416,0.16281416700026358
43006,h_plus_total_variance,3632,3,111,1,1,0.5024165246989027,0.09287237238404204
43006,h_plus_total_variance,3632,3,111,4,4,0.7381544519611045,0.03366828173742715
43006,h_plus_total_variance,3632,3,111,8,8,0.9881944509568261,0.08163509095627056
43006,h_plus_total_variance,3632,3,111,16,9,0.95121872793016,0.07303936414336536
43006,h_plus_total_variance,3642,3,111,1,1,1.4103112071499706,0.011039629305152876
43006,h_plus_total_variance,3642,3,111,4,4,1.2145277827287109,0.2086522944767461
43006,h_plus_total_variance,3642,3,111,8,7,0.9759634160793337,0.20867492840774338
43006,h_plus_total_variance,3642,3,111,16,7,0.9759634160793337,0.20867492840774338
43006,h_plus_total_variance,3650,3,111,1,1,0.7652646917868711,0.016299139220958464
43006,h_plus_total_variance,3650,3,111,4,4,1.0848359832612355,0.21502343791667033
43006,h_plus_total_variance,3650,3,111,8,8,0.8756244193968896,0.1308650311284986
43006,h_plus_total_variance,3650,3,111,16,16,0.8026131040661355,0.12621886549421119
43006,h_plus_total_variance,3692,3,110,1,1,0.41473511225695986,0.0019947669678464365
43006,h_plus_total_variance,3692,3,110,4,4,0.38088440041975435,0.005556238107683751
43006,h_plus_total_variance,3692,3,110,8,8,0.36812939628837216,0.00513625835943585
43006,h_plus_total_variance,3692,3,110,16,9,0.3583959857442448,0.009339975121389411
43006,h_plus_total_variance,3703,3,110,1,1,0.8031640979211317,0.03610891012571368
43006,h_plus_total_variance,3703,3,110,4,4,0.45456518805042345,0.030875273730203323
43006,h_plus_total_variance,3703,3,110,8,8,0.33671291615348126,0.0201065500549614
43006,h_plus_total_variance,3703,3,110,16,16,0.21722862169110954,0.013525588597480397
43006,h_plus_total_variance,3723,3,110,1,1,-0.1033940452454598,0.0007290718074096329
43006,h_plus_total_variance,3723,3,110,4,1,-0.1033940452454598,0.0007290718074096329
43006,h_plus_total_variance,3723,3,110,8,1,-0.1033940452454598,0.0007290718074096329
43006,h_plus_total_variance,3723,3,110,16,1,-0.1033940452454598,0.0007290718074096329
43006,h_plus_total_variance,3725,3,110,1,1,0.39273414391243566,0.0033961869017056566
43006,h_plus_total_variance,3725,3,110,4,4,0.04005360849689253,0.004501537890540043
43006,h_plus_total_variance,3725,3,110,8,8,-0.003130072225421523,0.004810344185830507
43006,h_plus_total_variance,3725,3,110,16,16,0.06121374073150569,0.00398881324204252
43006,h_plus_total_variance,3755,3,110,1,1,-0.39647838154991744,0.027827057367789423
43006,h_plus_total_variance,3755,3,110,4,4,0.07326484390959213,0.0077363985641768045
43006,h_plus_total_variance,3755,3,110,8,8,0.21742284122577887,0.005654194080821377
43006,h_plus_total_variance,3755,3,110,16,13,0.054880876461187014,0.006158319111159024
43006,h_plus_total_variance,3769,3,110,1,1,1.8759222648259162,0.0037870743899570316
43006,h_plus_total_variance,3769,3,110,4,4,0.2781223936278027,0.00803088642317366
43006,h_plus_total_variance,3769,3,110,8,8,0.6226584558903203,0.14798414666959675
43006,h_plus_total_variance,3769,3,110,16,16,1.758552759070807,0.15268766862186256
43006,h_plus_total_variance,3791,3,111,1,1,0.7061293660740936,0.39413692297595765
43006,h_plus_total_variance,3791,3,111,4,4,1.602636197821139,0.245848194978174
43006,h_plus_total_variance,3791,3,111,8,8,1.0290235566931507,0.1595817535637654
43006,h_plus_total_variance,3791,3,111,16,16,0.8613848126526629,0.10717313092643242
43006,h_plus_total_variance,3811,3,111,1,1,0.2292368870480522,0.10125362451631759
43006,h_plus_total_variance,3811,3,111,4,4,0.6960872936784332,0.19053105465571546
43006,h_plus_total_variance,3811,3,111,8,4,0.6960872936784332,0.19053105465571546
43006,h_plus_total_variance,3811,3,111,16,4,0.6960872936784332,0.19053105465571546
43006,h_plus_total_variance,3816,3,111,1,1,3.38208512390931,0.3199253318342703
43006,h_plus_total_variance,3816,3,111,4,4,1.7808187098448642,0.11867475507036468
43006,h_plus_total_variance,3816,3,111,8,8,1.4854262571497314,0.10377610355587391
43006,h_plus_total_variance,3816,3,111,16,12,1.1340657425336984,0.077555766507219
43006,h_plus_total_variance,3829,3,111,1,1,2.801618353138241,0.09314616259989278
43006,h_plus_total_variance,3829,3,111,4,4,1.6967489858767952,0.09310811425419917
43006,h_plus_total_variance,3829,3,111,8,8,1.5190622107788052,0.09679805793382615
43006,h_plus_total_variance,3829,3,111,16,16,1.2910566736025146,0.0941211593726496
43006,h_plus_total_variance,3858,3,101,1,1,0.6356096332672668,0.036474223289583114
43006,h_plus_total_variance,3858,3,101,4,4,0.713499221263847,0.11282886220356807
43006,h_plus_total_variance,3858,3,101,8,7,0.8719136633624414,0.1282673053879735
43006,h_plus_total_variance,3858,3,101,16,7,0.8719136633624414,0.1282673053879735
43006,h_plus_total_variance,3866,3,101,1,1,1.49744667681305,0.000417876524299827
43006,h_plus_total_variance,3866,3,101,4,4,0.7931459537836093,0.014860259783122706
43006,h_plus_total_variance,3866,3,101,8,8,0.8807180277717258,0.035264597467452766
43006,h_plus_total_variance,3866,3,101,16,16,0.8055240134834472,0.04775259521271843
43006,h_plus_total_variance,4072,3,011,1,1,0.49174210285743464,0.025646136108150617
43006,h_plus_total_variance,4072,3,011,4,4,0.8376122969381743,0.16680324165095656
43006,h_plus_total_variance,4072,3,011,8,8,0.8514014537281873,0.11034026841341428
43006,h_plus_total_variance,4072,3,011,16,16,1.1018043192111915,0.16571526949962267
43006,h_plus_total_variance,4135,3,110,1,1,0.7193346020445026,0.0048902556359191164
43006,h_plus_total_variance,4135,3,110,4,2,0.9374489056750439,0.010785205813776276
43006,h_plus_total_variance,4135,3,110,8,2,0.9374489056750439,0.010785205813776276
43006,h_plus_total_variance,4135,3,110,16,2,0.9374489056750439,0.010785205813776276
43006,h_plus_total_variance,4138,3,110,1,1,0.23717498248479088,0.0005574850452844751
43006,h_plus_total_variance,4138,3,110,4,4,0.1681901042843064,0.005660724614349119
43006,h_plus_total_variance,4138,3,110,8,5,0.14421404857606063,0.007609370588172777
43006,h_plus_total_variance,4138,3,110,16,5,0.14421404857606063,0.007609370588172777
43006,h_plus_total_variance,4144,3,110,1,1,0.1656831623992953,6.933789621706529e-06
43006,h_plus_total_variance,4144,3,110,4,4,0.10130684971703201,0.003255636309943134
43006,h_plus_total_variance,4144,3,110,8,5,0.08466026091593418,0.009817129728966126
43006,h_plus_total_variance,4144,3,110,16,5,0.08466026091593418,0.009817129728966126
43006,h_plus_total_variance,4150,3,110,1,1,-0.013004339404117743,0.0010152866390501314
43006,h_plus_total_variance,4150,3,110,4,4,0.3754241153928094,0.010215439916546967
43006,h_plus_total_variance,4150,3,110,8,8,0.3510843579128225,0.010738723902786103
43006,h_plus_total_variance,4150,3,110,16,16,0.2699566390475967,0.007618486203487984
43006,h_plus_total_variance,4181,3,110,1,1,-0.0887046975072114,0.0015634063374238229
43006,h_plus_total_variance,4181,3,110,4,4,0.1281381219540078,0.016620163667041388
43006,h_plus_total_variance,4181,3,110,8,8,0.13884736529820002,0.01379219334798519
43006,h_plus_total_variance,4181,3,110,16,11,0.1296691982523839,0.01648007740331214
43006,h_plus_total_variance,4193,3,101,1,1,2.1113180047181372,0.023090709911176326
43006,h_plus_total_variance,4193,3,101,4,4,1.081776447990193,0.059992495772966975
43006,h_plus_total_variance,4193,3,101,8,8,0.9297019032939615,0.08534129965550408
43006,h_plus_total_variance,4193,3,101,16,8,0.9297019032939615,0.08534129965550408
43006,h_plus_total_variance,4202,3,101,1,1,-0.04781852609760002,0.0006313095391679328
43006,h_plus_total_variance,4202,3,101,4,4,0.26613305057432945,0.015022852181054298
43006,h_plus_total_variance,4202,3,101,8,8,0.5085246757547673,0.07293008579460589
43006,h_plus_total_variance,4202,3,101,16,16,0.7431002038826969,0.09205712206187594
43006,h_plus_total_variance,4222,3,101,1,1,0.5477354353120267,0.0354829200815194
43006,h_plus_total_variance,4222,3,101,4,4,0.4972030264265845,0.040998052588856394
43006,h_plus_total_variance,4222,3,101,8,8,0.5700429140408141,0.04792619380906786
43006,h_plus_total_variance,4222,3,101,16,16,0.6691341710536586,0.09355253483905543
43006,h_plus_total_variance,4260,3,101,1,1,0.5874745047156841,0.07078395370823917
43006,h_plus_total_variance,4260,3,101,4,4,0.6563624142345628,0.045062240200805403
43006,h_plus_total_variance,4260,3,101,8,8,0.787289368157521,0.08949430737560699
43006,h_plus_total_variance,4260,3,101,16,11,0.7530417059544564,0.07970836500334767
43006,h_plus_total_variance,4272,3,101,1,1,0.45433708403770295,0.13646267090858294
43006,h_plus_total_variance,4272,3,101,4,4,0.556482468926624,0.09945623741424903
43006,h_plus_total_variance,4272,3,101,8,8,0.7646698330385031,0.09048711176885862
43006,h_plus_total_variance,4272,3,101,16,10,0.7780207733917137,0.08699377767976076
43006,h_plus_total_variance,4283,3,101,1,1,0.8225625561043157,0.0015851077859031536
43006,h_plus_total_variance,4283,3,101,4,4,0.47229795877451575,0.0021783979250143684
43006,h_plus_total_variance,4283,3,101,8,6,0.8457943986010424,0.050549047097621876
43006,h_plus_total_variance,4283,3,101,16,6,0.8457943986010424,0.050549047097621876
43006,h_plus_total_variance,4290,3,101,1,1,0.6690501193725803,0.037521791644789894
43006,h_plus_total_variance,4290,3,101,4,4,0.6994658880203029,0.0604022068039128
43006,h_plus_total_variance,4290,3,101,8,8,0.5999742167519204,0.08901584227237896
43006,h_plus_total_variance,4290,3,101,16,15,0.8946102231806556,0.1793988689431819
43006,h_plus_total_variance,4306,3,101,1,1,2.1537382622329013,0.02225605224289879
43006,h_plus_total_variance,4306,3,101,4,4,1.0645857744479128,0.19190780469965463
43006,h_plus_total_variance,4306,3,101,8,8,0.7522876913735292,0.17962965681896895
43006,h_plus_total_variance,4306,3,101,16,10,0.6584247100167311,0.14418120399290757
43006,h_plus_total_variance,4317,3,101,1,1,1.5668286393920643,0.03513840615789583
43006,h_plus_total_variance,4317,3,101,4,4,1.1042490219757268,0.022039421886698864
43006,h_plus_total_variance,4317,3,101,8,8,0.9125760387548929,0.03032688097867138
43006,h_plus_total_variance,4317,3,101,16,16,1.0983446295849941,0.05320837030450658
43006,h_plus_total_variance,4416,3,110,1,1,0.0058032086397503705,0.028221430585926462
43006,h_plus_total_variance,4416,3,110,4,4,0.02977029045354115,0.014880685649695573
43006,h_plus_total_variance,4416,3,110,8,8,-0.008126535273640283,0.009352522679732926
43006,h_plus_total_variance,4416,3,110,16,8,-0.008126535273640283,0.009352522679732926
43006,h_plus_total_variance,4425,3,110,1,1,-0.11958239565460467,0.0057259213701052565
43006,h_plus_total_variance,4425,3,110,4,4,0.0014559439713573048,0.004337427154683106
43006,h_plus_total_variance,4425,3,110,8,8,0.021388641243677155,0.005467405109309016
43006,h_plus_total_variance,4425,3,110,16,16,-0.0438435255387527,0.006623494960676728
43006,h_plus_total_variance,4442,3,110,1,1,-0.21095414401266052,0.0014640713571450067
43006,h_plus_total_variance,4442,3,110,4,4,0.20610598953489537,0.00455045153391751
43006,h_plus_total_variance,4442,3,110,8,8,-0.054463399584371866,0.005685098622422433
43006,h_plus_total_variance,4442,3,110,16,16,-0.14676129842938168,0.004355435206549547
43006,h_plus_total_variance,4470,3,110,1,1,-0.34863577771011967,0.010163980097243062
43006,h_plus_total_variance,4470,3,110,4,4,-0.2583176391723388,0.003013630645251636
43006,h_plus_total_variance,4470,3,110,8,8,-0.14706002156936118,0.004220989849365887
43006,h_plus_total_variance,4470,3,110,16,14,-0.19296972428939405,0.003119862055698705
43006,h_plus_total_variance,4485,3,110,1,1,-0.1587788912948734,0.008615308733697804
43006,h_plus_total_variance,4485,3,110,4,4,-0.03311483494519504,0.01512803028896187
43006,h_plus_total_variance,4485,3,110,8,8,-0.0835783447656082,0.0107854386478911
43006,h_plus_total_variance,4485,3,110,16,16,0.45474970061019815,0.012964043093827631
43006,h_plus_total_variance,4518,3,111,1,1,0.03817677231703438,0.01257355113134387
43006,h_plus_total_variance,4518,3,111,4,3,0.7358016081451817,0.1151844711847827
43006,h_plus_total_variance,4518,3,111,8,3,0.7358016081451817,0.1151844711847827
43006,h_plus_total_variance,4518,3,111,16,3,0.7358016081451817,0.1151844711847827
43006,h_plus_total_variance,4522,3,111,1,1,0.9815490382997011,0.09593146400957263
43006,h_plus_total_variance,4522,3,111,4,4,0.3978733314717637,0.052677537387083834
43006,h_plus_total_variance,4522,3,111,8,5,0.4009714746945347,0.12635553337800404
43006,h_plus_total_variance,4522,3,111,16,5,0.4009714746945347,0.12635553337800404
43006,h_plus_total_variance,4528,3,111,1,1,2.8031301531116544,0.08247795421267291
43006,h_plus_total_variance,4528,3,111,4,4,1.653654132095668,0.06549079988958657
43006,h_plus_total_variance,4528,3,111,8,8,1.2746322002777344,0.11976045282636155
43006,h_plus_total_variance,4528,3,111,16,16,1.2861983405765203,0.17314894058891395
43006,h_plus_total_variance,4549,3,111,1,1,0.4581702956123908,0.029563368838092286
43006,h_plus_total_variance,4549,3,111,4,2,0.41576575828160717,0.014782066670531707
43006,h_plus_total_variance,4549,3,111,8,2,0.41576575828160717,0.014782066670531707
43006,h_plus_total_variance,4549,3,111,16,2,0.41576575828160717,0.014782066670531707
43006,h_plus_total_variance,4552,3,111,1,1,1.5140745461989018,0.006010307197025794
43006,h_plus_total_variance,4552,3,111,4,1,1.5140745461989018,0.006010307197025794
43006,h_plus_total_variance,4552,3,111,8,1,1.5140745461989018,0.006010307197025794
43006,h_plus_total_variance,4552,3,111,16,1,1.5140745461989018,0.006010307197025794
43006,h_plus_total_variance,4554,3,111,1,1,1.029593610010934,0.0007122627108111579
43006,h_plus_total_variance,4554,3,111,4,4,0.9866863834123615,0.07843950893498562
43006,h_plus_total_variance,4554,3,111,8,8,1.1881868262002366,0.09446639632530723
43006,h_plus_total_variance,4554,3,111,16,16,1.0928565360175235,0.07631532372188064
43006,h_plus_total_variance,4573,3,111,1,1,1.393213154246658,0.004971819192443775
43006,h_plus_total_variance,4573,3,111,4,4,1.1245251484104228,0.049677264634915425
43006,h_plus_total_variance,4573,3,111,8,8,0.8450322352402654,0.059986979698102946
43006,h_plus_total_variance,4573,3,111,16,16,0.8658347540828764,0.04996533522204823
43006,h_plus_total_variance,4591,3,111,1,1,2.2871394600540698,0.15935169380213338
43006,h_plus_total_variance,4591,3,111,4,4,0.852026584585531,0.07426967901369216
43006,h_plus_total_variance,4591,3,111,8,5,0.8326808842190255,0.062174821339301856
43006,h_plus_total_variance,4591,3,111,16,5,0.8326808842190255,0.062174821339301856
43006,h_plus_total_variance,4597,3,111,1,1,2.3217311806537437,0.22311556045522196
43006,h_plus_total_variance,4597,3,111,4,4,1.4402409086355232,0.22102205916855994
43006,h_plus_total_variance,4597,3,111,8,8,1.1433632541524585,0.12569360811445798
43006,h_plus_total_variance,4597,3,111,16,8,1.1433632541524585,0.12569360811445798
43006,h_plus_total_variance,4606,3,111,1,1,0.46003933826606136,0.05980013954456722
43006,h_plus_total_variance,4606,3,111,4,1,0.46003933826606136,0.05980013954456722
43006,h_plus_total_variance,4606,3,111,8,1,0.46003933826606136,0.05980013954456722
43006,h_plus_total_variance,4606,3,111,16,1,0.46003933826606136,0.05980013954456722
43006,generator_supported_seen_mode_imm,58,0,011,1,1,1.2897459044972268,0.0788791141766128
43006,generator_supported_seen_mode_imm,58,0,011,4,4,0.5777962622955084,0.02668037547579527
43006,generator_supported_seen_mode_imm,58,0,011,8,8,0.5469742785375157,0.0391361234082384
43006,generator_supported_seen_mode_imm,58,0,011,16,16,0.8361801259826667,0.032901755213402314
43006,generator_supported_seen_mode_imm,141,0,101,1,1,0.46132519523651494,0.0757437679044879
43006,generator_supported_seen_mode_imm,141,0,101,4,4,0.29723318540795785,0.10533531137844891
43006,generator_supported_seen_mode_imm,141,0,101,8,8,0.8926190295870728,0.12877509228288664
43006,generator_supported_seen_mode_imm,141,0,101,16,14,0.6848795212039257,0.10643986858462993
43006,generator_supported_seen_mode_imm,156,0,101,1,1,4.993935082161092,0.09505497364613785
43006,generator_supported_seen_mode_imm,156,0,101,4,3,2.1409566111646954,0.13408025083234285
43006,generator_supported_seen_mode_imm,156,0,101,8,3,2.1409566111646954,0.13408025083234285
43006,generator_supported_seen_mode_imm,156,0,101,16,3,2.1409566111646954,0.13408025083234285
43006,generator_supported_seen_mode_imm,160,0,101,1,1,0.8772998598373183,0.16059787249261478
43006,generator_supported_seen_mode_imm,160,0,101,4,4,1.2544090090989037,0.052262091909549016
43006,generator_supported_seen_mode_imm,160,0,101,8,8,0.7325951656860732,0.045442036278689674
43006,generator_supported_seen_mode_imm,160,0,101,16,9,0.7333668645523607,0.041186347852589504
43006,generator_supported_seen_mode_imm,170,0,101,1,1,3.258275901436906,0.00037172540749374567
43006,generator_supported_seen_mode_imm,170,0,101,4,4,1.1345291217391473,0.0035579544205933916
43006,generator_supported_seen_mode_imm,170,0,101,8,8,0.9063181316643637,0.013854390699329276
43006,generator_supported_seen_mode_imm,170,0,101,16,15,0.6600704927339449,0.023523308068752337
43006,generator_supported_seen_mode_imm,186,0,101,1,1,0.08620399770086723,0.5268485321735246
43006,generator_supported_seen_mode_imm,186,0,101,4,2,2.857102366504722,0.3316460064392297
43006,generator_supported_seen_mode_imm,186,0,101,8,2,2.857102366504722,0.3316460064392297
43006,generator_supported_seen_mode_imm,186,0,101,16,2,2.857102366504722,0.3316460064392297
43006,generator_supported_seen_mode_imm,189,0,101,1,1,1.3338200477323656,0.006042393629725394
43006,generator_supported_seen_mode_imm,189,0,101,4,4,0.8081313715359731,0.046377117106374294
43006,generator_supported_seen_mode_imm,189,0,101,8,8,0.7163228472861058,0.034192046896419206
43006,generator_supported_seen_mode_imm,189,0,101,16,10,0.6495336250719999,0.0292107616311933
43006,generator_supported_seen_mode_imm,200,0,101,1,1,1.7496433164833332,0.11843642455429224
43006,generator_supported_seen_mode_imm,200,0,101,4,2,0.9191557598096247,0.10277038349135588
43006,generator_supported_seen_mode_imm,200,0,101,8,2,0.9191557598096247,0.10277038349135588
43006,generator_supported_seen_mode_imm,200,0,101,16,2,0.9191557598096247,0.10277038349135588
43006,generator_supported_seen_mode_imm,203,0,101,1,1,2.339431968940449,0.004849474826598553
43006,generator_supported_seen_mode_imm,203,0,101,4,4,0.8161174025548652,0.006291349108300265
43006,generator_supported_seen_mode_imm,203,0,101,8,8,0.6510945654776388,0.013386851287623514
43006,generator_supported_seen_mode_imm,203,0,101,16,16,0.549828753329927,0.0106438628726666
43006,generator_supported_seen_mode_imm,231,0,101,1,1,1.8717615451129346,0.14759198554388067
43006,generator_supported_seen_mode_imm,231,0,101,4,4,1.0098483291126836,0.03785265989363258
43006,generator_supported_seen_mode_imm,231,0,101,8,8,0.8075155059127177,0.020929088606582047
43006,generator_supported_seen_mode_imm,231,0,101,16,16,0.5999637099666171,0.011861171154480574
43006,generator_supported_seen_mode_imm,276,0,101,1,1,3.6563235299942027,0.2665048517233671
43006,generator_supported_seen_mode_imm,276,0,101,4,4,1.106963671840379,0.16578610030134253
43006,generator_supported_seen_mode_imm,276,0,101,8,8,1.2010079650864385,0.1170000990305955
43006,generator_supported_seen_mode_imm,276,0,101,16,9,1.190311189745891,0.10400008808673701
43006,generator_supported_seen_mode_imm,286,0,101,1,1,2.7938711270484085,0.07633434588699582
43006,generator_supported_seen_mode_imm,286,0,101,4,4,0.8331531946563933,0.0621978118764588
43006,generator_supported_seen_mode_imm,286,0,101,8,8,0.6965894511102979,0.06642914397493374
43006,generator_supported_seen_mode_imm,286,0,101,16,8,0.6965894511102979,0.06642914397493374
43006,generator_supported_seen_mode_imm,295,0,101,1,1,0.5914227654056232,0.016632508852995685
43006,generator_supported_seen_mode_imm,295,0,101,4,3,1.6995442666596805,0.06966870297303375
43006,generator_supported_seen_mode_imm,295,0,101,8,3,1.6995442666596805,0.06966870297303375
43006,generator_supported_seen_mode_imm,295,0,101,16,3,1.6995442666596805,0.06966870297303375
43006,generator_supported_seen_mode_imm,299,0,101,1,1,3.2077892243948853,0.1448688482559722
43006,generator_supported_seen_mode_imm,299,0,101,4,2,1.973509620598926,0.07987475345284299
43006,generator_supported_seen_mode_imm,299,0,101,8,2,1.973509620598926,0.07987475345284299
43006,generator_supported_seen_mode_imm,299,0,101,16,2,1.973509620598926,0.07987475345284299
43006,generator_supported_seen_mode_imm,302,0,101,1,1,0.35348287583057864,0.7677756874543404
43006,generator_supported_seen_mode_imm,302,0,101,4,2,2.649814942684018,0.5329853516899061
43006,generator_supported_seen_mode_imm,302,0,101,8,2,2.649814942684018,0.5329853516899061
43006,generator_supported_seen_mode_imm,302,0,101,16,2,2.649814942684018,0.5329853516899061
43006,generator_supported_seen_mode_imm,306,0,101,1,1,2.6449182455121845,0.049301611935067366
43006,generator_supported_seen_mode_imm,306,0,101,4,4,1.2146224893428206,0.04012869283503767
43006,generator_supported_seen_mode_imm,306,0,101,8,7,0.7045242351193286,0.023406190120520913
43006,generator_supported_seen_mode_imm,306,0,101,16,7,0.7045242351193286,0.023406190120520913
43006,generator_supported_seen_mode_imm,314,0,101,1,1,-0.6609064522310661,0.00015688955344816664
43006,generator_supported_seen_mode_imm,314,0,101,4,4,0.5242811006795436,0.054801720349303376
43006,generator_supported_seen_mode_imm,314,0,101,8,8,0.4960522966005487,0.04798225091975972
43006,generator_supported_seen_mode_imm,314,0,101,16,14,0.5004015530086915,0.03488295931169828
43006,generator_supported_seen_mode_imm,329,0,101,1,1,2.4702350881947948,9.472980292979234e-05
43006,generator_supported_seen_mode_imm,329,0,101,4,4,1.0365431275955062,0.008733827812177568
43006,generator_supported_seen_mode_imm,329,0,101,8,8,0.5614629329422989,0.004609834610815158
43006,generator_supported_seen_mode_imm,329,0,101,16,13,0.6488821495329182,0.0043920323446112585
43006,generator_supported_seen_mode_imm,343,0,101,1,1,6.558394996409012,0.8146073172657786
43006,generator_supported_seen_mode_imm,343,0,101,4,4,2.1528000536147696,0.3225174109866605
43006,generator_supported_seen_mode_imm,343,0,101,8,8,1.4649227355056285,0.1721386500595663
43006,generator_supported_seen_mode_imm,343,0,101,16,16,0.9432021256227792,0.0881139843092099
43006,generator_supported_seen_mode_imm,368,0,101,1,1,0.804098422410512,0.04917144289499407
43006,generator_supported_seen_mode_imm,368,0,101,4,4,0.35282948742435166,0.057307180570297045
43006,generator_supported_seen_mode_imm,368,0,101,8,8,0.6128407262557386,0.06433096195119975
43006,generator_supported_seen_mode_imm,368,0,101,16,13,1.0138146443299987,0.08761127922060058
43006,generator_supported_seen_mode_imm,382,0,101,1,1,1.4288530770228258,0.06625415911898168
43006,generator_supported_seen_mode_imm,382,0,101,4,4,1.1133269431017898,0.032521056127148215
43006,generator_supported_seen_mode_imm,382,0,101,8,8,0.759410559494796,0.016973182482095388
43006,generator_supported_seen_mode_imm,382,0,101,16,16,0.4926081279113383,0.010398259856238346
43006,generator_supported_seen_mode_imm,421,0,111,1,1,3.262086871087262,0.6826022202458332
43006,generator_supported_seen_mode_imm,421,0,111,4,4,3.349300091194872,0.32394696509900917
43006,generator_supported_seen_mode_imm,421,0,111,8,8,2.182514180064465,0.1854883071550829
43006,generator_supported_seen_mode_imm,421,0,111,16,9,1.9974571161946086,0.16784254664053852
43006,generator_supported_seen_mode_imm,431,0,111,1,1,1.5325880308199908,0.0034602291259963284
43006,generator_supported_seen_mode_imm,431,0,111,4,4,0.6243770544464438,0.043145261884294225
43006,generator_supported_seen_mode_imm,431,0,111,8,5,0.7026159919116586,0.04382400277723521
43006,generator_supported_seen_mode_imm,431,0,111,16,5,0.7026159919116586,0.04382400277723521
43006,generator_supported_seen_mode_imm,437,0,111,1,1,0.30769737123705776,0.02604888588886281
43006,generator_supported_seen_mode_imm,437,0,111,4,2,1.4084485200743155,0.013885423688427542
43006,generator_supported_seen_mode_imm,437,0,111,8,2,1.4084485200743155,0.013885423688427542
43006,generator_supported_seen_mode_imm,437,0,111,16,2,1.4084485200743155,0.013885423688427542
43006,generator_supported_seen_mode_imm,440,0,111,1,1,0.4487910218320189,0.20596766708561584
43006,generator_supported_seen_mode_imm,440,0,111,4,4,0.4206419227387208,0.09317680011041068
43006,generator_supported_seen_mode_imm,440,0,111,8,8,0.8336465280189396,0.06937865514160697
43006,generator_supported_seen_mode_imm,440,0,111,16,16,0.8838174917337918,0.07178833858303688
43006,generator_supported_seen_mode_imm,466,0,111,1,1,1.621358696995163,0.36420145690805455
43006,generator_supported_seen_mode_imm,466,0,111,4,4,1.118360803165448,0.294071537774955
43006,generator_supported_seen_mode_imm,466,0,111,8,8,1.7327693688647086,0.3551793930583803
43006,generator_supported_seen_mode_imm,466,0,111,16,16,1.205149961642085,0.19689895538717136
43006,generator_supported_seen_mode_imm,492,0,111,1,1,4.7133415294003465,0.006093395160773082
43006,generator_supported_seen_mode_imm,492,0,111,4,1,4.7133415294003465,0.006093395160773082
43006,generator_supported_seen_mode_imm,492,0,111,8,1,4.7133415294003465,0.006093395160773082
43006,generator_supported_seen_mode_imm,492,0,111,16,1,4.7133415294003465,0.006093395160773082
43006,generator_supported_seen_mode_imm,494,0,111,1,1,0.8358630240208228,0.0997640346714873
43006,generator_supported_seen_mode_imm,494,0,111,4,3,0.6678297193394256,0.03983903991479169
43006,generator_supported_seen_mode_imm,494,0,111,8,3,0.6678297193394256,0.03983903991479169
43006,generator_supported_seen_mode_imm,494,0,111,16,3,0.6678297193394256,0.03983903991479169
43006,generator_supported_seen_mode_imm,498,0,111,1,1,0.2602417855853185,0.004361967177364947
43006,generator_supported_seen_mode_imm,498,0,111,4,1,0.2602417855853185,0.004361967177364947
43006,generator_supported_seen_mode_imm,498,0,111,8,1,0.2602417855853185,0.004361967177364947
43006,generator_supported_seen_mode_imm,498,0,111,16,1,0.2602417855853185,0.004361967177364947
43006,generator_supported_seen_mode_imm,501,0,111,1,1,4.366578588204638,0.004695245829162718
43006,generator_supported_seen_mode_imm,501,0,111,4,4,2.8127599864301516,0.04889881889225729
43006,generator_supported_seen_mode_imm,501,0,111,8,8,1.6956745274412173,0.03753856263618337
43006,generator_supported_seen_mode_imm,501,0,111,16,8,1.6956745274412173,0.03753856263618337
43006,generator_supported_seen_mode_imm,510,0,111,1,1,2.141344272037939,0.7368033529066771
43006,generator_supported_seen_mode_imm,510,0,111,4,4,2.2243035239947466,0.3560143591974949
43006,generator_supported_seen_mode_imm,510,0,111,8,8,1.4269866306998693,0.1921625287550312
43006,generator_supported_seen_mode_imm,510,0,111,16,14,1.1376486817721818,0.11501403850397926
43006,generator_supported_seen_mode_imm,525,0,111,1,1,6.970744772924807,0.6932985192762219
43006,generator_supported_seen_mode_imm,525,0,111,4,4,2.361010080272635,0.23333302162064665
43006,generator_supported_seen_mode_imm,525,0,111,8,4,2.361010080272635,0.23333302162064665
43006,generator_supported_seen_mode_imm,525,0,111,16,4,2.361010080272635,0.23333302162064665
43006,generator_supported_seen_mode_imm,530,0,111,1,1,0.5284720205855812,0.1815709203632584
43006,generator_supported_seen_mode_imm,530,0,111,4,3,0.4918010732511718,0.140138430041677
43006,generator_supported_seen_mode_imm,530,0,111,8,3,0.4918010732511718,0.140138430041677
43006,generator_supported_seen_mode_imm,530,0,111,16,3,0.4918010732511718,0.140138430041677
43006,generator_supported_seen_mode_imm,534,0,111,1,1,0.1881960578420916,0.043161425330396096
43006,generator_supported_seen_mode_imm,534,0,111,4,4,0.9319473359818016,0.20368050352448222
43006,generator_supported_seen_mode_imm,534,0,111,8,8,0.9280910517030609,0.14151675032766953
43006,generator_supported_seen_mode_imm,534,0,111,16,11,0.7942502452091947,0.11023489576810702
43006,generator_supported_seen_mode_imm,546,0,111,1,1,0.31852719793459383,0.2170297556328393
43006,generator_supported_seen_mode_imm,546,0,111,4,4,0.5635169975823658,0.07981098732240556
43006,generator_supported_seen_mode_imm,546,0,111,8,8,0.8145339094905402,0.044589679164203526
43006,generator_supported_seen_mode_imm,546,0,111,16,16,0.7522517634748145,0.10110992649088617
43006,generator_supported_seen_mode_imm,563,0,111,1,1,0.8681177509101292,1.0167674404546312
43006,generator_supported_seen_mode_imm,563,0,111,4,4,2.23310261615491,0.7021106554956722
43006,generator_supported_seen_mode_imm,563,0,111,8,8,1.4841137867492307,0.38753460629873565
43006,generator_supported_seen_mode_imm,563,0,111,16,15,0.9564629267855712,0.22810037072093226
43006,generator_supported_seen_mode_imm,580,0,110,1,1,-0.8207272450484855,0.0022111950246326284
43006,generator_supported_seen_mode_imm,580,0,110,4,4,-0.03368220425408902,0.009928270300616071
43006,generator_supported_seen_mode_imm,580,0,110,8,8,-0.24649540348981805,0.00635044623157294
43006,generator_supported_seen_mode_imm,580,0,110,16,8,-0.24649540348981805,0.00635044623157294
43006,generator_supported_seen_mode_imm,589,0,110,1,1,-0.8193766030278122,0.005637563398318736
43006,generator_supported_seen_mode_imm,589,0,110,4,4,-0.1293164041195431,0.011045381650983772
43006,generator_supported_seen_mode_imm,589,0,110,8,8,-0.3336597785406644,0.016201301049904047
43006,generator_supported_seen_mode_imm,589,0,110,16,16,-0.021068185289829594,0.01498153579754664
43006,generator_supported_seen_mode_imm,618,0,110,1,1,-0.41150922581803173,0.005643882744659331
43006,generator_supported_seen_mode_imm,618,0,110,4,4,-0.24363155200006992,0.004977939866854214
43006,generator_supported_seen_mode_imm,618,0,110,8,8,-0.16486194429623768,0.007550228864253351
43006,generator_supported_seen_mode_imm,618,0,110,16,16,-0.20396673979830546,0.006594005200963942
43006,generator_supported_seen_mode_imm,645,0,110,1,1,0.06088365552786279,0.0008667240435933072
43006,generator_supported_seen_mode_imm,645,0,110,4,4,0.6492625349414809,0.03162952489180336
43006,generator_supported_seen_mode_imm,645,0,110,8,5,0.45818139096113963,0.025465971702550282
43006,generator_supported_seen_mode_imm,645,0,110,16,5,0.45818139096113963,0.025465971702550282
43006,generator_supported_seen_mode_imm,651,0,110,1,1,1.2256530095798412,0.0012119137078677406
43006,generator_supported_seen_mode_imm,651,0,110,4,4,0.32227367143583086,0.007096689917588894
43006,generator_supported_seen_mode_imm,651,0,110,8,6,0.44136888763658316,0.005749659475253094
43006,generator_supported_seen_mode_imm,651,0,110,16,6,0.44136888763658316,0.005749659475253094
43006,generator_supported_seen_mode_imm,658,0,110,1,1,-0.4564273857615966,0.0032033367480913807
43006,generator_supported_seen_mode_imm,658,0,110,4,3,0.11544544732481477,0.003916514205155436
43006,generator_supported_seen_mode_imm,658,0,110,8,3,0.11544544732481477,0.003916514205155436
43006,generator_supported_seen_mode_imm,658,0,110,16,3,0.11544544732481477,0.003916514205155436
43006,generator_supported_seen_mode_imm,662,0,110,1,1,0.27810831403535907,0.025595017789454177
43006,generator_supported_seen_mode_imm,662,0,110,4,4,0.07078719502290025,0.009671645515766419
43006,generator_supported_seen_mode_imm,662,0,110,8,8,-0.1064533949477211,0.008664595878197748
43006,generator_supported_seen_mode_imm,662,0,110,16,10,-0.12531100635557862,0.009035345055106099
43006,generator_supported_seen_mode_imm,673,0,110,1,1,0.25927597584977446,0.00916834147773397
43006,generator_supported_seen_mode_imm,673,0,110,4,4,-0.3687403300041132,0.004665174507491567
43006,generator_supported_seen_mode_imm,673,0,110,8,8,-0.27196915560901197,0.007246899193498092
43006,generator_supported_seen_mode_imm,673,0,110,16,16,-0.1302909667583874,0.008081989132411295
43006,generator_supported_seen_mode_imm,714,0,110,1,1,-0.6450936685207244,0.004512553192885893
43006,generator_supported_seen_mode_imm,714,0,110,4,3,-0.5481082276078046,0.0022464154961894926
43006,generator_supported_seen_mode_imm,714,0,110,8,3,-0.5481082276078046,0.0022464154961894926
43006,generator_supported_seen_mode_imm,714,0,110,16,3,-0.5481082276078046,0.0022464154961894926
43006,generator_supported_seen_mode_imm,718,0,110,1,1,-0.852877508810089,8.872133718459245e-07
43006,generator_supported_seen_mode_imm,718,0,110,4,4,-0.7852567755127574,0.012137579171944118
43006,generator_supported_seen_mode_imm,718,0,110,8,8,0.444055442763317,0.00774337936280718
43006,generator_supported_seen_mode_imm,718,0,110,16,16,0.23570143867150795,0.008351114745772052
43006,generator_supported_seen_mode_imm,759,0,110,1,1,-0.28043821571187927,0.002135694982939854
43006,generator_supported_seen_mode_imm,759,0,110,4,2,-0.017875989438464177,0.0038719853505355005
43006,generator_supported_seen_mode_imm,759,0,110,8,2,-0.017875989438464177,0.0038719853505355005
43006,generator_supported_seen_mode_imm,759,0,110,16,2,-0.017875989438464177,0.0038719853505355005
43006,generator_supported_seen_mode_imm,762,0,110,1,1,-0.4633312226478709,0.011789394463915429
43006,generator_supported_seen_mode_imm,762,0,110,4,4,-0.20202742768889473,0.007669979578545326
43006,generator_supported_seen_mode_imm,762,0,110,8,8,-0.27734338363656036,0.005783351672988426
43006,generator_supported_seen_mode_imm,762,0,110,16,15,-0.2622230026588849,0.007475660577312794
43006,generator_supported_seen_mode_imm,778,0,110,1,1,-0.477803656628053,0.006460079929518916
43006,generator_supported_seen_mode_imm,778,0,110,4,4,-0.2387111007476336,0.005493357443046471
43006,generator_supported_seen_mode_imm,778,0,110,8,8,-0.11440903187936742,0.006367262836596778
43006,generator_supported_seen_mode_imm,778,0,110,16,11,-0.17275041755855777,0.005961966602730093
43006,generator_supported_seen_mode_imm,790,0,110,1,1,-0.3000085638544703,0.00374419037926509
43006,generator_supported_seen_mode_imm,790,0,110,4,1,-0.3000085638544703,0.00374419037926509
43006,generator_supported_seen_mode_imm,790,0,110,8,1,-0.3000085638544703,0.00374419037926509
43006,generator_supported_seen_mode_imm,790,0,110,16,1,-0.3000085638544703,0.00374419037926509
43006,generator_supported_seen_mode_imm,792,0,110,1,1,4.030327700785562,0.0010896206722231924
43006,generator_supported_seen_mode_imm,792,0,110,4,4,1.2011430147019275,0.010289673196342511
43006,generator_supported_seen_mode_imm,792,0,110,8,8,0.7318274695843554,0.005895540013044995
43006,generator_supported_seen_mode_imm,792,0,110,16,16,0.8335032848256644,0.03290760144965983
43006,generator_supported_seen_mode_imm,989,0,110,1,1,0.9886400099117615,0.009684347886875552
43006,generator_supported_seen_mode_imm,989,0,110,4,4,0.07874520000699964,0.0063057212314180724
43006,generator_supported_seen_mode_imm,989,0,110,8,6,0.24531498065772353,0.007909114471307535
43006,generator_supported_seen_mode_imm,989,0,110,16,6,0.24531498065772353,0.007909114471307535
43006,generator_supported_seen_mode_imm,996,0,110,1,1,-0.12367553472318801,1.5287075902561672e-05
43006,generator_supported_seen_mode_imm,996,0,110,4,4,0.39939347908957723,0.015079065337753448
43006,generator_supported_seen_mode_imm,996,0,110,8,5,0.25116228878495983,0.012414038125940692
43006,generator_supported_seen_mode_imm,996,0,110,16,5,0.25116228878495983,0.012414038125940692
43006,generator_supported_seen_mode_imm,1002,0,110,1,1,-0.39231889202046794,0.0015437290584391112
43006,generator_supported_seen_mode_imm,1002,0,110,4,4,0.08385176528725616,0.0015802533006537439
43006,generator_supported_seen_mode_imm,1002,0,110,8,7,-0.013607205025919075,0.0053857746284501976
43006,generator_supported_seen_mode_imm,1002,0,110,16,7,-0.013607205025919075,0.0053857746284501976
43006,generator_supported_seen_mode_imm,1010,0,110,1,1,-0.3706589128670808,0.009625936577087825
43006,generator_supported_seen_mode_imm,1010,0,110,4,4,-0.0927844551272396,0.006252895171764871
43006,generator_supported_seen_mode_imm,1010,0,110,8,5,-0.13810911333015816,0.006366536951535361
43006,generator_supported_seen_mode_imm,1010,0,110,16,5,-0.13810911333015816,0.006366536951535361
43006,generator_supported_seen_mode_imm,1016,0,110,1,1,-0.4299272715877829,0.002590708881660747
43006,generator_supported_seen_mode_imm,1016,0,110,4,4,-0.38617804320937865,0.005266127820889369
43006,generator_supported_seen_mode_imm,1016,0,110,8,4,-0.38617804320937865,0.005266127820889369
43006,generator_supported_seen_mode_imm,1016,0,110,16,4,-0.38617804320937865,0.005266127820889369
43006,generator_supported_seen_mode_imm,1021,0,110,1,1,-0.6863827733419788,0.007503968914493539
43006,generator_supported_seen_mode_imm,1021,0,110,4,4,-0.26321637390062735,0.0387156288384643
43006,generator_supported_seen_mode_imm,1021,0,110,8,7,-0.12111848902565416,0.039752518344368416
43006,generator_supported_seen_mode_imm,1021,0,110,16,7,-0.12111848902565416,0.039752518344368416
43006,generator_supported_seen_mode_imm,1029,0,111,1,1,4.510478883960523,0.03390860646281194
43006,generator_supported_seen_mode_imm,1029,0,111,4,3,2.5281243342728286,0.02824026351885081
43006,generator_supported_seen_mode_imm,1029,0,111,8,3,2.5281243342728286,0.02824026351885081
43006,generator_supported_seen_mode_imm,1029,0,111,16,3,2.5281243342728286,0.02824026351885081
43006,generator_supported_seen_mode_imm,1033,0,111,1,1,5.11494243695295,0.2838481176984333
43006,generator_supported_seen_mode_imm,1033,0,111,4,3,4.073928298213357,0.35700364618646496
43006,generator_supported_seen_mode_imm,1033,0,111,8,3,4.073928298213357,0.35700364618646496
43006,generator_supported_seen_mode_imm,1033,0,111,16,3,4.073928298213357,0.35700364618646496
43006,generator_supported_seen_mode_imm,1037,0,111,1,1,1.4129832762794268,0.13127878202005808
43006,generator_supported_seen_mode_imm,1037,0,111,4,4,1.8535937415830221,0.055008487943745875
43006,generator_supported_seen_mode_imm,1037,0,111,8,8,1.1339860792122731,0.03374364298557155
43006,generator_supported_seen_mode_imm,1037,0,111,16,16,0.7181965214495691,0.03833920645296243
43006,generator_supported_seen_mode_imm,1074,0,111,1,1,0.5719687661837554,0.0057515816930373284
43006,generator_supported_seen_mode_imm,1074,0,111,4,4,0.5263254719052637,0.031792826398600926
43006,generator_supported_seen_mode_imm,1074,0,111,8,8,0.9399712660007119,0.14450316984817546
43006,generator_supported_seen_mode_imm,1074,0,111,16,8,0.9399712660007119,0.14450316984817546
43006,generator_supported_seen_mode_imm,1084,0,111,1,1,3.3421366777237007,0.260265444414584
43006,generator_supported_seen_mode_imm,1084,0,111,4,4,1.38217317122601,0.10889526867618282
43006,generator_supported_seen_mode_imm,1084,0,111,8,8,1.1509699039685122,0.06449656558582569
43006,generator_supported_seen_mode_imm,1084,0,111,16,16,1.0342227928821788,0.04835366395605535
43006,generator_supported_seen_mode_imm,1112,0,111,1,1,1.2582067198066567,0.19403462966355306
43006,generator_supported_seen_mode_imm,1112,0,111,4,1,1.2582067198066567,0.19403462966355306
43006,generator_supported_seen_mode_imm,1112,0,111,8,1,1.2582067198066567,0.19403462966355306
43006,generator_supported_seen_mode_imm,1112,0,111,16,1,1.2582067198066567,0.19403462966355306
43006,generator_supported_seen_mode_imm,1114,0,111,1,1,1.4606068850780014,0.032581071750973356
43006,generator_supported_seen_mode_imm,1114,0,111,4,4,1.2816471064203638,0.05102892140847107
43006,generator_supported_seen_mode_imm,1114,0,111,8,8,1.0093543533742224,0.04673880885655167
43006,generator_supported_seen_mode_imm,1114,0,111,16,16,0.8220863142582526,0.0450377541211313
43006,generator_supported_seen_mode_imm,1143,0,111,1,1,3.306050558054777,0.00048404412033361237
43006,generator_supported_seen_mode_imm,1143,0,111,4,4,1.1933877452520665,0.0454475587745996
43006,generator_supported_seen_mode_imm,1143,0,111,8,8,0.7184202551535188,0.03266282566924948
43006,generator_supported_seen_mode_imm,1143,0,111,16,8,0.7184202551535188,0.03266282566924948
43006,generator_supported_seen_mode_imm,1166,1,111,1,1,0.5137608677790999,0.38890723789647513
43006,generator_supported_seen_mode_imm,1166,1,111,4,4,0.8168177734515153,0.17927476145209978
43006,generator_supported_seen_mode_imm,1166,1,111,8,8,0.5593256962538669,0.10649818609005374
43006,generator_supported_seen_mode_imm,1166,1,111,16,16,0.4834217587441513,0.08455560287060401
43006,generator_supported_seen_mode_imm,1223,1,101,1,1,1.4171903621595174,0.01454916069319623
43006,generator_supported_seen_mode_imm,1223,1,101,4,4,0.8874394676721934,0.10294689324076196
43006,generator_supported_seen_mode_imm,1223,1,101,8,8,1.1754893396187966,0.0798882588937431
43006,generator_supported_seen_mode_imm,1223,1,101,16,8,1.1754893396187966,0.0798882588937431
43006,generator_supported_seen_mode_imm,1232,1,101,1,1,2.69774480889001,0.0016817504266782904
43006,generator_supported_seen_mode_imm,1232,1,101,4,4,1.5323604523948828,0.01135615709492627
43006,generator_supported_seen_mode_imm,1232,1,101,8,8,0.9455075825635184,0.016731633374156646
43006,generator_supported_seen_mode_imm,1232,1,101,16,16,0.9640769799662867,0.016426042944626157
43006,generator_supported_seen_mode_imm,1249,1,101,1,1,2.105865901653572,0.025462573119415834
43006,generator_supported_seen_mode_imm,1249,1,101,4,4,1.057837158715887,0.013662453271054711
43006,generator_supported_seen_mode_imm,1249,1,101,8,8,0.6061401352889846,0.009642620698730224
43006,generator_supported_seen_mode_imm,1249,1,101,16,16,0.5088283332718766,0.012541994075807233
43006,generator_supported_seen_mode_imm,1320,1,101,1,1,1.4478730007655327,0.014613176385216217
43006,generator_supported_seen_mode_imm,1320,1,101,4,4,0.5994435903735227,0.006955078761287961
43006,generator_supported_seen_mode_imm,1320,1,101,8,5,0.5162307229687078,0.007347935407154171
43006,generator_supported_seen_mode_imm,1320,1,101,16,5,0.5162307229687078,0.007347935407154171
43006,generator_supported_seen_mode_imm,1326,1,101,1,1,-0.17552695108803823,0.12717099441237228
43006,generator_supported_seen_mode_imm,1326,1,101,4,1,-0.17552695108803823,0.12717099441237228
43006,generator_supported_seen_mode_imm,1326,1,101,8,1,-0.17552695108803823,0.12717099441237228
43006,generator_supported_seen_mode_imm,1326,1,101,16,1,-0.17552695108803823,0.12717099441237228
43006,generator_supported_seen_mode_imm,1328,1,101,1,1,0.29428347532113375,0.10955668649910096
43006,generator_supported_seen_mode_imm,1328,1,101,4,4,0.24986246972151774,0.05303058302059105
43006,generator_supported_seen_mode_imm,1328,1,101,8,8,0.33467627613120227,0.03408888389905356
43006,generator_supported_seen_mode_imm,1328,1,101,16,10,0.39840645282567105,0.0314747616646551
43006,generator_supported_seen_mode_imm,1340,1,101,1,1,1.9293336323792891,0.056168953739297096
43006,generator_supported_seen_mode_imm,1340,1,101,4,4,1.7825748926138656,0.05059342145730599
43006,generator_supported_seen_mode_imm,1340,1,101,8,8,0.9932757818109639,0.06036315403301701
43006,generator_supported_seen_mode_imm,1340,1,101,16,16,0.8841256789464984,0.09728873034991332
43006,generator_supported_seen_mode_imm,1449,1,111,1,1,3.7719820068712697,0.15693090621312586
43006,generator_supported_seen_mode_imm,1449,1,111,4,4,2.0032624354461395,0.28657828553873255
43006,generator_supported_seen_mode_imm,1449,1,111,8,8,1.238204579123806,0.17218287463775114
43006,generator_supported_seen_mode_imm,1449,1,111,16,16,1.4223912327392072,0.14562168428358938
43006,generator_supported_seen_mode_imm,1466,1,111,1,1,0.13690695130978311,0.4602865559849064
43006,generator_supported_seen_mode_imm,1466,1,111,4,4,1.347154098252076,0.3496299035767431
43006,generator_supported_seen_mode_imm,1466,1,111,8,8,1.2489172704708076,0.1955091160078099
43006,generator_supported_seen_mode_imm,1466,1,111,16,16,1.1610091808381682,0.14634325941466075
43006,generator_supported_seen_mode_imm,1534,1,111,1,1,0.3955325476313067,0.17021423505021793
43006,generator_supported_seen_mode_imm,1534,1,111,4,4,0.2966958812682886,0.07900609157589096
43006,generator_supported_seen_mode_imm,1534,1,111,8,8,0.5057746630534132,0.051944960369976076
43006,generator_supported_seen_mode_imm,1534,1,111,16,13,0.43010394101248306,0.04223619573588348
43006,generator_supported_seen_mode_imm,1548,1,101,1,1,1.476984376314092,0.028277649554355612
43006,generator_supported_seen_mode_imm,1548,1,101,4,4,0.5350084540603229,0.04318238989105985
43006,generator_supported_seen_mode_imm,1548,1,101,8,8,0.8799107779309219,0.02256914991618982
43006,generator_supported_seen_mode_imm,1548,1,101,16,14,0.5529888300281465,0.021407677459619405
43006,generator_supported_seen_mode_imm,1563,1,101,1,1,-0.4362170011616068,0.06368010476368087
43006,generator_supported_seen_mode_imm,1563,1,101,4,4,0.3950257633174502,0.024973125158030577
43006,generator_supported_seen_mode_imm,1563,1,101,8,8,0.40865879761022816,0.019823991550916104
43006,generator_supported_seen_mode_imm,1563,1,101,16,11,0.6018541477475501,0.01595660448074386
43006,generator_supported_seen_mode_imm,1575,1,101,1,1,0.01793598538634429,0.4007680119803837
43006,generator_supported_seen_mode_imm,1575,1,101,4,4,0.7930353457137355,0.24987162771910212
43006,generator_supported_seen_mode_imm,1575,1,101,8,8,0.7784148438780805,0.13830077430363405
43006,generator_supported_seen_mode_imm,1575,1,101,16,16,0.5126798323640488,0.07057937094246092
43006,generator_supported_seen_mode_imm,1686,1,110,1,1,-0.45763104419752954,0.0023897871597703523
43006,generator_supported_seen_mode_imm,1686,1,110,4,4,0.30338739528098546,0.006754655167414698
43006,generator_supported_seen_mode_imm,1686,1,110,8,8,0.06759965966876086,0.007319572481210002
43006,generator_supported_seen_mode_imm,1686,1,110,16,16,-0.027858876430146423,0.005787526645029154
43006,generator_supported_seen_mode_imm,1741,1,101,1,1,0.8173216241500402,0.3548074576144541
43006,generator_supported_seen_mode_imm,1741,1,101,4,4,0.569945266180824,0.13473825822685787
43006,generator_supported_seen_mode_imm,1741,1,101,8,8,1.061189389487038,0.08009569032094142
43006,generator_supported_seen_mode_imm,1741,1,101,16,16,0.747021401667476,0.05067064151269727
43006,generator_supported_seen_mode_imm,1768,1,101,1,1,0.1834230366204656,0.010498877858647379
43006,generator_supported_seen_mode_imm,1768,1,101,4,4,0.1712879262880487,0.0026733789620237832
43006,generator_supported_seen_mode_imm,1768,1,101,8,8,0.18530152449423998,0.006306991593200263
43006,generator_supported_seen_mode_imm,1768,1,101,16,11,0.4557836945024744,0.006494104755754409
43006,generator_supported_seen_mode_imm,1780,1,101,1,1,0.9107864557152179,0.003300623292555141
43006,generator_supported_seen_mode_imm,1780,1,101,4,4,1.0419219788898342,0.029715892917550717
43006,generator_supported_seen_mode_imm,1780,1,101,8,8,0.663482113035377,0.037013550307710294
43006,generator_supported_seen_mode_imm,1780,1,101,16,9,0.5883912843270509,0.03321157766326886
43006,generator_supported_seen_mode_imm,1791,1,101,1,1,-0.6477976539966426,0.17058722783444513
43006,generator_supported_seen_mode_imm,1791,1,101,4,4,1.1324850204294408,0.06596115418914632
43006,generator_supported_seen_mode_imm,1791,1,101,8,8,0.8561549257006471,0.03624942996316889
43006,generator_supported_seen_mode_imm,1791,1,101,16,13,1.2017633385996116,0.040121178997180144
43006,generator_supported_seen_mode_imm,1805,1,101,1,1,0.6456175588581302,0.028179616635014716
43006,generator_supported_seen_mode_imm,1805,1,101,4,4,0.7632239907311175,0.06500243591620422
43006,generator_supported_seen_mode_imm,1805,1,101,8,8,0.8028080421495476,0.04046174742109249
43006,generator_supported_seen_mode_imm,1805,1,101,16,9,0.7260161678374158,0.04040306526328416
43006,generator_supported_seen_mode_imm,1815,1,101,1,1,1.9126446253951717,0.0438094792802841
43006,generator_supported_seen_mode_imm,1815,1,101,4,3,0.8232390054024368,0.08263378183835449
43006,generator_supported_seen_mode_imm,1815,1,101,8,3,0.8232390054024368,0.08263378183835449
43006,generator_supported_seen_mode_imm,1815,1,101,16,3,0.8232390054024368,0.08263378183835449
43006,generator_supported_seen_mode_imm,1819,1,101,1,1,0.6149727253649834,0.029556844628758325
43006,generator_supported_seen_mode_imm,1819,1,101,4,4,0.9468848319558747,0.030639207993347316
43006,generator_supported_seen_mode_imm,1819,1,101,8,8,0.6147718729927636,0.11680966986623366
43006,generator_supported_seen_mode_imm,1819,1,101,16,12,0.910174576836947,0.10962416958535577
43006,generator_supported_seen_mode_imm,1832,1,111,1,1,0.3723500409468188,0.09608931577013283
43006,generator_supported_seen_mode_imm,1832,1,111,4,4,0.6309924294725217,0.026647500576706094
43006,generator_supported_seen_mode_imm,1832,1,111,8,8,0.8882494256700946,0.13187091236081921
43006,generator_supported_seen_mode_imm,1832,1,111,16,16,0.751464449991259,0.1108199536464075
43006,generator_supported_seen_mode_imm,1861,1,111,1,1,0.45175873698859703,0.01035453104931812
43006,generator_supported_seen_mode_imm,1861,1,111,4,2,0.4051388062953579,0.17723746096313264
43006,generator_supported_seen_mode_imm,1861,1,111,8,2,0.4051388062953579,0.17723746096313264
43006,generator_supported_seen_mode_imm,1861,1,111,16,2,0.4051388062953579,0.17723746096313264
43006,generator_supported_seen_mode_imm,1864,1,111,1,1,2.698797694534718,0.36574969752123004
43006,generator_supported_seen_mode_imm,1864,1,111,4,4,0.958401338066011,0.14260160603574773
43006,generator_supported_seen_mode_imm,1864,1,111,8,8,1.164520297298715,0.1661906622833497
43006,generator_supported_seen_mode_imm,1864,1,111,16,14,1.090110653657638,0.1217197897099337
43006,generator_supported_seen_mode_imm,1879,1,111,1,1,2.6297476562532394,0.4430454760336068
43006,generator_supported_seen_mode_imm,1879,1,111,4,4,2.2210097897093117,0.3523693452135289
43006,generator_supported_seen_mode_imm,1879,1,111,8,8,1.6276157730513685,0.25851999350982907
43006,generator_supported_seen_mode_imm,1879,1,111,16,16,1.3653884431800587,0.14935730197798433
43006,generator_supported_seen_mode_imm,1924,1,111,1,1,0.03074398115381871,0.0034687519204117064
43006,generator_supported_seen_mode_imm,1924,1,111,4,1,0.03074398115381871,0.0034687519204117064
43006,generator_supported_seen_mode_imm,1924,1,111,8,1,0.03074398115381871,0.0034687519204117064
43006,generator_supported_seen_mode_imm,1924,1,111,16,1,0.03074398115381871,0.0034687519204117064
43006,generator_supported_seen_mode_imm,1926,1,111,1,1,2.545446082321897,0.1923021436510068
43006,generator_supported_seen_mode_imm,1926,1,111,4,4,1.6922847645212293,0.05013329244878257
43006,generator_supported_seen_mode_imm,1926,1,111,8,4,1.6922847645212293,0.05013329244878257
43006,generator_supported_seen_mode_imm,1926,1,111,16,4,1.6922847645212293,0.05013329244878257
43006,generator_supported_seen_mode_imm,1931,1,111,1,1,0.5428432390604273,0.024217176552697107
43006,generator_supported_seen_mode_imm,1931,1,111,4,3,0.48831439309195185,0.024350377191323182
43006,generator_supported_seen_mode_imm,1931,1,111,8,3,0.48831439309195185,0.024350377191323182
43006,generator_supported_seen_mode_imm,1931,1,111,16,3,0.48831439309195185,0.024350377191323182
43006,generator_supported_seen_mode_imm,1935,1,111,1,1,1.9053338812961236,0.01275624437983434
43006,generator_supported_seen_mode_imm,1935,1,111,4,4,0.6783476281461005,0.005899684517076511
43006,generator_supported_seen_mode_imm,1935,1,111,8,8,0.44012436068649474,0.02722041837174784
43006,generator_supported_seen_mode_imm,1935,1,111,16,16,0.627428977868066,0.02833978929930899
43006,generator_supported_seen_mode_imm,1956,1,110,1,1,-0.05960032272810545,0.0024383832346207474
43006,generator_supported_seen_mode_imm,1956,1,110,4,4,-0.19089071982623346,0.0077399665106015585
43006,generator_supported_seen_mode_imm,1956,1,110,8,6,0.04344248602061571,0.015556753636690424
43006,generator_supported_seen_mode_imm,1956,1,110,16,6,0.04344248602061571,0.015556753636690424
43006,generator_supported_seen_mode_imm,1963,1,110,1,1,0.5116764066324808,0.0008408032897230384
43006,generator_supported_seen_mode_imm,1963,1,110,4,4,1.0156057625021433,0.011811757540897671
43006,generator_supported_seen_mode_imm,1963,1,110,8,8,0.437670472783206,0.014169071570463458
43006,generator_supported_seen_mode_imm,1963,1,110,16,13,0.18912228930478375,0.011518511476888862
43006,generator_supported_seen_mode_imm,1977,1,110,1,1,1.0674520796289872,0.013290344587907984
43006,generator_supported_seen_mode_imm,1977,1,110,4,4,0.454715203858196,0.015271363773014981
43006,generator_supported_seen_mode_imm,1977,1,110,8,8,0.16275450140582792,0.013837021413692698
43006,generator_supported_seen_mode_imm,1977,1,110,16,9,0.12784276882941203,0.013912118301603181
43006,generator_supported_seen_mode_imm,1987,1,110,1,1,-0.17682493480080877,0.00035424840356164004
43006,generator_supported_seen_mode_imm,1987,1,110,4,4,0.008422392994060932,0.002894266070808527
43006,generator_supported_seen_mode_imm,1987,1,110,8,6,-0.1338066711962491,0.0024738985704439893
43006,generator_supported_seen_mode_imm,1987,1,110,16,6,-0.1338066711962491,0.0024738985704439893
43006,generator_supported_seen_mode_imm,1994,1,110,1,1,0.10084545494803614,0.028129347027373432
43006,generator_supported_seen_mode_imm,1994,1,110,4,4,1.0585669415627268,0.00865808480563304
43006,generator_supported_seen_mode_imm,1994,1,110,8,8,0.7174481067218847,0.008029561293052788
43006,generator_supported_seen_mode_imm,1994,1,110,16,16,0.2243867681368413,0.007000499317626481
43006,generator_supported_seen_mode_imm,2012,1,110,1,1,1.1263079240601748,0.001973266646521341
43006,generator_supported_seen_mode_imm,2012,1,110,4,4,0.24290529947002082,0.0007832858987318813
43006,generator_supported_seen_mode_imm,2012,1,110,8,8,-0.04129648287813098,0.0024018869829568416
43006,generator_supported_seen_mode_imm,2012,1,110,16,11,-0.024132323083212833,0.0022715762598539925
43006,generator_supported_seen_mode_imm,2024,1,110,1,1,0.3302577336672723,0.013336729653005978
43006,generator_supported_seen_mode_imm,2024,1,110,4,4,0.13474440428983153,0.004934101630543896
43006,generator_supported_seen_mode_imm,2024,1,110,8,8,-0.02720595679481877,0.006303853025692898
43006,generator_supported_seen_mode_imm,2024,1,110,16,16,-0.09383890122649689,0.006159526343507134
43006,generator_supported_seen_mode_imm,2042,1,110,1,1,-0.5078260580866927,0.00608068387834846
43006,generator_supported_seen_mode_imm,2042,1,110,4,4,-0.4110030231329893,0.01283032001202196
43006,generator_supported_seen_mode_imm,2042,1,110,8,8,-0.10105785964703708,0.008521453102121712
43006,generator_supported_seen_mode_imm,2042,1,110,16,9,-0.034213109784713036,0.009475320030895178
43006,generator_supported_seen_mode_imm,2052,1,110,1,1,-0.005894017790922745,2.2650593847096885e-05
43006,generator_supported_seen_mode_imm,2052,1,110,4,4,0.3612901856503611,0.00981960886052317
43006,generator_supported_seen_mode_imm,2052,1,110,8,7,0.5699393457403401,0.021244083839224097
43006,generator_supported_seen_mode_imm,2052,1,110,16,7,0.5699393457403401,0.021244083839224097
43006,generator_supported_seen_mode_imm,2060,1,110,1,1,-0.4608464017583381,0.018062002563297166
43006,generator_supported_seen_mode_imm,2060,1,110,4,1,-0.4608464017583381,0.018062002563297166
43006,generator_supported_seen_mode_imm,2060,1,110,8,1,-0.4608464017583381,0.018062002563297166
43006,generator_supported_seen_mode_imm,2060,1,110,16,1,-0.4608464017583381,0.018062002563297166
43006,generator_supported_seen_mode_imm,2062,1,110,1,1,-0.004219420566583976,0.004277697020252612
43006,generator_supported_seen_mode_imm,2062,1,110,4,4,0.5252862951804383,0.011395132684308985
43006,generator_supported_seen_mode_imm,2062,1,110,8,8,0.1340857972590698,0.008216603069478069
43006,generator_supported_seen_mode_imm,2062,1,110,16,12,0.21953619028373775,0.008516657064237824
43006,generator_supported_seen_mode_imm,2075,1,110,1,1,2.461916206803884,1.6732558232548954e-09
43006,generator_supported_seen_mode_imm,2075,1,110,4,4,1.6847244352326638,0.012613032365597354
43006,generator_supported_seen_mode_imm,2075,1,110,8,4,1.6847244352326638,0.012613032365597354
43006,generator_supported_seen_mode_imm,2075,1,110,16,4,1.6847244352326638,0.012613032365597354
43006,generator_supported_seen_mode_imm,2080,1,110,1,1,-0.27024687153198035,0.0002207343467013258
43006,generator_supported_seen_mode_imm,2080,1,110,4,4,0.008265433556763568,0.02062694915293296
43006,generator_supported_seen_mode_imm,2080,1,110,8,8,0.006932446054976778,0.010907539233210929
43006,generator_supported_seen_mode_imm,2080,1,110,16,16,-0.14142119181175442,0.0075200252778342335
43006,generator_supported_seen_mode_imm,2142,1,110,1,1,-0.5086955637843524,0.0005028778430547577
43006,generator_supported_seen_mode_imm,2142,1,110,4,2,1.33312981753423,0.0015475993450151137
43006,generator_supported_seen_mode_imm,2142,1,110,8,2,1.33312981753423,0.0015475993450151137
43006,generator_supported_seen_mode_imm,2142,1,110,16,2,1.33312981753423,0.0015475993450151137
43006,generator_supported_seen_mode_imm,2145,1,110,1,1,-0.4472489442231345,0.001304780275872777
43006,generator_supported_seen_mode_imm,2145,1,110,4,4,0.8240464674900901,0.021617315511434802
43006,generator_supported_seen_mode_imm,2145,1,110,8,7,0.5205616973271756,0.0131532747871105
43006,generator_supported_seen_mode_imm,2145,1,110,16,7,0.5205616973271756,0.0131532747871105
43006,generator_supported_seen_mode_imm,2153,1,110,1,1,-0.7658738303703678,0.00705655973255724
43006,generator_supported_seen_mode_imm,2153,1,110,4,4,0.40096662965123503,0.01594982721220522
43006,generator_supported_seen_mode_imm,2153,1,110,8,5,0.21935810343515105,0.014987937475499213
43006,generator_supported_seen_mode_imm,2153,1,110,16,5,0.21935810343515105,0.014987937475499213
43006,generator_supported_seen_mode_imm,2159,1,110,1,1,1.4629709031278266,0.0024540652560749525
43006,generator_supported_seen_mode_imm,2159,1,110,4,4,0.1690938088154642,0.006983980061116745
43006,generator_supported_seen_mode_imm,2159,1,110,8,8,0.12743831868438615,0.008232468981850339
43006,generator_supported_seen_mode_imm,2159,1,110,16,16,-0.010516966029615202,0.008769445990595285
43006,generator_supported_seen_mode_imm,2194,1,011,1,1,0.36902181450197497,0.5875038726737675
43006,generator_supported_seen_mode_imm,2194,1,011,4,4,0.6066177570696242,0.19244837867307535
43006,generator_supported_seen_mode_imm,2194,1,011,8,8,0.7729346786871676,0.11425849306440915
43006,generator_supported_seen_mode_imm,2194,1,011,16,16,0.976844556580008,0.2296251172974026
43006,generator_supported_seen_mode_imm,2346,2,110,1,1,1.5431923311567701,0.0018527100934149982
43006,generator_supported_seen_mode_imm,2346,2,110,4,4,0.1484691408405652,0.0035000007821917208
43006,generator_supported_seen_mode_imm,2346,2,110,8,8,0.43476779676363464,0.003850471207161595
43006,generator_supported_seen_mode_imm,2346,2,110,16,16,0.07614049668894662,0.006066929556979958
43006,generator_supported_seen_mode_imm,2367,2,110,1,1,2.1913345066398136,0.024202061717470455
43006,generator_supported_seen_mode_imm,2367,2,110,4,4,0.6331763305767932,0.023685916801321694
43006,generator_supported_seen_mode_imm,2367,2,110,8,8,1.0726852829529199,0.028906970542624366
43006,generator_supported_seen_mode_imm,2367,2,110,16,16,0.7471010040995165,0.022601612125322832
43006,generator_supported_seen_mode_imm,2396,2,111,1,1,-0.20276959521565402,0.009353388896459144
43006,generator_supported_seen_mode_imm,2396,2,111,4,2,-0.45110302103660616,0.00684403095056634
43006,generator_supported_seen_mode_imm,2396,2,111,8,2,-0.45110302103660616,0.00684403095056634
43006,generator_supported_seen_mode_imm,2396,2,111,16,2,-0.45110302103660616,0.00684403095056634
43006,generator_supported_seen_mode_imm,2400,2,111,1,1,0.7530418350433155,0.04552800500751768
43006,generator_supported_seen_mode_imm,2400,2,111,4,4,1.387085754525605,0.04442641427199513
43006,generator_supported_seen_mode_imm,2400,2,111,8,8,0.8649882555368924,0.041051976491374945
43006,generator_supported_seen_mode_imm,2400,2,111,16,16,0.710641362473425,0.03664557903846056
43006,generator_supported_seen_mode_imm,2435,2,111,1,1,5.563550764398069,0.13860236685267596
43006,generator_supported_seen_mode_imm,2435,2,111,4,1,5.563550764398069,0.13860236685267596
43006,generator_supported_seen_mode_imm,2435,2,111,8,1,5.563550764398069,0.13860236685267596
43006,generator_supported_seen_mode_imm,2435,2,111,16,1,5.563550764398069,0.13860236685267596
43006,generator_supported_seen_mode_imm,2437,2,111,1,1,2.3919666752106297,0.03913673998121962
43006,generator_supported_seen_mode_imm,2437,2,111,4,4,0.5926376092506024,0.020416977218945056
43006,generator_supported_seen_mode_imm,2437,2,111,8,8,0.6756218762833757,0.01797293199223502
43006,generator_supported_seen_mode_imm,2437,2,111,16,14,0.8799353987696857,0.01681171122116219
43006,generator_supported_seen_mode_imm,2452,2,111,1,1,1.0567933756443313,0.032932381740185084
43006,generator_supported_seen_mode_imm,2452,2,111,4,1,1.0567933756443313,0.032932381740185084
43006,generator_supported_seen_mode_imm,2452,2,111,8,1,1.0567933756443313,0.032932381740185084
43006,generator_supported_seen_mode_imm,2452,2,111,16,1,1.0567933756443313,0.032932381740185084
43006,generator_supported_seen_mode_imm,2454,2,111,1,1,0.41787462250252416,0.25009295930985487
43006,generator_supported_seen_mode_imm,2454,2,111,4,3,0.5976871750384564,0.16049701224376156
43006,generator_supported_seen_mode_imm,2454,2,111,8,3,0.5976871750384564,0.16049701224376156
43006,generator_supported_seen_mode_imm,2454,2,111,16,3,0.5976871750384564,0.16049701224376156
43006,generator_supported_seen_mode_imm,2458,2,111,1,1,0.8784279297231172,0.15060441446759926
43006,generator_supported_seen_mode_imm,2458,2,111,4,4,2.0216015173893473,0.1870923079106407
43006,generator_supported_seen_mode_imm,2458,2,111,8,5,1.8785145559567276,0.1911706128967139
43006,generator_supported_seen_mode_imm,2458,2,111,16,5,1.8785145559567276,0.1911706128967139
43006,generator_supported_seen_mode_imm,2464,2,111,1,1,1.1999077521868433,0.1352999203003757
43006,generator_supported_seen_mode_imm,2464,2,111,4,1,1.1999077521868433,0.1352999203003757
43006,generator_supported_seen_mode_imm,2464,2,111,8,1,1.1999077521868433,0.1352999203003757
43006,generator_supported_seen_mode_imm,2464,2,111,16,1,1.1999077521868433,0.1352999203003757
43006,generator_supported_seen_mode_imm,2466,2,111,1,1,0.8843668583309018,0.10561562228929863
43006,generator_supported_seen_mode_imm,2466,2,111,4,4,0.6203261293342301,0.0842029061154367
43006,generator_supported_seen_mode_imm,2466,2,111,8,8,0.8582043988104958,0.045038246042508646
43006,generator_supported_seen_mode_imm,2466,2,111,16,16,0.8605452387972532,0.09713819952971645
43006,generator_supported_seen_mode_imm,2489,2,111,1,1,1.621927085647109,0.00012157033321485343
43006,generator_supported_seen_mode_imm,2489,2,111,4,4,0.6601306365649164,0.05609566356828761
43006,generator_supported_seen_mode_imm,2489,2,111,8,8,0.7876692134965531,0.05752623433236277
43006,generator_supported_seen_mode_imm,2489,2,111,16,16,1.0576101951915096,0.11611711542467777
43006,generator_supported_seen_mode_imm,2508,2,111,1,1,0.3410458629737172,0.19068676070989155
43006,generator_supported_seen_mode_imm,2508,2,111,4,4,2.0067531546987674,0.323623105084969
43006,generator_supported_seen_mode_imm,2508,2,111,8,7,1.7818543964595477,0.24253425808182577
43006,generator_supported_seen_mode_imm,2508,2,111,16,7,1.7818543964595477,0.24253425808182577
43006,generator_supported_seen_mode_imm,2516,2,111,1,1,0.18924651562323705,0.3004383294232133
43006,generator_supported_seen_mode_imm,2516,2,111,4,4,0.4466437374628753,0.1255642674101813
43006,generator_supported_seen_mode_imm,2516,2,111,8,8,0.42669805070338584,0.07584802519458585
43006,generator_supported_seen_mode_imm,2516,2,111,16,8,0.42669805070338584,0.07584802519458585
43006,generator_supported_seen_mode_imm,2525,2,111,1,1,2.3092032970757583,0.015115964790439912
43006,generator_supported_seen_mode_imm,2525,2,111,4,4,0.9808589159722594,0.06702315864175581
43006,generator_supported_seen_mode_imm,2525,2,111,8,8,0.6618086200253565,0.05924335771278026
43006,generator_supported_seen_mode_imm,2525,2,111,16,8,0.6618086200253565,0.05924335771278026
43006,generator_supported_seen_mode_imm,2534,2,111,1,1,3.004186724782978,0.1601802988771154
43006,generator_supported_seen_mode_imm,2534,2,111,4,3,1.3593656279343793,0.16273654546745467
43006,generator_supported_seen_mode_imm,2534,2,111,8,3,1.3593656279343793,0.16273654546745467
43006,generator_supported_seen_mode_imm,2534,2,111,16,3,1.3593656279343793,0.16273654546745467
43006,generator_supported_seen_mode_imm,2539,2,111,1,1,0.8106829565416546,0.0066280927026760444
43006,generator_supported_seen_mode_imm,2539,2,111,4,4,0.4442573772369676,0.03259106888803881
43006,generator_supported_seen_mode_imm,2539,2,111,8,8,0.906510038520764,0.0931646559243727
43006,generator_supported_seen_mode_imm,2539,2,111,16,10,0.8074145410423096,0.07602758643390187
43006,generator_supported_seen_mode_imm,2550,2,111,1,1,3.4584982355217573,1.8245860302670462
43006,generator_supported_seen_mode_imm,2550,2,111,4,4,3.6550393758770023,0.5908033759884784
43006,generator_supported_seen_mode_imm,2550,2,111,8,8,2.1208809869388685,0.30103415805696276
43006,generator_supported_seen_mode_imm,2550,2,111,16,8,2.1208809869388685,0.30103415805696276
43006,generator_supported_seen_mode_imm,2559,2,111,1,1,2.0300919647000515,0.03955012535088015
43006,generator_supported_seen_mode_imm,2559,2,111,4,4,1.1573174782737559,0.047210584382850515
43006,generator_supported_seen_mode_imm,2559,2,111,8,8,0.6609511815922924,0.045309695516646736
43006,generator_supported_seen_mode_imm,2559,2,111,16,16,0.7371342883250008,0.024420382513642556
43006,generator_supported_seen_mode_imm,2590,2,101,1,1,0.4093561075905172,0.2040001580915366
43006,generator_supported_seen_mode_imm,2590,2,101,4,4,0.7015825414916845,0.07676881721896536
43006,generator_supported_seen_mode_imm,2590,2,101,8,8,0.6618165781579317,0.04827220899234935
43006,generator_supported_seen_mode_imm,2590,2,101,16,16,0.7174818592064948,0.03273081019160169
43006,generator_supported_seen_mode_imm,2617,2,101,1,1,3.227192631934638,1.3137259858275272
43006,generator_supported_seen_mode_imm,2617,2,101,4,4,3.055563109928097,0.37109556969380275
43006,generator_supported_seen_mode_imm,2617,2,101,8,8,1.759355314288242,0.19052948980192005
43006,generator_supported_seen_mode_imm,2617,2,101,16,16,1.0850005019587012,0.12155049433579274
43006,generator_supported_seen_mode_imm,2639,2,101,1,1,0.6751271460097129,0.3309030163086116
43006,generator_supported_seen_mode_imm,2639,2,101,4,1,0.6751271460097129,0.3309030163086116
43006,generator_supported_seen_mode_imm,2639,2,101,8,1,0.6751271460097129,0.3309030163086116
43006,generator_supported_seen_mode_imm,2639,2,101,16,1,0.6751271460097129,0.3309030163086116
43006,generator_supported_seen_mode_imm,2641,2,101,1,1,0.6083003183953384,0.007685940962926734
43006,generator_supported_seen_mode_imm,2641,2,101,4,4,0.638884560192359,0.03649882425977754
43006,generator_supported_seen_mode_imm,2641,2,101,8,8,0.6981139749511258,0.01932060160400638
43006,generator_supported_seen_mode_imm,2641,2,101,16,16,0.7251370226496526,0.011560894149519716
43006,generator_supported_seen_mode_imm,2667,2,101,1,1,1.7879580365821184,0.051327861179899306
43006,generator_supported_seen_mode_imm,2667,2,101,4,3,1.3122117791032533,0.03059727471183274
43006,generator_supported_seen_mode_imm,2667,2,101,8,3,1.3122117791032533,0.03059727471183274
43006,generator_supported_seen_mode_imm,2667,2,101,16,3,1.3122117791032533,0.03059727471183274
43006,generator_supported_seen_mode_imm,2671,2,101,1,1,1.8201185123249244,0.343263761024377
43006,generator_supported_seen_mode_imm,2671,2,101,4,4,1.417225824677693,0.13403531186221074
43006,generator_supported_seen_mode_imm,2671,2,101,8,8,0.8247737297054623,0.08054573339108453
43006,generator_supported_seen_mode_imm,2671,2,101,16,16,0.5956943149517074,0.04706436126312085
43006,generator_supported_seen_mode_imm,2795,2,011,1,1,1.8411727385922194,0.07402139479174064
43006,generator_supported_seen_mode_imm,2795,2,011,4,4,0.8055983539895697,0.05809382461108076
43006,generator_supported_seen_mode_imm,2795,2,011,8,8,0.7835194990661113,0.03719223366722721
43006,generator_supported_seen_mode_imm,2795,2,011,16,16,0.8754376465698821,0.07437218283220601
43006,generator_supported_seen_mode_imm,2820,2,110,1,1,1.5562926766794432,0.32472713702062644
43006,generator_supported_seen_mode_imm,2820,2,110,4,4,0.6955166942921469,0.12802287203101742
43006,generator_supported_seen_mode_imm,2820,2,110,8,4,0.6955166942921469,0.12802287203101742
43006,generator_supported_seen_mode_imm,2820,2,110,16,4,0.6955166942921469,0.12802287203101742
43006,generator_supported_seen_mode_imm,2825,2,110,1,1,0.2103217343761809,0.000759499789866441
43006,generator_supported_seen_mode_imm,2825,2,110,4,4,0.37991485004511416,0.05497817743378097
43006,generator_supported_seen_mode_imm,2825,2,110,8,4,0.37991485004511416,0.05497817743378097
43006,generator_supported_seen_mode_imm,2825,2,110,16,4,0.37991485004511416,0.05497817743378097
43006,generator_supported_seen_mode_imm,2830,2,110,1,1,-0.011381560636061439,7.644157657449209e-07
43006,generator_supported_seen_mode_imm,2830,2,110,4,4,0.630319638839845,0.006310522101533199
43006,generator_supported_seen_mode_imm,2830,2,110,8,8,0.6598618048933266,0.06931972014278684
43006,generator_supported_seen_mode_imm,2830,2,110,16,8,0.6598618048933266,0.06931972014278684
43006,generator_supported_seen_mode_imm,2839,2,110,1,1,0.06707483431093275,0.0301466297267983
43006,generator_supported_seen_mode_imm,2839,2,110,4,1,0.06707483431093275,0.0301466297267983
43006,generator_supported_seen_mode_imm,2839,2,110,8,1,0.06707483431093275,0.0301466297267983
43006,generator_supported_seen_mode_imm,2839,2,110,16,1,0.06707483431093275,0.0301466297267983
43006,generator_supported_seen_mode_imm,2841,2,110,1,1,0.839961024435345,0.00755698652883319
43006,generator_supported_seen_mode_imm,2841,2,110,4,4,-0.10350372906100878,0.005140957015678895
43006,generator_supported_seen_mode_imm,2841,2,110,8,6,0.020101325566318995,0.006263975936115405
43006,generator_supported_seen_mode_imm,2841,2,110,16,6,0.020101325566318995,0.006263975936115405
43006,generator_supported_seen_mode_imm,2848,2,110,1,1,-0.8533018075641559,0.01887397809224992
43006,generator_supported_seen_mode_imm,2848,2,110,4,2,-0.9168042371014298,0.02816190614192733
43006,generator_supported_seen_mode_imm,2848,2,110,8,2,-0.9168042371014298,0.02816190614192733
43006,generator_supported_seen_mode_imm,2848,2,110,16,2,-0.9168042371014298,0.02816190614192733
43006,generator_supported_seen_mode_imm,2851,2,110,1,1,-0.2916523479940201,0.00019312764719699895
43006,generator_supported_seen_mode_imm,2851,2,110,4,4,1.123761596176259,0.023563193661973528
43006,generator_supported_seen_mode_imm,2851,2,110,8,6,0.7262022978507633,0.02070565293070736
43006,generator_supported_seen_mode_imm,2851,2,110,16,6,0.7262022978507633,0.02070565293070736
43006,generator_supported_seen_mode_imm,2858,2,110,1,1,-0.8634533634122733,0.0061690784311022396
43006,generator_supported_seen_mode_imm,2858,2,110,4,4,-0.8613165332016177,0.004345547589163593
43006,generator_supported_seen_mode_imm,2858,2,110,8,8,-0.14050896847527905,0.014576970238867979
43006,generator_supported_seen_mode_imm,2858,2,110,16,15,0.23865929590000695,0.014312397848818957
43006,generator_supported_seen_mode_imm,2875,2,110,1,1,0.28012958226634194,0.015304081695561068
43006,generator_supported_seen_mode_imm,2875,2,110,4,1,0.28012958226634194,0.015304081695561068
43006,generator_supported_seen_mode_imm,2875,2,110,8,1,0.28012958226634194,0.015304081695561068
43006,generator_supported_seen_mode_imm,2875,2,110,16,1,0.28012958226634194,0.015304081695561068
43006,generator_supported_seen_mode_imm,2877,2,110,1,1,-0.8150949550493327,0.009521278195791367
43006,generator_supported_seen_mode_imm,2877,2,110,4,4,0.2260628021732029,0.014688957405629938
43006,generator_supported_seen_mode_imm,2877,2,110,8,8,-0.04327254739803563,0.010250992124188578
43006,generator_supported_seen_mode_imm,2877,2,110,16,16,-0.14439161304113024,0.009319785155641892
43006,generator_supported_seen_mode_imm,2914,2,110,1,1,0.6349739579302351,5.8028621421539485e-05
43006,generator_supported_seen_mode_imm,2914,2,110,4,4,0.788552304185788,0.001170960888987243
43006,generator_supported_seen_mode_imm,2914,2,110,8,8,0.21923898110960094,0.0026570928682148375
43006,generator_supported_seen_mode_imm,2914,2,110,16,16,0.24122403274731685,0.00788476822911675
43006,generator_supported_seen_mode_imm,2959,2,110,1,1,0.2847202406576489,0.032698671227794886
43006,generator_supported_seen_mode_imm,2959,2,110,4,2,0.07663831656228215,0.03522196804591857
43006,generator_supported_seen_mode_imm,2959,2,110,8,2,0.07663831656228215,0.03522196804591857
43006,generator_supported_seen_mode_imm,2959,2,110,16,2,0.07663831656228215,0.03522196804591857
43006,generator_supported_seen_mode_imm,2962,2,110,1,1,1.3643053677377566,0.2213016432625708
43006,generator_supported_seen_mode_imm,2962,2,110,4,4,0.4346568940508077,0.05886904398655096
43006,generator_supported_seen_mode_imm,2962,2,110,8,8,0.41062951693245636,0.03970994324173592
43006,generator_supported_seen_mode_imm,2962,2,110,16,16,0.08756895181186546,0.02230022465612816
43006,generator_supported_seen_mode_imm,2982,2,110,1,1,-0.4946870404463403,0.01934321467470267
43006,generator_supported_seen_mode_imm,2982,2,110,4,4,0.23258294854281636,0.008055626589896576
43006,generator_supported_seen_mode_imm,2982,2,110,8,8,-0.06362006467413933,0.0062868203436436
43006,generator_supported_seen_mode_imm,2982,2,110,16,16,-0.06899084428569066,0.005391127308691578
43006,generator_supported_seen_mode_imm,3011,2,110,1,1,2.1028105218498983,0.0009353065743959908
43006,generator_supported_seen_mode_imm,3011,2,110,4,4,0.3306664879333082,0.01260013892499776
43006,generator_supported_seen_mode_imm,3011,2,110,8,8,0.1700105057374609,0.01015104219774909
43006,generator_supported_seen_mode_imm,3011,2,110,16,16,0.10425076784878304,0.008691525962995243
43006,generator_supported_seen_mode_imm,3064,2,111,1,1,2.4709793775108078,0.006616971037856791
43006,generator_supported_seen_mode_imm,3064,2,111,4,4,1.620682963281895,0.08152775138061988
43006,generator_supported_seen_mode_imm,3064,2,111,8,8,1.764765943308003,0.06712138619656183
43006,generator_supported_seen_mode_imm,3064,2,111,16,16,1.0889274795826323,0.06481642355662344
43006,generator_supported_seen_mode_imm,3136,2,101,1,1,0.03429556129413802,0.04841770638714128
43006,generator_supported_seen_mode_imm,3136,2,101,4,4,-0.2418214132646204,0.05074830058241045
43006,generator_supported_seen_mode_imm,3136,2,101,8,8,0.34048512417497406,0.050064443383516344
43006,generator_supported_seen_mode_imm,3136,2,101,16,13,0.43592327160549693,0.034085821751585206
43006,generator_supported_seen_mode_imm,3150,2,101,1,1,-0.16079972989533753,0.06849835610208538
43006,generator_supported_seen_mode_imm,3150,2,101,4,4,0.6122845566929328,0.033828395545543906
43006,generator_supported_seen_mode_imm,3150,2,101,8,8,0.44314247252448036,0.04000222070352391
43006,generator_supported_seen_mode_imm,3150,2,101,16,11,0.35736538965757136,0.03343179145625279
43006,generator_supported_seen_mode_imm,3162,2,101,1,1,0.9176985642755298,0.0007330343435753638
43006,generator_supported_seen_mode_imm,3162,2,101,4,4,0.30817858662770786,0.034207682943665774
43006,generator_supported_seen_mode_imm,3162,2,101,8,8,0.2922961333816807,0.030447442388320915
43006,generator_supported_seen_mode_imm,3162,2,101,16,8,0.2922961333816807,0.030447442388320915
43006,generator_supported_seen_mode_imm,3171,2,101,1,1,1.8268028574159707,0.08680316269095453
43006,generator_supported_seen_mode_imm,3171,2,101,4,4,0.9245193333365797,0.029690821522220266
43006,generator_supported_seen_mode_imm,3171,2,101,8,8,0.4696930975714145,0.02163883636989445
43006,generator_supported_seen_mode_imm,3171,2,101,16,16,0.4765815011648866,0.014926664621630566
43006,generator_supported_seen_mode_imm,3209,2,101,1,1,0.41450971950804966,0.004076004185304676
43006,generator_supported_seen_mode_imm,3209,2,101,4,4,0.41808410414935915,0.0072281476085406665
43006,generator_supported_seen_mode_imm,3209,2,101,8,8,0.6362819591759689,0.00426323053154775
43006,generator_supported_seen_mode_imm,3209,2,101,16,16,0.5997708394242454,0.007638169057311982
43006,generator_supported_seen_mode_imm,3398,2,101,1,1,5.938022095293214,0.48596863992332845
43006,generator_supported_seen_mode_imm,3398,2,101,4,4,2.5797648542165375,0.22308140321822928
43006,generator_supported_seen_mode_imm,3398,2,101,8,8,1.4891004159323868,0.11851306180016055
43006,generator_supported_seen_mode_imm,3398,2,101,16,16,1.265332548349049,0.06281886709601682
43006,generator_supported_seen_mode_imm,3425,2,101,1,1,5.626436583287502,1.4102632307499632
43006,generator_supported_seen_mode_imm,3425,2,101,4,4,2.5494752810324592,0.5262432359929312
43006,generator_supported_seen_mode_imm,3425,2,101,8,8,1.4898167360623398,0.2897050327512968
43006,generator_supported_seen_mode_imm,3425,2,101,16,16,0.9812047434475645,0.16224219100985704
43006,generator_supported_seen_mode_imm,3446,2,101,1,1,1.115530909341578,0.1032906597086399
43006,generator_supported_seen_mode_imm,3446,2,101,4,4,0.5338677384109838,0.05849923822726133
43006,generator_supported_seen_mode_imm,3446,2,101,8,8,0.3618989466568492,0.032501744900312456
43006,generator_supported_seen_mode_imm,3446,2,101,16,9,0.3047385802097875,0.02932918230160295
43006,generator_supported_seen_mode_imm,3474,3,101,1,1,0.9418400371348414,0.0010129759712490354
43006,generator_supported_seen_mode_imm,3474,3,101,4,2,0.6673673069683683,0.009795978910937931
43006,generator_supported_seen_mode_imm,3474,3,101,8,2,0.6673673069683683,0.009795978910937931
43006,generator_supported_seen_mode_imm,3474,3,101,16,2,0.6673673069683683,0.009795978910937931
43006,generator_supported_seen_mode_imm,3477,3,101,1,1,4.666637843380084,0.13933970010939595
43006,generator_supported_seen_mode_imm,3477,3,101,4,4,1.8183941757218574,0.05327986405182612
43006,generator_supported_seen_mode_imm,3477,3,101,8,8,1.1757787700205706,0.10115386395115866
43006,generator_supported_seen_mode_imm,3477,3,101,16,14,1.5297115386355638,0.09878654114860068
43006,generator_supported_seen_mode_imm,3492,3,101,1,1,0.1621866102455212,0.29913013229247737
43006,generator_supported_seen_mode_imm,3492,3,101,4,4,1.1028151824571908,0.13481665739797366
43006,generator_supported_seen_mode_imm,3492,3,101,8,8,0.84008926313763,0.07010049329882562
43006,generator_supported_seen_mode_imm,3492,3,101,16,15,0.7127241444134251,0.040045796390474155
43006,generator_supported_seen_mode_imm,3508,3,101,1,1,3.9158761395548236,0.03411089201079495
43006,generator_supported_seen_mode_imm,3508,3,101,4,1,3.9158761395548236,0.03411089201079495
43006,generator_supported_seen_mode_imm,3508,3,101,8,1,3.9158761395548236,0.03411089201079495
43006,generator_supported_seen_mode_imm,3508,3,101,16,1,3.9158761395548236,0.03411089201079495
43006,generator_supported_seen_mode_imm,3510,3,101,1,1,1.2881665377499323,0.024067132254710213
43006,generator_supported_seen_mode_imm,3510,3,101,4,4,0.6005299543263871,0.009841737885493675
43006,generator_supported_seen_mode_imm,3510,3,101,8,8,0.39179887583747347,0.006958856358407208
43006,generator_supported_seen_mode_imm,3510,3,101,16,11,0.4818712359079756,0.005499153205584907
43006,generator_supported_seen_mode_imm,3522,3,101,1,1,0.3526730433439442,0.03666404232881308
43006,generator_supported_seen_mode_imm,3522,3,101,4,4,-0.0809900053126574,0.02518172625068658
43006,generator_supported_seen_mode_imm,3522,3,101,8,8,0.30657429849811685,0.022942606757726382
43006,generator_supported_seen_mode_imm,3522,3,101,16,10,0.31536821074987637,0.019742588059578313
43006,generator_supported_seen_mode_imm,3533,3,101,1,1,0.01253695214628514,0.038309983670146965
43006,generator_supported_seen_mode_imm,3533,3,101,4,4,0.483567352989142,0.021997256666423274
43006,generator_supported_seen_mode_imm,3533,3,101,8,8,0.32486595305067517,0.0206816718732326
43006,generator_supported_seen_mode_imm,3533,3,101,16,12,0.7073469850625601,0.030337678088543856
43006,generator_supported_seen_mode_imm,3546,3,101,1,1,0.31523689929139187,0.21650969734394218
43006,generator_supported_seen_mode_imm,3546,3,101,4,1,0.31523689929139187,0.21650969734394218
43006,generator_supported_seen_mode_imm,3546,3,101,8,1,0.31523689929139187,0.21650969734394218
43006,generator_supported_seen_mode_imm,3546,3,101,16,1,0.31523689929139187,0.21650969734394218
43006,generator_supported_seen_mode_imm,3548,3,101,1,1,3.6139165518117693,0.02211555483411719
43006,generator_supported_seen_mode_imm,3548,3,101,4,4,1.1843558626998623,0.018532144545637244
43006,generator_supported_seen_mode_imm,3548,3,101,8,8,1.162607528001644,0.10022189157687136
43006,generator_supported_seen_mode_imm,3548,3,101,16,16,1.3431359794147264,0.08385038405508063
43006,generator_supported_seen_mode_imm,3572,3,111,1,1,0.7472427212701858,0.053277775152532514
43006,generator_supported_seen_mode_imm,3572,3,111,4,4,0.8496910301996672,0.10973702976244737
43006,generator_supported_seen_mode_imm,3572,3,111,8,8,1.018924478390674,0.08286470623330705
43006,generator_supported_seen_mode_imm,3572,3,111,16,14,0.8937772905219757,0.05239724331898813
43006,generator_supported_seen_mode_imm,3587,3,111,1,1,0.4300166858824315,0.0016966209224619105
43006,generator_supported_seen_mode_imm,3587,3,111,4,4,0.3832985808481624,0.0183993418606619
43006,generator_supported_seen_mode_imm,3587,3,111,8,5,0.5065386388671989,0.024266053978969852
43006,generator_supported_seen_mode_imm,3587,3,111,16,5,0.5065386388671989,0.024266053978969852
43006,generator_supported_seen_mode_imm,3593,3,111,1,1,3.081243722571111,0.2422421829301282
43006,generator_supported_seen_mode_imm,3593,3,111,4,4,3.1773678536051086,0.15756422123091535
43006,generator_supported_seen_mode_imm,3593,3,111,8,8,2.2824915268787525,0.08720595853296338
43006,generator_supported_seen_mode_imm,3593,3,111,16,16,1.7140898435828644,0.045872656566587997
43006,generator_supported_seen_mode_imm,3632,3,111,1,1,0.1631499012795372,0.07186290233758638
43006,generator_supported_seen_mode_imm,3632,3,111,4,4,0.527151435847475,0.03179245485478118
43006,generator_supported_seen_mode_imm,3632,3,111,8,8,1.2163443646154508,0.14898148160569655
43006,generator_supported_seen_mode_imm,3632,3,111,16,9,1.1912497655060221,0.14090414638457294
43006,generator_supported_seen_mode_imm,3642,3,111,1,1,0.553606564077311,4.267320898766646e-05
43006,generator_supported_seen_mode_imm,3642,3,111,4,4,0.8121928653170376,0.06748234076561682
43006,generator_supported_seen_mode_imm,3642,3,111,8,7,0.5499208415709632,0.07060988994599454
43006,generator_supported_seen_mode_imm,3642,3,111,16,7,0.5499208415709632,0.07060988994599454
43006,generator_supported_seen_mode_imm,3650,3,111,1,1,1.107468676308609,0.038758381361214476
43006,generator_supported_seen_mode_imm,3650,3,111,4,4,1.36694876705312,0.16337695653644582
43006,generator_supported_seen_mode_imm,3650,3,111,8,8,0.8100557712988007,0.11291643493458253
43006,generator_supported_seen_mode_imm,3650,3,111,16,16,0.7122892131592156,0.08130172898740587
43006,generator_supported_seen_mode_imm,3692,3,110,1,1,0.8765822760251398,0.012692401173059661
43006,generator_supported_seen_mode_imm,3692,3,110,4,4,0.738731610080904,0.012540115941553971
43006,generator_supported_seen_mode_imm,3692,3,110,8,8,0.5983516240435423,0.00887510609572623
43006,generator_supported_seen_mode_imm,3692,3,110,16,9,0.5921426607928344,0.014363683216793441
43006,generator_supported_seen_mode_imm,3703,3,110,1,1,2.0485490414960426,0.08107086880129562
43006,generator_supported_seen_mode_imm,3703,3,110,4,4,0.7039168331306955,0.035227781744909425
43006,generator_supported_seen_mode_imm,3703,3,110,8,8,0.3415985578909579,0.0249729802437779
43006,generator_supported_seen_mode_imm,3703,3,110,16,16,0.11321089823740538,0.01642455895962822
43006,generator_supported_seen_mode_imm,3723,3,110,1,1,-0.7290182092668129,0.00010211012136898643
43006,generator_supported_seen_mode_imm,3723,3,110,4,1,-0.7290182092668129,0.00010211012136898643
43006,generator_supported_seen_mode_imm,3723,3,110,8,1,-0.7290182092668129,0.00010211012136898643
43006,generator_supported_seen_mode_imm,3723,3,110,16,1,-0.7290182092668129,0.00010211012136898643
43006,generator_supported_seen_mode_imm,3725,3,110,1,1,1.5424165030371764,0.01446690037668057
43006,generator_supported_seen_mode_imm,3725,3,110,4,4,-0.10342605713433925,0.007981767221331851
43006,generator_supported_seen_mode_imm,3725,3,110,8,8,0.13190847955983892,0.008493829016506551
43006,generator_supported_seen_mode_imm,3725,3,110,16,16,0.19952110864993527,0.005799842092569271
43006,generator_supported_seen_mode_imm,3755,3,110,1,1,-0.4973180015034856,0.029550121452896264
43006,generator_supported_seen_mode_imm,3755,3,110,4,4,0.0451742172054521,0.008151380510632378
43006,generator_supported_seen_mode_imm,3755,3,110,8,8,0.17338175959334398,0.006448330765269324
43006,generator_supported_seen_mode_imm,3755,3,110,16,13,-0.0005578619181213795,0.006892448250759953
43006,generator_supported_seen_mode_imm,3769,3,110,1,1,2.0936149962883293,0.0006483913137652023
43006,generator_supported_seen_mode_imm,3769,3,110,4,4,0.3111464413233439,0.008926052150072975
43006,generator_supported_seen_mode_imm,3769,3,110,8,8,0.9301260112597571,0.10590933485850744
43006,generator_supported_seen_mode_imm,3769,3,110,16,16,0.9834372059139003,0.09115130694691898
43006,generator_supported_seen_mode_imm,3791,3,111,1,1,0.8142084465226492,0.3625751360909606
43006,generator_supported_seen_mode_imm,3791,3,111,4,4,1.7169646762376314,0.1449331210344885
43006,generator_supported_seen_mode_imm,3791,3,111,8,8,0.9255700460949383,0.10345310615012293
43006,generator_supported_seen_mode_imm,3791,3,111,16,16,0.7704850561553799,0.1082124653001064
43006,generator_supported_seen_mode_imm,3811,3,111,1,1,0.2589444906489786,0.12692898764117694
43006,generator_supported_seen_mode_imm,3811,3,111,4,4,1.118348914103353,0.5146506501093544
43006,generator_supported_seen_mode_imm,3811,3,111,8,4,1.118348914103353,0.5146506501093544
43006,generator_supported_seen_mode_imm,3811,3,111,16,4,1.118348914103353,0.5146506501093544
43006,generator_supported_seen_mode_imm,3816,3,111,1,1,3.305956320997465,0.005829149349433859
43006,generator_supported_seen_mode_imm,3816,3,111,4,4,1.2836050767507787,0.027104287495492995
43006,generator_supported_seen_mode_imm,3816,3,111,8,8,0.9861993884112235,0.036707498763730556
43006,generator_supported_seen_mode_imm,3816,3,111,16,12,0.731716544114205,0.03127281252552987
43006,generator_supported_seen_mode_imm,3829,3,111,1,1,2.807490200653355,0.0043074192797883885
43006,generator_supported_seen_mode_imm,3829,3,111,4,4,1.151178850365308,0.02758950405031519
43006,generator_supported_seen_mode_imm,3829,3,111,8,8,1.0696712470825824,0.023334277457710648
43006,generator_supported_seen_mode_imm,3829,3,111,16,16,0.9003216437229302,0.012397430259313957
43006,generator_supported_seen_mode_imm,3858,3,101,1,1,0.2041600903322366,0.036198229990645384
43006,generator_supported_seen_mode_imm,3858,3,101,4,4,0.8120561661817112,0.021291042335092582
43006,generator_supported_seen_mode_imm,3858,3,101,8,7,0.9513982407923566,0.012230169342638809
43006,generator_supported_seen_mode_imm,3858,3,101,16,7,0.9513982407923566,0.012230169342638809
43006,generator_supported_seen_mode_imm,3866,3,101,1,1,1.7636032050188506,0.029330075771633175
43006,generator_supported_seen_mode_imm,3866,3,101,4,4,0.6715486232094559,0.008319123961052614
43006,generator_supported_seen_mode_imm,3866,3,101,8,8,0.6301382998926419,0.007365241718446058
43006,generator_supported_seen_mode_imm,3866,3,101,16,16,0.49244914047272736,0.008641599809431428
43006,generator_supported_seen_mode_imm,4072,3,011,1,1,0.029261162656244233,0.022336989633530025
43006,generator_supported_seen_mode_imm,4072,3,011,4,4,0.6975925766798025,0.1448722550504965
43006,generator_supported_seen_mode_imm,4072,3,011,8,8,1.0792308680809213,0.17094596894061337
43006,generator_supported_seen_mode_imm,4072,3,011,16,16,1.2669699416772087,0.09952094645772036
43006,generator_supported_seen_mode_imm,4135,3,110,1,1,1.5066029940618915,0.003852061223783018
43006,generator_supported_seen_mode_imm,4135,3,110,4,2,1.6563360416522055,0.026668051637865054
43006,generator_supported_seen_mode_imm,4135,3,110,8,2,1.6563360416522055,0.026668051637865054
43006,generator_supported_seen_mode_imm,4135,3,110,16,2,1.6563360416522055,0.026668051637865054
43006,generator_supported_seen_mode_imm,4138,3,110,1,1,0.2799058000423726,0.027953978456453154
43006,generator_supported_seen_mode_imm,4138,3,110,4,4,-0.02469942683821781,0.017415530091227652
43006,generator_supported_seen_mode_imm,4138,3,110,8,5,-0.11173918914759237,0.016536037202729458
43006,generator_supported_seen_mode_imm,4138,3,110,16,5,-0.11173918914759237,0.016536037202729458
43006,generator_supported_seen_mode_imm,4144,3,110,1,1,-0.35569999325299745,0.0003915524780963612
43006,generator_supported_seen_mode_imm,4144,3,110,4,4,-0.41588415771026693,0.00671789233494133
43006,generator_supported_seen_mode_imm,4144,3,110,8,5,-0.34808524578474287,0.018196132841328466
43006,generator_supported_seen_mode_imm,4144,3,110,16,5,-0.34808524578474287,0.018196132841328466
43006,generator_supported_seen_mode_imm,4150,3,110,1,1,-0.7684107709063888,0.00022760078129677917
43006,generator_supported_seen_mode_imm,4150,3,110,4,4,1.2183760502472287,0.01611121240354874
43006,generator_supported_seen_mode_imm,4150,3,110,8,8,0.8295217910395903,0.015508697295898044
43006,generator_supported_seen_mode_imm,4150,3,110,16,16,0.4731048318519458,0.010559602302495173
43006,generator_supported_seen_mode_imm,4181,3,110,1,1,-0.3219802318160069,0.00121980609562062
43006,generator_supported_seen_mode_imm,4181,3,110,4,4,0.047698315012837555,0.013101214756172371
43006,generator_supported_seen_mode_imm,4181,3,110,8,8,0.085533925897827,0.011762148279544221
43006,generator_supported_seen_mode_imm,4181,3,110,16,11,0.07374665853617765,0.014633295358283753
43006,generator_supported_seen_mode_imm,4193,3,101,1,1,3.0845284045420294,0.028343766772131358
43006,generator_supported_seen_mode_imm,4193,3,101,4,4,1.408794950228827,0.06254713423741903
43006,generator_supported_seen_mode_imm,4193,3,101,8,8,1.0282740878433414,0.08213006764757416
43006,generator_supported_seen_mode_imm,4193,3,101,16,8,1.0282740878433414,0.08213006764757416
43006,generator_supported_seen_mode_imm,4202,3,101,1,1,0.8194879217389437,0.0040349061938245
43006,generator_supported_seen_mode_imm,4202,3,101,4,4,0.5221740452334025,0.009545348858590133
43006,generator_supported_seen_mode_imm,4202,3,101,8,8,0.5178899405464932,0.01828389804510062
43006,generator_supported_seen_mode_imm,4202,3,101,16,16,0.6574490319360102,0.06506498141030988
43006,generator_supported_seen_mode_imm,4222,3,101,1,1,0.724397140283652,0.006183752285222784
43006,generator_supported_seen_mode_imm,4222,3,101,4,4,0.4789240564102065,0.00710445078405158
43006,generator_supported_seen_mode_imm,4222,3,101,8,8,0.4484358899620143,0.015244270206907724
43006,generator_supported_seen_mode_imm,4222,3,101,16,16,0.6292134465545496,0.009402841377926872
43006,generator_supported_seen_mode_imm,4260,3,101,1,1,0.16630008652878125,0.04528527153897273
43006,generator_supported_seen_mode_imm,4260,3,101,4,4,0.4292722815114744,0.02410089411046221
43006,generator_supported_seen_mode_imm,4260,3,101,8,8,0.5862797773613456,0.01713885508036174
43006,generator_supported_seen_mode_imm,4260,3,101,16,11,0.5468321314424998,0.012928383469438092
43006,generator_supported_seen_mode_imm,4272,3,101,1,1,0.3937088799609321,0.161748623544638
43006,generator_supported_seen_mode_imm,4272,3,101,4,4,0.4270906118055543,0.11027485163203912
43006,generator_supported_seen_mode_imm,4272,3,101,8,8,0.6889987499610926,0.06782512897504547
43006,generator_supported_seen_mode_imm,4272,3,101,16,10,0.6377117406416406,0.05475626824834019
43006,generator_supported_seen_mode_imm,4283,3,101,1,1,0.8259492527297818,0.007838965497945027
43006,generator_supported_seen_mode_imm,4283,3,101,4,4,0.3378323388576988,0.0029446430410882303
43006,generator_supported_seen_mode_imm,4283,3,101,8,6,0.6476949207963116,0.003423885955537696
43006,generator_supported_seen_mode_imm,4283,3,101,16,6,0.6476949207963116,0.003423885955537696
43006,generator_supported_seen_mode_imm,4290,3,101,1,1,0.7158295283667208,0.06854802793772574
43006,generator_supported_seen_mode_imm,4290,3,101,4,4,0.6616553117049825,0.021857975534687917
43006,generator_supported_seen_mode_imm,4290,3,101,8,8,0.4763724835470001,0.03760516698740217
43006,generator_supported_seen_mode_imm,4290,3,101,16,15,0.8613697188203895,0.06532564425737306
43006,generator_supported_seen_mode_imm,4306,3,101,1,1,1.3158439691576111,0.03336639924571274
43006,generator_supported_seen_mode_imm,4306,3,101,4,4,1.3129739348200535,0.013537184878907614
43006,generator_supported_seen_mode_imm,4306,3,101,8,8,0.8224754799910058,0.027826053001483626
43006,generator_supported_seen_mode_imm,4306,3,101,16,10,0.6731881627570482,0.027319432331334666
43006,generator_supported_seen_mode_imm,4317,3,101,1,1,1.7875826744945726,0.016227272171028012
43006,generator_supported_seen_mode_imm,4317,3,101,4,4,1.2189596008111192,0.054204149265802054
43006,generator_supported_seen_mode_imm,4317,3,101,8,8,0.9524094123912565,0.03839805714904166
43006,generator_supported_seen_mode_imm,4317,3,101,16,16,0.9832684875832802,0.036309373881905964
43006,generator_supported_seen_mode_imm,4416,3,110,1,1,-0.8163755692062998,0.03193088360889844
43006,generator_supported_seen_mode_imm,4416,3,110,4,4,-0.4863712959711765,0.012615108366987152
43006,generator_supported_seen_mode_imm,4416,3,110,8,8,-0.5638836201289494,0.00975257307901088
43006,generator_supported_seen_mode_imm,4416,3,110,16,8,-0.5638836201289494,0.00975257307901088
43006,generator_supported_seen_mode_imm,4425,3,110,1,1,-0.8568664949015075,0.004771736938285277
43006,generator_supported_seen_mode_imm,4425,3,110,4,4,0.2020480561525499,0.01186669336019492
43006,generator_supported_seen_mode_imm,4425,3,110,8,8,0.3439779373797112,0.011453937758990684
43006,generator_supported_seen_mode_imm,4425,3,110,16,16,0.09443263654608547,0.009083574847279612
43006,generator_supported_seen_mode_imm,4442,3,110,1,1,-0.31980082533047505,0.0016986651083764908
43006,generator_supported_seen_mode_imm,4442,3,110,4,4,0.28322293378856217,0.002947655811099431
43006,generator_supported_seen_mode_imm,4442,3,110,8,8,-0.07712663441253367,0.00468539320999301
43006,generator_supported_seen_mode_imm,4442,3,110,16,16,-0.1610383909217496,0.0037240184060026073
43006,generator_supported_seen_mode_imm,4470,3,110,1,1,-0.4944740599541068,0.009502555420986339
43006,generator_supported_seen_mode_imm,4470,3,110,4,4,-0.3738495297828017,0.0027173337158211694
43006,generator_supported_seen_mode_imm,4470,3,110,8,8,-0.19770434813353216,0.0038563476214398765
43006,generator_supported_seen_mode_imm,4470,3,110,16,14,-0.2287078557557949,0.0026910201284219663
43006,generator_supported_seen_mode_imm,4485,3,110,1,1,-0.32125458556439207,0.0022687606785728774
43006,generator_supported_seen_mode_imm,4485,3,110,4,4,-0.11857843925232929,0.013965146827129044
43006,generator_supported_seen_mode_imm,4485,3,110,8,8,-0.13674903711789765,0.009737249826608797
43006,generator_supported_seen_mode_imm,4485,3,110,16,16,0.4680649868116391,0.010604102428273166
43006,generator_supported_seen_mode_imm,4518,3,111,1,1,0.38941116828269484,0.07846726548310466
43006,generator_supported_seen_mode_imm,4518,3,111,4,3,1.2765898917601566,0.196574021180055
43006,generator_supported_seen_mode_imm,4518,3,111,8,3,1.2765898917601566,0.196574021180055
43006,generator_supported_seen_mode_imm,4518,3,111,16,3,1.2765898917601566,0.196574021180055
43006,generator_supported_seen_mode_imm,4522,3,111,1,1,1.0051708057778774,0.13987332420395968
43006,generator_supported_seen_mode_imm,4522,3,111,4,4,0.4558167818985922,0.09326238889585887
43006,generator_supported_seen_mode_imm,4522,3,111,8,5,0.43992269106484133,0.14053920872316206
43006,generator_supported_seen_mode_imm,4522,3,111,16,5,0.43992269106484133,0.14053920872316206
43006,generator_supported_seen_mode_imm,4528,3,111,1,1,2.1726051133852025,0.0003817589697786602
43006,generator_supported_seen_mode_imm,4528,3,111,4,4,1.1586187609592689,0.005209173390526516
43006,generator_supported_seen_mode_imm,4528,3,111,8,8,1.3129883887081262,0.03649350604085436
43006,generator_supported_seen_mode_imm,4528,3,111,16,16,1.2731760069015179,0.0551074681547762
43006,generator_supported_seen_mode_imm,4549,3,111,1,1,0.6991197396284081,0.0640216558963699
43006,generator_supported_seen_mode_imm,4549,3,111,4,2,0.35945183982704965,0.03201083328737499
43006,generator_supported_seen_mode_imm,4549,3,111,8,2,0.35945183982704965,0.03201083328737499
43006,generator_supported_seen_mode_imm,4549,3,111,16,2,0.35945183982704965,0.03201083328737499
43006,generator_supported_seen_mode_imm,4552,3,111,1,1,2.5770018214745374,0.40062598981208747
43006,generator_supported_seen_mode_imm,4552,3,111,4,1,2.5770018214745374,0.40062598981208747
43006,generator_supported_seen_mode_imm,4552,3,111,8,1,2.5770018214745374,0.40062598981208747
43006,generator_supported_seen_mode_imm,4552,3,111,16,1,2.5770018214745374,0.40062598981208747
43006,generator_supported_seen_mode_imm,4554,3,111,1,1,3.4889348823655473,0.059406795425027484
43006,generator_supported_seen_mode_imm,4554,3,111,4,4,1.8765977777475356,0.13069605119041117
43006,generator_supported_seen_mode_imm,4554,3,111,8,8,1.4606086985661855,0.0988130341543597
43006,generator_supported_seen_mode_imm,4554,3,111,16,16,1.1352950389690175,0.1063468683299793
43006,generator_supported_seen_mode_imm,4573,3,111,1,1,1.7161895715419644,0.06119552550382483
43006,generator_supported_seen_mode_imm,4573,3,111,4,4,1.0173634267515044,0.04649426443201244
43006,generator_supported_seen_mode_imm,4573,3,111,8,8,0.7073203477595756,0.023556326407002746
43006,generator_supported_seen_mode_imm,4573,3,111,16,16,0.7325178303401472,0.04159998586943883
43006,generator_supported_seen_mode_imm,4591,3,111,1,1,2.182389645280438,0.009231221759139771
43006,generator_supported_seen_mode_imm,4591,3,111,4,4,0.7234143215708229,0.007834586266468803
43006,generator_supported_seen_mode_imm,4591,3,111,8,5,0.6754984241430775,0.0063570187940590024
43006,generator_supported_seen_mode_imm,4591,3,111,16,5,0.6754984241430775,0.0063570187940590024
43006,generator_supported_seen_mode_imm,4597,3,111,1,1,2.404195968449806,0.15545782835815422
43006,generator_supported_seen_mode_imm,4597,3,111,4,4,1.2809354882152344,0.11040459806158853
43006,generator_supported_seen_mode_imm,4597,3,111,8,8,1.0316581047855773,0.06799818331197621
43006,generator_supported_seen_mode_imm,4597,3,111,16,8,1.0316581047855773,0.06799818331197621
43006,generator_supported_seen_mode_imm,4606,3,111,1,1,0.2568272491180836,0.06690486159046168
43006,generator_supported_seen_mode_imm,4606,3,111,4,1,0.2568272491180836,0.06690486159046168
43006,generator_supported_seen_mode_imm,4606,3,111,8,1,0.2568272491180836,0.06690486159046168
43006,generator_supported_seen_mode_imm,4606,3,111,16,1,0.2568272491180836,0.06690486159046168
43006,selected_fixed_jump,58,0,011,1,1,2.76514488359675,0.06599503050946447
43006,selected_fixed_jump,58,0,011,4,4,0.8177579770625175,0.02438660521376738
43006,selected_fixed_jump,58,0,011,8,8,0.6946750104310047,0.020850624003008418
43006,selected_fixed_jump,58,0,011,16,16,1.3712713107105778,0.041151408866855796
43006,selected_fixed_jump,141,0,101,1,1,0.2139519812349142,0.07528630910318752
43006,selected_fixed_jump,141,0,101,4,4,0.011984827509696774,0.11041900473207072
43006,selected_fixed_jump,141,0,101,8,8,2.075809294314442,0.18121797033211454
43006,selected_fixed_jump,141,0,101,16,14,1.3252818755052174,0.1334736325307878
43006,selected_fixed_jump,156,0,101,1,1,1.1003352274196825,0.13761288303399097
43006,selected_fixed_jump,156,0,101,4,3,1.5268870104379195,0.04826572283763325
43006,selected_fixed_jump,156,0,101,8,3,1.5268870104379195,0.04826572283763325
43006,selected_fixed_jump,156,0,101,16,3,1.5268870104379195,0.04826572283763325
43006,selected_fixed_jump,160,0,101,1,1,2.5004685229305372,0.04793505550060005
43006,selected_fixed_jump,160,0,101,4,4,2.823277333164213,0.08312816928154323
43006,selected_fixed_jump,160,0,101,8,8,1.529856117569158,0.06156110284049678
43006,selected_fixed_jump,160,0,101,16,9,1.438366166345226,0.05641471145780583
43006,selected_fixed_jump,170,0,101,1,1,6.455316332236385,0.35631958577812806
43006,selected_fixed_jump,170,0,101,4,4,2.5290953721923075,0.1204567869329488
43006,selected_fixed_jump,170,0,101,8,8,1.964389543893831,0.0767960415309542
43006,selected_fixed_jump,170,0,101,16,15,1.4128344223891418,0.06568730176178726
43006,selected_fixed_jump,186,0,101,1,1,0.06834311346038377,0.30548125913386653
43006,selected_fixed_jump,186,0,101,4,2,3.14221616871012,0.38025636935660223
43006,selected_fixed_jump,186,0,101,8,2,3.14221616871012,0.38025636935660223
43006,selected_fixed_jump,186,0,101,16,2,3.14221616871012,0.38025636935660223
43006,selected_fixed_jump,189,0,101,1,1,2.248658055423373,0.003510066036742282
43006,selected_fixed_jump,189,0,101,4,4,1.3105476988796365,0.04511480503948188
43006,selected_fixed_jump,189,0,101,8,8,1.0334599493167052,0.036775699129036075
43006,selected_fixed_jump,189,0,101,16,10,0.9438568728403677,0.031133756352413933
43006,selected_fixed_jump,200,0,101,1,1,2.9930336004166764,0.0010711954510231486
43006,selected_fixed_jump,200,0,101,4,2,1.8061539070289998,0.015519529344202965
43006,selected_fixed_jump,200,0,101,8,2,1.8061539070289998,0.015519529344202965
43006,selected_fixed_jump,200,0,101,16,2,1.8061539070289998,0.015519529344202965
43006,selected_fixed_jump,203,0,101,1,1,2.592310875971036,0.27254938788334443
43006,selected_fixed_jump,203,0,101,4,4,1.2280798325253772,0.11469069127226272
43006,selected_fixed_jump,203,0,101,8,8,0.912441149216499,0.11268925077511303
43006,selected_fixed_jump,203,0,101,16,16,0.8860162132073477,0.0765136497907572
43006,selected_fixed_jump,231,0,101,1,1,-0.08759812060116785,0.01615371085092826
43006,selected_fixed_jump,231,0,101,4,4,0.5168178571230648,0.012839006267270761
43006,selected_fixed_jump,231,0,101,8,8,0.8994276917174276,0.023993139225554953
43006,selected_fixed_jump,231,0,101,16,16,0.7156057621544518,0.026312108665276147
43006,selected_fixed_jump,276,0,101,1,1,2.8257731049363173,3.23472856498465e-05
43006,selected_fixed_jump,276,0,101,4,4,0.8335079627262008,0.036121040750341796
43006,selected_fixed_jump,276,0,101,8,8,1.59213795493906,0.09065667276917147
43006,selected_fixed_jump,276,0,101,16,9,1.473003427929549,0.09334016766877809
43006,selected_fixed_jump,286,0,101,1,1,6.0948292965857505,0.2389912567116176
43006,selected_fixed_jump,286,0,101,4,4,1.998262567178232,0.06488708453055159
43006,selected_fixed_jump,286,0,101,8,8,1.3662126614745098,0.05923520164602425
43006,selected_fixed_jump,286,0,101,16,8,1.3662126614745098,0.05923520164602425
43006,selected_fixed_jump,295,0,101,1,1,0.2564050199787395,0.011678031539180527
43006,selected_fixed_jump,295,0,101,4,3,1.0988272360190825,0.027276585161421868
43006,selected_fixed_jump,295,0,101,8,3,1.0988272360190825,0.027276585161421868
43006,selected_fixed_jump,295,0,101,16,3,1.0988272360190825,0.027276585161421868
43006,selected_fixed_jump,299,0,101,1,1,2.077233818728831,0.08369213851632523
43006,selected_fixed_jump,299,0,101,4,2,1.4361347941947504,0.041910948021734125
43006,selected_fixed_jump,299,0,101,8,2,1.4361347941947504,0.041910948021734125
43006,selected_fixed_jump,299,0,101,16,2,1.4361347941947504,0.041910948021734125
43006,selected_fixed_jump,302,0,101,1,1,0.13293671760177972,0.6003586470664773
43006,selected_fixed_jump,302,0,101,4,2,3.394433370500797,0.4304143343206128
43006,selected_fixed_jump,302,0,101,8,2,3.394433370500797,0.4304143343206128
43006,selected_fixed_jump,302,0,101,16,2,3.394433370500797,0.4304143343206128
43006,selected_fixed_jump,306,0,101,1,1,3.1862773004521294,0.0069838176849063
43006,selected_fixed_jump,306,0,101,4,4,1.690864629853146,0.024865842677722055
43006,selected_fixed_jump,306,0,101,8,7,0.8483860189587314,0.014913827091583676
43006,selected_fixed_jump,306,0,101,16,7,0.8483860189587314,0.014913827091583676
43006,selected_fixed_jump,314,0,101,1,1,-0.19278995182275338,0.00014986666090832407
43006,selected_fixed_jump,314,0,101,4,4,0.06746790144077174,0.06063753932322208
43006,selected_fixed_jump,314,0,101,8,8,0.15097608791777978,0.05191370862439987
43006,selected_fixed_jump,314,0,101,16,14,0.4409997478226744,0.034815883609887174
43006,selected_fixed_jump,329,0,101,1,1,5.341721147945347,0.04754708014785991
43006,selected_fixed_jump,329,0,101,4,4,2.1300352252927035,0.03603922575801516
43006,selected_fixed_jump,329,0,101,8,8,0.968337291542702,0.019906903582991832
43006,selected_fixed_jump,329,0,101,16,13,1.203846003380541,0.034601411532937526
43006,selected_fixed_jump,343,0,101,1,1,3.189407020457328,0.007185799024444294
43006,selected_fixed_jump,343,0,101,4,4,0.8214692158721613,0.016595902293126817
43006,selected_fixed_jump,343,0,101,8,8,0.7355818869471921,0.01582161989286516
43006,selected_fixed_jump,343,0,101,16,16,0.5659703725021334,0.03225849304291496
43006,selected_fixed_jump,368,0,101,1,1,0.815225898036751,0.14860932092337018
43006,selected_fixed_jump,368,0,101,4,4,1.258611257846527,0.056322755480802636
43006,selected_fixed_jump,368,0,101,8,8,1.5107757104362727,0.048409993265680254
43006,selected_fixed_jump,368,0,101,16,13,2.24585923250491,0.20267088799122773
43006,selected_fixed_jump,382,0,101,1,1,3.3028589402606308,0.11129700783729095
43006,selected_fixed_jump,382,0,101,4,4,1.8712183124745707,0.08763365634531572
43006,selected_fixed_jump,382,0,101,8,8,1.4793250708272754,0.0482812775211351
43006,selected_fixed_jump,382,0,101,16,16,0.7804389023417846,0.029315481484787714
43006,selected_fixed_jump,421,0,111,1,1,-0.09550627979965143,0.005591102865123747
43006,selected_fixed_jump,421,0,111,4,4,2.013047654879396,0.1718420761960252
43006,selected_fixed_jump,421,0,111,8,8,1.879898618034898,0.16379672077582264
43006,selected_fixed_jump,421,0,111,16,9,1.6452061155469406,0.16841165110183845
43006,selected_fixed_jump,431,0,111,1,1,1.2199831505260406,0.0030219561824554697
43006,selected_fixed_jump,431,0,111,4,4,0.3127366139317228,0.061621432100834844
43006,selected_fixed_jump,431,0,111,8,5,0.6700781754231627,0.05056926202433863
43006,selected_fixed_jump,431,0,111,16,5,0.6700781754231627,0.05056926202433863
43006,selected_fixed_jump,437,0,111,1,1,-0.09151959765757266,0.01911609841842414
43006,selected_fixed_jump,437,0,111,4,2,2.5430635948452673,0.03968672172272422
43006,selected_fixed_jump,437,0,111,8,2,2.5430635948452673,0.03968672172272422
43006,selected_fixed_jump,437,0,111,16,2,2.5430635948452673,0.03968672172272422
43006,selected_fixed_jump,440,0,111,1,1,-0.1519323615591623,0.06049090812349255
43006,selected_fixed_jump,440,0,111,4,4,0.003472484628161465,0.018491677576646007
43006,selected_fixed_jump,440,0,111,8,8,1.4190429097876498,0.0632427615646172
43006,selected_fixed_jump,440,0,111,16,16,1.2568972618834056,0.06441689444341733
43006,selected_fixed_jump,466,0,111,1,1,0.09442863354827406,5.7740143703706364e-05
43006,selected_fixed_jump,466,0,111,4,4,0.4090709845677388,0.03961928066757011
43006,selected_fixed_jump,466,0,111,8,8,1.2114790371700175,0.03614891904331287
43006,selected_fixed_jump,466,0,111,16,16,0.793551706965304,0.03036786724907007
43006,selected_fixed_jump,492,0,111,1,1,4.972194773681461,3.343192860753522e-06
43006,selected_fixed_jump,492,0,111,4,1,4.972194773681461,3.343192860753522e-06
43006,selected_fixed_jump,492,0,111,8,1,4.972194773681461,3.343192860753522e-06
43006,selected_fixed_jump,492,0,111,16,1,4.972194773681461,3.343192860753522e-06
43006,selected_fixed_jump,494,0,111,1,1,1.9671359537349236,0.10265869010675067
43006,selected_fixed_jump,494,0,111,4,3,1.2047984757186305,0.05575126525726906
43006,selected_fixed_jump,494,0,111,8,3,1.2047984757186305,0.05575126525726906
43006,selected_fixed_jump,494,0,111,16,3,1.2047984757186305,0.05575126525726906
43006,selected_fixed_jump,498,0,111,1,1,-0.15827892220879153,0.0009209316357309256
43006,selected_fixed_jump,498,0,111,4,1,-0.15827892220879153,0.0009209316357309256
43006,selected_fixed_jump,498,0,111,8,1,-0.15827892220879153,0.0009209316357309256
43006,selected_fixed_jump,498,0,111,16,1,-0.15827892220879153,0.0009209316357309256
43006,selected_fixed_jump,501,0,111,1,1,6.21265823000835,0.03272439651410602
43006,selected_fixed_jump,501,0,111,4,4,3.432901211962551,0.040558081664399497
43006,selected_fixed_jump,501,0,111,8,8,2.0623749680449674,0.031166035764005
43006,selected_fixed_jump,501,0,111,16,8,2.0623749680449674,0.031166035764005
43006,selected_fixed_jump,510,0,111,1,1,1.1727699113076009,0.09923190326546706
43006,selected_fixed_jump,510,0,111,4,4,1.3222729708772314,0.03488609189241141
43006,selected_fixed_jump,510,0,111,8,8,1.4829819332989023,0.0523099099511392
43006,selected_fixed_jump,510,0,111,16,14,1.525720413963189,0.05726553172339672
43006,selected_fixed_jump,525,0,111,1,1,2.3367273437829135,0.047663895415256605
43006,selected_fixed_jump,525,0,111,4,4,0.9087385040984135,0.022713843787922877
43006,selected_fixed_jump,525,0,111,8,4,0.9087385040984135,0.022713843787922877
43006,selected_fixed_jump,525,0,111,16,4,0.9087385040984135,0.022713843787922877
43006,selected_fixed_jump,530,0,111,1,1,0.18307530223238216,0.1551299961178074
43006,selected_fixed_jump,530,0,111,4,3,0.1849905191921295,0.0959371698156856
43006,selected_fixed_jump,530,0,111,8,3,0.1849905191921295,0.0959371698156856
43006,selected_fixed_jump,530,0,111,16,3,0.1849905191921295,0.0959371698156856
43006,selected_fixed_jump,534,0,111,1,1,0.024295344007343594,0.05174138006989795
43006,selected_fixed_jump,534,0,111,4,4,1.2528251724769632,0.0584559255926454
43006,selected_fixed_jump,534,0,111,8,8,1.249497175848777,0.04846536588608039
43006,selected_fixed_jump,534,0,111,16,11,1.173258565668803,0.039206904802773855
43006,selected_fixed_jump,546,0,111,1,1,5.815524374721335,0.13596402295449564
43006,selected_fixed_jump,546,0,111,4,4,1.7292877806796947,0.05277290437623752
43006,selected_fixed_jump,546,0,111,8,8,1.9665171843477842,0.05685589576334661
43006,selected_fixed_jump,546,0,111,16,16,1.6113283789825061,0.17769753553071102
43006,selected_fixed_jump,563,0,111,1,1,0.005039363084309418,0.28607148142047745
43006,selected_fixed_jump,563,0,111,4,4,1.3020316620592056,0.1433160617361943
43006,selected_fixed_jump,563,0,111,8,8,0.987588900918694,0.08111423591767833
43006,selected_fixed_jump,563,0,111,16,15,0.639328930290404,0.04663435916191114
43006,selected_fixed_jump,580,0,110,1,1,-0.22236757506067076,0.0024343727780023346
43006,selected_fixed_jump,580,0,110,4,4,-0.11262349518919176,0.007966874037279624
43006,selected_fixed_jump,580,0,110,8,8,-0.17072227223306383,0.005912206169791642
43006,selected_fixed_jump,580,0,110,16,8,-0.17072227223306383,0.005912206169791642
43006,selected_fixed_jump,589,0,110,1,1,-0.2018191984193695,0.005949687715267795
43006,selected_fixed_jump,589,0,110,4,4,-0.10857878067650009,0.009480578111911837
43006,selected_fixed_jump,589,0,110,8,8,-0.1717293867302024,0.014229044035042462
43006,selected_fixed_jump,589,0,110,16,16,-0.07554787829768292,0.015252218184694416
43006,selected_fixed_jump,618,0,110,1,1,-0.18567241173396448,0.00831661680923717
43006,selected_fixed_jump,618,0,110,4,4,-0.07041008743873284,0.0065867210002159456
43006,selected_fixed_jump,618,0,110,8,8,-0.06008155009332789,0.016126782426364242
43006,selected_fixed_jump,618,0,110,16,16,-0.038569878349726486,0.01757062493669649
43006,selected_fixed_jump,645,0,110,1,1,0.05599929998492191,1.0001930441464733e-05
43006,selected_fixed_jump,645,0,110,4,4,0.4386900725240225,0.05099788117055927
43006,selected_fixed_jump,645,0,110,8,5,0.43127702612153856,0.046462009690475856
43006,selected_fixed_jump,645,0,110,16,5,0.43127702612153856,0.046462009690475856
43006,selected_fixed_jump,651,0,110,1,1,0.47259878862557797,0.009757290094396793
43006,selected_fixed_jump,651,0,110,4,4,0.3618469151731879,0.033880995100906405
43006,selected_fixed_jump,651,0,110,8,6,0.4492419602215782,0.025102023139455698
43006,selected_fixed_jump,651,0,110,16,6,0.4492419602215782,0.025102023139455698
43006,selected_fixed_jump,658,0,110,1,1,-0.20277635616693154,0.0023399880037777844
43006,selected_fixed_jump,658,0,110,4,3,0.11474062721560607,0.014888767821575145
43006,selected_fixed_jump,658,0,110,8,3,0.11474062721560607,0.014888767821575145
43006,selected_fixed_jump,658,0,110,16,3,0.11474062721560607,0.014888767821575145
43006,selected_fixed_jump,662,0,110,1,1,-0.22328285662387684,0.0015745845278216629
43006,selected_fixed_jump,662,0,110,4,4,-0.101512137501168,0.005872160208982787
43006,selected_fixed_jump,662,0,110,8,8,-0.17472812866099502,0.006245465786673923
43006,selected_fixed_jump,662,0,110,16,10,-0.1722142977081427,0.00866354130291742
43006,selected_fixed_jump,673,0,110,1,1,0.4815096076621528,0.020443322736132072
43006,selected_fixed_jump,673,0,110,4,4,-0.10733298608531654,0.009438242175845685
43006,selected_fixed_jump,673,0,110,8,8,-0.11990186137049591,0.011585153349278409
43006,selected_fixed_jump,673,0,110,16,16,-0.06698503006350803,0.009087071385623934
43006,selected_fixed_jump,714,0,110,1,1,-0.19085855892918738,0.005051042430062712
43006,selected_fixed_jump,714,0,110,4,3,-0.2106677547152056,0.0027694375226814155
43006,selected_fixed_jump,714,0,110,8,3,-0.2106677547152056,0.0027694375226814155
43006,selected_fixed_jump,714,0,110,16,3,-0.2106677547152056,0.0027694375226814155
43006,selected_fixed_jump,718,0,110,1,1,-0.22074579108657238,0.00010540819971448377
43006,selected_fixed_jump,718,0,110,4,4,-0.261956488211096,0.009914378407146339
43006,selected_fixed_jump,718,0,110,8,8,0.14298588225539283,0.012589565486929678
43006,selected_fixed_jump,718,0,110,16,16,0.026924125796931167,0.009805057419337303
43006,selected_fixed_jump,759,0,110,1,1,-0.32821950148042783,0.005661548582389913
43006,selected_fixed_jump,759,0,110,4,2,-0.0009527188486767313,0.018899501264709642
43006,selected_fixed_jump,759,0,110,8,2,-0.0009527188486767313,0.018899501264709642
43006,selected_fixed_jump,759,0,110,16,2,-0.0009527188486767313,0.018899501264709642
43006,selected_fixed_jump,762,0,110,1,1,-0.25418834315911676,0.025931245024885037
43006,selected_fixed_jump,762,0,110,4,4,-0.18213472358528446,0.014201376268788111
43006,selected_fixed_jump,762,0,110,8,8,-0.1981155341339948,0.010783523619955127
43006,selected_fixed_jump,762,0,110,16,15,-0.1345369159914359,0.008350917889582723
43006,selected_fixed_jump,778,0,110,1,1,-0.18671631786274692,0.00851958509645323
43006,selected_fixed_jump,778,0,110,4,4,-0.1393516721763896,0.007582125373548432
43006,selected_fixed_jump,778,0,110,8,8,-0.05474621409294078,0.014892799873673618
43006,selected_fixed_jump,778,0,110,16,11,-0.08848827512443465,0.01246071147953168
43006,selected_fixed_jump,790,0,110,1,1,-0.127331146026332,0.0033107293814604727
43006,selected_fixed_jump,790,0,110,4,1,-0.127331146026332,0.0033107293814604727
43006,selected_fixed_jump,790,0,110,8,1,-0.127331146026332,0.0033107293814604727
43006,selected_fixed_jump,790,0,110,16,1,-0.127331146026332,0.0033107293814604727
43006,selected_fixed_jump,792,0,110,1,1,1.3978966011907132,0.034009688385430586
43006,selected_fixed_jump,792,0,110,4,4,0.2730312938016583,0.01578913048983733
43006,selected_fixed_jump,792,0,110,8,8,0.19232284235077926,0.010383118655450448
43006,selected_fixed_jump,792,0,110,16,16,0.5618789539830618,0.033064709454482935
43006,selected_fixed_jump,989,0,110,1,1,0.7900803192631046,0.055444488282981035
43006,selected_fixed_jump,989,0,110,4,4,0.023805712664297193,0.014857355672470485
43006,selected_fixed_jump,989,0,110,8,6,0.1632681310610361,0.013469989113374251
43006,selected_fixed_jump,989,0,110,16,6,0.1632681310610361,0.013469989113374251
43006,selected_fixed_jump,996,0,110,1,1,0.012538691357131381,0.0016552116212862368
43006,selected_fixed_jump,996,0,110,4,4,0.3096297055191383,0.026256888297663025
43006,selected_fixed_jump,996,0,110,8,5,0.1814382722852514,0.021169164421157412
43006,selected_fixed_jump,996,0,110,16,5,0.1814382722852514,0.021169164421157412
43006,selected_fixed_jump,1002,0,110,1,1,-0.11132279216832774,0.0034802549332181806
43006,selected_fixed_jump,1002,0,110,4,4,0.20548452683351864,0.006505898084328043
43006,selected_fixed_jump,1002,0,110,8,7,0.09970825530629808,0.004483893773885988
43006,selected_fixed_jump,1002,0,110,16,7,0.09970825530629808,0.004483893773885988
43006,selected_fixed_jump,1010,0,110,1,1,-0.3339598884990981,0.01393987185982633
43006,selected_fixed_jump,1010,0,110,4,4,0.0609882537949461,0.013156857541347839
43006,selected_fixed_jump,1010,0,110,8,5,0.08585614914471769,0.018536182167543942
43006,selected_fixed_jump,1010,0,110,16,5,0.08585614914471769,0.018536182167543942
43006,selected_fixed_jump,1016,0,110,1,1,0.2847144855350681,0.027193061750797377
43006,selected_fixed_jump,1016,0,110,4,4,-0.07617281223272018,0.007736201494648164
43006,selected_fixed_jump,1016,0,110,8,4,-0.07617281223272018,0.007736201494648164
43006,selected_fixed_jump,1016,0,110,16,4,-0.07617281223272018,0.007736201494648164
43006,selected_fixed_jump,1021,0,110,1,1,-0.21459485978752646,0.006023704429804485
43006,selected_fixed_jump,1021,0,110,4,4,-0.1372588322798843,0.030591885910765552
43006,selected_fixed_jump,1021,0,110,8,7,-0.10305817026215412,0.029328389634438654
43006,selected_fixed_jump,1021,0,110,16,7,-0.10305817026215412,0.029328389634438654
43006,selected_fixed_jump,1029,0,111,1,1,2.094507221134507,0.0001477731134566997
43006,selected_fixed_jump,1029,0,111,4,3,1.56376306023824,0.01971498709174323
43006,selected_fixed_jump,1029,0,111,8,3,1.56376306023824,0.01971498709174323
43006,selected_fixed_jump,1029,0,111,16,3,1.56376306023824,0.01971498709174323
43006,selected_fixed_jump,1033,0,111,1,1,6.101304791245171,0.17598696552374823
43006,selected_fixed_jump,1033,0,111,4,3,4.0677824001697385,0.5505097691032286
43006,selected_fixed_jump,1033,0,111,8,3,4.0677824001697385,0.5505097691032286
43006,selected_fixed_jump,1033,0,111,16,3,4.0677824001697385,0.5505097691032286
43006,selected_fixed_jump,1037,0,111,1,1,1.9159815008612486,0.2080129545766684
43006,selected_fixed_jump,1037,0,111,4,4,2.7497252758645323,0.307217069493416
43006,selected_fixed_jump,1037,0,111,8,8,1.9734993894332515,0.16164954887367597
43006,selected_fixed_jump,1037,0,111,16,16,1.0892565074191096,0.10062587239081068
43006,selected_fixed_jump,1074,0,111,1,1,-0.08796369666416815,0.00010118261330062934
43006,selected_fixed_jump,1074,0,111,4,4,0.14687947219515882,0.031225739302962303
43006,selected_fixed_jump,1074,0,111,8,8,0.7839268125250834,0.03965145150136161
43006,selected_fixed_jump,1074,0,111,16,8,0.7839268125250834,0.03965145150136161
43006,selected_fixed_jump,1084,0,111,1,1,1.033865478060322,0.25739939388181177
43006,selected_fixed_jump,1084,0,111,4,4,0.6383500963147585,0.11391417194480515
43006,selected_fixed_jump,1084,0,111,8,8,1.1161990331253577,0.07155275208342254
43006,selected_fixed_jump,1084,0,111,16,16,1.5228385385682484,0.10134877178282749
43006,selected_fixed_jump,1112,0,111,1,1,0.5272863315952059,0.006505313479634468
43006,selected_fixed_jump,1112,0,111,4,1,0.5272863315952059,0.006505313479634468
43006,selected_fixed_jump,1112,0,111,8,1,0.5272863315952059,0.006505313479634468
43006,selected_fixed_jump,1112,0,111,16,1,0.5272863315952059,0.006505313479634468
43006,selected_fixed_jump,1114,0,111,1,1,2.226421997649011,0.008056769605015526
43006,selected_fixed_jump,1114,0,111,4,4,2.444774609149056,0.1367434569062247
43006,selected_fixed_jump,1114,0,111,8,8,1.6531772195080514,0.08279308223179652
43006,selected_fixed_jump,1114,0,111,16,16,1.210385250503962,0.07923828700650487
43006,selected_fixed_jump,1143,0,111,1,1,6.188675847731786,0.1382665865731639
43006,selected_fixed_jump,1143,0,111,4,4,1.8117356202747752,0.14177847375179511
43006,selected_fixed_jump,1143,0,111,8,8,0.9648906169798339,0.07726354680775675
43006,selected_fixed_jump,1143,0,111,16,8,0.9648906169798339,0.07726354680775675
43006,selected_fixed_jump,1166,1,111,1,1,0.18783700564912675,0.4044075607818733
43006,selected_fixed_jump,1166,1,111,4,4,0.9392886760797904,0.15057227334880322
43006,selected_fixed_jump,1166,1,111,8,8,0.5162107001947915,0.10563132790191795
43006,selected_fixed_jump,1166,1,111,16,16,0.44807266390299855,0.07272046640596821
43006,selected_fixed_jump,1223,1,101,1,1,-0.15474975746804237,0.08634098664031217
43006,selected_fixed_jump,1223,1,101,4,4,0.6167450488437018,0.13641928403730713
43006,selected_fixed_jump,1223,1,101,8,8,0.8353141589366258,0.18226686416751947
43006,selected_fixed_jump,1223,1,101,16,8,0.8353141589366258,0.18226686416751947
43006,selected_fixed_jump,1232,1,101,1,1,3.205744684409842,0.003946426488870143
43006,selected_fixed_jump,1232,1,101,4,4,2.84690016889732,0.04193846588203545
43006,selected_fixed_jump,1232,1,101,8,8,1.6879901041708307,0.0500275036189466
43006,selected_fixed_jump,1232,1,101,16,16,1.735436183928734,0.06437509983805284
43006,selected_fixed_jump,1249,1,101,1,1,1.8741086889287604,0.08379637190490449
43006,selected_fixed_jump,1249,1,101,4,4,1.5608266002798579,0.08107457668999177
43006,selected_fixed_jump,1249,1,101,8,8,0.756510101010785,0.04769545095922326
43006,selected_fixed_jump,1249,1,101,16,16,0.7497751452397479,0.04352941320130027
43006,selected_fixed_jump,1320,1,101,1,1,2.571979759972063,0.006343133238447638
43006,selected_fixed_jump,1320,1,101,4,4,0.6975839287548978,0.00982496671850002
43006,selected_fixed_jump,1320,1,101,8,5,0.5289651747499626,0.012606639980087422
43006,selected_fixed_jump,1320,1,101,16,5,0.5289651747499626,0.012606639980087422
43006,selected_fixed_jump,1326,1,101,1,1,-0.1520935711336863,0.1365862455149938
43006,selected_fixed_jump,1326,1,101,4,1,-0.1520935711336863,0.1365862455149938
43006,selected_fixed_jump,1326,1,101,8,1,-0.1520935711336863,0.1365862455149938
43006,selected_fixed_jump,1326,1,101,16,1,-0.1520935711336863,0.1365862455149938
43006,selected_fixed_jump,1328,1,101,1,1,-0.0578322617890628,0.08456100462679406
43006,selected_fixed_jump,1328,1,101,4,4,-0.0721523990333407,0.03839321644319525
43006,selected_fixed_jump,1328,1,101,8,8,0.04360102063552186,0.02969549899490031
43006,selected_fixed_jump,1328,1,101,16,10,0.24339401869079696,0.02904858525252118
43006,selected_fixed_jump,1340,1,101,1,1,0.9840305738861929,0.09926605299211666
43006,selected_fixed_jump,1340,1,101,4,4,2.199024504162788,0.38974052816342925
43006,selected_fixed_jump,1340,1,101,8,8,1.3877026247629694,0.2716682122402306
43006,selected_fixed_jump,1340,1,101,16,16,1.3617383790499373,0.21050281482154448
43006,selected_fixed_jump,1449,1,111,1,1,3.8740885502022437,0.07893422165002974
43006,selected_fixed_jump,1449,1,111,4,4,3.784492883240919,0.577818400848858
43006,selected_fixed_jump,1449,1,111,8,8,2.2093915593033335,0.30541178337382197
43006,selected_fixed_jump,1449,1,111,16,16,1.8353179043033871,0.1780835072501442
43006,selected_fixed_jump,1466,1,111,1,1,0.8548276082304751,0.273364476215665
43006,selected_fixed_jump,1466,1,111,4,4,1.5657016120397391,0.10126244638543488
43006,selected_fixed_jump,1466,1,111,8,8,1.3491304376449713,0.10677193947876934
43006,selected_fixed_jump,1466,1,111,16,16,1.7551653815412527,0.0948163529543804
43006,selected_fixed_jump,1534,1,111,1,1,0.15260837494484994,0.1444211625140956
43006,selected_fixed_jump,1534,1,111,4,4,-0.008033820427158375,0.06276777543366278
43006,selected_fixed_jump,1534,1,111,8,8,0.8044619624406137,0.04693489857182401
43006,selected_fixed_jump,1534,1,111,16,13,0.5666773733127562,0.03210392622491946
43006,selected_fixed_jump,1548,1,101,1,1,1.7689457491045266,0.008977687820788782
43006,selected_fixed_jump,1548,1,101,4,4,0.3544655440738546,0.0467374267029645
43006,selected_fixed_jump,1548,1,101,8,8,1.6744841809244313,0.08190576821165958
43006,selected_fixed_jump,1548,1,101,16,14,0.8903717016334223,0.06376127582289683
43006,selected_fixed_jump,1563,1,101,1,1,-0.27946750037029816,0.07653157398173842
43006,selected_fixed_jump,1563,1,101,4,4,0.2067676617137611,0.02791001878046469
43006,selected_fixed_jump,1563,1,101,8,8,0.38587584169165556,0.022091842036471555
43006,selected_fixed_jump,1563,1,101,16,11,0.9313494821924764,0.03102083902141315
43006,selected_fixed_jump,1575,1,101,1,1,-0.29042852909016303,0.4114108973660534
43006,selected_fixed_jump,1575,1,101,4,4,0.9703677828523286,0.15690892701971848
43006,selected_fixed_jump,1575,1,101,8,8,0.5797098880151741,0.09835909257626221
43006,selected_fixed_jump,1575,1,101,16,16,0.4371092818724543,0.053591398152906145
43006,selected_fixed_jump,1686,1,110,1,1,-0.1782835968251987,0.0008137538995103789
43006,selected_fixed_jump,1686,1,110,4,4,0.21783934881341382,0.010512944993852788
43006,selected_fixed_jump,1686,1,110,8,8,0.22617301034234777,0.01388111932789164
43006,selected_fixed_jump,1686,1,110,16,16,0.1333204943493493,0.013322283088688821
43006,selected_fixed_jump,1741,1,101,1,1,3.8787615557041084,0.04263104941589456
43006,selected_fixed_jump,1741,1,101,4,4,0.8277323392458091,0.013409941303015429
43006,selected_fixed_jump,1741,1,101,8,8,1.4603200212334881,0.21502525819885765
43006,selected_fixed_jump,1741,1,101,16,16,1.2034947808079237,0.1320417605313689
43006,selected_fixed_jump,1768,1,101,1,1,-0.22619647638595217,0.00022387016962567506
43006,selected_fixed_jump,1768,1,101,4,4,-0.08380172118828784,0.008222681057192253
43006,selected_fixed_jump,1768,1,101,8,8,-0.07754951639246127,0.01984540681018556
43006,selected_fixed_jump,1768,1,101,16,11,0.7413677054049522,0.02729926419178871
43006,selected_fixed_jump,1780,1,101,1,1,1.0082275055784402,0.0007287373406005892
43006,selected_fixed_jump,1780,1,101,4,4,2.0199017001356006,0.085413010375273
43006,selected_fixed_jump,1780,1,101,8,8,1.1882053179972238,0.053874573543546744
43006,selected_fixed_jump,1780,1,101,16,9,1.0199685061595298,0.048034487219240155
43006,selected_fixed_jump,1791,1,101,1,1,-0.18556228395496305,0.1613230961633392
43006,selected_fixed_jump,1791,1,101,4,4,0.24549294316935447,0.05904579391515593
43006,selected_fixed_jump,1791,1,101,8,8,0.37207174774020946,0.0377743234055635
43006,selected_fixed_jump,1791,1,101,16,13,1.4842535179945386,0.21099947402599065
43006,selected_fixed_jump,1805,1,101,1,1,0.35699780371828777,0.03826677019100884
43006,selected_fixed_jump,1805,1,101,4,4,1.2983410020411483,0.0972028609771772
43006,selected_fixed_jump,1805,1,101,8,8,1.240742259270593,0.09814266644455466
43006,selected_fixed_jump,1805,1,101,16,9,1.1640286346456965,0.09953349496819204
43006,selected_fixed_jump,1815,1,101,1,1,4.497737668057046,0.012361913423773805
43006,selected_fixed_jump,1815,1,101,4,3,1.9813215785811813,0.09464219063991014
43006,selected_fixed_jump,1815,1,101,8,3,1.9813215785811813,0.09464219063991014
43006,selected_fixed_jump,1815,1,101,16,3,1.9813215785811813,0.09464219063991014
43006,selected_fixed_jump,1819,1,101,1,1,-0.1496130935679304,0.01497297900080693
43006,selected_fixed_jump,1819,1,101,4,4,1.7038393585495117,0.04237936639643748
43006,selected_fixed_jump,1819,1,101,8,8,0.9244977009883857,0.09997722393692823
43006,selected_fixed_jump,1819,1,101,16,12,1.4027434426909113,0.09551909035280205
43006,selected_fixed_jump,1832,1,111,1,1,-0.21331246169591245,0.11790571538062958
43006,selected_fixed_jump,1832,1,111,4,4,0.7290203252368956,0.03647659814571513
43006,selected_fixed_jump,1832,1,111,8,8,1.3745456006340686,0.08718578773099235
43006,selected_fixed_jump,1832,1,111,16,16,0.7679419960721047,0.046863257891252924
43006,selected_fixed_jump,1861,1,111,1,1,1.3257402409394088,0.00102978116436959
43006,selected_fixed_jump,1861,1,111,4,2,0.6999335497527572,0.09321513260174574
43006,selected_fixed_jump,1861,1,111,8,2,0.6999335497527572,0.09321513260174574
43006,selected_fixed_jump,1861,1,111,16,2,0.6999335497527572,0.09321513260174574
43006,selected_fixed_jump,1864,1,111,1,1,2.4571167092742363,0.0014642719462205438
43006,selected_fixed_jump,1864,1,111,4,4,0.6539817517394397,0.04607872722971716
43006,selected_fixed_jump,1864,1,111,8,8,2.1615198484749834,0.1491646842694629
43006,selected_fixed_jump,1864,1,111,16,14,1.893557204926916,0.10064375788038012
43006,selected_fixed_jump,1879,1,111,1,1,0.4358032640077626,0.00403142642775822
43006,selected_fixed_jump,1879,1,111,4,4,0.23197589458067777,0.002041244461023828
43006,selected_fixed_jump,1879,1,111,8,8,0.20771898427228316,0.0325851316822396
43006,selected_fixed_jump,1879,1,111,16,16,0.8175627468608855,0.06193171212491945
43006,selected_fixed_jump,1924,1,111,1,1,-0.1193642676075155,0.001979378460227591
43006,selected_fixed_jump,1924,1,111,4,1,-0.1193642676075155,0.001979378460227591
43006,selected_fixed_jump,1924,1,111,8,1,-0.1193642676075155,0.001979378460227591
43006,selected_fixed_jump,1924,1,111,16,1,-0.1193642676075155,0.001979378460227591
43006,selected_fixed_jump,1926,1,111,1,1,0.7415901860204528,0.1709289489851638
43006,selected_fixed_jump,1926,1,111,4,4,1.50055283765081,0.07107198390037438
43006,selected_fixed_jump,1926,1,111,8,4,1.50055283765081,0.07107198390037438
43006,selected_fixed_jump,1926,1,111,16,4,1.50055283765081,0.07107198390037438
43006,selected_fixed_jump,1931,1,111,1,1,0.22279695264635174,0.04269365351467167
43006,selected_fixed_jump,1931,1,111,4,3,0.1930862229032652,0.05431892546102938
43006,selected_fixed_jump,1931,1,111,8,3,0.1930862229032652,0.05431892546102938
43006,selected_fixed_jump,1931,1,111,16,3,0.1930862229032652,0.05431892546102938
43006,selected_fixed_jump,1935,1,111,1,1,2.007652695639037,0.04719629030990613
43006,selected_fixed_jump,1935,1,111,4,4,0.4744121834931428,0.02198377025905749
43006,selected_fixed_jump,1935,1,111,8,8,0.31297893534099686,0.03915593255897713
43006,selected_fixed_jump,1935,1,111,16,16,0.9943568093676801,0.0767865039140534
43006,selected_fixed_jump,1956,1,110,1,1,-0.22479848362153315,0.00391166811288879
43006,selected_fixed_jump,1956,1,110,4,4,-0.205100755696162,0.006285908536263433
43006,selected_fixed_jump,1956,1,110,8,6,-0.14968120905566618,0.011474896389056103
43006,selected_fixed_jump,1956,1,110,16,6,-0.14968120905566618,0.011474896389056103
43006,selected_fixed_jump,1963,1,110,1,1,0.05825186413068548,0.00022688236898844614
43006,selected_fixed_jump,1963,1,110,4,4,0.29620836986911214,0.014680262825547786
43006,selected_fixed_jump,1963,1,110,8,8,0.15208987976240468,0.022563736687198042
43006,selected_fixed_jump,1963,1,110,16,13,0.06471313513340954,0.017964531897280877
43006,selected_fixed_jump,1977,1,110,1,1,0.5648445647775331,0.04062093936227511
43006,selected_fixed_jump,1977,1,110,4,4,0.2683701343164206,0.039968988833478256
43006,selected_fixed_jump,1977,1,110,8,8,0.12117464995949394,0.027823153246282727
43006,selected_fixed_jump,1977,1,110,16,9,0.09489540431294355,0.025188942027945554
43006,selected_fixed_jump,1987,1,110,1,1,-0.06385236262100812,6.826815739377877e-05
43006,selected_fixed_jump,1987,1,110,4,4,0.03945295662503208,0.009114619539507488
43006,selected_fixed_jump,1987,1,110,8,6,-0.05281359260015506,0.006705961822542377
43006,selected_fixed_jump,1987,1,110,16,6,-0.05281359260015506,0.006705961822542377
43006,selected_fixed_jump,1994,1,110,1,1,0.9725976232961173,0.11765648060521837
43006,selected_fixed_jump,1994,1,110,4,4,1.521764992649981,0.039472128056313185
43006,selected_fixed_jump,1994,1,110,8,8,0.8997153023811941,0.023737262948815417
43006,selected_fixed_jump,1994,1,110,16,16,0.4407332332086402,0.02110409898497269
43006,selected_fixed_jump,2012,1,110,1,1,2.299753303662992,0.03001215178357627
43006,selected_fixed_jump,2012,1,110,4,4,0.5346578420800095,0.013579645000029176
43006,selected_fixed_jump,2012,1,110,8,8,0.16980841351917425,0.011089414819116367
43006,selected_fixed_jump,2012,1,110,16,11,0.15722010768630007,0.011781602783642457
43006,selected_fixed_jump,2024,1,110,1,1,-0.21707021321906458,0.0009649394782348678
43006,selected_fixed_jump,2024,1,110,4,4,0.026378602777270138,0.002908506326894143
43006,selected_fixed_jump,2024,1,110,8,8,0.136195464541719,0.02096083070823782
43006,selected_fixed_jump,2024,1,110,16,16,0.10172797603884116,0.016047706197091467
43006,selected_fixed_jump,2042,1,110,1,1,-0.16091221844148565,0.0029237741298483175
43006,selected_fixed_jump,2042,1,110,4,4,-0.20468785293609099,0.010879928499931624
43006,selected_fixed_jump,2042,1,110,8,8,-0.045055115339875246,0.006030756898717848
43006,selected_fixed_jump,2042,1,110,16,9,-0.03348166944079308,0.005856047765125327
43006,selected_fixed_jump,2052,1,110,1,1,0.026401328660335444,0.0007254112791777458
43006,selected_fixed_jump,2052,1,110,4,4,0.21016745638194345,0.004362318699681241
43006,selected_fixed_jump,2052,1,110,8,7,0.33710584746406036,0.028346004040869267
43006,selected_fixed_jump,2052,1,110,16,7,0.33710584746406036,0.028346004040869267
43006,selected_fixed_jump,2060,1,110,1,1,-0.333990169473943,0.016591262606335686
43006,selected_fixed_jump,2060,1,110,4,1,-0.333990169473943,0.016591262606335686
43006,selected_fixed_jump,2060,1,110,8,1,-0.333990169473943,0.016591262606335686
43006,selected_fixed_jump,2060,1,110,16,1,-0.333990169473943,0.016591262606335686
43006,selected_fixed_jump,2062,1,110,1,1,0.07567698034778932,0.012491831975994306
43006,selected_fixed_jump,2062,1,110,4,4,0.35460026933672684,0.020180758650654357
43006,selected_fixed_jump,2062,1,110,8,8,0.07650105610036662,0.01226552636581126
43006,selected_fixed_jump,2062,1,110,16,12,0.2201232610647388,0.013416741371494574
43006,selected_fixed_jump,2075,1,110,1,1,1.277430642524707,0.008077488366969436
43006,selected_fixed_jump,2075,1,110,4,4,1.0585835538011694,0.043898595222983075
43006,selected_fixed_jump,2075,1,110,8,4,1.0585835538011694,0.043898595222983075
43006,selected_fixed_jump,2075,1,110,16,4,1.0585835538011694,0.043898595222983075
43006,selected_fixed_jump,2080,1,110,1,1,-0.08688470675225733,0.0020876780762696437
43006,selected_fixed_jump,2080,1,110,4,4,0.1507004303579045,0.03674333390810301
43006,selected_fixed_jump,2080,1,110,8,8,0.19163384986894672,0.02369768345771398
43006,selected_fixed_jump,2080,1,110,16,16,0.006677115732048398,0.014745493243040022
43006,selected_fixed_jump,2142,1,110,1,1,-0.19338130546753143,0.0006384566759174889
43006,selected_fixed_jump,2142,1,110,4,2,0.9441281676146914,0.029223415292401564
43006,selected_fixed_jump,2142,1,110,8,2,0.9441281676146914,0.029223415292401564
43006,selected_fixed_jump,2142,1,110,16,2,0.9441281676146914,0.029223415292401564
43006,selected_fixed_jump,2145,1,110,1,1,-0.1541795819376234,0.0013399145407305738
43006,selected_fixed_jump,2145,1,110,4,4,0.7595069217313787,0.048679710805450416
43006,selected_fixed_jump,2145,1,110,8,7,0.5845915804659674,0.03298509460572777
43006,selected_fixed_jump,2145,1,110,16,7,0.5845915804659674,0.03298509460572777
43006,selected_fixed_jump,2153,1,110,1,1,-0.22007039030083492,0.0080481383587737
43006,selected_fixed_jump,2153,1,110,4,4,0.2600718857800098,0.028596864031694782
43006,selected_fixed_jump,2153,1,110,8,5,0.1415920707195894,0.02478873914649815
43006,selected_fixed_jump,2153,1,110,16,5,0.1415920707195894,0.02478873914649815
43006,selected_fixed_jump,2159,1,110,1,1,0.6782177526768136,0.01862291869544131
43006,selected_fixed_jump,2159,1,110,4,4,0.04381674853610494,0.012349963040191264
43006,selected_fixed_jump,2159,1,110,8,8,0.01647195974581895,0.015002265913756448
43006,selected_fixed_jump,2159,1,110,16,16,-0.030266065945797706,0.01786383889862016
43006,selected_fixed_jump,2194,1,011,1,1,0.05152794362117132,0.6259400938860127
43006,selected_fixed_jump,2194,1,011,4,4,0.610012465670001,0.21068491384956559
43006,selected_fixed_jump,2194,1,011,8,8,1.564459543331863,0.15962536471755084
43006,selected_fixed_jump,2194,1,011,16,16,1.5133336407503826,0.1511464775747974
43006,selected_fixed_jump,2346,2,110,1,1,2.358120139219325,0.0787317108271268
43006,selected_fixed_jump,2346,2,110,4,4,0.8729953806769533,0.04469734167084379
43006,selected_fixed_jump,2346,2,110,8,8,0.6399212263129281,0.026551070591106663
43006,selected_fixed_jump,2346,2,110,16,16,0.2325244138229834,0.015910141191893972
43006,selected_fixed_jump,2367,2,110,1,1,1.291002796128471,0.0018237435302210587
43006,selected_fixed_jump,2367,2,110,4,4,0.2834967499089666,0.0208725076560289
43006,selected_fixed_jump,2367,2,110,8,8,0.8208538853210463,0.014206568537724815
43006,selected_fixed_jump,2367,2,110,16,16,0.9325821735614603,0.02411691982682645
43006,selected_fixed_jump,2396,2,111,1,1,-0.14730883163338857,0.010187309614506
43006,selected_fixed_jump,2396,2,111,4,2,-0.21462412873808517,0.007408710051914704
43006,selected_fixed_jump,2396,2,111,8,2,-0.21462412873808517,0.007408710051914704
43006,selected_fixed_jump,2396,2,111,16,2,-0.21462412873808517,0.007408710051914704
43006,selected_fixed_jump,2400,2,111,1,1,0.22691279537505224,0.044685377417641295
43006,selected_fixed_jump,2400,2,111,4,4,0.4014154562890418,0.04485561848953127
43006,selected_fixed_jump,2400,2,111,8,8,0.28162852060496035,0.039732789485262106
43006,selected_fixed_jump,2400,2,111,16,16,0.6136267519238541,0.028918611940514472
43006,selected_fixed_jump,2435,2,111,1,1,1.9011863063543475,0.008400285272629043
43006,selected_fixed_jump,2435,2,111,4,1,1.9011863063543475,0.008400285272629043
43006,selected_fixed_jump,2435,2,111,8,1,1.9011863063543475,0.008400285272629043
43006,selected_fixed_jump,2435,2,111,16,1,1.9011863063543475,0.008400285272629043
43006,selected_fixed_jump,2437,2,111,1,1,0.5794675062822049,0.03752334744554791
43006,selected_fixed_jump,2437,2,111,4,4,0.050780575543862796,0.022974903598722472
43006,selected_fixed_jump,2437,2,111,8,8,0.3703053414270042,0.011753146391360322
43006,selected_fixed_jump,2437,2,111,16,14,1.2849025061184507,0.05606891986991313
43006,selected_fixed_jump,2452,2,111,1,1,1.7352183992386563,0.050429844222935026
43006,selected_fixed_jump,2452,2,111,4,1,1.7352183992386563,0.050429844222935026
43006,selected_fixed_jump,2452,2,111,8,1,1.7352183992386563,0.050429844222935026
43006,selected_fixed_jump,2452,2,111,16,1,1.7352183992386563,0.050429844222935026
43006,selected_fixed_jump,2454,2,111,1,1,1.166264848812983,0.2551188196046398
43006,selected_fixed_jump,2454,2,111,4,3,1.2827051027175094,0.1288522959906742
43006,selected_fixed_jump,2454,2,111,8,3,1.2827051027175094,0.1288522959906742
43006,selected_fixed_jump,2454,2,111,16,3,1.2827051027175094,0.1288522959906742
43006,selected_fixed_jump,2458,2,111,1,1,1.7621012444332553,0.15367924579691342
43006,selected_fixed_jump,2458,2,111,4,4,2.1518541893208964,0.23132789786073524
43006,selected_fixed_jump,2458,2,111,8,5,1.6718640687567796,0.18543421442596925
43006,selected_fixed_jump,2458,2,111,16,5,1.6718640687567796,0.18543421442596925
43006,selected_fixed_jump,2464,2,111,1,1,0.2959234918401372,0.142326871254653
43006,selected_fixed_jump,2464,2,111,4,1,0.2959234918401372,0.142326871254653
43006,selected_fixed_jump,2464,2,111,8,1,0.2959234918401372,0.142326871254653
43006,selected_fixed_jump,2464,2,111,16,1,0.2959234918401372,0.142326871254653
43006,selected_fixed_jump,2466,2,111,1,1,0.2080691183596356,0.004595237321523182
43006,selected_fixed_jump,2466,2,111,4,4,0.04395966708600475,0.033662802738394504
43006,selected_fixed_jump,2466,2,111,8,8,0.619090112289734,0.0396938699004262
43006,selected_fixed_jump,2466,2,111,16,16,0.623124846234048,0.027286824588786535
43006,selected_fixed_jump,2489,2,111,1,1,2.2031479886253833,2.9776494679324644e-05
43006,selected_fixed_jump,2489,2,111,4,4,0.5912060880047083,0.07924445669685154
43006,selected_fixed_jump,2489,2,111,8,8,0.6711101654702798,0.054029468130340236
43006,selected_fixed_jump,2489,2,111,16,16,0.8047188242702313,0.041985737770198456
43006,selected_fixed_jump,2508,2,111,1,1,0.05229719134460373,0.18199004482894401
43006,selected_fixed_jump,2508,2,111,4,4,2.741817305841641,0.5340883827502755
43006,selected_fixed_jump,2508,2,111,8,7,2.10108443475733,0.37544575952625475
43006,selected_fixed_jump,2508,2,111,16,7,2.10108443475733,0.37544575952625475
43006,selected_fixed_jump,2516,2,111,1,1,3.578346769290094,0.13140207284097596
43006,selected_fixed_jump,2516,2,111,4,4,1.7376289484112806,0.142457586059042
43006,selected_fixed_jump,2516,2,111,8,8,1.109727637727756,0.08630386014844414
43006,selected_fixed_jump,2516,2,111,16,8,1.109727637727756,0.08630386014844414
43006,selected_fixed_jump,2525,2,111,1,1,3.2495753251413864,0.08583920313015284
43006,selected_fixed_jump,2525,2,111,4,4,1.94654251558599,0.04761130032120227
43006,selected_fixed_jump,2525,2,111,8,8,1.1134393739526436,0.03268866955402021
43006,selected_fixed_jump,2525,2,111,16,8,1.1134393739526436,0.03268866955402021
43006,selected_fixed_jump,2534,2,111,1,1,2.699326732399404,0.02384246537910408
43006,selected_fixed_jump,2534,2,111,4,3,0.9533517096363923,0.07191386074884966
43006,selected_fixed_jump,2534,2,111,8,3,0.9533517096363923,0.07191386074884966
43006,selected_fixed_jump,2534,2,111,16,3,0.9533517096363923,0.07191386074884966
43006,selected_fixed_jump,2539,2,111,1,1,1.157481340165759,0.0036279452626469706
43006,selected_fixed_jump,2539,2,111,4,4,0.33241492614463014,0.015143990953301854
43006,selected_fixed_jump,2539,2,111,8,8,1.1076243905963445,0.0496752017850737
43006,selected_fixed_jump,2539,2,111,16,10,1.0748561919507993,0.04862370369823531
43006,selected_fixed_jump,2550,2,111,1,1,0.5856711305112164,0.3114033955410606
43006,selected_fixed_jump,2550,2,111,4,4,3.0583641594262754,0.17040408885864614
43006,selected_fixed_jump,2550,2,111,8,8,2.075305025634812,0.10570563061323905
43006,selected_fixed_jump,2550,2,111,16,8,2.075305025634812,0.10570563061323905
43006,selected_fixed_jump,2559,2,111,1,1,3.2060576469837585,0.023798672517121467
43006,selected_fixed_jump,2559,2,111,4,4,1.7358651957298283,0.10221045790306504
43006,selected_fixed_jump,2559,2,111,8,8,0.8304590594539921,0.08584525451452789
43006,selected_fixed_jump,2559,2,111,16,16,1.3098105937389424,0.06794927270582002
43006,selected_fixed_jump,2590,2,101,1,1,0.7517879498973083,0.008519435423085276
43006,selected_fixed_jump,2590,2,101,4,4,1.011610518939019,0.033992791286832406
43006,selected_fixed_jump,2590,2,101,8,8,1.162654861277672,0.04037427422824496
43006,selected_fixed_jump,2590,2,101,16,16,1.5379239303063552,0.111038660087444
43006,selected_fixed_jump,2617,2,101,1,1,3.551682585545707,0.33714576303859295
43006,selected_fixed_jump,2617,2,101,4,4,2.947528819302414,0.11787249383153926
43006,selected_fixed_jump,2617,2,101,8,8,1.9398611122985632,0.07238955316429245
43006,selected_fixed_jump,2617,2,101,16,16,1.2805256514428711,0.09341589038621988
43006,selected_fixed_jump,2639,2,101,1,1,0.6701636410646336,0.3125555861405566
43006,selected_fixed_jump,2639,2,101,4,1,0.6701636410646336,0.3125555861405566
43006,selected_fixed_jump,2639,2,101,8,1,0.6701636410646336,0.3125555861405566
43006,selected_fixed_jump,2639,2,101,16,1,0.6701636410646336,0.3125555861405566
43006,selected_fixed_jump,2641,2,101,1,1,0.22961824982909168,0.006645530551709977
43006,selected_fixed_jump,2641,2,101,4,4,0.7029774566082705,0.048598755711740466
43006,selected_fixed_jump,2641,2,101,8,8,0.8953867326702247,0.050755203496453134
43006,selected_fixed_jump,2641,2,101,16,16,1.3957680205614256,0.05377985389239077
43006,selected_fixed_jump,2667,2,101,1,1,1.566807229451124,0.052104789558045886
43006,selected_fixed_jump,2667,2,101,4,3,1.8037268935541098,0.06211956485577519
43006,selected_fixed_jump,2667,2,101,8,3,1.8037268935541098,0.06211956485577519
43006,selected_fixed_jump,2667,2,101,16,3,1.8037268935541098,0.06211956485577519
43006,selected_fixed_jump,2671,2,101,1,1,0.19849814116606307,0.013567766530552439
43006,selected_fixed_jump,2671,2,101,4,4,0.45782232828473607,0.016008959787229632
43006,selected_fixed_jump,2671,2,101,8,8,0.25438446965919104,0.014523071010427335
43006,selected_fixed_jump,2671,2,101,16,16,0.3716793089633872,0.02867595388259521
43006,selected_fixed_jump,2795,2,011,1,1,4.930069401266209,0.16928201591532135
43006,selected_fixed_jump,2795,2,011,4,4,1.7104666110351707,0.06856558191256057
43006,selected_fixed_jump,2795,2,011,8,8,1.7222956355320131,0.04357771425062206
43006,selected_fixed_jump,2795,2,011,16,16,1.474664602855623,0.08785787122157879
43006,selected_fixed_jump,2820,2,110,1,1,1.058074323807656,0.0197577176608523
43006,selected_fixed_jump,2820,2,110,4,4,0.4910534510404451,0.008078982738986025
43006,selected_fixed_jump,2820,2,110,8,4,0.4910534510404451,0.008078982738986025
43006,selected_fixed_jump,2820,2,110,16,4,0.4910534510404451,0.008078982738986025
43006,selected_fixed_jump,2825,2,110,1,1,-0.19715028948221877,3.6535644955500715e-10
43006,selected_fixed_jump,2825,2,110,4,4,0.047095376492520755,0.03497331492947767
43006,selected_fixed_jump,2825,2,110,8,4,0.047095376492520755,0.03497331492947767
43006,selected_fixed_jump,2825,2,110,16,4,0.047095376492520755,0.03497331492947767
43006,selected_fixed_jump,2830,2,110,1,1,-0.11039846142249508,4.918772028219978e-05
43006,selected_fixed_jump,2830,2,110,4,4,0.39168942618763275,0.006191823221982208
43006,selected_fixed_jump,2830,2,110,8,8,0.4643604285575308,0.018207613443657036
43006,selected_fixed_jump,2830,2,110,16,8,0.4643604285575308,0.018207613443657036
43006,selected_fixed_jump,2839,2,110,1,1,-0.31813516790403856,0.0033634122762448843
43006,selected_fixed_jump,2839,2,110,4,1,-0.31813516790403856,0.0033634122762448843
43006,selected_fixed_jump,2839,2,110,8,1,-0.31813516790403856,0.0033634122762448843
43006,selected_fixed_jump,2839,2,110,16,1,-0.31813516790403856,0.0033634122762448843
43006,selected_fixed_jump,2841,2,110,1,1,0.47212788655092275,0.010843057635427667
43006,selected_fixed_jump,2841,2,110,4,4,-0.09008516810581924,0.006355806648722536
43006,selected_fixed_jump,2841,2,110,8,6,-0.05201533961333495,0.009309585425002898
43006,selected_fixed_jump,2841,2,110,16,6,-0.05201533961333495,0.009309585425002898
43006,selected_fixed_jump,2848,2,110,1,1,-0.22257799266072772,0.018077738541768775
43006,selected_fixed_jump,2848,2,110,4,2,-0.26566443168014103,0.027188300725620194
43006,selected_fixed_jump,2848,2,110,8,2,-0.26566443168014103,0.027188300725620194
43006,selected_fixed_jump,2848,2,110,16,2,-0.26566443168014103,0.027188300725620194
43006,selected_fixed_jump,2851,2,110,1,1,-0.06589551708267741,0.00027898302487216206
43006,selected_fixed_jump,2851,2,110,4,4,0.6767705683234051,0.05883748716267728
43006,selected_fixed_jump,2851,2,110,8,6,0.41590071120864147,0.045023912884372436
43006,selected_fixed_jump,2851,2,110,16,6,0.41590071120864147,0.045023912884372436
43006,selected_fixed_jump,2858,2,110,1,1,-0.10987433141734004,0.009696837841234167
43006,selected_fixed_jump,2858,2,110,4,4,-0.2362412671429997,0.005691549600813554
43006,selected_fixed_jump,2858,2,110,8,8,-0.10227049404611371,0.014867432385255615
43006,selected_fixed_jump,2858,2,110,16,15,0.11519132018606124,0.017089256784768105
43006,selected_fixed_jump,2875,2,110,1,1,0.41384168954224937,0.011988130534246872
43006,selected_fixed_jump,2875,2,110,4,1,0.41384168954224937,0.011988130534246872
43006,selected_fixed_jump,2875,2,110,8,1,0.41384168954224937,0.011988130534246872
43006,selected_fixed_jump,2875,2,110,16,1,0.41384168954224937,0.011988130534246872
43006,selected_fixed_jump,2877,2,110,1,1,-0.22305345872060328,0.010023514967496436
43006,selected_fixed_jump,2877,2,110,4,4,-0.039373164238527894,0.013176193131969808
43006,selected_fixed_jump,2877,2,110,8,8,-0.11661951042353666,0.009373896345010863
43006,selected_fixed_jump,2877,2,110,16,16,-0.13534111428035545,0.012048271690741038
43006,selected_fixed_jump,2914,2,110,1,1,0.30396712198813686,0.010062042434666681
43006,selected_fixed_jump,2914,2,110,4,4,0.6522216669580185,0.021230462186765886
43006,selected_fixed_jump,2914,2,110,8,8,0.28841092521719963,0.014305614748262759
43006,selected_fixed_jump,2914,2,110,16,16,0.27507793819235893,0.02176459240963921
43006,selected_fixed_jump,2959,2,110,1,1,-0.23666065982671777,0.00036247070775947043
43006,selected_fixed_jump,2959,2,110,4,2,-0.27846860382184874,0.00680657288358192
43006,selected_fixed_jump,2959,2,110,8,2,-0.27846860382184874,0.00680657288358192
43006,selected_fixed_jump,2959,2,110,16,2,-0.27846860382184874,0.00680657288358192
43006,selected_fixed_jump,2962,2,110,1,1,-0.09033356794810742,0.00011064778293007568
43006,selected_fixed_jump,2962,2,110,4,4,-0.15648200357097208,0.006764096083724717
43006,selected_fixed_jump,2962,2,110,8,8,-0.04601611465867424,0.014476412441371982
43006,selected_fixed_jump,2962,2,110,16,16,-0.07286992118710782,0.011050911646926322
43006,selected_fixed_jump,2982,2,110,1,1,-0.14747347830716276,0.0026494986822328706
43006,selected_fixed_jump,2982,2,110,4,4,0.1815372830959785,0.014191085146205403
43006,selected_fixed_jump,2982,2,110,8,8,-0.04039272004509563,0.010954117988372019
43006,selected_fixed_jump,2982,2,110,16,16,-0.04313633276938656,0.010890742517812031
43006,selected_fixed_jump,3011,2,110,1,1,2.926596194365872,0.07460763016993252
43006,selected_fixed_jump,3011,2,110,4,4,0.9423451410723769,0.033755767369273666
43006,selected_fixed_jump,3011,2,110,8,8,0.5656361060213164,0.03263987584585647
43006,selected_fixed_jump,3011,2,110,16,16,0.35802656574715186,0.02195798691789233
43006,selected_fixed_jump,3064,2,111,1,1,4.065419511629791,0.05958967340507528
43006,selected_fixed_jump,3064,2,111,4,4,3.225213624070014,0.144905011064371
43006,selected_fixed_jump,3064,2,111,8,8,3.4761597144150573,0.12335844149884251
43006,selected_fixed_jump,3064,2,111,16,16,1.990668917428337,0.08876788065682067
43006,selected_fixed_jump,3136,2,101,1,1,-0.20015783522231229,0.04157432105940789
43006,selected_fixed_jump,3136,2,101,4,4,-0.22816984700832088,0.050690851926006586
43006,selected_fixed_jump,3136,2,101,8,8,0.19840681445972852,0.06138470779827693
43006,selected_fixed_jump,3136,2,101,16,13,0.39869335502485875,0.057571664355500034
43006,selected_fixed_jump,3150,2,101,1,1,-0.15866463271551226,0.06557226330236587
43006,selected_fixed_jump,3150,2,101,4,4,0.36455953813495723,0.023710803406713433
43006,selected_fixed_jump,3150,2,101,8,8,0.1829124550742318,0.05129254313595336
43006,selected_fixed_jump,3150,2,101,16,11,0.11436051330925237,0.04680465281799235
43006,selected_fixed_jump,3162,2,101,1,1,0.5565670059209457,0.0025939348227821215
43006,selected_fixed_jump,3162,2,101,4,4,0.18885853867125482,0.025217108439534282
43006,selected_fixed_jump,3162,2,101,8,8,0.15573442252729053,0.02473613773553829
43006,selected_fixed_jump,3162,2,101,16,8,0.15573442252729053,0.02473613773553829
43006,selected_fixed_jump,3171,2,101,1,1,1.7272574452951932,0.09154378162894121
43006,selected_fixed_jump,3171,2,101,4,4,1.0546346207634123,0.023921956314856836
43006,selected_fixed_jump,3171,2,101,8,8,0.43954129369871986,0.016535386306575722
43006,selected_fixed_jump,3171,2,101,16,16,0.43971965445571887,0.017700293644291567
43006,selected_fixed_jump,3209,2,101,1,1,-0.15847528425164656,0.0806949595231298
43006,selected_fixed_jump,3209,2,101,4,4,0.4687708171441428,0.06330208142303784
43006,selected_fixed_jump,3209,2,101,8,8,1.1018889723891905,0.10643610025831765
43006,selected_fixed_jump,3209,2,101,16,16,1.2026996728783281,0.07754719441840023
43006,selected_fixed_jump,3398,2,101,1,1,2.413789255050034,0.08963047660661345
43006,selected_fixed_jump,3398,2,101,4,4,2.024700821077404,0.05663483134783761
43006,selected_fixed_jump,3398,2,101,8,8,1.2558534424993089,0.03588861867860198
43006,selected_fixed_jump,3398,2,101,16,16,1.644102658656558,0.13460344613062816
43006,selected_fixed_jump,3425,2,101,1,1,5.663826496432837,0.10209359113229341
43006,selected_fixed_jump,3425,2,101,4,4,2.9123969468860684,0.07837146776098247
43006,selected_fixed_jump,3425,2,101,8,8,1.5243463956780852,0.051097475740679285
43006,selected_fixed_jump,3425,2,101,16,16,1.1013420225631023,0.052404564142673915
43006,selected_fixed_jump,3446,2,101,1,1,0.3911087327389277,0.09382377811177395
43006,selected_fixed_jump,3446,2,101,4,4,0.12438165722037682,0.05654431868845575
43006,selected_fixed_jump,3446,2,101,8,8,0.04571624266896877,0.03382244820369766
43006,selected_fixed_jump,3446,2,101,16,9,0.006784979682849184,0.030578433451960922
43006,selected_fixed_jump,3474,3,101,1,1,0.5674647128264179,0.001132157771995321
43006,selected_fixed_jump,3474,3,101,4,2,0.3034441186150894,0.02336506452188916
43006,selected_fixed_jump,3474,3,101,8,2,0.3034441186150894,0.02336506452188916
43006,selected_fixed_jump,3474,3,101,16,2,0.3034441186150894,0.02336506452188916
43006,selected_fixed_jump,3477,3,101,1,1,6.670982297003628,0.4882154131841567
43006,selected_fixed_jump,3477,3,101,4,4,3.4951017356233196,0.17475793247991442
43006,selected_fixed_jump,3477,3,101,8,8,2.3116867841267976,0.174180059271554
43006,selected_fixed_jump,3477,3,101,16,14,2.156609100180776,0.2056346370610884
43006,selected_fixed_jump,3492,3,101,1,1,2.5374258505168674,0.1775990182446154
43006,selected_fixed_jump,3492,3,101,4,4,2.5078737588132505,0.06577617517335445
43006,selected_fixed_jump,3492,3,101,8,8,1.600976716988717,0.045931399143837315
43006,selected_fixed_jump,3492,3,101,16,15,1.2283813630758327,0.04832435993245206
43006,selected_fixed_jump,3508,3,101,1,1,1.2665001297351777,0.45577297035035874
43006,selected_fixed_jump,3508,3,101,4,1,1.2665001297351777,0.45577297035035874
43006,selected_fixed_jump,3508,3,101,8,1,1.2665001297351777,0.45577297035035874
43006,selected_fixed_jump,3508,3,101,16,1,1.2665001297351777,0.45577297035035874
43006,selected_fixed_jump,3510,3,101,1,1,2.141397334054737,0.05957650524506213
43006,selected_fixed_jump,3510,3,101,4,4,0.6945300262380797,0.025274486869199676
43006,selected_fixed_jump,3510,3,101,8,8,0.37019591746168146,0.019070953071934953
43006,selected_fixed_jump,3510,3,101,16,11,0.7532797708477802,0.019921029108263853
43006,selected_fixed_jump,3522,3,101,1,1,0.012854514354837997,0.032105185039562924
43006,selected_fixed_jump,3522,3,101,4,4,-0.19721151837863204,0.02445703710303712
43006,selected_fixed_jump,3522,3,101,8,8,0.13850901297751173,0.026516142842269403
43006,selected_fixed_jump,3522,3,101,16,10,0.2666212872433878,0.025606580802801353
43006,selected_fixed_jump,3533,3,101,1,1,-0.2246643445266483,0.03566289563986173
43006,selected_fixed_jump,3533,3,101,4,4,0.4448568591480591,0.025022492413750222
43006,selected_fixed_jump,3533,3,101,8,8,0.19194280372471742,0.0359031975495584
43006,selected_fixed_jump,3533,3,101,16,12,1.079869179635687,0.111752270353447
43006,selected_fixed_jump,3546,3,101,1,1,0.5578088763777507,0.15825301636628858
43006,selected_fixed_jump,3546,3,101,4,1,0.5578088763777507,0.15825301636628858
43006,selected_fixed_jump,3546,3,101,8,1,0.5578088763777507,0.15825301636628858
43006,selected_fixed_jump,3546,3,101,16,1,0.5578088763777507,0.15825301636628858
43006,selected_fixed_jump,3548,3,101,1,1,2.3400221883394408,0.006408757997127252
43006,selected_fixed_jump,3548,3,101,4,4,0.547886926253018,0.007332800576312653
43006,selected_fixed_jump,3548,3,101,8,8,0.958765577146997,0.025364165888094398
43006,selected_fixed_jump,3548,3,101,16,16,1.1539227221180708,0.056973209023189565
43006,selected_fixed_jump,3572,3,111,1,1,0.7056263860284109,0.06102447949757729
43006,selected_fixed_jump,3572,3,111,4,4,1.4090636709312059,0.06432947363080582
43006,selected_fixed_jump,3572,3,111,8,8,1.959095851049486,0.11109249217117395
43006,selected_fixed_jump,3572,3,111,16,14,1.8377790347138414,0.08375019756922229
43006,selected_fixed_jump,3587,3,111,1,1,0.0943163617255525,0.0036986364782388087
43006,selected_fixed_jump,3587,3,111,4,4,0.0949407682827474,0.004987605799370254
43006,selected_fixed_jump,3587,3,111,8,5,0.28285726773534076,0.00399337989845489
43006,selected_fixed_jump,3587,3,111,16,5,0.28285726773534076,0.00399337989845489
43006,selected_fixed_jump,3593,3,111,1,1,2.310060820408747,0.033897312076912635
43006,selected_fixed_jump,3593,3,111,4,4,2.7871459395520706,0.06888122228142478
43006,selected_fixed_jump,3593,3,111,8,8,2.8394717912529117,0.10125132394052593
43006,selected_fixed_jump,3593,3,111,16,16,1.9848356173831045,0.11611828480265471
43006,selected_fixed_jump,3632,3,111,1,1,-0.1337552023063628,0.08340217755164456
43006,selected_fixed_jump,3632,3,111,4,4,0.6293090406463188,0.027709390271518523
43006,selected_fixed_jump,3632,3,111,8,8,1.8013276923823285,0.11812864897471345
43006,selected_fixed_jump,3632,3,111,16,9,1.6299221286651906,0.10505467291642426
43006,selected_fixed_jump,3642,3,111,1,1,5.745443698306131,0.0016647695602322163
43006,selected_fixed_jump,3642,3,111,4,4,2.9989559244796107,0.210370954677387
43006,selected_fixed_jump,3642,3,111,8,7,1.6508892786102556,0.19072677395146492
43006,selected_fixed_jump,3642,3,111,16,7,1.6508892786102556,0.19072677395146492
43006,selected_fixed_jump,3650,3,111,1,1,0.3626211647572461,0.029372659713090398
43006,selected_fixed_jump,3650,3,111,4,4,2.0057270770277618,0.16766394428807857
43006,selected_fixed_jump,3650,3,111,8,8,1.1384970692496506,0.09618331248778815
43006,selected_fixed_jump,3650,3,111,16,16,1.016459626590727,0.08085461894517454
43006,selected_fixed_jump,3692,3,110,1,1,0.1669976538167354,0.010603095232122646
43006,selected_fixed_jump,3692,3,110,4,4,0.12457858328105556,0.015597148080645728
43006,selected_fixed_jump,3692,3,110,8,8,0.14825574867287566,0.013233317008727924
43006,selected_fixed_jump,3692,3,110,16,9,0.1552553355829945,0.021221835237760035
43006,selected_fixed_jump,3703,3,110,1,1,0.760916383443488,0.059547130500165336
43006,selected_fixed_jump,3703,3,110,4,4,0.16627469246161028,0.033299900349032296
43006,selected_fixed_jump,3703,3,110,8,8,0.012204315633068008,0.023594236257552977
43006,selected_fixed_jump,3703,3,110,16,16,-0.0596949378127693,0.016681912802495487
43006,selected_fixed_jump,3723,3,110,1,1,-0.19806962647952361,0.00028567239693303304
43006,selected_fixed_jump,3723,3,110,4,1,-0.19806962647952361,0.00028567239693303304
43006,selected_fixed_jump,3723,3,110,8,1,-0.19806962647952361,0.00028567239693303304
43006,selected_fixed_jump,3723,3,110,16,1,-0.19806962647952361,0.00028567239693303304
43006,selected_fixed_jump,3725,3,110,1,1,0.30450495982744213,0.011666111818365332
43006,selected_fixed_jump,3725,3,110,4,4,-0.10270028087824844,0.006723567114206571
43006,selected_fixed_jump,3725,3,110,8,8,-0.08312451367465809,0.006658995484454526
43006,selected_fixed_jump,3725,3,110,16,16,0.01451506983609422,0.009231313047530842
43006,selected_fixed_jump,3755,3,110,1,1,-0.25944425173643426,0.013785305833537076
43006,selected_fixed_jump,3755,3,110,4,4,-0.00986025975261845,0.006791471983244511
43006,selected_fixed_jump,3755,3,110,8,8,0.20926147471355921,0.009103394969976638
43006,selected_fixed_jump,3755,3,110,16,13,0.09839210920593011,0.009103025296184229
43006,selected_fixed_jump,3769,3,110,1,1,1.3149814198362169,0.02307527202034987
43006,selected_fixed_jump,3769,3,110,4,4,0.15865554838991197,0.011012584018877367
43006,selected_fixed_jump,3769,3,110,8,8,0.8428443402755155,0.13132211057079834
43006,selected_fixed_jump,3769,3,110,16,16,1.4152009580627278,0.11789862911707977
43006,selected_fixed_jump,3791,3,111,1,1,0.4884209223096739,0.3300747675245001
43006,selected_fixed_jump,3791,3,111,4,4,2.294255162886494,0.16194165223625673
43006,selected_fixed_jump,3791,3,111,8,8,1.2030377779555086,0.11136129614649043
43006,selected_fixed_jump,3791,3,111,16,16,0.9201463333099348,0.07526204627675978
43006,selected_fixed_jump,3811,3,111,1,1,-0.18139683551079208,0.10997532013126787
43006,selected_fixed_jump,3811,3,111,4,4,1.2886448616733555,0.29861679908048205
43006,selected_fixed_jump,3811,3,111,8,4,1.2886448616733555,0.29861679908048205
43006,selected_fixed_jump,3811,3,111,16,4,1.2886448616733555,0.29861679908048205
43006,selected_fixed_jump,3816,3,111,1,1,6.147016119368454,0.3522525750321987
43006,selected_fixed_jump,3816,3,111,4,4,2.6839860260003428,0.10724902177910643
43006,selected_fixed_jump,3816,3,111,8,8,2.1826677338457605,0.07638123084405359
43006,selected_fixed_jump,3816,3,111,16,12,1.4309866972181446,0.05753654811385523
43006,selected_fixed_jump,3829,3,111,1,1,5.9816119611579435,0.10116344897997402
43006,selected_fixed_jump,3829,3,111,4,4,2.6804084915706565,0.08436951907653782
43006,selected_fixed_jump,3829,3,111,8,8,2.4019932368657213,0.0826685428902853
43006,selected_fixed_jump,3829,3,111,16,16,2.004054087258474,0.06693072567530006
43006,selected_fixed_jump,3858,3,101,1,1,-0.21572991749787107,0.026953512264215825
43006,selected_fixed_jump,3858,3,101,4,4,0.6432877209555883,0.056787045705996936
43006,selected_fixed_jump,3858,3,101,8,7,1.13916228185892,0.07669278248854723
43006,selected_fixed_jump,3858,3,101,16,7,1.13916228185892,0.07669278248854723
43006,selected_fixed_jump,3866,3,101,1,1,3.929488832559379,0.01719564584591794
43006,selected_fixed_jump,3866,3,101,4,4,0.9807684955193381,0.00876133996413729
43006,selected_fixed_jump,3866,3,101,8,8,1.0689032455306857,0.015178336086785236
43006,selected_fixed_jump,3866,3,101,16,16,0.7743382583336558,0.025773935517551406
43006,selected_fixed_jump,4072,3,011,1,1,-0.2161987909252153,0.02412738487572731
43006,selected_fixed_jump,4072,3,011,4,4,1.1332989219788354,0.15639197596541948
43006,selected_fixed_jump,4072,3,011,8,8,1.4787595334139343,0.10282173380060661
43006,selected_fixed_jump,4072,3,011,16,16,1.9920662647998508,0.22355142240766743
43006,selected_fixed_jump,4135,3,110,1,1,0.8869944830320857,2.2049998629374745e-07
43006,selected_fixed_jump,4135,3,110,4,2,1.2197985263067606,0.026248394799158928
43006,selected_fixed_jump,4135,3,110,8,2,1.2197985263067606,0.026248394799158928
43006,selected_fixed_jump,4135,3,110,16,2,1.2197985263067606,0.026248394799158928
43006,selected_fixed_jump,4138,3,110,1,1,0.2475105709122886,0.015647532142513246
43006,selected_fixed_jump,4138,3,110,4,4,-0.126186176801725,0.012996162455556067
43006,selected_fixed_jump,4138,3,110,8,5,-0.16749140932472392,0.013481578777387395
43006,selected_fixed_jump,4138,3,110,16,5,-0.16749140932472392,0.013481578777387395
43006,selected_fixed_jump,4144,3,110,1,1,-0.06427013330670325,0.0008640811606112316
43006,selected_fixed_jump,4144,3,110,4,4,-0.1629868231647408,0.006504449055528694
43006,selected_fixed_jump,4144,3,110,8,5,-0.16209366659213964,0.0166956010971123
43006,selected_fixed_jump,4144,3,110,16,5,-0.16209366659213964,0.0166956010971123
43006,selected_fixed_jump,4150,3,110,1,1,-0.1960044932022694,0.0004093373125406058
43006,selected_fixed_jump,4150,3,110,4,4,0.6663228620435383,0.04318758183663125
43006,selected_fixed_jump,4150,3,110,8,8,0.5401824960632209,0.02768800197263766
43006,selected_fixed_jump,4150,3,110,16,16,0.405481223489212,0.017705082935255197
43006,selected_fixed_jump,4181,3,110,1,1,-0.14303321900009588,0.0033545623658627816
43006,selected_fixed_jump,4181,3,110,4,4,0.1804936547246509,0.03705074334172974
43006,selected_fixed_jump,4181,3,110,8,8,0.1830640731920985,0.03241285246954863
43006,selected_fixed_jump,4181,3,110,16,11,0.16511068674550614,0.033192934946389946
43006,selected_fixed_jump,4193,3,101,1,1,1.8361031547373308,0.0019567832124148792
43006,selected_fixed_jump,4193,3,101,4,4,0.9198411628267947,0.029279629974116737
43006,selected_fixed_jump,4193,3,101,8,8,0.7680429103218505,0.05252992033305013
43006,selected_fixed_jump,4193,3,101,16,8,0.7680429103218505,0.05252992033305013
43006,selected_fixed_jump,4202,3,101,1,1,-0.22289944405087764,0.0004547564795634986
43006,selected_fixed_jump,4202,3,101,4,4,0.07492395323315058,0.007066447538169786
43006,selected_fixed_jump,4202,3,101,8,8,0.3619109061855254,0.045452032850662544
43006,selected_fixed_jump,4202,3,101,16,16,0.783078595579937,0.06208547670336111
43006,selected_fixed_jump,4222,3,101,1,1,0.3692831326911356,0.019395874028935885
43006,selected_fixed_jump,4222,3,101,4,4,0.29754275898196453,0.020544197555619766
43006,selected_fixed_jump,4222,3,101,8,8,0.44758839490491614,0.025029764411884228
43006,selected_fixed_jump,4222,3,101,16,16,0.7914850845099844,0.0555177213984091
43006,selected_fixed_jump,4260,3,101,1,1,0.18245738283522087,0.0505310725263145
43006,selected_fixed_jump,4260,3,101,4,4,0.5815839334492158,0.022236582933179316
43006,selected_fixed_jump,4260,3,101,8,8,0.9481565020063283,0.0489727050877727
43006,selected_fixed_jump,4260,3,101,16,11,0.8578309482820689,0.04605725036669599
43006,selected_fixed_jump,4272,3,101,1,1,0.08695032765300019,0.17067307340692492
43006,selected_fixed_jump,4272,3,101,4,4,0.4021418122213438,0.1029949519551659
43006,selected_fixed_jump,4272,3,101,8,8,0.9906637760559125,0.06808379523399036
43006,selected_fixed_jump,4272,3,101,16,10,1.0333203566019138,0.062482468727764404
43006,selected_fixed_jump,4283,3,101,1,1,1.1951263262831244,0.002040193568293871
43006,selected_fixed_jump,4283,3,101,4,4,0.12566249835305784,0.0008918500984834799
43006,selected_fixed_jump,4283,3,101,8,6,1.080976367402074,0.023921390040781434
43006,selected_fixed_jump,4283,3,101,16,6,1.080976367402074,0.023921390040781434
43006,selected_fixed_jump,4290,3,101,1,1,0.6735001056079505,0.01434307024492629
43006,selected_fixed_jump,4290,3,101,4,4,0.59088813976888,0.031077315251682724
43006,selected_fixed_jump,4290,3,101,8,8,0.3595866266790765,0.06720617662333953
43006,selected_fixed_jump,4290,3,101,16,15,1.183786300806286,0.2126693013879876
43006,selected_fixed_jump,4306,3,101,1,1,5.133491284662212,0.0015159221878439037
43006,selected_fixed_jump,4306,3,101,4,4,1.8140071873590977,0.17242103981583726
43006,selected_fixed_jump,4306,3,101,8,8,0.9225418988632756,0.17358288618400858
43006,selected_fixed_jump,4306,3,101,16,10,0.7119045424530012,0.141373689378144
43006,selected_fixed_jump,4317,3,101,1,1,3.1048604874485615,0.0027888012547105513
43006,selected_fixed_jump,4317,3,101,4,4,1.839584394313163,0.011913618921190638
43006,selected_fixed_jump,4317,3,101,8,8,1.4600163817987815,0.012892955479242078
43006,selected_fixed_jump,4317,3,101,16,16,1.894500138898435,0.042791205207756734
43006,selected_fixed_jump,4416,3,110,1,1,-0.21091919183918761,0.03106477918117626
43006,selected_fixed_jump,4416,3,110,4,4,-0.18753149533054433,0.01281243543701764
43006,selected_fixed_jump,4416,3,110,8,8,-0.2117534528801262,0.009518659156229715
43006,selected_fixed_jump,4416,3,110,16,8,-0.2117534528801262,0.009518659156229715
43006,selected_fixed_jump,4425,3,110,1,1,-0.1965560407090989,0.0038296432057503965
43006,selected_fixed_jump,4425,3,110,4,4,-0.04708766476738182,0.00901375586414778
43006,selected_fixed_jump,4425,3,110,8,8,0.06801422568870426,0.016810648810463114
43006,selected_fixed_jump,4425,3,110,16,16,-0.00999228901626252,0.012207566259171567
43006,selected_fixed_jump,4442,3,110,1,1,-0.12192211690537906,0.0035457368478953462
43006,selected_fixed_jump,4442,3,110,4,4,0.13121486316625616,0.014168577890209448
43006,selected_fixed_jump,4442,3,110,8,8,-0.054725389565997776,0.013406148654708874
43006,selected_fixed_jump,4442,3,110,16,16,-0.0704906277204214,0.010346900553943512
43006,selected_fixed_jump,4470,3,110,1,1,-0.20972664888112913,0.012213295119307127
43006,selected_fixed_jump,4470,3,110,4,4,-0.20947114670165873,0.0049904181257814755
43006,selected_fixed_jump,4470,3,110,8,8,-0.11394299278060149,0.007615308040456146
43006,selected_fixed_jump,4470,3,110,16,14,-0.11764705088049113,0.007256409472200231
43006,selected_fixed_jump,4485,3,110,1,1,-0.0016383029819962936,0.00016115538668823892
43006,selected_fixed_jump,4485,3,110,4,4,-0.0004698215063146452,0.009888058261840766
43006,selected_fixed_jump,4485,3,110,8,8,-0.05692657089195646,0.011572089579975735
43006,selected_fixed_jump,4485,3,110,16,16,0.40966084213116405,0.013152281554617572
43006,selected_fixed_jump,4518,3,111,1,1,-0.10603849035317445,0.02786589195387822
43006,selected_fixed_jump,4518,3,111,4,3,0.6903215281903866,0.0849301589645744
43006,selected_fixed_jump,4518,3,111,8,3,0.6903215281903866,0.0849301589645744
43006,selected_fixed_jump,4518,3,111,16,3,0.6903215281903866,0.0849301589645744
43006,selected_fixed_jump,4522,3,111,1,1,1.1077469939841733,0.1506099753680187
43006,selected_fixed_jump,4522,3,111,4,4,0.42948214190796075,0.07718068156720406
43006,selected_fixed_jump,4522,3,111,8,5,0.41217243412725457,0.12758768655046734
43006,selected_fixed_jump,4522,3,111,16,5,0.41217243412725457,0.12758768655046734
43006,selected_fixed_jump,4528,3,111,1,1,3.4614972561672364,0.01609673590493738
43006,selected_fixed_jump,4528,3,111,4,4,1.9579548047168078,0.019097355637280215
43006,selected_fixed_jump,4528,3,111,8,8,1.7556497398980984,0.05816376495300945
43006,selected_fixed_jump,4528,3,111,16,16,2.0689880553880577,0.1866136139157627
43006,selected_fixed_jump,4549,3,111,1,1,0.07467149227141846,0.014861240199137576
43006,selected_fixed_jump,4549,3,111,4,2,-0.02054175242074173,0.008775114151951148
43006,selected_fixed_jump,4549,3,111,8,2,-0.02054175242074173,0.008775114151951148
43006,selected_fixed_jump,4549,3,111,16,2,-0.02054175242074173,0.008775114151951148
43006,selected_fixed_jump,4552,3,111,1,1,4.911983500768794,0.051602713574963564
43006,selected_fixed_jump,4552,3,111,4,1,4.911983500768794,0.051602713574963564
43006,selected_fixed_jump,4552,3,111,8,1,4.911983500768794,0.051602713574963564
43006,selected_fixed_jump,4552,3,111,16,1,4.911983500768794,0.051602713574963564
43006,selected_fixed_jump,4554,3,111,1,1,2.419720269023462,0.031936580670298594
43006,selected_fixed_jump,4554,3,111,4,4,1.568195796913907,0.05109541449204799
43006,selected_fixed_jump,4554,3,111,8,8,1.961748518982551,0.06811260704554142
43006,selected_fixed_jump,4554,3,111,16,16,1.7543039476603934,0.07714136085117781
43006,selected_fixed_jump,4573,3,111,1,1,3.3395124115960844,0.04384847461333296
43006,selected_fixed_jump,4573,3,111,4,4,1.9934877936543705,0.04136026332154366
43006,selected_fixed_jump,4573,3,111,8,8,1.1402400749664516,0.04182895702763924
43006,selected_fixed_jump,4573,3,111,16,16,1.2194668081461526,0.03605864875626848
43006,selected_fixed_jump,4591,3,111,1,1,5.433640670388027,0.13193278973631534
43006,selected_fixed_jump,4591,3,111,4,4,1.246899175493656,0.06161062332102178
43006,selected_fixed_jump,4591,3,111,8,5,1.1844023118962568,0.049346619560552224
43006,selected_fixed_jump,4591,3,111,16,5,1.1844023118962568,0.049346619560552224
43006,selected_fixed_jump,4597,3,111,1,1,4.528584992685481,0.11185552247764702
43006,selected_fixed_jump,4597,3,111,4,4,2.4065028889722875,0.14588024715201015
43006,selected_fixed_jump,4597,3,111,8,8,1.8616836770210827,0.07474228905301951
43006,selected_fixed_jump,4597,3,111,16,8,1.8616836770210827,0.07474228905301951
43006,selected_fixed_jump,4606,3,111,1,1,-0.2199612666003751,0.06322685927397971
43006,selected_fixed_jump,4606,3,111,4,1,-0.2199612666003751,0.06322685927397971
43006,selected_fixed_jump,4606,3,111,8,1,-0.2199612666003751,0.06322685927397971
43006,selected_fixed_jump,4606,3,111,16,1,-0.2199612666003751,0.06322685927397971
43006,dynamic_parameter_oracle,58,0,011,1,1,1.0128949824455495,0.060896214434057946
43006,dynamic_parameter_oracle,58,0,011,4,4,0.5692450636762663,0.020818112823869944
43006,dynamic_parameter_oracle,58,0,011,8,8,0.5464208760748007,0.019023108969339116
43006,dynamic_parameter_oracle,58,0,011,16,16,0.7481466586506801,0.0313306402991806
43006,dynamic_parameter_oracle,141,0,101,1,1,0.48263351482728656,0.07541944989908538
43006,dynamic_parameter_oracle,141,0,101,4,4,0.3491606318504242,0.103189625872094
43006,dynamic_parameter_oracle,141,0,101,8,8,0.9342832772632745,0.12904935943903773
43006,dynamic_parameter_oracle,141,0,101,16,14,0.7413086315858205,0.09051937696925742
43006,dynamic_parameter_oracle,156,0,101,1,1,2.571076777754702,0.0007772588448424781
43006,dynamic_parameter_oracle,156,0,101,4,3,1.2423679725586776,0.015282597529917924
43006,dynamic_parameter_oracle,156,0,101,8,3,1.2423679725586776,0.015282597529917924
43006,dynamic_parameter_oracle,156,0,101,16,3,1.2423679725586776,0.015282597529917924
43006,dynamic_parameter_oracle,160,0,101,1,1,1.0430058539450868,0.03829604758801002
43006,dynamic_parameter_oracle,160,0,101,4,4,1.210448018875919,0.016418391545388697
43006,dynamic_parameter_oracle,160,0,101,8,8,0.7529087372645089,0.025101944590318434
43006,dynamic_parameter_oracle,160,0,101,16,9,0.7522686310921965,0.02283062167027236
43006,dynamic_parameter_oracle,170,0,101,1,1,3.0303792213739698,0.011241651176651619
43006,dynamic_parameter_oracle,170,0,101,4,4,1.168198758616621,0.011195365773687111
43006,dynamic_parameter_oracle,170,0,101,8,8,0.9461306212448537,0.0165178570138846
43006,dynamic_parameter_oracle,170,0,101,16,15,0.7175293980065214,0.024730521249415563
43006,dynamic_parameter_oracle,186,0,101,1,1,0.2249096157199577,0.43189408530557805
43006,dynamic_parameter_oracle,186,0,101,4,2,2.0562099466369137,0.24168734100896538
43006,dynamic_parameter_oracle,186,0,101,8,2,2.0562099466369137,0.24168734100896538
43006,dynamic_parameter_oracle,186,0,101,16,2,2.0562099466369137,0.24168734100896538
43006,dynamic_parameter_oracle,189,0,101,1,1,0.7026550550093789,0.029734672687984652
43006,dynamic_parameter_oracle,189,0,101,4,4,0.7022822895096741,0.06764022678597345
43006,dynamic_parameter_oracle,189,0,101,8,8,0.6900595700937031,0.04390839923861192
43006,dynamic_parameter_oracle,189,0,101,16,10,0.6398382157189794,0.0362400267755361
43006,dynamic_parameter_oracle,200,0,101,1,1,1.630420169709324,0.08765362064121139
43006,dynamic_parameter_oracle,200,0,101,4,2,0.9162586891252243,0.07782279641767573
43006,dynamic_parameter_oracle,200,0,101,8,2,0.9162586891252243,0.07782279641767573
43006,dynamic_parameter_oracle,200,0,101,16,2,0.9162586891252243,0.07782279641767573
43006,dynamic_parameter_oracle,203,0,101,1,1,2.0515052160478797,0.026001922547567138
43006,dynamic_parameter_oracle,203,0,101,4,4,0.7898558258460735,0.02035167501174964
43006,dynamic_parameter_oracle,203,0,101,8,8,0.6374899228217031,0.030322484227913893
43006,dynamic_parameter_oracle,203,0,101,16,16,0.593802328349971,0.020333757156734484
43006,dynamic_parameter_oracle,231,0,101,1,1,0.7747753183767649,0.03407155194990865
43006,dynamic_parameter_oracle,231,0,101,4,4,0.6423382286328925,0.011995972769934405
43006,dynamic_parameter_oracle,231,0,101,8,8,0.6489932882379577,0.010704016368188645
43006,dynamic_parameter_oracle,231,0,101,16,16,0.5534331858630768,0.007823973418558094
43006,dynamic_parameter_oracle,276,0,101,1,1,2.317447679779392,0.0357215263922111
43006,dynamic_parameter_oracle,276,0,101,4,4,0.8474891794905745,0.03923041684004924
43006,dynamic_parameter_oracle,276,0,101,8,8,0.9878605083417635,0.03548397623275283
43006,dynamic_parameter_oracle,276,0,101,16,9,0.9610124002631812,0.035396528282531814
43006,dynamic_parameter_oracle,286,0,101,1,1,3.051175958738334,0.008816415045208002
43006,dynamic_parameter_oracle,286,0,101,4,4,1.0562623590385423,0.023757140475781396
43006,dynamic_parameter_oracle,286,0,101,8,8,0.8108755563185179,0.03419312053388456
43006,dynamic_parameter_oracle,286,0,101,16,8,0.8108755563185179,0.03419312053388456
43006,dynamic_parameter_oracle,295,0,101,1,1,1.007627647852837,0.010603878413272646
43006,dynamic_parameter_oracle,295,0,101,4,3,0.9080506967620781,0.005828972113114572
43006,dynamic_parameter_oracle,295,0,101,8,3,0.9080506967620781,0.005828972113114572
43006,dynamic_parameter_oracle,295,0,101,16,3,0.9080506967620781,0.005828972113114572
43006,dynamic_parameter_oracle,299,0,101,1,1,1.3229431554473277,0.16236650613276804
43006,dynamic_parameter_oracle,299,0,101,4,2,1.101254466128895,0.09474981433771373
43006,dynamic_parameter_oracle,299,0,101,8,2,1.101254466128895,0.09474981433771373
43006,dynamic_parameter_oracle,299,0,101,16,2,1.101254466128895,0.09474981433771373
43006,dynamic_parameter_oracle,302,0,101,1,1,0.4091932945396714,0.7592506722502953
43006,dynamic_parameter_oracle,302,0,101,4,2,2.3135231823429105,0.3796526883639098
43006,dynamic_parameter_oracle,302,0,101,8,2,2.3135231823429105,0.3796526883639098
43006,dynamic_parameter_oracle,302,0,101,16,2,2.3135231823429105,0.3796526883639098
43006,dynamic_parameter_oracle,306,0,101,1,1,1.2620241944941122,0.002071143891878992
43006,dynamic_parameter_oracle,306,0,101,4,4,0.831118763125605,0.00958559985053233
43006,dynamic_parameter_oracle,306,0,101,8,7,0.5515202780743585,0.005723700596051152
43006,dynamic_parameter_oracle,306,0,101,16,7,0.5515202780743585,0.005723700596051152
43006,dynamic_parameter_oracle,314,0,101,1,1,0.41655850576376746,0.0018228533846745465
43006,dynamic_parameter_oracle,314,0,101,4,4,0.3957093687572964,0.043865553427836476
43006,dynamic_parameter_oracle,314,0,101,8,8,0.4357791426098533,0.042031773223940534
43006,dynamic_parameter_oracle,314,0,101,16,14,0.44792235641873984,0.028852957014770326
43006,dynamic_parameter_oracle,329,0,101,1,1,1.9856945082342419,0.0007008255489525302
43006,dynamic_parameter_oracle,329,0,101,4,4,0.9657165412247363,0.010788616007555674
43006,dynamic_parameter_oracle,329,0,101,8,8,0.5899245163387563,0.005661789732193998
43006,dynamic_parameter_oracle,329,0,101,16,13,0.6695983211594039,0.006146638813279043
43006,dynamic_parameter_oracle,343,0,101,1,1,4.52656902090546,0.20921309048212766
43006,dynamic_parameter_oracle,343,0,101,4,4,1.4589032724408904,0.0836891409150286
43006,dynamic_parameter_oracle,343,0,101,8,8,1.0160599404369492,0.04378108250147959
43006,dynamic_parameter_oracle,343,0,101,16,16,0.7558754756701718,0.026685574722121016
43006,dynamic_parameter_oracle,368,0,101,1,1,0.6131118162882709,0.006461608462010743
43006,dynamic_parameter_oracle,368,0,101,4,4,0.5346793798712804,0.0196351755650601
43006,dynamic_parameter_oracle,368,0,101,8,8,0.688141803831547,0.027405861201810804
43006,dynamic_parameter_oracle,368,0,101,16,13,1.0493295210433506,0.07236562618202044
43006,dynamic_parameter_oracle,382,0,101,1,1,1.3577361586285432,0.07425346198476332
43006,dynamic_parameter_oracle,382,0,101,4,4,1.1036211741947966,0.03794444002089164
43006,dynamic_parameter_oracle,382,0,101,8,8,0.7979827353260598,0.019922010747467404
43006,dynamic_parameter_oracle,382,0,101,16,16,0.5432593734158588,0.012015339880956826
43006,dynamic_parameter_oracle,421,0,111,1,1,1.0587449736526662,0.05709262872114052
43006,dynamic_parameter_oracle,421,0,111,4,4,1.3140017968646354,0.12645883210155157
43006,dynamic_parameter_oracle,421,0,111,8,8,1.1360013320830835,0.1157403968734911
43006,dynamic_parameter_oracle,421,0,111,16,9,1.0569258654283604,0.11704355340978578
43006,dynamic_parameter_oracle,431,0,111,1,1,1.4186727957322276,4.6073626598184056e-05
43006,dynamic_parameter_oracle,431,0,111,4,4,0.7010467458515566,0.04754427887346721
43006,dynamic_parameter_oracle,431,0,111,8,5,0.753644651657049,0.0409393109583927
43006,dynamic_parameter_oracle,431,0,111,16,5,0.753644651657049,0.0409393109583927
43006,dynamic_parameter_oracle,437,0,111,1,1,0.4958876786356982,0.02499135920019077
43006,dynamic_parameter_oracle,437,0,111,4,2,1.265979474628506,0.016492704303352486
43006,dynamic_parameter_oracle,437,0,111,8,2,1.265979474628506,0.016492704303352486
43006,dynamic_parameter_oracle,437,0,111,16,2,1.265979474628506,0.016492704303352486
43006,dynamic_parameter_oracle,440,0,111,1,1,0.4312057575322078,0.10125576274302231
43006,dynamic_parameter_oracle,440,0,111,4,4,0.43536487389311906,0.032161276643280966
43006,dynamic_parameter_oracle,440,0,111,8,8,0.8158012325070422,0.05458928632357185
43006,dynamic_parameter_oracle,440,0,111,16,16,0.7910904751982757,0.0569817559374316
43006,dynamic_parameter_oracle,466,0,111,1,1,0.7641426442224103,0.0519564702058309
43006,dynamic_parameter_oracle,466,0,111,4,4,0.6253721449672501,0.05932670380200297
43006,dynamic_parameter_oracle,466,0,111,8,8,0.8439967072882439,0.05962445575815149
43006,dynamic_parameter_oracle,466,0,111,16,16,0.6888909729124348,0.038095721316811375
43006,dynamic_parameter_oracle,492,0,111,1,1,2.3011739261846262,0.04557334410704042
43006,dynamic_parameter_oracle,492,0,111,4,1,2.3011739261846262,0.04557334410704042
43006,dynamic_parameter_oracle,492,0,111,8,1,2.3011739261846262,0.04557334410704042
43006,dynamic_parameter_oracle,492,0,111,16,1,2.3011739261846262,0.04557334410704042
43006,dynamic_parameter_oracle,494,0,111,1,1,0.7709656405551583,0.13915094834581412
43006,dynamic_parameter_oracle,494,0,111,4,3,0.688334134876618,0.06579255114901525
43006,dynamic_parameter_oracle,494,0,111,8,3,0.688334134876618,0.06579255114901525
43006,dynamic_parameter_oracle,494,0,111,16,3,0.688334134876618,0.06579255114901525
43006,dynamic_parameter_oracle,498,0,111,1,1,0.45744964064176596,0.005342909812747167
43006,dynamic_parameter_oracle,498,0,111,4,1,0.45744964064176596,0.005342909812747167
43006,dynamic_parameter_oracle,498,0,111,8,1,0.45744964064176596,0.005342909812747167
43006,dynamic_parameter_oracle,498,0,111,16,1,0.45744964064176596,0.005342909812747167
43006,dynamic_parameter_oracle,501,0,111,1,1,2.8466458392764817,0.11713982147190283
43006,dynamic_parameter_oracle,501,0,111,4,4,1.6669344033038416,0.06597720670765804
43006,dynamic_parameter_oracle,501,0,111,8,8,1.1313548983128192,0.040720731627445814
43006,dynamic_parameter_oracle,501,0,111,16,8,1.1313548983128192,0.040720731627445814
43006,dynamic_parameter_oracle,510,0,111,1,1,1.1305047707247486,0.23644683731074997
43006,dynamic_parameter_oracle,510,0,111,4,4,1.0280060270624038,0.07203884535968026
43006,dynamic_parameter_oracle,510,0,111,8,8,0.9400155529937508,0.06293944700345215
43006,dynamic_parameter_oracle,510,0,111,16,14,0.9036256683055949,0.04515457912342165
43006,dynamic_parameter_oracle,525,0,111,1,1,2.897413239994736,0.2688988521050109
43006,dynamic_parameter_oracle,525,0,111,4,4,1.1937223406513784,0.10360569375877975
43006,dynamic_parameter_oracle,525,0,111,8,4,1.1937223406513784,0.10360569375877975
43006,dynamic_parameter_oracle,525,0,111,16,4,1.1937223406513784,0.10360569375877975
43006,dynamic_parameter_oracle,530,0,111,1,1,0.578497620418854,0.17429343102907854
43006,dynamic_parameter_oracle,530,0,111,4,3,0.5293274880159936,0.11610252037084588
43006,dynamic_parameter_oracle,530,0,111,8,3,0.5293274880159936,0.11610252037084588
43006,dynamic_parameter_oracle,530,0,111,16,3,0.5293274880159936,0.11610252037084588
43006,dynamic_parameter_oracle,534,0,111,1,1,0.3942839242291964,0.0482490326975671
43006,dynamic_parameter_oracle,534,0,111,4,4,0.7883726194618271,0.07764786199862321
43006,dynamic_parameter_oracle,534,0,111,8,8,0.7703798893958169,0.05293351964957381
43006,dynamic_parameter_oracle,534,0,111,16,11,0.7410617745479047,0.04155478762255011
43006,dynamic_parameter_oracle,546,0,111,1,1,1.0235946130050957,0.0844886247420059
43006,dynamic_parameter_oracle,546,0,111,4,4,0.6538039405569732,0.034180316430597865
43006,dynamic_parameter_oracle,546,0,111,8,8,0.8348437901663969,0.03782392557922899
43006,dynamic_parameter_oracle,546,0,111,16,16,0.7999471266196942,0.13612863154521865
43006,dynamic_parameter_oracle,563,0,111,1,1,0.45781920267086795,0.4591290763107157
43006,dynamic_parameter_oracle,563,0,111,4,4,0.9534617310485726,0.24203996788060356
43006,dynamic_parameter_oracle,563,0,111,8,8,0.7701920353040903,0.13148605186034096
43006,dynamic_parameter_oracle,563,0,111,16,15,0.5213375034811297,0.07360870346004471
43006,dynamic_parameter_oracle,580,0,110,1,1,-0.4303641798415214,0.0017436813450373062
43006,dynamic_parameter_oracle,580,0,110,4,4,-0.2784965401615901,0.0054050185076715855
43006,dynamic_parameter_oracle,580,0,110,8,8,-0.28023403097403443,0.007824403843102868
43006,dynamic_parameter_oracle,580,0,110,16,8,-0.28023403097403443,0.007824403843102868
43006,dynamic_parameter_oracle,589,0,110,1,1,-0.3974620985433778,0.008695076654443345
43006,dynamic_parameter_oracle,589,0,110,4,4,-0.14838473451354675,0.006858327442435611
43006,dynamic_parameter_oracle,589,0,110,8,8,-0.2622787737918675,0.009165096188548265
43006,dynamic_parameter_oracle,589,0,110,16,16,-0.17813717198900225,0.007799374361029374
43006,dynamic_parameter_oracle,618,0,110,1,1,-0.34490878887346654,0.005284639275233367
43006,dynamic_parameter_oracle,618,0,110,4,4,-0.22453327432467812,0.005121369889080503
43006,dynamic_parameter_oracle,618,0,110,8,8,-0.1363672287590305,0.007385056442094867
43006,dynamic_parameter_oracle,618,0,110,16,16,-0.16974601832198224,0.0064117258264254785
43006,dynamic_parameter_oracle,645,0,110,1,1,-0.02350007697209738,0.0037683089663132943
43006,dynamic_parameter_oracle,645,0,110,4,4,0.4821773206234103,0.029658303061130386
43006,dynamic_parameter_oracle,645,0,110,8,5,0.33252794317686096,0.02383178471543708
43006,dynamic_parameter_oracle,645,0,110,16,5,0.33252794317686096,0.02383178471543708
43006,dynamic_parameter_oracle,651,0,110,1,1,0.7045904827335239,9.784400485542614e-05
43006,dynamic_parameter_oracle,651,0,110,4,4,0.15085113463961858,0.00637622762369324
43006,dynamic_parameter_oracle,651,0,110,8,6,0.33736368123800503,0.0054578787926708415
43006,dynamic_parameter_oracle,651,0,110,16,6,0.33736368123800503,0.0054578787926708415
43006,dynamic_parameter_oracle,658,0,110,1,1,-0.3638568404079991,0.0036363277616271003
43006,dynamic_parameter_oracle,658,0,110,4,3,0.13058249781621348,0.0037431037003495264
43006,dynamic_parameter_oracle,658,0,110,8,3,0.13058249781621348,0.0037431037003495264
43006,dynamic_parameter_oracle,658,0,110,16,3,0.13058249781621348,0.0037431037003495264
43006,dynamic_parameter_oracle,662,0,110,1,1,1.0378197489772938,0.00014897501356601995
43006,dynamic_parameter_oracle,662,0,110,4,4,0.16957045861745262,0.001938542261353453
43006,dynamic_parameter_oracle,662,0,110,8,8,-0.07246591717303077,0.005431007272012394
43006,dynamic_parameter_oracle,662,0,110,16,10,-0.08134033465602489,0.005754177653177489
43006,dynamic_parameter_oracle,673,0,110,1,1,-0.3889844478655536,1.6889391095260633e-07
43006,dynamic_parameter_oracle,673,0,110,4,4,-0.3865022751654903,0.0021651270044237506
43006,dynamic_parameter_oracle,673,0,110,8,8,-0.26490579403591696,0.004367768608509141
43006,dynamic_parameter_oracle,673,0,110,16,16,-0.1476225778428888,0.007349554729490495
43006,dynamic_parameter_oracle,714,0,110,1,1,-0.3761543193268548,0.0026393850019345456
43006,dynamic_parameter_oracle,714,0,110,4,3,-0.35714961055141675,0.001615055925814862
43006,dynamic_parameter_oracle,714,0,110,8,3,-0.35714961055141675,0.001615055925814862
43006,dynamic_parameter_oracle,714,0,110,16,3,-0.35714961055141675,0.001615055925814862
43006,dynamic_parameter_oracle,718,0,110,1,1,-0.4067396993230014,0.00017301856416771563
43006,dynamic_parameter_oracle,718,0,110,4,4,-0.3909902589794829,0.007348775310832416
43006,dynamic_parameter_oracle,718,0,110,8,8,0.342542837602999,0.0045643862566384615
43006,dynamic_parameter_oracle,718,0,110,16,16,0.11581580244347209,0.003928620340524322
43006,dynamic_parameter_oracle,759,0,110,1,1,-0.20958439845627674,0.0015438737905267698
43006,dynamic_parameter_oracle,759,0,110,4,2,0.028143075153901714,0.0029650915729090574
43006,dynamic_parameter_oracle,759,0,110,8,2,0.028143075153901714,0.0029650915729090574
43006,dynamic_parameter_oracle,759,0,110,16,2,0.028143075153901714,0.0029650915729090574
43006,dynamic_parameter_oracle,762,0,110,1,1,-0.4430732550130833,0.011133402928091602
43006,dynamic_parameter_oracle,762,0,110,4,4,-0.1626031606398283,0.007430363407815662
43006,dynamic_parameter_oracle,762,0,110,8,8,-0.23231194850795578,0.00552626073312802
43006,dynamic_parameter_oracle,762,0,110,16,15,-0.22232447592864107,0.007453790411271736
43006,dynamic_parameter_oracle,778,0,110,1,1,-0.35521566009573546,0.005325871075221075
43006,dynamic_parameter_oracle,778,0,110,4,4,-0.17454335241712063,0.0053566271476908215
43006,dynamic_parameter_oracle,778,0,110,8,8,-0.09524756688024232,0.005887830623543085
43006,dynamic_parameter_oracle,778,0,110,16,11,-0.14514144661587283,0.005661412221901932
43006,dynamic_parameter_oracle,790,0,110,1,1,-0.20900628160776172,0.0074779221251568065
43006,dynamic_parameter_oracle,790,0,110,4,1,-0.20900628160776172,0.0074779221251568065
43006,dynamic_parameter_oracle,790,0,110,8,1,-0.20900628160776172,0.0074779221251568065
43006,dynamic_parameter_oracle,790,0,110,16,1,-0.20900628160776172,0.0074779221251568065
43006,dynamic_parameter_oracle,792,0,110,1,1,2.179462009819378,0.001832177541185937
43006,dynamic_parameter_oracle,792,0,110,4,4,0.6154312214404407,0.013379485850272332
43006,dynamic_parameter_oracle,792,0,110,8,8,0.4229946009497363,0.007777039385871478
43006,dynamic_parameter_oracle,792,0,110,16,16,0.5580039453036484,0.025035049006406494
43006,dynamic_parameter_oracle,989,0,110,1,1,0.9739922961513756,0.008509794212962529
43006,dynamic_parameter_oracle,989,0,110,4,4,0.11343529351144552,0.0062024363730673136
43006,dynamic_parameter_oracle,989,0,110,8,6,0.2728923891505303,0.008121604754174935
43006,dynamic_parameter_oracle,989,0,110,16,6,0.2728923891505303,0.008121604754174935
43006,dynamic_parameter_oracle,996,0,110,1,1,-0.09537242908336827,0.00017773241068343946
43006,dynamic_parameter_oracle,996,0,110,4,4,0.3936767706926415,0.015060649554453211
43006,dynamic_parameter_oracle,996,0,110,8,5,0.25903296726476915,0.012414559570955762
43006,dynamic_parameter_oracle,996,0,110,16,5,0.25903296726476915,0.012414559570955762
43006,dynamic_parameter_oracle,1002,0,110,1,1,-0.27169545091906133,0.00046257858211772756
43006,dynamic_parameter_oracle,1002,0,110,4,4,0.00021029613393235003,0.0013629381430370728
43006,dynamic_parameter_oracle,1002,0,110,8,7,-0.04172116331160419,0.005405139722875826
43006,dynamic_parameter_oracle,1002,0,110,16,7,-0.04172116331160419,0.005405139722875826
43006,dynamic_parameter_oracle,1010,0,110,1,1,-0.31613074100829186,0.00934180737460983
43006,dynamic_parameter_oracle,1010,0,110,4,4,-0.05028282455910067,0.0062325390073308205
43006,dynamic_parameter_oracle,1010,0,110,8,5,-0.0951788643395667,0.006281266314767742
43006,dynamic_parameter_oracle,1010,0,110,16,5,-0.0951788643395667,0.006281266314767742
43006,dynamic_parameter_oracle,1016,0,110,1,1,-0.4086370874489191,0.0014612709361641499
43006,dynamic_parameter_oracle,1016,0,110,4,4,-0.3401876995371,0.005332595660386741
43006,dynamic_parameter_oracle,1016,0,110,8,4,-0.3401876995371,0.005332595660386741
43006,dynamic_parameter_oracle,1016,0,110,16,4,-0.3401876995371,0.005332595660386741
43006,dynamic_parameter_oracle,1021,0,110,1,1,-0.4231615356744532,0.008311602595687828
43006,dynamic_parameter_oracle,1021,0,110,4,4,-0.006289404079156416,0.013802598849596247
43006,dynamic_parameter_oracle,1021,0,110,8,7,0.15244743357553173,0.01753745918243994
43006,dynamic_parameter_oracle,1021,0,110,16,7,0.15244743357553173,0.01753745918243994
43006,dynamic_parameter_oracle,1029,0,111,1,1,0.9696322231473389,0.00012910786087210095
43006,dynamic_parameter_oracle,1029,0,111,4,3,0.851950809116167,0.015744842613955607
43006,dynamic_parameter_oracle,1029,0,111,8,3,0.851950809116167,0.015744842613955607
43006,dynamic_parameter_oracle,1029,0,111,16,3,0.851950809116167,0.015744842613955607
43006,dynamic_parameter_oracle,1033,0,111,1,1,2.941546094872717,0.004942898022116044
43006,dynamic_parameter_oracle,1033,0,111,4,3,2.299343160783492,0.34089551741103347
43006,dynamic_parameter_oracle,1033,0,111,8,3,2.299343160783492,0.34089551741103347
43006,dynamic_parameter_oracle,1033,0,111,16,3,2.299343160783492,0.34089551741103347
43006,dynamic_parameter_oracle,1037,0,111,1,1,1.1721482242716308,0.1581746590533278
43006,dynamic_parameter_oracle,1037,0,111,4,4,1.4833974592532737,0.15836072920194366
43006,dynamic_parameter_oracle,1037,0,111,8,8,1.082613975174712,0.08571721742039354
43006,dynamic_parameter_oracle,1037,0,111,16,16,0.772951777772843,0.060762613855937814
43006,dynamic_parameter_oracle,1074,0,111,1,1,0.5343645539692601,0.00013786304755684884
43006,dynamic_parameter_oracle,1074,0,111,4,4,0.4952252165832285,0.02797813666800609
43006,dynamic_parameter_oracle,1074,0,111,8,8,0.7156985113539782,0.0570313790936906
43006,dynamic_parameter_oracle,1074,0,111,16,8,0.7156985113539782,0.0570313790936906
43006,dynamic_parameter_oracle,1084,0,111,1,1,0.8565168043245026,0.21768086479927068
43006,dynamic_parameter_oracle,1084,0,111,4,4,0.6413934109960284,0.09275631691701161
43006,dynamic_parameter_oracle,1084,0,111,8,8,0.7584271982724535,0.05475997100723713
43006,dynamic_parameter_oracle,1084,0,111,16,16,0.8838742440699909,0.057430497113713716
43006,dynamic_parameter_oracle,1112,0,111,1,1,0.6596305584032994,0.023882884384546395
43006,dynamic_parameter_oracle,1112,0,111,4,1,0.6596305584032994,0.023882884384546395
43006,dynamic_parameter_oracle,1112,0,111,8,1,0.6596305584032994,0.023882884384546395
43006,dynamic_parameter_oracle,1112,0,111,16,1,0.6596305584032994,0.023882884384546395
43006,dynamic_parameter_oracle,1114,0,111,1,1,1.2081708851247892,0.019400157140897406
43006,dynamic_parameter_oracle,1114,0,111,4,4,1.1846398612779552,0.08657009301003554
43006,dynamic_parameter_oracle,1114,0,111,8,8,0.9372966005802728,0.05713074655173781
43006,dynamic_parameter_oracle,1114,0,111,16,16,0.7898343713415906,0.059543444923006936
43006,dynamic_parameter_oracle,1143,0,111,1,1,2.5028698889264853,0.004782871507972754
43006,dynamic_parameter_oracle,1143,0,111,4,4,1.0322980138978954,0.054126969328240127
43006,dynamic_parameter_oracle,1143,0,111,8,8,0.7318668917626889,0.03396681696300054
43006,dynamic_parameter_oracle,1143,0,111,16,8,0.7318668917626889,0.03396681696300054
43006,dynamic_parameter_oracle,1166,1,111,1,1,0.5377352306020604,0.4046568099026769
43006,dynamic_parameter_oracle,1166,1,111,4,4,0.7442626346142687,0.15943911593139387
43006,dynamic_parameter_oracle,1166,1,111,8,8,0.5850196107167696,0.10349133248460611
43006,dynamic_parameter_oracle,1166,1,111,16,16,0.5480222364530285,0.07040863797438239
43006,dynamic_parameter_oracle,1223,1,101,1,1,0.7435369906474203,0.05181237644542732
43006,dynamic_parameter_oracle,1223,1,101,4,4,0.6895323941768383,0.1235455782253855
43006,dynamic_parameter_oracle,1223,1,101,8,8,0.9364116888335533,0.09731137552515479
43006,dynamic_parameter_oracle,1223,1,101,16,8,0.9364116888335533,0.09731137552515479
43006,dynamic_parameter_oracle,1232,1,101,1,1,1.2647573150081362,0.0003572397746613928
43006,dynamic_parameter_oracle,1232,1,101,4,4,1.1812992249040806,0.008717156288959568
43006,dynamic_parameter_oracle,1232,1,101,8,8,0.8055248903836791,0.020517813412448186
43006,dynamic_parameter_oracle,1232,1,101,16,16,0.8842783142630033,0.01847735933809972
43006,dynamic_parameter_oracle,1249,1,101,1,1,1.5189852157825696,0.00014889014311195972
43006,dynamic_parameter_oracle,1249,1,101,4,4,0.8835290902581828,0.011895782688298148
43006,dynamic_parameter_oracle,1249,1,101,8,8,0.5634879569818139,0.008003839247552807
43006,dynamic_parameter_oracle,1249,1,101,16,16,0.5165358271465619,0.011100461117916167
43006,dynamic_parameter_oracle,1320,1,101,1,1,1.0984075731747638,0.013312527722146531
43006,dynamic_parameter_oracle,1320,1,101,4,4,0.5507870374115549,0.00660360083983689
43006,dynamic_parameter_oracle,1320,1,101,8,5,0.4899476599947049,0.007367459145649363
43006,dynamic_parameter_oracle,1320,1,101,16,5,0.4899476599947049,0.007367459145649363
43006,dynamic_parameter_oracle,1326,1,101,1,1,0.4588373707199189,0.10147526272321492
43006,dynamic_parameter_oracle,1326,1,101,4,1,0.4588373707199189,0.10147526272321492
43006,dynamic_parameter_oracle,1326,1,101,8,1,0.4588373707199189,0.10147526272321492
43006,dynamic_parameter_oracle,1326,1,101,16,1,0.4588373707199189,0.10147526272321492
43006,dynamic_parameter_oracle,1328,1,101,1,1,0.32958667042829504,0.12396030503241777
43006,dynamic_parameter_oracle,1328,1,101,4,4,0.37924890271512157,0.07219394500652336
43006,dynamic_parameter_oracle,1328,1,101,8,8,0.35971681946683853,0.03962359801595268
43006,dynamic_parameter_oracle,1328,1,101,16,10,0.3907180697035986,0.034040236800913434
43006,dynamic_parameter_oracle,1340,1,101,1,1,0.926254342787447,0.04876241409796305
43006,dynamic_parameter_oracle,1340,1,101,4,4,1.43771640539975,0.09401659893751396
43006,dynamic_parameter_oracle,1340,1,101,8,8,0.9312964329828867,0.10480717791147223
43006,dynamic_parameter_oracle,1340,1,101,16,16,0.8493719353234319,0.12194939830882834
43006,dynamic_parameter_oracle,1449,1,111,1,1,2.0903783339410347,0.09199828602951331
43006,dynamic_parameter_oracle,1449,1,111,4,4,1.61425182457583,0.3008221838129847
43006,dynamic_parameter_oracle,1449,1,111,8,8,1.111127019974163,0.16653472077478687
43006,dynamic_parameter_oracle,1449,1,111,16,16,1.001678868546012,0.10215260195162079
43006,dynamic_parameter_oracle,1466,1,111,1,1,0.6594676090366365,0.23126009792895474
43006,dynamic_parameter_oracle,1466,1,111,4,4,0.8676208094253394,0.09868618359843559
43006,dynamic_parameter_oracle,1466,1,111,8,8,0.8099160644148142,0.09665654806435299
43006,dynamic_parameter_oracle,1466,1,111,16,16,0.9620374594027622,0.09207129644279255
43006,dynamic_parameter_oracle,1534,1,111,1,1,0.4915196064329029,0.17760285837464287
43006,dynamic_parameter_oracle,1534,1,111,4,4,0.3814706068941254,0.08290988381204117
43006,dynamic_parameter_oracle,1534,1,111,8,8,0.5606878297850444,0.05368856213865987
43006,dynamic_parameter_oracle,1534,1,111,16,13,0.48647622114457145,0.04258009346518451
43006,dynamic_parameter_oracle,1548,1,101,1,1,1.0568389220058862,0.027994666827285918
43006,dynamic_parameter_oracle,1548,1,101,4,4,0.4824424862058442,0.0418773788670026
43006,dynamic_parameter_oracle,1548,1,101,8,8,0.868625672334508,0.028218274963881237
43006,dynamic_parameter_oracle,1548,1,101,16,14,0.5985835870414435,0.02692891344400854
43006,dynamic_parameter_oracle,1563,1,101,1,1,0.14265139903096488,0.06119741055834365
43006,dynamic_parameter_oracle,1563,1,101,4,4,0.3565694535693797,0.03366304717040035
43006,dynamic_parameter_oracle,1563,1,101,8,8,0.40228209879434296,0.024183148673131566
43006,dynamic_parameter_oracle,1563,1,101,16,11,0.6069729519550581,0.01835960328538998
43006,dynamic_parameter_oracle,1575,1,101,1,1,0.17836003716570886,0.4269245595250418
43006,dynamic_parameter_oracle,1575,1,101,4,4,0.7984913551359122,0.21355893588228778
43006,dynamic_parameter_oracle,1575,1,101,8,8,0.6496878703585189,0.11037981246721651
43006,dynamic_parameter_oracle,1575,1,101,16,16,0.4948319764880781,0.057085579436179486
43006,dynamic_parameter_oracle,1686,1,110,1,1,-0.37170032672422726,0.0028430583924319713
43006,dynamic_parameter_oracle,1686,1,110,4,4,0.3146174353201419,0.00748717489701373
43006,dynamic_parameter_oracle,1686,1,110,8,8,0.09678985397801569,0.007656129254324571
43006,dynamic_parameter_oracle,1686,1,110,16,16,0.0067398134890941375,0.005962215328365656
43006,dynamic_parameter_oracle,1741,1,101,1,1,1.2058804188775691,0.09576938628584501
43006,dynamic_parameter_oracle,1741,1,101,4,4,0.5466177512013142,0.03480814868976435
43006,dynamic_parameter_oracle,1741,1,101,8,8,0.9026295787760146,0.07369466920799055
43006,dynamic_parameter_oracle,1741,1,101,16,16,0.7374143511406661,0.06114532724409917
43006,dynamic_parameter_oracle,1768,1,101,1,1,0.24747182815825064,0.005613903217668285
43006,dynamic_parameter_oracle,1768,1,101,4,4,0.24874369986820555,0.0021496849140507724
43006,dynamic_parameter_oracle,1768,1,101,8,8,0.27310079571120555,0.005308665699525575
43006,dynamic_parameter_oracle,1768,1,101,16,11,0.5104406437539656,0.005962574918610405
43006,dynamic_parameter_oracle,1780,1,101,1,1,0.9010626008658736,0.003432729034777069
43006,dynamic_parameter_oracle,1780,1,101,4,4,1.0672860990447615,0.03175993518552184
43006,dynamic_parameter_oracle,1780,1,101,8,8,0.7143397484574233,0.03709666747968217
43006,dynamic_parameter_oracle,1780,1,101,16,9,0.6537009799099412,0.033302662461594225
43006,dynamic_parameter_oracle,1791,1,101,1,1,0.401850064748386,0.13870429091492817
43006,dynamic_parameter_oracle,1791,1,101,4,4,0.471476924784455,0.06773058300660015
43006,dynamic_parameter_oracle,1791,1,101,8,8,0.4691178225187944,0.03515132940989648
43006,dynamic_parameter_oracle,1791,1,101,16,13,0.9903966318795766,0.1304849821329628
43006,dynamic_parameter_oracle,1805,1,101,1,1,0.5793083579190319,0.025961800622148253
43006,dynamic_parameter_oracle,1805,1,101,4,4,0.7472364447972679,0.06570580482642835
43006,dynamic_parameter_oracle,1805,1,101,8,8,0.7648810305861762,0.048293768208252666
43006,dynamic_parameter_oracle,1805,1,101,16,9,0.7081336687071629,0.05224455590474944
43006,dynamic_parameter_oracle,1815,1,101,1,1,2.073971384658925,0.031526239322891364
43006,dynamic_parameter_oracle,1815,1,101,4,3,0.9576427115007116,0.09178866515637545
43006,dynamic_parameter_oracle,1815,1,101,8,3,0.9576427115007116,0.09178866515637545
43006,dynamic_parameter_oracle,1815,1,101,16,3,0.9576427115007116,0.09178866515637545
43006,dynamic_parameter_oracle,1819,1,101,1,1,0.4612803706666558,0.003003608636893149
43006,dynamic_parameter_oracle,1819,1,101,4,4,0.8601402380302773,0.006742073541839439
43006,dynamic_parameter_oracle,1819,1,101,8,8,0.6469273626909735,0.0846569970142131
43006,dynamic_parameter_oracle,1819,1,101,16,12,0.8004418738035867,0.07910958984925251
43006,dynamic_parameter_oracle,1832,1,111,1,1,0.46643681735483183,0.10263590247289033
43006,dynamic_parameter_oracle,1832,1,111,4,4,0.6381471693800899,0.029551802647753003
43006,dynamic_parameter_oracle,1832,1,111,8,8,0.8468466567487107,0.09833568185633791
43006,dynamic_parameter_oracle,1832,1,111,16,16,0.657698400157873,0.05380763850951599
43006,dynamic_parameter_oracle,1861,1,111,1,1,0.7697459672413216,0.005206701486101313
43006,dynamic_parameter_oracle,1861,1,111,4,2,0.619444518804052,0.11705070386770855
43006,dynamic_parameter_oracle,1861,1,111,8,2,0.619444518804052,0.11705070386770855
43006,dynamic_parameter_oracle,1861,1,111,16,2,0.619444518804052,0.11705070386770855
43006,dynamic_parameter_oracle,1864,1,111,1,1,1.5196429422762714,0.04188810841375895
43006,dynamic_parameter_oracle,1864,1,111,4,4,0.6745274337133521,0.04529336655965459
43006,dynamic_parameter_oracle,1864,1,111,8,8,1.0190257789599446,0.07919681255156674
43006,dynamic_parameter_oracle,1864,1,111,16,14,0.9632598421507382,0.06334769171988823
43006,dynamic_parameter_oracle,1879,1,111,1,1,1.2212603015076215,0.04835853822870749
43006,dynamic_parameter_oracle,1879,1,111,4,4,0.7934606162095839,0.03358397931241871
43006,dynamic_parameter_oracle,1879,1,111,8,8,0.6315628262595167,0.046813613752365146
43006,dynamic_parameter_oracle,1879,1,111,16,16,0.7650833748291994,0.039336653446126496
43006,dynamic_parameter_oracle,1924,1,111,1,1,0.49152200618449293,0.004488270218589375
43006,dynamic_parameter_oracle,1924,1,111,4,1,0.49152200618449293,0.004488270218589375
43006,dynamic_parameter_oracle,1924,1,111,8,1,0.49152200618449293,0.004488270218589375
43006,dynamic_parameter_oracle,1924,1,111,16,1,0.49152200618449293,0.004488270218589375
43006,dynamic_parameter_oracle,1926,1,111,1,1,0.879230528100665,0.2341833301486791
43006,dynamic_parameter_oracle,1926,1,111,4,4,0.9329476963212773,0.07219252253353688
43006,dynamic_parameter_oracle,1926,1,111,8,4,0.9329476963212773,0.07219252253353688
43006,dynamic_parameter_oracle,1926,1,111,16,4,0.9329476963212773,0.07219252253353688
43006,dynamic_parameter_oracle,1931,1,111,1,1,0.6234307605818905,0.02837532683931761
43006,dynamic_parameter_oracle,1931,1,111,4,3,0.5582954790615539,0.036175455496735114
43006,dynamic_parameter_oracle,1931,1,111,8,3,0.5582954790615539,0.036175455496735114
43006,dynamic_parameter_oracle,1931,1,111,16,3,0.5582954790615539,0.036175455496735114
43006,dynamic_parameter_oracle,1935,1,111,1,1,1.2417211919311084,0.021996942027874992
43006,dynamic_parameter_oracle,1935,1,111,4,4,0.618860827088587,0.011917801185743168
43006,dynamic_parameter_oracle,1935,1,111,8,8,0.5267886538491982,0.033469344556716775
43006,dynamic_parameter_oracle,1935,1,111,16,16,0.7208667082867909,0.03526169619819501
43006,dynamic_parameter_oracle,1956,1,110,1,1,-0.4251941583040492,0.004003160793870957
43006,dynamic_parameter_oracle,1956,1,110,4,4,-0.338304793021934,0.004057821631021181
43006,dynamic_parameter_oracle,1956,1,110,8,6,-0.3136182092405964,0.004110121453868387
43006,dynamic_parameter_oracle,1956,1,110,16,6,-0.3136182092405964,0.004110121453868387
43006,dynamic_parameter_oracle,1963,1,110,1,1,0.11377184598816498,0.0014367352949606984
43006,dynamic_parameter_oracle,1963,1,110,4,4,0.246297358578863,0.0027679375083213944
43006,dynamic_parameter_oracle,1963,1,110,8,8,0.058612956906726285,0.009353962966417743
43006,dynamic_parameter_oracle,1963,1,110,16,13,-0.02775224741196007,0.008496039031396284
43006,dynamic_parameter_oracle,1977,1,110,1,1,0.8269801024819482,0.011293651503507115
43006,dynamic_parameter_oracle,1977,1,110,4,4,0.40539128086221016,0.013994284746022757
43006,dynamic_parameter_oracle,1977,1,110,8,8,0.15874690659877716,0.013192064823205158
43006,dynamic_parameter_oracle,1977,1,110,16,9,0.12931496301344997,0.0134278055620741
43006,dynamic_parameter_oracle,1987,1,110,1,1,-0.14723700132069636,0.0010912168682823491
43006,dynamic_parameter_oracle,1987,1,110,4,4,-0.03204328934619877,0.0031965583789740257
43006,dynamic_parameter_oracle,1987,1,110,8,6,-0.13899442563749642,0.002701180447992988
43006,dynamic_parameter_oracle,1987,1,110,16,6,-0.13899442563749642,0.002701180447992988
43006,dynamic_parameter_oracle,1994,1,110,1,1,0.07694411738531422,0.02538919848099564
43006,dynamic_parameter_oracle,1994,1,110,4,4,0.8764521138671735,0.010414300662867401
43006,dynamic_parameter_oracle,1994,1,110,8,8,0.6385669293480439,0.00919022183866376
43006,dynamic_parameter_oracle,1994,1,110,16,16,0.20926557994095973,0.007535246062517478
43006,dynamic_parameter_oracle,2012,1,110,1,1,0.7874114098865752,0.004788349017299266
43006,dynamic_parameter_oracle,2012,1,110,4,4,0.19453537478838379,0.001429606944408947
43006,dynamic_parameter_oracle,2012,1,110,8,8,-0.04072790992659461,0.0026407424165675905
43006,dynamic_parameter_oracle,2012,1,110,16,11,-0.015628589842050237,0.0024290475972100043
43006,dynamic_parameter_oracle,2024,1,110,1,1,1.0031693858511996,5.011615529516078e-05
43006,dynamic_parameter_oracle,2024,1,110,4,4,0.2002298734655078,0.0027885968455723144
43006,dynamic_parameter_oracle,2024,1,110,8,8,0.020505043664278758,0.005033953547216873
43006,dynamic_parameter_oracle,2024,1,110,16,16,-0.04958761913875364,0.005509352550238936
43006,dynamic_parameter_oracle,2042,1,110,1,1,-0.3681706167851401,0.0072663864463475905
43006,dynamic_parameter_oracle,2042,1,110,4,4,-0.27232080197176456,0.015609918091612551
43006,dynamic_parameter_oracle,2042,1,110,8,8,-0.07610606450286558,0.010464169233261442
43006,dynamic_parameter_oracle,2042,1,110,16,9,-0.008566916332169265,0.011309896321569516
43006,dynamic_parameter_oracle,2052,1,110,1,1,-0.04213031668466707,0.0007329301357468333
43006,dynamic_parameter_oracle,2052,1,110,4,4,0.27685956627193103,0.009923107744373993
43006,dynamic_parameter_oracle,2052,1,110,8,7,0.5329706735604912,0.01892395613275749
43006,dynamic_parameter_oracle,2052,1,110,16,7,0.5329706735604912,0.01892395613275749
43006,dynamic_parameter_oracle,2060,1,110,1,1,-0.42701713936530633,0.01851408669222574
43006,dynamic_parameter_oracle,2060,1,110,4,1,-0.42701713936530633,0.01851408669222574
43006,dynamic_parameter_oracle,2060,1,110,8,1,-0.42701713936530633,0.01851408669222574
43006,dynamic_parameter_oracle,2060,1,110,16,1,-0.42701713936530633,0.01851408669222574
43006,dynamic_parameter_oracle,2062,1,110,1,1,-0.026757561973207142,0.002508917012211541
43006,dynamic_parameter_oracle,2062,1,110,4,4,0.4990199561318271,0.011364336122853747
43006,dynamic_parameter_oracle,2062,1,110,8,8,0.14664208116615124,0.008316802919436709
43006,dynamic_parameter_oracle,2062,1,110,16,12,0.23979578638789292,0.008687007361973817
43006,dynamic_parameter_oracle,2075,1,110,1,1,2.121300218593649,0.0003020841167739182
43006,dynamic_parameter_oracle,2075,1,110,4,4,1.571056055124383,0.006588337499830336
43006,dynamic_parameter_oracle,2075,1,110,8,4,1.571056055124383,0.006588337499830336
43006,dynamic_parameter_oracle,2075,1,110,16,4,1.571056055124383,0.006588337499830336
43006,dynamic_parameter_oracle,2080,1,110,1,1,-0.2328690898682506,2.1906092483114415e-05
43006,dynamic_parameter_oracle,2080,1,110,4,4,-0.00328811620234061,0.018889931890765536
43006,dynamic_parameter_oracle,2080,1,110,8,8,0.023482813754945306,0.01008128653161743
43006,dynamic_parameter_oracle,2080,1,110,16,16,-0.10748185767808528,0.007145296009245702
43006,dynamic_parameter_oracle,2142,1,110,1,1,-0.43288005628672543,0.0006832495838362781
43006,dynamic_parameter_oracle,2142,1,110,4,2,1.229553295389037,0.0010054772439467153
43006,dynamic_parameter_oracle,2142,1,110,8,2,1.229553295389037,0.0010054772439467153
43006,dynamic_parameter_oracle,2142,1,110,16,2,1.229553295389037,0.0010054772439467153
43006,dynamic_parameter_oracle,2145,1,110,1,1,-0.2902209031802359,0.00010880012204330439
43006,dynamic_parameter_oracle,2145,1,110,4,4,0.58789876772438,0.009969907808858113
43006,dynamic_parameter_oracle,2145,1,110,8,7,0.3755333397162645,0.006715634330853868
43006,dynamic_parameter_oracle,2145,1,110,16,7,0.3755333397162645,0.006715634330853868
43006,dynamic_parameter_oracle,2153,1,110,1,1,-0.428184616631509,0.006394069070896168
43006,dynamic_parameter_oracle,2153,1,110,4,4,0.21012713386491105,0.01288789188331751
43006,dynamic_parameter_oracle,2153,1,110,8,5,0.07920484917134013,0.012560474443502867
43006,dynamic_parameter_oracle,2153,1,110,16,5,0.07920484917134013,0.012560474443502867
43006,dynamic_parameter_oracle,2159,1,110,1,1,1.0327277638200378,0.0012095223731624215
43006,dynamic_parameter_oracle,2159,1,110,4,4,0.09058006314341223,0.006865976257021103
43006,dynamic_parameter_oracle,2159,1,110,8,8,0.10068660899415033,0.008257308738381916
43006,dynamic_parameter_oracle,2159,1,110,16,16,-0.005816682168964103,0.008324519284491272
43006,dynamic_parameter_oracle,2194,1,011,1,1,0.427953810213017,0.5753390594247153
43006,dynamic_parameter_oracle,2194,1,011,4,4,0.5641500004925504,0.19100586088133037
43006,dynamic_parameter_oracle,2194,1,011,8,8,0.7942808408974226,0.1345954648657848
43006,dynamic_parameter_oracle,2194,1,011,16,16,0.8137734625773014,0.1510747088512721
43006,dynamic_parameter_oracle,2346,2,110,1,1,1.5954856502180226,0.0012986998402607648
43006,dynamic_parameter_oracle,2346,2,110,4,4,0.20201155352643546,0.003300846368743106
43006,dynamic_parameter_oracle,2346,2,110,8,8,0.4891584818996687,0.003915744518949048
43006,dynamic_parameter_oracle,2346,2,110,16,16,0.13134406462324688,0.0063455535865073985
43006,dynamic_parameter_oracle,2367,2,110,1,1,0.9323159135230856,0.024152037276869973
43006,dynamic_parameter_oracle,2367,2,110,4,4,0.5325614025785137,0.05277335048194677
43006,dynamic_parameter_oracle,2367,2,110,8,8,0.6524625683805925,0.028263457624096325
43006,dynamic_parameter_oracle,2367,2,110,16,16,0.6623884667385854,0.026185026749280284
43006,dynamic_parameter_oracle,2396,2,111,1,1,0.45895982916214445,0.01108608084256196
43006,dynamic_parameter_oracle,2396,2,111,4,2,0.40637238937412434,0.0073667723493784035
43006,dynamic_parameter_oracle,2396,2,111,8,2,0.40637238937412434,0.0073667723493784035
43006,dynamic_parameter_oracle,2396,2,111,16,2,0.40637238937412434,0.0073667723493784035
43006,dynamic_parameter_oracle,2400,2,111,1,1,1.4739120184373187,0.19565972797786343
43006,dynamic_parameter_oracle,2400,2,111,4,4,0.7906624342211386,0.10229155233249956
43006,dynamic_parameter_oracle,2400,2,111,8,8,0.6147813990902142,0.07065518663826101
43006,dynamic_parameter_oracle,2400,2,111,16,16,0.6479097641716721,0.04348956626661525
43006,dynamic_parameter_oracle,2435,2,111,1,1,2.4333129185341127,0.05936115897675916
43006,dynamic_parameter_oracle,2435,2,111,4,1,2.4333129185341127,0.05936115897675916
43006,dynamic_parameter_oracle,2435,2,111,8,1,2.4333129185341127,0.05936115897675916
43006,dynamic_parameter_oracle,2435,2,111,16,1,2.4333129185341127,0.05936115897675916
43006,dynamic_parameter_oracle,2437,2,111,1,1,0.5619267091359068,0.054229007174314066
43006,dynamic_parameter_oracle,2437,2,111,4,4,0.43432983383878554,0.02379671972693487
43006,dynamic_parameter_oracle,2437,2,111,8,8,0.5152928499502067,0.012872122862960413
43006,dynamic_parameter_oracle,2437,2,111,16,14,0.8011930569792571,0.03016695268862622
43006,dynamic_parameter_oracle,2452,2,111,1,1,0.9148084948829126,0.047403355714553376
43006,dynamic_parameter_oracle,2452,2,111,4,1,0.9148084948829126,0.047403355714553376
43006,dynamic_parameter_oracle,2452,2,111,8,1,0.9148084948829126,0.047403355714553376
43006,dynamic_parameter_oracle,2452,2,111,16,1,0.9148084948829126,0.047403355714553376
43006,dynamic_parameter_oracle,2454,2,111,1,1,0.6850422426547228,0.23958201726047504
43006,dynamic_parameter_oracle,2454,2,111,4,3,0.7377001760682066,0.1255385866076319
43006,dynamic_parameter_oracle,2454,2,111,8,3,0.7377001760682066,0.1255385866076319
43006,dynamic_parameter_oracle,2454,2,111,16,3,0.7377001760682066,0.1255385866076319
43006,dynamic_parameter_oracle,2458,2,111,1,1,0.8015257298351549,0.13060816626264896
43006,dynamic_parameter_oracle,2458,2,111,4,4,1.4937659280794695,0.10583221776185334
43006,dynamic_parameter_oracle,2458,2,111,8,5,1.308476134452271,0.09051228290829544
43006,dynamic_parameter_oracle,2458,2,111,16,5,1.308476134452271,0.09051228290829544
43006,dynamic_parameter_oracle,2464,2,111,1,1,0.5495936698461839,0.14942468092756037
43006,dynamic_parameter_oracle,2464,2,111,4,1,0.5495936698461839,0.14942468092756037
43006,dynamic_parameter_oracle,2464,2,111,8,1,0.5495936698461839,0.14942468092756037
43006,dynamic_parameter_oracle,2464,2,111,16,1,0.5495936698461839,0.14942468092756037
43006,dynamic_parameter_oracle,2466,2,111,1,1,0.5774016603911866,0.07363712447340261
43006,dynamic_parameter_oracle,2466,2,111,4,4,0.4910611387925471,0.07440292936587938
43006,dynamic_parameter_oracle,2466,2,111,8,8,0.6152446575357207,0.046753240501661734
43006,dynamic_parameter_oracle,2466,2,111,16,16,0.6032672239204471,0.033229745479473334
43006,dynamic_parameter_oracle,2489,2,111,1,1,0.9319649457492529,0.0011194336127435644
43006,dynamic_parameter_oracle,2489,2,111,4,4,0.5872185210079333,0.0648750979508571
43006,dynamic_parameter_oracle,2489,2,111,8,8,0.6397834512817865,0.04481231376295158
43006,dynamic_parameter_oracle,2489,2,111,16,16,0.6733013911097399,0.03503086234878405
43006,dynamic_parameter_oracle,2508,2,111,1,1,0.5291035315500109,0.1959102679782098
43006,dynamic_parameter_oracle,2508,2,111,4,4,1.6398525604766825,0.374541103699554
43006,dynamic_parameter_oracle,2508,2,111,8,7,1.3144050173566317,0.2720806033209914
43006,dynamic_parameter_oracle,2508,2,111,16,7,1.3144050173566317,0.2720806033209914
43006,dynamic_parameter_oracle,2516,2,111,1,1,0.6333242399429798,0.2821760398224759
43006,dynamic_parameter_oracle,2516,2,111,4,4,0.6910299727550872,0.15247440253932545
43006,dynamic_parameter_oracle,2516,2,111,8,8,0.6132490581216505,0.08781141044482517
43006,dynamic_parameter_oracle,2516,2,111,16,8,0.6132490581216505,0.08781141044482517
43006,dynamic_parameter_oracle,2525,2,111,1,1,1.4077829566596387,0.04332433657490911
43006,dynamic_parameter_oracle,2525,2,111,4,4,0.9864745191069456,0.05152200427232581
43006,dynamic_parameter_oracle,2525,2,111,8,8,0.7388447798149281,0.03655727022153989
43006,dynamic_parameter_oracle,2525,2,111,16,8,0.7388447798149281,0.03655727022153989
43006,dynamic_parameter_oracle,2534,2,111,1,1,1.4195533027555545,0.06666738984666361
43006,dynamic_parameter_oracle,2534,2,111,4,3,0.7724594287118105,0.09010711997504924
43006,dynamic_parameter_oracle,2534,2,111,8,3,0.7724594287118105,0.09010711997504924
43006,dynamic_parameter_oracle,2534,2,111,16,3,0.7724594287118105,0.09010711997504924
43006,dynamic_parameter_oracle,2539,2,111,1,1,0.7494311526650926,0.0030261697968077504
43006,dynamic_parameter_oracle,2539,2,111,4,4,0.5224747181302973,0.018777647808417102
43006,dynamic_parameter_oracle,2539,2,111,8,8,0.790255782201735,0.0296943198643086
43006,dynamic_parameter_oracle,2539,2,111,16,10,0.7594693708823391,0.029759406919422048
43006,dynamic_parameter_oracle,2550,2,111,1,1,1.4035450126275717,0.7090326032239714
43006,dynamic_parameter_oracle,2550,2,111,4,4,1.8471171478234851,0.2532722995046232
43006,dynamic_parameter_oracle,2550,2,111,8,8,1.2837515690680896,0.13766852118799303
43006,dynamic_parameter_oracle,2550,2,111,16,8,1.2837515690680896,0.13766852118799303
43006,dynamic_parameter_oracle,2559,2,111,1,1,1.632080646794977,0.010005043642673626
43006,dynamic_parameter_oracle,2559,2,111,4,4,0.9996125833127397,0.05051003366830402
43006,dynamic_parameter_oracle,2559,2,111,8,8,0.6174033717279488,0.051816574431795256
43006,dynamic_parameter_oracle,2559,2,111,16,16,0.74098624596315,0.03000500032409293
43006,dynamic_parameter_oracle,2590,2,101,1,1,0.5131581038570271,0.04328583917393732
43006,dynamic_parameter_oracle,2590,2,101,4,4,0.6606397812321756,0.01899565432665537
43006,dynamic_parameter_oracle,2590,2,101,8,8,0.6781026662482879,0.013426080822229241
43006,dynamic_parameter_oracle,2590,2,101,16,16,0.77185174321839,0.023164581441770422
43006,dynamic_parameter_oracle,2617,2,101,1,1,2.341156811022395,0.781279790502957
43006,dynamic_parameter_oracle,2617,2,101,4,4,1.919624985648352,0.20810440873826966
43006,dynamic_parameter_oracle,2617,2,101,8,8,1.2283004845513967,0.1089604774798871
43006,dynamic_parameter_oracle,2617,2,101,16,16,0.8455212039009846,0.08714841086131156
43006,dynamic_parameter_oracle,2639,2,101,1,1,0.6080384386456439,0.330045655343993
43006,dynamic_parameter_oracle,2639,2,101,4,1,0.6080384386456439,0.330045655343993
43006,dynamic_parameter_oracle,2639,2,101,8,1,0.6080384386456439,0.330045655343993
43006,dynamic_parameter_oracle,2639,2,101,16,1,0.6080384386456439,0.330045655343993
43006,dynamic_parameter_oracle,2641,2,101,1,1,0.4927394845332171,0.0076076898873584185
43006,dynamic_parameter_oracle,2641,2,101,4,4,0.5850941766630551,0.03548822834598414
43006,dynamic_parameter_oracle,2641,2,101,8,8,0.6840439012474049,0.0200785116250617
43006,dynamic_parameter_oracle,2641,2,101,16,16,0.7603044650153307,0.014208302998681588
43006,dynamic_parameter_oracle,2667,2,101,1,1,1.1006362396915723,0.041652169841492385
43006,dynamic_parameter_oracle,2667,2,101,4,3,1.0609696861820455,0.028544061526564354
43006,dynamic_parameter_oracle,2667,2,101,8,3,1.0609696861820455,0.028544061526564354
43006,dynamic_parameter_oracle,2667,2,101,16,3,1.0609696861820455,0.028544061526564354
43006,dynamic_parameter_oracle,2671,2,101,1,1,0.9240765123706833,0.07696353348824857
43006,dynamic_parameter_oracle,2671,2,101,4,4,0.6909555873936782,0.019818701394464195
43006,dynamic_parameter_oracle,2671,2,101,8,8,0.4887344860597751,0.0113560325797721
43006,dynamic_parameter_oracle,2671,2,101,16,16,0.4430439062720678,0.020399817592067365
43006,dynamic_parameter_oracle,2795,2,011,1,1,0.6068635951650037,0.4338372985885161
43006,dynamic_parameter_oracle,2795,2,011,4,4,0.6714229725249901,0.12433104805049672
43006,dynamic_parameter_oracle,2795,2,011,8,8,0.7385673507442565,0.07209439724023238
43006,dynamic_parameter_oracle,2795,2,011,16,16,0.7411573096002521,0.06735735164252266
43006,dynamic_parameter_oracle,2820,2,110,1,1,-0.1601869654045706,0.0013126225215159431
43006,dynamic_parameter_oracle,2820,2,110,4,4,0.5892275251915772,0.005050333765848895
43006,dynamic_parameter_oracle,2820,2,110,8,4,0.5892275251915772,0.005050333765848895
43006,dynamic_parameter_oracle,2820,2,110,16,4,0.5892275251915772,0.005050333765848895
43006,dynamic_parameter_oracle,2825,2,110,1,1,-0.4018859849860837,0.0004098134470619252
43006,dynamic_parameter_oracle,2825,2,110,4,4,-0.12064147013187537,0.015021300620859462
43006,dynamic_parameter_oracle,2825,2,110,8,4,-0.12064147013187537,0.015021300620859462
43006,dynamic_parameter_oracle,2825,2,110,16,4,-0.12064147013187537,0.015021300620859462
43006,dynamic_parameter_oracle,2830,2,110,1,1,-0.24469360681755517,0.0018382507505367985
43006,dynamic_parameter_oracle,2830,2,110,4,4,0.849152941801216,0.009377675330012006
43006,dynamic_parameter_oracle,2830,2,110,8,8,0.5529875715613121,0.005231814123506286
43006,dynamic_parameter_oracle,2830,2,110,16,8,0.5529875715613121,0.005231814123506286
43006,dynamic_parameter_oracle,2839,2,110,1,1,-0.4094731284314567,0.0004608467612470094
43006,dynamic_parameter_oracle,2839,2,110,4,1,-0.4094731284314567,0.0004608467612470094
43006,dynamic_parameter_oracle,2839,2,110,8,1,-0.4094731284314567,0.0004608467612470094
43006,dynamic_parameter_oracle,2839,2,110,16,1,-0.4094731284314567,0.0004608467612470094
43006,dynamic_parameter_oracle,2841,2,110,1,1,0.6049631149320615,0.00017008267419478727
43006,dynamic_parameter_oracle,2841,2,110,4,4,-0.1181778183375617,0.003510013109881001
43006,dynamic_parameter_oracle,2841,2,110,8,6,-0.02204398635443766,0.003434256655307593
43006,dynamic_parameter_oracle,2841,2,110,16,6,-0.02204398635443766,0.003434256655307593
43006,dynamic_parameter_oracle,2848,2,110,1,1,-0.42544094352986805,0.016758547817118677
43006,dynamic_parameter_oracle,2848,2,110,4,2,-0.43531811190799596,0.02523747784046978
43006,dynamic_parameter_oracle,2848,2,110,8,2,-0.43531811190799596,0.02523747784046978
43006,dynamic_parameter_oracle,2848,2,110,16,2,-0.43531811190799596,0.02523747784046978
43006,dynamic_parameter_oracle,2851,2,110,1,1,-0.19706821049703524,0.0036449447212801305
43006,dynamic_parameter_oracle,2851,2,110,4,4,0.48333775996405937,0.012572691934204298
43006,dynamic_parameter_oracle,2851,2,110,8,6,0.2834657466634906,0.009743377913548415
43006,dynamic_parameter_oracle,2851,2,110,16,6,0.2834657466634906,0.009743377913548415
43006,dynamic_parameter_oracle,2858,2,110,1,1,-0.42381826093926755,0.007524582738501543
43006,dynamic_parameter_oracle,2858,2,110,4,4,-0.4025306409427403,0.007753467437122005
43006,dynamic_parameter_oracle,2858,2,110,8,8,-0.12315788270590158,0.008536754850665311
43006,dynamic_parameter_oracle,2858,2,110,16,15,0.11793459521796722,0.01254577535810791
43006,dynamic_parameter_oracle,2875,2,110,1,1,-0.25350936654081396,0.001051073223492639
43006,dynamic_parameter_oracle,2875,2,110,4,1,-0.25350936654081396,0.001051073223492639
43006,dynamic_parameter_oracle,2875,2,110,8,1,-0.25350936654081396,0.001051073223492639
43006,dynamic_parameter_oracle,2875,2,110,16,1,-0.25350936654081396,0.001051073223492639
43006,dynamic_parameter_oracle,2877,2,110,1,1,-0.4310296080490362,0.008693507260101948
43006,dynamic_parameter_oracle,2877,2,110,4,4,-0.1846995728232794,0.00815807899258204
43006,dynamic_parameter_oracle,2877,2,110,8,8,-0.20116815568105756,0.005561738503709197
43006,dynamic_parameter_oracle,2877,2,110,16,16,-0.2229809746712833,0.004968718444480906
43006,dynamic_parameter_oracle,2914,2,110,1,1,0.5083503307166712,0.0009584458871400818
43006,dynamic_parameter_oracle,2914,2,110,4,4,0.7308735824664576,0.0006278774504667633
43006,dynamic_parameter_oracle,2914,2,110,8,8,0.212087532968589,0.0024919880540486368
43006,dynamic_parameter_oracle,2914,2,110,16,16,0.25048080285183044,0.007794847138948319
43006,dynamic_parameter_oracle,2959,2,110,1,1,-0.2512990569195203,1.765098222354582e-05
43006,dynamic_parameter_oracle,2959,2,110,4,2,-0.34834165664992567,0.0058813077892149596
43006,dynamic_parameter_oracle,2959,2,110,8,2,-0.34834165664992567,0.0058813077892149596
43006,dynamic_parameter_oracle,2959,2,110,16,2,-0.34834165664992567,0.0058813077892149596
43006,dynamic_parameter_oracle,2962,2,110,1,1,-0.21040262627228573,0.0023484026031546455
43006,dynamic_parameter_oracle,2962,2,110,4,4,-0.19120632046182276,0.012425506826557763
43006,dynamic_parameter_oracle,2962,2,110,8,8,0.064974814437648,0.0177700150181819
43006,dynamic_parameter_oracle,2962,2,110,16,16,-0.07394101950385157,0.011348351355206617
43006,dynamic_parameter_oracle,2982,2,110,1,1,-0.4417428125502295,0.01967664612446275
43006,dynamic_parameter_oracle,2982,2,110,4,4,0.2689573435293394,0.008036759265470579
43006,dynamic_parameter_oracle,2982,2,110,8,8,-0.01920367968825326,0.006232268642253474
43006,dynamic_parameter_oracle,2982,2,110,16,16,-0.024038519473587497,0.005326193001050701
43006,dynamic_parameter_oracle,3011,2,110,1,1,2.0095663859407162,9.521542395961094e-05
43006,dynamic_parameter_oracle,3011,2,110,4,4,0.33605256916861737,0.012529309468434429
43006,dynamic_parameter_oracle,3011,2,110,8,8,0.19143971508846747,0.010024904442195658
43006,dynamic_parameter_oracle,3011,2,110,16,16,0.1329381573838391,0.008663748225208396
43006,dynamic_parameter_oracle,3064,2,111,1,1,2.0358347702489197,0.018922345698560602
43006,dynamic_parameter_oracle,3064,2,111,4,4,1.4927046347841146,0.1037386145937145
43006,dynamic_parameter_oracle,3064,2,111,8,8,1.587906376072806,0.07766479427043223
43006,dynamic_parameter_oracle,3064,2,111,16,16,1.0711363729162349,0.0665907876194348
43006,dynamic_parameter_oracle,3136,2,101,1,1,0.396961810922081,0.054945996448267226
43006,dynamic_parameter_oracle,3136,2,101,4,4,0.2878546073581077,0.05130201991205745
43006,dynamic_parameter_oracle,3136,2,101,8,8,0.374812941598739,0.049062555056308646
43006,dynamic_parameter_oracle,3136,2,101,16,13,0.47613610061776285,0.03302696632755124
43006,dynamic_parameter_oracle,3150,2,101,1,1,0.41324533362167765,0.07444163453551166
43006,dynamic_parameter_oracle,3150,2,101,4,4,0.5468007697913884,0.039749176195894784
43006,dynamic_parameter_oracle,3150,2,101,8,8,0.5183921426868499,0.02557757650608126
43006,dynamic_parameter_oracle,3150,2,101,16,11,0.43374681435016255,0.021409151599634874
43006,dynamic_parameter_oracle,3162,2,101,1,1,0.28366886114829787,0.003334498900387503
43006,dynamic_parameter_oracle,3162,2,101,4,4,0.30399898335421455,0.005606356819023088
43006,dynamic_parameter_oracle,3162,2,101,8,8,0.2875379792580166,0.013137210025215666
43006,dynamic_parameter_oracle,3162,2,101,16,8,0.2875379792580166,0.013137210025215666
43006,dynamic_parameter_oracle,3171,2,101,1,1,0.8417211627990644,0.10124629959917447
43006,dynamic_parameter_oracle,3171,2,101,4,4,0.7017334851530304,0.03242784225303996
43006,dynamic_parameter_oracle,3171,2,101,8,8,0.45636535933609657,0.021574818722502415
43006,dynamic_parameter_oracle,3171,2,101,16,16,0.4478831510745996,0.014452208969353238
43006,dynamic_parameter_oracle,3209,2,101,1,1,0.317115626499004,0.03217172036146526
43006,dynamic_parameter_oracle,3209,2,101,4,4,0.4972704682581136,0.02735826389392438
43006,dynamic_parameter_oracle,3209,2,101,8,8,0.6468540710476669,0.023554970449700247
43006,dynamic_parameter_oracle,3209,2,101,16,16,0.6654536594005227,0.022699895590002572
43006,dynamic_parameter_oracle,3398,2,101,1,1,4.1778455402626,0.06579143217237042
43006,dynamic_parameter_oracle,3398,2,101,4,4,1.786139014045977,0.044206626495577134
43006,dynamic_parameter_oracle,3398,2,101,8,8,1.099578105578559,0.023338937208979872
43006,dynamic_parameter_oracle,3398,2,101,16,16,1.0863181562004356,0.02140123500877839
43006,dynamic_parameter_oracle,3425,2,101,1,1,3.82166272421707,0.3716695187233781
43006,dynamic_parameter_oracle,3425,2,101,4,4,1.7851895984800545,0.15284019172805222
43006,dynamic_parameter_oracle,3425,2,101,8,8,1.0801191424177738,0.0849681098456784
43006,dynamic_parameter_oracle,3425,2,101,16,16,0.8017991786228611,0.05421514148416223
43006,dynamic_parameter_oracle,3446,2,101,1,1,0.7620970674596125,0.11734913859647755
43006,dynamic_parameter_oracle,3446,2,101,4,4,0.5111844047784452,0.07106526092153913
43006,dynamic_parameter_oracle,3446,2,101,8,8,0.38726998466103313,0.03686184149247184
43006,dynamic_parameter_oracle,3446,2,101,16,9,0.3612409357525474,0.03312104926973506
43006,dynamic_parameter_oracle,3474,3,101,1,1,0.7415781721580004,0.0017835878814206666
43006,dynamic_parameter_oracle,3474,3,101,4,2,0.6079712760027831,0.00803717237259819
43006,dynamic_parameter_oracle,3474,3,101,8,2,0.6079712760027831,0.00803717237259819
43006,dynamic_parameter_oracle,3474,3,101,16,2,0.6079712760027831,0.00803717237259819
43006,dynamic_parameter_oracle,3477,3,101,1,1,3.8481138410413678,0.03348086914435518
43006,dynamic_parameter_oracle,3477,3,101,4,4,1.5553332075425654,0.030717310308895917
43006,dynamic_parameter_oracle,3477,3,101,8,8,1.0877544067005624,0.09788152287740329
43006,dynamic_parameter_oracle,3477,3,101,16,14,1.2459019337762414,0.11460546263932395
43006,dynamic_parameter_oracle,3492,3,101,1,1,0.5383783808512842,0.33299562715356706
43006,dynamic_parameter_oracle,3492,3,101,4,4,1.1221732766337826,0.09105838192514784
43006,dynamic_parameter_oracle,3492,3,101,8,8,0.8597514549124281,0.04910517878747557
43006,dynamic_parameter_oracle,3492,3,101,16,15,0.7323253462491599,0.030088714469684013
43006,dynamic_parameter_oracle,3508,3,101,1,1,2.815668989168207,0.027156587934014435
43006,dynamic_parameter_oracle,3508,3,101,4,1,2.815668989168207,0.027156587934014435
43006,dynamic_parameter_oracle,3508,3,101,8,1,2.815668989168207,0.027156587934014435
43006,dynamic_parameter_oracle,3508,3,101,16,1,2.815668989168207,0.027156587934014435
43006,dynamic_parameter_oracle,3510,3,101,1,1,1.2058453509812657,0.025408186513850715
43006,dynamic_parameter_oracle,3510,3,101,4,4,0.618011847389649,0.010347647265283583
43006,dynamic_parameter_oracle,3510,3,101,8,8,0.4383743724633795,0.007247476787563344
43006,dynamic_parameter_oracle,3510,3,101,16,11,0.5237153150562578,0.006009248681430272
43006,dynamic_parameter_oracle,3522,3,101,1,1,0.4293823268385975,0.03768654339112428
43006,dynamic_parameter_oracle,3522,3,101,4,4,0.2851812755676747,0.026135581792898262
43006,dynamic_parameter_oracle,3522,3,101,8,8,0.35100811661047754,0.022033420552723226
43006,dynamic_parameter_oracle,3522,3,101,16,10,0.36168342187326913,0.019341770917992673
43006,dynamic_parameter_oracle,3533,3,101,1,1,0.390262088911371,0.04110498205292294
43006,dynamic_parameter_oracle,3533,3,101,4,4,0.48295394009187476,0.023075317816450128
43006,dynamic_parameter_oracle,3533,3,101,8,8,0.37432382327956326,0.02256788201238141
43006,dynamic_parameter_oracle,3533,3,101,16,12,0.7071672828480935,0.03451576048494349
43006,dynamic_parameter_oracle,3546,3,101,1,1,0.8127983429060153,0.1383033277131463
43006,dynamic_parameter_oracle,3546,3,101,4,1,0.8127983429060153,0.1383033277131463
43006,dynamic_parameter_oracle,3546,3,101,8,1,0.8127983429060153,0.1383033277131463
43006,dynamic_parameter_oracle,3546,3,101,16,1,0.8127983429060153,0.1383033277131463
43006,dynamic_parameter_oracle,3548,3,101,1,1,1.072177682386843,0.001480166372208319
43006,dynamic_parameter_oracle,3548,3,101,4,4,0.5298866246616523,0.010218102030549538
43006,dynamic_parameter_oracle,3548,3,101,8,8,0.6815973624490635,0.03504381260311167
43006,dynamic_parameter_oracle,3548,3,101,16,16,0.7879968377042896,0.03595049735055222
43006,dynamic_parameter_oracle,3572,3,111,1,1,0.5949445129444949,0.0459201568325103
43006,dynamic_parameter_oracle,3572,3,111,4,4,0.8098654682651012,0.06840938605520364
43006,dynamic_parameter_oracle,3572,3,111,8,8,1.0154506601849942,0.0855829676859517
43006,dynamic_parameter_oracle,3572,3,111,16,14,0.9535440536653947,0.06291908584100828
43006,dynamic_parameter_oracle,3587,3,111,1,1,0.5276052740317502,0.002759707116968063
43006,dynamic_parameter_oracle,3587,3,111,4,4,0.46999761263082873,0.0077395221031094485
43006,dynamic_parameter_oracle,3587,3,111,8,5,0.5275078344130113,0.006786304865788542
43006,dynamic_parameter_oracle,3587,3,111,16,5,0.5275078344130113,0.006786304865788542
43006,dynamic_parameter_oracle,3593,3,111,1,1,1.432080041835122,0.10389698097561859
43006,dynamic_parameter_oracle,3593,3,111,4,4,1.4962501018183019,0.08377601835180959
43006,dynamic_parameter_oracle,3593,3,111,8,8,1.3705537274532058,0.07313618668172342
43006,dynamic_parameter_oracle,3593,3,111,16,16,1.0858755393106865,0.0750262817606771
43006,dynamic_parameter_oracle,3632,3,111,1,1,0.4899858566842736,0.06982099853081676
43006,dynamic_parameter_oracle,3632,3,111,4,4,0.6050313519249171,0.026053674474232714
43006,dynamic_parameter_oracle,3632,3,111,8,8,0.9679789822392237,0.0760406200355553
43006,dynamic_parameter_oracle,3632,3,111,16,9,0.9212703351563089,0.0677682726790158
43006,dynamic_parameter_oracle,3642,3,111,1,1,0.9615419841491099,0.006438453357112096
43006,dynamic_parameter_oracle,3642,3,111,4,4,1.0332909800183798,0.1314820348921099
43006,dynamic_parameter_oracle,3642,3,111,8,7,0.7512453598987842,0.13554201907172025
43006,dynamic_parameter_oracle,3642,3,111,16,7,0.7512453598987842,0.13554201907172025
43006,dynamic_parameter_oracle,3650,3,111,1,1,0.6597080705838752,0.04332260215613295
43006,dynamic_parameter_oracle,3650,3,111,4,4,1.0521007410889835,0.1642541373083184
43006,dynamic_parameter_oracle,3650,3,111,8,8,0.7475021249074314,0.09614626314201681
43006,dynamic_parameter_oracle,3650,3,111,16,16,0.7121414832877724,0.07335570974099999
43006,dynamic_parameter_oracle,3692,3,110,1,1,0.24448694735727114,0.0014379378266196293
43006,dynamic_parameter_oracle,3692,3,110,4,4,0.10802692914498505,0.004975558795172769
43006,dynamic_parameter_oracle,3692,3,110,8,8,0.17924929541695267,0.005150123381044586
43006,dynamic_parameter_oracle,3692,3,110,16,9,0.15406011030138927,0.008221918067286385
43006,dynamic_parameter_oracle,3703,3,110,1,1,1.014927494296701,0.020049779161030318
43006,dynamic_parameter_oracle,3703,3,110,4,4,0.17625006428921833,0.028865447046656806
43006,dynamic_parameter_oracle,3703,3,110,8,8,-0.01102848208866701,0.01845757492902737
43006,dynamic_parameter_oracle,3703,3,110,16,16,-0.10217635526214972,0.012775294351994732
43006,dynamic_parameter_oracle,3723,3,110,1,1,-0.37092259535686084,0.0010461736859345254
43006,dynamic_parameter_oracle,3723,3,110,4,1,-0.37092259535686084,0.0010461736859345254
43006,dynamic_parameter_oracle,3723,3,110,8,1,-0.37092259535686084,0.0010461736859345254
43006,dynamic_parameter_oracle,3723,3,110,16,1,-0.37092259535686084,0.0010461736859345254
43006,dynamic_parameter_oracle,3725,3,110,1,1,0.503489408550134,0.0010831940023623007
43006,dynamic_parameter_oracle,3725,3,110,4,4,-0.07710413849078243,0.004520687903905922
43006,dynamic_parameter_oracle,3725,3,110,8,8,-0.12415140937619082,0.005168958934961228
43006,dynamic_parameter_oracle,3725,3,110,16,16,-0.012398049341092413,0.004162073365794112
43006,dynamic_parameter_oracle,3755,3,110,1,1,-0.44620518023179123,0.030124410423759147
43006,dynamic_parameter_oracle,3755,3,110,4,4,0.08798319166825436,0.008357412918978447
43006,dynamic_parameter_oracle,3755,3,110,8,8,0.2105709073330239,0.006841791682250305
43006,dynamic_parameter_oracle,3755,3,110,16,13,0.03951378548031019,0.0071713192333035585
43006,dynamic_parameter_oracle,3769,3,110,1,1,1.8851223617680657,0.0002832846384895692
43006,dynamic_parameter_oracle,3769,3,110,4,4,0.30057937034217885,0.009044729963777792
43006,dynamic_parameter_oracle,3769,3,110,8,8,0.4797296815910874,0.02496889215853631
43006,dynamic_parameter_oracle,3769,3,110,16,16,0.6800109365052207,0.05665821859447219
43006,dynamic_parameter_oracle,3791,3,111,1,1,0.5418804162681867,0.380716362841574
43006,dynamic_parameter_oracle,3791,3,111,4,4,1.2747737703886235,0.15350950414934975
43006,dynamic_parameter_oracle,3791,3,111,8,8,0.8384820165743263,0.10267014664175628
43006,dynamic_parameter_oracle,3791,3,111,16,16,0.7234703808314642,0.07181327890377703
43006,dynamic_parameter_oracle,3811,3,111,1,1,0.4742983111389349,0.12693399712015419
43006,dynamic_parameter_oracle,3811,3,111,4,4,0.9130209831132741,0.37233334718238437
43006,dynamic_parameter_oracle,3811,3,111,8,4,0.9130209831132741,0.37233334718238437
43006,dynamic_parameter_oracle,3811,3,111,16,4,0.9130209831132741,0.37233334718238437
43006,dynamic_parameter_oracle,3816,3,111,1,1,2.6348033677405978,0.025571502216618695
43006,dynamic_parameter_oracle,3816,3,111,4,4,1.18909490821979,0.028737436480878953
43006,dynamic_parameter_oracle,3816,3,111,8,8,1.0171311476714506,0.03278486892180331
43006,dynamic_parameter_oracle,3816,3,111,16,12,0.803465821313399,0.027730472770341016
43006,dynamic_parameter_oracle,3829,3,111,1,1,2.1919177172707194,0.00010052356036665882
43006,dynamic_parameter_oracle,3829,3,111,4,4,1.1285391126387312,0.035146660233219225
43006,dynamic_parameter_oracle,3829,3,111,8,8,1.0965193778908313,0.028717799283473948
43006,dynamic_parameter_oracle,3829,3,111,16,16,0.954212651755799,0.021076559165407738
43006,dynamic_parameter_oracle,3858,3,101,1,1,0.40852790638000624,0.027645924819516842
43006,dynamic_parameter_oracle,3858,3,101,4,4,0.73790147313254,0.01838250085530177
43006,dynamic_parameter_oracle,3858,3,101,8,7,0.8591945000753732,0.013495065853930904
43006,dynamic_parameter_oracle,3858,3,101,16,7,0.8591945000753732,0.013495065853930904
43006,dynamic_parameter_oracle,3866,3,101,1,1,1.3776251421774937,0.028056525833535306
43006,dynamic_parameter_oracle,3866,3,101,4,4,0.6407480660596283,0.007871686373906775
43006,dynamic_parameter_oracle,3866,3,101,8,8,0.6229943850856914,0.006454973808415012
43006,dynamic_parameter_oracle,3866,3,101,16,16,0.5181974301960728,0.008553833290847848
43006,dynamic_parameter_oracle,4072,3,011,1,1,0.4058788110108056,0.021646040806532995
43006,dynamic_parameter_oracle,4072,3,011,4,4,0.700390226427812,0.15329198309565323
43006,dynamic_parameter_oracle,4072,3,011,8,8,0.8526508773849626,0.11311395218187262
43006,dynamic_parameter_oracle,4072,3,011,16,16,1.1094762454182883,0.08536665092657064
43006,dynamic_parameter_oracle,4135,3,110,1,1,1.2611743293757443,0.013203046839489639
43006,dynamic_parameter_oracle,4135,3,110,4,2,2.267802505181851,0.008361798469801273
43006,dynamic_parameter_oracle,4135,3,110,8,2,2.267802505181851,0.008361798469801273
43006,dynamic_parameter_oracle,4135,3,110,16,2,2.267802505181851,0.008361798469801273
43006,dynamic_parameter_oracle,4138,3,110,1,1,-0.2592549736610731,1.9377526906104296e-06
43006,dynamic_parameter_oracle,4138,3,110,4,4,-0.26720442497601055,0.004664034022224531
43006,dynamic_parameter_oracle,4138,3,110,8,5,-0.300142281267529,0.006726073732527299
43006,dynamic_parameter_oracle,4138,3,110,16,5,-0.300142281267529,0.006726073732527299
43006,dynamic_parameter_oracle,4144,3,110,1,1,-0.2328804927405936,0.0002856025260129406
43006,dynamic_parameter_oracle,4144,3,110,4,4,-0.2613039750636733,0.0023640535036540578
43006,dynamic_parameter_oracle,4144,3,110,8,5,-0.27490310328496503,0.008065384383913805
43006,dynamic_parameter_oracle,4144,3,110,16,5,-0.27490310328496503,0.008065384383913805
43006,dynamic_parameter_oracle,4150,3,110,1,1,-0.3781888100256849,0.0014152470033436595
43006,dynamic_parameter_oracle,4150,3,110,4,4,0.36008954689386413,0.004997643881209531
43006,dynamic_parameter_oracle,4150,3,110,8,8,0.334202410116188,0.009857138682928628
43006,dynamic_parameter_oracle,4150,3,110,16,16,0.23877551280150686,0.008116708656081025
43006,dynamic_parameter_oracle,4181,3,110,1,1,-0.27274901391064466,0.000866513669082829
43006,dynamic_parameter_oracle,4181,3,110,4,4,0.05200533565744643,0.011900488412316808
43006,dynamic_parameter_oracle,4181,3,110,8,8,0.10756197823836716,0.011051012431532744
43006,dynamic_parameter_oracle,4181,3,110,16,11,0.08234747825228604,0.017583472632875716
43006,dynamic_parameter_oracle,4193,3,101,1,1,0.9180882208259407,0.00016935508609523757
43006,dynamic_parameter_oracle,4193,3,101,4,4,0.6212954346110996,0.016226413433468805
43006,dynamic_parameter_oracle,4193,3,101,8,8,0.5400321410395876,0.026956393152793006
43006,dynamic_parameter_oracle,4193,3,101,16,8,0.5400321410395876,0.026956393152793006
43006,dynamic_parameter_oracle,4202,3,101,1,1,0.4981410443803405,1.723785210720452e-05
43006,dynamic_parameter_oracle,4202,3,101,4,4,0.40282273484536546,0.004502721665520369
43006,dynamic_parameter_oracle,4202,3,101,8,8,0.45217723011662536,0.021627563704838492
43006,dynamic_parameter_oracle,4202,3,101,16,16,0.6053387779699289,0.04103679201485996
43006,dynamic_parameter_oracle,4222,3,101,1,1,0.7002132776896368,0.003987586729378799
43006,dynamic_parameter_oracle,4222,3,101,4,4,0.48263987081698967,0.006396906920579978
43006,dynamic_parameter_oracle,4222,3,101,8,8,0.47460677545170715,0.014180034712660218
43006,dynamic_parameter_oracle,4222,3,101,16,16,0.6603064523446271,0.011625567198761302
43006,dynamic_parameter_oracle,4260,3,101,1,1,0.23605935902987307,0.04284434742332033
43006,dynamic_parameter_oracle,4260,3,101,4,4,0.47428398700777014,0.020024681472993845
43006,dynamic_parameter_oracle,4260,3,101,8,8,0.6203064065294751,0.015386235873301393
43006,dynamic_parameter_oracle,4260,3,101,16,11,0.5843264258014617,0.012466705828071644
43006,dynamic_parameter_oracle,4272,3,101,1,1,0.44528295635507525,0.16106203744013636
43006,dynamic_parameter_oracle,4272,3,101,4,4,0.4682155239113368,0.10692397087057434
43006,dynamic_parameter_oracle,4272,3,101,8,8,0.6949555829963379,0.06155987469809175
43006,dynamic_parameter_oracle,4272,3,101,16,10,0.6744344167403271,0.05122118494978049
43006,dynamic_parameter_oracle,4283,3,101,1,1,0.7924465212739347,0.007098952338468182
43006,dynamic_parameter_oracle,4283,3,101,4,4,0.3907162431136617,0.002630349764442582
43006,dynamic_parameter_oracle,4283,3,101,8,6,0.6657447033637984,0.004345530575064714
43006,dynamic_parameter_oracle,4283,3,101,16,6,0.6657447033637984,0.004345530575064714
43006,dynamic_parameter_oracle,4290,3,101,1,1,0.5971776898591155,0.019605506491274016
43006,dynamic_parameter_oracle,4290,3,101,4,4,0.5740345601805288,0.0118744757778408
43006,dynamic_parameter_oracle,4290,3,101,8,8,0.4555284835841463,0.03423600605602748
43006,dynamic_parameter_oracle,4290,3,101,16,15,0.849058214055893,0.14152951043726167
43006,dynamic_parameter_oracle,4306,3,101,1,1,1.4137468989536701,0.025818435697579085
43006,dynamic_parameter_oracle,4306,3,101,4,4,1.1396068560816652,0.04652919818627127
43006,dynamic_parameter_oracle,4306,3,101,8,8,0.7231677829067298,0.0877505628579999
43006,dynamic_parameter_oracle,4306,3,101,16,10,0.6479610700341781,0.08333211518387354
43006,dynamic_parameter_oracle,4317,3,101,1,1,1.1766794593101497,0.0007758073040016887
43006,dynamic_parameter_oracle,4317,3,101,4,4,0.9278842246614337,0.02196611242298479
43006,dynamic_parameter_oracle,4317,3,101,8,8,0.8096549384851484,0.014560858478129386
43006,dynamic_parameter_oracle,4317,3,101,16,16,0.9115187996447376,0.013830507610588877
43006,dynamic_parameter_oracle,4416,3,110,1,1,-0.40656871207531675,0.026847485296243687
43006,dynamic_parameter_oracle,4416,3,110,4,4,-0.267953593242201,0.01607318437705781
43006,dynamic_parameter_oracle,4416,3,110,8,8,-0.2644054356559912,0.009644927770961141
43006,dynamic_parameter_oracle,4416,3,110,16,8,-0.2644054356559912,0.009644927770961141
43006,dynamic_parameter_oracle,4425,3,110,1,1,-0.40618377558350927,0.0069537956934971334
43006,dynamic_parameter_oracle,4425,3,110,4,4,-0.15718693075809487,0.004219752565756017
43006,dynamic_parameter_oracle,4425,3,110,8,8,-0.10345789741332692,0.004330549308841407
43006,dynamic_parameter_oracle,4425,3,110,16,16,-0.1218032402879851,0.006581018164165357
43006,dynamic_parameter_oracle,4442,3,110,1,1,-0.256598789638535,0.0006944454721243691
43006,dynamic_parameter_oracle,4442,3,110,4,4,0.23239678978110279,0.0022459389786981337
43006,dynamic_parameter_oracle,4442,3,110,8,8,-0.06575464937442724,0.004205417268576138
43006,dynamic_parameter_oracle,4442,3,110,16,16,-0.14276577146536906,0.0036274986388554055
43006,dynamic_parameter_oracle,4470,3,110,1,1,-0.41238535700094997,0.009276790953774042
43006,dynamic_parameter_oracle,4470,3,110,4,4,-0.2777422693898153,0.0025580652307146193
43006,dynamic_parameter_oracle,4470,3,110,8,8,-0.16303916701714272,0.003604860540943891
43006,dynamic_parameter_oracle,4470,3,110,16,14,-0.19302182393990533,0.0024815700110812273
43006,dynamic_parameter_oracle,4485,3,110,1,1,-0.18762082281750622,0.0054040333334168834
43006,dynamic_parameter_oracle,4485,3,110,4,4,-0.06856729423851832,0.015435353367970542
43006,dynamic_parameter_oracle,4485,3,110,8,8,-0.08962297643129764,0.010345383593588903
43006,dynamic_parameter_oracle,4485,3,110,16,16,0.4325221834086437,0.012999706349728357
43006,dynamic_parameter_oracle,4518,3,111,1,1,0.4474144895574324,0.07954751460937173
43006,dynamic_parameter_oracle,4518,3,111,4,3,0.6542798291646733,0.11324611359022525
43006,dynamic_parameter_oracle,4518,3,111,8,3,0.6542798291646733,0.11324611359022525
43006,dynamic_parameter_oracle,4518,3,111,16,3,0.6542798291646733,0.11324611359022525
43006,dynamic_parameter_oracle,4522,3,111,1,1,0.6921433766840683,0.13313799784252564
43006,dynamic_parameter_oracle,4522,3,111,4,4,0.52874575153062,0.07889734107138026
43006,dynamic_parameter_oracle,4522,3,111,8,5,0.523628295915681,0.12269488306813496
43006,dynamic_parameter_oracle,4522,3,111,16,5,0.523628295915681,0.12269488306813496
43006,dynamic_parameter_oracle,4528,3,111,1,1,1.5347007968424176,0.00493840368675055
43006,dynamic_parameter_oracle,4528,3,111,4,4,1.0055860287860676,0.008491944566747777
43006,dynamic_parameter_oracle,4528,3,111,8,8,0.9738411300441032,0.0371249194269884
43006,dynamic_parameter_oracle,4528,3,111,16,16,1.0434289217895492,0.10242643247639865
43006,dynamic_parameter_oracle,4549,3,111,1,1,0.6067263615189588,0.04625687330354855
43006,dynamic_parameter_oracle,4549,3,111,4,2,0.49845176692370485,0.02317883027825408
43006,dynamic_parameter_oracle,4549,3,111,8,2,0.49845176692370485,0.02317883027825408
43006,dynamic_parameter_oracle,4549,3,111,16,2,0.49845176692370485,0.02317883027825408
43006,dynamic_parameter_oracle,4552,3,111,1,1,1.96514441611275,0.16495908431758466
43006,dynamic_parameter_oracle,4552,3,111,4,1,1.96514441611275,0.16495908431758466
43006,dynamic_parameter_oracle,4552,3,111,8,1,1.96514441611275,0.16495908431758466
43006,dynamic_parameter_oracle,4552,3,111,16,1,1.96514441611275,0.16495908431758466
43006,dynamic_parameter_oracle,4554,3,111,1,1,1.7953874675734385,0.12167238218151548
43006,dynamic_parameter_oracle,4554,3,111,4,4,1.0191425536500602,0.07169007600235508
43006,dynamic_parameter_oracle,4554,3,111,8,8,1.037352126632066,0.05417580611868453
43006,dynamic_parameter_oracle,4554,3,111,16,16,0.9296451447511426,0.049607495609751376
43006,dynamic_parameter_oracle,4573,3,111,1,1,1.2164517362544636,0.04192549649478271
43006,dynamic_parameter_oracle,4573,3,111,4,4,0.9471362879454162,0.035231775368010046
43006,dynamic_parameter_oracle,4573,3,111,8,8,0.7312275538117979,0.028893002089535255
43006,dynamic_parameter_oracle,4573,3,111,16,16,0.7695804830339309,0.03232876569348258
43006,dynamic_parameter_oracle,4591,3,111,1,1,1.946952933809875,0.0342255050792636
43006,dynamic_parameter_oracle,4591,3,111,4,4,0.7663214394641358,0.025838250162706765
43006,dynamic_parameter_oracle,4591,3,111,8,5,0.738931497290817,0.020678532224175268
43006,dynamic_parameter_oracle,4591,3,111,16,5,0.738931497290817,0.020678532224175268
43006,dynamic_parameter_oracle,4597,3,111,1,1,2.217928063038786,0.09994097377638125
43006,dynamic_parameter_oracle,4597,3,111,4,4,1.2296585962803768,0.12780087734272214
43006,dynamic_parameter_oracle,4597,3,111,8,8,1.0226937172996196,0.06486092086064499
43006,dynamic_parameter_oracle,4597,3,111,16,8,1.0226937172996196,0.06486092086064499
43006,dynamic_parameter_oracle,4606,3,111,1,1,0.4810539589745432,0.07053292549411593
43006,dynamic_parameter_oracle,4606,3,111,4,1,0.4810539589745432,0.07053292549411593
43006,dynamic_parameter_oracle,4606,3,111,8,1,0.4810539589745432,0.07053292549411593
43006,dynamic_parameter_oracle,4606,3,111,16,1,0.4810539589745432,0.07053292549411593
