user_id,oracle_gain,action_disagreement
P189,0.09453333333333323,0.49306666666666665
P194,0.11816666666666661,0.7002777777777778
