seed,method,event_index,sequence_id,cell,window,n_samples,nll,latent_mse
43003,learned_event_learned_qr,18,0,101,1,1,0.6399094846185036,0.015611751071333413
43003,learned_event_learned_qr,18,0,101,4,4,0.5903120676073719,0.041836664043316325
43003,learned_event_learned_qr,18,0,101,8,4,0.5903120676073719,0.041836664043316325
43003,learned_event_learned_qr,18,0,101,16,4,0.5903120676073719,0.041836664043316325
43003,learned_event_learned_qr,23,0,101,1,1,0.5336193302290717,0.002574827707285953
43003,learned_event_learned_qr,23,0,101,4,4,0.4457250313733488,0.026237875970283823
43003,learned_event_learned_qr,23,0,101,8,8,0.7370322997021571,0.07189740699985998
43003,learned_event_learned_qr,23,0,101,16,16,0.704555409859969,0.06357648241354652
43003,learned_event_learned_qr,71,0,101,1,1,0.4209396771333153,1.3536726605581437e-05
43003,learned_event_learned_qr,71,0,101,4,4,0.75796842056611,0.06364723822536876
43003,learned_event_learned_qr,71,0,101,8,8,0.9808375561578064,0.061194617655986626
43003,learned_event_learned_qr,71,0,101,16,16,0.8408762333035241,0.05802210249734431
43003,learned_event_learned_qr,101,0,101,1,1,1.0994959271076443,8.197855685898393e-05
43003,learned_event_learned_qr,101,0,101,4,4,0.5406567743842495,0.010483596562082365
43003,learned_event_learned_qr,101,0,101,8,8,0.5395426115994904,0.016184612089927615
43003,learned_event_learned_qr,101,0,101,16,16,0.5477432021850108,0.021581144999781067
43003,learned_event_learned_qr,236,0,101,1,1,0.9902670183285757,0.11243157728199792
43003,learned_event_learned_qr,236,0,101,4,4,0.7553632850232317,0.051362322885583664
43003,learned_event_learned_qr,236,0,101,8,8,0.5208402768483759,0.02852739488588692
43003,learned_event_learned_qr,236,0,101,16,16,0.8462884475916174,0.029650585023205823
43003,learned_event_learned_qr,266,0,101,1,1,0.38115147590575865,0.05190369679940706
43003,learned_event_learned_qr,266,0,101,4,4,1.339079869068393,0.15510884063037103
43003,learned_event_learned_qr,266,0,101,8,8,0.9931760177812511,0.14446578605836763
43003,learned_event_learned_qr,266,0,101,16,16,1.1121970924207272,0.10138715925610364
43003,learned_event_learned_qr,285,0,101,1,1,0.6755789758724412,0.29240746191622463
43003,learned_event_learned_qr,285,0,101,4,3,0.8542283574729876,0.15669038508130465
43003,learned_event_learned_qr,285,0,101,8,3,0.8542283574729876,0.15669038508130465
43003,learned_event_learned_qr,285,0,101,16,3,0.8542283574729876,0.15669038508130465
43003,learned_event_learned_qr,289,0,111,1,1,0.8739761571355632,0.4478232861278454
43003,learned_event_learned_qr,289,0,111,4,4,0.7942939292071756,0.17129821658649952
43003,learned_event_learned_qr,289,0,111,8,8,0.8503931574890126,0.1047658542157381
43003,learned_event_learned_qr,289,0,111,16,8,0.8503931574890126,0.1047658542157381
43003,learned_event_learned_qr,298,0,111,1,1,2.0717652496172594,1.0114137192721289
43003,learned_event_learned_qr,298,0,111,4,4,1.3389915932579621,0.36931601925460633
43003,learned_event_learned_qr,298,0,111,8,8,1.1273617004580512,0.18713896211191808
43003,learned_event_learned_qr,298,0,111,16,16,0.959165540306031,0.13645413184875754
43003,learned_event_learned_qr,327,0,111,1,1,1.2802074290432708,0.42071945837955327
43003,learned_event_learned_qr,327,0,111,4,4,1.0947042668239138,0.13618034087089417
43003,learned_event_learned_qr,327,0,111,8,8,1.0445693851039124,0.09845871814842655
43003,learned_event_learned_qr,327,0,111,16,16,0.9500466979335552,0.0744915019895831
43003,learned_event_learned_qr,356,0,111,1,1,0.7637811580844667,0.24093141607159171
43003,learned_event_learned_qr,356,0,111,4,4,0.8463997899742619,0.19244118667509022
43003,learned_event_learned_qr,356,0,111,8,8,1.1273068788956038,0.10455612476050255
43003,learned_event_learned_qr,356,0,111,16,16,1.0894987650555965,0.12079646636970329
43003,learned_event_learned_qr,386,0,110,1,1,0.46763170098952944,0.00505916493052452
43003,learned_event_learned_qr,386,0,110,4,4,0.41214922120143516,0.004040910971276982
43003,learned_event_learned_qr,386,0,110,8,8,0.34337480965772765,0.013698653080524661
43003,learned_event_learned_qr,386,0,110,16,16,0.3102440917024883,0.012230892011542552
43003,learned_event_learned_qr,416,0,110,1,1,0.3428856945175135,0.000643711327227257
43003,learned_event_learned_qr,416,0,110,4,4,0.11410146708942186,0.015018235950040657
43003,learned_event_learned_qr,416,0,110,8,8,0.03233376523196429,0.013020287331767657
43003,learned_event_learned_qr,416,0,110,16,16,-0.058550433764144566,0.012721876193167947
43003,learned_event_learned_qr,448,0,110,1,1,0.9990565699527177,0.06296141987890938
43003,learned_event_learned_qr,448,0,110,4,4,0.36311026268797914,0.04343890790985951
43003,learned_event_learned_qr,448,0,110,8,6,0.17068670030609515,0.03265132485137192
43003,learned_event_learned_qr,448,0,110,16,6,0.17068670030609515,0.03265132485137192
43003,learned_event_learned_qr,455,0,110,1,1,-0.11439524509224655,0.010361362448429112
43003,learned_event_learned_qr,455,0,110,4,4,-0.19023783160105254,0.01308330331695786
43003,learned_event_learned_qr,455,0,110,8,8,0.09734838356035971,0.022044429054329535
43003,learned_event_learned_qr,455,0,110,16,16,0.10693219422073183,0.028296371715475332
43003,learned_event_learned_qr,497,0,110,1,1,0.09936611512346169,0.005617247109297069
43003,learned_event_learned_qr,497,0,110,4,4,-0.14474983292628968,0.012359473059346926
43003,learned_event_learned_qr,497,0,110,8,8,0.2393019892781733,0.020088909635463996
43003,learned_event_learned_qr,497,0,110,16,9,0.16945387155187613,0.022679858529965194
43003,learned_event_learned_qr,507,0,110,1,1,-0.2821566154939016,0.0014137807982088756
43003,learned_event_learned_qr,507,0,110,4,4,-0.33380042987958614,0.0046814912946199615
43003,learned_event_learned_qr,507,0,110,8,8,0.7738066424550416,0.07226294894606704
43003,learned_event_learned_qr,507,0,110,16,16,0.9265998490682594,0.08320685814145505
43003,learned_event_learned_qr,640,0,110,1,1,0.4268722709623527,0.0061121631823363035
43003,learned_event_learned_qr,640,0,110,4,4,0.38085225230575703,0.009939419991800081
43003,learned_event_learned_qr,640,0,110,8,4,0.38085225230575703,0.009939419991800081
43003,learned_event_learned_qr,640,0,110,16,4,0.38085225230575703,0.009939419991800081
43003,learned_event_learned_qr,645,0,110,1,1,0.829029606238295,0.008859052880759588
43003,learned_event_learned_qr,645,0,110,4,4,0.47288027792647647,0.003554130985654059
43003,learned_event_learned_qr,645,0,110,8,8,0.3336811487073167,0.003490689293498346
43003,learned_event_learned_qr,645,0,110,16,9,0.34647671796490165,0.010836097646232683
43003,learned_event_learned_qr,655,0,110,1,1,0.4436661215772556,0.07423346586401926
43003,learned_event_learned_qr,655,0,110,4,4,0.3358777708594527,0.032543096386250546
43003,learned_event_learned_qr,655,0,110,8,8,0.3638458336024921,0.0407015866769643
43003,learned_event_learned_qr,655,0,110,16,16,0.2892220884765333,0.026494541389268978
43003,learned_event_learned_qr,718,0,111,1,1,0.5088101316566929,0.3577566706010556
43003,learned_event_learned_qr,718,0,111,4,4,1.2649770167396046,0.09331697804589613
43003,learned_event_learned_qr,718,0,111,8,8,1.0185150841777106,0.07146933909320799
43003,learned_event_learned_qr,718,0,111,16,16,1.1545499728411832,0.0520988225987145
43003,learned_event_learned_qr,756,0,111,1,1,0.3064806962835411,0.037094483460658884
43003,learned_event_learned_qr,756,0,111,4,4,0.22817158694021022,0.037569161602679195
43003,learned_event_learned_qr,756,0,111,8,8,0.3275105293647313,0.027387145138622386
43003,learned_event_learned_qr,756,0,111,16,16,0.3599879027584356,0.027429063454840103
43003,learned_event_learned_qr,776,0,110,1,1,0.05043437673144541,0.004296500441561079
43003,learned_event_learned_qr,776,0,110,4,4,0.34553880365584133,0.020757028007062757
43003,learned_event_learned_qr,776,0,110,8,6,0.17933258669415278,0.01499944768356373
43003,learned_event_learned_qr,776,0,110,16,6,0.17933258669415278,0.01499944768356373
43003,learned_event_learned_qr,783,0,110,1,1,0.30339737781541226,0.035192967994772346
43003,learned_event_learned_qr,783,0,110,4,3,0.10256489592580585,0.014026964506653495
43003,learned_event_learned_qr,783,0,110,8,3,0.10256489592580585,0.014026964506653495
43003,learned_event_learned_qr,783,0,110,16,3,0.10256489592580585,0.014026964506653495
43003,learned_event_learned_qr,787,0,110,1,1,0.07077496492846744,0.007092096423438748
43003,learned_event_learned_qr,787,0,110,4,4,0.20851760548741202,0.012202958906806689
43003,learned_event_learned_qr,787,0,110,8,8,0.06484204465335373,0.009983301064856221
43003,learned_event_learned_qr,787,0,110,16,16,0.06413579821754448,0.023119434282495396
43003,learned_event_learned_qr,828,0,110,1,1,0.6918047110977099,0.04461584311761974
43003,learned_event_learned_qr,828,0,110,4,2,0.5760373661671039,0.02931278557914099
43003,learned_event_learned_qr,828,0,110,8,2,0.5760373661671039,0.02931278557914099
43003,learned_event_learned_qr,828,0,110,16,2,0.5760373661671039,0.02931278557914099
43003,learned_event_learned_qr,831,0,110,1,1,-0.16675597047359395,0.0016663089336857089
43003,learned_event_learned_qr,831,0,110,4,4,0.2541161356898814,0.028608601304546087
43003,learned_event_learned_qr,831,0,110,8,8,0.14883048374177044,0.0309254296776325
43003,learned_event_learned_qr,831,0,110,16,15,0.21306770612640272,0.03407692793482594
43003,learned_event_learned_qr,848,0,110,1,1,0.3783754108319737,0.044227756025055597
43003,learned_event_learned_qr,848,0,110,4,4,0.135678085587049,0.04128707617069387
43003,learned_event_learned_qr,848,0,110,8,8,0.18488442279377307,0.026900733374570062
43003,learned_event_learned_qr,848,0,110,16,9,0.13597093116362935,0.025307297199861623
43003,learned_event_learned_qr,858,0,110,1,1,0.9704485788980746,0.038154020174887615
43003,learned_event_learned_qr,858,0,110,4,3,1.4632767280448509,0.08164502231656676
43003,learned_event_learned_qr,858,0,110,8,3,1.4632767280448509,0.08164502231656676
43003,learned_event_learned_qr,858,0,110,16,3,1.4632767280448509,0.08164502231656676
43003,learned_event_learned_qr,862,0,110,1,1,0.29215538002125885,0.017264890211466512
43003,learned_event_learned_qr,862,0,110,4,4,0.3252820573932955,0.030603120488498402
43003,learned_event_learned_qr,862,0,110,8,8,0.19253863545527242,0.04170518874584219
43003,learned_event_learned_qr,862,0,110,16,16,0.5563602881345471,0.03793466967013621
43003,learned_event_learned_qr,921,0,101,1,1,0.19623571516112773,0.001063452181745915
43003,learned_event_learned_qr,921,0,101,4,4,0.2409095144231041,0.0035623240065055274
43003,learned_event_learned_qr,921,0,101,8,8,0.25142490696356695,0.007093979590700762
43003,learned_event_learned_qr,921,0,101,16,16,0.6942673495433862,0.01782902564124076
43003,learned_event_learned_qr,945,0,101,1,1,2.883770497843753,0.06833397919523121
43003,learned_event_learned_qr,945,0,101,4,4,1.2916077191184185,0.036280012778298606
43003,learned_event_learned_qr,945,0,101,8,8,0.8570065258449171,0.04948329184504649
43003,learned_event_learned_qr,945,0,101,16,16,0.8206388333897363,0.04219010610933675
43003,learned_event_learned_qr,1039,0,111,1,1,1.132962827857757,0.029655837548432627
43003,learned_event_learned_qr,1039,0,111,4,4,0.7354032490565539,0.038749819480039555
43003,learned_event_learned_qr,1039,0,111,8,5,0.8881510112966413,0.03223940351018957
43003,learned_event_learned_qr,1039,0,111,16,5,0.8881510112966413,0.03223940351018957
43003,learned_event_learned_qr,1045,0,111,1,1,1.4252605615644165,0.05287832280219963
43003,learned_event_learned_qr,1045,0,111,4,4,1.084221527104383,0.05548800705437021
43003,learned_event_learned_qr,1045,0,111,8,7,1.1605626955866375,0.04463256723670286
43003,learned_event_learned_qr,1045,0,111,16,7,1.1605626955866375,0.04463256723670286
43003,learned_event_learned_qr,1053,0,111,1,1,0.46241624318225505,0.18516734904460766
43003,learned_event_learned_qr,1053,0,111,4,4,0.6099656886899566,0.1259013003639635
43003,learned_event_learned_qr,1053,0,111,8,8,1.0772762636910302,0.10928937789908455
43003,learned_event_learned_qr,1053,0,111,16,16,0.9293177095876085,0.1280150584248412
43003,learned_event_learned_qr,1075,0,111,1,1,0.5808416830085481,0.012324173219626268
43003,learned_event_learned_qr,1075,0,111,4,4,0.5115183387195051,0.07178246304545216
43003,learned_event_learned_qr,1075,0,111,8,7,1.041108316529993,0.09015261366750082
43003,learned_event_learned_qr,1075,0,111,16,7,1.041108316529993,0.09015261366750082
43003,learned_event_learned_qr,1083,0,111,1,1,1.0031926321434979,0.007413274680249548
43003,learned_event_learned_qr,1083,0,111,4,4,0.7662589659823185,0.009968880663224058
43003,learned_event_learned_qr,1083,0,111,8,8,0.7448406166179001,0.0216364535710874
43003,learned_event_learned_qr,1083,0,111,16,16,0.8043842360371621,0.017809326419519572
43003,learned_event_learned_qr,1179,1,101,1,1,0.6339966963366669,0.029769754329668083
43003,learned_event_learned_qr,1179,1,101,4,4,0.3301611762366682,0.05175516558559956
43003,learned_event_learned_qr,1179,1,101,8,5,0.7817199724250163,0.08303159747582838
43003,learned_event_learned_qr,1179,1,101,16,5,0.7817199724250163,0.08303159747582838
43003,learned_event_learned_qr,1185,1,101,1,1,0.47116211638368566,0.17351462535787782
43003,learned_event_learned_qr,1185,1,101,4,4,0.961440517864941,0.07286303120427091
43003,learned_event_learned_qr,1185,1,101,8,8,0.6741518059557702,0.04890464640646265
43003,learned_event_learned_qr,1185,1,101,16,16,0.42742313479788024,0.03239553316726626
43003,learned_event_learned_qr,1212,1,101,1,1,1.9355808586933043,0.03545332791941135
43003,learned_event_learned_qr,1212,1,101,4,4,1.4139084402050544,0.043430168612674035
43003,learned_event_learned_qr,1212,1,101,8,8,1.1168529083697978,0.11983733663549681
43003,learned_event_learned_qr,1212,1,101,16,13,0.8276603468497645,0.10615479398463104
43003,learned_event_learned_qr,1226,1,101,1,1,0.31428843376766424,0.05133528135284453
43003,learned_event_learned_qr,1226,1,101,4,4,0.823491911522836,0.07645640817269311
43003,learned_event_learned_qr,1226,1,101,8,8,1.1114194717902266,0.04656571854869307
43003,learned_event_learned_qr,1226,1,101,16,16,0.9798549220207007,0.043698762757299135
43003,learned_event_learned_qr,1254,1,101,1,1,0.42703774601246947,0.006144507622262762
43003,learned_event_learned_qr,1254,1,101,4,4,0.5355277767227616,0.014280573405525708
43003,learned_event_learned_qr,1254,1,101,8,8,0.554548288683232,0.021997279365631988
43003,learned_event_learned_qr,1254,1,101,16,16,0.5082795675430191,0.024951353801911415
43003,learned_event_learned_qr,1432,1,101,1,1,0.653183230992297,0.02271268586839178
43003,learned_event_learned_qr,1432,1,101,4,3,0.9085321917108685,0.013595010781194941
43003,learned_event_learned_qr,1432,1,101,8,3,0.9085321917108685,0.013595010781194941
43003,learned_event_learned_qr,1432,1,101,16,3,0.9085321917108685,0.013595010781194941
43003,learned_event_learned_qr,1436,1,101,1,1,0.18288210987983172,0.015525919524592724
43003,learned_event_learned_qr,1436,1,101,4,4,0.725662514019261,0.014944346797076248
43003,learned_event_learned_qr,1436,1,101,8,6,0.5531850372805461,0.015490823759605934
43003,learned_event_learned_qr,1436,1,101,16,6,0.5531850372805461,0.015490823759605934
43003,learned_event_learned_qr,1443,1,101,1,1,1.5874556447305228,0.030006054351861364
43003,learned_event_learned_qr,1443,1,101,4,4,0.6142415807227801,0.0335657491944803
43003,learned_event_learned_qr,1443,1,101,8,8,0.4314471893149894,0.02809772092446062
43003,learned_event_learned_qr,1443,1,101,16,9,0.38365731709924117,0.035039949419480715
43003,learned_event_learned_qr,1453,1,101,1,1,0.041909097752445536,0.0007459421844811404
43003,learned_event_learned_qr,1453,1,101,4,4,0.499479135498527,0.007132042138900805
43003,learned_event_learned_qr,1453,1,101,8,8,0.6341682529427095,0.007942560229113708
43003,learned_event_learned_qr,1453,1,101,16,16,0.4366686675697895,0.015708901445796147
43003,learned_event_learned_qr,1537,1,111,1,1,3.300107697604968,0.9295283339013091
43003,learned_event_learned_qr,1537,1,111,4,4,2.4168593116046226,0.28399164890434997
43003,learned_event_learned_qr,1537,1,111,8,8,1.63731429072114,0.18369416230513985
43003,learned_event_learned_qr,1537,1,111,16,16,1.1863706791565074,0.1468106754327396
43003,learned_event_learned_qr,1604,1,110,1,1,0.2941092240654823,0.0024190069152438412
43003,learned_event_learned_qr,1604,1,110,4,4,0.20067530241658638,0.014350101824960245
43003,learned_event_learned_qr,1604,1,110,8,4,0.20067530241658638,0.014350101824960245
43003,learned_event_learned_qr,1604,1,110,16,4,0.20067530241658638,0.014350101824960245
43003,learned_event_learned_qr,1609,1,110,1,1,0.20347642649431677,0.0008351272554239304
43003,learned_event_learned_qr,1609,1,110,4,4,0.16564885564640597,0.004925482853966054
43003,learned_event_learned_qr,1609,1,110,8,6,0.09595269599116912,0.006450621796312649
43003,learned_event_learned_qr,1609,1,110,16,6,0.09595269599116912,0.006450621796312649
43003,learned_event_learned_qr,1616,1,110,1,1,0.36790493925975903,0.00342457427981804
43003,learned_event_learned_qr,1616,1,110,4,4,0.23208742485750608,0.024525012866843256
43003,learned_event_learned_qr,1616,1,110,8,8,0.11262878767852802,0.019049266783538684
43003,learned_event_learned_qr,1616,1,110,16,16,0.31919285964895383,0.037653651274517815
43003,learned_event_learned_qr,1695,1,110,1,1,-0.18708376228363782,0.0073885791421947076
43003,learned_event_learned_qr,1695,1,110,4,4,0.08615561370490696,0.014039175393068367
43003,learned_event_learned_qr,1695,1,110,8,8,-0.11465243484963784,0.009779841045345444
43003,learned_event_learned_qr,1695,1,110,16,16,-0.028976637905219677,0.011524578916540884
43003,learned_event_learned_qr,1714,1,110,1,1,0.07559989922954383,0.1552591858270883
43003,learned_event_learned_qr,1714,1,110,4,4,0.6068730139622959,0.13407908445594485
43003,learned_event_learned_qr,1714,1,110,8,8,0.4214043135254051,0.07689963712046698
43003,learned_event_learned_qr,1714,1,110,16,15,0.3972614876070742,0.06126623357196024
43003,learned_event_learned_qr,1731,1,110,1,1,0.10533350658621654,0.01221556869318871
43003,learned_event_learned_qr,1731,1,110,4,4,-0.004292983175481657,0.012161840094023858
43003,learned_event_learned_qr,1731,1,110,8,8,0.0805695435365204,0.018964247550691975
43003,learned_event_learned_qr,1731,1,110,16,16,-0.029522423067783007,0.02244866783091829
43003,learned_event_learned_qr,1761,1,110,1,1,-0.2683550846960344,5.9188409144503694e-05
43003,learned_event_learned_qr,1761,1,110,4,4,0.2865500562753308,0.04217024925139522
43003,learned_event_learned_qr,1761,1,110,8,8,0.11322694659013703,0.02619082929849358
43003,learned_event_learned_qr,1761,1,110,16,9,0.06329369911033397,0.02328632730480508
43003,learned_event_learned_qr,1771,1,110,1,1,2.116437431697935,0.1341953786797515
43003,learned_event_learned_qr,1771,1,110,4,4,1.3862215350305933,0.07543064884739471
43003,learned_event_learned_qr,1771,1,110,8,8,0.8505992652865705,0.04615904258218652
43003,learned_event_learned_qr,1771,1,110,16,16,0.48678317984013525,0.03793189884651285
43003,learned_event_learned_qr,1793,1,110,1,1,-0.16779901484983573,0.0006330593431999427
43003,learned_event_learned_qr,1793,1,110,4,4,0.07619090828055569,0.030355093075346614
43003,learned_event_learned_qr,1793,1,110,8,8,0.2960373302092122,0.0362014336084199
43003,learned_event_learned_qr,1793,1,110,16,16,0.11651258490908747,0.02386038680278136
43003,learned_event_learned_qr,1830,1,011,1,1,0.6349542399227599,0.016193758346916057
43003,learned_event_learned_qr,1830,1,011,4,4,0.17346168090584832,0.10061162246405247
43003,learned_event_learned_qr,1830,1,011,8,8,0.6711611542382183,0.05842551841582852
43003,learned_event_learned_qr,1830,1,011,16,16,0.6805688236541425,0.05865536303110676
43003,learned_event_learned_qr,1999,1,111,1,1,1.580616751096609,0.36807825549531037
43003,learned_event_learned_qr,1999,1,111,4,4,1.3648623370835409,0.10914274637430556
43003,learned_event_learned_qr,1999,1,111,8,8,1.0396822966283978,0.06440535664296211
43003,learned_event_learned_qr,1999,1,111,16,8,1.0396822966283978,0.06440535664296211
43003,learned_event_learned_qr,2008,1,111,1,1,1.174303824803885,0.00018057087505272615
43003,learned_event_learned_qr,2008,1,111,4,4,0.9820419278032053,0.07213083150504807
43003,learned_event_learned_qr,2008,1,111,8,8,0.7945994854136371,0.045632344379923286
43003,learned_event_learned_qr,2008,1,111,16,16,0.8670805750168336,0.0535356330363966
43003,learned_event_learned_qr,2036,1,111,1,1,0.6125569498936072,0.01925446813286275
43003,learned_event_learned_qr,2036,1,111,4,1,0.6125569498936072,0.01925446813286275
43003,learned_event_learned_qr,2036,1,111,8,1,0.6125569498936072,0.01925446813286275
43003,learned_event_learned_qr,2036,1,111,16,1,0.6125569498936072,0.01925446813286275
43003,learned_event_learned_qr,2038,1,111,1,1,0.5920699956377461,0.09064547928271402
43003,learned_event_learned_qr,2038,1,111,4,4,0.8031493176339077,0.03867634729126694
43003,learned_event_learned_qr,2038,1,111,8,8,1.0945323948624857,0.07763231433687692
43003,learned_event_learned_qr,2038,1,111,16,10,0.9696332674235381,0.06635847265234932
43003,learned_event_learned_qr,2049,1,101,1,1,1.2693973002740122,0.09353703177726606
43003,learned_event_learned_qr,2049,1,101,4,4,0.702026051445665,0.09260845565901536
43003,learned_event_learned_qr,2049,1,101,8,8,0.5372338472046818,0.07543913696444934
43003,learned_event_learned_qr,2049,1,101,16,16,0.6182433668624778,0.0500914792506084
43003,learned_event_learned_qr,2067,1,101,1,1,1.814618234136174,0.26731929588285214
43003,learned_event_learned_qr,2067,1,101,4,4,0.9074848383325026,0.1231134845949466
43003,learned_event_learned_qr,2067,1,101,8,8,1.239621155341029,0.08552323336300321
43003,learned_event_learned_qr,2067,1,101,16,16,1.0698762782183917,0.06923388457791733
43003,learned_event_learned_qr,2106,1,101,1,1,0.30818418534398295,0.015290805410372008
43003,learned_event_learned_qr,2106,1,101,4,1,0.30818418534398295,0.015290805410372008
43003,learned_event_learned_qr,2106,1,101,8,1,0.30818418534398295,0.015290805410372008
43003,learned_event_learned_qr,2106,1,101,16,1,0.30818418534398295,0.015290805410372008
43003,learned_event_learned_qr,2108,1,101,1,1,1.03372706860919,0.0037527778077814595
43003,learned_event_learned_qr,2108,1,101,4,2,0.8805797598866207,0.033614508510649246
43003,learned_event_learned_qr,2108,1,101,8,2,0.8805797598866207,0.033614508510649246
43003,learned_event_learned_qr,2108,1,101,16,2,0.8805797598866207,0.033614508510649246
43003,learned_event_learned_qr,2111,1,101,1,1,3.5993107799727735,0.04850604739663274
43003,learned_event_learned_qr,2111,1,101,4,4,1.4361133347197519,0.025326249211227624
43003,learned_event_learned_qr,2111,1,101,8,4,1.4361133347197519,0.025326249211227624
43003,learned_event_learned_qr,2111,1,101,16,4,1.4361133347197519,0.025326249211227624
43003,learned_event_learned_qr,2116,1,101,1,1,1.9949278531800736,0.5093532913657051
43003,learned_event_learned_qr,2116,1,101,4,4,1.636433722470941,0.17461277957552207
43003,learned_event_learned_qr,2116,1,101,8,8,1.1341775647609857,0.0899231281038156
43003,learned_event_learned_qr,2116,1,101,16,16,0.8666931656892695,0.08731650611633848
43003,learned_event_learned_qr,2142,1,101,1,1,0.7273256057342091,0.12986390303898893
43003,learned_event_learned_qr,2142,1,101,4,4,0.5287789634546742,0.052956373942912145
43003,learned_event_learned_qr,2142,1,101,8,8,0.9727726180000998,0.06701289010294359
43003,learned_event_learned_qr,2142,1,101,16,16,1.07705803531493,0.045949338499208715
43003,learned_event_learned_qr,2168,1,111,1,1,1.0106981929968262,0.15666161093067962
43003,learned_event_learned_qr,2168,1,111,4,1,1.0106981929968262,0.15666161093067962
43003,learned_event_learned_qr,2168,1,111,8,1,1.0106981929968262,0.15666161093067962
43003,learned_event_learned_qr,2168,1,111,16,1,1.0106981929968262,0.15666161093067962
43003,learned_event_learned_qr,2170,1,111,1,1,0.7085866452811324,0.05481813433592609
43003,learned_event_learned_qr,2170,1,111,4,4,0.6191336472937669,0.04681684888689025
43003,learned_event_learned_qr,2170,1,111,8,8,0.5130775207277575,0.03287337735346972
43003,learned_event_learned_qr,2170,1,111,16,12,0.8620311661212291,0.048904402735456674
43003,learned_event_learned_qr,2183,1,111,1,1,0.6642115066459021,0.013489217874601691
43003,learned_event_learned_qr,2183,1,111,4,4,0.8158298467077857,0.01580162968780676
43003,learned_event_learned_qr,2183,1,111,8,8,0.7843553288967047,0.11662844554273814
43003,learned_event_learned_qr,2183,1,111,16,12,0.8435366281773539,0.16575890446378946
43003,learned_event_learned_qr,2196,1,111,1,1,0.49264657919464566,0.09966592859579886
43003,learned_event_learned_qr,2196,1,111,4,4,0.588882785519019,0.030186628234642725
43003,learned_event_learned_qr,2196,1,111,8,8,0.6579992888884383,0.02311085647947445
43003,learned_event_learned_qr,2196,1,111,16,10,1.0200625454570613,0.047618832317692726
43003,learned_event_learned_qr,2207,1,111,1,1,0.7352028939628484,0.0028158848947261866
43003,learned_event_learned_qr,2207,1,111,4,2,0.5932512672759718,0.016089911305670185
43003,learned_event_learned_qr,2207,1,111,8,2,0.5932512672759718,0.016089911305670185
43003,learned_event_learned_qr,2207,1,111,16,2,0.5932512672759718,0.016089911305670185
43003,learned_event_learned_qr,2210,1,111,1,1,0.8135328018983619,0.08581346445238054
43003,learned_event_learned_qr,2210,1,111,4,4,0.6681283953669441,0.029766478013955776
43003,learned_event_learned_qr,2210,1,111,8,8,0.6468869286029495,0.01948883192087793
43003,learned_event_learned_qr,2210,1,111,16,16,0.8831734589126903,0.06267062744426477
43003,learned_event_learned_qr,2280,1,110,1,1,0.43698367261763726,0.022022186662192467
43003,learned_event_learned_qr,2280,1,110,4,4,0.30053627579958686,0.020942134038947336
43003,learned_event_learned_qr,2280,1,110,8,8,0.2683200341848092,0.028057834763499406
43003,learned_event_learned_qr,2280,1,110,16,16,0.09440167590667467,0.026677309761012742
43003,learned_event_learned_qr,2306,2,111,1,1,0.3582114497908632,0.0014341822172605858
43003,learned_event_learned_qr,2306,2,111,4,4,1.038648216799455,0.056088161229073966
43003,learned_event_learned_qr,2306,2,111,8,8,0.8595871278859408,0.038654267545164836
43003,learned_event_learned_qr,2306,2,111,16,16,0.6215581407000391,0.06538321957280518
43003,learned_event_learned_qr,2339,2,111,1,1,0.5602959061796969,0.2831244290999077
43003,learned_event_learned_qr,2339,2,111,4,4,0.8829366785684192,0.13953948030932847
43003,learned_event_learned_qr,2339,2,111,8,5,0.9503312380578999,0.14865244195034744
43003,learned_event_learned_qr,2339,2,111,16,5,0.9503312380578999,0.14865244195034744
43003,learned_event_learned_qr,2345,2,111,1,1,1.5023499014224255,0.13327018368833027
43003,learned_event_learned_qr,2345,2,111,4,4,0.9179213418670733,0.27219369037597
43003,learned_event_learned_qr,2345,2,111,8,8,0.738579711837458,0.19331041108559477
43003,learned_event_learned_qr,2345,2,111,16,16,0.5661415293969485,0.12968770276834982
43003,learned_event_learned_qr,2640,2,111,1,1,0.42965027670564016,0.0009103600500398754
43003,learned_event_learned_qr,2640,2,111,4,4,0.3865035055250434,0.09934795859735707
43003,learned_event_learned_qr,2640,2,111,8,8,0.34870118108712866,0.06452482205001225
43003,learned_event_learned_qr,2640,2,111,16,16,0.6271909572899959,0.07935013319736925
43003,learned_event_learned_qr,2661,2,111,1,1,2.40447605770131,0.41453115655661893
43003,learned_event_learned_qr,2661,2,111,4,4,1.6592854543759405,0.1422683190081136
43003,learned_event_learned_qr,2661,2,111,8,8,1.1317140727002193,0.08735424133321856
43003,learned_event_learned_qr,2661,2,111,16,13,0.8853300623199101,0.07195899562709354
43003,learned_event_learned_qr,2675,2,111,1,1,0.8214791477430299,0.15866699775985713
43003,learned_event_learned_qr,2675,2,111,4,4,0.8114917340565184,0.052634600131352544
43003,learned_event_learned_qr,2675,2,111,8,8,0.8705903375535534,0.15987703681511273
43003,learned_event_learned_qr,2675,2,111,16,16,0.7894639873607256,0.11759601307262127
43003,learned_event_learned_qr,2718,2,111,1,1,0.6489506271586918,0.011940396930523746
43003,learned_event_learned_qr,2718,2,111,4,4,0.7538538668336021,0.020901326448148464
43003,learned_event_learned_qr,2718,2,111,8,8,0.5853317100293659,0.013451064276706864
43003,learned_event_learned_qr,2718,2,111,16,16,0.5831528998859643,0.013677552617652723
43003,learned_event_learned_qr,2758,2,101,1,1,0.4343710497125571,0.0331315391070912
43003,learned_event_learned_qr,2758,2,101,4,4,1.2735371661257777,0.042246776190743414
43003,learned_event_learned_qr,2758,2,101,8,7,0.9319181125838681,0.02686569761354543
43003,learned_event_learned_qr,2758,2,101,16,7,0.9319181125838681,0.02686569761354543
43003,learned_event_learned_qr,2766,2,101,1,1,0.5074617901275273,0.013679067289106847
43003,learned_event_learned_qr,2766,2,101,4,4,0.34410573378022247,0.009020933404216223
43003,learned_event_learned_qr,2766,2,101,8,7,0.31645061450846923,0.011740469568484244
43003,learned_event_learned_qr,2766,2,101,16,7,0.31645061450846923,0.011740469568484244
43003,learned_event_learned_qr,2774,2,101,1,1,0.7774254842020818,0.31944385935196334
43003,learned_event_learned_qr,2774,2,101,4,4,0.6776454367595984,0.12527343241278147
43003,learned_event_learned_qr,2774,2,101,8,8,0.5079488994317414,0.07832938288814296
43003,learned_event_learned_qr,2774,2,101,16,10,0.46509680375888796,0.06417098183732442
43003,learned_event_learned_qr,2785,2,101,1,1,0.21667053613138626,0.0406596568155404
43003,learned_event_learned_qr,2785,2,101,4,4,0.2511860594185107,0.027114764058990853
43003,learned_event_learned_qr,2785,2,101,8,7,0.15416019199107134,0.020996736974992165
43003,learned_event_learned_qr,2785,2,101,16,7,0.15416019199107134,0.020996736974992165
43003,learned_event_learned_qr,2793,2,101,1,1,0.5561623707307434,0.0015310318525682378
43003,learned_event_learned_qr,2793,2,101,4,4,0.07232835705742316,0.005470353893825319
43003,learned_event_learned_qr,2793,2,101,8,8,0.13191726390175867,0.009228877798146804
43003,learned_event_learned_qr,2793,2,101,16,16,0.44220561700318484,0.01501138423581005
43003,learned_event_learned_qr,2817,2,101,1,1,0.5567139913204098,0.058394886566925
43003,learned_event_learned_qr,2817,2,101,4,4,0.5929087499238535,0.025872064728206617
43003,learned_event_learned_qr,2817,2,101,8,4,0.5929087499238535,0.025872064728206617
43003,learned_event_learned_qr,2817,2,101,16,4,0.5929087499238535,0.025872064728206617
43003,learned_event_learned_qr,2822,2,101,1,1,0.8996488764110165,0.0037114456424917966
43003,learned_event_learned_qr,2822,2,101,4,4,0.43195323790085355,0.0023463296122560283
43003,learned_event_learned_qr,2822,2,101,8,8,0.29250987285664704,0.0016048769781556943
43003,learned_event_learned_qr,2822,2,101,16,16,0.4057215512219133,0.022342504726669078
43003,learned_event_learned_qr,2849,2,101,1,1,1.0758108341682218,0.00194542547642075
43003,learned_event_learned_qr,2849,2,101,4,4,0.6645028045642456,0.0308536962260932
43003,learned_event_learned_qr,2849,2,101,8,8,0.663733354838916,0.0405791384618005
43003,learned_event_learned_qr,2849,2,101,16,11,0.8343277094691054,0.04204381170591622
43003,learned_event_learned_qr,2861,2,101,1,1,0.8151353867150389,0.01436207786622208
43003,learned_event_learned_qr,2861,2,101,4,4,1.394229236293882,0.05819216059298959
43003,learned_event_learned_qr,2861,2,101,8,8,0.9876335288186866,0.05770243151140809
43003,learned_event_learned_qr,2861,2,101,16,14,0.8814721115770657,0.05959636213274309
43003,learned_event_learned_qr,2876,2,101,1,1,0.736885508003728,0.013614711917065292
43003,learned_event_learned_qr,2876,2,101,4,4,0.6045903313894514,0.042400661198692464
43003,learned_event_learned_qr,2876,2,101,8,8,0.7608168352349691,0.045623256266776865
43003,learned_event_learned_qr,2876,2,101,16,16,0.6257869804758958,0.045875479899426086
43003,learned_event_learned_qr,2910,2,101,1,1,0.7386390381021933,0.42922886357100803
43003,learned_event_learned_qr,2910,2,101,4,4,0.6530684434011693,0.11527417950981596
43003,learned_event_learned_qr,2910,2,101,8,8,1.0271202613584631,0.07146684349653032
43003,learned_event_learned_qr,2910,2,101,16,16,0.9087238481805557,0.06724582043588961
43003,learned_event_learned_qr,2966,2,111,1,1,0.7726059639724886,0.005563337809613691
43003,learned_event_learned_qr,2966,2,111,4,4,0.5468576002754888,0.0021597767404697103
43003,learned_event_learned_qr,2966,2,111,8,6,0.4797636134114618,0.058797539450346444
43003,learned_event_learned_qr,2966,2,111,16,6,0.4797636134114618,0.058797539450346444
43003,learned_event_learned_qr,2974,2,111,1,1,0.3877571227290118,0.01648004299024738
43003,learned_event_learned_qr,2974,2,111,4,4,0.3097399498843794,0.05571084701903035
43003,learned_event_learned_qr,2974,2,111,8,8,0.6640777019881171,0.04762694345772271
43003,learned_event_learned_qr,2974,2,111,16,16,0.6830977768587779,0.02808989084869455
43003,learned_event_learned_qr,3014,2,111,1,1,2.682054271703277,0.003556700653094327
43003,learned_event_learned_qr,3014,2,111,4,4,1.8928201998779,0.018871485753644057
43003,learned_event_learned_qr,3014,2,111,8,8,1.330111478701674,0.02196055259153657
43003,learned_event_learned_qr,3014,2,111,16,16,1.0396980956735118,0.028784923235244366
43003,learned_event_learned_qr,3061,2,101,1,1,0.4641233965673316,0.07305074753462187
43003,learned_event_learned_qr,3061,2,101,4,4,0.21906914704391742,0.07280242809676195
43003,learned_event_learned_qr,3061,2,101,8,8,0.4649461676572613,0.044988237655208305
43003,learned_event_learned_qr,3061,2,101,16,15,0.3455078964846393,0.03549851266795438
43003,learned_event_learned_qr,3077,2,101,1,1,0.3205639701699969,0.044091201040408354
43003,learned_event_learned_qr,3077,2,101,4,4,0.49380397605896165,0.05038635806309738
43003,learned_event_learned_qr,3077,2,101,8,4,0.49380397605896165,0.05038635806309738
43003,learned_event_learned_qr,3077,2,101,16,4,0.49380397605896165,0.05038635806309738
43003,learned_event_learned_qr,3082,2,101,1,1,0.08513678664491417,0.16608603942620945
43003,learned_event_learned_qr,3082,2,101,4,4,0.9256780163685949,0.07282193327484787
43003,learned_event_learned_qr,3082,2,101,8,8,0.56611358101868,0.07367480766642814
43003,learned_event_learned_qr,3082,2,101,16,12,0.6101580353329282,0.06990471140233664
43003,learned_event_learned_qr,3096,2,101,1,1,2.395346609409176,0.0010235697224351065
43003,learned_event_learned_qr,3096,2,101,4,4,0.7324537440463962,0.00590668785898581
43003,learned_event_learned_qr,3096,2,101,8,8,0.5759804003804676,0.013491988007205717
43003,learned_event_learned_qr,3096,2,101,16,16,0.4176860229486563,0.014701660326055225
43003,learned_event_learned_qr,3134,2,101,1,1,0.4272648026484016,0.03069880250291767
43003,learned_event_learned_qr,3134,2,101,4,4,0.6418783725715812,0.0945006152958627
43003,learned_event_learned_qr,3134,2,101,8,8,0.6198675923597139,0.052464424681736455
43003,learned_event_learned_qr,3134,2,101,16,16,0.720024656107932,0.03573424730347109
43003,learned_event_learned_qr,3256,2,110,1,1,-0.07307189258688998,0.03851837162923939
43003,learned_event_learned_qr,3256,2,110,4,1,-0.07307189258688998,0.03851837162923939
43003,learned_event_learned_qr,3256,2,110,8,1,-0.07307189258688998,0.03851837162923939
43003,learned_event_learned_qr,3256,2,110,16,1,-0.07307189258688998,0.03851837162923939
43003,learned_event_learned_qr,3258,2,110,1,1,0.29903310923989435,0.01924859760227052
43003,learned_event_learned_qr,3258,2,110,4,4,0.2257322417779854,0.05008335102917843
43003,learned_event_learned_qr,3258,2,110,8,8,0.07554146195711653,0.026824091702859897
43003,learned_event_learned_qr,3258,2,110,16,8,0.07554146195711653,0.026824091702859897
43003,learned_event_learned_qr,3267,2,110,1,1,-0.1701016646350705,0.0003686235863336847
43003,learned_event_learned_qr,3267,2,110,4,4,0.03641297870683623,0.008238504118835725
43003,learned_event_learned_qr,3267,2,110,8,8,0.3913304291743425,0.02265325641508292
43003,learned_event_learned_qr,3267,2,110,16,9,0.3185668729107217,0.022138869419264854
43003,learned_event_learned_qr,3277,2,110,1,1,-0.11606794691476449,4.3248344749924283e-05
43003,learned_event_learned_qr,3277,2,110,4,4,-0.23061006244532314,0.002615457884384922
43003,learned_event_learned_qr,3277,2,110,8,8,-0.12382400359329493,0.0026092170586232686
43003,learned_event_learned_qr,3277,2,110,16,15,-0.17946426724144746,0.0068864668771054
43003,learned_event_learned_qr,3293,2,110,1,1,3.1046930975820635,0.14243204524525352
43003,learned_event_learned_qr,3293,2,110,4,4,0.674049461474353,0.04751151808932875
43003,learned_event_learned_qr,3293,2,110,8,4,0.674049461474353,0.04751151808932875
43003,learned_event_learned_qr,3293,2,110,16,4,0.674049461474353,0.04751151808932875
43003,learned_event_learned_qr,3298,2,110,1,1,2.322088320966623,0.09917911453298568
43003,learned_event_learned_qr,3298,2,110,4,2,1.148122690661496,0.05892893319534966
43003,learned_event_learned_qr,3298,2,110,8,2,1.148122690661496,0.05892893319534966
43003,learned_event_learned_qr,3298,2,110,16,2,1.148122690661496,0.05892893319534966
43003,learned_event_learned_qr,3301,2,110,1,1,-0.07835065493741887,0.019436487752863385
43003,learned_event_learned_qr,3301,2,110,4,4,0.0048512735286120705,0.014265752297036787
43003,learned_event_learned_qr,3301,2,110,8,8,0.050874099351973505,0.010253588819250923
43003,learned_event_learned_qr,3301,2,110,16,16,-0.08833582081849309,0.0076535170911676866
43003,learned_event_learned_qr,3319,2,110,1,1,-0.5162885991967506,0.005459713122971488
43003,learned_event_learned_qr,3319,2,110,4,4,-0.008849958579934036,0.015762900823671926
43003,learned_event_learned_qr,3319,2,110,8,8,0.5003142721937176,0.031590668097842715
43003,learned_event_learned_qr,3319,2,110,16,15,0.3060364912436377,0.0283172546146596
43003,learned_event_learned_qr,3335,2,110,1,1,-0.11842592628346038,0.002688141543427369
43003,learned_event_learned_qr,3335,2,110,4,4,0.6770669304154712,0.01957904218432347
43003,learned_event_learned_qr,3335,2,110,8,8,0.3368323400674857,0.024963319565095392
43003,learned_event_learned_qr,3335,2,110,16,16,0.4768759400300306,0.04738747929630878
43003,learned_event_learned_qr,3363,2,110,1,1,0.17908691175353064,0.0959693309808259
43003,learned_event_learned_qr,3363,2,110,4,4,0.37977102161054943,0.04898901509914678
43003,learned_event_learned_qr,3363,2,110,8,8,0.3726619368604595,0.05075932513545066
43003,learned_event_learned_qr,3363,2,110,16,16,0.4951654906343937,0.04547855666374606
43003,learned_event_learned_qr,3380,2,110,1,1,0.27875139320591524,0.031076587501220554
43003,learned_event_learned_qr,3380,2,110,4,4,0.4121863676303845,0.02397948089576468
43003,learned_event_learned_qr,3380,2,110,8,8,0.4218024598141086,0.028883808483589835
43003,learned_event_learned_qr,3380,2,110,16,16,0.22571175351953482,0.018344136519152753
43003,learned_event_learned_qr,3400,2,110,1,1,-0.039369049823745665,0.002916931170023899
43003,learned_event_learned_qr,3400,2,110,4,1,-0.039369049823745665,0.002916931170023899
43003,learned_event_learned_qr,3400,2,110,8,1,-0.039369049823745665,0.002916931170023899
43003,learned_event_learned_qr,3400,2,110,16,1,-0.039369049823745665,0.002916931170023899
43003,learned_event_learned_qr,3402,2,110,1,1,0.9550824725688998,0.06054543094009439
43003,learned_event_learned_qr,3402,2,110,4,4,0.1670030859128588,0.0335519483496128
43003,learned_event_learned_qr,3402,2,110,8,8,0.06615943781148878,0.026788610391511508
43003,learned_event_learned_qr,3402,2,110,16,16,0.04836227991603253,0.02372293784176639
43003,learned_event_learned_qr,3426,2,110,1,1,-0.2293237047886455,0.0013001848792562965
43003,learned_event_learned_qr,3426,2,110,4,4,-0.04900995558392411,0.002850637018739776
43003,learned_event_learned_qr,3426,2,110,8,6,0.0998170599590991,0.009587680413615232
43003,learned_event_learned_qr,3426,2,110,16,6,0.0998170599590991,0.009587680413615232
43003,learned_event_learned_qr,3433,2,110,1,1,0.24489900671132864,0.06916598655281887
43003,learned_event_learned_qr,3433,2,110,4,4,0.014469648965281221,0.02672558322361543
43003,learned_event_learned_qr,3433,2,110,8,8,0.4850928769011374,0.022414467163578446
43003,learned_event_learned_qr,3433,2,110,16,16,0.2735152172216345,0.024933131078301994
43003,learned_event_learned_qr,3463,3,101,1,1,4.15788374501063,0.007144183427170965
43003,learned_event_learned_qr,3463,3,101,4,4,1.2301750652008931,0.003923440820660219
43003,learned_event_learned_qr,3463,3,101,8,8,0.6704865900319436,0.0045314514662020515
43003,learned_event_learned_qr,3463,3,101,16,8,0.6704865900319436,0.0045314514662020515
43003,learned_event_learned_qr,3472,3,101,1,1,2.518179828331868,0.17890079793167837
43003,learned_event_learned_qr,3472,3,101,4,1,2.518179828331868,0.17890079793167837
43003,learned_event_learned_qr,3472,3,101,8,1,2.518179828331868,0.17890079793167837
43003,learned_event_learned_qr,3472,3,101,16,1,2.518179828331868,0.17890079793167837
43003,learned_event_learned_qr,3474,3,101,1,1,0.613426430097811,0.04665241638925332
43003,learned_event_learned_qr,3474,3,101,4,4,0.5377076445271229,0.043780280596356067
43003,learned_event_learned_qr,3474,3,101,8,8,0.44184638579026525,0.02661315192153745
43003,learned_event_learned_qr,3474,3,101,16,16,0.9258905771250299,0.05468479358489783
43003,learned_event_learned_qr,3495,3,101,1,1,0.5114983995029506,0.07633851942292226
43003,learned_event_learned_qr,3495,3,101,4,3,0.9122219238670227,0.35354861406874066
43003,learned_event_learned_qr,3495,3,101,8,3,0.9122219238670227,0.35354861406874066
43003,learned_event_learned_qr,3495,3,101,16,3,0.9122219238670227,0.35354861406874066
43003,learned_event_learned_qr,3499,3,101,1,1,0.4115497599855586,0.01393345546857529
43003,learned_event_learned_qr,3499,3,101,4,4,0.9044990902251562,0.0860639787074512
43003,learned_event_learned_qr,3499,3,101,8,8,0.6375201659189529,0.07345855152155925
43003,learned_event_learned_qr,3499,3,101,16,16,0.5883215372300084,0.06867131634326828
43003,learned_event_learned_qr,3581,3,110,1,1,-0.11426567501499145,1.2271226295926017e-08
43003,learned_event_learned_qr,3581,3,110,4,4,0.018420124818364192,0.0022732620861045925
43003,learned_event_learned_qr,3581,3,110,8,8,-0.010031604759479217,0.0037478234636386886
43003,learned_event_learned_qr,3581,3,110,16,9,-0.039982355774436325,0.0033638943450567758
43003,learned_event_learned_qr,3591,3,110,1,1,0.8403892820104653,0.15985309195454978
43003,learned_event_learned_qr,3591,3,110,4,4,0.20348732416322274,0.06330415136902165
43003,learned_event_learned_qr,3591,3,110,8,8,-0.04549072533687078,0.0413973550074504
43003,learned_event_learned_qr,3591,3,110,16,16,-0.07764228160521935,0.030702029502558098
43003,learned_event_learned_qr,3619,3,110,1,1,0.15820479851275537,0.00035897755324279995
43003,learned_event_learned_qr,3619,3,110,4,4,0.30759950277236314,0.03141234809672571
43003,learned_event_learned_qr,3619,3,110,8,8,0.42829536821803543,0.031042044050234318
43003,learned_event_learned_qr,3619,3,110,16,16,0.19111050237878952,0.02053526992519751
43003,learned_event_learned_qr,3655,3,111,1,1,0.882830072707624,0.2664990770110495
43003,learned_event_learned_qr,3655,3,111,4,3,1.369447108670288,0.17062118489940423
43003,learned_event_learned_qr,3655,3,111,8,3,1.369447108670288,0.17062118489940423
43003,learned_event_learned_qr,3655,3,111,16,3,1.369447108670288,0.17062118489940423
43003,learned_event_learned_qr,3659,3,111,1,1,0.9654441373312876,0.0021653715782446498
43003,learned_event_learned_qr,3659,3,111,4,4,0.37451407346028326,0.0031997944722517505
43003,learned_event_learned_qr,3659,3,111,8,8,0.5045304088463965,0.02179577951029189
43003,learned_event_learned_qr,3659,3,111,16,13,0.49110514830732394,0.04339576314210168
43003,learned_event_learned_qr,3673,3,111,1,1,0.4859969869256317,0.08448594046111299
43003,learned_event_learned_qr,3673,3,111,4,4,0.8260200552401563,0.042869214426269765
43003,learned_event_learned_qr,3673,3,111,8,7,0.9791970923345769,0.06723362524822418
43003,learned_event_learned_qr,3673,3,111,16,7,0.9791970923345769,0.06723362524822418
43003,learned_event_learned_qr,3681,3,111,1,1,1.4271582025306022,0.009708589215825474
43003,learned_event_learned_qr,3681,3,111,4,4,1.4186363798416681,0.03042544130322995
43003,learned_event_learned_qr,3681,3,111,8,8,1.2751602297697784,0.06371687782977309
43003,learned_event_learned_qr,3681,3,111,16,16,0.9813307164695331,0.06580991058744329
43003,learned_event_learned_qr,3706,3,111,1,1,1.1215727419660833,0.01916494722277761
43003,learned_event_learned_qr,3706,3,111,4,2,2.26424218955599,0.1349163842264626
43003,learned_event_learned_qr,3706,3,111,8,2,2.26424218955599,0.1349163842264626
43003,learned_event_learned_qr,3706,3,111,16,2,2.26424218955599,0.1349163842264626
43003,learned_event_learned_qr,3709,3,111,1,1,0.550511102201325,0.08538527081684992
43003,learned_event_learned_qr,3709,3,111,4,4,0.5474880011053733,0.10148447137897822
43003,learned_event_learned_qr,3709,3,111,8,8,0.7803184075618396,0.12647487865928245
43003,learned_event_learned_qr,3709,3,111,16,16,0.7686928652730799,0.09555160350084516
43003,learned_event_learned_qr,3735,3,111,1,1,2.3388191593909613,0.05066180865003409
43003,learned_event_learned_qr,3735,3,111,4,4,0.9213288762163985,0.01860453291908598
43003,learned_event_learned_qr,3735,3,111,8,4,0.9213288762163985,0.01860453291908598
43003,learned_event_learned_qr,3735,3,111,16,4,0.9213288762163985,0.01860453291908598
43003,learned_event_learned_qr,3740,3,111,1,1,1.6163033792444548,0.13105501926208232
43003,learned_event_learned_qr,3740,3,111,4,4,0.851280067070232,0.13342180235377152
43003,learned_event_learned_qr,3740,3,111,8,8,0.7757767994945366,0.0840789223509106
43003,learned_event_learned_qr,3740,3,111,16,8,0.7757767994945366,0.0840789223509106
43003,learned_event_learned_qr,3749,3,110,1,1,0.3126038697954103,0.00031622863832299477
43003,learned_event_learned_qr,3749,3,110,4,4,0.31941304687210514,0.005431265323619595
43003,learned_event_learned_qr,3749,3,110,8,8,0.25782315916683163,0.0037601623418891525
43003,learned_event_learned_qr,3749,3,110,16,11,0.22796536635838208,0.004816788822498922
43003,learned_event_learned_qr,3761,3,110,1,1,0.6677927669686615,0.239662804906627
43003,learned_event_learned_qr,3761,3,110,4,4,0.5120147516810075,0.09258956451642147
43003,learned_event_learned_qr,3761,3,110,8,8,0.39410406447434776,0.05790837885907012
43003,learned_event_learned_qr,3761,3,110,16,10,0.34029670835876724,0.05164135584131376
43003,learned_event_learned_qr,3772,3,110,1,1,0.17201049593007467,5.72046110664308e-05
43003,learned_event_learned_qr,3772,3,110,4,3,0.1327773772491691,0.0001748838278878682
43003,learned_event_learned_qr,3772,3,110,8,3,0.1327773772491691,0.0001748838278878682
43003,learned_event_learned_qr,3772,3,110,16,3,0.1327773772491691,0.0001748838278878682
43003,learned_event_learned_qr,3776,3,110,1,1,0.3110451626043421,0.010253222668821954
43003,learned_event_learned_qr,3776,3,110,4,4,0.4088829901884292,0.01516511573046041
43003,learned_event_learned_qr,3776,3,110,8,8,0.3551580973892864,0.01748263237049311
43003,learned_event_learned_qr,3776,3,110,16,16,0.10129778770626105,0.013051276122434834
43003,learned_event_learned_qr,3813,3,110,1,1,0.6886672153052402,0.003053861017730594
43003,learned_event_learned_qr,3813,3,110,4,4,0.2737162487193065,0.015924119177732447
43003,learned_event_learned_qr,3813,3,110,8,8,0.10794419674482492,0.013535407394816927
43003,learned_event_learned_qr,3813,3,110,16,16,0.04368922152297046,0.011604069808302087
43003,learned_event_learned_qr,3833,3,110,1,1,0.07351724401873627,0.013791433518846916
43003,learned_event_learned_qr,3833,3,110,4,1,0.07351724401873627,0.013791433518846916
43003,learned_event_learned_qr,3833,3,110,8,1,0.07351724401873627,0.013791433518846916
43003,learned_event_learned_qr,3833,3,110,16,1,0.07351724401873627,0.013791433518846916
43003,learned_event_learned_qr,3836,3,110,1,1,-0.12405881758381639,0.0005105961236138298
43003,learned_event_learned_qr,3836,3,110,4,4,-0.16886901879012328,0.007284684982276423
43003,learned_event_learned_qr,3836,3,110,8,8,0.2897363105234215,0.03316136718695206
43003,learned_event_learned_qr,3836,3,110,16,11,0.2055113048481483,0.027316381453531265
43003,learned_event_learned_qr,3848,3,110,1,1,-0.08443250430959481,0.011151809553558515
43003,learned_event_learned_qr,3848,3,110,4,4,0.41612706755578277,0.036922851158045306
43003,learned_event_learned_qr,3848,3,110,8,8,0.12604641657672877,0.027369661683740186
43003,learned_event_learned_qr,3848,3,110,16,16,0.10728623892087749,0.0218129702303268
43003,learned_event_learned_qr,3869,3,110,1,1,0.571436925784078,0.06603123099305838
43003,learned_event_learned_qr,3869,3,110,4,4,1.050372424736435,0.08569170852673164
43003,learned_event_learned_qr,3869,3,110,8,8,0.9586130545837515,0.09909740100035933
43003,learned_event_learned_qr,3869,3,110,16,16,0.5559110386832153,0.06032884200104889
43003,learned_event_learned_qr,3900,3,110,1,1,0.24909132510973642,0.1250453375852507
43003,learned_event_learned_qr,3900,3,110,4,4,0.334760305155886,0.04734646449067044
43003,learned_event_learned_qr,3900,3,110,8,5,0.2911671032127678,0.03817455356408
43003,learned_event_learned_qr,3900,3,110,16,5,0.2911671032127678,0.03817455356408
43003,learned_event_learned_qr,3906,3,110,1,1,0.014514382781613872,0.009516298428993462
43003,learned_event_learned_qr,3906,3,110,4,4,-0.024290797173168538,0.010298368440434661
43003,learned_event_learned_qr,3906,3,110,8,7,-0.11676704164146197,0.013584812577234038
43003,learned_event_learned_qr,3906,3,110,16,7,-0.11676704164146197,0.013584812577234038
43003,learned_event_learned_qr,3914,3,110,1,1,0.7431343837539489,0.0929938053388929
43003,learned_event_learned_qr,3914,3,110,4,4,0.28558651786753425,0.043908341490153616
43003,learned_event_learned_qr,3914,3,110,8,8,0.18743612935094997,0.024745812464954567
43003,learned_event_learned_qr,3914,3,110,16,16,0.03248420086179615,0.022605408669365806
43003,learned_event_learned_qr,3970,3,101,1,1,0.7486617255005283,0.2385209691334586
43003,learned_event_learned_qr,3970,3,101,4,4,1.190424592519008,0.08947799827214051
43003,learned_event_learned_qr,3970,3,101,8,8,0.8627286307256772,0.07048813632772
43003,learned_event_learned_qr,3970,3,101,16,9,0.8770336362458279,0.06871766032329485
43003,learned_event_learned_qr,3980,3,101,1,1,0.5007531140901874,0.0045901180480639545
43003,learned_event_learned_qr,3980,3,101,4,4,0.931263934972548,0.020577992030041525
43003,learned_event_learned_qr,3980,3,101,8,8,0.8449814971741864,0.028191511495063958
43003,learned_event_learned_qr,3980,3,101,16,10,1.0926286559753087,0.05879887816010541
43003,learned_event_learned_qr,3991,3,101,1,1,2.053657405774259,0.12213673594012722
43003,learned_event_learned_qr,3991,3,101,4,4,0.9291911694642263,0.131341446760042
43003,learned_event_learned_qr,3991,3,101,8,8,0.8305234470556149,0.10473883524075675
43003,learned_event_learned_qr,3991,3,101,16,16,0.5676383862802966,0.05474413613194788
43003,learned_event_learned_qr,4052,3,101,1,1,0.2979546701452116,0.674956675169926
43003,learned_event_learned_qr,4052,3,101,4,4,1.2591111356852263,0.27791601159073787
43003,learned_event_learned_qr,4052,3,101,8,8,0.8974111153604387,0.1850876896975419
43003,learned_event_learned_qr,4052,3,101,16,10,0.8737377648049742,0.14915196858696714
43003,learned_event_learned_qr,4063,3,101,1,1,1.9863567494060725,0.052329457203075545
43003,learned_event_learned_qr,4063,3,101,4,4,1.0139228738185677,0.04210139175471533
43003,learned_event_learned_qr,4063,3,101,8,8,0.9051674766317261,0.03279147353136445
43003,learned_event_learned_qr,4063,3,101,16,16,1.0242750404624341,0.05145498923901676
43003,learned_event_learned_qr,4161,3,101,1,1,1.5973739781274061,0.0015465787359960367
43003,learned_event_learned_qr,4161,3,101,4,3,0.7846592114316954,0.00845016555057273
43003,learned_event_learned_qr,4161,3,101,8,3,0.7846592114316954,0.00845016555057273
43003,learned_event_learned_qr,4161,3,101,16,3,0.7846592114316954,0.00845016555057273
43003,learned_event_learned_qr,4165,3,101,1,1,0.5027010725880059,0.11381661253767789
43003,learned_event_learned_qr,4165,3,101,4,4,1.1244301634975034,0.05570837254196711
43003,learned_event_learned_qr,4165,3,101,8,6,1.2693673396998157,0.05503262816775293
43003,learned_event_learned_qr,4165,3,101,16,6,1.2693673396998157,0.05503262816775293
43003,learned_event_learned_qr,4172,3,101,1,1,1.6980042170415455,0.03753191146187093
43003,learned_event_learned_qr,4172,3,101,4,4,0.9045265711616459,0.011908753893147855
43003,learned_event_learned_qr,4172,3,101,8,4,0.9045265711616459,0.011908753893147855
43003,learned_event_learned_qr,4172,3,101,16,4,0.9045265711616459,0.011908753893147855
43003,learned_event_learned_qr,4177,3,101,1,1,0.4686020956474738,0.1219565691350946
43003,learned_event_learned_qr,4177,3,101,4,4,0.5318661525439022,0.09076793387548929
43003,learned_event_learned_qr,4177,3,101,8,8,0.46729514101797237,0.053420732188330634
43003,learned_event_learned_qr,4177,3,101,16,11,0.42098934468844645,0.04172082204918325
43003,learned_event_learned_qr,4189,3,101,1,1,0.3171104089685588,0.0899025445381244
43003,learned_event_learned_qr,4189,3,101,4,4,0.48751276084014844,0.022966863073192584
43003,learned_event_learned_qr,4189,3,101,8,8,0.5349003826640327,0.017629747429435717
43003,learned_event_learned_qr,4189,3,101,16,13,0.4408008127095515,0.04388865938908371
43003,learned_event_learned_qr,4203,3,101,1,1,0.6716988174279459,0.025285593628758277
43003,learned_event_learned_qr,4203,3,101,4,4,0.3257987311447366,0.024043353783589204
43003,learned_event_learned_qr,4203,3,101,8,8,0.5601935734801818,0.07665262613415046
43003,learned_event_learned_qr,4203,3,101,16,14,0.5479562584685711,0.06333623279037856
43003,learned_event_learned_qr,4218,3,101,1,1,2.674656294753974,0.0013457002172905564
43003,learned_event_learned_qr,4218,3,101,4,4,1.0866571163818117,0.037953490447694554
43003,learned_event_learned_qr,4218,3,101,8,8,0.821316088806959,0.058636215838119427
43003,learned_event_learned_qr,4218,3,101,16,16,0.6377495801611062,0.04636776255923826
43003,learned_event_learned_qr,4247,3,011,1,1,0.06688138759549693,0.005047629823001699
43003,learned_event_learned_qr,4247,3,011,4,4,0.6072035611320549,0.16062078467106922
43003,learned_event_learned_qr,4247,3,011,8,8,0.5614634276934054,0.09935947443247613
43003,learned_event_learned_qr,4247,3,011,16,16,0.5212571585805437,0.06043657250373247
43003,learned_event_learned_qr,4429,3,111,1,1,0.29262442859693,0.04092876612777011
43003,learned_event_learned_qr,4429,3,111,4,4,0.5096254212617185,0.02732964709498714
43003,learned_event_learned_qr,4429,3,111,8,8,0.5377582685899964,0.022650825756019406
43003,learned_event_learned_qr,4429,3,111,16,16,0.7165014621652233,0.03699183203809374
43003,learned_event_learned_qr,4449,3,111,1,1,0.25223129298604935,0.165858088099585
43003,learned_event_learned_qr,4449,3,111,4,3,0.939817285871356,0.2530791417128602
43003,learned_event_learned_qr,4449,3,111,8,3,0.939817285871356,0.2530791417128602
43003,learned_event_learned_qr,4449,3,111,16,3,0.939817285871356,0.2530791417128602
43003,learned_event_learned_qr,4453,3,111,1,1,0.4624282232186678,0.45399257191956327
43003,learned_event_learned_qr,4453,3,111,4,4,1.0010462881302442,0.2559626016163104
43003,learned_event_learned_qr,4453,3,111,8,8,0.773834665822817,0.13611241604240348
43003,learned_event_learned_qr,4453,3,111,16,10,0.711282575800446,0.10903490261957974
43003,learned_event_learned_qr,4464,3,111,1,1,0.40270026127411324,0.01585107540293077
43003,learned_event_learned_qr,4464,3,111,4,4,0.6471131226713985,0.21955714732935064
43003,learned_event_learned_qr,4464,3,111,8,8,0.7196215894082858,0.14172712951306987
43003,learned_event_learned_qr,4464,3,111,16,16,0.7234805373794191,0.11602722617850582
43003,learned_event_learned_qr,4485,3,111,1,1,1.4103212043821547,0.010618597431355917
43003,learned_event_learned_qr,4485,3,111,4,4,0.5706222519536865,0.015502316994144056
43003,learned_event_learned_qr,4485,3,111,8,8,0.4239300758834126,0.013215669620082263
43003,learned_event_learned_qr,4485,3,111,16,16,0.8878601257851897,0.0365850430023902
43003,learned_event_learned_qr,4507,3,111,1,1,3.443694675135184,0.17232095492022825
43003,learned_event_learned_qr,4507,3,111,4,2,2.8946732633513674,0.09620347632459149
43003,learned_event_learned_qr,4507,3,111,8,2,2.8946732633513674,0.09620347632459149
43003,learned_event_learned_qr,4507,3,111,16,2,2.8946732633513674,0.09620347632459149
43003,learned_event_learned_qr,4510,3,111,1,1,0.7454273481774206,0.23938662864013463
43003,learned_event_learned_qr,4510,3,111,4,4,1.0556209285782192,0.10977472821369981
43003,learned_event_learned_qr,4510,3,111,8,8,0.9672046939448152,0.13224416420929586
43003,learned_event_learned_qr,4510,3,111,16,16,0.8672702421741653,0.12199137341071929
43003,learned_event_learned_qr,4543,3,111,1,1,2.9786464595779916,3.463894479394608e-05
43003,learned_event_learned_qr,4543,3,111,4,4,1.117595464096098,0.003289471687162979
43003,learned_event_learned_qr,4543,3,111,8,8,0.7989560328628416,0.04381656666308003
43003,learned_event_learned_qr,4543,3,111,16,16,0.6701925350475428,0.09214596371843786
43003,learned_event_learned_qr,4567,3,111,1,1,1.9233880142406088,0.004259585820244056
43003,learned_event_learned_qr,4567,3,111,4,4,1.0412400910679076,0.09104589335949467
43003,learned_event_learned_qr,4567,3,111,8,8,0.734166484071407,0.1234445499797586
43003,learned_event_learned_qr,4567,3,111,16,16,1.0011844869894673,0.10417951462146796
43003,learned_event_learned_qr,4584,3,111,1,1,1.7006986134278361,0.13463603710244498
43003,learned_event_learned_qr,4584,3,111,4,4,0.9710500406832444,0.07492472284509748
43003,learned_event_learned_qr,4584,3,111,8,8,0.727213919975576,0.043656451828423676
43003,learned_event_learned_qr,4584,3,111,16,16,0.6313489192448251,0.06084759757643931
43003,learned_event_learned_qr,4604,3,111,1,1,3.209959693611585,0.0500687325052177
43003,learned_event_learned_qr,4604,3,111,4,3,1.5848929527956075,0.06912166148351155
43003,learned_event_learned_qr,4604,3,111,8,3,1.5848929527956075,0.06912166148351155
43003,learned_event_learned_qr,4604,3,111,16,3,1.5848929527956075,0.06912166148351155
43003,oracle_event_learned_qr,18,0,101,1,1,0.6202469219089297,0.014739235937493454
43003,oracle_event_learned_qr,18,0,101,4,4,0.581022581397725,0.041241424128616554
43003,oracle_event_learned_qr,18,0,101,8,4,0.581022581397725,0.041241424128616554
43003,oracle_event_learned_qr,18,0,101,16,4,0.581022581397725,0.041241424128616554
43003,oracle_event_learned_qr,23,0,101,1,1,0.5341939943660949,0.0006664945952254314
43003,oracle_event_learned_qr,23,0,101,4,4,0.4439422918899816,0.025120028915057963
43003,oracle_event_learned_qr,23,0,101,8,8,0.7366701128940413,0.0708263188619387
43003,oracle_event_learned_qr,23,0,101,16,16,0.7037061513811279,0.06282636046972043
43003,oracle_event_learned_qr,71,0,101,1,1,0.8089906769178339,0.029815229107628387
43003,oracle_event_learned_qr,71,0,101,4,4,0.8234640018610205,0.09112161870774671
43003,oracle_event_learned_qr,71,0,101,8,8,1.007952385079497,0.07459897483331447
43003,oracle_event_learned_qr,71,0,101,16,16,0.8568996227937915,0.06497505033640467
43003,oracle_event_learned_qr,101,0,101,1,1,1.0988575832344851,8.682670389365697e-05
43003,oracle_event_learned_qr,101,0,101,4,4,0.5406334451329261,0.010438440880605302
43003,oracle_event_learned_qr,101,0,101,8,8,0.5399580945533027,0.01601906204754005
43003,oracle_event_learned_qr,101,0,101,16,16,0.5474662920638234,0.021414925546128838
43003,oracle_event_learned_qr,236,0,101,1,1,0.6400674962850327,0.10716202898657708
43003,oracle_event_learned_qr,236,0,101,4,4,0.6587274639331748,0.05060476052843624
43003,oracle_event_learned_qr,236,0,101,8,8,0.48476225819960916,0.028139899087624178
43003,oracle_event_learned_qr,236,0,101,16,16,0.8157961824686081,0.02909343123477637
43003,oracle_event_learned_qr,266,0,101,1,1,0.3843321117645645,0.05199605040136305
43003,oracle_event_learned_qr,266,0,101,4,4,1.323325143815868,0.1591532791003695
43003,oracle_event_learned_qr,266,0,101,8,8,0.9819679195978351,0.14888059792742425
43003,oracle_event_learned_qr,266,0,101,16,16,1.1010358999315935,0.09339010987709451
43003,oracle_event_learned_qr,285,0,101,1,1,0.7693417388246271,0.027301206728846398
43003,oracle_event_learned_qr,285,0,101,4,3,0.7378010831056847,0.028034063050974684
43003,oracle_event_learned_qr,285,0,101,8,3,0.7378010831056847,0.028034063050974684
43003,oracle_event_learned_qr,285,0,101,16,3,0.7378010831056847,0.028034063050974684
43003,oracle_event_learned_qr,289,0,111,1,1,0.8277558209770451,0.2416051878338217
43003,oracle_event_learned_qr,289,0,111,4,4,0.6911685852853302,0.10501261799096225
43003,oracle_event_learned_qr,289,0,111,8,8,0.7941226104245418,0.0696830231300295
43003,oracle_event_learned_qr,289,0,111,16,8,0.7941226104245418,0.0696830231300295
43003,oracle_event_learned_qr,298,0,111,1,1,0.8588952522201355,0.3242017470742092
43003,oracle_event_learned_qr,298,0,111,4,4,0.797276121460337,0.11996692183058094
43003,oracle_event_learned_qr,298,0,111,8,8,0.8271180995051237,0.06330080335326892
43003,oracle_event_learned_qr,298,0,111,16,16,0.7905543000959607,0.0715284549899289
43003,oracle_event_learned_qr,327,0,111,1,1,0.3349360588206047,0.0853755940339948
43003,oracle_event_learned_qr,327,0,111,4,4,0.49188729723312596,0.040145059347940264
43003,oracle_event_learned_qr,327,0,111,8,8,0.831995835802398,0.05192833172146438
43003,oracle_event_learned_qr,327,0,111,16,16,0.854718443059368,0.050889755059908365
43003,oracle_event_learned_qr,356,0,111,1,1,0.7288030366730155,0.015420090341501437
43003,oracle_event_learned_qr,356,0,111,4,4,0.680083724668251,0.07953396548530722
43003,oracle_event_learned_qr,356,0,111,8,8,1.0434974089995117,0.04750707307522749
43003,oracle_event_learned_qr,356,0,111,16,16,1.0521572585395715,0.0944278774450384
43003,oracle_event_learned_qr,386,0,110,1,1,0.43987522317627464,0.00526279843066494
43003,oracle_event_learned_qr,386,0,110,4,4,0.38760697709356157,0.004064567763348627
43003,oracle_event_learned_qr,386,0,110,8,8,0.3194139287463956,0.013795548680835098
43003,oracle_event_learned_qr,386,0,110,16,16,0.2912900740445781,0.012447426911849494
43003,oracle_event_learned_qr,416,0,110,1,1,0.3414892632426307,0.0006611626416334503
43003,oracle_event_learned_qr,416,0,110,4,4,0.11180764990316681,0.015080809797459252
43003,oracle_event_learned_qr,416,0,110,8,8,0.029740587159208555,0.013064967032592044
43003,oracle_event_learned_qr,416,0,110,16,16,-0.06064732039383841,0.012822043471679931
43003,oracle_event_learned_qr,448,0,110,1,1,0.9886793540553053,0.06396921443652344
43003,oracle_event_learned_qr,448,0,110,4,4,0.3635528542379229,0.044598164734338475
43003,oracle_event_learned_qr,448,0,110,8,6,0.17011576633350903,0.03333715447905453
43003,oracle_event_learned_qr,448,0,110,16,6,0.17011576633350903,0.03333715447905453
43003,oracle_event_learned_qr,455,0,110,1,1,-0.11070329288803482,0.010413998049081451
43003,oracle_event_learned_qr,455,0,110,4,4,-0.1871238551015684,0.013212047309690231
43003,oracle_event_learned_qr,455,0,110,8,8,0.1046476931185551,0.024154159652440044
43003,oracle_event_learned_qr,455,0,110,16,16,0.11166253848263914,0.029419052682402434
43003,oracle_event_learned_qr,497,0,110,1,1,-0.1872661161607418,0.02614923869383578
43003,oracle_event_learned_qr,497,0,110,4,4,-0.08022651373236862,0.023226540216082947
43003,oracle_event_learned_qr,497,0,110,8,8,0.2444770797642819,0.028807370386876165
43003,oracle_event_learned_qr,497,0,110,16,9,0.1764141222854652,0.029613499760596112
43003,oracle_event_learned_qr,507,0,110,1,1,-0.26665691744722947,0.001428530221586773
43003,oracle_event_learned_qr,507,0,110,4,4,-0.3212102139021961,0.004706856923660985
43003,oracle_event_learned_qr,507,0,110,8,8,0.7976693467948284,0.06838571588811203
43003,oracle_event_learned_qr,507,0,110,16,16,0.926432014088795,0.08280146769803379
43003,oracle_event_learned_qr,640,0,110,1,1,0.43071828855493666,0.006172996762863369
43003,oracle_event_learned_qr,640,0,110,4,4,0.3828898922282681,0.009829935598466804
43003,oracle_event_learned_qr,640,0,110,8,4,0.3828898922282681,0.009829935598466804
43003,oracle_event_learned_qr,640,0,110,16,4,0.3828898922282681,0.009829935598466804
43003,oracle_event_learned_qr,645,0,110,1,1,0.41795688895546584,0.04399795720262461
43003,oracle_event_learned_qr,645,0,110,4,4,0.43292320842799803,0.02727560141492118
43003,oracle_event_learned_qr,645,0,110,8,8,0.31781628780103505,0.01691959591163226
43003,oracle_event_learned_qr,645,0,110,16,9,0.33013878041521677,0.022574203568566667
43003,oracle_event_learned_qr,655,0,110,1,1,0.40808197174165445,0.0008856552974633993
43003,oracle_event_learned_qr,655,0,110,4,4,0.3165399776694263,0.023910502715931457
43003,oracle_event_learned_qr,655,0,110,8,8,0.37076347555557937,0.0406569902905854
43003,oracle_event_learned_qr,655,0,110,16,16,0.2963616316264792,0.02711662270098772
43003,oracle_event_learned_qr,718,0,111,1,1,0.6121526102190059,0.38487142867995994
43003,oracle_event_learned_qr,718,0,111,4,4,1.206449679505192,0.09988521378838315
43003,oracle_event_learned_qr,718,0,111,8,8,1.0450738232333114,0.06921692214699995
43003,oracle_event_learned_qr,718,0,111,16,16,1.187951234026302,0.06381792189703783
43003,oracle_event_learned_qr,756,0,111,1,1,0.5043074022104889,0.03722077466789136
43003,oracle_event_learned_qr,756,0,111,4,4,0.2949882305346039,0.03518730856222122
43003,oracle_event_learned_qr,756,0,111,8,8,0.360626952906661,0.02623072644514235
43003,oracle_event_learned_qr,756,0,111,16,16,0.37814096925668333,0.027276548716767574
43003,oracle_event_learned_qr,776,0,110,1,1,0.05646324880672998,0.004349817154755543
43003,oracle_event_learned_qr,776,0,110,4,4,0.3504888788128101,0.021353969343446723
43003,oracle_event_learned_qr,776,0,110,8,6,0.18392575029513117,0.015532216054869895
43003,oracle_event_learned_qr,776,0,110,16,6,0.18392575029513117,0.015532216054869895
43003,oracle_event_learned_qr,783,0,110,1,1,0.07604219714425434,0.0017276011931240095
43003,oracle_event_learned_qr,783,0,110,4,3,0.16724862447951805,0.01731040755834252
43003,oracle_event_learned_qr,783,0,110,8,3,0.16724862447951805,0.01731040755834252
43003,oracle_event_learned_qr,783,0,110,16,3,0.16724862447951805,0.01731040755834252
43003,oracle_event_learned_qr,787,0,110,1,1,0.08831252847597645,0.007223298029292926
43003,oracle_event_learned_qr,787,0,110,4,4,0.2164504657014271,0.012506498834733315
43003,oracle_event_learned_qr,787,0,110,8,8,0.07318060036229264,0.010004887097380432
43003,oracle_event_learned_qr,787,0,110,16,16,0.07378554500115846,0.023929128936030726
43003,oracle_event_learned_qr,828,0,110,1,1,0.6862130317551027,0.04505773390796097
43003,oracle_event_learned_qr,828,0,110,4,2,0.5731762779983876,0.02972056542452953
43003,oracle_event_learned_qr,828,0,110,8,2,0.5731762779983876,0.02972056542452953
43003,oracle_event_learned_qr,828,0,110,16,2,0.5731762779983876,0.02972056542452953
43003,oracle_event_learned_qr,831,0,110,1,1,-0.1567760418530805,0.0016627009208307036
43003,oracle_event_learned_qr,831,0,110,4,4,0.2529489481639955,0.029507320244567977
43003,oracle_event_learned_qr,831,0,110,8,8,0.15551302379622975,0.032555271918648154
43003,oracle_event_learned_qr,831,0,110,16,15,0.2221443711388181,0.03617292745949326
43003,oracle_event_learned_qr,848,0,110,1,1,0.37701539857355637,0.04503511114944445
43003,oracle_event_learned_qr,848,0,110,4,4,0.1367745141776087,0.0423970918433076
43003,oracle_event_learned_qr,848,0,110,8,8,0.17934339875480287,0.027971429680436304
43003,oracle_event_learned_qr,848,0,110,16,9,0.13063873666108322,0.026312134785995055
43003,oracle_event_learned_qr,858,0,110,1,1,0.19415928689985085,0.0022852954767269137
43003,oracle_event_learned_qr,858,0,110,4,3,0.7654472992113416,0.03948963331222114
43003,oracle_event_learned_qr,858,0,110,8,3,0.7654472992113416,0.03948963331222114
43003,oracle_event_learned_qr,858,0,110,16,3,0.7654472992113416,0.03948963331222114
43003,oracle_event_learned_qr,862,0,110,1,1,0.4047881048758612,0.0011322660262717216
43003,oracle_event_learned_qr,862,0,110,4,4,0.1407888452950184,0.038382838106703634
43003,oracle_event_learned_qr,862,0,110,8,8,0.04721835828752556,0.04755745776857734
43003,oracle_event_learned_qr,862,0,110,16,16,0.5462026673001728,0.03778440437482507
43003,oracle_event_learned_qr,921,0,101,1,1,0.19023225750832207,0.0011222687143844895
43003,oracle_event_learned_qr,921,0,101,4,4,0.2377595569110852,0.0034418029223828917
43003,oracle_event_learned_qr,921,0,101,8,8,0.24735035227606533,0.006857234121594092
43003,oracle_event_learned_qr,921,0,101,16,16,0.6922550289883052,0.016163337079007602
43003,oracle_event_learned_qr,945,0,101,1,1,2.884875926220223,0.05007717976297855
43003,oracle_event_learned_qr,945,0,101,4,4,1.2950573476240195,0.027749709541908005
43003,oracle_event_learned_qr,945,0,101,8,8,0.8615946715954409,0.04117494536220597
43003,oracle_event_learned_qr,945,0,101,16,16,0.8161832251575434,0.036551523812735624
43003,oracle_event_learned_qr,1039,0,111,1,1,0.43696349215538177,0.09810897923859492
43003,oracle_event_learned_qr,1039,0,111,4,4,0.47637266733035827,0.06816186135625353
43003,oracle_event_learned_qr,1039,0,111,8,5,0.7085972985006674,0.056408383612908654
43003,oracle_event_learned_qr,1039,0,111,16,5,0.7085972985006674,0.056408383612908654
43003,oracle_event_learned_qr,1045,0,111,1,1,1.448918726018517,0.05544816261308785
43003,oracle_event_learned_qr,1045,0,111,4,4,1.0885816438411808,0.05385970092036266
43003,oracle_event_learned_qr,1045,0,111,8,7,1.187189793553723,0.0426659248361878
43003,oracle_event_learned_qr,1045,0,111,16,7,1.187189793553723,0.0426659248361878
43003,oracle_event_learned_qr,1053,0,111,1,1,0.9085154261393649,0.023237622903073515
43003,oracle_event_learned_qr,1053,0,111,4,4,0.8425400241986751,0.05293026533707308
43003,oracle_event_learned_qr,1053,0,111,8,8,1.1754631239207662,0.05376216094989476
43003,oracle_event_learned_qr,1053,0,111,16,16,0.9528766118571601,0.09570036729046055
43003,oracle_event_learned_qr,1075,0,111,1,1,0.5161120197539776,0.01697761843720683
43003,oracle_event_learned_qr,1075,0,111,4,4,0.5936888888762196,0.10769668962608078
43003,oracle_event_learned_qr,1075,0,111,8,7,1.0387279022849416,0.09703841583297934
43003,oracle_event_learned_qr,1075,0,111,16,7,1.0387279022849416,0.09703841583297934
43003,oracle_event_learned_qr,1083,0,111,1,1,2.059824377697004,0.09536745427477256
43003,oracle_event_learned_qr,1083,0,111,4,4,1.1414284250135223,0.043529385138925104
43003,oracle_event_learned_qr,1083,0,111,8,8,0.9457250569531959,0.03962905788472364
43003,oracle_event_learned_qr,1083,0,111,16,16,0.9024055544503772,0.027530216882719612
43003,oracle_event_learned_qr,1179,1,101,1,1,0.2951585524077939,0.07002302695037858
43003,oracle_event_learned_qr,1179,1,101,4,4,0.24726677348579038,0.07371755043982083
43003,oracle_event_learned_qr,1179,1,101,8,5,0.7179759589012074,0.09942140828601294
43003,oracle_event_learned_qr,1179,1,101,16,5,0.7179759589012074,0.09942140828601294
43003,oracle_event_learned_qr,1185,1,101,1,1,1.3011222780964862,0.1003346324142452
43003,oracle_event_learned_qr,1185,1,101,4,4,1.0734750327334555,0.05427908274443466
43003,oracle_event_learned_qr,1185,1,101,8,8,0.7292195677236029,0.039879672507593875
43003,oracle_event_learned_qr,1185,1,101,16,16,0.45622716019291304,0.027883640066137326
43003,oracle_event_learned_qr,1212,1,101,1,1,1.9293593822548278,0.035005819358980554
43003,oracle_event_learned_qr,1212,1,101,4,4,1.4071793416257363,0.042190416149206454
43003,oracle_event_learned_qr,1212,1,101,8,8,1.1147793438569193,0.11877333660543721
43003,oracle_event_learned_qr,1212,1,101,16,13,0.826776961215852,0.10549819963984873
43003,oracle_event_learned_qr,1226,1,101,1,1,0.3153869295654907,0.05127644533281337
43003,oracle_event_learned_qr,1226,1,101,4,4,0.8227020222384767,0.07402127135069189
43003,oracle_event_learned_qr,1226,1,101,8,8,1.112364470375796,0.044984610591423314
43003,oracle_event_learned_qr,1226,1,101,16,16,0.9796820334802785,0.042715946330899035
43003,oracle_event_learned_qr,1254,1,101,1,1,0.35040471949350604,0.10595353315310328
43003,oracle_event_learned_qr,1254,1,101,4,4,0.640102777326222,0.038287001314026764
43003,oracle_event_learned_qr,1254,1,101,8,8,0.6182799616262948,0.03347345200141998
43003,oracle_event_learned_qr,1254,1,101,16,16,0.5419967813486467,0.03070251043244194
43003,oracle_event_learned_qr,1432,1,101,1,1,0.6531542309729055,0.02243457576849678
43003,oracle_event_learned_qr,1432,1,101,4,3,0.9057037406693699,0.013232067850376979
43003,oracle_event_learned_qr,1432,1,101,8,3,0.9057037406693699,0.013232067850376979
43003,oracle_event_learned_qr,1432,1,101,16,3,0.9057037406693699,0.013232067850376979
43003,oracle_event_learned_qr,1436,1,101,1,1,0.18286430866846448,0.015533395366004146
43003,oracle_event_learned_qr,1436,1,101,4,4,0.7241489201568039,0.014603986453984233
43003,oracle_event_learned_qr,1436,1,101,8,6,0.5521649468282686,0.015199006846910194
43003,oracle_event_learned_qr,1436,1,101,16,6,0.5521649468282686,0.015199006846910194
43003,oracle_event_learned_qr,1443,1,101,1,1,1.5874299573462358,0.03186145397605745
43003,oracle_event_learned_qr,1443,1,101,4,4,0.6115224773945992,0.034418763823417284
43003,oracle_event_learned_qr,1443,1,101,8,8,0.42920362922368666,0.02821103914942081
43003,oracle_event_learned_qr,1443,1,101,16,9,0.381590572652574,0.03502130336485752
43003,oracle_event_learned_qr,1453,1,101,1,1,0.8670309483415366,0.048339119024344325
43003,oracle_event_learned_qr,1453,1,101,4,4,0.708830190619743,0.02257692312932393
43003,oracle_event_learned_qr,1453,1,101,8,8,0.7425062200201065,0.014294978816290585
43003,oracle_event_learned_qr,1453,1,101,16,16,0.4973931663416412,0.01884929380909637
43003,oracle_event_learned_qr,1537,1,111,1,1,1.4600274256061085,0.47227859762730007
43003,oracle_event_learned_qr,1537,1,111,4,4,1.78452495329278,0.15473017770890227
43003,oracle_event_learned_qr,1537,1,111,8,8,1.2990088137032183,0.11559439241368441
43003,oracle_event_learned_qr,1537,1,111,16,16,0.9982299793207878,0.1128130107698152
43003,oracle_event_learned_qr,1604,1,110,1,1,0.29723286902014906,0.0024443702680671245
43003,oracle_event_learned_qr,1604,1,110,4,4,0.20330313827398147,0.014364371696954195
43003,oracle_event_learned_qr,1604,1,110,8,4,0.20330313827398147,0.014364371696954195
43003,oracle_event_learned_qr,1604,1,110,16,4,0.20330313827398147,0.014364371696954195
43003,oracle_event_learned_qr,1609,1,110,1,1,0.20624116433599635,0.0008461957427137568
43003,oracle_event_learned_qr,1609,1,110,4,4,0.1680654130554873,0.005048368801882899
43003,oracle_event_learned_qr,1609,1,110,8,6,0.09816098737412982,0.006573907024603655
43003,oracle_event_learned_qr,1609,1,110,16,6,0.09816098737412982,0.006573907024603655
43003,oracle_event_learned_qr,1616,1,110,1,1,0.2586071713273802,0.01089368676899373
43003,oracle_event_learned_qr,1616,1,110,4,4,0.17356312138248403,0.01496859573967934
43003,oracle_event_learned_qr,1616,1,110,8,8,0.09120833381237176,0.015548961490674099
43003,oracle_event_learned_qr,1616,1,110,16,16,0.3221735929355684,0.03868709107669903
43003,oracle_event_learned_qr,1695,1,110,1,1,-0.1366728319657471,0.007609126750833485
43003,oracle_event_learned_qr,1695,1,110,4,4,0.09863854651748194,0.01423256672281439
43003,oracle_event_learned_qr,1695,1,110,8,8,-0.09139766575125718,0.009884743823431895
43003,oracle_event_learned_qr,1695,1,110,16,16,-0.017224811124241582,0.011662549489584501
43003,oracle_event_learned_qr,1714,1,110,1,1,0.08690583766297086,0.1559204479515784
43003,oracle_event_learned_qr,1714,1,110,4,4,0.5912895352429479,0.13466218008622177
43003,oracle_event_learned_qr,1714,1,110,8,8,0.4132265216150648,0.07724698527474355
43003,oracle_event_learned_qr,1714,1,110,16,15,0.3912377662694529,0.06145871131765225
43003,oracle_event_learned_qr,1731,1,110,1,1,0.10853248147830008,0.012224167348834133
43003,oracle_event_learned_qr,1731,1,110,4,4,-0.0008233645060065353,0.012271780555642873
43003,oracle_event_learned_qr,1731,1,110,8,8,0.08215332471150574,0.019177693105495667
43003,oracle_event_learned_qr,1731,1,110,16,16,-0.027786993554818624,0.022643337835409647
43003,oracle_event_learned_qr,1761,1,110,1,1,0.14898253330767003,0.006445714610344375
43003,oracle_event_learned_qr,1761,1,110,4,4,0.3257390252375832,0.03638947709529721
43003,oracle_event_learned_qr,1761,1,110,8,8,0.14264663635838992,0.02310854920035712
43003,oracle_event_learned_qr,1761,1,110,16,9,0.0945447519132436,0.020548325727438768
43003,oracle_event_learned_qr,1771,1,110,1,1,0.5516768066787359,0.027449560952697988
43003,oracle_event_learned_qr,1771,1,110,4,4,0.5346791525120334,0.01954893653282093
43003,oracle_event_learned_qr,1771,1,110,8,8,0.3624324064729681,0.01612905328495904
43003,oracle_event_learned_qr,1771,1,110,16,16,0.21669035520125068,0.022832684455742006
43003,oracle_event_learned_qr,1793,1,110,1,1,-0.030948851883990623,0.0006291072705259303
43003,oracle_event_learned_qr,1793,1,110,4,4,0.08322246123292154,0.026348920393678955
43003,oracle_event_learned_qr,1793,1,110,8,8,0.302517465351092,0.03479346130354822
43003,oracle_event_learned_qr,1793,1,110,16,16,0.1111231853854247,0.023425980704736275
43003,oracle_event_learned_qr,1830,1,011,1,1,0.04459276196122692,0.0026540069415241503
43003,oracle_event_learned_qr,1830,1,011,4,4,0.039882929916736254,0.07786702676634859
43003,oracle_event_learned_qr,1830,1,011,8,8,0.6472065781712998,0.04803552046046211
43003,oracle_event_learned_qr,1830,1,011,16,16,0.6708995209429675,0.053758149836627814
43003,oracle_event_learned_qr,1999,1,111,1,1,0.6532996930009655,0.011767133382117594
43003,oracle_event_learned_qr,1999,1,111,4,4,0.6377307210626402,0.12058429721152049
43003,oracle_event_learned_qr,1999,1,111,8,8,0.6635549848252675,0.08143402359705207
43003,oracle_event_learned_qr,1999,1,111,16,8,0.6635549848252675,0.08143402359705207
43003,oracle_event_learned_qr,2008,1,111,1,1,1.2201999170310434,3.099896625437181e-05
43003,oracle_event_learned_qr,2008,1,111,4,4,0.9836602846752909,0.07196120638078914
43003,oracle_event_learned_qr,2008,1,111,8,8,0.7606792900208155,0.04528299067730965
43003,oracle_event_learned_qr,2008,1,111,16,16,0.8613746396737143,0.05429276296578496
43003,oracle_event_learned_qr,2036,1,111,1,1,1.5022664973931317,0.11670018167559447
43003,oracle_event_learned_qr,2036,1,111,4,1,1.5022664973931317,0.11670018167559447
43003,oracle_event_learned_qr,2036,1,111,8,1,1.5022664973931317,0.11670018167559447
43003,oracle_event_learned_qr,2036,1,111,16,1,1.5022664973931317,0.11670018167559447
43003,oracle_event_learned_qr,2038,1,111,1,1,0.6111022212670464,0.0893739555654147
43003,oracle_event_learned_qr,2038,1,111,4,4,0.8072338200431226,0.03762188486989443
43003,oracle_event_learned_qr,2038,1,111,8,8,1.0803566892672651,0.07508791538988817
43003,oracle_event_learned_qr,2038,1,111,16,10,0.9593932494836407,0.06398929031370926
43003,oracle_event_learned_qr,2049,1,101,1,1,1.0700658337922835,0.0703330712028112
43003,oracle_event_learned_qr,2049,1,101,4,4,0.6512353541787019,0.07756990667751143
43003,oracle_event_learned_qr,2049,1,101,8,8,0.5153269809118086,0.06726731352695227
43003,oracle_event_learned_qr,2049,1,101,16,16,0.6061783460802259,0.04536603320540626
43003,oracle_event_learned_qr,2067,1,101,1,1,1.3304426553665032,0.11475197612917076
43003,oracle_event_learned_qr,2067,1,101,4,4,0.665672394061382,0.054458387867613665
43003,oracle_event_learned_qr,2067,1,101,8,8,1.1485898303788298,0.05145941862499558
43003,oracle_event_learned_qr,2067,1,101,16,16,1.0308221401074338,0.04432310431426542
43003,oracle_event_learned_qr,2106,1,101,1,1,0.3030210867944079,0.015358376851164477
43003,oracle_event_learned_qr,2106,1,101,4,1,0.3030210867944079,0.015358376851164477
43003,oracle_event_learned_qr,2106,1,101,8,1,0.3030210867944079,0.015358376851164477
43003,oracle_event_learned_qr,2106,1,101,16,1,0.3030210867944079,0.015358376851164477
43003,oracle_event_learned_qr,2108,1,101,1,1,0.3261348751852369,0.10396773584972974
43003,oracle_event_learned_qr,2108,1,101,4,2,0.33345744596179794,0.12989122207469656
43003,oracle_event_learned_qr,2108,1,101,8,2,0.33345744596179794,0.12989122207469656
43003,oracle_event_learned_qr,2108,1,101,16,2,0.33345744596179794,0.12989122207469656
43003,oracle_event_learned_qr,2111,1,101,1,1,1.7211825600360264,0.19668481214235053
43003,oracle_event_learned_qr,2111,1,101,4,4,1.0109988306854867,0.07226989702351296
43003,oracle_event_learned_qr,2111,1,101,8,4,1.0109988306854867,0.07226989702351296
43003,oracle_event_learned_qr,2111,1,101,16,4,1.0109988306854867,0.07226989702351296
43003,oracle_event_learned_qr,2116,1,101,1,1,0.7903163581144934,0.07315366699614885
43003,oracle_event_learned_qr,2116,1,101,4,4,0.9671281685225251,0.07673657751633217
43003,oracle_event_learned_qr,2116,1,101,8,8,0.7372255298256724,0.04554941617612934
43003,oracle_event_learned_qr,2116,1,101,16,16,0.6139761528306531,0.0657913727039312
43003,oracle_event_learned_qr,2142,1,101,1,1,0.8068003419222204,0.08578230897496489
43003,oracle_event_learned_qr,2142,1,101,4,4,0.4950846530760575,0.0386874193873269
43003,oracle_event_learned_qr,2142,1,101,8,8,1.0082060348469237,0.0518856707764004
43003,oracle_event_learned_qr,2142,1,101,16,16,1.1192826304954475,0.03267236195533389
43003,oracle_event_learned_qr,2168,1,111,1,1,1.0005448357680193,0.15974177073653698
43003,oracle_event_learned_qr,2168,1,111,4,1,1.0005448357680193,0.15974177073653698
43003,oracle_event_learned_qr,2168,1,111,8,1,1.0005448357680193,0.15974177073653698
43003,oracle_event_learned_qr,2168,1,111,16,1,1.0005448357680193,0.15974177073653698
43003,oracle_event_learned_qr,2170,1,111,1,1,0.5597093297187132,0.05472553247180176
43003,oracle_event_learned_qr,2170,1,111,4,4,0.5736433140269209,0.04386267612800261
43003,oracle_event_learned_qr,2170,1,111,8,8,0.4784647533665288,0.030652513601928832
43003,oracle_event_learned_qr,2170,1,111,16,12,0.8821876340335405,0.055730538355853704
43003,oracle_event_learned_qr,2183,1,111,1,1,0.5782314977780206,0.08580328516401203
43003,oracle_event_learned_qr,2183,1,111,4,4,0.7877326870555322,0.04219472651678637
43003,oracle_event_learned_qr,2183,1,111,8,8,0.7530723398393041,0.13512245712979984
43003,oracle_event_learned_qr,2183,1,111,16,12,0.817443045578753,0.18291317445922983
43003,oracle_event_learned_qr,2196,1,111,1,1,0.48557798608626995,0.09946687855800017
43003,oracle_event_learned_qr,2196,1,111,4,4,0.5860281180722996,0.030033791625389234
43003,oracle_event_learned_qr,2196,1,111,8,8,0.6570472681586117,0.02332980626310776
43003,oracle_event_learned_qr,2196,1,111,16,10,1.023855808044552,0.022804467637042976
43003,oracle_event_learned_qr,2207,1,111,1,1,1.4145269327037244,0.03527092798762963
43003,oracle_event_learned_qr,2207,1,111,4,2,0.9967343219135967,0.06752288426989442
43003,oracle_event_learned_qr,2207,1,111,8,2,0.9967343219135967,0.06752288426989442
43003,oracle_event_learned_qr,2207,1,111,16,2,0.9967343219135967,0.06752288426989442
43003,oracle_event_learned_qr,2210,1,111,1,1,0.691871504495997,0.007646036852331248
43003,oracle_event_learned_qr,2210,1,111,4,4,0.7923645677204063,0.0060435548562385675
43003,oracle_event_learned_qr,2210,1,111,8,8,0.7195410059830551,0.006106483726882028
43003,oracle_event_learned_qr,2210,1,111,16,16,0.9042892180107776,0.05519493686189039
43003,oracle_event_learned_qr,2280,1,110,1,1,0.47068537754699513,0.023287970274276402
43003,oracle_event_learned_qr,2280,1,110,4,4,0.3281805091672235,0.02158053534816942
43003,oracle_event_learned_qr,2280,1,110,8,8,0.2883107440509235,0.028445049415983165
43003,oracle_event_learned_qr,2280,1,110,16,16,0.11841073958441281,0.026895158844506654
43003,oracle_event_learned_qr,2306,2,111,1,1,0.7342682743660541,0.0023551168521369877
43003,oracle_event_learned_qr,2306,2,111,4,4,1.0376071779374902,0.0578264096444191
43003,oracle_event_learned_qr,2306,2,111,8,8,0.854571611690879,0.03969458158481167
43003,oracle_event_learned_qr,2306,2,111,16,16,0.6200190409536182,0.06613843478803755
43003,oracle_event_learned_qr,2339,2,111,1,1,1.2461277744446237,0.20323171204365748
43003,oracle_event_learned_qr,2339,2,111,4,4,0.9452905952279831,0.1311027952883184
43003,oracle_event_learned_qr,2339,2,111,8,5,0.9943004299411695,0.14345158935843885
43003,oracle_event_learned_qr,2339,2,111,16,5,0.9943004299411695,0.14345158935843885
43003,oracle_event_learned_qr,2345,2,111,1,1,1.4897467187655955,0.14758823685565345
43003,oracle_event_learned_qr,2345,2,111,4,4,0.9195981918957615,0.27782224862623767
43003,oracle_event_learned_qr,2345,2,111,8,8,0.7400091250466437,0.19600706719526326
43003,oracle_event_learned_qr,2345,2,111,16,16,0.5662157117828731,0.13097424484596087
43003,oracle_event_learned_qr,2640,2,111,1,1,0.4366289189074501,0.0008715825631710309
43003,oracle_event_learned_qr,2640,2,111,4,4,0.39271067074718014,0.09986648308645268
43003,oracle_event_learned_qr,2640,2,111,8,8,0.35432576355298673,0.0651163054870059
43003,oracle_event_learned_qr,2640,2,111,16,16,0.6265279760497029,0.08066859699395051
43003,oracle_event_learned_qr,2661,2,111,1,1,1.4986842023373406,0.20630335410618855
43003,oracle_event_learned_qr,2661,2,111,4,4,1.2220969166562847,0.07148076281398717
43003,oracle_event_learned_qr,2661,2,111,8,8,0.8952255384152052,0.05293731500277479
43003,oracle_event_learned_qr,2661,2,111,16,13,0.7286773536343041,0.049662529449959004
43003,oracle_event_learned_qr,2675,2,111,1,1,0.31772640231777716,0.548088832227439
43003,oracle_event_learned_qr,2675,2,111,4,4,0.8351646338868964,0.14011817894739936
43003,oracle_event_learned_qr,2675,2,111,8,8,0.9033131044562512,0.19630899435499657
43003,oracle_event_learned_qr,2675,2,111,16,16,0.8035112238425874,0.13611812624692396
43003,oracle_event_learned_qr,2718,2,111,1,1,0.829116633455317,0.008917741423471253
43003,oracle_event_learned_qr,2718,2,111,4,4,0.8152785308152108,0.02124183305891722
43003,oracle_event_learned_qr,2718,2,111,8,8,0.621721027756703,0.013589241294634017
43003,oracle_event_learned_qr,2718,2,111,16,16,0.6018726156592239,0.013780322730545878
43003,oracle_event_learned_qr,2758,2,101,1,1,0.29622678374215317,0.016358348126163106
43003,oracle_event_learned_qr,2758,2,101,4,4,1.2337658540538428,0.030486409046903737
43003,oracle_event_learned_qr,2758,2,101,8,7,0.8960339075537304,0.01987176389674359
43003,oracle_event_learned_qr,2758,2,101,16,7,0.8960339075537304,0.01987176389674359
43003,oracle_event_learned_qr,2766,2,101,1,1,0.5041978019794078,0.013898764294613878
43003,oracle_event_learned_qr,2766,2,101,4,4,0.3398179333102644,0.009090016450141005
43003,oracle_event_learned_qr,2766,2,101,8,7,0.3128004091593079,0.01157451280385938
43003,oracle_event_learned_qr,2766,2,101,16,7,0.3128004091593079,0.01157451280385938
43003,oracle_event_learned_qr,2774,2,101,1,1,0.28925254453441807,0.05449332001893469
43003,oracle_event_learned_qr,2774,2,101,4,4,0.405018430860441,0.027378749728358916
43003,oracle_event_learned_qr,2774,2,101,8,8,0.34415313031856587,0.024467634938291016
43003,oracle_event_learned_qr,2774,2,101,16,10,0.3275429825042166,0.021093085951184875
43003,oracle_event_learned_qr,2785,2,101,1,1,0.16363589142393659,0.03927953530233379
43003,oracle_event_learned_qr,2785,2,101,4,4,0.21453634356494056,0.02649473147754789
43003,oracle_event_learned_qr,2785,2,101,8,7,0.11435270074560829,0.020591382483844446
43003,oracle_event_learned_qr,2785,2,101,16,7,0.11435270074560829,0.020591382483844446
43003,oracle_event_learned_qr,2793,2,101,1,1,0.5572823204846264,0.0014543726772631603
43003,oracle_event_learned_qr,2793,2,101,4,4,0.037622015051242276,0.005374165990912081
43003,oracle_event_learned_qr,2793,2,101,8,8,0.11114016835198234,0.00900704917505689
43003,oracle_event_learned_qr,2793,2,101,16,16,0.4409758579432342,0.013434058863839976
43003,oracle_event_learned_qr,2817,2,101,1,1,0.6896836807418848,0.0019046793822920323
43003,oracle_event_learned_qr,2817,2,101,4,4,0.582632173544876,0.011569129163624403
43003,oracle_event_learned_qr,2817,2,101,8,4,0.582632173544876,0.011569129163624403
43003,oracle_event_learned_qr,2817,2,101,16,4,0.582632173544876,0.011569129163624403
43003,oracle_event_learned_qr,2822,2,101,1,1,0.9051484077784804,0.002552410767048197
43003,oracle_event_learned_qr,2822,2,101,4,4,0.44307880621188445,0.0019275341327552454
43003,oracle_event_learned_qr,2822,2,101,8,8,0.3058931719550487,0.0013693338476990363
43003,oracle_event_learned_qr,2822,2,101,16,16,0.41325472527156515,0.0222721109346165
43003,oracle_event_learned_qr,2849,2,101,1,1,0.5490822202965102,0.04878243617424772
43003,oracle_event_learned_qr,2849,2,101,4,4,0.565669527317288,0.07432108978333811
43003,oracle_event_learned_qr,2849,2,101,8,8,0.6377726518672376,0.05757448961591815
43003,oracle_event_learned_qr,2849,2,101,16,11,0.8144924077136477,0.052350884083818654
43003,oracle_event_learned_qr,2861,2,101,1,1,0.820105640923452,0.015800988653146275
43003,oracle_event_learned_qr,2861,2,101,4,4,1.3502659700051012,0.03799021874182657
43003,oracle_event_learned_qr,2861,2,101,8,8,0.9530661188204248,0.043373928410737755
43003,oracle_event_learned_qr,2861,2,101,16,14,0.8624014301397603,0.050218434410428996
43003,oracle_event_learned_qr,2876,2,101,1,1,0.5105817272009947,0.09214097126108384
43003,oracle_event_learned_qr,2876,2,101,4,4,0.5394312770403846,0.08776738833536422
43003,oracle_event_learned_qr,2876,2,101,8,8,0.7437950760330776,0.06466549426485135
43003,oracle_event_learned_qr,2876,2,101,16,16,0.6149852951241552,0.05430289113013857
43003,oracle_event_learned_qr,2910,2,101,1,1,0.8891460526316447,0.17996878127924565
43003,oracle_event_learned_qr,2910,2,101,4,4,0.6172852566728594,0.051382556355957135
43003,oracle_event_learned_qr,2910,2,101,8,8,0.9947885030902981,0.0402900017832681
43003,oracle_event_learned_qr,2910,2,101,16,16,0.8955402854854638,0.04675520906953612
43003,oracle_event_learned_qr,2966,2,111,1,1,0.5512286839769711,0.0077587580990170855
43003,oracle_event_learned_qr,2966,2,111,4,4,0.46927240955251864,0.008543690816777917
43003,oracle_event_learned_qr,2966,2,111,8,6,0.4134385186710284,0.0681836842996338
43003,oracle_event_learned_qr,2966,2,111,16,6,0.4134385186710284,0.0681836842996338
43003,oracle_event_learned_qr,2974,2,111,1,1,0.36124724026312643,0.0023446090090834836
43003,oracle_event_learned_qr,2974,2,111,4,4,0.30114161734487466,0.04343265890232943
43003,oracle_event_learned_qr,2974,2,111,8,8,0.6635241943807445,0.034314775958249985
43003,oracle_event_learned_qr,2974,2,111,16,16,0.672745342440719,0.020958095785364332
43003,oracle_event_learned_qr,3014,2,111,1,1,1.113106280911548,0.12513013289343156
43003,oracle_event_learned_qr,3014,2,111,4,4,1.3967444262714719,0.0367610518309475
43003,oracle_event_learned_qr,3014,2,111,8,8,1.0546242534970132,0.028837422076315674
43003,oracle_event_learned_qr,3014,2,111,16,16,0.8858596616073242,0.031849297576074395
43003,oracle_event_learned_qr,3061,2,101,1,1,0.45481669557355314,0.07326654392346373
43003,oracle_event_learned_qr,3061,2,101,4,4,0.20647790508691488,0.07313285882472421
43003,oracle_event_learned_qr,3061,2,101,8,8,0.4619765806073766,0.04437336151034562
43003,oracle_event_learned_qr,3061,2,101,16,15,0.337454484206013,0.0344651693939516
43003,oracle_event_learned_qr,3077,2,101,1,1,0.0740907394045593,0.0033063831948070966
43003,oracle_event_learned_qr,3077,2,101,4,4,0.5133335174183582,0.028739116298392757
43003,oracle_event_learned_qr,3077,2,101,8,4,0.5133335174183582,0.028739116298392757
43003,oracle_event_learned_qr,3077,2,101,16,4,0.5133335174183582,0.028739116298392757
43003,oracle_event_learned_qr,3082,2,101,1,1,0.07749480119596329,0.16583154661292135
43003,oracle_event_learned_qr,3082,2,101,4,4,0.9453870529022348,0.07161448915476719
43003,oracle_event_learned_qr,3082,2,101,8,8,0.5863625733059796,0.06649307813842822
43003,oracle_event_learned_qr,3082,2,101,16,12,0.6176887199619495,0.06387965651326181
43003,oracle_event_learned_qr,3096,2,101,1,1,1.7193473415423104,0.007362819871113055
43003,oracle_event_learned_qr,3096,2,101,4,4,0.5483934710728925,0.009003735342188018
43003,oracle_event_learned_qr,3096,2,101,8,8,0.48034324842979464,0.015648211304709635
43003,oracle_event_learned_qr,3096,2,101,16,16,0.3656677851130039,0.01525453838012791
43003,oracle_event_learned_qr,3134,2,101,1,1,0.42164461783366547,0.022190601051674034
43003,oracle_event_learned_qr,3134,2,101,4,4,0.6214676502437675,0.09337305648106044
43003,oracle_event_learned_qr,3134,2,101,8,8,0.6142305155585712,0.05199546948857149
43003,oracle_event_learned_qr,3134,2,101,16,16,0.7136576278137295,0.035288552293880546
43003,oracle_event_learned_qr,3256,2,110,1,1,-0.0732177665588353,0.038585217509454726
43003,oracle_event_learned_qr,3256,2,110,4,1,-0.0732177665588353,0.038585217509454726
43003,oracle_event_learned_qr,3256,2,110,8,1,-0.0732177665588353,0.038585217509454726
43003,oracle_event_learned_qr,3256,2,110,16,1,-0.0732177665588353,0.038585217509454726
43003,oracle_event_learned_qr,3258,2,110,1,1,0.29895184678804027,0.019320431509144587
43003,oracle_event_learned_qr,3258,2,110,4,4,0.22650127709381068,0.05051121760061205
43003,oracle_event_learned_qr,3258,2,110,8,8,0.07559266574184699,0.027004108056922514
43003,oracle_event_learned_qr,3258,2,110,16,8,0.07559266574184699,0.027004108056922514
43003,oracle_event_learned_qr,3267,2,110,1,1,-0.1700821070289642,0.00036941463249392506
43003,oracle_event_learned_qr,3267,2,110,4,4,0.0346315143309794,0.00833581907069475
43003,oracle_event_learned_qr,3267,2,110,8,8,0.42407299068092086,0.026985318818087765
43003,oracle_event_learned_qr,3267,2,110,16,9,0.34864156902483345,0.025432986038509846
43003,oracle_event_learned_qr,3277,2,110,1,1,-0.0989763891593576,5.2860730043184486e-05
43003,oracle_event_learned_qr,3277,2,110,4,4,-0.21357446396167598,0.0026168241139472863
43003,oracle_event_learned_qr,3277,2,110,8,8,-0.11224249932038033,0.0026289915175988442
43003,oracle_event_learned_qr,3277,2,110,16,15,-0.16974485855437133,0.00714294896952113
43003,oracle_event_learned_qr,3293,2,110,1,1,0.5909248368029557,0.041258492480572985
43003,oracle_event_learned_qr,3293,2,110,4,4,-0.1414592134054205,0.01672027888369991
43003,oracle_event_learned_qr,3293,2,110,8,4,-0.1414592134054205,0.01672027888369991
43003,oracle_event_learned_qr,3293,2,110,16,4,-0.1414592134054205,0.01672027888369991
43003,oracle_event_learned_qr,3298,2,110,1,1,0.6036508480483478,0.0228972452460384
43003,oracle_event_learned_qr,3298,2,110,4,2,0.14832544248576718,0.012347936594769043
43003,oracle_event_learned_qr,3298,2,110,8,2,0.14832544248576718,0.012347936594769043
43003,oracle_event_learned_qr,3298,2,110,16,2,0.14832544248576718,0.012347936594769043
43003,oracle_event_learned_qr,3301,2,110,1,1,-0.07198446939283627,1.5772076066826026e-05
43003,oracle_event_learned_qr,3301,2,110,4,4,-0.07308963118009323,0.012499639350697185
43003,oracle_event_learned_qr,3301,2,110,8,8,0.025936473442218257,0.00993413025629312
43003,oracle_event_learned_qr,3301,2,110,16,16,-0.13675328438575432,0.007669570279571032
43003,oracle_event_learned_qr,3319,2,110,1,1,-0.42839348630987545,0.00773313435288434
43003,oracle_event_learned_qr,3319,2,110,4,4,0.05317109091985961,0.016578797087586434
43003,oracle_event_learned_qr,3319,2,110,8,8,0.6855413753554379,0.04410256978344461
43003,oracle_event_learned_qr,3319,2,110,16,15,0.44085391238260746,0.03804668702747915
43003,oracle_event_learned_qr,3335,2,110,1,1,-0.07913258476052008,0.0027958709796600464
43003,oracle_event_learned_qr,3335,2,110,4,4,0.6485677817257098,0.021483575909053823
43003,oracle_event_learned_qr,3335,2,110,8,8,0.3372985241757136,0.02711532071807101
43003,oracle_event_learned_qr,3335,2,110,16,16,0.4794800409613166,0.049974202075719606
43003,oracle_event_learned_qr,3363,2,110,1,1,0.1436818715637947,0.011934706940802082
43003,oracle_event_learned_qr,3363,2,110,4,4,0.1349137397359018,0.00943396455393815
43003,oracle_event_learned_qr,3363,2,110,8,8,0.20938499362386026,0.0280987553932427
43003,oracle_event_learned_qr,3363,2,110,16,16,0.43594331462951286,0.03984045969298568
43003,oracle_event_learned_qr,3380,2,110,1,1,0.15852668733952388,0.0002446391983595614
43003,oracle_event_learned_qr,3380,2,110,4,4,0.24046129112550904,0.0035434623067068724
43003,oracle_event_learned_qr,3380,2,110,8,8,0.3057166986250195,0.01683022740824177
43003,oracle_event_learned_qr,3380,2,110,16,16,0.1499235665949534,0.012486476002258731
43003,oracle_event_learned_qr,3400,2,110,1,1,-0.07061068834583215,0.0027419067552477503
43003,oracle_event_learned_qr,3400,2,110,4,1,-0.07061068834583215,0.0027419067552477503
43003,oracle_event_learned_qr,3400,2,110,8,1,-0.07061068834583215,0.0027419067552477503
43003,oracle_event_learned_qr,3400,2,110,16,1,-0.07061068834583215,0.0027419067552477503
43003,oracle_event_learned_qr,3402,2,110,1,1,0.2727912658090336,0.012560942405224033
43003,oracle_event_learned_qr,3402,2,110,4,4,0.005626305965634966,0.013722849188944225
43003,oracle_event_learned_qr,3402,2,110,8,8,-0.02291714012748967,0.01715294344399657
43003,oracle_event_learned_qr,3402,2,110,16,16,0.004359451140697079,0.019156254962932037
43003,oracle_event_learned_qr,3426,2,110,1,1,-0.05482539571805221,0.002338516227863292
43003,oracle_event_learned_qr,3426,2,110,4,4,0.0040767998810617954,0.0031496573603583622
43003,oracle_event_learned_qr,3426,2,110,8,6,0.13744818309363951,0.010444399686963729
43003,oracle_event_learned_qr,3426,2,110,16,6,0.13744818309363951,0.010444399686963729
43003,oracle_event_learned_qr,3433,2,110,1,1,0.4534385081682408,0.057434328823248997
43003,oracle_event_learned_qr,3433,2,110,4,4,0.061373410411692725,0.023759357419943894
43003,oracle_event_learned_qr,3433,2,110,8,8,0.5402734721887014,0.027894731532887344
43003,oracle_event_learned_qr,3433,2,110,16,16,0.31124034551988977,0.029944065946251847
43003,oracle_event_learned_qr,3463,3,101,1,1,1.8559012026897879,0.0414557846465276
43003,oracle_event_learned_qr,3463,3,101,4,4,0.575285530933985,0.014574086859270766
43003,oracle_event_learned_qr,3463,3,101,8,8,0.29958956421427463,0.009681930718291694
43003,oracle_event_learned_qr,3463,3,101,16,8,0.29958956421427463,0.009681930718291694
43003,oracle_event_learned_qr,3472,3,101,1,1,0.9953225677963066,0.06048768033372058
43003,oracle_event_learned_qr,3472,3,101,4,1,0.9953225677963066,0.06048768033372058
43003,oracle_event_learned_qr,3472,3,101,8,1,0.9953225677963066,0.06048768033372058
43003,oracle_event_learned_qr,3472,3,101,16,1,0.9953225677963066,0.06048768033372058
43003,oracle_event_learned_qr,3474,3,101,1,1,0.2580088899174593,0.0067247591602082055
43003,oracle_event_learned_qr,3474,3,101,4,4,0.32382777751709946,0.02658747539626618
43003,oracle_event_learned_qr,3474,3,101,8,8,0.2780219817291102,0.0173726921303489
43003,oracle_event_learned_qr,3474,3,101,16,16,0.8995318851514885,0.046708918675534256
43003,oracle_event_learned_qr,3495,3,101,1,1,0.4007567089460513,0.03881300479233563
43003,oracle_event_learned_qr,3495,3,101,4,3,0.9741936418806918,0.3236805094179251
43003,oracle_event_learned_qr,3495,3,101,8,3,0.9741936418806918,0.3236805094179251
43003,oracle_event_learned_qr,3495,3,101,16,3,0.9741936418806918,0.3236805094179251
43003,oracle_event_learned_qr,3499,3,101,1,1,0.3901726764399193,0.014227918270005416
43003,oracle_event_learned_qr,3499,3,101,4,4,0.9098505368025771,0.08544896412059647
43003,oracle_event_learned_qr,3499,3,101,8,8,0.6330513610116245,0.07299470575394745
43003,oracle_event_learned_qr,3499,3,101,16,16,0.584737583663161,0.06854054893053024
43003,oracle_event_learned_qr,3581,3,110,1,1,-0.11464861463572378,1.4568695006657327e-08
43003,oracle_event_learned_qr,3581,3,110,4,4,0.017989256202848074,0.002265955266904927
43003,oracle_event_learned_qr,3581,3,110,8,8,-0.010549099667415514,0.003762482169526506
43003,oracle_event_learned_qr,3581,3,110,16,9,-0.04071075741666311,0.003376520739597837
43003,oracle_event_learned_qr,3591,3,110,1,1,-0.13953075855339533,0.026940829866323877
43003,oracle_event_learned_qr,3591,3,110,4,4,-0.2028595649151142,0.011208065244997924
43003,oracle_event_learned_qr,3591,3,110,8,8,-0.2953630490845055,0.017074827166522158
43003,oracle_event_learned_qr,3591,3,110,16,16,-0.2035531271897956,0.01910726228828648
43003,oracle_event_learned_qr,3619,3,110,1,1,0.1608929324887575,0.0003865345615611082
43003,oracle_event_learned_qr,3619,3,110,4,4,0.31505446088966116,0.031485392417206624
43003,oracle_event_learned_qr,3619,3,110,8,8,0.43766046304650225,0.031742248562234746
43003,oracle_event_learned_qr,3619,3,110,16,16,0.193488675400625,0.020878444873151325
43003,oracle_event_learned_qr,3655,3,111,1,1,0.8808586773643733,0.2651651534050879
43003,oracle_event_learned_qr,3655,3,111,4,3,1.370558545390196,0.17010950493657806
43003,oracle_event_learned_qr,3655,3,111,8,3,1.370558545390196,0.17010950493657806
43003,oracle_event_learned_qr,3655,3,111,16,3,1.370558545390196,0.17010950493657806
43003,oracle_event_learned_qr,3659,3,111,1,1,0.4245014678486974,0.06109791479419001
43003,oracle_event_learned_qr,3659,3,111,4,4,0.24439150447739488,0.025845820070424446
43003,oracle_event_learned_qr,3659,3,111,8,8,0.4283553191891264,0.03491303572511598
43003,oracle_event_learned_qr,3659,3,111,16,13,0.44088816784686286,0.050977976900303965
43003,oracle_event_learned_qr,3673,3,111,1,1,0.5160137684464974,0.1174719697192665
43003,oracle_event_learned_qr,3673,3,111,4,4,0.9852529198830672,0.053050331625154074
43003,oracle_event_learned_qr,3673,3,111,8,7,1.0712304878786443,0.06935096611427487
43003,oracle_event_learned_qr,3673,3,111,16,7,1.0712304878786443,0.06935096611427487
43003,oracle_event_learned_qr,3681,3,111,1,1,1.421976055884114,0.009282698413019111
43003,oracle_event_learned_qr,3681,3,111,4,4,1.4051182646878686,0.030596716010489508
43003,oracle_event_learned_qr,3681,3,111,8,8,1.2648632895592162,0.06390905788709278
43003,oracle_event_learned_qr,3681,3,111,16,16,0.9773207752057672,0.06592689465819863
43003,oracle_event_learned_qr,3706,3,111,1,1,1.13482817609579,0.01614724764119671
43003,oracle_event_learned_qr,3706,3,111,4,2,2.2487651551884746,0.09717170129420306
43003,oracle_event_learned_qr,3706,3,111,8,2,2.2487651551884746,0.09717170129420306
43003,oracle_event_learned_qr,3706,3,111,16,2,2.2487651551884746,0.09717170129420306
43003,oracle_event_learned_qr,3709,3,111,1,1,0.8491056288275651,0.03015153498328856
43003,oracle_event_learned_qr,3709,3,111,4,4,0.6203350917311355,0.07538698984990587
43003,oracle_event_learned_qr,3709,3,111,8,8,0.81269175631432,0.11543330563422571
43003,oracle_event_learned_qr,3709,3,111,16,16,0.7871795076727406,0.08926379244761956
43003,oracle_event_learned_qr,3735,3,111,1,1,0.7467384776022717,0.006070455903656085
43003,oracle_event_learned_qr,3735,3,111,4,4,0.5723851540945667,0.0032349315379862657
43003,oracle_event_learned_qr,3735,3,111,8,4,0.5723851540945667,0.0032349315379862657
43003,oracle_event_learned_qr,3735,3,111,16,4,0.5723851540945667,0.0032349315379862657
43003,oracle_event_learned_qr,3740,3,111,1,1,0.5605468976250825,9.958799896176566e-05
43003,oracle_event_learned_qr,3740,3,111,4,4,0.43693487254428875,0.03928356652345312
43003,oracle_event_learned_qr,3740,3,111,8,8,0.5207671552674049,0.03386904971222349
43003,oracle_event_learned_qr,3740,3,111,16,8,0.5207671552674049,0.03386904971222349
43003,oracle_event_learned_qr,3749,3,110,1,1,0.3549510755129244,8.988597874582633e-05
43003,oracle_event_learned_qr,3749,3,110,4,4,0.2834780350734087,0.005237830780645827
43003,oracle_event_learned_qr,3749,3,110,8,8,0.1968158003595925,0.0036395411970040897
43003,oracle_event_learned_qr,3749,3,110,16,11,0.1634192165552925,0.004742935056653298
43003,oracle_event_learned_qr,3761,3,110,1,1,0.13927184562268521,0.03669169018094616
43003,oracle_event_learned_qr,3761,3,110,4,4,0.12324008883660362,0.0164144061638122
43003,oracle_event_learned_qr,3761,3,110,8,8,0.21307923969446046,0.024707197518745255
43003,oracle_event_learned_qr,3761,3,110,16,10,0.18535245307796544,0.025765728354371208
43003,oracle_event_learned_qr,3772,3,110,1,1,0.08719881409925442,7.489558294003387e-05
43003,oracle_event_learned_qr,3772,3,110,4,3,0.06097775964064608,0.00018715330922995175
43003,oracle_event_learned_qr,3772,3,110,8,3,0.06097775964064608,0.00018715330922995175
43003,oracle_event_learned_qr,3772,3,110,16,3,0.06097775964064608,0.00018715330922995175
43003,oracle_event_learned_qr,3776,3,110,1,1,0.27822684943264575,0.009542074550844748
43003,oracle_event_learned_qr,3776,3,110,4,4,0.41276280503944773,0.015682507006471395
43003,oracle_event_learned_qr,3776,3,110,8,8,0.35447620585444384,0.018177303690137196
43003,oracle_event_learned_qr,3776,3,110,16,16,0.07632369356268112,0.013496598750590293
43003,oracle_event_learned_qr,3813,3,110,1,1,0.6881861105491802,0.0032271028802984335
43003,oracle_event_learned_qr,3813,3,110,4,4,0.2708658943030117,0.01627931774387019
43003,oracle_event_learned_qr,3813,3,110,8,8,0.10526750381745355,0.013807218860832445
43003,oracle_event_learned_qr,3813,3,110,16,16,0.04264829647198464,0.011938739193835526
43003,oracle_event_learned_qr,3833,3,110,1,1,-0.05725310200800522,0.0019172845211699995
43003,oracle_event_learned_qr,3833,3,110,4,1,-0.05725310200800522,0.0019172845211699995
43003,oracle_event_learned_qr,3833,3,110,8,1,-0.05725310200800522,0.0019172845211699995
43003,oracle_event_learned_qr,3833,3,110,16,1,-0.05725310200800522,0.0019172845211699995
43003,oracle_event_learned_qr,3836,3,110,1,1,-0.12813504496184816,0.0005092321930672527
43003,oracle_event_learned_qr,3836,3,110,4,4,-0.17266273452832948,0.007310129772906813
43003,oracle_event_learned_qr,3836,3,110,8,8,0.3013727280640266,0.03583550120436144
43003,oracle_event_learned_qr,3836,3,110,16,11,0.2166085151663885,0.030778381706849003
43003,oracle_event_learned_qr,3848,3,110,1,1,-0.07631981783486841,0.011222316465442216
43003,oracle_event_learned_qr,3848,3,110,4,4,0.41580181020231965,0.03720010893814721
43003,oracle_event_learned_qr,3848,3,110,8,8,0.1291310779496943,0.02765651327019672
43003,oracle_event_learned_qr,3848,3,110,16,16,0.10908711430338539,0.02205105187478678
43003,oracle_event_learned_qr,3869,3,110,1,1,0.5696327561599018,0.0670188623794499
43003,oracle_event_learned_qr,3869,3,110,4,4,1.1079714622118026,0.09803631972927242
43003,oracle_event_learned_qr,3869,3,110,8,8,1.0428824849551084,0.11679974244658273
43003,oracle_event_learned_qr,3869,3,110,16,16,0.6058449661084896,0.0692410341674023
43003,oracle_event_learned_qr,3900,3,110,1,1,-0.09543891983233872,0.03718385831703094
43003,oracle_event_learned_qr,3900,3,110,4,4,-0.013346723783378457,0.012428644522460739
43003,oracle_event_learned_qr,3900,3,110,8,5,-0.01903086517668051,0.009952062716543097
43003,oracle_event_learned_qr,3900,3,110,16,5,-0.01903086517668051,0.009952062716543097
43003,oracle_event_learned_qr,3906,3,110,1,1,-0.11696096585171893,0.009138694868362579
43003,oracle_event_learned_qr,3906,3,110,4,4,-0.09251001706690545,0.010436468838517218
43003,oracle_event_learned_qr,3906,3,110,8,7,-0.17987569398582523,0.01388238542131504
43003,oracle_event_learned_qr,3906,3,110,16,7,-0.17987569398582523,0.01388238542131504
43003,oracle_event_learned_qr,3914,3,110,1,1,-0.1971538502589272,0.008656227162488683
43003,oracle_event_learned_qr,3914,3,110,4,4,0.10242544078667049,0.015698598296331377
43003,oracle_event_learned_qr,3914,3,110,8,8,0.04092327999105082,0.010276831762273819
43003,oracle_event_learned_qr,3914,3,110,16,16,-0.059946078476932264,0.015512845478466243
43003,oracle_event_learned_qr,3970,3,101,1,1,0.9808982293922839,0.35927975135822726
43003,oracle_event_learned_qr,3970,3,101,4,4,1.3154114873953442,0.12824310068930683
43003,oracle_event_learned_qr,3970,3,101,8,8,0.9296942340354621,0.09240979739980604
43003,oracle_event_learned_qr,3970,3,101,16,9,0.940337283350387,0.08694026077026276
43003,oracle_event_learned_qr,3980,3,101,1,1,0.5226064519654753,0.004899521346323755
43003,oracle_event_learned_qr,3980,3,101,4,4,0.9127407790931988,0.0197884670278561
43003,oracle_event_learned_qr,3980,3,101,8,8,0.8333072981292804,0.026776448511848728
43003,oracle_event_learned_qr,3980,3,101,16,10,1.0764772196286039,0.03545482645664146
43003,oracle_event_learned_qr,3991,3,101,1,1,0.9476674280037735,0.009944681069243805
43003,oracle_event_learned_qr,3991,3,101,4,4,0.7283887837934258,0.06735781285162486
43003,oracle_event_learned_qr,3991,3,101,8,8,0.7195688606491932,0.06740171095401432
43003,oracle_event_learned_qr,3991,3,101,16,16,0.5186455174572255,0.036148327192854116
43003,oracle_event_learned_qr,4052,3,101,1,1,0.29596077068166565,0.6750628982154198
43003,oracle_event_learned_qr,4052,3,101,4,4,1.1857625352404098,0.27991233417800626
43003,oracle_event_learned_qr,4052,3,101,8,8,0.8303429693132466,0.18415996888409203
43003,oracle_event_learned_qr,4052,3,101,16,10,0.8185071921990286,0.14872084290214233
43003,oracle_event_learned_qr,4063,3,101,1,1,2.028584930197011,0.0559320051444565
43003,oracle_event_learned_qr,4063,3,101,4,4,1.0221764361857737,0.042679504867007736
43003,oracle_event_learned_qr,4063,3,101,8,8,0.9071806963257637,0.03304624445816943
43003,oracle_event_learned_qr,4063,3,101,16,16,1.033819761589743,0.037638907227294724
43003,oracle_event_learned_qr,4161,3,101,1,1,1.5953284387975986,0.0027673764017201617
43003,oracle_event_learned_qr,4161,3,101,4,3,0.7878918156112419,0.007137746522987483
43003,oracle_event_learned_qr,4161,3,101,8,3,0.7878918156112419,0.007137746522987483
43003,oracle_event_learned_qr,4161,3,101,16,3,0.7878918156112419,0.007137746522987483
43003,oracle_event_learned_qr,4165,3,101,1,1,0.38083190949152135,0.09118209392343393
43003,oracle_event_learned_qr,4165,3,101,4,4,1.0658754666591288,0.04562841933153142
43003,oracle_event_learned_qr,4165,3,101,8,6,1.2288129803192043,0.04609480013218983
43003,oracle_event_learned_qr,4165,3,101,16,6,1.2288129803192043,0.04609480013218983
43003,oracle_event_learned_qr,4172,3,101,1,1,1.6988370787171392,0.04060835869605
43003,oracle_event_learned_qr,4172,3,101,4,4,0.9064669027841821,0.0121871103305432
43003,oracle_event_learned_qr,4172,3,101,8,4,0.9064669027841821,0.0121871103305432
43003,oracle_event_learned_qr,4172,3,101,16,4,0.9064669027841821,0.0121871103305432
43003,oracle_event_learned_qr,4177,3,101,1,1,1.0611726258175727,0.010871191367335635
43003,oracle_event_learned_qr,4177,3,101,4,4,0.6571598160228962,0.026797586533890756
43003,oracle_event_learned_qr,4177,3,101,8,8,0.5466500529048244,0.018848895978443234
43003,oracle_event_learned_qr,4177,3,101,16,11,0.48262182200040427,0.01663022283417104
43003,oracle_event_learned_qr,4189,3,101,1,1,0.3379220893345961,0.0897204128979115
43003,oracle_event_learned_qr,4189,3,101,4,4,0.49590397333698666,0.02292773419393668
43003,oracle_event_learned_qr,4189,3,101,8,8,0.536112140990626,0.01670194254750087
43003,oracle_event_learned_qr,4189,3,101,16,13,0.4431148846790036,0.04255590519439555
43003,oracle_event_learned_qr,4203,3,101,1,1,0.38008766716532216,0.021850296371651
43003,oracle_event_learned_qr,4203,3,101,4,4,0.23857033427245034,0.023721287934464725
43003,oracle_event_learned_qr,4203,3,101,8,8,0.5132252868570003,0.07440744441862839
43003,oracle_event_learned_qr,4203,3,101,16,14,0.5270132206566946,0.06115361550152513
43003,oracle_event_learned_qr,4218,3,101,1,1,0.9682174702809502,0.05191671681238661
43003,oracle_event_learned_qr,4218,3,101,4,4,0.8335965857350163,0.03358404594205562
43003,oracle_event_learned_qr,4218,3,101,8,8,0.6662014916126806,0.05825144273563713
43003,oracle_event_learned_qr,4218,3,101,16,16,0.5554297494971516,0.04673380944446959
43003,oracle_event_learned_qr,4247,3,011,1,1,0.3696016170778141,0.0031363578635315733
43003,oracle_event_learned_qr,4247,3,011,4,4,0.6608525037320201,0.15785618685064684
43003,oracle_event_learned_qr,4247,3,011,8,8,0.5908858565219441,0.09692728815523395
43003,oracle_event_learned_qr,4247,3,011,16,16,0.532143898597971,0.058753632441221684
43003,oracle_event_learned_qr,4429,3,111,1,1,0.27981568187081324,0.04127375641550365
43003,oracle_event_learned_qr,4429,3,111,4,4,0.5067715029347412,0.02798034133633462
43003,oracle_event_learned_qr,4429,3,111,8,8,0.5321700780724883,0.02230068202179567
43003,oracle_event_learned_qr,4429,3,111,16,16,0.706499381727979,0.03615108287965314
43003,oracle_event_learned_qr,4449,3,111,1,1,0.8779633050934205,0.042270836164340714
43003,oracle_event_learned_qr,4449,3,111,4,3,0.8813448079364186,0.14226721554994787
43003,oracle_event_learned_qr,4449,3,111,8,3,0.8813448079364186,0.14226721554994787
43003,oracle_event_learned_qr,4449,3,111,16,3,0.8813448079364186,0.14226721554994787
43003,oracle_event_learned_qr,4453,3,111,1,1,0.6109330660851141,0.41272584226912673
43003,oracle_event_learned_qr,4453,3,111,4,4,1.004645682140835,0.2320778831906754
43003,oracle_event_learned_qr,4453,3,111,8,8,0.7639594382774862,0.12468398198606974
43003,oracle_event_learned_qr,4453,3,111,16,10,0.7013352494938184,0.09985358127970748
43003,oracle_event_learned_qr,4464,3,111,1,1,0.3913796184565895,0.015678300140818925
43003,oracle_event_learned_qr,4464,3,111,4,4,0.6407373467470706,0.219445358253865
43003,oracle_event_learned_qr,4464,3,111,8,8,0.7212284570146352,0.14303294419300838
43003,oracle_event_learned_qr,4464,3,111,16,16,0.7233608589437123,0.11671438102231772
43003,oracle_event_learned_qr,4485,3,111,1,1,1.41341691359243,0.012563918437468919
43003,oracle_event_learned_qr,4485,3,111,4,4,0.5652397264768689,0.01642520094562592
43003,oracle_event_learned_qr,4485,3,111,8,8,0.41826364010483574,0.013808033447487145
43003,oracle_event_learned_qr,4485,3,111,16,16,0.8736217887754715,0.03569429256462692
43003,oracle_event_learned_qr,4507,3,111,1,1,1.6919252155555033,0.054139081505343814
43003,oracle_event_learned_qr,4507,3,111,4,2,1.8967701680510993,0.03764662371907507
43003,oracle_event_learned_qr,4507,3,111,8,2,1.8967701680510993,0.03764662371907507
43003,oracle_event_learned_qr,4507,3,111,16,2,1.8967701680510993,0.03764662371907507
43003,oracle_event_learned_qr,4510,3,111,1,1,1.1100777210060688,0.0014435063721809746
43003,oracle_event_learned_qr,4510,3,111,4,4,1.0652854609070137,0.11088258057111952
43003,oracle_event_learned_qr,4510,3,111,8,8,0.9658479558196995,0.14651532841206652
43003,oracle_event_learned_qr,4510,3,111,16,16,0.8605223454777382,0.13107433730474308
43003,oracle_event_learned_qr,4543,3,111,1,1,3.2406785582684963,0.007765059559012547
43003,oracle_event_learned_qr,4543,3,111,4,4,1.1783880423316537,0.007030449048525196
43003,oracle_event_learned_qr,4543,3,111,8,8,0.839404498117442,0.04887320428522566
43003,oracle_event_learned_qr,4543,3,111,16,16,0.693793048229016,0.09421495971724889
43003,oracle_event_learned_qr,4567,3,111,1,1,1.0267120101602245,0.0007487424339121981
43003,oracle_event_learned_qr,4567,3,111,4,4,0.8197319878480924,0.09931237383574594
43003,oracle_event_learned_qr,4567,3,111,8,8,0.6133623715318404,0.12624795368523978
43003,oracle_event_learned_qr,4567,3,111,16,16,0.9302513501217194,0.11411023361530243
43003,oracle_event_learned_qr,4584,3,111,1,1,1.594221718243449,0.09845932320368181
43003,oracle_event_learned_qr,4584,3,111,4,4,0.9163462075591672,0.06216324713805559
43003,oracle_event_learned_qr,4584,3,111,8,8,0.691148164769952,0.037363916894199885
43003,oracle_event_learned_qr,4584,3,111,16,16,0.6080704066973743,0.05690622815003883
43003,oracle_event_learned_qr,4604,3,111,1,1,3.2714578100197853,0.0705648620005794
43003,oracle_event_learned_qr,4604,3,111,4,3,1.6844266318086465,0.09977524170871505
43003,oracle_event_learned_qr,4604,3,111,8,3,1.6844266318086465,0.09977524170871505
43003,oracle_event_learned_qr,4604,3,111,16,3,1.6844266318086465,0.09977524170871505
43003,learned_event_oracle_qr,18,0,101,1,1,0.3760256457308411,0.030087851036390167
43003,learned_event_oracle_qr,18,0,101,4,4,0.47982130755261243,0.01665971850515858
43003,learned_event_oracle_qr,18,0,101,8,4,0.47982130755261243,0.01665971850515858
43003,learned_event_oracle_qr,18,0,101,16,4,0.47982130755261243,0.01665971850515858
43003,learned_event_oracle_qr,23,0,101,1,1,0.6985434875869061,0.005322216021819649
43003,learned_event_oracle_qr,23,0,101,4,4,0.48268352247930646,0.008175498859838742
43003,learned_event_oracle_qr,23,0,101,8,8,0.6388279224281562,0.013216709369478758
43003,learned_event_oracle_qr,23,0,101,16,16,0.5762557571714562,0.011323739944863027
43003,learned_event_oracle_qr,71,0,101,1,1,0.6255177601554366,0.08013994509466493
43003,learned_event_oracle_qr,71,0,101,4,4,0.8563562284962104,0.022778876422819578
43003,learned_event_oracle_qr,71,0,101,8,8,0.9483973704348954,0.02069671091186007
43003,learned_event_oracle_qr,71,0,101,16,16,0.7069382641911197,0.02862673793966515
43003,learned_event_oracle_qr,101,0,101,1,1,1.102246024963475,0.006885511881228311
43003,learned_event_oracle_qr,101,0,101,4,4,0.5106364573095618,0.005018687620067675
43003,learned_event_oracle_qr,101,0,101,8,8,0.5049060712166327,0.0036705871614423962
43003,learned_event_oracle_qr,101,0,101,16,16,0.45721495172257853,0.004237548612615227
43003,learned_event_oracle_qr,236,0,101,1,1,1.4788689332224743,0.09122736984351382
43003,learned_event_oracle_qr,236,0,101,4,4,0.8373909548395094,0.04462655704136079
43003,learned_event_oracle_qr,236,0,101,8,8,0.5592551812135501,0.029740953179064854
43003,learned_event_oracle_qr,236,0,101,16,16,0.7764651356756922,0.025675578594794083
43003,learned_event_oracle_qr,266,0,101,1,1,0.3785520448497242,0.05495322123191586
43003,learned_event_oracle_qr,266,0,101,4,4,1.2629994093150088,0.14130016119209926
43003,learned_event_oracle_qr,266,0,101,8,8,0.8916320558755332,0.14111869578814476
43003,learned_event_oracle_qr,266,0,101,16,16,1.149695190341739,0.09721883910363255
43003,learned_event_oracle_qr,285,0,101,1,1,0.7094371250158573,0.176767162320852
43003,learned_event_oracle_qr,285,0,101,4,3,0.7755083157927912,0.10199724547512116
43003,learned_event_oracle_qr,285,0,101,8,3,0.7755083157927912,0.10199724547512116
43003,learned_event_oracle_qr,285,0,101,16,3,0.7755083157927912,0.10199724547512116
43003,learned_event_oracle_qr,289,0,111,1,1,0.7298921081321037,0.26101162964772506
43003,learned_event_oracle_qr,289,0,111,4,4,0.579815447079307,0.11189815834490953
43003,learned_event_oracle_qr,289,0,111,8,8,0.7413689272865289,0.07301449498084375
43003,learned_event_oracle_qr,289,0,111,16,8,0.7413689272865289,0.07301449498084375
43003,learned_event_oracle_qr,298,0,111,1,1,2.481242944259901,0.7658313765133871
43003,learned_event_oracle_qr,298,0,111,4,4,1.3712999111599147,0.2754834923853181
43003,learned_event_oracle_qr,298,0,111,8,8,1.1158397745232518,0.13992833869545598
43003,learned_event_oracle_qr,298,0,111,16,16,0.9201550105792099,0.10950204382831016
43003,learned_event_oracle_qr,327,0,111,1,1,1.257965520935669,0.4056220873590844
43003,learned_event_oracle_qr,327,0,111,4,4,1.057784014178874,0.13007044078762522
43003,learned_event_oracle_qr,327,0,111,8,8,1.0431015244103592,0.0961222796158085
43003,learned_event_oracle_qr,327,0,111,16,16,0.946883576030494,0.07375385834324821
43003,learned_event_oracle_qr,356,0,111,1,1,0.6036362172563902,0.14731513636725602
43003,learned_event_oracle_qr,356,0,111,4,4,0.7086080608526251,0.1406891100417393
43003,learned_event_oracle_qr,356,0,111,8,8,1.1572881949317693,0.08243974259503259
43003,learned_event_oracle_qr,356,0,111,16,16,1.134773296383691,0.10678103569214963
43003,learned_event_oracle_qr,386,0,110,1,1,-0.4673506070544548,0.01018751463755939
43003,learned_event_oracle_qr,386,0,110,4,4,0.03643801221514972,0.007152464383099777
43003,learned_event_oracle_qr,386,0,110,8,8,0.0013975185985213162,0.010151144527708673
43003,learned_event_oracle_qr,386,0,110,16,16,0.09769889982631527,0.006971293620174025
43003,learned_event_oracle_qr,416,0,110,1,1,0.09977383570145602,0.003946352315692458
43003,learned_event_oracle_qr,416,0,110,4,4,-0.15307065071260106,0.00915905722938846
43003,learned_event_oracle_qr,416,0,110,8,8,-0.19123035963306717,0.00821890485234848
43003,learned_event_oracle_qr,416,0,110,16,16,-0.26860279194431635,0.00566062280737944
43003,learned_event_oracle_qr,448,0,110,1,1,1.7758585775884845,0.011883486516308708
43003,learned_event_oracle_qr,448,0,110,4,4,0.44180209330599435,0.00991511762863031
43003,learned_event_oracle_qr,448,0,110,8,6,0.2121999918290084,0.008651216609601001
43003,learned_event_oracle_qr,448,0,110,16,6,0.2121999918290084,0.008651216609601001
43003,learned_event_oracle_qr,455,0,110,1,1,-0.30221984049691625,0.003729151358887415
43003,learned_event_oracle_qr,455,0,110,4,4,-0.32815027732819924,0.0032314096719298115
43003,learned_event_oracle_qr,455,0,110,8,8,0.022593895683574283,0.0038461390828920597
43003,learned_event_oracle_qr,455,0,110,16,16,0.0131407249779764,0.006303623944851151
43003,learned_event_oracle_qr,497,0,110,1,1,-0.20533304474966707,0.03726338967317005
43003,learned_event_oracle_qr,497,0,110,4,4,-0.1639482652188668,0.011832807636536302
43003,learned_event_oracle_qr,497,0,110,8,8,0.10764556752467823,0.0070539837294268486
43003,learned_event_oracle_qr,497,0,110,16,9,0.04290755641518503,0.012175877439843753
43003,learned_event_oracle_qr,507,0,110,1,1,-0.4588971126332122,0.0014292853754555059
43003,learned_event_oracle_qr,507,0,110,4,4,-0.3663668852272156,0.002097602861651949
43003,learned_event_oracle_qr,507,0,110,8,8,0.22282738541621555,0.0630891854383366
43003,learned_event_oracle_qr,507,0,110,16,16,0.5223181510540874,0.07496315720138211
43003,learned_event_oracle_qr,640,0,110,1,1,-0.1640260639009884,0.003679906600134603
43003,learned_event_oracle_qr,640,0,110,4,4,0.04291860222573782,0.012325719078075226
43003,learned_event_oracle_qr,640,0,110,8,4,0.04291860222573782,0.012325719078075226
43003,learned_event_oracle_qr,640,0,110,16,4,0.04291860222573782,0.012325719078075226
43003,learned_event_oracle_qr,645,0,110,1,1,-0.4066204343868147,0.028329914419904727
43003,learned_event_oracle_qr,645,0,110,4,4,0.02347939667138798,0.01459891484030263
43003,learned_event_oracle_qr,645,0,110,8,8,-0.19486851983163064,0.008407222718257258
43003,learned_event_oracle_qr,645,0,110,16,9,-0.06348921992915657,0.008870937392716414
43003,learned_event_oracle_qr,655,0,110,1,1,-0.19580555358733334,0.004359154186660368
43003,learned_event_oracle_qr,655,0,110,4,4,-0.060142440870244285,0.009403733761827958
43003,learned_event_oracle_qr,655,0,110,8,8,0.33554057964585465,0.013565771523812178
43003,learned_event_oracle_qr,655,0,110,16,16,0.2588050420685126,0.008299552807265307
43003,learned_event_oracle_qr,718,0,111,1,1,0.5307707045178909,0.3770774229005547
43003,learned_event_oracle_qr,718,0,111,4,4,0.7568737080458651,0.09731183806433785
43003,learned_event_oracle_qr,718,0,111,8,8,0.7062409830135503,0.07437802677480637
43003,learned_event_oracle_qr,718,0,111,16,16,0.8519554925758733,0.05503715021205759
43003,learned_event_oracle_qr,756,0,111,1,1,0.40639659532800165,0.032220546722743625
43003,learned_event_oracle_qr,756,0,111,4,4,0.3947089570170554,0.034835179857998215
43003,learned_event_oracle_qr,756,0,111,8,8,0.45642055036578955,0.025806361995064975
43003,learned_event_oracle_qr,756,0,111,16,16,0.4499569666123978,0.021999644596965094
43003,learned_event_oracle_qr,776,0,110,1,1,-0.28177122046912967,0.0005814189281970823
43003,learned_event_oracle_qr,776,0,110,4,4,0.07429233469912064,0.012007412327989325
43003,learned_event_oracle_qr,776,0,110,8,6,-0.06548391264910507,0.010561435621662752
43003,learned_event_oracle_qr,776,0,110,16,6,-0.06548391264910507,0.010561435621662752
43003,learned_event_oracle_qr,783,0,110,1,1,-0.37320204649632394,0.00022485581256926747
43003,learned_event_oracle_qr,783,0,110,4,3,-0.029973634056647925,0.0010512758284335212
43003,learned_event_oracle_qr,783,0,110,8,3,-0.029973634056647925,0.0010512758284335212
43003,learned_event_oracle_qr,783,0,110,16,3,-0.029973634056647925,0.0010512758284335212
43003,learned_event_oracle_qr,787,0,110,1,1,-0.3837663409860465,0.0016039756464913985
43003,learned_event_oracle_qr,787,0,110,4,4,-0.03319277933117963,0.010252468681083031
43003,learned_event_oracle_qr,787,0,110,8,8,-0.07075547654100983,0.012238176627687385
43003,learned_event_oracle_qr,787,0,110,16,16,-0.11677057839452172,0.011185873548327029
43003,learned_event_oracle_qr,828,0,110,1,1,0.8793771606424142,0.007213089138560459
43003,learned_event_oracle_qr,828,0,110,4,2,0.42563860793306796,0.004694732526150642
43003,learned_event_oracle_qr,828,0,110,8,2,0.42563860793306796,0.004694732526150642
43003,learned_event_oracle_qr,828,0,110,16,2,0.42563860793306796,0.004694732526150642
43003,learned_event_oracle_qr,831,0,110,1,1,-0.4572211860780898,0.0019356248936977035
43003,learned_event_oracle_qr,831,0,110,4,4,0.42931837975604714,0.012827043938856107
43003,learned_event_oracle_qr,831,0,110,8,8,0.12031224039058844,0.010724105899867787
43003,learned_event_oracle_qr,831,0,110,16,15,0.2006902316326859,0.010810842596354488
43003,learned_event_oracle_qr,848,0,110,1,1,0.535817831577364,0.01265118498020663
43003,learned_event_oracle_qr,848,0,110,4,4,0.11331066083792803,0.013835048232269097
43003,learned_event_oracle_qr,848,0,110,8,8,0.4291800475926632,0.011276740505017065
43003,learned_event_oracle_qr,848,0,110,16,9,0.3309026960892624,0.010386791043027302
43003,learned_event_oracle_qr,858,0,110,1,1,0.3688165464484281,0.0007195219319805256
43003,learned_event_oracle_qr,858,0,110,4,3,0.46627101362596474,0.002066068857267661
43003,learned_event_oracle_qr,858,0,110,8,3,0.46627101362596474,0.002066068857267661
43003,learned_event_oracle_qr,858,0,110,16,3,0.46627101362596474,0.002066068857267661
43003,learned_event_oracle_qr,862,0,110,1,1,0.592610349533767,0.005778060327992327
43003,learned_event_oracle_qr,862,0,110,4,4,0.534279054968768,0.0015049483805417163
43003,learned_event_oracle_qr,862,0,110,8,8,0.3520899252759988,0.009492350344325126
43003,learned_event_oracle_qr,862,0,110,16,16,0.5167266678571572,0.010363268758941717
43003,learned_event_oracle_qr,921,0,101,1,1,0.3836925227805185,0.00017195922287688544
43003,learned_event_oracle_qr,921,0,101,4,4,0.36801006990819324,0.0007657493093360754
43003,learned_event_oracle_qr,921,0,101,8,8,0.34118727663804616,0.0023430992821759787
43003,learned_event_oracle_qr,921,0,101,16,16,0.5789741209502656,0.004703807181012969
43003,learned_event_oracle_qr,945,0,101,1,1,2.4620149568229346,0.03661774070567158
43003,learned_event_oracle_qr,945,0,101,4,4,1.1678767368407819,0.01741744098869094
43003,learned_event_oracle_qr,945,0,101,8,8,0.7978874276610666,0.0232544479479843
43003,learned_event_oracle_qr,945,0,101,16,16,0.742175736589347,0.027359450789283327
43003,learned_event_oracle_qr,1039,0,111,1,1,1.9849368546614121,0.006978467213194399
43003,learned_event_oracle_qr,1039,0,111,4,4,1.1415694704796953,0.007656302626144997
43003,learned_event_oracle_qr,1039,0,111,8,5,1.1653645016398209,0.006321171107714322
43003,learned_event_oracle_qr,1039,0,111,16,5,1.1653645016398209,0.006321171107714322
43003,learned_event_oracle_qr,1045,0,111,1,1,1.4205630938121405,0.04927198389672184
43003,learned_event_oracle_qr,1045,0,111,4,4,1.0967180315545109,0.0591015608513223
43003,learned_event_oracle_qr,1045,0,111,8,7,1.1742007075948588,0.04773966787363797
43003,learned_event_oracle_qr,1045,0,111,16,7,1.1742007075948588,0.04773966787363797
43003,learned_event_oracle_qr,1053,0,111,1,1,0.32702938601097464,0.15505922264988065
43003,learned_event_oracle_qr,1053,0,111,4,4,0.5406133421363153,0.11645733681692916
43003,learned_event_oracle_qr,1053,0,111,8,8,1.0689670568289422,0.11548505924122912
43003,learned_event_oracle_qr,1053,0,111,16,16,0.9179981269154529,0.1358776479427337
43003,learned_event_oracle_qr,1075,0,111,1,1,0.5117267380033518,0.0062694364726588415
43003,learned_event_oracle_qr,1075,0,111,4,4,0.4879030085383788,0.07194865960926015
43003,learned_event_oracle_qr,1075,0,111,8,7,1.0073748759598582,0.08784775906602924
43003,learned_event_oracle_qr,1075,0,111,16,7,1.0073748759598582,0.08784775906602924
43003,learned_event_oracle_qr,1083,0,111,1,1,1.087737738782439,0.0030190090999817117
43003,learned_event_oracle_qr,1083,0,111,4,4,0.7286537496362888,0.008080935959207333
43003,learned_event_oracle_qr,1083,0,111,8,8,0.7087915822505344,0.02043921465722865
43003,learned_event_oracle_qr,1083,0,111,16,16,0.7885823446889124,0.016763093465446032
43003,learned_event_oracle_qr,1179,1,101,1,1,0.5562343816545964,0.0002564057060987454
43003,learned_event_oracle_qr,1179,1,101,4,4,0.34624615014968213,0.00864711682749236
43003,learned_event_oracle_qr,1179,1,101,8,5,0.6415334861264996,0.012079212211660851
43003,learned_event_oracle_qr,1179,1,101,16,5,0.6415334861264996,0.012079212211660851
43003,learned_event_oracle_qr,1185,1,101,1,1,0.47425642247525523,0.0635709817509314
43003,learned_event_oracle_qr,1185,1,101,4,4,0.614866512516454,0.043773193970615236
43003,learned_event_oracle_qr,1185,1,101,8,8,0.5957073275458586,0.029955854656102635
43003,learned_event_oracle_qr,1185,1,101,16,16,0.47225511293756234,0.020307753823860443
43003,learned_event_oracle_qr,1212,1,101,1,1,1.5036180721008363,0.007876211674414501
43003,learned_event_oracle_qr,1212,1,101,4,4,1.0355629261814088,0.011790719288339075
43003,learned_event_oracle_qr,1212,1,101,8,8,1.0721382162034718,0.017738803389833965
43003,learned_event_oracle_qr,1212,1,101,16,13,0.7821666948456153,0.02441534763465555
43003,learned_event_oracle_qr,1226,1,101,1,1,0.41907447202075876,0.050411223884580365
43003,learned_event_oracle_qr,1226,1,101,4,4,0.7252621600319415,0.044995756003048754
43003,learned_event_oracle_qr,1226,1,101,8,8,0.8760298859179636,0.0329845749577198
43003,learned_event_oracle_qr,1226,1,101,16,16,0.7748331806999849,0.018975942585344595
43003,learned_event_oracle_qr,1254,1,101,1,1,1.0651259732600757,0.06643559975078078
43003,learned_event_oracle_qr,1254,1,101,4,4,0.7097341218658686,0.04623773554828232
43003,learned_event_oracle_qr,1254,1,101,8,8,0.5453721932924267,0.03271467718135146
43003,learned_event_oracle_qr,1254,1,101,16,16,0.4571362825888681,0.01790084278658867
43003,learned_event_oracle_qr,1432,1,101,1,1,0.6528203648411948,0.019092492357152716
43003,learned_event_oracle_qr,1432,1,101,4,3,0.7606884595029962,0.00873785176655375
43003,learned_event_oracle_qr,1432,1,101,8,3,0.7606884595029962,0.00873785176655375
43003,learned_event_oracle_qr,1432,1,101,16,3,0.7606884595029962,0.00873785176655375
43003,learned_event_oracle_qr,1436,1,101,1,1,0.3730473758564595,0.009609974644069798
43003,learned_event_oracle_qr,1436,1,101,4,4,0.6636331929527302,0.005660585945841686
43003,learned_event_oracle_qr,1436,1,101,8,6,0.558189178596454,0.004041898917663092
43003,learned_event_oracle_qr,1436,1,101,16,6,0.558189178596454,0.004041898917663092
43003,learned_event_oracle_qr,1443,1,101,1,1,1.3016800820566532,0.044202628334634134
43003,learned_event_oracle_qr,1443,1,101,4,4,0.5838308033663989,0.0388134628051844
43003,learned_event_oracle_qr,1443,1,101,8,8,0.4496484001013301,0.021837364414490308
43003,learned_event_oracle_qr,1443,1,101,16,9,0.42408735013748194,0.023462605192333185
43003,learned_event_oracle_qr,1453,1,101,1,1,0.17763670788175595,0.027923024669281274
43003,learned_event_oracle_qr,1453,1,101,4,4,0.5481158760307947,0.028279369812373473
43003,learned_event_oracle_qr,1453,1,101,8,8,0.5752076940995552,0.02203643762528268
43003,learned_event_oracle_qr,1453,1,101,16,16,0.4089468079507952,0.01637763504613624
43003,learned_event_oracle_qr,1537,1,111,1,1,3.7513013717621893,0.7089033486486278
43003,learned_event_oracle_qr,1537,1,111,4,4,2.7769265177618214,0.21976161412284997
43003,learned_event_oracle_qr,1537,1,111,8,8,1.756758149621583,0.14962919348718823
43003,learned_event_oracle_qr,1537,1,111,16,16,1.1872571540800703,0.12921001827422762
43003,learned_event_oracle_qr,1604,1,110,1,1,-0.4714813835327508,3.505360993626593e-05
43003,learned_event_oracle_qr,1604,1,110,4,4,-0.28054093727537527,0.004475346917272492
43003,learned_event_oracle_qr,1604,1,110,8,4,-0.28054093727537527,0.004475346917272492
43003,learned_event_oracle_qr,1604,1,110,16,4,-0.28054093727537527,0.004475346917272492
43003,learned_event_oracle_qr,1609,1,110,1,1,-0.3821686437746533,3.0792776022852656e-06
43003,learned_event_oracle_qr,1609,1,110,4,4,-0.3305396436434759,0.001182091578033387
43003,learned_event_oracle_qr,1609,1,110,8,6,-0.3604869868656113,0.0016858751122688098
43003,learned_event_oracle_qr,1609,1,110,16,6,-0.3604869868656113,0.0016858751122688098
43003,learned_event_oracle_qr,1616,1,110,1,1,0.027990590109300904,0.0006390304284719496
43003,learned_event_oracle_qr,1616,1,110,4,4,-0.09294852537550191,0.011700775930355178
43003,learned_event_oracle_qr,1616,1,110,8,8,-0.1137801307704505,0.009503459625556633
43003,learned_event_oracle_qr,1616,1,110,16,16,-0.016995580347543532,0.007508670828436903
43003,learned_event_oracle_qr,1695,1,110,1,1,-0.4641500854491895,0.007028451002670655
43003,learned_event_oracle_qr,1695,1,110,4,4,0.14485632797678588,0.0019186123227546586
43003,learned_event_oracle_qr,1695,1,110,8,8,-0.06545975552384632,0.0031127852744446457
43003,learned_event_oracle_qr,1695,1,110,16,16,-0.017351636101829382,0.005080726559947547
43003,learned_event_oracle_qr,1714,1,110,1,1,-0.04738501569083272,0.10060589774450954
43003,learned_event_oracle_qr,1714,1,110,4,4,0.28583785866357664,0.04734095300254628
43003,learned_event_oracle_qr,1714,1,110,8,8,-0.0233835972163354,0.028506370903849623
43003,learned_event_oracle_qr,1714,1,110,16,15,-0.05434882464226233,0.01869446842963337
43003,learned_event_oracle_qr,1731,1,110,1,1,0.06715418603925917,0.0029147882129693372
43003,learned_event_oracle_qr,1731,1,110,4,4,-0.19715313606800136,0.0014960984259107415
43003,learned_event_oracle_qr,1731,1,110,8,8,-0.04541374513159134,0.009781200898368909
43003,learned_event_oracle_qr,1731,1,110,16,16,-0.12828447709539126,0.01148401965265184
43003,learned_event_oracle_qr,1761,1,110,1,1,-0.20000762863951949,2.661329643830379e-05
43003,learned_event_oracle_qr,1761,1,110,4,4,0.4256078367267887,0.011545243423907498
43003,learned_event_oracle_qr,1761,1,110,8,8,0.18041839949527858,0.007644644744852972
43003,learned_event_oracle_qr,1761,1,110,16,9,0.10693062698726939,0.006798644752027355
43003,learned_event_oracle_qr,1771,1,110,1,1,1.16083524299752,0.0028738149535492826
43003,learned_event_oracle_qr,1771,1,110,4,4,0.4350868329472729,0.003875112122292931
43003,learned_event_oracle_qr,1771,1,110,8,8,0.31635800597965796,0.003947766849195379
43003,learned_event_oracle_qr,1771,1,110,16,16,0.10596316029093189,0.005882905597141375
43003,learned_event_oracle_qr,1793,1,110,1,1,-0.33956285189037483,0.0038307150223203974
43003,learned_event_oracle_qr,1793,1,110,4,4,-0.176743985944829,0.011625557473437586
43003,learned_event_oracle_qr,1793,1,110,8,8,-0.03987652114105089,0.005980269647915133
43003,learned_event_oracle_qr,1793,1,110,16,16,-0.10937911832788585,0.004453065849670317
43003,learned_event_oracle_qr,1830,1,011,1,1,1.3340044830414297,0.17781171550930658
43003,learned_event_oracle_qr,1830,1,011,4,4,0.5836697938105307,0.20733942710758674
43003,learned_event_oracle_qr,1830,1,011,8,8,0.6796419194676072,0.11111180578326031
43003,learned_event_oracle_qr,1830,1,011,16,16,0.6607038410066254,0.08353966906851837
43003,learned_event_oracle_qr,1999,1,111,1,1,1.6106085333577829,0.21133531795069746
43003,learned_event_oracle_qr,1999,1,111,4,4,1.2682279709021276,0.09077275244435135
43003,learned_event_oracle_qr,1999,1,111,8,8,0.9187486257867035,0.05984848553189375
43003,learned_event_oracle_qr,1999,1,111,16,8,0.9187486257867035,0.05984848553189375
43003,learned_event_oracle_qr,2008,1,111,1,1,1.3105161274262447,0.00020620910702987756
43003,learned_event_oracle_qr,2008,1,111,4,4,1.0162924284115056,0.07577473475720799
43003,learned_event_oracle_qr,2008,1,111,8,8,0.7539670364430786,0.04776013121462064
43003,learned_event_oracle_qr,2008,1,111,16,16,0.8416924190517826,0.05362930907637517
43003,learned_event_oracle_qr,2036,1,111,1,1,0.5956171280033414,0.01751111802836732
43003,learned_event_oracle_qr,2036,1,111,4,1,0.5956171280033414,0.01751111802836732
43003,learned_event_oracle_qr,2036,1,111,8,1,0.5956171280033414,0.01751111802836732
43003,learned_event_oracle_qr,2036,1,111,16,1,0.5956171280033414,0.01751111802836732
43003,learned_event_oracle_qr,2038,1,111,1,1,0.5091067112503896,0.09683019974665522
43003,learned_event_oracle_qr,2038,1,111,4,4,0.790303442562839,0.041615247802014685
43003,learned_event_oracle_qr,2038,1,111,8,8,1.1319148371745003,0.08657453983201177
43003,learned_event_oracle_qr,2038,1,111,16,10,0.9627753749131326,0.07415241195390845
43003,learned_event_oracle_qr,2049,1,101,1,1,1.1218685810224285,0.06673189125943012
43003,learned_event_oracle_qr,2049,1,101,4,4,0.49315307977220246,0.07125921260386156
43003,learned_event_oracle_qr,2049,1,101,8,8,0.3386633139533445,0.07219339573799098
43003,learned_event_oracle_qr,2049,1,101,16,16,0.5104775544573802,0.03881870909108312
43003,learned_event_oracle_qr,2067,1,101,1,1,2.3022174652126908,0.548631113645441
43003,learned_event_oracle_qr,2067,1,101,4,4,1.2904199283678064,0.307136360308382
43003,learned_event_oracle_qr,2067,1,101,8,8,1.5733964093179118,0.175544870023553
43003,learned_event_oracle_qr,2067,1,101,16,16,1.1920728556987936,0.11352940969826593
43003,learned_event_oracle_qr,2106,1,101,1,1,0.406129169061452,0.01148480694233744
43003,learned_event_oracle_qr,2106,1,101,4,1,0.406129169061452,0.01148480694233744
43003,learned_event_oracle_qr,2106,1,101,8,1,0.406129169061452,0.01148480694233744
43003,learned_event_oracle_qr,2106,1,101,16,1,0.406129169061452,0.01148480694233744
43003,learned_event_oracle_qr,2108,1,101,1,1,1.4410516769400525,0.004390092792562986
43003,learned_event_oracle_qr,2108,1,101,4,2,1.2269779612190232,0.010359902718635405
43003,learned_event_oracle_qr,2108,1,101,8,2,1.2269779612190232,0.010359902718635405
43003,learned_event_oracle_qr,2108,1,101,16,2,1.2269779612190232,0.010359902718635405
43003,learned_event_oracle_qr,2111,1,101,1,1,2.89644625986859,0.23762762800186563
43003,learned_event_oracle_qr,2111,1,101,4,4,1.3187727306705324,0.0838186923595409
43003,learned_event_oracle_qr,2111,1,101,8,4,1.3187727306705324,0.0838186923595409
43003,learned_event_oracle_qr,2111,1,101,16,4,1.3187727306705324,0.0838186923595409
43003,learned_event_oracle_qr,2116,1,101,1,1,2.8509344855377377,0.40911502126877597
43003,learned_event_oracle_qr,2116,1,101,4,4,2.0892786783144417,0.14244863359566293
43003,learned_event_oracle_qr,2116,1,101,8,8,1.1789375878999182,0.07694721872127329
43003,learned_event_oracle_qr,2116,1,101,16,16,0.7781666634700686,0.0629218956737997
43003,learned_event_oracle_qr,2142,1,101,1,1,0.6239600826927262,0.19056313372900188
43003,learned_event_oracle_qr,2142,1,101,4,4,0.5691259013729469,0.0751945638840594
43003,learned_event_oracle_qr,2142,1,101,8,8,0.8646521420391848,0.07397329390733126
43003,learned_event_oracle_qr,2142,1,101,16,16,0.9896380471527298,0.04862034776220857
43003,learned_event_oracle_qr,2168,1,111,1,1,0.9927584107426187,0.1682472167894467
43003,learned_event_oracle_qr,2168,1,111,4,1,0.9927584107426187,0.1682472167894467
43003,learned_event_oracle_qr,2168,1,111,8,1,0.9927584107426187,0.1682472167894467
43003,learned_event_oracle_qr,2168,1,111,16,1,0.9927584107426187,0.1682472167894467
43003,learned_event_oracle_qr,2170,1,111,1,1,0.6168995799682389,0.052128541175579524
43003,learned_event_oracle_qr,2170,1,111,4,4,0.5784890668342578,0.048109160506238494
43003,learned_event_oracle_qr,2170,1,111,8,8,0.5043519119824637,0.0342838793524011
43003,learned_event_oracle_qr,2170,1,111,16,12,0.8189444325882705,0.04539612652955021
43003,learned_event_oracle_qr,2183,1,111,1,1,0.5601380134075811,0.026095545799024903
43003,learned_event_oracle_qr,2183,1,111,4,4,0.7775760595189611,0.022356172688080676
43003,learned_event_oracle_qr,2183,1,111,8,8,0.7394840250884009,0.13351135109476986
43003,learned_event_oracle_qr,2183,1,111,16,12,0.8091544338590335,0.1776409639859681
43003,learned_event_oracle_qr,2196,1,111,1,1,0.4284206975376163,0.09737027487922399
43003,learned_event_oracle_qr,2196,1,111,4,4,0.5560185121133154,0.03021283753167562
43003,learned_event_oracle_qr,2196,1,111,8,8,0.6323270672980585,0.02260588177850765
43003,learned_event_oracle_qr,2196,1,111,16,10,0.9781700934316577,0.04137720933167886
43003,learned_event_oracle_qr,2207,1,111,1,1,0.7674535981427082,0.001746577311416359
43003,learned_event_oracle_qr,2207,1,111,4,2,0.5395276659059266,0.01689160472731837
43003,learned_event_oracle_qr,2207,1,111,8,2,0.5395276659059266,0.01689160472731837
43003,learned_event_oracle_qr,2207,1,111,16,2,0.5395276659059266,0.01689160472731837
43003,learned_event_oracle_qr,2210,1,111,1,1,0.6852379387940024,0.04622373096321338
43003,learned_event_oracle_qr,2210,1,111,4,4,0.5746946191525525,0.017443747391763617
43003,learned_event_oracle_qr,2210,1,111,8,8,0.564635559494306,0.013236895163420439
43003,learned_event_oracle_qr,2210,1,111,16,16,0.8521530916864446,0.06271491119015818
43003,learned_event_oracle_qr,2280,1,110,1,1,0.27222733639886443,0.0011317413324581456
43003,learned_event_oracle_qr,2280,1,110,4,4,0.06273269232682023,0.0036881950732756135
43003,learned_event_oracle_qr,2280,1,110,8,8,0.07908208990958501,0.003308225544427352
43003,learned_event_oracle_qr,2280,1,110,16,16,-0.07371485839414835,0.006454793948013391
43003,learned_event_oracle_qr,2306,2,111,1,1,0.3480089261624868,0.05638613238834044
43003,learned_event_oracle_qr,2306,2,111,4,4,0.7596925925960198,0.06455797125913458
43003,learned_event_oracle_qr,2306,2,111,8,8,0.7074662416860837,0.04358484090710688
43003,learned_event_oracle_qr,2306,2,111,16,16,0.5892513491768705,0.0541048711213719
43003,learned_event_oracle_qr,2339,2,111,1,1,0.3657892136061093,0.27981928829283254
43003,learned_event_oracle_qr,2339,2,111,4,4,0.9225878258882567,0.07790464920303591
43003,learned_event_oracle_qr,2339,2,111,8,5,1.0551075451322642,0.06683307503204416
43003,learned_event_oracle_qr,2339,2,111,16,5,1.0551075451322642,0.06683307503204416
43003,learned_event_oracle_qr,2345,2,111,1,1,0.9018673841805649,0.07498674635446644
43003,learned_event_oracle_qr,2345,2,111,4,4,0.6849396899777225,0.2564622823899265
43003,learned_event_oracle_qr,2345,2,111,8,8,0.5958643957620833,0.1726048583341541
43003,learned_event_oracle_qr,2345,2,111,16,16,0.531239058621545,0.11824592526928536
43003,learned_event_oracle_qr,2640,2,111,1,1,0.42256848278530157,0.0009293755686497658
43003,learned_event_oracle_qr,2640,2,111,4,4,0.40046942214540093,0.09995185154156697
43003,learned_event_oracle_qr,2640,2,111,8,8,0.3944040045741516,0.06502351833913594
43003,learned_event_oracle_qr,2640,2,111,16,16,0.6166679341095633,0.07915899089948916
43003,learned_event_oracle_qr,2661,2,111,1,1,1.865623448573604,0.42732317130250347
43003,learned_event_oracle_qr,2661,2,111,4,4,1.4085248767295622,0.1493017848072176
43003,learned_event_oracle_qr,2661,2,111,8,8,1.003772378606802,0.09069361771775525
43003,learned_event_oracle_qr,2661,2,111,16,13,0.8162067817789729,0.07448840714628749
43003,learned_event_oracle_qr,2675,2,111,1,1,0.8266310179257306,0.16483087615432293
43003,learned_event_oracle_qr,2675,2,111,4,4,0.8134294925378704,0.05422609018687498
43003,learned_event_oracle_qr,2675,2,111,8,8,0.8674474708866797,0.159739266715893
43003,learned_event_oracle_qr,2675,2,111,16,16,0.7822756134024129,0.11783739331652175
43003,learned_event_oracle_qr,2718,2,111,1,1,0.5819465931763304,0.014289169732111667
43003,learned_event_oracle_qr,2718,2,111,4,4,0.6647104198293009,0.014660470532951888
43003,learned_event_oracle_qr,2718,2,111,8,8,0.42262665266544763,0.008030309810266409
43003,learned_event_oracle_qr,2718,2,111,16,16,0.4315518845324148,0.01399256888927218
43003,learned_event_oracle_qr,2758,2,101,1,1,0.7507495395180134,0.05762938292825906
43003,learned_event_oracle_qr,2758,2,101,4,4,1.2383400677183571,0.041360856755236756
43003,learned_event_oracle_qr,2758,2,101,8,7,0.8825969005225055,0.024633590795463726
43003,learned_event_oracle_qr,2758,2,101,16,7,0.8825969005225055,0.024633590795463726
43003,learned_event_oracle_qr,2766,2,101,1,1,0.49347842103141615,0.017139712229495792
43003,learned_event_oracle_qr,2766,2,101,4,4,0.33027817173941004,0.011151108484836825
43003,learned_event_oracle_qr,2766,2,101,8,7,0.3365607951011515,0.007075201528971344
43003,learned_event_oracle_qr,2766,2,101,16,7,0.3365607951011515,0.007075201528971344
43003,learned_event_oracle_qr,2774,2,101,1,1,1.1288752929054018,0.5849486204163341
43003,learned_event_oracle_qr,2774,2,101,4,4,0.9737811412325718,0.3082494503781318
43003,learned_event_oracle_qr,2774,2,101,8,8,0.7140139095062578,0.20323799281482358
43003,learned_event_oracle_qr,2774,2,101,16,10,0.6317122919842517,0.16673964416130535
43003,learned_event_oracle_qr,2785,2,101,1,1,0.3583047181255323,0.047633523976035805
43003,learned_event_oracle_qr,2785,2,101,4,4,0.3753818012485933,0.030716782125282487
43003,learned_event_oracle_qr,2785,2,101,8,7,0.27235701117304983,0.023151933591830452
43003,learned_event_oracle_qr,2785,2,101,16,7,0.27235701117304983,0.023151933591830452
43003,learned_event_oracle_qr,2793,2,101,1,1,0.6340420281105444,0.00026386596625229737
43003,learned_event_oracle_qr,2793,2,101,4,4,0.3006416334948566,0.002936278337870395
43003,learned_event_oracle_qr,2793,2,101,8,8,0.3073944517273645,0.0051706709345764835
43003,learned_event_oracle_qr,2793,2,101,16,16,0.41470431012738346,0.004737451665943306
43003,learned_event_oracle_qr,2817,2,101,1,1,0.6522935300358728,0.103463531248215
43003,learned_event_oracle_qr,2817,2,101,4,4,0.6442345795404463,0.0381234221517418
43003,learned_event_oracle_qr,2817,2,101,8,4,0.6442345795404463,0.0381234221517418
43003,learned_event_oracle_qr,2817,2,101,16,4,0.6442345795404463,0.0381234221517418
43003,learned_event_oracle_qr,2822,2,101,1,1,0.9061413761607449,0.0008717874306630231
43003,learned_event_oracle_qr,2822,2,101,4,4,0.36672491841733024,0.001446440221067489
43003,learned_event_oracle_qr,2822,2,101,8,8,0.2471896411408543,0.001131933945373871
43003,learned_event_oracle_qr,2822,2,101,16,16,0.38272156012300507,0.0185122359195707
43003,learned_event_oracle_qr,2849,2,101,1,1,0.8597434493313142,0.0011766655094685567
43003,learned_event_oracle_qr,2849,2,101,4,4,0.5768546675765154,0.010716827165492828
43003,learned_event_oracle_qr,2849,2,101,8,8,0.6074399504130394,0.010548092156095284
43003,learned_event_oracle_qr,2849,2,101,16,11,0.7022063499480106,0.01413031601226073
43003,learned_event_oracle_qr,2861,2,101,1,1,0.80020314709364,0.02025574447821666
43003,learned_event_oracle_qr,2861,2,101,4,4,1.3107120636259046,0.03027154516471014
43003,learned_event_oracle_qr,2861,2,101,8,8,0.9237567644430299,0.03677109897073637
43003,learned_event_oracle_qr,2861,2,101,16,14,0.908645071988348,0.03596918935933207
43003,learned_event_oracle_qr,2876,2,101,1,1,0.8294781214758867,0.006322873333605397
43003,learned_event_oracle_qr,2876,2,101,4,4,0.5466071144360408,0.03180255607036827
43003,learned_event_oracle_qr,2876,2,101,8,8,0.7620567129194433,0.022872549897307203
43003,learned_event_oracle_qr,2876,2,101,16,16,0.6468537927792298,0.019317532904106205
43003,learned_event_oracle_qr,2910,2,101,1,1,0.8150925200487361,0.24456247919878477
43003,learned_event_oracle_qr,2910,2,101,4,4,0.5705722606158702,0.06755761430558785
43003,learned_event_oracle_qr,2910,2,101,8,8,1.0150905438047648,0.047148739443404517
43003,learned_event_oracle_qr,2910,2,101,16,16,0.8784214557500745,0.05996629703271001
43003,learned_event_oracle_qr,2966,2,111,1,1,0.7698513639528205,0.004936408570475223
43003,learned_event_oracle_qr,2966,2,111,4,4,0.5454284052502697,0.002055624397731045
43003,learned_event_oracle_qr,2966,2,111,8,6,0.49137779625105754,0.05988526747624453
43003,learned_event_oracle_qr,2966,2,111,16,6,0.49137779625105754,0.05988526747624453
43003,learned_event_oracle_qr,2974,2,111,1,1,0.4531647314377996,0.015225253223967037
43003,learned_event_oracle_qr,2974,2,111,4,4,0.4051817221435306,0.053879423791179964
43003,learned_event_oracle_qr,2974,2,111,8,8,0.6381783680739093,0.04464093870580668
43003,learned_event_oracle_qr,2974,2,111,16,16,0.6633544072041186,0.026764583669559174
43003,learned_event_oracle_qr,3014,2,111,1,1,2.4988741013749873,0.09591473167936067
43003,learned_event_oracle_qr,3014,2,111,4,4,2.081440401768776,0.051286262159268355
43003,learned_event_oracle_qr,3014,2,111,8,8,1.3280000582077294,0.03931670933385217
43003,learned_event_oracle_qr,3014,2,111,16,16,0.9987811431586968,0.03793712112011753
43003,learned_event_oracle_qr,3061,2,101,1,1,0.5838329151411316,0.08668121621620506
43003,learned_event_oracle_qr,3061,2,101,4,4,0.36526872990650183,0.0913394633700818
43003,learned_event_oracle_qr,3061,2,101,8,8,0.4998142975860381,0.053713596508336695
43003,learned_event_oracle_qr,3061,2,101,16,15,0.39985409137449207,0.041496503134039825
43003,learned_event_oracle_qr,3077,2,101,1,1,0.378518739322429,0.08079766295278294
43003,learned_event_oracle_qr,3077,2,101,4,4,0.4496975526948882,0.06403135722252193
43003,learned_event_oracle_qr,3077,2,101,8,4,0.4496975526948882,0.06403135722252193
43003,learned_event_oracle_qr,3077,2,101,16,4,0.4496975526948882,0.06403135722252193
43003,learned_event_oracle_qr,3082,2,101,1,1,0.4301550777382142,0.17945591759878074
43003,learned_event_oracle_qr,3082,2,101,4,4,0.9036943729195244,0.08514960487352162
43003,learned_event_oracle_qr,3082,2,101,8,8,0.6737665836329586,0.05297449397380623
43003,learned_event_oracle_qr,3082,2,101,16,12,0.6187811353439675,0.05040690803726178
43003,learned_event_oracle_qr,3096,2,101,1,1,1.8752559017689996,0.0173819802630042
43003,learned_event_oracle_qr,3096,2,101,4,4,0.6937855106993118,0.009180448115354213
43003,learned_event_oracle_qr,3096,2,101,8,8,0.5496427630501872,0.006281328398885937
43003,learned_event_oracle_qr,3096,2,101,16,16,0.43904006867372575,0.005347545695717444
43003,learned_event_oracle_qr,3134,2,101,1,1,0.5390794690785633,0.04659236349056851
43003,learned_event_oracle_qr,3134,2,101,4,4,0.6867940157227075,0.09503200821949298
43003,learned_event_oracle_qr,3134,2,101,8,8,0.6444239665267857,0.05271727431339478
43003,learned_event_oracle_qr,3134,2,101,16,16,0.691872771329018,0.035694171628815906
43003,learned_event_oracle_qr,3256,2,110,1,1,-0.4285290859822253,0.03366832865706935
43003,learned_event_oracle_qr,3256,2,110,4,1,-0.4285290859822253,0.03366832865706935
43003,learned_event_oracle_qr,3256,2,110,8,1,-0.4285290859822253,0.03366832865706935
43003,learned_event_oracle_qr,3256,2,110,16,1,-0.4285290859822253,0.03366832865706935
43003,learned_event_oracle_qr,3258,2,110,1,1,0.6242155078177221,0.003051493222873731
43003,learned_event_oracle_qr,3258,2,110,4,4,0.08667736031979738,0.012565851104990575
43003,learned_event_oracle_qr,3258,2,110,8,8,0.010869138668659836,0.015716495326044407
43003,learned_event_oracle_qr,3258,2,110,16,8,0.010869138668659836,0.015716495326044407
43003,learned_event_oracle_qr,3267,2,110,1,1,-0.44486106472535863,5.3320128452190705e-06
43003,learned_event_oracle_qr,3267,2,110,4,4,0.037533680611448794,0.005646446251381891
43003,learned_event_oracle_qr,3267,2,110,8,8,0.10357305021550983,0.004057606107914659
43003,learned_event_oracle_qr,3267,2,110,16,9,0.06720932720189009,0.0063006239376140255
43003,learned_event_oracle_qr,3277,2,110,1,1,-0.43243471253592086,8.005949555849914e-05
43003,learned_event_oracle_qr,3277,2,110,4,4,-0.4180714133990681,0.005141604631061437
43003,learned_event_oracle_qr,3277,2,110,8,8,-0.28395120958557424,0.008592161168391652
43003,learned_event_oracle_qr,3277,2,110,16,15,-0.2680201092237692,0.011072811409930324
43003,learned_event_oracle_qr,3293,2,110,1,1,1.3409238987168102,0.008248182272891565
43003,learned_event_oracle_qr,3293,2,110,4,4,0.04630493516232061,0.009040738916195059
43003,learned_event_oracle_qr,3293,2,110,8,4,0.04630493516232061,0.009040738916195059
43003,learned_event_oracle_qr,3293,2,110,16,4,0.04630493516232061,0.009040738916195059
43003,learned_event_oracle_qr,3298,2,110,1,1,1.382080733869441,0.000545004359846034
43003,learned_event_oracle_qr,3298,2,110,4,2,0.5723528721993612,0.0009692243740990032
43003,learned_event_oracle_qr,3298,2,110,8,2,0.5723528721993612,0.0009692243740990032
43003,learned_event_oracle_qr,3298,2,110,16,2,0.5723528721993612,0.0009692243740990032
43003,learned_event_oracle_qr,3301,2,110,1,1,-0.448460776212052,0.0032766011148764726
43003,learned_event_oracle_qr,3301,2,110,4,4,-0.19685292547221447,0.005295412368856039
43003,learned_event_oracle_qr,3301,2,110,8,8,-0.04555547117150494,0.005674034633592064
43003,learned_event_oracle_qr,3301,2,110,16,16,-0.14561887674051424,0.003995748394203881
43003,learned_event_oracle_qr,3319,2,110,1,1,-0.47688397399469984,0.006158424197349753
43003,learned_event_oracle_qr,3319,2,110,4,4,-0.06328150084126272,0.002240870433845913
43003,learned_event_oracle_qr,3319,2,110,8,8,0.03684986496199852,0.004617929636037772
43003,learned_event_oracle_qr,3319,2,110,16,15,-0.023413735550879538,0.007055685518584018
43003,learned_event_oracle_qr,3335,2,110,1,1,-0.35983642637461366,0.00015849094272728443
43003,learned_event_oracle_qr,3335,2,110,4,4,0.4575940741050866,0.008106547862832499
43003,learned_event_oracle_qr,3335,2,110,8,8,0.14348169084056167,0.008380983253140364
43003,learned_event_oracle_qr,3335,2,110,16,16,0.07129381024414798,0.006743343808937081
43003,learned_event_oracle_qr,3363,2,110,1,1,-0.39683447486744566,0.028421302984226748
43003,learned_event_oracle_qr,3363,2,110,4,4,-0.14553391582065955,0.008790456426755026
43003,learned_event_oracle_qr,3363,2,110,8,8,-0.03878885884408,0.007626726231271806
43003,learned_event_oracle_qr,3363,2,110,16,16,0.19067614389952886,0.00801450319510899
43003,learned_event_oracle_qr,3380,2,110,1,1,-0.4311843882585206,3.147603811402771e-05
43003,learned_event_oracle_qr,3380,2,110,4,4,0.2429430590702823,0.0056835258694752635
43003,learned_event_oracle_qr,3380,2,110,8,8,0.14287185970919347,0.0045856153440610135
43003,learned_event_oracle_qr,3380,2,110,16,16,-0.05966926478178543,0.004732934392486087
43003,learned_event_oracle_qr,3400,2,110,1,1,-0.2107721594382772,0.008074340376506265
43003,learned_event_oracle_qr,3400,2,110,4,1,-0.2107721594382772,0.008074340376506265
43003,learned_event_oracle_qr,3400,2,110,8,1,-0.2107721594382772,0.008074340376506265
43003,learned_event_oracle_qr,3400,2,110,16,1,-0.2107721594382772,0.008074340376506265
43003,learned_event_oracle_qr,3402,2,110,1,1,0.6819855529605465,0.0012479270976554757
43003,learned_event_oracle_qr,3402,2,110,4,4,0.21127292817315763,0.011764675307747717
43003,learned_event_oracle_qr,3402,2,110,8,8,0.13245762347902998,0.009638478053977466
43003,learned_event_oracle_qr,3402,2,110,16,16,0.06832720909336652,0.007222608900928274
43003,learned_event_oracle_qr,3426,2,110,1,1,-0.2532618522874704,3.929719506704686e-05
43003,learned_event_oracle_qr,3426,2,110,4,4,-0.27851078951602753,0.022445765274749684
43003,learned_event_oracle_qr,3426,2,110,8,6,0.14479092314589573,0.015016188917070497
43003,learned_event_oracle_qr,3426,2,110,16,6,0.14479092314589573,0.015016188917070497
43003,learned_event_oracle_qr,3433,2,110,1,1,0.47524802718573383,0.018519322858081916
43003,learned_event_oracle_qr,3433,2,110,4,4,0.017540602881398356,0.008677255395355708
43003,learned_event_oracle_qr,3433,2,110,8,8,0.45939784699471115,0.012095352104079343
43003,learned_event_oracle_qr,3433,2,110,16,16,0.23635833191944902,0.011024641507027486
43003,learned_event_oracle_qr,3463,3,101,1,1,5.247058234220942,0.08116597112121267
43003,learned_event_oracle_qr,3463,3,101,4,4,1.627205312412502,0.021061326633898477
43003,learned_event_oracle_qr,3463,3,101,8,8,0.8952993779498589,0.012145575633985592
43003,learned_event_oracle_qr,3463,3,101,16,8,0.8952993779498589,0.012145575633985592
43003,learned_event_oracle_qr,3472,3,101,1,1,3.6302926799470727,0.8802237258401278
43003,learned_event_oracle_qr,3472,3,101,4,1,3.6302926799470727,0.8802237258401278
43003,learned_event_oracle_qr,3472,3,101,8,1,3.6302926799470727,0.8802237258401278
43003,learned_event_oracle_qr,3472,3,101,16,1,3.6302926799470727,0.8802237258401278
43003,learned_event_oracle_qr,3474,3,101,1,1,0.8970012563181684,0.07181193707399647
43003,learned_event_oracle_qr,3474,3,101,4,4,0.49829740773737075,0.04908698049375035
43003,learned_event_oracle_qr,3474,3,101,8,8,0.4240241607641523,0.03467642137084771
43003,learned_event_oracle_qr,3474,3,101,16,16,0.798085194045681,0.02304685831921552
43003,learned_event_oracle_qr,3495,3,101,1,1,0.6632483963826469,0.3059869053498964
43003,learned_event_oracle_qr,3495,3,101,4,3,0.6484855100225435,0.33198774555904015
43003,learned_event_oracle_qr,3495,3,101,8,3,0.6484855100225435,0.33198774555904015
43003,learned_event_oracle_qr,3495,3,101,16,3,0.6484855100225435,0.33198774555904015
43003,learned_event_oracle_qr,3499,3,101,1,1,0.36289121850066575,0.010200696167020025
43003,learned_event_oracle_qr,3499,3,101,4,4,0.9321056227683191,0.02816506854432629
43003,learned_event_oracle_qr,3499,3,101,8,8,0.5942469044654077,0.02327356406605313
43003,learned_event_oracle_qr,3499,3,101,16,16,0.5714791764714667,0.014826507570781928
43003,learned_event_oracle_qr,3581,3,110,1,1,-0.47490690925858925,4.896283856728509e-06
43003,learned_event_oracle_qr,3581,3,110,4,4,-0.03849228994187248,0.013645994043846687
43003,learned_event_oracle_qr,3581,3,110,8,8,-0.009741796457352396,0.008501071334529391
43003,learned_event_oracle_qr,3581,3,110,16,9,-0.0025707844695861664,0.0075707939915262605
43003,learned_event_oracle_qr,3591,3,110,1,1,-0.2391701735844741,0.02462387792818043
43003,learned_event_oracle_qr,3591,3,110,4,4,-0.3412590732735033,0.011564410804534197
43003,learned_event_oracle_qr,3591,3,110,8,8,-0.39908235034056655,0.017613073277488175
43003,learned_event_oracle_qr,3591,3,110,16,16,-0.3484309724740494,0.011619168731925941
43003,learned_event_oracle_qr,3619,3,110,1,1,0.30376177131311716,0.0031180288307015155
43003,learned_event_oracle_qr,3619,3,110,4,4,0.6818372648214055,0.00601919765887383
43003,learned_event_oracle_qr,3619,3,110,8,8,0.5021665666253783,0.0042326793417535
43003,learned_event_oracle_qr,3619,3,110,16,16,0.17103121009108085,0.005276685901088452
43003,learned_event_oracle_qr,3655,3,111,1,1,0.8389575725251339,0.2617600129398384
43003,learned_event_oracle_qr,3655,3,111,4,3,1.0623069787597352,0.16755164037728268
43003,learned_event_oracle_qr,3655,3,111,8,3,1.0623069787597352,0.16755164037728268
43003,learned_event_oracle_qr,3655,3,111,16,3,1.0623069787597352,0.16755164037728268
43003,learned_event_oracle_qr,3659,3,111,1,1,0.8736314905997199,0.002174769164798274
43003,learned_event_oracle_qr,3659,3,111,4,4,0.46672626416495827,0.0030022421805535444
43003,learned_event_oracle_qr,3659,3,111,8,8,0.5475089805815537,0.020227107036128587
43003,learned_event_oracle_qr,3659,3,111,16,13,0.5403977562150928,0.041523248534864804
43003,learned_event_oracle_qr,3673,3,111,1,1,0.6516033870692184,0.012044800369827286
43003,learned_event_oracle_qr,3673,3,111,4,4,0.6326965010977855,0.02499547685157211
43003,learned_event_oracle_qr,3673,3,111,8,7,0.7926306889939179,0.057760710735316904
43003,learned_event_oracle_qr,3673,3,111,16,7,0.7926306889939179,0.057760710735316904
43003,learned_event_oracle_qr,3681,3,111,1,1,1.4213042174182404,0.006705199067978626
43003,learned_event_oracle_qr,3681,3,111,4,4,1.39754657224093,0.030681533262214452
43003,learned_event_oracle_qr,3681,3,111,8,8,1.2557396540692418,0.06317878594561846
43003,learned_event_oracle_qr,3681,3,111,16,16,0.9527437159557527,0.06656970931322939
43003,learned_event_oracle_qr,3706,3,111,1,1,1.1298809046287561,0.018406587307374628
43003,learned_event_oracle_qr,3706,3,111,4,2,2.560129936370488,0.15904262037330724
43003,learned_event_oracle_qr,3706,3,111,8,2,2.560129936370488,0.15904262037330724
43003,learned_event_oracle_qr,3706,3,111,16,2,2.560129936370488,0.15904262037330724
43003,learned_event_oracle_qr,3709,3,111,1,1,0.41691699315084796,0.06845644287272361
43003,learned_event_oracle_qr,3709,3,111,4,4,0.4078274770415008,0.09278383172116314
43003,learned_event_oracle_qr,3709,3,111,8,8,0.7270475576893594,0.11754711353223526
43003,learned_event_oracle_qr,3709,3,111,16,16,0.7255369871761775,0.0895367457606566
43003,learned_event_oracle_qr,3735,3,111,1,1,2.607334766221534,0.0693147476104455
43003,learned_event_oracle_qr,3735,3,111,4,4,0.9596124860247746,0.024955840983065667
43003,learned_event_oracle_qr,3735,3,111,8,4,0.9596124860247746,0.024955840983065667
43003,learned_event_oracle_qr,3735,3,111,16,4,0.9596124860247746,0.024955840983065667
43003,learned_event_oracle_qr,3740,3,111,1,1,1.734288285628585,0.09301563118690112
43003,learned_event_oracle_qr,3740,3,111,4,4,0.7292879365653245,0.09682923040486771
43003,learned_event_oracle_qr,3740,3,111,8,8,0.5415139961598465,0.049595288853566045
43003,learned_event_oracle_qr,3740,3,111,16,8,0.5415139961598465,0.049595288853566045
43003,learned_event_oracle_qr,3749,3,110,1,1,-0.47079574523214085,4.490511956995827e-05
43003,learned_event_oracle_qr,3749,3,110,4,4,-0.1997172331329699,0.0003272326011237134
43003,learned_event_oracle_qr,3749,3,110,8,8,-0.2716311767345082,0.0027276168773036134
43003,learned_event_oracle_qr,3749,3,110,16,11,-0.23977597176434626,0.0039402035362429135
43003,learned_event_oracle_qr,3761,3,110,1,1,-0.43146047089588463,0.039541730007308325
43003,learned_event_oracle_qr,3761,3,110,4,4,-0.199507449246953,0.011078707528182503
43003,learned_event_oracle_qr,3761,3,110,8,8,-0.10295791011787085,0.010101947703334911
43003,learned_event_oracle_qr,3761,3,110,16,10,-0.15902879203595663,0.009074017726599305
43003,learned_event_oracle_qr,3772,3,110,1,1,-0.31018537885556896,0.0029046223927915705
43003,learned_event_oracle_qr,3772,3,110,4,3,-0.12646947275413964,0.005560641989284259
43003,learned_event_oracle_qr,3772,3,110,8,3,-0.12646947275413964,0.005560641989284259
43003,learned_event_oracle_qr,3772,3,110,16,3,-0.12646947275413964,0.005560641989284259
43003,learned_event_oracle_qr,3776,3,110,1,1,0.3434516397144369,0.03342867850823507
43003,learned_event_oracle_qr,3776,3,110,4,4,0.2923445629033298,0.010680498507718092
43003,learned_event_oracle_qr,3776,3,110,8,8,0.21438999474882908,0.007464273747886866
43003,learned_event_oracle_qr,3776,3,110,16,16,-0.07382257739186092,0.005620228398289616
43003,learned_event_oracle_qr,3813,3,110,1,1,1.061358382236986,0.004887383389876311
43003,learned_event_oracle_qr,3813,3,110,4,4,0.6581636673889077,0.002563710668095771
43003,learned_event_oracle_qr,3813,3,110,8,8,0.34255932732197913,0.0015193971707568108
43003,learned_event_oracle_qr,3813,3,110,16,16,0.1266235330883393,0.004400349389487608
43003,learned_event_oracle_qr,3833,3,110,1,1,-0.27922267321679894,0.00040712006752128746
43003,learned_event_oracle_qr,3833,3,110,4,1,-0.27922267321679894,0.00040712006752128746
43003,learned_event_oracle_qr,3833,3,110,8,1,-0.27922267321679894,0.00040712006752128746
43003,learned_event_oracle_qr,3833,3,110,16,1,-0.27922267321679894,0.00040712006752128746
43003,learned_event_oracle_qr,3836,3,110,1,1,-0.45695645244962985,0.0009658494118150934
43003,learned_event_oracle_qr,3836,3,110,4,4,-0.35971574945871676,0.00802680611909436
43003,learned_event_oracle_qr,3836,3,110,8,8,-0.05803457316228748,0.01241202164966586
43003,learned_event_oracle_qr,3836,3,110,16,11,-0.09756787770149841,0.009441645563768654
43003,learned_event_oracle_qr,3848,3,110,1,1,-0.41572857637276844,0.0048296243537402665
43003,learned_event_oracle_qr,3848,3,110,4,4,0.05045342342070332,0.011771365655352502
43003,learned_event_oracle_qr,3848,3,110,8,8,-0.20304405093290004,0.007634157928377995
43003,learned_event_oracle_qr,3848,3,110,16,16,-0.10874013502474436,0.0056527969003134825
43003,learned_event_oracle_qr,3869,3,110,1,1,0.9701017586470391,0.0196587699335237
43003,learned_event_oracle_qr,3869,3,110,4,4,0.6681350213458919,0.006255943425827774
43003,learned_event_oracle_qr,3869,3,110,8,8,0.34345491715714105,0.012216958675957786
43003,learned_event_oracle_qr,3869,3,110,16,16,0.13973945801306503,0.009398853002767493
43003,learned_event_oracle_qr,3900,3,110,1,1,-0.35820045323815447,0.03293739640128645
43003,learned_event_oracle_qr,3900,3,110,4,4,-0.03043877464628704,0.011632299919793284
43003,learned_event_oracle_qr,3900,3,110,8,5,-0.05987927634148007,0.011019499538379501
43003,learned_event_oracle_qr,3900,3,110,16,5,-0.05987927634148007,0.011019499538379501
43003,learned_event_oracle_qr,3906,3,110,1,1,-0.3353220603851915,0.00400649376691437
43003,learned_event_oracle_qr,3906,3,110,4,4,-0.12504088072005734,0.0032371257529133215
43003,learned_event_oracle_qr,3906,3,110,8,7,-0.24204040903549467,0.005158551451018331
43003,learned_event_oracle_qr,3906,3,110,16,7,-0.24204040903549467,0.005158551451018331
43003,learned_event_oracle_qr,3914,3,110,1,1,-0.2813404855931976,0.007107196414490014
43003,learned_event_oracle_qr,3914,3,110,4,4,0.06493923921167875,0.006264455932141139
43003,learned_event_oracle_qr,3914,3,110,8,8,0.08069632835605292,0.00975802313378498
43003,learned_event_oracle_qr,3914,3,110,16,16,-0.06080183942161524,0.007984614368986623
43003,learned_event_oracle_qr,3970,3,101,1,1,0.4225308187975882,0.05393478288597074
43003,learned_event_oracle_qr,3970,3,101,4,4,0.8018472636825759,0.026912127755298824
43003,learned_event_oracle_qr,3970,3,101,8,8,0.6464273072659997,0.0352865194734865
43003,learned_event_oracle_qr,3970,3,101,16,9,0.7308458752154584,0.031432623118464516
43003,learned_event_oracle_qr,3980,3,101,1,1,0.5494661391956694,0.007976002416265546
43003,learned_event_oracle_qr,3980,3,101,4,4,0.8504376430464214,0.0156970783070766
43003,learned_event_oracle_qr,3980,3,101,8,8,0.8348555757661138,0.013075169855186598
43003,learned_event_oracle_qr,3980,3,101,16,10,1.0320667254808515,0.022208663656754713
43003,learned_event_oracle_qr,3991,3,101,1,1,2.139623682800794,0.06388472545683083
43003,learned_event_oracle_qr,3991,3,101,4,4,0.8957016426184174,0.07765766256161227
43003,learned_event_oracle_qr,3991,3,101,8,8,0.7954282408901396,0.06327026727291937
43003,learned_event_oracle_qr,3991,3,101,16,16,0.4832815444564348,0.03325530510777376
43003,learned_event_oracle_qr,4052,3,101,1,1,0.41532205192590077,0.6459854915207606
43003,learned_event_oracle_qr,4052,3,101,4,4,1.180482539925091,0.2786249854780332
43003,learned_event_oracle_qr,4052,3,101,8,8,0.8360808026409621,0.171502270577773
43003,learned_event_oracle_qr,4052,3,101,16,10,0.8115926134690928,0.14290031074831683
43003,learned_event_oracle_qr,4063,3,101,1,1,1.7749128902218239,0.052805493554815224
43003,learned_event_oracle_qr,4063,3,101,4,4,0.9729983562876855,0.04193830070765016
43003,learned_event_oracle_qr,4063,3,101,8,8,0.8736310961828728,0.032036226886633344
43003,learned_event_oracle_qr,4063,3,101,16,16,0.9831883064515881,0.0517810805936698
43003,learned_event_oracle_qr,4161,3,101,1,1,1.58699338221962,0.006078793244915789
43003,learned_event_oracle_qr,4161,3,101,4,3,0.781944287495822,0.0044736876449413664
43003,learned_event_oracle_qr,4161,3,101,8,3,0.781944287495822,0.0044736876449413664
43003,learned_event_oracle_qr,4161,3,101,16,3,0.781944287495822,0.0044736876449413664
43003,learned_event_oracle_qr,4165,3,101,1,1,0.5210662765380517,0.11591152610886217
43003,learned_event_oracle_qr,4165,3,101,4,4,1.094020098941817,0.054561527262292096
43003,learned_event_oracle_qr,4165,3,101,8,6,1.306943664351876,0.04084725284370213
43003,learned_event_oracle_qr,4165,3,101,16,6,1.306943664351876,0.04084725284370213
43003,learned_event_oracle_qr,4172,3,101,1,1,1.9426944545563714,0.0517947913133999
43003,learned_event_oracle_qr,4172,3,101,4,4,0.9083653285125073,0.01352294974566075
43003,learned_event_oracle_qr,4172,3,101,8,4,0.9083653285125073,0.01352294974566075
43003,learned_event_oracle_qr,4172,3,101,16,4,0.9083653285125073,0.01352294974566075
43003,learned_event_oracle_qr,4177,3,101,1,1,0.2594066456267229,0.2344948592221655
43003,learned_event_oracle_qr,4177,3,101,4,4,0.5364307688136145,0.1908752825121453
43003,learned_event_oracle_qr,4177,3,101,8,8,0.37190754106856505,0.11251118451088589
43003,learned_event_oracle_qr,4177,3,101,16,11,0.3578791720178222,0.08378554630973747
43003,learned_event_oracle_qr,4189,3,101,1,1,0.3709053802190905,0.08852022306751099
43003,learned_event_oracle_qr,4189,3,101,4,4,0.5199076352835218,0.025012936573428565
43003,learned_event_oracle_qr,4189,3,101,8,8,0.5289578026897015,0.013642462315680441
43003,learned_event_oracle_qr,4189,3,101,16,13,0.43986895177170215,0.030984152111252165
43003,learned_event_oracle_qr,4203,3,101,1,1,1.0475976944881995,0.03764673475608277
43003,learned_event_oracle_qr,4203,3,101,4,4,0.5067378759668566,0.030239430264450414
43003,learned_event_oracle_qr,4203,3,101,8,8,0.5895224765230929,0.056383771922214054
43003,learned_event_oracle_qr,4203,3,101,16,14,0.6297226340435184,0.037104886196544944
43003,learned_event_oracle_qr,4218,3,101,1,1,2.258352391212051,0.026838234146050657
43003,learned_event_oracle_qr,4218,3,101,4,4,1.0878407810259252,0.020672430309320807
43003,learned_event_oracle_qr,4218,3,101,8,8,0.787197217260698,0.04761893332403466
43003,learned_event_oracle_qr,4218,3,101,16,16,0.6483040439863382,0.04054473884693022
43003,learned_event_oracle_qr,4247,3,011,1,1,0.3679866434910374,0.005385316075043957
43003,learned_event_oracle_qr,4247,3,011,4,4,0.5841504673042242,0.16281650578659174
43003,learned_event_oracle_qr,4247,3,011,8,8,0.56887694055503,0.10151556088192037
43003,learned_event_oracle_qr,4247,3,011,16,16,0.559856373085543,0.06240376662208244
43003,learned_event_oracle_qr,4429,3,111,1,1,0.4715520318955232,0.03599507755804209
43003,learned_event_oracle_qr,4429,3,111,4,4,0.5737204784932954,0.025091455145937663
43003,learned_event_oracle_qr,4429,3,111,8,8,0.5917532061690884,0.022762999381759345
43003,learned_event_oracle_qr,4429,3,111,16,16,0.7087803722989664,0.03799296541756832
43003,learned_event_oracle_qr,4449,3,111,1,1,0.3241535129194227,0.15625178621721306
43003,learned_event_oracle_qr,4449,3,111,4,3,0.8802029749751497,0.23460232041633564
43003,learned_event_oracle_qr,4449,3,111,8,3,0.8802029749751497,0.23460232041633564
43003,learned_event_oracle_qr,4449,3,111,16,3,0.8802029749751497,0.23460232041633564
43003,learned_event_oracle_qr,4453,3,111,1,1,0.47170352000917226,0.43539826867494374
43003,learned_event_oracle_qr,4453,3,111,4,4,0.9257306895342383,0.24436511946607548
43003,learned_event_oracle_qr,4453,3,111,8,8,0.7394706212203559,0.12997795250694782
43003,learned_event_oracle_qr,4453,3,111,16,10,0.6893834742148461,0.10422324314131248
43003,learned_event_oracle_qr,4464,3,111,1,1,0.4673691963227653,0.016407024483270197
43003,learned_event_oracle_qr,4464,3,111,4,4,0.6638143809319137,0.21583981722134848
43003,learned_event_oracle_qr,4464,3,111,8,8,0.7122449601320326,0.1365860356401348
43003,learned_event_oracle_qr,4464,3,111,16,16,0.7227039522892489,0.11384906262077542
43003,learned_event_oracle_qr,4485,3,111,1,1,1.2849385650905814,0.008657967437504457
43003,learned_event_oracle_qr,4485,3,111,4,4,0.6110575852535776,0.014685136544802798
43003,learned_event_oracle_qr,4485,3,111,8,8,0.5098008981350066,0.012621993514433348
43003,learned_event_oracle_qr,4485,3,111,16,16,0.8482049450914553,0.03520813654021732
43003,learned_event_oracle_qr,4507,3,111,1,1,3.846959670038691,0.09407561693278485
43003,learned_event_oracle_qr,4507,3,111,4,2,3.1528280444601524,0.09152001782499032
43003,learned_event_oracle_qr,4507,3,111,8,2,3.1528280444601524,0.09152001782499032
43003,learned_event_oracle_qr,4507,3,111,16,2,3.1528280444601524,0.09152001782499032
43003,learned_event_oracle_qr,4510,3,111,1,1,0.4670522390572172,0.12240187797429991
43003,learned_event_oracle_qr,4510,3,111,4,4,1.0349770702367231,0.10257217937759266
43003,learned_event_oracle_qr,4510,3,111,8,8,0.895629282439312,0.1341034354182894
43003,learned_event_oracle_qr,4510,3,111,16,16,0.775004100789334,0.12494325636164155
43003,learned_event_oracle_qr,4543,3,111,1,1,2.906628434436692,0.0006042885473018951
43003,learned_event_oracle_qr,4543,3,111,4,4,1.074091272523253,0.0030062378216803884
43003,learned_event_oracle_qr,4543,3,111,8,8,0.7725530994772606,0.03940062535150256
43003,learned_event_oracle_qr,4543,3,111,16,16,0.6673672533360973,0.09039512072256428
43003,learned_event_oracle_qr,4567,3,111,1,1,2.4618407848030115,0.012720843259040137
43003,learned_event_oracle_qr,4567,3,111,4,4,1.146812331971935,0.08414416080134406
43003,learned_event_oracle_qr,4567,3,111,8,8,0.7840924863689288,0.12055576711270033
43003,learned_event_oracle_qr,4567,3,111,16,16,1.0207372897670202,0.10153678892424442
43003,learned_event_oracle_qr,4584,3,111,1,1,1.741183551606784,0.1388440379760105
43003,learned_event_oracle_qr,4584,3,111,4,4,0.9232433530194313,0.07536167684850163
43003,learned_event_oracle_qr,4584,3,111,8,8,0.662115006261342,0.04356316904195173
43003,learned_event_oracle_qr,4584,3,111,16,16,0.6006719664984628,0.061303608830072034
43003,learned_event_oracle_qr,4604,3,111,1,1,2.591041997389918,0.058892071370129584
43003,learned_event_oracle_qr,4604,3,111,4,3,1.3891459617649515,0.07139711189865298
43003,learned_event_oracle_qr,4604,3,111,8,3,1.3891459617649515,0.07139711189865298
43003,learned_event_oracle_qr,4604,3,111,16,3,1.3891459617649515,0.07139711189865298
43003,oracle_event_oracle_qr,18,0,101,1,1,0.3760275056685201,0.030070334452203744
43003,oracle_event_oracle_qr,18,0,101,4,4,0.47976563259048693,0.016639657649902502
43003,oracle_event_oracle_qr,18,0,101,8,4,0.47976563259048693,0.016639657649902502
43003,oracle_event_oracle_qr,18,0,101,16,4,0.47976563259048693,0.016639657649902502
43003,oracle_event_oracle_qr,23,0,101,1,1,0.5451555161103186,0.00602987509316035
43003,oracle_event_oracle_qr,23,0,101,4,4,0.4002206713827374,0.005410808655718413
43003,oracle_event_oracle_qr,23,0,101,8,8,0.651391409475296,0.008299215896443442
43003,oracle_event_oracle_qr,23,0,101,16,16,0.5706842548119219,0.0072046742148854145
43003,oracle_event_oracle_qr,71,0,101,1,1,0.8185828137202856,0.07595252739787497
43003,oracle_event_oracle_qr,71,0,101,4,4,0.759348664110392,0.10177311218260694
43003,oracle_event_oracle_qr,71,0,101,8,8,0.8345079056388089,0.05166648355320745
43003,oracle_event_oracle_qr,71,0,101,16,16,0.650077474588626,0.03335982127467477
43003,oracle_event_oracle_qr,101,0,101,1,1,1.1021826488544213,0.007076190880820034
43003,oracle_event_oracle_qr,101,0,101,4,4,0.5091524755889925,0.004964082545191172
43003,oracle_event_oracle_qr,101,0,101,8,8,0.504110682110092,0.0035882327649216757
43003,oracle_event_oracle_qr,101,0,101,16,16,0.4531809180101678,0.0039130574520050195
43003,oracle_event_oracle_qr,236,0,101,1,1,0.6906150331627676,0.09323925681262273
43003,oracle_event_oracle_qr,236,0,101,4,4,0.6215702868375175,0.050341585073987484
43003,oracle_event_oracle_qr,236,0,101,8,8,0.46458493117971644,0.03605534493988042
43003,oracle_event_oracle_qr,236,0,101,16,16,0.7359996960435868,0.033334951780461246
43003,oracle_event_oracle_qr,266,0,101,1,1,0.3784551622165309,0.05507816828941388
43003,oracle_event_oracle_qr,266,0,101,4,4,1.2546090408577208,0.15108303375640805
43003,oracle_event_oracle_qr,266,0,101,8,8,0.8794085938348148,0.15871589800666372
43003,oracle_event_oracle_qr,266,0,101,16,16,1.194206655637695,0.09737379961190834
43003,oracle_event_oracle_qr,285,0,101,1,1,0.6612546377823311,0.025064226198379624
43003,oracle_event_oracle_qr,285,0,101,4,3,0.6021947523324542,0.0296940737951199
43003,oracle_event_oracle_qr,285,0,101,8,3,0.6021947523324542,0.0296940737951199
43003,oracle_event_oracle_qr,285,0,101,16,3,0.6021947523324542,0.0296940737951199
43003,oracle_event_oracle_qr,289,0,111,1,1,0.7386329944786943,0.24373423865353475
43003,oracle_event_oracle_qr,289,0,111,4,4,0.5727485555137747,0.10666021629959571
43003,oracle_event_oracle_qr,289,0,111,8,8,0.7342267562932545,0.06955922018344834
43003,oracle_event_oracle_qr,289,0,111,16,8,0.7342267562932545,0.06955922018344834
43003,oracle_event_oracle_qr,298,0,111,1,1,0.7639893358852744,0.2982729729955104
43003,oracle_event_oracle_qr,298,0,111,4,4,0.7081953824108699,0.11243914557357178
43003,oracle_event_oracle_qr,298,0,111,8,8,0.7744439916023498,0.059076049554469254
43003,oracle_event_oracle_qr,298,0,111,16,16,0.7517644219460218,0.06786830957517628
43003,oracle_event_oracle_qr,327,0,111,1,1,0.4468703495237122,0.08082682621601428
43003,oracle_event_oracle_qr,327,0,111,4,4,0.5387331270882074,0.03995063039752836
43003,oracle_event_oracle_qr,327,0,111,8,8,0.819609483462938,0.05252687073834479
43003,oracle_event_oracle_qr,327,0,111,16,16,0.838364437821336,0.051563869377827184
43003,oracle_event_oracle_qr,356,0,111,1,1,0.6475865072864897,0.01754176017625293
43003,oracle_event_oracle_qr,356,0,111,4,4,0.6032489809542332,0.0797643853711254
43003,oracle_event_oracle_qr,356,0,111,8,8,1.0511659103303064,0.04771734301351939
43003,oracle_event_oracle_qr,356,0,111,16,16,1.0853002928263065,0.09367830288202834
43003,oracle_event_oracle_qr,386,0,110,1,1,-0.46728171541459573,0.010187524870762125
43003,oracle_event_oracle_qr,386,0,110,4,4,0.03609000752051027,0.007131253176083781
43003,oracle_event_oracle_qr,386,0,110,8,8,0.0011761261843807325,0.010140625991152487
43003,oracle_event_oracle_qr,386,0,110,16,16,0.09776131899445673,0.00695254389092826
43003,oracle_event_oracle_qr,416,0,110,1,1,0.09983520949624156,0.003930439341639294
43003,oracle_event_oracle_qr,416,0,110,4,4,-0.1531355129882402,0.00915321669053655
43003,oracle_event_oracle_qr,416,0,110,8,8,-0.1912919565608422,0.008215986381346548
43003,oracle_event_oracle_qr,416,0,110,16,16,-0.2686198478737065,0.005659125098541318
43003,oracle_event_oracle_qr,448,0,110,1,1,1.7758643614828635,0.01226948678333653
43003,oracle_event_oracle_qr,448,0,110,4,4,0.4411251369267267,0.010041158501115588
43003,oracle_event_oracle_qr,448,0,110,8,6,0.21174577280900284,0.008737534098392945
43003,oracle_event_oracle_qr,448,0,110,16,6,0.21174577280900284,0.008737534098392945
43003,oracle_event_oracle_qr,455,0,110,1,1,-0.3021614826582821,0.003738659530717104
43003,oracle_event_oracle_qr,455,0,110,4,4,-0.3280866751755725,0.0032390044217154744
43003,oracle_event_oracle_qr,455,0,110,8,8,0.022270732168502616,0.003936138028981232
43003,oracle_event_oracle_qr,455,0,110,16,16,0.01321341705864168,0.006362949291166814
43003,oracle_event_oracle_qr,497,0,110,1,1,-0.31900439598352937,0.04059433016889447
43003,oracle_event_oracle_qr,497,0,110,4,4,-0.1799477714034801,0.012756375281001752
43003,oracle_event_oracle_qr,497,0,110,8,8,0.09907384982410541,0.007522414171035191
43003,oracle_event_oracle_qr,497,0,110,16,9,0.035287049808789786,0.012591985395490994
43003,oracle_event_oracle_qr,507,0,110,1,1,-0.4588388955612509,0.0014278883615529547
43003,oracle_event_oracle_qr,507,0,110,4,4,-0.36634244339057254,0.0020997020348680418
43003,oracle_event_oracle_qr,507,0,110,8,8,0.2218856587446824,0.06173316093237785
43003,oracle_event_oracle_qr,507,0,110,16,16,0.5236958529970737,0.07720955995496256
43003,oracle_event_oracle_qr,640,0,110,1,1,-0.1638099295670418,0.0036916396472467233
43003,oracle_event_oracle_qr,640,0,110,4,4,0.04314676211013577,0.01231670257950933
43003,oracle_event_oracle_qr,640,0,110,8,4,0.04314676211013577,0.01231670257950933
43003,oracle_event_oracle_qr,640,0,110,16,4,0.04314676211013577,0.01231670257950933
43003,oracle_event_oracle_qr,645,0,110,1,1,-0.4064155076894224,0.028343988809720073
43003,oracle_event_oracle_qr,645,0,110,4,4,0.02359992757195762,0.014574228629385982
43003,oracle_event_oracle_qr,645,0,110,8,8,-0.19477361226712378,0.00839474358803736
43003,oracle_event_oracle_qr,645,0,110,16,9,-0.06340323688080611,0.008884918797669474
43003,oracle_event_oracle_qr,655,0,110,1,1,0.013302715150964019,0.0028086164845257363
43003,oracle_event_oracle_qr,655,0,110,4,4,-0.008767709045390315,0.009211643138071273
43003,oracle_event_oracle_qr,655,0,110,8,8,0.3615233570675235,0.013516942539294752
43003,oracle_event_oracle_qr,655,0,110,16,16,0.27137622891704927,0.008257905409546138
43003,oracle_event_oracle_qr,718,0,111,1,1,0.6067688791972293,0.41294884509410307
43003,oracle_event_oracle_qr,718,0,111,4,4,0.7868679410499624,0.10637297371317105
43003,oracle_event_oracle_qr,718,0,111,8,8,0.7254094227575898,0.07723839059556549
43003,oracle_event_oracle_qr,718,0,111,16,16,0.8646670378851451,0.05889802619757072
43003,oracle_event_oracle_qr,756,0,111,1,1,0.6465674549920009,0.04278849458240393
43003,oracle_event_oracle_qr,756,0,111,4,4,0.47255467196111983,0.037759868379735335
43003,oracle_event_oracle_qr,756,0,111,8,8,0.4941958773578363,0.02724820728097349
43003,oracle_event_oracle_qr,756,0,111,16,16,0.46929937229543783,0.022877871998014887
43003,oracle_event_oracle_qr,776,0,110,1,1,-0.2815873576234395,0.0005864311619856314
43003,oracle_event_oracle_qr,776,0,110,4,4,0.07507139232676444,0.011979587842837468
43003,oracle_event_oracle_qr,776,0,110,8,6,-0.06511898140301811,0.010540461806329823
43003,oracle_event_oracle_qr,776,0,110,16,6,-0.06511898140301811,0.010540461806329823
43003,oracle_event_oracle_qr,783,0,110,1,1,-0.27026149400411503,8.18932143991689e-06
43003,oracle_event_oracle_qr,783,0,110,4,3,0.02561648600999168,0.0010633507457796815
43003,oracle_event_oracle_qr,783,0,110,8,3,0.02561648600999168,0.0010633507457796815
43003,oracle_event_oracle_qr,783,0,110,16,3,0.02561648600999168,0.0010633507457796815
43003,oracle_event_oracle_qr,787,0,110,1,1,-0.38356128272516793,0.0016054227664063577
43003,oracle_event_oracle_qr,787,0,110,4,4,-0.03282246144668946,0.010216465546322911
43003,oracle_event_oracle_qr,787,0,110,8,8,-0.07056045548181539,0.012207426814753276
43003,oracle_event_oracle_qr,787,0,110,16,16,-0.11658969874784206,0.01116869957197358
43003,oracle_event_oracle_qr,828,0,110,1,1,0.8795490905031266,0.007265967836958783
43003,oracle_event_oracle_qr,828,0,110,4,2,0.4264123033289517,0.004715145874705389
43003,oracle_event_oracle_qr,828,0,110,8,2,0.4264123033289517,0.004715145874705389
43003,oracle_event_oracle_qr,828,0,110,16,2,0.4264123033289517,0.004715145874705389
43003,oracle_event_oracle_qr,831,0,110,1,1,-0.4570416632198976,0.001936035154958813
43003,oracle_event_oracle_qr,831,0,110,4,4,0.4291786470505739,0.012865263447290009
43003,oracle_event_oracle_qr,831,0,110,8,8,0.12033610943186834,0.01074200374344433
43003,oracle_event_oracle_qr,831,0,110,16,15,0.20049237573539772,0.010752893789821135
43003,oracle_event_oracle_qr,848,0,110,1,1,0.5359493921167514,0.012816789917074644
43003,oracle_event_oracle_qr,848,0,110,4,4,0.11396249401392565,0.013901553499113697
43003,oracle_event_oracle_qr,848,0,110,8,8,0.42414758558694976,0.011266103147730869
43003,oracle_event_oracle_qr,848,0,110,16,9,0.3263845858406602,0.010380565667930016
43003,oracle_event_oracle_qr,858,0,110,1,1,0.18277525542378242,0.0011442896758318154
43003,oracle_event_oracle_qr,858,0,110,4,3,0.38891827833623344,0.0021872543056433874
43003,oracle_event_oracle_qr,858,0,110,8,3,0.38891827833623344,0.0021872543056433874
43003,oracle_event_oracle_qr,858,0,110,16,3,0.38891827833623344,0.0021872543056433874
43003,oracle_event_oracle_qr,862,0,110,1,1,0.5927699592194453,0.005652657929334521
43003,oracle_event_oracle_qr,862,0,110,4,4,0.5429504474179562,0.0016359305367674994
43003,oracle_event_oracle_qr,862,0,110,8,8,0.352462715659805,0.006374050161486322
43003,oracle_event_oracle_qr,862,0,110,16,16,0.4944448527420996,0.006479629012165211
43003,oracle_event_oracle_qr,921,0,101,1,1,0.3839083195799947,0.00018649831034158148
43003,oracle_event_oracle_qr,921,0,101,4,4,0.3682091975163462,0.0007121774962847462
43003,oracle_event_oracle_qr,921,0,101,8,8,0.33835311677558544,0.0022484909860660926
43003,oracle_event_oracle_qr,921,0,101,16,16,0.572576438387334,0.0037200830902724726
43003,oracle_event_oracle_qr,945,0,101,1,1,2.4619336931591183,0.0272269392937607
43003,oracle_event_oracle_qr,945,0,101,4,4,1.1782749741196377,0.01209781587358098
43003,oracle_event_oracle_qr,945,0,101,8,8,0.8048247421327676,0.01392752733743663
43003,oracle_event_oracle_qr,945,0,101,16,16,0.7399751182431688,0.023804611898448222
43003,oracle_event_oracle_qr,1039,0,111,1,1,0.5434107119900633,0.09457465745758313
43003,oracle_event_oracle_qr,1039,0,111,4,4,0.5292593398381263,0.07067797849488348
43003,oracle_event_oracle_qr,1039,0,111,8,5,0.7238063749272337,0.05795806521029619
43003,oracle_event_oracle_qr,1039,0,111,16,5,0.7238063749272337,0.05795806521029619
43003,oracle_event_oracle_qr,1045,0,111,1,1,1.4206874256514983,0.052065245055606786
43003,oracle_event_oracle_qr,1045,0,111,4,4,1.0902401316764676,0.057534886363539
43003,oracle_event_oracle_qr,1045,0,111,8,7,1.1859708014284531,0.04512648499930782
43003,oracle_event_oracle_qr,1045,0,111,16,7,1.1859708014284531,0.04512648499930782
43003,oracle_event_oracle_qr,1053,0,111,1,1,0.8765617150577171,0.030592367312297492
43003,oracle_event_oracle_qr,1053,0,111,4,4,0.784649576796036,0.06156551350396429
43003,oracle_event_oracle_qr,1053,0,111,8,8,1.2068350619534551,0.0621386342008918
43003,oracle_event_oracle_qr,1053,0,111,16,16,0.9418744166584817,0.10155904139012971
43003,oracle_event_oracle_qr,1075,0,111,1,1,0.42595368833240377,0.017344922072554062
43003,oracle_event_oracle_qr,1075,0,111,4,4,0.5458683603054895,0.10400262720093487
43003,oracle_event_oracle_qr,1075,0,111,8,7,1.0124915901911593,0.09623844581122719
43003,oracle_event_oracle_qr,1075,0,111,16,7,1.0124915901911593,0.09623844581122719
43003,oracle_event_oracle_qr,1083,0,111,1,1,2.5078975390573497,0.06868145680875766
43003,oracle_event_oracle_qr,1083,0,111,4,4,1.1826767699280571,0.029756288743953727
43003,oracle_event_oracle_qr,1083,0,111,8,8,0.9365297385703422,0.03210456686546241
43003,oracle_event_oracle_qr,1083,0,111,16,16,0.8985717665045065,0.023174122212712
43003,oracle_event_oracle_qr,1179,1,101,1,1,0.5272737673460361,0.04475259977662322
43003,oracle_event_oracle_qr,1179,1,101,4,4,0.4050272071300272,0.06592280600210279
43003,oracle_event_oracle_qr,1179,1,101,8,5,0.5943026036916075,0.06951182179835406
43003,oracle_event_oracle_qr,1179,1,101,16,5,0.5943026036916075,0.06951182179835406
43003,oracle_event_oracle_qr,1185,1,101,1,1,1.1854116804299508,0.045290513789283636
43003,oracle_event_oracle_qr,1185,1,101,4,4,0.8178310069963877,0.020437235242075077
43003,oracle_event_oracle_qr,1185,1,101,8,8,0.6219256235381203,0.01179303700217596
43003,oracle_event_oracle_qr,1185,1,101,16,16,0.461395505207292,0.00847201759964538
43003,oracle_event_oracle_qr,1212,1,101,1,1,1.5036141918832797,0.007697404271526071
43003,oracle_event_oracle_qr,1212,1,101,4,4,1.0320127102758396,0.011252151186475915
43003,oracle_event_oracle_qr,1212,1,101,8,8,1.0896003255140463,0.014076264027807536
43003,oracle_event_oracle_qr,1212,1,101,16,13,0.7957144661059241,0.019481551076680252
43003,oracle_event_oracle_qr,1226,1,101,1,1,0.4190712197522084,0.05024359148800488
43003,oracle_event_oracle_qr,1226,1,101,4,4,0.725085916944096,0.043824686423075326
43003,oracle_event_oracle_qr,1226,1,101,8,8,0.8825358532469677,0.03602488892487906
43003,oracle_event_oracle_qr,1226,1,101,16,16,0.7810143027056178,0.02143389728994337
43003,oracle_event_oracle_qr,1254,1,101,1,1,0.42116820923684795,0.12428126046909307
43003,oracle_event_oracle_qr,1254,1,101,4,4,0.6086017737795301,0.045310920376452596
43003,oracle_event_oracle_qr,1254,1,101,8,8,0.5695692967021362,0.026439354338668637
43003,oracle_event_oracle_qr,1254,1,101,16,16,0.4556219666520801,0.020663889271865007
43003,oracle_event_oracle_qr,1432,1,101,1,1,0.6528183856160167,0.018830240438330207
43003,oracle_event_oracle_qr,1432,1,101,4,3,0.7586076778302617,0.008534234369890445
43003,oracle_event_oracle_qr,1432,1,101,8,3,0.7586076778302617,0.008534234369890445
43003,oracle_event_oracle_qr,1432,1,101,16,3,0.7586076778302617,0.008534234369890445
43003,oracle_event_oracle_qr,1436,1,101,1,1,0.3730445876660945,0.009624401772888577
43003,oracle_event_oracle_qr,1436,1,101,4,4,0.6621128983607706,0.005458092670601415
43003,oracle_event_oracle_qr,1436,1,101,8,6,0.5571036741799803,0.0038778775356785454
43003,oracle_event_oracle_qr,1436,1,101,16,6,0.5571036741799803,0.0038778775356785454
43003,oracle_event_oracle_qr,1443,1,101,1,1,1.3016792343054744,0.04597128058156815
43003,oracle_event_oracle_qr,1443,1,101,4,4,0.5816634829143579,0.039882351320827486
43003,oracle_event_oracle_qr,1443,1,101,8,8,0.4482957813202902,0.021944354145823426
43003,oracle_event_oracle_qr,1443,1,101,16,9,0.42347827125889403,0.023118519389325833
43003,oracle_event_oracle_qr,1453,1,101,1,1,0.8016563158292386,0.05043258233735045
43003,oracle_event_oracle_qr,1453,1,101,4,4,0.643449291433242,0.020943873908784928
43003,oracle_event_oracle_qr,1453,1,101,8,8,0.6439277539153683,0.010674755704236847
43003,oracle_event_oracle_qr,1453,1,101,16,16,0.43859659893520997,0.012280269699628338
43003,oracle_event_oracle_qr,1537,1,111,1,1,1.5742713353189828,0.3894062969796767
43003,oracle_event_oracle_qr,1537,1,111,4,4,1.9900498101510766,0.1288216930810039
43003,oracle_event_oracle_qr,1537,1,111,8,8,1.3611614166760277,0.10151938690087353
43003,oracle_event_oracle_qr,1537,1,111,16,16,0.9880132168775514,0.10494838595678029
43003,oracle_event_oracle_qr,1604,1,110,1,1,-0.47171323750487143,3.500805737793673e-05
43003,oracle_event_oracle_qr,1604,1,110,4,4,-0.2807871306024472,0.004476366264745481
43003,oracle_event_oracle_qr,1604,1,110,8,4,-0.2807871306024472,0.004476366264745481
43003,oracle_event_oracle_qr,1604,1,110,16,4,-0.2807871306024472,0.004476366264745481
43003,oracle_event_oracle_qr,1609,1,110,1,1,-0.38237194730207,2.9438503908815204e-06
43003,oracle_event_oracle_qr,1609,1,110,4,4,-0.33065586144729553,0.0011799854447030018
43003,oracle_event_oracle_qr,1609,1,110,8,6,-0.36064319516253374,0.0016854774427114657
43003,oracle_event_oracle_qr,1609,1,110,16,6,-0.36064319516253374,0.0016854774427114657
43003,oracle_event_oracle_qr,1616,1,110,1,1,0.03037404083646737,0.0006564541802655163
43003,oracle_event_oracle_qr,1616,1,110,4,4,-0.09237255686039685,0.011700999549972911
43003,oracle_event_oracle_qr,1616,1,110,8,8,-0.11370125440231643,0.009502754582086713
43003,oracle_event_oracle_qr,1616,1,110,16,16,-0.01698450404292952,0.007506448046304504
43003,oracle_event_oracle_qr,1695,1,110,1,1,-0.464344276019799,0.007026336882176131
43003,oracle_event_oracle_qr,1695,1,110,4,4,0.14441321567442486,0.001921615981520705
43003,oracle_event_oracle_qr,1695,1,110,8,8,-0.06584755874421404,0.003114018517422767
43003,oracle_event_oracle_qr,1695,1,110,16,16,-0.017747983482963803,0.005070929287142813
43003,oracle_event_oracle_qr,1714,1,110,1,1,-0.04758007518130684,0.10061719571741001
43003,oracle_event_oracle_qr,1714,1,110,4,4,0.28565547341546005,0.04735306622837999
43003,oracle_event_oracle_qr,1714,1,110,8,8,-0.023557514562010773,0.028511640036553508
43003,oracle_event_oracle_qr,1714,1,110,16,15,-0.054529056433485164,0.018697332705380463
43003,oracle_event_oracle_qr,1731,1,110,1,1,0.06697536229638305,0.0029253670190073993
43003,oracle_event_oracle_qr,1731,1,110,4,4,-0.19725403522277085,0.0014994211865832858
43003,oracle_event_oracle_qr,1731,1,110,8,8,-0.045740429576003855,0.009759341308604976
43003,oracle_event_oracle_qr,1731,1,110,16,16,-0.12857596727822435,0.011475935670637614
43003,oracle_event_oracle_qr,1761,1,110,1,1,-0.09734014780142214,8.614226599953669e-05
43003,oracle_event_oracle_qr,1761,1,110,4,4,0.44972379699734055,0.011829480906872433
43003,oracle_event_oracle_qr,1761,1,110,8,8,0.1920530076012349,0.007785009705441271
43003,oracle_event_oracle_qr,1761,1,110,16,9,0.1172398626005683,0.0069233986848142685
43003,oracle_event_oracle_qr,1771,1,110,1,1,0.7314325165434414,0.0017838827377634622
43003,oracle_event_oracle_qr,1771,1,110,4,4,0.31584369206894986,0.003677553105545393
43003,oracle_event_oracle_qr,1771,1,110,8,8,0.2565173302763435,0.0038483187155066074
43003,oracle_event_oracle_qr,1771,1,110,16,16,0.07596490086335558,0.005841370691471082
43003,oracle_event_oracle_qr,1793,1,110,1,1,-0.25133860823255627,0.00325722786171201
43003,oracle_event_oracle_qr,1793,1,110,4,4,-0.14875321117270598,0.011479327776051134
43003,oracle_event_oracle_qr,1793,1,110,8,8,-0.026104886827544097,0.005908441396343852
43003,oracle_event_oracle_qr,1793,1,110,16,16,-0.10264370398554322,0.00442273394592563
43003,oracle_event_oracle_qr,1830,1,011,1,1,0.42291938446794225,0.0007492133119480833
43003,oracle_event_oracle_qr,1830,1,011,4,4,0.38108502486923856,0.07636310261349924
43003,oracle_event_oracle_qr,1830,1,011,8,8,0.619775680750546,0.04420483870796327
43003,oracle_event_oracle_qr,1830,1,011,16,16,0.6314069342766622,0.050046504505783365
43003,oracle_event_oracle_qr,1999,1,111,1,1,0.4713022180040298,0.005647276853310064
43003,oracle_event_oracle_qr,1999,1,111,4,4,0.5002604411340767,0.12063680243903899
43003,oracle_event_oracle_qr,1999,1,111,8,8,0.5608852145493088,0.08128703605134611
43003,oracle_event_oracle_qr,1999,1,111,16,8,0.5608852145493088,0.08128703605134611
43003,oracle_event_oracle_qr,2008,1,111,1,1,1.3104773327876271,9.964176333717353e-05
43003,oracle_event_oracle_qr,2008,1,111,4,4,1.0136661353184975,0.07498676085643821
43003,oracle_event_oracle_qr,2008,1,111,8,8,0.7493320119258176,0.04710339682646692
43003,oracle_event_oracle_qr,2008,1,111,16,16,0.8430926263972742,0.05383340399466452
43003,oracle_event_oracle_qr,2036,1,111,1,1,1.629333293995748,0.0918747255874771
43003,oracle_event_oracle_qr,2036,1,111,4,1,1.629333293995748,0.0918747255874771
43003,oracle_event_oracle_qr,2036,1,111,8,1,1.629333293995748,0.0918747255874771
43003,oracle_event_oracle_qr,2036,1,111,16,1,1.629333293995748,0.0918747255874771
43003,oracle_event_oracle_qr,2038,1,111,1,1,0.5090064815876365,0.09723030321880781
43003,oracle_event_oracle_qr,2038,1,111,4,4,0.7900882028354389,0.04090200999274059
43003,oracle_event_oracle_qr,2038,1,111,8,8,1.1253703115086817,0.08241423918293705
43003,oracle_event_oracle_qr,2038,1,111,16,10,0.9549781337516903,0.07025713527808722
43003,oracle_event_oracle_qr,2049,1,101,1,1,1.1195076986837662,0.06314884031982522
43003,oracle_event_oracle_qr,2049,1,101,4,4,0.4907876342017213,0.06816445016974672
43003,oracle_event_oracle_qr,2049,1,101,8,8,0.33493232338505774,0.0707016325777447
43003,oracle_event_oracle_qr,2049,1,101,16,16,0.5045790907879719,0.03788053742138385
43003,oracle_event_oracle_qr,2067,1,101,1,1,1.345284843886679,0.14692120224384336
43003,oracle_event_oracle_qr,2067,1,101,4,4,0.6536287349376401,0.07391207305356644
43003,oracle_event_oracle_qr,2067,1,101,8,8,1.1305473435782585,0.04254724871329755
43003,oracle_event_oracle_qr,2067,1,101,16,16,0.9789433771310965,0.030762243191424662
43003,oracle_event_oracle_qr,2106,1,101,1,1,0.4061929497222699,0.011482481438033782
43003,oracle_event_oracle_qr,2106,1,101,4,1,0.4061929497222699,0.011482481438033782
43003,oracle_event_oracle_qr,2106,1,101,8,1,0.4061929497222699,0.011482481438033782
43003,oracle_event_oracle_qr,2106,1,101,16,1,0.4061929497222699,0.011482481438033782
43003,oracle_event_oracle_qr,2108,1,101,1,1,0.363746059664075,0.10721517594070544
43003,oracle_event_oracle_qr,2108,1,101,4,2,0.3471686371164835,0.12583920992966652
43003,oracle_event_oracle_qr,2108,1,101,8,2,0.3471686371164835,0.12583920992966652
43003,oracle_event_oracle_qr,2108,1,101,16,2,0.3471686371164835,0.12583920992966652
43003,oracle_event_oracle_qr,2111,1,101,1,1,1.812000811224382,0.20357594267365567
43003,oracle_event_oracle_qr,2111,1,101,4,4,1.0407382392457327,0.07962749390185199
43003,oracle_event_oracle_qr,2111,1,101,8,4,1.0407382392457327,0.07962749390185199
43003,oracle_event_oracle_qr,2111,1,101,16,4,1.0407382392457327,0.07962749390185199
43003,oracle_event_oracle_qr,2116,1,101,1,1,0.7154119127119747,0.07270044722532491
43003,oracle_event_oracle_qr,2116,1,101,4,4,1.13049656985112,0.03825111356189363
43003,oracle_event_oracle_qr,2116,1,101,8,8,0.6742971335009573,0.02567493539260187
43003,oracle_event_oracle_qr,2116,1,101,16,16,0.5204405747136956,0.03470568390993336
43003,oracle_event_oracle_qr,2142,1,101,1,1,0.7716099379346297,0.09971336793125204
43003,oracle_event_oracle_qr,2142,1,101,4,4,0.5680002443929835,0.042532921085396226
43003,oracle_event_oracle_qr,2142,1,101,8,8,0.8689865287437103,0.05403673699108822
43003,oracle_event_oracle_qr,2142,1,101,16,16,0.9829517263770196,0.03403983070188793
43003,oracle_event_oracle_qr,2168,1,111,1,1,0.9921545532452639,0.16806150228991482
43003,oracle_event_oracle_qr,2168,1,111,4,1,0.9921545532452639,0.16806150228991482
43003,oracle_event_oracle_qr,2168,1,111,8,1,0.9921545532452639,0.16806150228991482
43003,oracle_event_oracle_qr,2168,1,111,16,1,0.9921545532452639,0.16806150228991482
43003,oracle_event_oracle_qr,2170,1,111,1,1,0.5451048656289289,0.05301505261241568
43003,oracle_event_oracle_qr,2170,1,111,4,4,0.5641887325236979,0.046123625741312346
43003,oracle_event_oracle_qr,2170,1,111,8,8,0.49567755866703217,0.03272090462088649
43003,oracle_event_oracle_qr,2170,1,111,16,12,0.831170072594467,0.048931064448344753
43003,oracle_event_oracle_qr,2183,1,111,1,1,0.4758247444983636,0.09357418753263319
43003,oracle_event_oracle_qr,2183,1,111,4,4,0.7576633688954426,0.04678227976262944
43003,oracle_event_oracle_qr,2183,1,111,8,8,0.7175122651963982,0.148447499851844
43003,oracle_event_oracle_qr,2183,1,111,16,12,0.7870204018643729,0.19187176269098447
43003,oracle_event_oracle_qr,2196,1,111,1,1,0.42796036105951457,0.0973666419311511
43003,oracle_event_oracle_qr,2196,1,111,4,4,0.5564803534011014,0.03005773978077704
43003,oracle_event_oracle_qr,2196,1,111,8,8,0.6324225085125981,0.022571392186488886
43003,oracle_event_oracle_qr,2196,1,111,16,10,0.9823634049955234,0.022640355346314638
43003,oracle_event_oracle_qr,2207,1,111,1,1,1.629094098630255,0.018633931124493523
43003,oracle_event_oracle_qr,2207,1,111,4,2,0.9921260191481474,0.04812864940647457
43003,oracle_event_oracle_qr,2207,1,111,8,2,0.9921260191481474,0.04812864940647457
43003,oracle_event_oracle_qr,2207,1,111,16,2,0.9921260191481474,0.04812864940647457
43003,oracle_event_oracle_qr,2210,1,111,1,1,0.47418978758272873,0.011668201555959677
43003,oracle_event_oracle_qr,2210,1,111,4,4,0.7039874282746013,0.006792384671410472
43003,oracle_event_oracle_qr,2210,1,111,8,8,0.6216542672007026,0.006842385955845841
43003,oracle_event_oracle_qr,2210,1,111,16,16,0.8741563632477118,0.057994754029470436
43003,oracle_event_oracle_qr,2280,1,110,1,1,0.2717317340955071,0.001134603429764716
43003,oracle_event_oracle_qr,2280,1,110,4,4,0.062293210314337266,0.003690329922022503
43003,oracle_event_oracle_qr,2280,1,110,8,8,0.07868609209233997,0.0033146629458420777
43003,oracle_event_oracle_qr,2280,1,110,16,16,-0.07416285169066904,0.006459019087270179
43003,oracle_event_oracle_qr,2306,2,111,1,1,0.6353064443277419,0.0021895471561475706
43003,oracle_event_oracle_qr,2306,2,111,4,4,0.7109830193981415,0.04562706128412061
43003,oracle_event_oracle_qr,2306,2,111,8,8,0.6685546401203996,0.03153643081578501
43003,oracle_event_oracle_qr,2306,2,111,16,16,0.5703704876300093,0.047596001605166145
43003,oracle_event_oracle_qr,2339,2,111,1,1,1.1232178900310639,0.12031890623038781
43003,oracle_event_oracle_qr,2339,2,111,4,4,0.8713391121182196,0.050081278669071944
43003,oracle_event_oracle_qr,2339,2,111,8,5,0.9821042887276074,0.04640815303959628
43003,oracle_event_oracle_qr,2339,2,111,16,5,0.9821042887276074,0.04640815303959628
43003,oracle_event_oracle_qr,2345,2,111,1,1,1.3022125469803267,0.0701198951543658
43003,oracle_event_oracle_qr,2345,2,111,4,4,0.7984733755529119,0.25319116056810054
43003,oracle_event_oracle_qr,2345,2,111,8,8,0.6523298431992017,0.17054652397634967
43003,oracle_event_oracle_qr,2345,2,111,16,16,0.5589112640926553,0.11714552889257149
43003,oracle_event_oracle_qr,2640,2,111,1,1,0.4200654888952756,0.0008633674115013739
43003,oracle_event_oracle_qr,2640,2,111,4,4,0.39962582935186997,0.10042360825797508
43003,oracle_event_oracle_qr,2640,2,111,8,8,0.3938224811159308,0.0655090718506609
43003,oracle_event_oracle_qr,2640,2,111,16,16,0.6151723642329335,0.07977652734846136
43003,oracle_event_oracle_qr,2661,2,111,1,1,1.2873187811958522,0.20968600864343673
43003,oracle_event_oracle_qr,2661,2,111,4,4,1.0730610442266728,0.07055716801573793
43003,oracle_event_oracle_qr,2661,2,111,8,8,0.8300376347575374,0.052262905106441285
43003,oracle_event_oracle_qr,2661,2,111,16,13,0.709146285797536,0.05016657668814916
43003,oracle_event_oracle_qr,2675,2,111,1,1,0.4079717091784587,0.5389093339129063
43003,oracle_event_oracle_qr,2675,2,111,4,4,0.8163479963590521,0.13813824944495695
43003,oracle_event_oracle_qr,2675,2,111,8,8,0.8812735502359155,0.1942479800473138
43003,oracle_event_oracle_qr,2675,2,111,16,16,0.7877191967440389,0.13508650085706542
43003,oracle_event_oracle_qr,2718,2,111,1,1,0.7719038572621439,0.012178772958647785
43003,oracle_event_oracle_qr,2718,2,111,4,4,0.7272474192643513,0.01564835728311339
43003,oracle_event_oracle_qr,2718,2,111,8,8,0.453332826237886,0.008662504752059513
43003,oracle_event_oracle_qr,2718,2,111,16,16,0.4449511503042023,0.014818309156104558
43003,oracle_event_oracle_qr,2758,2,101,1,1,0.36265556852406794,0.01927469531820819
43003,oracle_event_oracle_qr,2758,2,101,4,4,1.111442668637452,0.01971233529969311
43003,oracle_event_oracle_qr,2758,2,101,8,7,0.7883553780219789,0.011857032804676875
43003,oracle_event_oracle_qr,2758,2,101,16,7,0.7883553780219789,0.011857032804676875
43003,oracle_event_oracle_qr,2766,2,101,1,1,0.4934753156857531,0.017319553462986123
43003,oracle_event_oracle_qr,2766,2,101,4,4,0.3298128711833212,0.01132288876197937
43003,oracle_event_oracle_qr,2766,2,101,8,7,0.33737049352075094,0.007090738153997709
43003,oracle_event_oracle_qr,2766,2,101,16,7,0.33737049352075094,0.007090738153997709
43003,oracle_event_oracle_qr,2774,2,101,1,1,0.35535785111061674,0.05703969740937658
43003,oracle_event_oracle_qr,2774,2,101,4,4,0.41550021947260146,0.022239694270228753
43003,oracle_event_oracle_qr,2774,2,101,8,8,0.34307477844072126,0.01985298696240835
43003,oracle_event_oracle_qr,2774,2,101,16,10,0.32422084822597175,0.016436574056255843
43003,oracle_event_oracle_qr,2785,2,101,1,1,0.3582526481420076,0.04756290040918692
43003,oracle_event_oracle_qr,2785,2,101,4,4,0.37517492128147484,0.030692004685502792
43003,oracle_event_oracle_qr,2785,2,101,8,7,0.27169095845087404,0.023133673252021068
43003,oracle_event_oracle_qr,2785,2,101,16,7,0.27169095845087404,0.023133673252021068
43003,oracle_event_oracle_qr,2793,2,101,1,1,0.6340041214783737,0.00022852749634045172
43003,oracle_event_oracle_qr,2793,2,101,4,4,0.29965213172039745,0.002837845586946019
43003,oracle_event_oracle_qr,2793,2,101,8,8,0.3058696053620885,0.00513444975300919
43003,oracle_event_oracle_qr,2793,2,101,16,16,0.4054510085123019,0.0041246170338110994
43003,oracle_event_oracle_qr,2817,2,101,1,1,0.6471700257093472,0.0011232531839105396
43003,oracle_event_oracle_qr,2817,2,101,4,4,0.5048433659446273,0.004858921215420197
43003,oracle_event_oracle_qr,2817,2,101,8,4,0.5048433659446273,0.004858921215420197
43003,oracle_event_oracle_qr,2817,2,101,16,4,0.5048433659446273,0.004858921215420197
43003,oracle_event_oracle_qr,2822,2,101,1,1,0.9107234382111742,0.0005004617970676201
43003,oracle_event_oracle_qr,2822,2,101,4,4,0.36453804783204785,0.0012934722576003837
43003,oracle_event_oracle_qr,2822,2,101,8,8,0.24489505386692167,0.0010905198285032617
43003,oracle_event_oracle_qr,2822,2,101,16,16,0.3851539592870472,0.019921335665281384
43003,oracle_event_oracle_qr,2849,2,101,1,1,0.6284228905621362,0.03747733109468917
43003,oracle_event_oracle_qr,2849,2,101,4,4,0.5893340698357069,0.07259215772179212
43003,oracle_event_oracle_qr,2849,2,101,8,8,0.6703321964076728,0.03757163748049245
43003,oracle_event_oracle_qr,2849,2,101,16,11,0.741621378558343,0.031200045053873714
43003,oracle_event_oracle_qr,2861,2,101,1,1,0.8005473815468069,0.021067984518883778
43003,oracle_event_oracle_qr,2861,2,101,4,4,1.247286945597029,0.019656642869757726
43003,oracle_event_oracle_qr,2861,2,101,8,8,0.8688003550249215,0.021331986259185552
43003,oracle_event_oracle_qr,2861,2,101,16,14,0.8839674970168924,0.02550515060826378
43003,oracle_event_oracle_qr,2876,2,101,1,1,0.42531920101577925,0.09199559341868563
43003,oracle_event_oracle_qr,2876,2,101,4,4,0.441505755869239,0.0930729509096968
43003,oracle_event_oracle_qr,2876,2,101,8,8,0.788502337137073,0.05114725411499373
43003,oracle_event_oracle_qr,2876,2,101,16,16,0.649879881568572,0.029757847215994847
43003,oracle_event_oracle_qr,2910,2,101,1,1,0.87927021278247,0.1778050824389757
43003,oracle_event_oracle_qr,2910,2,101,4,4,0.560892321850733,0.05110087499225968
43003,oracle_event_oracle_qr,2910,2,101,8,8,0.9965567104673336,0.0391975850264253
43003,oracle_event_oracle_qr,2910,2,101,16,16,0.8755523142835445,0.05021240105783334
43003,oracle_event_oracle_qr,2966,2,111,1,1,0.5295081683330495,0.007198539305566321
43003,oracle_event_oracle_qr,2966,2,111,4,4,0.4677897122965129,0.008130786503022121
43003,oracle_event_oracle_qr,2966,2,111,8,6,0.4313624113853181,0.06844448984264605
43003,oracle_event_oracle_qr,2966,2,111,16,6,0.4313624113853181,0.06844448984264605
43003,oracle_event_oracle_qr,2974,2,111,1,1,0.45855025351629364,0.0020249084347278867
43003,oracle_event_oracle_qr,2974,2,111,4,4,0.4147294716872584,0.042310152319688626
43003,oracle_event_oracle_qr,2974,2,111,8,8,0.6369519490820805,0.036306158524788204
43003,oracle_event_oracle_qr,2974,2,111,16,16,0.659620176155221,0.022294551027076906
43003,oracle_event_oracle_qr,3014,2,111,1,1,1.1841966814427185,0.15613154747661495
43003,oracle_event_oracle_qr,3014,2,111,4,4,1.615827870763936,0.044279403108636387
43003,oracle_event_oracle_qr,3014,2,111,8,8,1.0862904700714546,0.033135651833550134
43003,oracle_event_oracle_qr,3014,2,111,16,16,0.8739720925427918,0.03456561142023554
43003,oracle_event_oracle_qr,3061,2,101,1,1,0.5783625688349151,0.08778353806895867
43003,oracle_event_oracle_qr,3061,2,101,4,4,0.3631371868296236,0.0926652565308281
43003,oracle_event_oracle_qr,3061,2,101,8,8,0.4979360186441536,0.05500415440261956
43003,oracle_event_oracle_qr,3061,2,101,16,15,0.3955327903319953,0.04274829164224609
43003,oracle_event_oracle_qr,3077,2,101,1,1,0.37340664729085815,0.0023369503904608095
43003,oracle_event_oracle_qr,3077,2,101,4,4,0.5763402070385776,0.010777293635899321
43003,oracle_event_oracle_qr,3077,2,101,8,4,0.5763402070385776,0.010777293635899321
43003,oracle_event_oracle_qr,3077,2,101,16,4,0.5763402070385776,0.010777293635899321
43003,oracle_event_oracle_qr,3082,2,101,1,1,0.36969708839762083,0.16460179906841949
43003,oracle_event_oracle_qr,3082,2,101,4,4,0.8997886820610947,0.08526056617122205
43003,oracle_event_oracle_qr,3082,2,101,8,8,0.7146204362985782,0.04667801908484614
43003,oracle_event_oracle_qr,3082,2,101,16,12,0.63967507868553,0.04057664079009878
43003,oracle_event_oracle_qr,3096,2,101,1,1,1.4304830655333618,0.0009995586789866382
43003,oracle_event_oracle_qr,3096,2,101,4,4,0.5653093008739398,0.003196544155954132
43003,oracle_event_oracle_qr,3096,2,101,8,8,0.4761322055773616,0.00516407282879358
43003,oracle_event_oracle_qr,3096,2,101,16,16,0.4071854116801168,0.005970629984891118
43003,oracle_event_oracle_qr,3134,2,101,1,1,0.47494106232245964,0.025870885766701084
43003,oracle_event_oracle_qr,3134,2,101,4,4,0.640075014517748,0.0914028582925831
43003,oracle_event_oracle_qr,3134,2,101,8,8,0.6234300541551713,0.050884032970612864
43003,oracle_event_oracle_qr,3134,2,101,16,16,0.6799671527450142,0.03476953467413409
43003,oracle_event_oracle_qr,3256,2,110,1,1,-0.42866370691248534,0.033682128344701405
43003,oracle_event_oracle_qr,3256,2,110,4,1,-0.42866370691248534,0.033682128344701405
43003,oracle_event_oracle_qr,3256,2,110,8,1,-0.42866370691248534,0.033682128344701405
43003,oracle_event_oracle_qr,3256,2,110,16,1,-0.42866370691248534,0.033682128344701405
43003,oracle_event_oracle_qr,3258,2,110,1,1,0.6240737282250282,0.003063910620676533
43003,oracle_event_oracle_qr,3258,2,110,4,4,0.0866790841633166,0.012574826105327215
43003,oracle_event_oracle_qr,3258,2,110,8,8,0.01076527045629886,0.015716302002061876
43003,oracle_event_oracle_qr,3258,2,110,16,8,0.01076527045629886,0.015716302002061876
43003,oracle_event_oracle_qr,3267,2,110,1,1,-0.4449984974435322,5.308065227056053e-06
43003,oracle_event_oracle_qr,3267,2,110,4,4,0.036593519808095956,0.0056239751403428595
43003,oracle_event_oracle_qr,3267,2,110,8,8,0.10378122705531681,0.0040270351298555
43003,oracle_event_oracle_qr,3267,2,110,16,9,0.06735017337898708,0.006276363495080099
43003,oracle_event_oracle_qr,3277,2,110,1,1,-0.43256426288358096,7.935447953359008e-05
43003,oracle_event_oracle_qr,3277,2,110,4,4,-0.41826518032940435,0.005136371854225197
43003,oracle_event_oracle_qr,3277,2,110,8,8,-0.2840216417758145,0.008571696630050224
43003,oracle_event_oracle_qr,3277,2,110,16,15,-0.2681536163891744,0.011048476284168465
43003,oracle_event_oracle_qr,3293,2,110,1,1,0.7437144521817901,0.005922184291540478
43003,oracle_event_oracle_qr,3293,2,110,4,4,-0.09781136597803251,0.008513237595227673
43003,oracle_event_oracle_qr,3293,2,110,8,4,-0.09781136597803251,0.008513237595227673
43003,oracle_event_oracle_qr,3293,2,110,16,4,-0.09781136597803251,0.008513237595227673
43003,oracle_event_oracle_qr,3298,2,110,1,1,0.8077635746185807,0.0001775936845685409
43003,oracle_event_oracle_qr,3298,2,110,4,2,0.2993425779269825,0.000714672426538337
43003,oracle_event_oracle_qr,3298,2,110,8,2,0.2993425779269825,0.000714672426538337
43003,oracle_event_oracle_qr,3298,2,110,16,2,0.2993425779269825,0.000714672426538337
43003,oracle_event_oracle_qr,3301,2,110,1,1,-0.29410290118800503,0.0018208107042344793
43003,oracle_event_oracle_qr,3301,2,110,4,4,-0.16871177827634046,0.005003851239932758
43003,oracle_event_oracle_qr,3301,2,110,8,8,-0.031856166391694155,0.005514199034306612
43003,oracle_event_oracle_qr,3301,2,110,16,16,-0.13898242301125702,0.003909565823724188
43003,oracle_event_oracle_qr,3319,2,110,1,1,-0.4595554162540956,0.00656816326096491
43003,oracle_event_oracle_qr,3319,2,110,4,4,-0.05794411896881843,0.0023659137151932513
43003,oracle_event_oracle_qr,3319,2,110,8,8,0.039870298905402654,0.004669588572396975
43003,oracle_event_oracle_qr,3319,2,110,16,15,-0.02196971663940891,0.007072681940195238
43003,oracle_event_oracle_qr,3335,2,110,1,1,-0.35999015978532883,0.0001593694537889673
43003,oracle_event_oracle_qr,3335,2,110,4,4,0.4584606293590291,0.008035062962757944
43003,oracle_event_oracle_qr,3335,2,110,8,8,0.14335921267797674,0.008352853740824926
43003,oracle_event_oracle_qr,3335,2,110,16,16,0.0712809908597639,0.006730352751850942
43003,oracle_event_oracle_qr,3363,2,110,1,1,-0.33162412891182846,0.024709858728571378
43003,oracle_event_oracle_qr,3363,2,110,4,4,-0.1455948611736843,0.007836978619861656
43003,oracle_event_oracle_qr,3363,2,110,8,8,-0.03929582643557772,0.007167905684021869
43003,oracle_event_oracle_qr,3363,2,110,16,16,0.1936631533754647,0.007713653242397962
43003,oracle_event_oracle_qr,3380,2,110,1,1,-0.43300996394812974,2.273448342262309e-05
43003,oracle_event_oracle_qr,3380,2,110,4,4,0.24091146811376976,0.005594241425308963
43003,oracle_event_oracle_qr,3380,2,110,8,8,0.142714999933231,0.004527696831592641
43003,oracle_event_oracle_qr,3380,2,110,16,16,-0.05997089674410733,0.004699421241338065
43003,oracle_event_oracle_qr,3400,2,110,1,1,-0.21091090631602744,0.008060382156089311
43003,oracle_event_oracle_qr,3400,2,110,4,1,-0.21091090631602744,0.008060382156089311
43003,oracle_event_oracle_qr,3400,2,110,8,1,-0.21091090631602744,0.008060382156089311
43003,oracle_event_oracle_qr,3400,2,110,16,1,-0.21091090631602744,0.008060382156089311
43003,oracle_event_oracle_qr,3402,2,110,1,1,0.45673873462287673,0.0007889966809229366
43003,oracle_event_oracle_qr,3402,2,110,4,4,0.1592109932183666,0.011515812149298775
43003,oracle_event_oracle_qr,3402,2,110,8,8,0.10618530694312162,0.009520069207859907
43003,oracle_event_oracle_qr,3402,2,110,16,16,0.05504117506465654,0.00716786426564863
43003,oracle_event_oracle_qr,3426,2,110,1,1,-0.18417500301487974,1.0640939278278048e-05
43003,oracle_event_oracle_qr,3426,2,110,4,4,-0.25864500792167694,0.022352352519493766
43003,oracle_event_oracle_qr,3426,2,110,8,6,0.15497836598062906,0.015000760358635677
43003,oracle_event_oracle_qr,3426,2,110,16,6,0.15497836598062906,0.015000760358635677
43003,oracle_event_oracle_qr,3433,2,110,1,1,0.6309780842794529,0.019596408187992322
43003,oracle_event_oracle_qr,3433,2,110,4,4,0.058630659340493656,0.008935960703976745
43003,oracle_event_oracle_qr,3433,2,110,8,8,0.4724750219391636,0.01131619211137117
43003,oracle_event_oracle_qr,3433,2,110,16,16,0.2423470114691873,0.010647052694064092
43003,oracle_event_oracle_qr,3463,3,101,1,1,1.355093600936697,0.00915112563715419
43003,oracle_event_oracle_qr,3463,3,101,4,4,0.490271485659838,0.005560710469165915
43003,oracle_event_oracle_qr,3463,3,101,8,8,0.3195150302524412,0.004831280680401118
43003,oracle_event_oracle_qr,3463,3,101,16,8,0.3195150302524412,0.004831280680401118
43003,oracle_event_oracle_qr,3472,3,101,1,1,0.8942988890015559,0.09923953082622067
43003,oracle_event_oracle_qr,3472,3,101,4,1,0.8942988890015559,0.09923953082622067
43003,oracle_event_oracle_qr,3472,3,101,8,1,0.8942988890015559,0.09923953082622067
43003,oracle_event_oracle_qr,3472,3,101,16,1,0.8942988890015559,0.09923953082622067
43003,oracle_event_oracle_qr,3474,3,101,1,1,0.3527909426470434,0.00867120476752567
43003,oracle_event_oracle_qr,3474,3,101,4,4,0.32294973458813087,0.015177978748016584
43003,oracle_event_oracle_qr,3474,3,101,8,8,0.309362849862293,0.013932719374314478
43003,oracle_event_oracle_qr,3474,3,101,16,16,0.7346075511261154,0.01180871079453681
43003,oracle_event_oracle_qr,3495,3,101,1,1,0.3704628538139192,0.043692510098708774
43003,oracle_event_oracle_qr,3495,3,101,4,3,0.9086632409293894,0.1772283741695239
43003,oracle_event_oracle_qr,3495,3,101,8,3,0.9086632409293894,0.1772283741695239
43003,oracle_event_oracle_qr,3495,3,101,16,3,0.9086632409293894,0.1772283741695239
43003,oracle_event_oracle_qr,3499,3,101,1,1,0.3615903903207009,0.010213266073392057
43003,oracle_event_oracle_qr,3499,3,101,4,4,0.9421908685629015,0.02676059779058062
43003,oracle_event_oracle_qr,3499,3,101,8,8,0.5963088151262912,0.018035682023906614
43003,oracle_event_oracle_qr,3499,3,101,16,16,0.5664869244362792,0.011320918452081802
43003,oracle_event_oracle_qr,3581,3,110,1,1,-0.4761819617837734,4.879128925712412e-06
43003,oracle_event_oracle_qr,3581,3,110,4,4,-0.03966968165658005,0.013610488235165683
43003,oracle_event_oracle_qr,3581,3,110,8,8,-0.010940019089962054,0.008477829665015575
43003,oracle_event_oracle_qr,3581,3,110,16,9,-0.003992969072894417,0.007549951585254648
43003,oracle_event_oracle_qr,3591,3,110,1,1,-0.43759306780515783,0.019464085910669216
43003,oracle_event_oracle_qr,3591,3,110,4,4,-0.39768084390210223,0.010187421703521394
43003,oracle_event_oracle_qr,3591,3,110,8,8,-0.4279430873399462,0.016925022670159925
43003,oracle_event_oracle_qr,3591,3,110,16,16,-0.36343553146258484,0.01128010763830102
43003,oracle_event_oracle_qr,3619,3,110,1,1,0.3024729115821952,0.003111657195984168
43003,oracle_event_oracle_qr,3619,3,110,4,4,0.6801451380083409,0.006041393186744415
43003,oracle_event_oracle_qr,3619,3,110,8,8,0.5005747738274038,0.00424116438409935
43003,oracle_event_oracle_qr,3619,3,110,16,16,0.16957403470421362,0.005279837171879118
43003,oracle_event_oracle_qr,3655,3,111,1,1,0.8385684525164632,0.259857837685681
43003,oracle_event_oracle_qr,3655,3,111,4,3,1.0637653617285918,0.16704906706467704
43003,oracle_event_oracle_qr,3655,3,111,8,3,1.0637653617285918,0.16704906706467704
43003,oracle_event_oracle_qr,3655,3,111,16,3,1.0637653617285918,0.16704906706467704
43003,oracle_event_oracle_qr,3659,3,111,1,1,0.5471408611601494,0.0599584935732702
43003,oracle_event_oracle_qr,3659,3,111,4,4,0.40079241161445994,0.0254528060140142
43003,oracle_event_oracle_qr,3659,3,111,8,8,0.5056842718782093,0.03357071330644292
43003,oracle_event_oracle_qr,3659,3,111,16,13,0.5126324881599772,0.04947326562900342
43003,oracle_event_oracle_qr,3673,3,111,1,1,0.6082460333124632,0.1114735975992592
43003,oracle_event_oracle_qr,3673,3,111,4,4,0.8530159472692619,0.05223333533626297
43003,oracle_event_oracle_qr,3673,3,111,8,7,0.9280257939804221,0.07013750422509865
43003,oracle_event_oracle_qr,3673,3,111,16,7,0.9280257939804221,0.07013750422509865
43003,oracle_event_oracle_qr,3681,3,111,1,1,1.4200558381002477,0.006701393720552364
43003,oracle_event_oracle_qr,3681,3,111,4,4,1.396338683206128,0.03067112860638772
43003,oracle_event_oracle_qr,3681,3,111,8,8,1.2538977887110194,0.0632941612725402
43003,oracle_event_oracle_qr,3681,3,111,16,16,0.9512615762116401,0.06673035823522826
43003,oracle_event_oracle_qr,3706,3,111,1,1,1.1297701366427253,0.018068208051399196
43003,oracle_event_oracle_qr,3706,3,111,4,2,2.5639918074884793,0.09110924513269365
43003,oracle_event_oracle_qr,3706,3,111,8,2,2.5639918074884793,0.09110924513269365
43003,oracle_event_oracle_qr,3706,3,111,16,2,2.5639918074884793,0.09110924513269365
43003,oracle_event_oracle_qr,3709,3,111,1,1,0.7016067303792975,0.03389400923473055
43003,oracle_event_oracle_qr,3709,3,111,4,4,0.46293219451840756,0.07589847451243287
43003,oracle_event_oracle_qr,3709,3,111,8,8,0.752593856100086,0.11003117584207198
43003,oracle_event_oracle_qr,3709,3,111,16,16,0.73937125626961,0.08469550705038406
43003,oracle_event_oracle_qr,3735,3,111,1,1,0.7516572518600585,0.011026531733498506
43003,oracle_event_oracle_qr,3735,3,111,4,4,0.587050351924524,0.005058649425664303
43003,oracle_event_oracle_qr,3735,3,111,8,4,0.587050351924524,0.005058649425664303
43003,oracle_event_oracle_qr,3735,3,111,16,4,0.587050351924524,0.005058649425664303
43003,oracle_event_oracle_qr,3740,3,111,1,1,0.5223868747780994,1.0983248210402884e-05
43003,oracle_event_oracle_qr,3740,3,111,4,4,0.30994509418083305,0.03106107157988116
43003,oracle_event_oracle_qr,3740,3,111,8,8,0.32078839589141817,0.016666268008410052
43003,oracle_event_oracle_qr,3740,3,111,16,8,0.32078839589141817,0.016666268008410052
43003,oracle_event_oracle_qr,3749,3,110,1,1,-0.4629593669880547,2.7135037479206672e-05
43003,oracle_event_oracle_qr,3749,3,110,4,4,-0.1990597479129786,0.0003270586322662621
43003,oracle_event_oracle_qr,3749,3,110,8,8,-0.27191215557227166,0.0027254419284780387
43003,oracle_event_oracle_qr,3749,3,110,16,11,-0.24031184760654997,0.00393791367821894
43003,oracle_event_oracle_qr,3761,3,110,1,1,-0.4445030197619231,0.03631536560605923
43003,oracle_event_oracle_qr,3761,3,110,4,4,-0.21328826310269575,0.010261789024381802
43003,oracle_event_oracle_qr,3761,3,110,8,8,-0.11048887008221649,0.009694065184730974
43003,oracle_event_oracle_qr,3761,3,110,16,10,-0.16528693979270523,0.008748609690804146
43003,oracle_event_oracle_qr,3772,3,110,1,1,-0.3113472148736742,0.002898276353822343
43003,oracle_event_oracle_qr,3772,3,110,4,3,-0.12770837839804577,0.00554668773933729
43003,oracle_event_oracle_qr,3772,3,110,8,3,-0.12770837839804577,0.00554668773933729
43003,oracle_event_oracle_qr,3772,3,110,16,3,-0.12770837839804577,0.00554668773933729
43003,oracle_event_oracle_qr,3776,3,110,1,1,0.34248084918607036,0.03330476729143867
43003,oracle_event_oracle_qr,3776,3,110,4,4,0.2917589262254408,0.010625898280938443
43003,oracle_event_oracle_qr,3776,3,110,8,8,0.21380251472827094,0.007438716923539904
43003,oracle_event_oracle_qr,3776,3,110,16,16,-0.075113713425928,0.005609579440252575
43003,oracle_event_oracle_qr,3813,3,110,1,1,1.0607580192966723,0.004766027228794973
43003,oracle_event_oracle_qr,3813,3,110,4,4,0.6561642174121602,0.0025616241818809983
43003,oracle_event_oracle_qr,3813,3,110,8,8,0.34102574366060745,0.0015179210450436504
43003,oracle_event_oracle_qr,3813,3,110,16,16,0.12545420455443346,0.004392292913663676
43003,oracle_event_oracle_qr,3833,3,110,1,1,-0.23210859400287387,0.00021631404863181247
43003,oracle_event_oracle_qr,3833,3,110,4,1,-0.23210859400287387,0.00021631404863181247
43003,oracle_event_oracle_qr,3833,3,110,8,1,-0.23210859400287387,0.00021631404863181247
43003,oracle_event_oracle_qr,3833,3,110,16,1,-0.23210859400287387,0.00021631404863181247
43003,oracle_event_oracle_qr,3836,3,110,1,1,-0.45803514701390713,0.0009650593958335915
43003,oracle_event_oracle_qr,3836,3,110,4,4,-0.3608029989142246,0.008024207637731314
43003,oracle_event_oracle_qr,3836,3,110,8,8,-0.058347865267386584,0.012392994700633873
43003,oracle_event_oracle_qr,3836,3,110,16,11,-0.0983109409768415,0.009427649048200424
43003,oracle_event_oracle_qr,3848,3,110,1,1,-0.41689787181336396,0.0048301595665430404
43003,oracle_event_oracle_qr,3848,3,110,4,4,0.049500047532943264,0.01177260220683685
43003,oracle_event_oracle_qr,3848,3,110,8,8,-0.20411320260888766,0.007634465996869484
43003,oracle_event_oracle_qr,3848,3,110,16,16,-0.1098407797237482,0.005652857065686847
43003,oracle_event_oracle_qr,3869,3,110,1,1,0.969548193986854,0.019979544998919324
43003,oracle_event_oracle_qr,3869,3,110,4,4,0.6753261021895174,0.006449798165074624
43003,oracle_event_oracle_qr,3869,3,110,8,8,0.3471573727898951,0.012325438143011099
43003,oracle_event_oracle_qr,3869,3,110,16,16,0.14127569309088264,0.009461818572075061
43003,oracle_event_oracle_qr,3900,3,110,1,1,-0.44275668118370054,0.028715724860041765
43003,oracle_event_oracle_qr,3900,3,110,4,4,-0.06967032292129177,0.010649111249083692
43003,oracle_event_oracle_qr,3900,3,110,8,5,-0.0915097475629397,0.01023066009739355
43003,oracle_event_oracle_qr,3900,3,110,16,5,-0.0915097475629397,0.01023066009739355
43003,oracle_event_oracle_qr,3906,3,110,1,1,-0.33628505119410435,0.004018309550370877
43003,oracle_event_oracle_qr,3906,3,110,4,4,-0.12606565930459435,0.003246217985853791
43003,oracle_event_oracle_qr,3906,3,110,8,7,-0.24324563595303825,0.005166353593691221
43003,oracle_event_oracle_qr,3906,3,110,16,7,-0.24324563595303825,0.005166353593691221
43003,oracle_event_oracle_qr,3914,3,110,1,1,-0.4372389423566102,0.004950965979885692
43003,oracle_event_oracle_qr,3914,3,110,4,4,0.02474557999082981,0.005606767676451943
43003,oracle_event_oracle_qr,3914,3,110,8,8,0.05996829787369645,0.009380922091070672
43003,oracle_event_oracle_qr,3914,3,110,16,16,-0.07170959088311754,0.00780046322662294
43003,oracle_event_oracle_qr,3970,3,101,1,1,0.8824319471219795,0.36972572542067933
43003,oracle_event_oracle_qr,3970,3,101,4,4,1.1400647408562712,0.1486607270798421
43003,oracle_event_oracle_qr,3970,3,101,8,8,0.8531124259820082,0.11911243325173962
43003,oracle_event_oracle_qr,3970,3,101,16,9,0.9567358617469193,0.10683568837140671
43003,oracle_event_oracle_qr,3980,3,101,1,1,0.5495817985744873,0.008082608009794332
43003,oracle_event_oracle_qr,3980,3,101,4,4,0.8420225604346608,0.01558820947583025
43003,oracle_event_oracle_qr,3980,3,101,8,8,0.8345870163556168,0.012178245119811505
43003,oracle_event_oracle_qr,3980,3,101,16,10,1.0252821023924146,0.0120542041360619
43003,oracle_event_oracle_qr,3991,3,101,1,1,0.9428594192396998,0.009966490451987414
43003,oracle_event_oracle_qr,3991,3,101,4,4,0.6936895865950072,0.03501008637452789
43003,oracle_event_oracle_qr,3991,3,101,8,8,0.6568872751365403,0.03330637467847761
43003,oracle_event_oracle_qr,3991,3,101,16,16,0.40436306297905866,0.018666962986445625
43003,oracle_event_oracle_qr,4052,3,101,1,1,0.41648484468062,0.6459614915160626
43003,oracle_event_oracle_qr,4052,3,101,4,4,1.1351411814724233,0.30753238867003396
43003,oracle_event_oracle_qr,4052,3,101,8,8,0.7669427812773246,0.18306652266978557
43003,oracle_event_oracle_qr,4052,3,101,16,10,0.7458331919744148,0.1531597181158278
43003,oracle_event_oracle_qr,4063,3,101,1,1,1.7756589837481753,0.055666498309677605
43003,oracle_event_oracle_qr,4063,3,101,4,4,0.972986125022557,0.04252975568413086
43003,oracle_event_oracle_qr,4063,3,101,8,8,0.8714180373804837,0.03231550669372195
43003,oracle_event_oracle_qr,4063,3,101,16,16,0.9834325031483171,0.04108492460880321
43003,oracle_event_oracle_qr,4161,3,101,1,1,1.5870522351197889,0.008307068109930937
43003,oracle_event_oracle_qr,4161,3,101,4,3,0.7887815755564646,0.003992010956947867
43003,oracle_event_oracle_qr,4161,3,101,8,3,0.7887815755564646,0.003992010956947867
43003,oracle_event_oracle_qr,4161,3,101,16,3,0.7887815755564646,0.003992010956947867
43003,oracle_event_oracle_qr,4165,3,101,1,1,0.3719487484718504,0.0938345012332827
43003,oracle_event_oracle_qr,4165,3,101,4,4,1.0181539542999207,0.04697191486149961
43003,oracle_event_oracle_qr,4165,3,101,8,6,1.2573944323577824,0.03235157065837964
43003,oracle_event_oracle_qr,4165,3,101,16,6,1.2573944323577824,0.03235157065837964
43003,oracle_event_oracle_qr,4172,3,101,1,1,1.9430362527903142,0.056750329748575204
43003,oracle_event_oracle_qr,4172,3,101,4,4,0.9191548602561048,0.01518323893052368
43003,oracle_event_oracle_qr,4172,3,101,8,4,0.9191548602561048,0.01518323893052368
43003,oracle_event_oracle_qr,4172,3,101,16,4,0.9191548602561048,0.01518323893052368
43003,oracle_event_oracle_qr,4177,3,101,1,1,1.1563930453011972,0.00737559982762975
43003,oracle_event_oracle_qr,4177,3,101,4,4,0.5341927253264387,0.029750671688629243
43003,oracle_event_oracle_qr,4177,3,101,8,8,0.3923617627661346,0.017112169765631603
43003,oracle_event_oracle_qr,4177,3,101,16,11,0.34748095204801843,0.013104835672306098
43003,oracle_event_oracle_qr,4189,3,101,1,1,0.37103008392144043,0.08848787258919767
43003,oracle_event_oracle_qr,4189,3,101,4,4,0.5222799583220614,0.026284676086326793
43003,oracle_event_oracle_qr,4189,3,101,8,8,0.5311176348014508,0.014137826512082678
43003,oracle_event_oracle_qr,4189,3,101,16,13,0.4409943273245741,0.026342287908058443
43003,oracle_event_oracle_qr,4203,3,101,1,1,0.5092174758022432,0.026956731773052422
43003,oracle_event_oracle_qr,4203,3,101,4,4,0.33886941795196424,0.028929084825154064
43003,oracle_event_oracle_qr,4203,3,101,8,8,0.4989744957704625,0.051801781662228014
43003,oracle_event_oracle_qr,4203,3,101,16,14,0.6056530034809634,0.0341548613061302
43003,oracle_event_oracle_qr,4218,3,101,1,1,1.0463035620167644,0.049558785861723686
43003,oracle_event_oracle_qr,4218,3,101,4,4,0.8863924696826225,0.020249657566612442
43003,oracle_event_oracle_qr,4218,3,101,8,8,0.6592925572001783,0.04968783336098083
43003,oracle_event_oracle_qr,4218,3,101,16,16,0.5847477553629408,0.042165761321949824
43003,oracle_event_oracle_qr,4247,3,011,1,1,0.6388600603454319,0.0008303721344645972
43003,oracle_event_oracle_qr,4247,3,011,4,4,0.65174446109084,0.15111950743375607
43003,oracle_event_oracle_qr,4247,3,011,8,8,0.6026313621121004,0.09463620807076711
43003,oracle_event_oracle_qr,4247,3,011,16,16,0.5757892117011926,0.05849216312233943
43003,oracle_event_oracle_qr,4429,3,111,1,1,0.43669448139849115,0.03821666347268967
43003,oracle_event_oracle_qr,4429,3,111,4,4,0.5635921980162892,0.026260320875429455
43003,oracle_event_oracle_qr,4429,3,111,8,8,0.584480397876146,0.022839623212725403
43003,oracle_event_oracle_qr,4429,3,111,16,16,0.7007762010956077,0.03760556962137994
43003,oracle_event_oracle_qr,4449,3,111,1,1,0.8798656477468307,0.0494675002658309
43003,oracle_event_oracle_qr,4449,3,111,4,3,0.8773215247485359,0.1413477312693787
43003,oracle_event_oracle_qr,4449,3,111,8,3,0.8773215247485359,0.1413477312693787
43003,oracle_event_oracle_qr,4449,3,111,16,3,0.8773215247485359,0.1413477312693787
43003,oracle_event_oracle_qr,4453,3,111,1,1,0.6284984564204212,0.4134865911024013
43003,oracle_event_oracle_qr,4453,3,111,4,4,0.950121810792192,0.23055774656760258
43003,oracle_event_oracle_qr,4453,3,111,8,8,0.7462351351530373,0.12314984221277614
43003,oracle_event_oracle_qr,4453,3,111,16,10,0.6942913215403294,0.09871808509045979
43003,oracle_event_oracle_qr,4464,3,111,1,1,0.4657310267499072,0.016360995166042308
43003,oracle_event_oracle_qr,4464,3,111,4,4,0.6604623743547743,0.2153082913181325
43003,oracle_event_oracle_qr,4464,3,111,8,8,0.7125824221804731,0.13699742733860076
43003,oracle_event_oracle_qr,4464,3,111,16,16,0.7221478564767234,0.11417080115449074
43003,oracle_event_oracle_qr,4485,3,111,1,1,1.2964772324360647,0.011109936175440331
43003,oracle_event_oracle_qr,4485,3,111,4,4,0.6102965057037668,0.0159703834525198
43003,oracle_event_oracle_qr,4485,3,111,8,8,0.5081724748725305,0.013384849565243495
43003,oracle_event_oracle_qr,4485,3,111,16,16,0.8428679154078738,0.03524533631270875
43003,oracle_event_oracle_qr,4507,3,111,1,1,1.8362330406994347,0.027920755463698793
43003,oracle_event_oracle_qr,4507,3,111,4,2,2.0611057736929985,0.04180285758759423
43003,oracle_event_oracle_qr,4507,3,111,8,2,2.0611057736929985,0.04180285758759423
43003,oracle_event_oracle_qr,4507,3,111,16,2,2.0611057736929985,0.04180285758759423
43003,oracle_event_oracle_qr,4510,3,111,1,1,1.293607433514872,0.0028276521473183493
43003,oracle_event_oracle_qr,4510,3,111,4,4,1.1416764644108155,0.11274198030945877
43003,oracle_event_oracle_qr,4510,3,111,8,8,0.9468745639534158,0.1463378121813409
43003,oracle_event_oracle_qr,4510,3,111,16,16,0.7992504560494808,0.13192233359614897
43003,oracle_event_oracle_qr,4543,3,111,1,1,3.2168827707211447,0.004979911022470038
43003,oracle_event_oracle_qr,4543,3,111,4,4,1.14446885252222,0.005330064602685113
43003,oracle_event_oracle_qr,4543,3,111,8,8,0.815019137195809,0.042939821953157535
43003,oracle_event_oracle_qr,4543,3,111,16,16,0.6902759475713429,0.09154952994868376
43003,oracle_event_oracle_qr,4567,3,111,1,1,1.0140473362879818,0.000350444807023673
43003,oracle_event_oracle_qr,4567,3,111,4,4,0.824335849521207,0.10668417307878675
43003,oracle_event_oracle_qr,4567,3,111,8,8,0.6138807398402026,0.12929115460528262
43003,oracle_event_oracle_qr,4567,3,111,16,16,0.9224652772526896,0.11169001688823327
43003,oracle_event_oracle_qr,4584,3,111,1,1,1.7347112150386033,0.11760582190339293
43003,oracle_event_oracle_qr,4584,3,111,4,4,0.9076204348661617,0.06866237771942398
43003,oracle_event_oracle_qr,4584,3,111,8,8,0.6526424562892488,0.04028341352530675
43003,oracle_event_oracle_qr,4584,3,111,16,16,0.5947510198672729,0.058923091358680936
43003,oracle_event_oracle_qr,4604,3,111,1,1,2.5907177108512403,0.06900241638544506
43003,oracle_event_oracle_qr,4604,3,111,4,3,1.414894013020942,0.08422090466188166
43003,oracle_event_oracle_qr,4604,3,111,8,3,1.414894013020942,0.08422090466188166
43003,oracle_event_oracle_qr,4604,3,111,16,3,1.414894013020942,0.08422090466188166
43003,h_plus_total_variance,18,0,101,1,1,0.5946106598670127,0.03740593924174325
43003,h_plus_total_variance,18,0,101,4,4,0.6113494159739046,0.02473698400383214
43003,h_plus_total_variance,18,0,101,8,4,0.6113494159739046,0.02473698400383214
43003,h_plus_total_variance,18,0,101,16,4,0.6113494159739046,0.02473698400383214
43003,h_plus_total_variance,23,0,101,1,1,0.9113928717295996,0.039250594428093435
43003,h_plus_total_variance,23,0,101,4,4,0.7064364756604959,0.026184567846115996
43003,h_plus_total_variance,23,0,101,8,8,0.756104866820578,0.04178059650353945
43003,h_plus_total_variance,23,0,101,16,16,0.694496730551781,0.03593477493818348
43003,h_plus_total_variance,71,0,101,1,1,0.4651722389690579,0.020347367595343738
43003,h_plus_total_variance,71,0,101,4,4,0.7442848961395687,0.020666393526787005
43003,h_plus_total_variance,71,0,101,8,8,0.8823273074233662,0.020194819611185123
43003,h_plus_total_variance,71,0,101,16,16,0.7694584292672122,0.029054414752334758
43003,h_plus_total_variance,101,0,101,1,1,1.0832365880239552,0.0023935005229168693
43003,h_plus_total_variance,101,0,101,4,4,0.5527396889548576,0.007562522295780036
43003,h_plus_total_variance,101,0,101,8,8,0.5454568002131015,0.010436753291776664
43003,h_plus_total_variance,101,0,101,16,16,0.5336856209935297,0.015536064076347774
43003,h_plus_total_variance,236,0,101,1,1,1.0812454955967832,0.10471815333808289
43003,h_plus_total_variance,236,0,101,4,4,0.7677563270286049,0.04859988007380149
43003,h_plus_total_variance,236,0,101,8,8,0.5395587657963441,0.02717159505789204
43003,h_plus_total_variance,236,0,101,16,16,0.8340591496495854,0.027696568807366553
43003,h_plus_total_variance,266,0,101,1,1,0.45716934311266605,0.052464547833970365
43003,h_plus_total_variance,266,0,101,4,4,1.2499264707781843,0.15254734172368145
43003,h_plus_total_variance,266,0,101,8,8,0.9685440489595438,0.14408525690661184
43003,h_plus_total_variance,266,0,101,16,16,1.0561812127728905,0.09219449123168855
43003,h_plus_total_variance,285,0,101,1,1,0.7314346134197764,0.36306242396158517
43003,h_plus_total_variance,285,0,101,4,3,0.9023124094214481,0.20101081763901588
43003,h_plus_total_variance,285,0,101,8,3,0.9023124094214481,0.20101081763901588
43003,h_plus_total_variance,285,0,101,16,3,0.9023124094214481,0.20101081763901588
43003,h_plus_total_variance,289,0,111,1,1,0.9097884276500205,0.5019397225322375
43003,h_plus_total_variance,289,0,111,4,4,0.8207970192427985,0.19400325501108212
43003,h_plus_total_variance,289,0,111,8,8,0.8635207130294242,0.11447582581693269
43003,h_plus_total_variance,289,0,111,16,8,0.8635207130294242,0.11447582581693269
43003,h_plus_total_variance,298,0,111,1,1,2.153197898493648,1.1446009215262303
43003,h_plus_total_variance,298,0,111,4,4,1.4142389801010675,0.4300928753494677
43003,h_plus_total_variance,298,0,111,8,8,1.1464413040323542,0.2163942148482883
43003,h_plus_total_variance,298,0,111,16,16,0.9531453474381846,0.14707234211518272
43003,h_plus_total_variance,327,0,111,1,1,1.343891640750076,0.4240403697300469
43003,h_plus_total_variance,327,0,111,4,4,1.1469921795012543,0.13609188426849816
43003,h_plus_total_variance,327,0,111,8,8,1.1207354903024944,0.09793473671792864
43003,h_plus_total_variance,327,0,111,16,16,0.9972559507177574,0.0744098893586019
43003,h_plus_total_variance,356,0,111,1,1,0.6434542462796291,0.16123308753812313
43003,h_plus_total_variance,356,0,111,4,4,0.7340568037817348,0.15090232048027277
43003,h_plus_total_variance,356,0,111,8,8,1.1568406261620814,0.08443491038051752
43003,h_plus_total_variance,356,0,111,16,16,1.1105503572606987,0.11205216721501092
43003,h_plus_total_variance,386,0,110,1,1,0.4611178576606976,0.0050919270249419335
43003,h_plus_total_variance,386,0,110,4,4,0.41943841895265743,0.003983291368438801
43003,h_plus_total_variance,386,0,110,8,8,0.3582911907535826,0.013665551721186508
43003,h_plus_total_variance,386,0,110,16,16,0.3298568076808262,0.012089029029939538
43003,h_plus_total_variance,416,0,110,1,1,0.24234590050777619,0.00042002452027462917
43003,h_plus_total_variance,416,0,110,4,4,-0.0058096274255833615,0.014527968186533813
43003,h_plus_total_variance,416,0,110,8,8,-0.07704116066688597,0.012708953356459928
43003,h_plus_total_variance,416,0,110,16,16,-0.15229449663493186,0.012293301915966972
43003,h_plus_total_variance,448,0,110,1,1,1.349457146332095,0.06301587802612743
43003,h_plus_total_variance,448,0,110,4,4,0.45664457729599556,0.0421535444787351
43003,h_plus_total_variance,448,0,110,8,6,0.193716843194522,0.031915336606811964
43003,h_plus_total_variance,448,0,110,16,6,0.193716843194522,0.031915336606811964
43003,h_plus_total_variance,455,0,110,1,1,-0.2541431828045647,0.010240925612950407
43003,h_plus_total_variance,455,0,110,4,4,-0.2984678808264042,0.012810294839368647
43003,h_plus_total_variance,455,0,110,8,8,0.10553743057435233,0.019232164255560368
43003,h_plus_total_variance,455,0,110,16,16,0.13204600741517142,0.026529343971558816
43003,h_plus_total_variance,497,0,110,1,1,0.12977495263151664,0.006058794741794579
43003,h_plus_total_variance,497,0,110,4,4,-0.18308085121458098,0.012175640403530126
43003,h_plus_total_variance,497,0,110,8,8,0.2929363085488899,0.0159056854074728
43003,h_plus_total_variance,497,0,110,16,9,0.1945162320222401,0.019769262526081452
43003,h_plus_total_variance,507,0,110,1,1,-0.4888346227122119,0.0012170845583076495
43003,h_plus_total_variance,507,0,110,4,4,-0.48827068865300616,0.004534239060615316
43003,h_plus_total_variance,507,0,110,8,8,1.0034917768640128,0.0830179384074723
43003,h_plus_total_variance,507,0,110,16,16,1.1172045890499125,0.09770251888892831
43003,h_plus_total_variance,640,0,110,1,1,0.24526787033438602,0.008334185224220421
43003,h_plus_total_variance,640,0,110,4,4,0.24323791768512848,0.009902119305033997
43003,h_plus_total_variance,640,0,110,8,4,0.24323791768512848,0.009902119305033997
43003,h_plus_total_variance,640,0,110,16,4,0.24323791768512848,0.009902119305033997
43003,h_plus_total_variance,645,0,110,1,1,0.5349773105435601,0.0041921480620639535
43003,h_plus_total_variance,645,0,110,4,4,0.3137104317754347,0.006041681240304901
43003,h_plus_total_variance,645,0,110,8,8,0.16932998478193054,0.005237731602581832
43003,h_plus_total_variance,645,0,110,16,9,0.1971244722470632,0.012107466335827242
43003,h_plus_total_variance,655,0,110,1,1,0.2884910804104687,0.03792060886720228
43003,h_plus_total_variance,655,0,110,4,4,0.17188266586573667,0.02323343060497035
43003,h_plus_total_variance,655,0,110,8,8,0.26320040409754286,0.03632906422228415
43003,h_plus_total_variance,655,0,110,16,16,0.20407385030510145,0.024125532310962268
43003,h_plus_total_variance,718,0,111,1,1,0.5288290928215021,0.35772089857060274
43003,h_plus_total_variance,718,0,111,4,4,1.2931967175322399,0.09407190849638447
43003,h_plus_total_variance,718,0,111,8,8,1.011086282572582,0.07401699253525092
43003,h_plus_total_variance,718,0,111,16,16,1.163871208070584,0.050115478004421427
43003,h_plus_total_variance,756,0,111,1,1,0.3136213635935032,0.03896605869664685
43003,h_plus_total_variance,756,0,111,4,4,0.1943702520505081,0.03784883599629356
43003,h_plus_total_variance,756,0,111,8,8,0.31345984515650827,0.027406979243794993
43003,h_plus_total_variance,756,0,111,16,16,0.34772751755477516,0.02644149295350793
43003,h_plus_total_variance,776,0,110,1,1,-0.06493819751467514,0.004252192530379017
43003,h_plus_total_variance,776,0,110,4,4,0.35508629077760895,0.020240389673229563
43003,h_plus_total_variance,776,0,110,8,6,0.13682038335134594,0.014499755427038236
43003,h_plus_total_variance,776,0,110,16,6,0.13682038335134594,0.014499755427038236
43003,h_plus_total_variance,783,0,110,1,1,0.09721875831607138,0.00890495139593328
43003,h_plus_total_variance,783,0,110,4,3,0.0002654739834449434,0.007813088586752679
43003,h_plus_total_variance,783,0,110,8,3,0.0002654739834449434,0.007813088586752679
43003,h_plus_total_variance,783,0,110,16,3,0.0002654739834449434,0.007813088586752679
43003,h_plus_total_variance,787,0,110,1,1,-0.08875982878685315,0.0060569939075252
43003,h_plus_total_variance,787,0,110,4,4,0.16791926408500485,0.01145355761636318
43003,h_plus_total_variance,787,0,110,8,8,-0.00469779778355553,0.009749078695260458
43003,h_plus_total_variance,787,0,110,16,16,0.003965188896616054,0.021673118245749273
43003,h_plus_total_variance,828,0,110,1,1,1.0123552885675928,0.041023883564131856
43003,h_plus_total_variance,828,0,110,4,2,0.8669157147840143,0.026263025331538466
43003,h_plus_total_variance,828,0,110,8,2,0.8669157147840143,0.026263025331538466
43003,h_plus_total_variance,828,0,110,16,2,0.8669157147840143,0.026263025331538466
43003,h_plus_total_variance,831,0,110,1,1,-0.5027740638848491,0.001803692131245394
43003,h_plus_total_variance,831,0,110,4,4,0.3756631216303879,0.02877698888118843
43003,h_plus_total_variance,831,0,110,8,8,0.1978495831866967,0.030011360987189293
43003,h_plus_total_variance,831,0,110,16,15,0.29682237313645565,0.03203221703056301
43003,h_plus_total_variance,848,0,110,1,1,0.42256101959399384,0.04369259122619127
43003,h_plus_total_variance,848,0,110,4,4,0.1189282160736574,0.04028860776408261
43003,h_plus_total_variance,848,0,110,8,8,0.21000049579623678,0.025859951876970582
43003,h_plus_total_variance,848,0,110,16,9,0.15368357016270137,0.024390849901594198
43003,h_plus_total_variance,858,0,110,1,1,1.0587243100423118,0.03437379511337394
43003,h_plus_total_variance,858,0,110,4,3,1.64801294822406,0.062623635617173
43003,h_plus_total_variance,858,0,110,8,3,1.64801294822406,0.062623635617173
43003,h_plus_total_variance,858,0,110,16,3,1.64801294822406,0.062623635617173
43003,h_plus_total_variance,862,0,110,1,1,0.37925589461801873,4.439298976975517e-05
43003,h_plus_total_variance,862,0,110,4,4,0.10950009743941366,0.03786654743438057
43003,h_plus_total_variance,862,0,110,8,8,-0.0030416307706510465,0.04688443671022859
43003,h_plus_total_variance,862,0,110,16,16,0.6389730172013173,0.04592777317899789
43003,h_plus_total_variance,921,0,101,1,1,0.27028641055016384,0.0007188679828145856
43003,h_plus_total_variance,921,0,101,4,4,0.2987628243997892,0.0037325714240366535
43003,h_plus_total_variance,921,0,101,8,8,0.30306588353401,0.007627545351446633
43003,h_plus_total_variance,921,0,101,16,16,0.6714675193609103,0.018619833055405467
43003,h_plus_total_variance,945,0,101,1,1,2.4160131896572086,0.061585179570450135
43003,h_plus_total_variance,945,0,101,4,4,1.1598862296553951,0.03576110881649238
43003,h_plus_total_variance,945,0,101,8,8,0.80730694138846,0.05140243748966755
43003,h_plus_total_variance,945,0,101,16,16,0.7951543220235519,0.04409904317621795
43003,h_plus_total_variance,1039,0,111,1,1,0.7448766889845108,0.08767036470798545
43003,h_plus_total_variance,1039,0,111,4,4,0.518003527571469,0.0729437689861741
43003,h_plus_total_variance,1039,0,111,8,5,0.8195894401403075,0.059874210328042465
43003,h_plus_total_variance,1039,0,111,16,5,0.8195894401403075,0.059874210328042465
43003,h_plus_total_variance,1045,0,111,1,1,1.6347310862615332,0.04687971752684233
43003,h_plus_total_variance,1045,0,111,4,4,1.2461842219451236,0.056369921282150945
43003,h_plus_total_variance,1045,0,111,8,7,1.2924922252503184,0.04674056832637291
43003,h_plus_total_variance,1045,0,111,16,7,1.2924922252503184,0.04674056832637291
43003,h_plus_total_variance,1053,0,111,1,1,0.2948363412927506,0.15094515118481097
43003,h_plus_total_variance,1053,0,111,4,4,0.5353908469230714,0.11473636003738985
43003,h_plus_total_variance,1053,0,111,8,8,1.1275011190908604,0.14093761321902845
43003,h_plus_total_variance,1053,0,111,16,16,1.000482793097567,0.14956245494775783
43003,h_plus_total_variance,1075,0,111,1,1,0.5298982374255125,0.009017579517827383
43003,h_plus_total_variance,1075,0,111,4,4,0.46434740377991707,0.07126519705316346
43003,h_plus_total_variance,1075,0,111,8,7,1.0908894100347122,0.1010014212937197
43003,h_plus_total_variance,1075,0,111,16,7,1.0908894100347122,0.1010014212937197
43003,h_plus_total_variance,1083,0,111,1,1,1.0858951273955593,0.007411608910691572
43003,h_plus_total_variance,1083,0,111,4,4,0.778418278065344,0.010039129336514654
43003,h_plus_total_variance,1083,0,111,8,8,0.7491732541106739,0.021664259727689386
43003,h_plus_total_variance,1083,0,111,16,16,0.8089501496787188,0.017459795268812132
43003,h_plus_total_variance,1179,1,101,1,1,0.6153310168995281,0.010767554041957743
43003,h_plus_total_variance,1179,1,101,4,4,0.35770113171312695,0.0341500195823989
43003,h_plus_total_variance,1179,1,101,8,5,0.6946907546300286,0.054434705687506434
43003,h_plus_total_variance,1179,1,101,16,5,0.6946907546300286,0.054434705687506434
43003,h_plus_total_variance,1185,1,101,1,1,0.39660565264284575,0.13667414959608096
43003,h_plus_total_variance,1185,1,101,4,4,0.7607951425980765,0.05872833027866851
43003,h_plus_total_variance,1185,1,101,8,8,0.6194475109394336,0.03272603492946319
43003,h_plus_total_variance,1185,1,101,16,16,0.4425553541441598,0.020947539315719313
43003,h_plus_total_variance,1212,1,101,1,1,1.654099887560249,0.020986438356958938
43003,h_plus_total_variance,1212,1,101,4,4,1.1960741965489974,0.02599148491767707
43003,h_plus_total_variance,1212,1,101,8,8,1.045095573466066,0.06938604967029136
43003,h_plus_total_variance,1212,1,101,16,13,0.77494780193256,0.07234527594333882
43003,h_plus_total_variance,1226,1,101,1,1,0.32086127544180676,0.04795675123629516
43003,h_plus_total_variance,1226,1,101,4,4,0.7860036818031177,0.06147725055204967
43003,h_plus_total_variance,1226,1,101,8,8,1.0320502640263869,0.03549681054392722
43003,h_plus_total_variance,1226,1,101,16,16,0.9003353089633481,0.027677998612545548
43003,h_plus_total_variance,1254,1,101,1,1,0.5761053874666371,4.353267728986322e-05
43003,h_plus_total_variance,1254,1,101,4,4,0.5532627656625204,0.008333129377594489
43003,h_plus_total_variance,1254,1,101,8,8,0.5461102689805845,0.013915736069541435
43003,h_plus_total_variance,1254,1,101,16,16,0.4988230746877771,0.01770865322445031
43003,h_plus_total_variance,1432,1,101,1,1,0.6423552438370315,0.023465505236961778
43003,h_plus_total_variance,1432,1,101,4,3,0.837104370575863,0.013513833178337846
43003,h_plus_total_variance,1432,1,101,8,3,0.837104370575863,0.013513833178337846
43003,h_plus_total_variance,1432,1,101,16,3,0.837104370575863,0.013513833178337846
43003,h_plus_total_variance,1436,1,101,1,1,0.34229706811340616,0.012350948207485887
43003,h_plus_total_variance,1436,1,101,4,4,0.6973594001382935,0.014019158309539832
43003,h_plus_total_variance,1436,1,101,8,6,0.5660270724114166,0.014731183653181087
43003,h_plus_total_variance,1436,1,101,16,6,0.5660270724114166,0.014731183653181087
43003,h_plus_total_variance,1443,1,101,1,1,1.386931221748788,0.030549987842278675
43003,h_plus_total_variance,1443,1,101,4,4,0.6017596348585488,0.03366606380373719
43003,h_plus_total_variance,1443,1,101,8,8,0.4481454375132286,0.027945693699046502
43003,h_plus_total_variance,1443,1,101,16,9,0.4088483872479392,0.03479279814795149
43003,h_plus_total_variance,1453,1,101,1,1,0.08816393190777667,0.0005248235282401427
43003,h_plus_total_variance,1453,1,101,4,4,0.4901419590719331,0.006908683055808838
43003,h_plus_total_variance,1453,1,101,8,8,0.6198434034634088,0.007475959092783167
43003,h_plus_total_variance,1453,1,101,16,16,0.45977610516559825,0.015313841051859619
43003,h_plus_total_variance,1537,1,111,1,1,3.7836393890490805,0.9980899139634639
43003,h_plus_total_variance,1537,1,111,4,4,2.7117397463572424,0.28991876562583124
43003,h_plus_total_variance,1537,1,111,8,8,1.7450245961152149,0.1841662125247098
43003,h_plus_total_variance,1537,1,111,16,16,1.2025105340308924,0.14806680205756792
43003,h_plus_total_variance,1604,1,110,1,1,0.294907730873669,0.002387817418784252
43003,h_plus_total_variance,1604,1,110,4,4,0.2149008315107437,0.014203711605648543
43003,h_plus_total_variance,1604,1,110,8,4,0.2149008315107437,0.014203711605648543
43003,h_plus_total_variance,1604,1,110,16,4,0.2149008315107437,0.014203711605648543
43003,h_plus_total_variance,1609,1,110,1,1,0.23064964825680032,0.0008237297247754937
43003,h_plus_total_variance,1609,1,110,4,4,0.19640382440374027,0.004816719603561562
43003,h_plus_total_variance,1609,1,110,8,6,0.12737545845372278,0.006280276811663823
43003,h_plus_total_variance,1609,1,110,16,6,0.12737545845372278,0.006280276811663823
43003,h_plus_total_variance,1616,1,110,1,1,0.3866404326163308,0.006632918821330247
43003,h_plus_total_variance,1616,1,110,4,4,0.23947264375573846,0.02686713417770526
43003,h_plus_total_variance,1616,1,110,8,8,0.11499230449965357,0.019976352409407767
43003,h_plus_total_variance,1616,1,110,16,16,0.3238428881422628,0.03457376126662969
43003,h_plus_total_variance,1695,1,110,1,1,-0.4856353024309359,0.006451149494998336
43003,h_plus_total_variance,1695,1,110,4,4,0.0852013373892789,0.01358600153899891
43003,h_plus_total_variance,1695,1,110,8,8,-0.19136964324740702,0.00945660454932216
43003,h_plus_total_variance,1695,1,110,16,16,-0.05425793114166022,0.011099619504995769
43003,h_plus_total_variance,1714,1,110,1,1,0.002066479490790314,0.14974513054454414
43003,h_plus_total_variance,1714,1,110,4,4,0.8737547505587661,0.12769174404064187
43003,h_plus_total_variance,1714,1,110,8,8,0.5600641518959646,0.07119538802754546
43003,h_plus_total_variance,1714,1,110,16,15,0.6655721874385577,0.05611381277852216
43003,h_plus_total_variance,1731,1,110,1,1,0.045527787256391845,0.014868125299410107
43003,h_plus_total_variance,1731,1,110,4,4,-0.1210787068451109,0.013184984404822866
43003,h_plus_total_variance,1731,1,110,8,8,0.16059080508631357,0.017657425020973994
43003,h_plus_total_variance,1731,1,110,16,16,-0.04293777453831795,0.021282804452864658
43003,h_plus_total_variance,1761,1,110,1,1,-0.6268876293815243,6.011982436997877e-05
43003,h_plus_total_variance,1761,1,110,4,4,0.5052718145486504,0.03337918971299016
43003,h_plus_total_variance,1761,1,110,8,8,0.15828547479815527,0.020971437701636356
43003,h_plus_total_variance,1761,1,110,16,9,0.07526731276967834,0.01865617974669365
43003,h_plus_total_variance,1771,1,110,1,1,3.357826417728161,0.11385498191443541
43003,h_plus_total_variance,1771,1,110,4,4,1.9282807709525542,0.04450912078369791
43003,h_plus_total_variance,1771,1,110,8,8,1.0667366503888331,0.02769976086016374
43003,h_plus_total_variance,1771,1,110,16,16,0.5574216255790237,0.027829278020301725
43003,h_plus_total_variance,1793,1,110,1,1,-0.5262236995788481,0.0011191006582912375
43003,h_plus_total_variance,1793,1,110,4,4,0.014073804834937947,0.02841182518848056
43003,h_plus_total_variance,1793,1,110,8,8,0.45530435978799916,0.027835397458462682
43003,h_plus_total_variance,1793,1,110,16,16,0.11826631938847096,0.019052510969666005
43003,h_plus_total_variance,1830,1,011,1,1,-0.202055822714431,0.002325473796317176
43003,h_plus_total_variance,1830,1,011,4,4,-0.16189352122750722,0.0801238536452847
43003,h_plus_total_variance,1830,1,011,8,8,0.8894976808433045,0.044676074422778454
43003,h_plus_total_variance,1830,1,011,16,16,0.9416257853133766,0.049859961249146476
43003,h_plus_total_variance,1999,1,111,1,1,1.450477556260301,0.16505871386408075
43003,h_plus_total_variance,1999,1,111,4,4,1.138489732935399,0.08630261161675838
43003,h_plus_total_variance,1999,1,111,8,8,0.8564254063499369,0.058275795117169064
43003,h_plus_total_variance,1999,1,111,16,8,0.8564254063499369,0.058275795117169064
43003,h_plus_total_variance,2008,1,111,1,1,1.4172602082539152,9.349427915500675e-05
43003,h_plus_total_variance,2008,1,111,4,4,1.0640249559030703,0.07540111428918018
43003,h_plus_total_variance,2008,1,111,8,8,0.7645872937898525,0.047323429800737726
43003,h_plus_total_variance,2008,1,111,16,16,0.8715866208680239,0.05331397683106723
43003,h_plus_total_variance,2036,1,111,1,1,0.6032008338032875,0.018154415420690788
43003,h_plus_total_variance,2036,1,111,4,1,0.6032008338032875,0.018154415420690788
43003,h_plus_total_variance,2036,1,111,8,1,0.6032008338032875,0.018154415420690788
43003,h_plus_total_variance,2036,1,111,16,1,0.6032008338032875,0.018154415420690788
43003,h_plus_total_variance,2038,1,111,1,1,0.5918179082631142,0.09039782081549169
43003,h_plus_total_variance,2038,1,111,4,4,0.8040304516970834,0.03914986113523097
43003,h_plus_total_variance,2038,1,111,8,8,1.0912326013489624,0.07894619406657133
43003,h_plus_total_variance,2038,1,111,16,10,0.9817826149435117,0.06751968774497649
43003,h_plus_total_variance,2049,1,101,1,1,1.465320341878285,0.08142710356661619
43003,h_plus_total_variance,2049,1,101,4,4,0.8162852776880793,0.0872463984668129
43003,h_plus_total_variance,2049,1,101,8,8,0.6386621201454873,0.07201887220032259
43003,h_plus_total_variance,2049,1,101,16,16,0.6769704078588272,0.04932620146402053
43003,h_plus_total_variance,2067,1,101,1,1,1.5963922963611803,0.2625126170880731
43003,h_plus_total_variance,2067,1,101,4,4,0.8515586493935173,0.11689700103737863
43003,h_plus_total_variance,2067,1,101,8,8,1.2027482101629736,0.08442211451499293
43003,h_plus_total_variance,2067,1,101,16,16,1.053719639664529,0.06952075197905686
43003,h_plus_total_variance,2106,1,101,1,1,0.35380015925737146,0.01488723761799036
43003,h_plus_total_variance,2106,1,101,4,1,0.35380015925737146,0.01488723761799036
43003,h_plus_total_variance,2106,1,101,8,1,0.35380015925737146,0.01488723761799036
43003,h_plus_total_variance,2106,1,101,16,1,0.35380015925737146,0.01488723761799036
43003,h_plus_total_variance,2108,1,101,1,1,1.0992295534385406,0.0008103755423764467
43003,h_plus_total_variance,2108,1,101,4,2,0.9445087581288782,0.02899914726031895
43003,h_plus_total_variance,2108,1,101,8,2,0.9445087581288782,0.02899914726031895
43003,h_plus_total_variance,2108,1,101,16,2,0.9445087581288782,0.02899914726031895
43003,h_plus_total_variance,2111,1,101,1,1,3.6596895776945377,0.1077362307555522
43003,h_plus_total_variance,2111,1,101,4,4,1.436794183718446,0.042863560234046166
43003,h_plus_total_variance,2111,1,101,8,4,1.436794183718446,0.042863560234046166
43003,h_plus_total_variance,2111,1,101,16,4,1.436794183718446,0.042863560234046166
43003,h_plus_total_variance,2116,1,101,1,1,2.151278064958211,0.44764825779207196
43003,h_plus_total_variance,2116,1,101,4,4,1.7064229726769327,0.17037824015976913
43003,h_plus_total_variance,2116,1,101,8,8,1.0733477065709247,0.08968224947509054
43003,h_plus_total_variance,2116,1,101,16,16,0.7749538218190573,0.08875281628750409
43003,h_plus_total_variance,2142,1,101,1,1,0.7880038958991192,0.12723285767154277
43003,h_plus_total_variance,2142,1,101,4,4,0.5179220640600444,0.05153302447515959
43003,h_plus_total_variance,2142,1,101,8,8,1.0456351193020388,0.07491504075177555
43003,h_plus_total_variance,2142,1,101,16,16,1.1215835397320486,0.05416468532661767
43003,h_plus_total_variance,2168,1,111,1,1,0.9730610435588591,0.17435252655848624
43003,h_plus_total_variance,2168,1,111,4,1,0.9730610435588591,0.17435252655848624
43003,h_plus_total_variance,2168,1,111,8,1,0.9730610435588591,0.17435252655848624
43003,h_plus_total_variance,2168,1,111,16,1,0.9730610435588591,0.17435252655848624
43003,h_plus_total_variance,2170,1,111,1,1,0.499803024262203,0.054768782681351956
43003,h_plus_total_variance,2170,1,111,4,4,0.5245963083192073,0.04681108193775638
43003,h_plus_total_variance,2170,1,111,8,8,0.42835606994109304,0.03296325065125978
43003,h_plus_total_variance,2170,1,111,16,12,0.841516133631671,0.04241533056616462
43003,h_plus_total_variance,2183,1,111,1,1,0.5155048581464928,0.025891723484732065
43003,h_plus_total_variance,2183,1,111,4,4,0.8323038575211131,0.02159081437388501
43003,h_plus_total_variance,2183,1,111,8,8,0.7659828800981027,0.12536932314009377
43003,h_plus_total_variance,2183,1,111,16,12,0.8758405694007201,0.16700352325532344
43003,h_plus_total_variance,2196,1,111,1,1,0.3547879029146151,0.09626934713852994
43003,h_plus_total_variance,2196,1,111,4,4,0.5221128076738697,0.029652240955838113
43003,h_plus_total_variance,2196,1,111,8,8,0.617054538711513,0.022295782861093683
43003,h_plus_total_variance,2196,1,111,16,10,1.0306459958181295,0.09825778884926113
43003,h_plus_total_variance,2207,1,111,1,1,1.2879929012955746,3.865451378090349e-06
43003,h_plus_total_variance,2207,1,111,4,2,0.7572635541087954,0.020231861015781515
43003,h_plus_total_variance,2207,1,111,8,2,0.7572635541087954,0.020231861015781515
43003,h_plus_total_variance,2207,1,111,16,2,0.7572635541087954,0.020231861015781515
43003,h_plus_total_variance,2210,1,111,1,1,0.5945494862310139,0.025299172668124273
43003,h_plus_total_variance,2210,1,111,4,4,0.5675853993563565,0.010285909499252451
43003,h_plus_total_variance,2210,1,111,8,8,0.5518546578545865,0.009366006668176594
43003,h_plus_total_variance,2210,1,111,16,16,0.8813394327873917,0.06070632020089234
43003,h_plus_total_variance,2280,1,110,1,1,0.3421933743184819,0.017885720240653206
43003,h_plus_total_variance,2280,1,110,4,4,0.22056676790940344,0.018507593451189113
43003,h_plus_total_variance,2280,1,110,8,8,0.2206962142889015,0.02621148365208994
43003,h_plus_total_variance,2280,1,110,16,16,0.007314327020520761,0.02546595175763143
43003,h_plus_total_variance,2306,2,111,1,1,0.551824747102692,0.0015573934182355946
43003,h_plus_total_variance,2306,2,111,4,4,0.8417894866001908,0.03799965861051849
43003,h_plus_total_variance,2306,2,111,8,8,0.7383841318978493,0.027171062047783016
43003,h_plus_total_variance,2306,2,111,16,16,0.5731531562118924,0.045026403911065424
43003,h_plus_total_variance,2339,2,111,1,1,0.29799775087585884,0.28066838167301406
43003,h_plus_total_variance,2339,2,111,4,4,0.9525452232300773,0.07554722553737542
43003,h_plus_total_variance,2339,2,111,8,5,1.1049335232013044,0.06372847933933923
43003,h_plus_total_variance,2339,2,111,16,5,1.1049335232013044,0.06372847933933923
43003,h_plus_total_variance,2345,2,111,1,1,0.8667849699301949,0.07961001260905995
43003,h_plus_total_variance,2345,2,111,4,4,0.6793295567265347,0.2604848424578577
43003,h_plus_total_variance,2345,2,111,8,8,0.5889715681038682,0.17471277411415073
43003,h_plus_total_variance,2345,2,111,16,16,0.5054690485961736,0.11990724024807299
43003,h_plus_total_variance,2640,2,111,1,1,0.28204299745970934,0.000761266510352663
43003,h_plus_total_variance,2640,2,111,4,4,0.2770441126133997,0.10071364085326023
43003,h_plus_total_variance,2640,2,111,8,8,0.2509551783176594,0.06575239927638707
43003,h_plus_total_variance,2640,2,111,16,16,0.6100013110852871,0.0792090897462007
43003,h_plus_total_variance,2661,2,111,1,1,2.3825496214023656,0.41670894552370413
43003,h_plus_total_variance,2661,2,111,4,4,1.6730000617007699,0.1364143608132847
43003,h_plus_total_variance,2661,2,111,8,8,1.1221748889918715,0.08457789252113508
43003,h_plus_total_variance,2661,2,111,16,13,0.8708301576855279,0.06961614444971725
43003,h_plus_total_variance,2675,2,111,1,1,0.8467037489515236,0.15656896648130544
43003,h_plus_total_variance,2675,2,111,4,4,0.8309652222699104,0.05318780861181203
43003,h_plus_total_variance,2675,2,111,8,8,0.8753207967871544,0.1646453776990166
43003,h_plus_total_variance,2675,2,111,16,16,0.8007433659394663,0.12188028320355462
43003,h_plus_total_variance,2718,2,111,1,1,0.6555740492704188,0.010446535152381692
43003,h_plus_total_variance,2718,2,111,4,4,0.7633927470918356,0.019535636442714912
43003,h_plus_total_variance,2718,2,111,8,8,0.6278761143797772,0.012722983623911815
43003,h_plus_total_variance,2718,2,111,16,16,0.6304613003232309,0.013389239746880062
43003,h_plus_total_variance,2758,2,101,1,1,0.7429345785170507,0.07707971947400913
43003,h_plus_total_variance,2758,2,101,4,4,1.2351215485440092,0.06101949141994692
43003,h_plus_total_variance,2758,2,101,8,7,0.9543924723885363,0.03749959558598568
43003,h_plus_total_variance,2758,2,101,16,7,0.9543924723885363,0.03749959558598568
43003,h_plus_total_variance,2766,2,101,1,1,0.6152582556846179,0.013185169765457087
43003,h_plus_total_variance,2766,2,101,4,4,0.47495080164302905,0.008845361728928965
43003,h_plus_total_variance,2766,2,101,8,7,0.44104138253954905,0.011807680757126937
43003,h_plus_total_variance,2766,2,101,16,7,0.44104138253954905,0.011807680757126937
43003,h_plus_total_variance,2774,2,101,1,1,0.7830037447587617,0.3339241835766493
43003,h_plus_total_variance,2774,2,101,4,4,0.6831667276622755,0.13035108671499457
43003,h_plus_total_variance,2774,2,101,8,8,0.5312422345696206,0.08101808684574982
43003,h_plus_total_variance,2774,2,101,16,10,0.49224240078790854,0.06636638684999871
43003,h_plus_total_variance,2785,2,101,1,1,0.2871446320535041,0.04262727465056718
43003,h_plus_total_variance,2785,2,101,4,4,0.3105632226525608,0.028065309443044587
43003,h_plus_total_variance,2785,2,101,8,7,0.21890119222059384,0.02165165701004052
43003,h_plus_total_variance,2785,2,101,16,7,0.21890119222059384,0.02165165701004052
43003,h_plus_total_variance,2793,2,101,1,1,0.5636609951229276,0.0015679313237000276
43003,h_plus_total_variance,2793,2,101,4,4,0.13301203904155534,0.0055610502270405995
43003,h_plus_total_variance,2793,2,101,8,8,0.1702016237772498,0.009496020858677935
43003,h_plus_total_variance,2793,2,101,16,16,0.47015995030930297,0.01575149021024744
43003,h_plus_total_variance,2817,2,101,1,1,0.6242333181808736,0.07941096242694574
43003,h_plus_total_variance,2817,2,101,4,4,0.651762738327808,0.032793630695007764
43003,h_plus_total_variance,2817,2,101,8,4,0.651762738327808,0.032793630695007764
43003,h_plus_total_variance,2817,2,101,16,4,0.651762738327808,0.032793630695007764
43003,h_plus_total_variance,2822,2,101,1,1,0.8754326593936463,0.008044427668942299
43003,h_plus_total_variance,2822,2,101,4,4,0.49902200034787914,0.003926015506944095
43003,h_plus_total_variance,2822,2,101,8,8,0.3749376010410437,0.002451790590631591
43003,h_plus_total_variance,2822,2,101,16,16,0.4525340652794989,0.022730825754240153
43003,h_plus_total_variance,2849,2,101,1,1,1.0627096839563328,0.0025495407514806038
43003,h_plus_total_variance,2849,2,101,4,4,0.6642939540219209,0.03288540523050446
43003,h_plus_total_variance,2849,2,101,8,8,0.6681930082717802,0.04226157420202309
43003,h_plus_total_variance,2849,2,101,16,11,0.8571383799293885,0.04348029499078443
43003,h_plus_total_variance,2861,2,101,1,1,0.8091108984391017,0.013204698341548592
43003,h_plus_total_variance,2861,2,101,4,4,1.3341779336874167,0.05356848797931786
43003,h_plus_total_variance,2861,2,101,8,8,0.9814532043269509,0.053742297304425306
43003,h_plus_total_variance,2861,2,101,16,14,0.8816391261531825,0.058640993301765344
43003,h_plus_total_variance,2876,2,101,1,1,0.8068338782024996,0.004693836102435235
43003,h_plus_total_variance,2876,2,101,4,4,0.6238584058436429,0.035726273325879486
43003,h_plus_total_variance,2876,2,101,8,8,0.7717551014291131,0.0430687100149775
43003,h_plus_total_variance,2876,2,101,16,16,0.636560068787152,0.04511075232428614
43003,h_plus_total_variance,2910,2,101,1,1,0.7407429691031124,0.6146818436679174
43003,h_plus_total_variance,2910,2,101,4,4,0.7447477229837779,0.16805142920822205
43003,h_plus_total_variance,2910,2,101,8,8,1.0283526999208557,0.09733972578641145
43003,h_plus_total_variance,2910,2,101,16,16,0.9211126216018936,0.07851114471647107
43003,h_plus_total_variance,2966,2,111,1,1,0.7737972901316421,0.005218443820888201
43003,h_plus_total_variance,2966,2,111,4,4,0.5619596627912127,0.0020915208730243754
43003,h_plus_total_variance,2966,2,111,8,6,0.4988549609019348,0.05944934013951401
43003,h_plus_total_variance,2966,2,111,16,6,0.4988549609019348,0.05944934013951401
43003,h_plus_total_variance,2974,2,111,1,1,0.421630240411246,0.016305711345005434
43003,h_plus_total_variance,2974,2,111,4,4,0.3489116312887868,0.05504275050969491
43003,h_plus_total_variance,2974,2,111,8,8,0.6403141597987015,0.04697693910971458
43003,h_plus_total_variance,2974,2,111,16,16,0.6701887934847874,0.027852093642379526
43003,h_plus_total_variance,3014,2,111,1,1,2.4129542640781185,0.06153433066060677
43003,h_plus_total_variance,3014,2,111,4,4,1.9263969625309312,0.03279619782827981
43003,h_plus_total_variance,3014,2,111,8,8,1.3094771259865028,0.02795524641277528
43003,h_plus_total_variance,3014,2,111,16,16,1.0151880580973542,0.03157105168008899
43003,h_plus_total_variance,3061,2,101,1,1,0.5283378727971333,0.07390772663447215
43003,h_plus_total_variance,3061,2,101,4,4,0.3052039358010417,0.07280949429525921
43003,h_plus_total_variance,3061,2,101,8,8,0.4899959141797777,0.04551125430502805
43003,h_plus_total_variance,3061,2,101,16,15,0.37226632750610966,0.03601830126775209
43003,h_plus_total_variance,3077,2,101,1,1,0.3296869917556585,0.04265797505089276
43003,h_plus_total_variance,3077,2,101,4,4,0.48579482532851215,0.05108497021447762
43003,h_plus_total_variance,3077,2,101,8,4,0.48579482532851215,0.05108497021447762
43003,h_plus_total_variance,3077,2,101,16,4,0.48579482532851215,0.05108497021447762
43003,h_plus_total_variance,3082,2,101,1,1,0.08514050144969681,0.16630263424068814
43003,h_plus_total_variance,3082,2,101,4,4,0.9102467244724877,0.07352085850244881
43003,h_plus_total_variance,3082,2,101,8,8,0.5379187604672968,0.0762895875551006
43003,h_plus_total_variance,3082,2,101,16,12,0.6039529010562233,0.07273019334355514
43003,h_plus_total_variance,3096,2,101,1,1,2.319797805682605,0.0010249225857825429
43003,h_plus_total_variance,3096,2,101,4,4,0.7199436908524752,0.006035047534754206
43003,h_plus_total_variance,3096,2,101,8,8,0.5741757898266864,0.013771412288361675
43003,h_plus_total_variance,3096,2,101,16,16,0.4220699891223671,0.015322678081515072
43003,h_plus_total_variance,3134,2,101,1,1,0.6164077616063679,0.082803164447644
43003,h_plus_total_variance,3134,2,101,4,4,0.7486611661420525,0.09782341850170789
43003,h_plus_total_variance,3134,2,101,8,8,0.6653707259408315,0.05410442957434519
43003,h_plus_total_variance,3134,2,101,16,16,0.7177748043107218,0.03638841616962722
43003,h_plus_total_variance,3256,2,110,1,1,0.024804226650169705,0.037780320477236916
43003,h_plus_total_variance,3256,2,110,4,1,0.024804226650169705,0.037780320477236916
43003,h_plus_total_variance,3256,2,110,8,1,0.024804226650169705,0.037780320477236916
43003,h_plus_total_variance,3256,2,110,16,1,0.024804226650169705,0.037780320477236916
43003,h_plus_total_variance,3258,2,110,1,1,0.3042169846279799,0.01694381500512959
43003,h_plus_total_variance,3258,2,110,4,4,0.22451846727464086,0.04621048487926307
43003,h_plus_total_variance,3258,2,110,8,8,0.09806416936299772,0.025162018483079553
43003,h_plus_total_variance,3258,2,110,16,8,0.09806416936299772,0.025162018483079553
43003,h_plus_total_variance,3267,2,110,1,1,-0.09750061204094657,0.0004187513789664345
43003,h_plus_total_variance,3267,2,110,4,4,0.06490872907502311,0.008264869532797064
43003,h_plus_total_variance,3267,2,110,8,8,0.3554097891127868,0.020639352055129345
43003,h_plus_total_variance,3267,2,110,16,9,0.27866784305391995,0.020693961343949387
43003,h_plus_total_variance,3277,2,110,1,1,-0.19980654991341792,4.901241155774402e-05
43003,h_plus_total_variance,3277,2,110,4,4,-0.2951848222137232,0.0026300408584632455
43003,h_plus_total_variance,3277,2,110,8,8,-0.16253286129390326,0.0026001794724575503
43003,h_plus_total_variance,3277,2,110,16,15,-0.22973040572743472,0.00644107922202795
43003,h_plus_total_variance,3293,2,110,1,1,3.529466232355687,0.1035710979614447
43003,h_plus_total_variance,3293,2,110,4,4,0.6256758145731731,0.033749880637848104
43003,h_plus_total_variance,3293,2,110,8,4,0.6256758145731731,0.033749880637848104
43003,h_plus_total_variance,3293,2,110,16,4,0.6256758145731731,0.033749880637848104
43003,h_plus_total_variance,3298,2,110,1,1,1.2319268305322295,0.011883062633016184
43003,h_plus_total_variance,3298,2,110,4,2,0.42787893599928506,0.006226031236998512
43003,h_plus_total_variance,3298,2,110,8,2,0.42787893599928506,0.006226031236998512
43003,h_plus_total_variance,3298,2,110,16,2,0.42787893599928506,0.006226031236998512
43003,h_plus_total_variance,3301,2,110,1,1,-0.21977578650751003,0.02498213117350351
43003,h_plus_total_variance,3301,2,110,4,4,-0.101443342768523,0.015511856044476873
43003,h_plus_total_variance,3301,2,110,8,8,-0.01797112704195996,0.010723136786773533
43003,h_plus_total_variance,3301,2,110,16,16,-0.1916653786945736,0.007804083325644016
43003,h_plus_total_variance,3319,2,110,1,1,-0.6575052595222499,0.0054719989519553475
43003,h_plus_total_variance,3319,2,110,4,4,0.009480008566766174,0.014892581252908583
43003,h_plus_total_variance,3319,2,110,8,8,0.6004673729799722,0.02181132229638648
43003,h_plus_total_variance,3319,2,110,16,15,0.34647678524576186,0.021108840338783078
43003,h_plus_total_variance,3335,2,110,1,1,-0.3871242055881855,0.0021816252770878743
43003,h_plus_total_variance,3335,2,110,4,4,1.0261497807540774,0.013824840963744582
43003,h_plus_total_variance,3335,2,110,8,8,0.44258705213761323,0.019535197352674442
43003,h_plus_total_variance,3335,2,110,16,16,0.7450428124634543,0.037954354451153145
43003,h_plus_total_variance,3363,2,110,1,1,-0.21023142445317378,0.03962583151146641
43003,h_plus_total_variance,3363,2,110,4,4,0.09294050521842939,0.018937439784152226
43003,h_plus_total_variance,3363,2,110,8,8,0.2548335874311217,0.02858493358281078
43003,h_plus_total_variance,3363,2,110,16,16,0.5051973071258723,0.025302832281533676
43003,h_plus_total_variance,3380,2,110,1,1,-0.1253862666348052,0.002303584338670665
43003,h_plus_total_variance,3380,2,110,4,4,0.19726070807198343,0.0053928068251914395
43003,h_plus_total_variance,3380,2,110,8,8,0.3159889220618509,0.015531984124951893
43003,h_plus_total_variance,3380,2,110,16,16,0.05533270991646672,0.01124364294842042
43003,h_plus_total_variance,3400,2,110,1,1,-0.2532457808928759,0.002128841028884771
43003,h_plus_total_variance,3400,2,110,4,1,-0.2532457808928759,0.002128841028884771
43003,h_plus_total_variance,3400,2,110,8,1,-0.2532457808928759,0.002128841028884771
43003,h_plus_total_variance,3400,2,110,16,1,-0.2532457808928759,0.002128841028884771
43003,h_plus_total_variance,3402,2,110,1,1,1.8812865611178942,0.05708808433848243
43003,h_plus_total_variance,3402,2,110,4,4,0.30452605052400966,0.03152956190636547
43003,h_plus_total_variance,3402,2,110,8,8,0.11374836651262299,0.025817872152552074
43003,h_plus_total_variance,3402,2,110,16,16,0.07485870255505248,0.022798211246568
43003,h_plus_total_variance,3426,2,110,1,1,-0.38066332389495056,0.0012935861220292376
43003,h_plus_total_variance,3426,2,110,4,4,-0.0892809414163295,0.0031964348763224536
43003,h_plus_total_variance,3426,2,110,8,6,0.17035439045003783,0.008704731614723299
43003,h_plus_total_variance,3426,2,110,16,6,0.17035439045003783,0.008704731614723299
43003,h_plus_total_variance,3433,2,110,1,1,0.29583969669890575,0.06568977847758023
43003,h_plus_total_variance,3433,2,110,4,4,0.0004939488416367023,0.025615903253546162
43003,h_plus_total_variance,3433,2,110,8,8,0.5872604968035405,0.018392710364922498
43003,h_plus_total_variance,3433,2,110,16,16,0.30713744914178,0.021619694284155937
43003,h_plus_total_variance,3463,3,101,1,1,3.4323292938717134,0.08973119862341807
43003,h_plus_total_variance,3463,3,101,4,4,1.1681234727864704,0.030329893898207318
43003,h_plus_total_variance,3463,3,101,8,8,0.6757428190777611,0.017616751040885975
43003,h_plus_total_variance,3463,3,101,16,8,0.6757428190777611,0.017616751040885975
43003,h_plus_total_variance,3472,3,101,1,1,2.805460257229136,0.4238310853612244
43003,h_plus_total_variance,3472,3,101,4,1,2.805460257229136,0.4238310853612244
43003,h_plus_total_variance,3472,3,101,8,1,2.805460257229136,0.4238310853612244
43003,h_plus_total_variance,3472,3,101,16,1,2.805460257229136,0.4238310853612244
43003,h_plus_total_variance,3474,3,101,1,1,0.9070785561569553,0.11401534105053006
43003,h_plus_total_variance,3474,3,101,4,4,0.5030255595064806,0.06881384993966072
43003,h_plus_total_variance,3474,3,101,8,8,0.38526902490231385,0.038586291970756026
43003,h_plus_total_variance,3474,3,101,16,16,0.8556619161382069,0.032444823758913985
43003,h_plus_total_variance,3495,3,101,1,1,0.6041576842714179,0.15611648571820969
43003,h_plus_total_variance,3495,3,101,4,3,0.7881218153290704,0.31559741521467594
43003,h_plus_total_variance,3495,3,101,8,3,0.7881218153290704,0.31559741521467594
43003,h_plus_total_variance,3495,3,101,16,3,0.7881218153290704,0.31559741521467594
43003,h_plus_total_variance,3499,3,101,1,1,0.5398710210781148,0.00931167514235403
43003,h_plus_total_variance,3499,3,101,4,4,0.8839846606902918,0.04336557735110654
43003,h_plus_total_variance,3499,3,101,8,8,0.6584383670351941,0.042240237996746824
43003,h_plus_total_variance,3499,3,101,16,16,0.6026089208121582,0.04333153014742665
43003,h_plus_total_variance,3581,3,110,1,1,-0.07060140230426655,4.124246833291277e-09
43003,h_plus_total_variance,3581,3,110,4,4,0.04184070959673285,0.0020819566086726364
43003,h_plus_total_variance,3581,3,110,8,8,0.010644129140075325,0.003751644431005327
43003,h_plus_total_variance,3581,3,110,16,9,-0.017310533991913825,0.0033665127958042826
43003,h_plus_total_variance,3591,3,110,1,1,0.9122293307144557,0.16874734796781984
43003,h_plus_total_variance,3591,3,110,4,4,0.19354457768269123,0.06642422428339714
43003,h_plus_total_variance,3591,3,110,8,8,-0.0895825239107205,0.04278798439844406
43003,h_plus_total_variance,3591,3,110,16,16,-0.12309556524716203,0.031640985915148266
43003,h_plus_total_variance,3619,3,110,1,1,0.1984480907213723,0.0005235355025945719
43003,h_plus_total_variance,3619,3,110,4,4,0.39340987736988375,0.03194384871410663
43003,h_plus_total_variance,3619,3,110,8,8,0.4934421872673583,0.03187550024315759
43003,h_plus_total_variance,3619,3,110,16,16,0.20020039977069462,0.02109400117386878
43003,h_plus_total_variance,3655,3,111,1,1,1.0981010581031296,0.26630417210912016
43003,h_plus_total_variance,3655,3,111,4,3,1.8222048595961844,0.17073329595423245
43003,h_plus_total_variance,3655,3,111,8,3,1.8222048595961844,0.17073329595423245
43003,h_plus_total_variance,3655,3,111,16,3,1.8222048595961844,0.17073329595423245
43003,h_plus_total_variance,3659,3,111,1,1,1.110736908824036,0.006178004460607214
43003,h_plus_total_variance,3659,3,111,4,4,0.24789402883858258,0.004555472274035221
43003,h_plus_total_variance,3659,3,111,8,8,0.5050485251600658,0.02197383037725874
43003,h_plus_total_variance,3659,3,111,16,13,0.49013458435510376,0.041911027890024176
43003,h_plus_total_variance,3673,3,111,1,1,0.49924762912499154,0.11521457829459883
43003,h_plus_total_variance,3673,3,111,4,4,1.0733370830423854,0.05402726700083633
43003,h_plus_total_variance,3673,3,111,8,7,1.2743029074328782,0.07649035736922728
43003,h_plus_total_variance,3673,3,111,16,7,1.2743029074328782,0.07649035736922728
43003,h_plus_total_variance,3681,3,111,1,1,1.4927617933476756,0.012292763706288757
43003,h_plus_total_variance,3681,3,111,4,4,1.6451049282583434,0.031107234551151292
43003,h_plus_total_variance,3681,3,111,8,8,1.459207049088984,0.06393017181877644
43003,h_plus_total_variance,3681,3,111,16,16,1.0658148778487575,0.06760865896729251
43003,h_plus_total_variance,3706,3,111,1,1,1.1140238308265942,0.03131634851354821
43003,h_plus_total_variance,3706,3,111,4,2,2.018248494977609,0.11678821978263362
43003,h_plus_total_variance,3706,3,111,8,2,2.018248494977609,0.11678821978263362
43003,h_plus_total_variance,3706,3,111,16,2,2.018248494977609,0.11678821978263362
43003,h_plus_total_variance,3709,3,111,1,1,0.632905731531507,0.10046278122502973
43003,h_plus_total_variance,3709,3,111,4,4,0.6450188340273595,0.10799372839484715
43003,h_plus_total_variance,3709,3,111,8,8,0.8222028507754527,0.1235103905601034
43003,h_plus_total_variance,3709,3,111,16,16,0.7995019408813762,0.09130220839790319
43003,h_plus_total_variance,3735,3,111,1,1,2.4652557086622995,0.09294614958694723
43003,h_plus_total_variance,3735,3,111,4,4,0.948150943211875,0.033601006462405304
43003,h_plus_total_variance,3735,3,111,8,4,0.948150943211875,0.033601006462405304
43003,h_plus_total_variance,3735,3,111,16,4,0.948150943211875,0.033601006462405304
43003,h_plus_total_variance,3740,3,111,1,1,1.6427674715537182,0.13102294453880872
43003,h_plus_total_variance,3740,3,111,4,4,0.82010301979621,0.13300769319407157
43003,h_plus_total_variance,3740,3,111,8,8,0.7469787681822643,0.08618092085810802
43003,h_plus_total_variance,3740,3,111,16,8,0.7469787681822643,0.08618092085810802
43003,h_plus_total_variance,3749,3,110,1,1,0.2076896335595544,0.0005220864332010458
43003,h_plus_total_variance,3749,3,110,4,4,0.2308216254570631,0.005703582465513378
43003,h_plus_total_variance,3749,3,110,8,8,0.17861949313010067,0.0038605606415399183
43003,h_plus_total_variance,3749,3,110,16,11,0.1569178059716226,0.004891958493689759
43003,h_plus_total_variance,3761,3,110,1,1,0.6798690955200033,0.23530794411642594
43003,h_plus_total_variance,3761,3,110,4,4,0.47567952210392683,0.08938035467298668
43003,h_plus_total_variance,3761,3,110,8,8,0.3470783840438339,0.056662304254697746
43003,h_plus_total_variance,3761,3,110,16,10,0.2852939221940061,0.050645993686743794
43003,h_plus_total_variance,3772,3,110,1,1,0.06168569981797895,8.936262705495958e-05
43003,h_plus_total_variance,3772,3,110,4,3,0.04582749519537079,0.0001788206768802887
43003,h_plus_total_variance,3772,3,110,8,3,0.04582749519537079,0.0001788206768802887
43003,h_plus_total_variance,3772,3,110,16,3,0.04582749519537079,0.0001788206768802887
43003,h_plus_total_variance,3776,3,110,1,1,0.2772190640696407,0.009809862323585177
43003,h_plus_total_variance,3776,3,110,4,4,0.4105681103845258,0.014608583356631327
43003,h_plus_total_variance,3776,3,110,8,8,0.35739953690464665,0.016915578769880653
43003,h_plus_total_variance,3776,3,110,16,16,0.043077068114200305,0.01269421955930725
43003,h_plus_total_variance,3813,3,110,1,1,0.917099274811608,0.002752304999521055
43003,h_plus_total_variance,3813,3,110,4,4,0.34341525050209587,0.015630462888637914
43003,h_plus_total_variance,3813,3,110,8,8,0.11854140913137606,0.01328648907283133
43003,h_plus_total_variance,3813,3,110,16,16,0.03790284698292192,0.011360634814877129
43003,h_plus_total_variance,3833,3,110,1,1,-0.11358430855597013,0.002139521964363961
43003,h_plus_total_variance,3833,3,110,4,1,-0.11358430855597013,0.002139521964363961
43003,h_plus_total_variance,3833,3,110,8,1,-0.11358430855597013,0.002139521964363961
43003,h_plus_total_variance,3833,3,110,16,1,-0.11358430855597013,0.002139521964363961
43003,h_plus_total_variance,3836,3,110,1,1,-0.30743943047582173,0.0005367227743183
43003,h_plus_total_variance,3836,3,110,4,4,-0.30258463589202766,0.007333984231410897
43003,h_plus_total_variance,3836,3,110,8,8,0.36129445610918964,0.02930431216872861
43003,h_plus_total_variance,3836,3,110,16,11,0.23176567453449362,0.023344909727280514
43003,h_plus_total_variance,3848,3,110,1,1,-0.37305802437578367,0.009311336265642485
43003,h_plus_total_variance,3848,3,110,4,4,0.5957203090367466,0.03428060310765438
43003,h_plus_total_variance,3848,3,110,8,8,0.08339882039343535,0.024774007095457403
43003,h_plus_total_variance,3848,3,110,16,16,0.1521886886373244,0.019696132502337847
43003,h_plus_total_variance,3869,3,110,1,1,0.9046839443273471,0.06547099669188625
43003,h_plus_total_variance,3869,3,110,4,4,1.5524271142804622,0.057843798819775694
43003,h_plus_total_variance,3869,3,110,8,8,1.4366769727210027,0.0666962027359563
43003,h_plus_total_variance,3869,3,110,16,16,0.7599082543763251,0.04427359849176124
43003,h_plus_total_variance,3900,3,110,1,1,0.3181691217847124,0.11775834019882493
43003,h_plus_total_variance,3900,3,110,4,4,0.4622769508283422,0.04147622903503656
43003,h_plus_total_variance,3900,3,110,8,5,0.38270196095138026,0.03331760227759043
43003,h_plus_total_variance,3900,3,110,16,5,0.38270196095138026,0.03331760227759043
43003,h_plus_total_variance,3906,3,110,1,1,-0.33056382026836095,0.00930072918857536
43003,h_plus_total_variance,3906,3,110,4,4,-0.19934285572674726,0.010101659173429735
43003,h_plus_total_variance,3906,3,110,8,7,-0.30452480318338504,0.013273432602020236
43003,h_plus_total_variance,3906,3,110,16,7,-0.30452480318338504,0.013273432602020236
43003,h_plus_total_variance,3914,3,110,1,1,0.11368504928336705,0.019925108495354688
43003,h_plus_total_variance,3914,3,110,4,4,0.20264432446959554,0.017041170254249796
43003,h_plus_total_variance,3914,3,110,8,8,0.09749380631808226,0.011078710337284012
43003,h_plus_total_variance,3914,3,110,16,16,-0.06412816105648561,0.015288533508943656
43003,h_plus_total_variance,3970,3,101,1,1,1.2188014393071838,0.3415991814651359
43003,h_plus_total_variance,3970,3,101,4,4,1.8453323144067852,0.1490385233322017
43003,h_plus_total_variance,3970,3,101,8,8,1.1886849007729083,0.10426257095448836
43003,h_plus_total_variance,3970,3,101,16,9,1.1751690449969787,0.09921860579880391
43003,h_plus_total_variance,3980,3,101,1,1,0.4118127050673852,0.00364141653352831
43003,h_plus_total_variance,3980,3,101,4,4,0.9940992037171249,0.02062226741457153
43003,h_plus_total_variance,3980,3,101,8,8,0.8731811798351821,0.028763686886795432
43003,h_plus_total_variance,3980,3,101,16,10,1.1057998970527227,0.061640657291142
43003,h_plus_total_variance,3991,3,101,1,1,2.0408676216976356,0.08585737744983368
43003,h_plus_total_variance,3991,3,101,4,4,0.8820331888127038,0.11528512314015915
43003,h_plus_total_variance,3991,3,101,8,8,0.794315580980862,0.09693359352063874
43003,h_plus_total_variance,3991,3,101,16,16,0.5001786894223923,0.05088360003580434
43003,h_plus_total_variance,4052,3,101,1,1,0.3904964665134019,0.6676589144850936
43003,h_plus_total_variance,4052,3,101,4,4,1.136773098001429,0.2724271006351228
43003,h_plus_total_variance,4052,3,101,8,8,0.8364801653684792,0.1838950040847241
43003,h_plus_total_variance,4052,3,101,16,10,0.823186521609497,0.14802080357280015
43003,h_plus_total_variance,4063,3,101,1,1,1.971705988976564,0.05048385979078841
43003,h_plus_total_variance,4063,3,101,4,4,1.0170443694144504,0.042500251428667694
43003,h_plus_total_variance,4063,3,101,8,8,0.918385966444101,0.03326131140493206
43003,h_plus_total_variance,4063,3,101,16,16,1.0748472006790917,0.05959078797097279
43003,h_plus_total_variance,4161,3,101,1,1,1.4134158634395606,0.0011835780647634303
43003,h_plus_total_variance,4161,3,101,4,3,0.785003393587941,0.00937360743487898
43003,h_plus_total_variance,4161,3,101,8,3,0.785003393587941,0.00937360743487898
43003,h_plus_total_variance,4161,3,101,16,3,0.785003393587941,0.00937360743487898
43003,h_plus_total_variance,4165,3,101,1,1,0.7410910888737413,0.1553183527310099
43003,h_plus_total_variance,4165,3,101,4,4,1.1188465900071924,0.0702993081060396
43003,h_plus_total_variance,4165,3,101,8,6,1.2197799443499926,0.06301746617807652
43003,h_plus_total_variance,4165,3,101,16,6,1.2197799443499926,0.06301746617807652
43003,h_plus_total_variance,4172,3,101,1,1,1.5823582068660007,0.041778322917801584
43003,h_plus_total_variance,4172,3,101,4,4,0.9352566077108457,0.013149257595808036
43003,h_plus_total_variance,4172,3,101,8,4,0.9352566077108457,0.013149257595808036
43003,h_plus_total_variance,4172,3,101,16,4,0.9352566077108457,0.013149257595808036
43003,h_plus_total_variance,4177,3,101,1,1,0.5305459261384677,0.11981356511915892
43003,h_plus_total_variance,4177,3,101,4,4,0.5912638130047737,0.08854686604006083
43003,h_plus_total_variance,4177,3,101,8,8,0.5309411361102062,0.05241150431698293
43003,h_plus_total_variance,4177,3,101,16,11,0.4862756436420893,0.041150863411291067
43003,h_plus_total_variance,4189,3,101,1,1,0.39206928085033843,0.08952362521952766
43003,h_plus_total_variance,4189,3,101,4,4,0.5262108979324737,0.022927691667025303
43003,h_plus_total_variance,4189,3,101,8,8,0.5675487394966108,0.018086014462968356
43003,h_plus_total_variance,4189,3,101,16,13,0.48596940314840614,0.044446843894225645
43003,h_plus_total_variance,4203,3,101,1,1,0.9641084988524684,0.04249347520156358
43003,h_plus_total_variance,4203,3,101,4,4,0.4605735006442758,0.03113438171585086
43003,h_plus_total_variance,4203,3,101,8,8,0.6186894881333376,0.08179618593415196
43003,h_plus_total_variance,4203,3,101,16,14,0.5773105089366133,0.0671936780131681
43003,h_plus_total_variance,4218,3,101,1,1,2.9261160004956155,0.0007053587375016148
43003,h_plus_total_variance,4218,3,101,4,4,1.1395613725621534,0.035803718136196726
43003,h_plus_total_variance,4218,3,101,8,8,0.8319957531834739,0.05745313908430851
43003,h_plus_total_variance,4218,3,101,16,16,0.6369160183745615,0.04587209848726248
43003,h_plus_total_variance,4247,3,011,1,1,0.057103598351238447,0.0051880315820477035
43003,h_plus_total_variance,4247,3,011,4,4,0.6156837509143128,0.15929511565093246
43003,h_plus_total_variance,4247,3,011,8,8,0.5626791302537946,0.09929268317723366
43003,h_plus_total_variance,4247,3,011,16,16,0.5352282491035063,0.060418413888040964
43003,h_plus_total_variance,4429,3,111,1,1,0.27890117070515064,0.041486166890279216
43003,h_plus_total_variance,4429,3,111,4,4,0.5040876978248525,0.027187985071658143
43003,h_plus_total_variance,4429,3,111,8,8,0.5406561382275875,0.022906931418177963
43003,h_plus_total_variance,4429,3,111,16,16,0.7080640543561478,0.03741011144362282
43003,h_plus_total_variance,4449,3,111,1,1,0.29295926058702415,0.1590057535140393
43003,h_plus_total_variance,4449,3,111,4,3,0.9059496356643049,0.2411601083015222
43003,h_plus_total_variance,4449,3,111,8,3,0.9059496356643049,0.2411601083015222
43003,h_plus_total_variance,4449,3,111,16,3,0.9059496356643049,0.2411601083015222
43003,h_plus_total_variance,4453,3,111,1,1,0.45794767003638387,0.4447439409061655
43003,h_plus_total_variance,4453,3,111,4,4,0.9888338041903023,0.24980875686674595
43003,h_plus_total_variance,4453,3,111,8,8,0.7563559743198742,0.1324714128084665
43003,h_plus_total_variance,4453,3,111,16,10,0.6905584873948573,0.10617279442665888
43003,h_plus_total_variance,4464,3,111,1,1,0.3479933186179944,0.014766822299397091
43003,h_plus_total_variance,4464,3,111,4,4,0.6453030302731272,0.21693642120296625
43003,h_plus_total_variance,4464,3,111,8,8,0.7158962537110402,0.13865931186132774
43003,h_plus_total_variance,4464,3,111,16,16,0.7280469094032151,0.11445636116852459
43003,h_plus_total_variance,4485,3,111,1,1,1.3204189624754366,0.00983635068812134
43003,h_plus_total_variance,4485,3,111,4,4,0.5962481080023766,0.015339180109089504
43003,h_plus_total_variance,4485,3,111,8,8,0.4682357165244099,0.013098586809132125
43003,h_plus_total_variance,4485,3,111,16,16,0.9006991319167481,0.0387736701889338
43003,h_plus_total_variance,4507,3,111,1,1,3.466675298527192,0.19340698253181338
43003,h_plus_total_variance,4507,3,111,4,2,2.9607433055300145,0.11359384450621453
43003,h_plus_total_variance,4507,3,111,8,2,2.9607433055300145,0.11359384450621453
43003,h_plus_total_variance,4507,3,111,16,2,2.9607433055300145,0.11359384450621453
43003,h_plus_total_variance,4510,3,111,1,1,0.5774149321683835,0.16824573658772374
43003,h_plus_total_variance,4510,3,111,4,4,1.006114777497003,0.10149433508864791
43003,h_plus_total_variance,4510,3,111,8,8,0.9099143768906242,0.13067262469687224
43003,h_plus_total_variance,4510,3,111,16,16,0.8209688524528325,0.12162872120858133
43003,h_plus_total_variance,4543,3,111,1,1,2.984738324344215,2.1635195786945316e-05
43003,h_plus_total_variance,4543,3,111,4,4,1.0943719817874527,0.0030018445208685562
43003,h_plus_total_variance,4543,3,111,8,8,0.7671849169427459,0.04089802201539295
43003,h_plus_total_variance,4543,3,111,16,16,0.6428321240952559,0.08990758807740885
43003,h_plus_total_variance,4567,3,111,1,1,1.7847457359975607,0.00015779166349542682
43003,h_plus_total_variance,4567,3,111,4,4,1.0227622536531176,0.1035195427104086
43003,h_plus_total_variance,4567,3,111,8,8,0.6839980057717231,0.12829607184938469
43003,h_plus_total_variance,4567,3,111,16,16,1.0117249104791515,0.10783695318934905
43003,h_plus_total_variance,4584,3,111,1,1,1.7115227278242298,0.14020026908769603
43003,h_plus_total_variance,4584,3,111,4,4,0.9712202502781984,0.07593230042434342
43003,h_plus_total_variance,4584,3,111,8,8,0.7264223119576056,0.04395241253768748
43003,h_plus_total_variance,4584,3,111,16,16,0.6343805351043404,0.06122036842718103
43003,h_plus_total_variance,4604,3,111,1,1,3.070548000490144,0.05015904237820657
43003,h_plus_total_variance,4604,3,111,4,3,1.5201997124278648,0.061432226540860106
43003,h_plus_total_variance,4604,3,111,8,3,1.5201997124278648,0.061432226540860106
43003,h_plus_total_variance,4604,3,111,16,3,1.5201997124278648,0.061432226540860106
43003,generator_supported_seen_mode_imm,18,0,101,1,1,0.22857225966826952,0.025887297117950046
43003,generator_supported_seen_mode_imm,18,0,101,4,4,0.4877447298554142,0.012656709095340233
43003,generator_supported_seen_mode_imm,18,0,101,8,4,0.4877447298554142,0.012656709095340233
43003,generator_supported_seen_mode_imm,18,0,101,16,4,0.4877447298554142,0.012656709095340233
43003,generator_supported_seen_mode_imm,23,0,101,1,1,0.8002544444815656,0.020528580299913366
43003,generator_supported_seen_mode_imm,23,0,101,4,4,0.571951835840159,0.014702538430332918
43003,generator_supported_seen_mode_imm,23,0,101,8,8,0.6755442183491058,0.01761171428516799
43003,generator_supported_seen_mode_imm,23,0,101,16,16,0.5963740757703699,0.013770645386081557
43003,generator_supported_seen_mode_imm,71,0,101,1,1,0.7330154413486376,0.15957566478184376
43003,generator_supported_seen_mode_imm,71,0,101,4,4,1.0591482663321936,0.06389542511548237
43003,generator_supported_seen_mode_imm,71,0,101,8,8,1.0994888640852656,0.05582735052870608
43003,generator_supported_seen_mode_imm,71,0,101,16,16,0.7776849417902423,0.05142209446828877
43003,generator_supported_seen_mode_imm,101,0,101,1,1,1.243193883287791,0.006594258919726741
43003,generator_supported_seen_mode_imm,101,0,101,4,4,0.5389191731863818,0.005003558519842018
43003,generator_supported_seen_mode_imm,101,0,101,8,8,0.5205824962658802,0.003854889536254
43003,generator_supported_seen_mode_imm,101,0,101,16,16,0.4617380080179895,0.00417145112662976
43003,generator_supported_seen_mode_imm,236,0,101,1,1,2.2228466629664396,0.060092209906834046
43003,generator_supported_seen_mode_imm,236,0,101,4,4,1.0746778071661545,0.02564098291615551
43003,generator_supported_seen_mode_imm,236,0,101,8,8,0.6365398422014243,0.017780161436940185
43003,generator_supported_seen_mode_imm,236,0,101,16,16,0.8195913200136353,0.019641026407643203
43003,generator_supported_seen_mode_imm,266,0,101,1,1,0.25718775563533325,0.053505331868071486
43003,generator_supported_seen_mode_imm,266,0,101,4,4,1.282723262415801,0.1505691829687978
43003,generator_supported_seen_mode_imm,266,0,101,8,8,0.8941530919719753,0.1553552608901606
43003,generator_supported_seen_mode_imm,266,0,101,16,16,1.174936820734438,0.087158279982815
43003,generator_supported_seen_mode_imm,285,0,101,1,1,0.9036789257804417,0.32155703417680975
43003,generator_supported_seen_mode_imm,285,0,101,4,3,0.9732120218983025,0.18090453827910458
43003,generator_supported_seen_mode_imm,285,0,101,8,3,0.9732120218983025,0.18090453827910458
43003,generator_supported_seen_mode_imm,285,0,101,16,3,0.9732120218983025,0.18090453827910458
43003,generator_supported_seen_mode_imm,289,0,111,1,1,0.8460851625398734,0.24522131118731713
43003,generator_supported_seen_mode_imm,289,0,111,4,4,0.5406197022292653,0.11846754425259962
43003,generator_supported_seen_mode_imm,289,0,111,8,8,0.6613132552407377,0.06686949460359826
43003,generator_supported_seen_mode_imm,289,0,111,16,8,0.6613132552407377,0.06686949460359826
43003,generator_supported_seen_mode_imm,298,0,111,1,1,3.9993247770794813,0.6398487051867593
43003,generator_supported_seen_mode_imm,298,0,111,4,4,2.0545279348103453,0.18306776319264545
43003,generator_supported_seen_mode_imm,298,0,111,8,8,1.7210408374097532,0.09547364639947974
43003,generator_supported_seen_mode_imm,298,0,111,16,16,1.289998693434698,0.05990102215287032
43003,generator_supported_seen_mode_imm,327,0,111,1,1,2.8368133786803202,1.0852915865332615
43003,generator_supported_seen_mode_imm,327,0,111,4,4,2.102711308561785,0.3585748216848385
43003,generator_supported_seen_mode_imm,327,0,111,8,8,1.80893988820741,0.22422875234371076
43003,generator_supported_seen_mode_imm,327,0,111,16,16,1.6219548153687322,0.17485743245561053
43003,generator_supported_seen_mode_imm,356,0,111,1,1,0.8368409593129054,0.20414609112663726
43003,generator_supported_seen_mode_imm,356,0,111,4,4,0.8101163221478727,0.17998608261967664
43003,generator_supported_seen_mode_imm,356,0,111,8,8,1.3392636996139793,0.09756162568258622
43003,generator_supported_seen_mode_imm,356,0,111,16,16,1.527727399472485,0.20681878845287
43003,generator_supported_seen_mode_imm,386,0,110,1,1,-0.04296467288890071,0.0068281461392740855
43003,generator_supported_seen_mode_imm,386,0,110,4,4,0.2669834687865915,0.004901879104958868
43003,generator_supported_seen_mode_imm,386,0,110,8,8,0.20515614636352864,0.01441566830849442
43003,generator_supported_seen_mode_imm,386,0,110,16,16,0.25582527541530314,0.014063053518580785
43003,generator_supported_seen_mode_imm,416,0,110,1,1,0.13855169559235214,0.00315566260621119
43003,generator_supported_seen_mode_imm,416,0,110,4,4,-0.17595712926449178,0.009303653342967344
43003,generator_supported_seen_mode_imm,416,0,110,8,8,-0.22889036183988237,0.008153637825741288
43003,generator_supported_seen_mode_imm,416,0,110,16,16,-0.30308241512123507,0.006332532888826289
43003,generator_supported_seen_mode_imm,448,0,110,1,1,1.964806941568367,0.013991546207702276
43003,generator_supported_seen_mode_imm,448,0,110,4,4,0.4907129442324767,0.010789143019640238
43003,generator_supported_seen_mode_imm,448,0,110,8,6,0.24214536768245673,0.009258317604803236
43003,generator_supported_seen_mode_imm,448,0,110,16,6,0.24214536768245673,0.009258317604803236
43003,generator_supported_seen_mode_imm,455,0,110,1,1,-0.3289711954072148,0.005589089809472152
43003,generator_supported_seen_mode_imm,455,0,110,4,4,-0.351055824361453,0.0055848326767091415
43003,generator_supported_seen_mode_imm,455,0,110,8,8,0.03556895325716264,0.0045910444357925816
43003,generator_supported_seen_mode_imm,455,0,110,16,16,0.02887656746763366,0.0069142135049558235
43003,generator_supported_seen_mode_imm,497,0,110,1,1,0.5370844873497805,0.013503031628934794
43003,generator_supported_seen_mode_imm,497,0,110,4,4,0.005388220194914944,0.010736361152715115
43003,generator_supported_seen_mode_imm,497,0,110,8,8,0.3355218499024538,0.007730954804995955
43003,generator_supported_seen_mode_imm,497,0,110,16,9,0.23628797781310665,0.012960987032358602
43003,generator_supported_seen_mode_imm,507,0,110,1,1,-0.8461244396201715,0.00106342158021627
43003,generator_supported_seen_mode_imm,507,0,110,4,4,-0.6992151580342045,0.00419839504654977
43003,generator_supported_seen_mode_imm,507,0,110,8,8,0.6913807564391736,0.10817645255425304
43003,generator_supported_seen_mode_imm,507,0,110,16,16,0.8978731190765057,0.13722204797928284
43003,generator_supported_seen_mode_imm,640,0,110,1,1,0.2637559518035765,0.006813879504471626
43003,generator_supported_seen_mode_imm,640,0,110,4,4,0.29242111494525524,0.009019126496408762
43003,generator_supported_seen_mode_imm,640,0,110,8,4,0.29242111494525524,0.009019126496408762
43003,generator_supported_seen_mode_imm,640,0,110,16,4,0.29242111494525524,0.009019126496408762
43003,generator_supported_seen_mode_imm,645,0,110,1,1,1.776800426991743,0.13702613095282176
43003,generator_supported_seen_mode_imm,645,0,110,4,4,0.7474133406000057,0.05250459466500595
43003,generator_supported_seen_mode_imm,645,0,110,8,8,0.19204672204659218,0.026920516296552663
43003,generator_supported_seen_mode_imm,645,0,110,16,9,0.3773804502001625,0.03164956513080697
43003,generator_supported_seen_mode_imm,655,0,110,1,1,0.7286161113262036,0.07629480390965084
43003,generator_supported_seen_mode_imm,655,0,110,4,4,0.34223441788726044,0.027218183458804123
43003,generator_supported_seen_mode_imm,655,0,110,8,8,0.5242347721957514,0.023385776331478474
43003,generator_supported_seen_mode_imm,655,0,110,16,16,0.3604335590169623,0.017752279028745876
43003,generator_supported_seen_mode_imm,718,0,111,1,1,0.7940968784394984,0.39251026419952706
43003,generator_supported_seen_mode_imm,718,0,111,4,4,0.8559175566512708,0.10710151109711831
43003,generator_supported_seen_mode_imm,718,0,111,8,8,0.8671129787564653,0.06013772927406538
43003,generator_supported_seen_mode_imm,718,0,111,16,16,1.0992963669864784,0.121943990188149
43003,generator_supported_seen_mode_imm,756,0,111,1,1,0.07515528969786411,2.6222141078535844e-05
43003,generator_supported_seen_mode_imm,756,0,111,4,4,0.2059954556851551,0.014153637820517572
43003,generator_supported_seen_mode_imm,756,0,111,8,8,0.3642880981913185,0.02408982699647278
43003,generator_supported_seen_mode_imm,756,0,111,16,16,0.3651761735707796,0.031747429040754206
43003,generator_supported_seen_mode_imm,776,0,110,1,1,-0.37168555829728955,0.0037857094900157194
43003,generator_supported_seen_mode_imm,776,0,110,4,4,0.5941012382167807,0.016510401442092707
43003,generator_supported_seen_mode_imm,776,0,110,8,6,0.28721034344438273,0.013045029730865056
43003,generator_supported_seen_mode_imm,776,0,110,16,6,0.28721034344438273,0.013045029730865056
43003,generator_supported_seen_mode_imm,783,0,110,1,1,0.12556939057728123,0.01715450444491579
43003,generator_supported_seen_mode_imm,783,0,110,4,3,0.16588597387115775,0.005877891357050583
43003,generator_supported_seen_mode_imm,783,0,110,8,3,0.16588597387115775,0.005877891357050583
43003,generator_supported_seen_mode_imm,783,0,110,16,3,0.16588597387115775,0.005877891357050583
43003,generator_supported_seen_mode_imm,787,0,110,1,1,-0.5700597069258619,0.003607950058790941
43003,generator_supported_seen_mode_imm,787,0,110,4,4,0.16573341230523428,0.008388423374470294
43003,generator_supported_seen_mode_imm,787,0,110,8,8,0.02932608738142195,0.010990430889776307
43003,generator_supported_seen_mode_imm,787,0,110,16,16,-0.07138837460789099,0.01062210688754893
43003,generator_supported_seen_mode_imm,828,0,110,1,1,2.044334737670615,0.021348486734961668
43003,generator_supported_seen_mode_imm,828,0,110,4,2,1.2772633998719447,0.0107831979713102
43003,generator_supported_seen_mode_imm,828,0,110,8,2,1.2772633998719447,0.0107831979713102
43003,generator_supported_seen_mode_imm,828,0,110,16,2,1.2772633998719447,0.0107831979713102
43003,generator_supported_seen_mode_imm,831,0,110,1,1,-0.8403711449330042,0.0018929004809947881
43003,generator_supported_seen_mode_imm,831,0,110,4,4,0.7256932393219026,0.014109816567166259
43003,generator_supported_seen_mode_imm,831,0,110,8,8,0.2920154015255348,0.012269097691583828
43003,generator_supported_seen_mode_imm,831,0,110,16,15,0.2924786761911166,0.011576770694312783
43003,generator_supported_seen_mode_imm,848,0,110,1,1,1.3980747217667169,0.04058209375914715
43003,generator_supported_seen_mode_imm,848,0,110,4,4,0.44363662229386297,0.02348104262081563
43003,generator_supported_seen_mode_imm,848,0,110,8,8,0.5844521884595502,0.015483712289074518
43003,generator_supported_seen_mode_imm,848,0,110,16,9,0.47358673609572044,0.014149491830342096
43003,generator_supported_seen_mode_imm,858,0,110,1,1,0.3867725176425315,1.4515209183327257e-05
43003,generator_supported_seen_mode_imm,858,0,110,4,3,0.4827550179775799,0.0026631793736810825
43003,generator_supported_seen_mode_imm,858,0,110,8,3,0.4827550179775799,0.0026631793736810825
43003,generator_supported_seen_mode_imm,858,0,110,16,3,0.4827550179775799,0.0026631793736810825
43003,generator_supported_seen_mode_imm,862,0,110,1,1,0.3444614488472369,0.06393820633023423
43003,generator_supported_seen_mode_imm,862,0,110,4,4,0.3801924478350611,0.04144750837207463
43003,generator_supported_seen_mode_imm,862,0,110,8,8,0.23167934354250594,0.04126798258793754
43003,generator_supported_seen_mode_imm,862,0,110,16,16,0.5466490559098187,0.024734337618894167
43003,generator_supported_seen_mode_imm,921,0,101,1,1,0.24717910449591235,0.00037150946277565104
43003,generator_supported_seen_mode_imm,921,0,101,4,4,0.34477893986621794,0.0013640757637575253
43003,generator_supported_seen_mode_imm,921,0,101,8,8,0.3213109684336556,0.003550432116662512
43003,generator_supported_seen_mode_imm,921,0,101,16,16,0.5569832020733351,0.004483818888022444
43003,generator_supported_seen_mode_imm,945,0,101,1,1,2.566896643201332,0.029164241599004992
43003,generator_supported_seen_mode_imm,945,0,101,4,4,1.1851667845540925,0.013402882508890934
43003,generator_supported_seen_mode_imm,945,0,101,8,8,0.7947891190688977,0.01835015187663049
43003,generator_supported_seen_mode_imm,945,0,101,16,16,0.7209359977477281,0.023971983791373552
43003,generator_supported_seen_mode_imm,1039,0,111,1,1,1.4786866610935125,0.11008631499917501
43003,generator_supported_seen_mode_imm,1039,0,111,4,4,1.4429747860296844,0.058740130772641744
43003,generator_supported_seen_mode_imm,1039,0,111,8,5,1.5448114689130368,0.04843790790348226
43003,generator_supported_seen_mode_imm,1039,0,111,16,5,1.5448114689130368,0.04843790790348226
43003,generator_supported_seen_mode_imm,1045,0,111,1,1,1.6442889639671936,0.07258109171760571
43003,generator_supported_seen_mode_imm,1045,0,111,4,4,1.111650333499228,0.04599615848439735
43003,generator_supported_seen_mode_imm,1045,0,111,8,7,1.4636097408349351,0.05677311205189317
43003,generator_supported_seen_mode_imm,1045,0,111,16,7,1.4636097408349351,0.05677311205189317
43003,generator_supported_seen_mode_imm,1053,0,111,1,1,0.920948267581887,0.4014311104712614
43003,generator_supported_seen_mode_imm,1053,0,111,4,4,0.6149107064991708,0.20707162263336032
43003,generator_supported_seen_mode_imm,1053,0,111,8,8,1.4841016172188235,0.15381928252045352
43003,generator_supported_seen_mode_imm,1053,0,111,16,16,1.0921334947193784,0.1557857197005486
43003,generator_supported_seen_mode_imm,1075,0,111,1,1,0.978011939197559,0.13694271700713648
43003,generator_supported_seen_mode_imm,1075,0,111,4,4,0.4676738788764993,0.08636313452411945
43003,generator_supported_seen_mode_imm,1075,0,111,8,7,1.046793973687734,0.07729647643471316
43003,generator_supported_seen_mode_imm,1075,0,111,16,7,1.046793973687734,0.07729647643471316
43003,generator_supported_seen_mode_imm,1083,0,111,1,1,0.4949645668943927,8.155448068632782e-06
43003,generator_supported_seen_mode_imm,1083,0,111,4,4,0.4570348012473451,0.008322835490476663
43003,generator_supported_seen_mode_imm,1083,0,111,8,8,0.554990172147086,0.025234920535682895
43003,generator_supported_seen_mode_imm,1083,0,111,16,16,0.6881073977539363,0.032055442640184784
43003,generator_supported_seen_mode_imm,1179,1,101,1,1,0.5644584079267807,0.00023404902894600088
43003,generator_supported_seen_mode_imm,1179,1,101,4,4,0.3389225511852053,0.00827611195388949
43003,generator_supported_seen_mode_imm,1179,1,101,8,5,0.6532458567409325,0.011119022201750631
43003,generator_supported_seen_mode_imm,1179,1,101,16,5,0.6532458567409325,0.011119022201750631
43003,generator_supported_seen_mode_imm,1185,1,101,1,1,0.48592342818052253,0.05953860008708155
43003,generator_supported_seen_mode_imm,1185,1,101,4,4,0.6049718715334205,0.04221303699595691
43003,generator_supported_seen_mode_imm,1185,1,101,8,8,0.5911970186893327,0.030115829616820876
43003,generator_supported_seen_mode_imm,1185,1,101,16,16,0.4694223128475101,0.019617474510349973
43003,generator_supported_seen_mode_imm,1212,1,101,1,1,1.673707361278411,0.00813049580819772
43003,generator_supported_seen_mode_imm,1212,1,101,4,4,1.0769806938015425,0.011531159969971954
43003,generator_supported_seen_mode_imm,1212,1,101,8,8,1.1057702831424703,0.01536900965591741
43003,generator_supported_seen_mode_imm,1212,1,101,16,13,0.8030715546657355,0.022139116370583516
43003,generator_supported_seen_mode_imm,1226,1,101,1,1,0.42873682932078905,0.05156803406495035
43003,generator_supported_seen_mode_imm,1226,1,101,4,4,0.7571851059791508,0.043404962224658575
43003,generator_supported_seen_mode_imm,1226,1,101,8,8,0.8970044235336205,0.03493791446730931
43003,generator_supported_seen_mode_imm,1226,1,101,16,16,0.7868238531114926,0.02072684904608112
43003,generator_supported_seen_mode_imm,1254,1,101,1,1,1.1114320713396149,0.08209545739965336
43003,generator_supported_seen_mode_imm,1254,1,101,4,4,0.7494649868386186,0.05887504798828167
43003,generator_supported_seen_mode_imm,1254,1,101,8,8,0.5612554682892494,0.04242816211036974
43003,generator_supported_seen_mode_imm,1254,1,101,16,16,0.4675559544565817,0.022476073575529096
43003,generator_supported_seen_mode_imm,1432,1,101,1,1,1.001294205049213,0.020275958320001307
43003,generator_supported_seen_mode_imm,1432,1,101,4,3,0.8885280183752412,0.00913059067113307
43003,generator_supported_seen_mode_imm,1432,1,101,8,3,0.8885280183752412,0.00913059067113307
43003,generator_supported_seen_mode_imm,1432,1,101,16,3,0.8885280183752412,0.00913059067113307
43003,generator_supported_seen_mode_imm,1436,1,101,1,1,0.15148595810547866,0.012964539914172528
43003,generator_supported_seen_mode_imm,1436,1,101,4,4,0.6873783797475812,0.006685102319244383
43003,generator_supported_seen_mode_imm,1436,1,101,8,6,0.5687875993613473,0.004799553825319325
43003,generator_supported_seen_mode_imm,1436,1,101,16,6,0.5687875993613473,0.004799553825319325
43003,generator_supported_seen_mode_imm,1443,1,101,1,1,1.5276474903851642,0.043776813024227694
43003,generator_supported_seen_mode_imm,1443,1,101,4,4,0.6384661446640543,0.039340245515881396
43003,generator_supported_seen_mode_imm,1443,1,101,8,8,0.4745435471433257,0.021850750235585643
43003,generator_supported_seen_mode_imm,1443,1,101,16,9,0.44341618915290437,0.023399437846880214
43003,generator_supported_seen_mode_imm,1453,1,101,1,1,0.16420464313176023,0.03796594613347621
43003,generator_supported_seen_mode_imm,1453,1,101,4,4,0.5794739962892242,0.039845917524357705
43003,generator_supported_seen_mode_imm,1453,1,101,8,8,0.587801703954399,0.030936578007390803
43003,generator_supported_seen_mode_imm,1453,1,101,16,16,0.4132658835276597,0.020420238037477938
43003,generator_supported_seen_mode_imm,1537,1,111,1,1,2.408637363282604,0.2856348065691281
43003,generator_supported_seen_mode_imm,1537,1,111,4,4,2.14585126303365,0.09120795126592438
43003,generator_supported_seen_mode_imm,1537,1,111,8,8,1.4398743403709215,0.06276208702546396
43003,generator_supported_seen_mode_imm,1537,1,111,16,16,1.0596619628499009,0.13349205047759988
43003,generator_supported_seen_mode_imm,1604,1,110,1,1,-0.3765591160940331,0.00023031841498015527
43003,generator_supported_seen_mode_imm,1604,1,110,4,4,-0.2803433047584679,0.00809148661875603
43003,generator_supported_seen_mode_imm,1604,1,110,8,4,-0.2803433047584679,0.00809148661875603
43003,generator_supported_seen_mode_imm,1604,1,110,16,4,-0.2803433047584679,0.00809148661875603
43003,generator_supported_seen_mode_imm,1609,1,110,1,1,-0.664696121544752,0.0006825589211308109
43003,generator_supported_seen_mode_imm,1609,1,110,4,4,-0.05227933946482512,0.003268244038386337
43003,generator_supported_seen_mode_imm,1609,1,110,8,6,-0.3004957367280931,0.00474324592035919
43003,generator_supported_seen_mode_imm,1609,1,110,16,6,-0.3004957367280931,0.00474324592035919
43003,generator_supported_seen_mode_imm,1616,1,110,1,1,0.40774900078215925,0.007867921885834841
43003,generator_supported_seen_mode_imm,1616,1,110,4,4,0.25646996395246313,0.014297341636735458
43003,generator_supported_seen_mode_imm,1616,1,110,8,8,-0.030545020888449043,0.01310807259919543
43003,generator_supported_seen_mode_imm,1616,1,110,16,16,0.22739685951333702,0.012992608217542228
43003,generator_supported_seen_mode_imm,1695,1,110,1,1,-0.7510341532554896,0.006210847940280971
43003,generator_supported_seen_mode_imm,1695,1,110,4,4,0.325371493250458,0.0021481972978459963
43003,generator_supported_seen_mode_imm,1695,1,110,8,8,-0.028262549159080497,0.0032034900685238518
43003,generator_supported_seen_mode_imm,1695,1,110,16,16,0.029039741929766993,0.005231438003728614
43003,generator_supported_seen_mode_imm,1714,1,110,1,1,-0.002667260985975306,0.10912579581927585
43003,generator_supported_seen_mode_imm,1714,1,110,4,4,0.3440009607756397,0.05017613843952397
43003,generator_supported_seen_mode_imm,1714,1,110,8,8,-0.003941393142497501,0.029791091828930617
43003,generator_supported_seen_mode_imm,1714,1,110,16,15,-0.04576933505733896,0.01947439289798977
43003,generator_supported_seen_mode_imm,1731,1,110,1,1,0.32600679002238264,0.008741101803169511
43003,generator_supported_seen_mode_imm,1731,1,110,4,4,-0.023880512895233547,0.003552664759739944
43003,generator_supported_seen_mode_imm,1731,1,110,8,8,0.07314898296546346,0.010575232616327077
43003,generator_supported_seen_mode_imm,1731,1,110,16,16,-0.0784684557045589,0.011896978711442366
43003,generator_supported_seen_mode_imm,1761,1,110,1,1,-0.21906027402882872,3.379942862422357e-05
43003,generator_supported_seen_mode_imm,1761,1,110,4,4,0.4193792993531976,0.013046919984088336
43003,generator_supported_seen_mode_imm,1761,1,110,8,8,0.17207688278511876,0.008330184466593173
43003,generator_supported_seen_mode_imm,1761,1,110,16,9,0.09624924136417114,0.007407162767444882
43003,generator_supported_seen_mode_imm,1771,1,110,1,1,1.1590641963824315,0.003735622409235169
43003,generator_supported_seen_mode_imm,1771,1,110,4,4,0.42814965645504954,0.0038684327919539276
43003,generator_supported_seen_mode_imm,1771,1,110,8,8,0.3066976585742289,0.0038970243808209375
43003,generator_supported_seen_mode_imm,1771,1,110,16,16,0.09604122321286315,0.005930976040027971
43003,generator_supported_seen_mode_imm,1793,1,110,1,1,-0.3631005733083843,0.003751957533534227
43003,generator_supported_seen_mode_imm,1793,1,110,4,4,-0.18692301819721943,0.011668030676147285
43003,generator_supported_seen_mode_imm,1793,1,110,8,8,-0.04952023793024411,0.0060119241593981085
43003,generator_supported_seen_mode_imm,1793,1,110,16,16,-0.12056807203945843,0.004431417086518964
43003,generator_supported_seen_mode_imm,1830,1,011,1,1,1.5997477945983676,0.09856873987559418
43003,generator_supported_seen_mode_imm,1830,1,011,4,4,0.44225071316737935,0.1785356652223409
43003,generator_supported_seen_mode_imm,1830,1,011,8,8,0.6723065160243754,0.10997883016084173
43003,generator_supported_seen_mode_imm,1830,1,011,16,16,0.8983876811575924,0.0865418238706559
43003,generator_supported_seen_mode_imm,1999,1,111,1,1,1.433808775310593,0.03790287953511176
43003,generator_supported_seen_mode_imm,1999,1,111,4,4,0.9158760645463551,0.07291800410241314
43003,generator_supported_seen_mode_imm,1999,1,111,8,8,0.7977303740146551,0.05975704684274443
43003,generator_supported_seen_mode_imm,1999,1,111,16,8,0.7977303740146551,0.05975704684274443
43003,generator_supported_seen_mode_imm,2008,1,111,1,1,1.5370953221101697,0.0008838969606710599
43003,generator_supported_seen_mode_imm,2008,1,111,4,4,1.0804826091953965,0.0684748130084521
43003,generator_supported_seen_mode_imm,2008,1,111,8,8,0.7239282986835406,0.0425989658829721
43003,generator_supported_seen_mode_imm,2008,1,111,16,16,1.028722647974353,0.10218212311914575
43003,generator_supported_seen_mode_imm,2036,1,111,1,1,0.11394159709061456,0.023723833942683157
43003,generator_supported_seen_mode_imm,2036,1,111,4,1,0.11394159709061456,0.023723833942683157
43003,generator_supported_seen_mode_imm,2036,1,111,8,1,0.11394159709061456,0.023723833942683157
43003,generator_supported_seen_mode_imm,2036,1,111,16,1,0.11394159709061456,0.023723833942683157
43003,generator_supported_seen_mode_imm,2038,1,111,1,1,0.5227334668757356,0.10502880107541007
43003,generator_supported_seen_mode_imm,2038,1,111,4,4,0.8264217379019299,0.03340405456691419
43003,generator_supported_seen_mode_imm,2038,1,111,8,8,1.1114710085570576,0.06325206088112377
43003,generator_supported_seen_mode_imm,2038,1,111,16,10,0.9112064777677853,0.054256179372307624
43003,generator_supported_seen_mode_imm,2049,1,101,1,1,1.565704653079079,0.07012284399075011
43003,generator_supported_seen_mode_imm,2049,1,101,4,4,0.5916538466769047,0.07488030318516088
43003,generator_supported_seen_mode_imm,2049,1,101,8,8,0.3580465624713462,0.0726180132823931
43003,generator_supported_seen_mode_imm,2049,1,101,16,16,0.5308630912776922,0.03907967900106908
43003,generator_supported_seen_mode_imm,2067,1,101,1,1,2.4205107802941486,0.619618625105709
43003,generator_supported_seen_mode_imm,2067,1,101,4,4,1.5046698476438018,0.42819630311347245
43003,generator_supported_seen_mode_imm,2067,1,101,8,8,1.8934642092046503,0.25971748364022984
43003,generator_supported_seen_mode_imm,2067,1,101,16,16,1.3765185206026302,0.16745630424821245
43003,generator_supported_seen_mode_imm,2106,1,101,1,1,0.24507589689718243,0.013968160249109194
43003,generator_supported_seen_mode_imm,2106,1,101,4,1,0.24507589689718243,0.013968160249109194
43003,generator_supported_seen_mode_imm,2106,1,101,8,1,0.24507589689718243,0.013968160249109194
43003,generator_supported_seen_mode_imm,2106,1,101,16,1,0.24507589689718243,0.013968160249109194
43003,generator_supported_seen_mode_imm,2108,1,101,1,1,1.302723300915321,0.0032707416650193596
43003,generator_supported_seen_mode_imm,2108,1,101,4,2,0.99072256556572,0.061932996824360084
43003,generator_supported_seen_mode_imm,2108,1,101,8,2,0.99072256556572,0.061932996824360084
43003,generator_supported_seen_mode_imm,2108,1,101,16,2,0.99072256556572,0.061932996824360084
43003,generator_supported_seen_mode_imm,2111,1,101,1,1,4.611737675877429,0.7803766079070797
43003,generator_supported_seen_mode_imm,2111,1,101,4,4,2.2920111134145507,0.22059567698038884
43003,generator_supported_seen_mode_imm,2111,1,101,8,4,2.2920111134145507,0.22059567698038884
43003,generator_supported_seen_mode_imm,2111,1,101,16,4,2.2920111134145507,0.22059567698038884
43003,generator_supported_seen_mode_imm,2116,1,101,1,1,4.525962603148256,0.8249189583779865
43003,generator_supported_seen_mode_imm,2116,1,101,4,4,3.248650186438494,0.3380141000486331
43003,generator_supported_seen_mode_imm,2116,1,101,8,8,1.7948234525585218,0.17008238235720063
43003,generator_supported_seen_mode_imm,2116,1,101,16,16,1.1028947841898935,0.10617364313420295
43003,generator_supported_seen_mode_imm,2142,1,101,1,1,0.7844918711806583,0.19703891423154307
43003,generator_supported_seen_mode_imm,2142,1,101,4,4,0.6674354459455094,0.1230930619251959
43003,generator_supported_seen_mode_imm,2142,1,101,8,8,0.8458462392212683,0.08341093848561207
43003,generator_supported_seen_mode_imm,2142,1,101,16,16,1.0895052237550964,0.06445629336411639
43003,generator_supported_seen_mode_imm,2168,1,111,1,1,1.3683398053223172,0.19174703918743052
43003,generator_supported_seen_mode_imm,2168,1,111,4,1,1.3683398053223172,0.19174703918743052
43003,generator_supported_seen_mode_imm,2168,1,111,8,1,1.3683398053223172,0.19174703918743052
43003,generator_supported_seen_mode_imm,2168,1,111,16,1,1.3683398053223172,0.19174703918743052
43003,generator_supported_seen_mode_imm,2170,1,111,1,1,0.7761225366301597,0.045192118481234236
43003,generator_supported_seen_mode_imm,2170,1,111,4,4,0.5867718670164205,0.04666614196545799
43003,generator_supported_seen_mode_imm,2170,1,111,8,8,0.5072987154477606,0.02593810080990698
43003,generator_supported_seen_mode_imm,2170,1,111,16,12,1.1702115645856461,0.1164495039691094
43003,generator_supported_seen_mode_imm,2183,1,111,1,1,0.05870572687815989,0.10050353140886631
43003,generator_supported_seen_mode_imm,2183,1,111,4,4,1.5620215000833366,0.048719827010017355
43003,generator_supported_seen_mode_imm,2183,1,111,8,8,1.3544285092077628,0.08492516007877719
43003,generator_supported_seen_mode_imm,2183,1,111,16,12,1.175417774948182,0.1467197130578646
43003,generator_supported_seen_mode_imm,2196,1,111,1,1,0.056519925614058775,0.09472419881415428
43003,generator_supported_seen_mode_imm,2196,1,111,4,4,0.6000750059896625,0.030868290245838904
43003,generator_supported_seen_mode_imm,2196,1,111,8,8,0.7353554549621011,0.04884390073900172
43003,generator_supported_seen_mode_imm,2196,1,111,16,10,1.2464979645557084,0.044999715176969185
43003,generator_supported_seen_mode_imm,2207,1,111,1,1,1.0611061792641185,0.008137688816692195
43003,generator_supported_seen_mode_imm,2207,1,111,4,2,0.6333027521182965,0.03956330180000949
43003,generator_supported_seen_mode_imm,2207,1,111,8,2,0.6333027521182965,0.03956330180000949
43003,generator_supported_seen_mode_imm,2207,1,111,16,2,0.6333027521182965,0.03956330180000949
43003,generator_supported_seen_mode_imm,2210,1,111,1,1,1.1580419278028489,0.22244591365422875
43003,generator_supported_seen_mode_imm,2210,1,111,4,4,0.5336204581360631,0.08084046072411821
43003,generator_supported_seen_mode_imm,2210,1,111,8,8,0.5543968401007757,0.06141730918078739
43003,generator_supported_seen_mode_imm,2210,1,111,16,16,1.1020140301164396,0.05083903187370556
43003,generator_supported_seen_mode_imm,2280,1,110,1,1,0.30728781514379033,0.0015172644157339537
43003,generator_supported_seen_mode_imm,2280,1,110,4,4,0.06951260680580026,0.003806353438290085
43003,generator_supported_seen_mode_imm,2280,1,110,8,8,0.07437336680552206,0.00347178711314961
43003,generator_supported_seen_mode_imm,2280,1,110,16,16,-0.08410349057449709,0.006677519037308783
43003,generator_supported_seen_mode_imm,2306,2,111,1,1,0.5293814536494951,0.12444277324179533
43003,generator_supported_seen_mode_imm,2306,2,111,4,4,0.9662141273525968,0.14037062555952456
43003,generator_supported_seen_mode_imm,2306,2,111,8,8,0.8882264153573534,0.13925705999705051
43003,generator_supported_seen_mode_imm,2306,2,111,16,16,0.6117663257710959,0.09149911645384246
43003,generator_supported_seen_mode_imm,2339,2,111,1,1,0.12384532109400256,0.5722880180323803
43003,generator_supported_seen_mode_imm,2339,2,111,4,4,1.931756644564253,0.22937617445287545
43003,generator_supported_seen_mode_imm,2339,2,111,8,5,2.3190907037981217,0.19665725501826245
43003,generator_supported_seen_mode_imm,2339,2,111,16,5,2.3190907037981217,0.19665725501826245
43003,generator_supported_seen_mode_imm,2345,2,111,1,1,0.6655406131488943,0.24030302685959892
43003,generator_supported_seen_mode_imm,2345,2,111,4,4,0.7239309935990765,0.4583674818649984
43003,generator_supported_seen_mode_imm,2345,2,111,8,8,0.5969889822658949,0.29941193323778753
43003,generator_supported_seen_mode_imm,2345,2,111,16,16,0.5961620613870471,0.22061941142953723
43003,generator_supported_seen_mode_imm,2640,2,111,1,1,-0.14654595307115437,0.0006576001016267731
43003,generator_supported_seen_mode_imm,2640,2,111,4,4,0.30212556505722177,0.10242870332976783
43003,generator_supported_seen_mode_imm,2640,2,111,8,8,0.3366734546309483,0.06938441769050399
43003,generator_supported_seen_mode_imm,2640,2,111,16,16,0.6623924930523646,0.11904882466978642
43003,generator_supported_seen_mode_imm,2661,2,111,1,1,2.351279379860789,0.6722842103240354
43003,generator_supported_seen_mode_imm,2661,2,111,4,4,2.105057946249648,0.29163382341697847
43003,generator_supported_seen_mode_imm,2661,2,111,8,8,1.3334853649301117,0.16194735181189998
43003,generator_supported_seen_mode_imm,2661,2,111,16,13,0.9660691482891226,0.11044521695338551
43003,generator_supported_seen_mode_imm,2675,2,111,1,1,1.811855240591805,0.0028509452508816346
43003,generator_supported_seen_mode_imm,2675,2,111,4,4,1.2452075778990546,0.09409321862800493
43003,generator_supported_seen_mode_imm,2675,2,111,8,8,1.0591753742657872,0.2968213027956382
43003,generator_supported_seen_mode_imm,2675,2,111,16,16,1.1950113384066365,0.2885410347340288
43003,generator_supported_seen_mode_imm,2718,2,111,1,1,0.20686069533832313,0.0008508495364982613
43003,generator_supported_seen_mode_imm,2718,2,111,4,4,0.526429413465064,0.007013131673865525
43003,generator_supported_seen_mode_imm,2718,2,111,8,8,0.3247819086203705,0.0058890147481488325
43003,generator_supported_seen_mode_imm,2718,2,111,16,16,0.38627891126207214,0.012318593007382073
43003,generator_supported_seen_mode_imm,2758,2,101,1,1,0.9102316705034725,0.08233494329116602
43003,generator_supported_seen_mode_imm,2758,2,101,4,4,1.3627036244641009,0.05055679394754045
43003,generator_supported_seen_mode_imm,2758,2,101,8,7,0.9586003819911101,0.030600906752329377
43003,generator_supported_seen_mode_imm,2758,2,101,16,7,0.9586003819911101,0.030600906752329377
43003,generator_supported_seen_mode_imm,2766,2,101,1,1,0.6505817131578082,0.01542584891520924
43003,generator_supported_seen_mode_imm,2766,2,101,4,4,0.29821272723333314,0.009430707545662305
43003,generator_supported_seen_mode_imm,2766,2,101,8,7,0.3148848539525152,0.010388939635187324
43003,generator_supported_seen_mode_imm,2766,2,101,16,7,0.3148848539525152,0.010388939635187324
43003,generator_supported_seen_mode_imm,2774,2,101,1,1,1.1291534323459393,0.5741902940003513
43003,generator_supported_seen_mode_imm,2774,2,101,4,4,1.0659914872498224,0.3329240672967524
43003,generator_supported_seen_mode_imm,2774,2,101,8,8,0.8032138735673237,0.22056772678668257
43003,generator_supported_seen_mode_imm,2774,2,101,16,10,0.7146165105805224,0.18173539112207795
43003,generator_supported_seen_mode_imm,2785,2,101,1,1,-0.09044861706626439,0.038824955692512715
43003,generator_supported_seen_mode_imm,2785,2,101,4,4,0.202993539416745,0.02847552883634418
43003,generator_supported_seen_mode_imm,2785,2,101,8,7,0.0359668002836473,0.025641420774067895
43003,generator_supported_seen_mode_imm,2785,2,101,16,7,0.0359668002836473,0.025641420774067895
43003,generator_supported_seen_mode_imm,2793,2,101,1,1,2.15535699801825,0.009332726665175416
43003,generator_supported_seen_mode_imm,2793,2,101,4,4,-0.06929001341591998,0.009726963052513282
43003,generator_supported_seen_mode_imm,2793,2,101,8,8,0.18254543275471155,0.0230906616443677
43003,generator_supported_seen_mode_imm,2793,2,101,16,16,0.5432538582925379,0.0355227342773633
43003,generator_supported_seen_mode_imm,2817,2,101,1,1,0.9954107225901224,0.32912102725053166
43003,generator_supported_seen_mode_imm,2817,2,101,4,4,1.0257460567809609,0.13843943738355427
43003,generator_supported_seen_mode_imm,2817,2,101,8,4,1.0257460567809609,0.13843943738355427
43003,generator_supported_seen_mode_imm,2817,2,101,16,4,1.0257460567809609,0.13843943738355427
43003,generator_supported_seen_mode_imm,2822,2,101,1,1,1.0909186292451984,0.011826980031731096
43003,generator_supported_seen_mode_imm,2822,2,101,4,4,0.38551192994761657,0.005772797683605797
43003,generator_supported_seen_mode_imm,2822,2,101,8,8,-0.039793861155111215,0.0033189199160567596
43003,generator_supported_seen_mode_imm,2822,2,101,16,16,0.38989467184649623,0.02511404015166145
43003,generator_supported_seen_mode_imm,2849,2,101,1,1,0.6895188411697384,2.576774285776464e-05
43003,generator_supported_seen_mode_imm,2849,2,101,4,4,0.5079067427533196,0.013445745996193456
43003,generator_supported_seen_mode_imm,2849,2,101,8,8,0.5905170693129027,0.008811965916262167
43003,generator_supported_seen_mode_imm,2849,2,101,16,11,0.6814730031250523,0.010751602013002307
43003,generator_supported_seen_mode_imm,2861,2,101,1,1,0.9559924966344495,0.01991803050327179
43003,generator_supported_seen_mode_imm,2861,2,101,4,4,1.3199825865397397,0.02078980004893636
43003,generator_supported_seen_mode_imm,2861,2,101,8,8,0.9074591224624087,0.02398057952499957
43003,generator_supported_seen_mode_imm,2861,2,101,16,14,0.9054125346097815,0.02766532922738502
43003,generator_supported_seen_mode_imm,2876,2,101,1,1,1.5745791408733596,0.054505106606906224
43003,generator_supported_seen_mode_imm,2876,2,101,4,4,0.8442189203610257,0.017110405079136404
43003,generator_supported_seen_mode_imm,2876,2,101,8,8,0.8302151221326437,0.019896191042368762
43003,generator_supported_seen_mode_imm,2876,2,101,16,16,0.7142375676763082,0.02001498375572796
43003,generator_supported_seen_mode_imm,2910,2,101,1,1,0.8293848091779088,0.4110332251484453
43003,generator_supported_seen_mode_imm,2910,2,101,4,4,0.5727561672389079,0.11144441781357582
43003,generator_supported_seen_mode_imm,2910,2,101,8,8,1.00899147272802,0.06606208131349257
43003,generator_supported_seen_mode_imm,2910,2,101,16,16,0.8557913599136016,0.06164502936228321
43003,generator_supported_seen_mode_imm,2966,2,111,1,1,0.8958677178468096,0.016795497262654766
43003,generator_supported_seen_mode_imm,2966,2,111,4,4,0.5107031431740701,0.006825893344875791
43003,generator_supported_seen_mode_imm,2966,2,111,8,6,0.4383579022434256,0.04579433651923484
43003,generator_supported_seen_mode_imm,2966,2,111,16,6,0.4383579022434256,0.04579433651923484
43003,generator_supported_seen_mode_imm,2974,2,111,1,1,0.5333387374603444,0.01733859818096797
43003,generator_supported_seen_mode_imm,2974,2,111,4,4,0.3423684518355642,0.05977234617836767
43003,generator_supported_seen_mode_imm,2974,2,111,8,8,0.8667035478899525,0.04643342622118033
43003,generator_supported_seen_mode_imm,2974,2,111,16,16,0.778255043637428,0.035880591172158784
43003,generator_supported_seen_mode_imm,3014,2,111,1,1,6.231264176298221,0.0003633899967483768
43003,generator_supported_seen_mode_imm,3014,2,111,4,4,3.3555697000966913,0.023726873399934702
43003,generator_supported_seen_mode_imm,3014,2,111,8,8,1.9201788269057078,0.02644432182876204
43003,generator_supported_seen_mode_imm,3014,2,111,16,16,1.2696763317926487,0.028615489328002612
43003,generator_supported_seen_mode_imm,3061,2,101,1,1,0.6905910063505952,0.07747163882106012
43003,generator_supported_seen_mode_imm,3061,2,101,4,4,0.30591608839547074,0.07962479828992432
43003,generator_supported_seen_mode_imm,3061,2,101,8,8,0.5165600400119916,0.04490247373654454
43003,generator_supported_seen_mode_imm,3061,2,101,16,15,0.39816598848903534,0.036457376448538185
43003,generator_supported_seen_mode_imm,3077,2,101,1,1,0.34427913597805937,0.07755797771843162
43003,generator_supported_seen_mode_imm,3077,2,101,4,4,0.43213589511919515,0.06321334773589979
43003,generator_supported_seen_mode_imm,3077,2,101,8,4,0.43213589511919515,0.06321334773589979
43003,generator_supported_seen_mode_imm,3077,2,101,16,4,0.43213589511919515,0.06321334773589979
43003,generator_supported_seen_mode_imm,3082,2,101,1,1,0.49806314014516756,0.2182407848818146
43003,generator_supported_seen_mode_imm,3082,2,101,4,4,1.0125293228804975,0.09129710683585965
43003,generator_supported_seen_mode_imm,3082,2,101,8,8,0.7262517098502158,0.05448774933464547
43003,generator_supported_seen_mode_imm,3082,2,101,16,12,0.6495674104286299,0.048551925289351726
43003,generator_supported_seen_mode_imm,3096,2,101,1,1,2.105887169071657,0.012137762155565323
43003,generator_supported_seen_mode_imm,3096,2,101,4,4,0.7271582255914436,0.007193981636975623
43003,generator_supported_seen_mode_imm,3096,2,101,8,8,0.5590665920482809,0.005113374940604474
43003,generator_supported_seen_mode_imm,3096,2,101,16,16,0.43251503969899063,0.005228253945825252
43003,generator_supported_seen_mode_imm,3134,2,101,1,1,0.8063318719954792,0.09747226104693255
43003,generator_supported_seen_mode_imm,3134,2,101,4,4,0.796503576072174,0.09360687895576822
43003,generator_supported_seen_mode_imm,3134,2,101,8,8,0.7641233731134589,0.06572597492459607
43003,generator_supported_seen_mode_imm,3134,2,101,16,16,0.6915507010038308,0.04817880325565429
43003,generator_supported_seen_mode_imm,3256,2,110,1,1,-0.729733391741079,0.03932643353697329
43003,generator_supported_seen_mode_imm,3256,2,110,4,1,-0.729733391741079,0.03932643353697329
43003,generator_supported_seen_mode_imm,3256,2,110,8,1,-0.729733391741079,0.03932643353697329
43003,generator_supported_seen_mode_imm,3256,2,110,16,1,-0.729733391741079,0.03932643353697329
43003,generator_supported_seen_mode_imm,3258,2,110,1,1,1.920495789340135,0.02251537835858283
43003,generator_supported_seen_mode_imm,3258,2,110,4,4,1.064948796011548,0.02739405786787234
43003,generator_supported_seen_mode_imm,3258,2,110,8,8,0.5052564334339534,0.021689290356867612
43003,generator_supported_seen_mode_imm,3258,2,110,16,8,0.5052564334339534,0.021689290356867612
43003,generator_supported_seen_mode_imm,3267,2,110,1,1,-0.7957645730764278,6.720926800982771e-05
43003,generator_supported_seen_mode_imm,3267,2,110,4,4,0.28211123771218405,0.005715314832866254
43003,generator_supported_seen_mode_imm,3267,2,110,8,8,0.2820916456094384,0.004286349179168838
43003,generator_supported_seen_mode_imm,3267,2,110,16,9,0.22332471019003103,0.0066358053813968
43003,generator_supported_seen_mode_imm,3277,2,110,1,1,-0.6627404424779002,9.769119886296572e-08
43003,generator_supported_seen_mode_imm,3277,2,110,4,4,-0.7372395773646091,0.0030786796667795157
43003,generator_supported_seen_mode_imm,3277,2,110,8,8,-0.2830566609175934,0.004183498540250115
43003,generator_supported_seen_mode_imm,3277,2,110,16,15,-0.288721749383284,0.008082059559326215
43003,generator_supported_seen_mode_imm,3293,2,110,1,1,1.4031769523308322,0.011343578371702497
43003,generator_supported_seen_mode_imm,3293,2,110,4,4,0.019332456225423594,0.009405924240058337
43003,generator_supported_seen_mode_imm,3293,2,110,8,4,0.019332456225423594,0.009405924240058337
43003,generator_supported_seen_mode_imm,3293,2,110,16,4,0.019332456225423594,0.009405924240058337
43003,generator_supported_seen_mode_imm,3298,2,110,1,1,1.8778651777123592,0.0053317308843042885
43003,generator_supported_seen_mode_imm,3298,2,110,4,2,0.7841282981800342,0.0036029815620093318
43003,generator_supported_seen_mode_imm,3298,2,110,8,2,0.7841282981800342,0.0036029815620093318
43003,generator_supported_seen_mode_imm,3298,2,110,16,2,0.7841282981800342,0.0036029815620093318
43003,generator_supported_seen_mode_imm,3301,2,110,1,1,-0.43523767823596315,0.003209230502280615
43003,generator_supported_seen_mode_imm,3301,2,110,4,4,-0.19631403455231533,0.005331094880079726
43003,generator_supported_seen_mode_imm,3301,2,110,8,8,-0.05027652015818319,0.005361138826587101
43003,generator_supported_seen_mode_imm,3301,2,110,16,16,-0.17011815519505358,0.0038683261552330617
43003,generator_supported_seen_mode_imm,3319,2,110,1,1,-0.8275796668013545,0.0057515358608827795
43003,generator_supported_seen_mode_imm,3319,2,110,4,4,0.03253922222480188,0.00382191578451333
43003,generator_supported_seen_mode_imm,3319,2,110,8,8,0.09973258051870648,0.005309726045876343
43003,generator_supported_seen_mode_imm,3319,2,110,16,15,0.0038967527777353755,0.007400536158286166
43003,generator_supported_seen_mode_imm,3335,2,110,1,1,-0.35968895513232435,0.00042112890234141377
43003,generator_supported_seen_mode_imm,3335,2,110,4,4,0.5043786225685645,0.007091624295636138
43003,generator_supported_seen_mode_imm,3335,2,110,8,8,0.15785900832113742,0.00799492907593161
43003,generator_supported_seen_mode_imm,3335,2,110,16,16,0.07038027703480072,0.006594243192404666
43003,generator_supported_seen_mode_imm,3363,2,110,1,1,-0.13959657246324264,0.0531379840995687
43003,generator_supported_seen_mode_imm,3363,2,110,4,4,0.048921566529734895,0.01831346645471042
43003,generator_supported_seen_mode_imm,3363,2,110,8,8,0.06686033965950366,0.013036282186067543
43003,generator_supported_seen_mode_imm,3363,2,110,16,16,0.24528334829135792,0.010679392414648221
43003,generator_supported_seen_mode_imm,3380,2,110,1,1,0.21624307116637614,0.025846888125739105
43003,generator_supported_seen_mode_imm,3380,2,110,4,4,0.4375816382733315,0.04141953708444855
43003,generator_supported_seen_mode_imm,3380,2,110,8,8,0.503617347870327,0.05161331479998219
43003,generator_supported_seen_mode_imm,3380,2,110,16,16,0.1273928244190037,0.028297024378361603
43003,generator_supported_seen_mode_imm,3400,2,110,1,1,-0.2544557422590914,0.003788965248750337
43003,generator_supported_seen_mode_imm,3400,2,110,4,1,-0.2544557422590914,0.003788965248750337
43003,generator_supported_seen_mode_imm,3400,2,110,8,1,-0.2544557422590914,0.003788965248750337
43003,generator_supported_seen_mode_imm,3400,2,110,16,1,-0.2544557422590914,0.003788965248750337
43003,generator_supported_seen_mode_imm,3402,2,110,1,1,1.2536110801373634,0.0017301532595861303
43003,generator_supported_seen_mode_imm,3402,2,110,4,4,0.3377469273699977,0.011806162349088933
43003,generator_supported_seen_mode_imm,3402,2,110,8,8,0.18588793851270485,0.009757839811568102
43003,generator_supported_seen_mode_imm,3402,2,110,16,16,0.08580444742582267,0.007318725184574042
43003,generator_supported_seen_mode_imm,3426,2,110,1,1,-0.3242563047639092,1.153918059112968e-06
43003,generator_supported_seen_mode_imm,3426,2,110,4,4,-0.2722861628768126,0.02056814996621747
43003,generator_supported_seen_mode_imm,3426,2,110,8,6,0.15047740746275512,0.013915658648805777
43003,generator_supported_seen_mode_imm,3426,2,110,16,6,0.15047740746275512,0.013915658648805777
43003,generator_supported_seen_mode_imm,3433,2,110,1,1,0.4621593998038849,0.02033068620593459
43003,generator_supported_seen_mode_imm,3433,2,110,4,4,0.003176662027233406,0.00906607654468582
43003,generator_supported_seen_mode_imm,3433,2,110,8,8,0.45392710624780236,0.00974540066984618
43003,generator_supported_seen_mode_imm,3433,2,110,16,16,0.22600530003117483,0.01009755579036586
43003,generator_supported_seen_mode_imm,3463,3,101,1,1,5.712121447647406,0.30704725148456397
43003,generator_supported_seen_mode_imm,3463,3,101,4,4,1.7553994987071488,0.08992321047188978
43003,generator_supported_seen_mode_imm,3463,3,101,8,8,0.804760722751979,0.047474478041403353
43003,generator_supported_seen_mode_imm,3463,3,101,16,8,0.804760722751979,0.047474478041403353
43003,generator_supported_seen_mode_imm,3472,3,101,1,1,3.935806559120287,0.793475599704407
43003,generator_supported_seen_mode_imm,3472,3,101,4,1,3.935806559120287,0.793475599704407
43003,generator_supported_seen_mode_imm,3472,3,101,8,1,3.935806559120287,0.793475599704407
43003,generator_supported_seen_mode_imm,3472,3,101,16,1,3.935806559120287,0.793475599704407
43003,generator_supported_seen_mode_imm,3474,3,101,1,1,-0.46279188232324653,0.007648601180008522
43003,generator_supported_seen_mode_imm,3474,3,101,4,4,0.3911293761561256,0.034022749508876564
43003,generator_supported_seen_mode_imm,3474,3,101,8,8,0.26665770708416014,0.02286832089523423
43003,generator_supported_seen_mode_imm,3474,3,101,16,16,0.8770275855999121,0.023678343191077346
43003,generator_supported_seen_mode_imm,3495,3,101,1,1,0.6719528052703616,0.31150038286204107
43003,generator_supported_seen_mode_imm,3495,3,101,4,3,0.6411229660851733,0.3344758654779276
43003,generator_supported_seen_mode_imm,3495,3,101,8,3,0.6411229660851733,0.3344758654779276
43003,generator_supported_seen_mode_imm,3495,3,101,16,3,0.6411229660851733,0.3344758654779276
43003,generator_supported_seen_mode_imm,3499,3,101,1,1,0.04362456556887068,0.012714499470944114
43003,generator_supported_seen_mode_imm,3499,3,101,4,4,0.9608007483307877,0.03201609672327362
43003,generator_supported_seen_mode_imm,3499,3,101,8,8,0.6042765676324647,0.02676430148427389
43003,generator_supported_seen_mode_imm,3499,3,101,16,16,0.5785242931401549,0.016514417375130548
43003,generator_supported_seen_mode_imm,3581,3,110,1,1,-0.5330386063776763,2.4958544007785807e-06
43003,generator_supported_seen_mode_imm,3581,3,110,4,4,-0.009577758765501154,0.011697595213827353
43003,generator_supported_seen_mode_imm,3581,3,110,8,8,0.007778206297972309,0.007336977897849215
43003,generator_supported_seen_mode_imm,3581,3,110,16,9,0.010659315505090075,0.006533297480246704
43003,generator_supported_seen_mode_imm,3591,3,110,1,1,-0.14683049170493942,0.03090547800284626
43003,generator_supported_seen_mode_imm,3591,3,110,4,4,-0.32307734383726044,0.013180987589737722
43003,generator_supported_seen_mode_imm,3591,3,110,8,8,-0.44525008984057957,0.018205274982785194
43003,generator_supported_seen_mode_imm,3591,3,110,16,16,-0.35518329739371646,0.012054089628004097
43003,generator_supported_seen_mode_imm,3619,3,110,1,1,0.3858731027080621,0.002375192892264183
43003,generator_supported_seen_mode_imm,3619,3,110,4,4,0.6983763897978271,0.008312201017827583
43003,generator_supported_seen_mode_imm,3619,3,110,8,8,0.5122096973468934,0.005881486277005691
43003,generator_supported_seen_mode_imm,3619,3,110,16,16,0.1735390555408583,0.005812617365140885
43003,generator_supported_seen_mode_imm,3655,3,111,1,1,1.575961032335655,0.2925360456777845
43003,generator_supported_seen_mode_imm,3655,3,111,4,3,1.5343575656649706,0.188641308453276
43003,generator_supported_seen_mode_imm,3655,3,111,8,3,1.5343575656649706,0.188641308453276
43003,generator_supported_seen_mode_imm,3655,3,111,16,3,1.5343575656649706,0.188641308453276
43003,generator_supported_seen_mode_imm,3659,3,111,1,1,1.5555226892658842,0.029051744848156896
43003,generator_supported_seen_mode_imm,3659,3,111,4,4,0.681901273756073,0.02418290376577698
43003,generator_supported_seen_mode_imm,3659,3,111,8,8,0.7971254101332585,0.014036594934958868
43003,generator_supported_seen_mode_imm,3659,3,111,16,13,0.7264494421032711,0.01814699866030673
43003,generator_supported_seen_mode_imm,3673,3,111,1,1,0.8757271969864762,0.0029102808817466764
43003,generator_supported_seen_mode_imm,3673,3,111,4,4,0.636122079754478,0.014666396017289246
43003,generator_supported_seen_mode_imm,3673,3,111,8,7,0.7860443180570533,0.03323104225437779
43003,generator_supported_seen_mode_imm,3673,3,111,16,7,0.7860443180570533,0.03323104225437779
43003,generator_supported_seen_mode_imm,3681,3,111,1,1,1.6532830295633822,0.0015340328655801376
43003,generator_supported_seen_mode_imm,3681,3,111,4,4,1.5867542273461317,0.007612904721177928
43003,generator_supported_seen_mode_imm,3681,3,111,8,8,1.3470677592703186,0.052699656012107715
43003,generator_supported_seen_mode_imm,3681,3,111,16,16,1.048541199948285,0.08938792486243805
43003,generator_supported_seen_mode_imm,3706,3,111,1,1,1.2269219156048665,0.009742273482771568
43003,generator_supported_seen_mode_imm,3706,3,111,4,2,2.882383544420938,0.05361143976815879
43003,generator_supported_seen_mode_imm,3706,3,111,8,2,2.882383544420938,0.05361143976815879
43003,generator_supported_seen_mode_imm,3706,3,111,16,2,2.882383544420938,0.05361143976815879
43003,generator_supported_seen_mode_imm,3709,3,111,1,1,0.16987032252340561,0.1482326828128087
43003,generator_supported_seen_mode_imm,3709,3,111,4,4,0.39471290812495563,0.1356579236415145
43003,generator_supported_seen_mode_imm,3709,3,111,8,8,0.783640330743649,0.08862991724467865
43003,generator_supported_seen_mode_imm,3709,3,111,16,16,0.7766565832441087,0.05358870483668446
43003,generator_supported_seen_mode_imm,3735,3,111,1,1,3.9124488109652047,0.013372110588754422
43003,generator_supported_seen_mode_imm,3735,3,111,4,4,1.738462956543518,0.007172079952576506
43003,generator_supported_seen_mode_imm,3735,3,111,8,4,1.738462956543518,0.007172079952576506
43003,generator_supported_seen_mode_imm,3735,3,111,16,4,1.738462956543518,0.007172079952576506
43003,generator_supported_seen_mode_imm,3740,3,111,1,1,2.3166567443017008,0.022474603760905734
43003,generator_supported_seen_mode_imm,3740,3,111,4,4,0.5650687046810291,0.0400344121269192
43003,generator_supported_seen_mode_imm,3740,3,111,8,8,0.5669172655321426,0.02061118758810299
43003,generator_supported_seen_mode_imm,3740,3,111,16,8,0.5669172655321426,0.02061118758810299
43003,generator_supported_seen_mode_imm,3749,3,110,1,1,-0.9404152383427404,0.0001884039059042109
43003,generator_supported_seen_mode_imm,3749,3,110,4,4,-0.17178148760408302,0.0017890694756704858
43003,generator_supported_seen_mode_imm,3749,3,110,8,8,-0.33217811586612517,0.002204777161684108
43003,generator_supported_seen_mode_imm,3749,3,110,16,11,-0.26803229340178697,0.003486430157201381
43003,generator_supported_seen_mode_imm,3761,3,110,1,1,-0.6249397458091924,0.037076165292787455
43003,generator_supported_seen_mode_imm,3761,3,110,4,4,-0.23967147378457682,0.015381327184312333
43003,generator_supported_seen_mode_imm,3761,3,110,8,8,0.1890241750967937,0.01635948112220772
43003,generator_supported_seen_mode_imm,3761,3,110,16,10,0.05297562476735666,0.014935830391869428
43003,generator_supported_seen_mode_imm,3772,3,110,1,1,-0.4922949670332353,0.0002879272280461085
43003,generator_supported_seen_mode_imm,3772,3,110,4,3,-0.07083011746767631,0.00039197359808098827
43003,generator_supported_seen_mode_imm,3772,3,110,8,3,-0.07083011746767631,0.00039197359808098827
43003,generator_supported_seen_mode_imm,3772,3,110,16,3,-0.07083011746767631,0.00039197359808098827
43003,generator_supported_seen_mode_imm,3776,3,110,1,1,1.2049933266730244,0.01038489912177894
43003,generator_supported_seen_mode_imm,3776,3,110,4,4,1.340363446488535,0.004667533450574822
43003,generator_supported_seen_mode_imm,3776,3,110,8,8,0.7934385016506429,0.0043842236292725755
43003,generator_supported_seen_mode_imm,3776,3,110,16,16,0.2071449560386434,0.004145099871253297
43003,generator_supported_seen_mode_imm,3813,3,110,1,1,1.292970533003336,0.003827319043111091
43003,generator_supported_seen_mode_imm,3813,3,110,4,4,0.7125034301783455,0.002663163925504759
43003,generator_supported_seen_mode_imm,3813,3,110,8,8,0.3668797085735672,0.001616112477994648
43003,generator_supported_seen_mode_imm,3813,3,110,16,16,0.13567268546107583,0.004319924547628933
43003,generator_supported_seen_mode_imm,3833,3,110,1,1,0.14151970802730562,0.03378338990192125
43003,generator_supported_seen_mode_imm,3833,3,110,4,1,0.14151970802730562,0.03378338990192125
43003,generator_supported_seen_mode_imm,3833,3,110,8,1,0.14151970802730562,0.03378338990192125
43003,generator_supported_seen_mode_imm,3833,3,110,16,1,0.14151970802730562,0.03378338990192125
43003,generator_supported_seen_mode_imm,3836,3,110,1,1,-0.8757246549242608,0.0005873419182418719
43003,generator_supported_seen_mode_imm,3836,3,110,4,4,-0.573810277732115,0.007215365258568782
43003,generator_supported_seen_mode_imm,3836,3,110,8,8,0.2427737194711378,0.018155348583746678
43003,generator_supported_seen_mode_imm,3836,3,110,16,11,0.13445567646336692,0.013721259875867952
43003,generator_supported_seen_mode_imm,3848,3,110,1,1,-0.6581294017789289,0.00685168435634979
43003,generator_supported_seen_mode_imm,3848,3,110,4,4,0.2359974165522581,0.015050570529996763
43003,generator_supported_seen_mode_imm,3848,3,110,8,8,-0.13276951483181737,0.00922490886521142
43003,generator_supported_seen_mode_imm,3848,3,110,16,16,-0.07704218686862863,0.006186546334262239
43003,generator_supported_seen_mode_imm,3869,3,110,1,1,1.0635464589838401,0.02221347035963252
43003,generator_supported_seen_mode_imm,3869,3,110,4,4,0.7046230713644492,0.00832964305317758
43003,generator_supported_seen_mode_imm,3869,3,110,8,8,0.3555583037322417,0.013358931249234134
43003,generator_supported_seen_mode_imm,3869,3,110,16,16,0.13337061141116027,0.010004172797461873
43003,generator_supported_seen_mode_imm,3900,3,110,1,1,-0.37121599551579865,0.033947706549504575
43003,generator_supported_seen_mode_imm,3900,3,110,4,4,-0.048224075854212484,0.011751828980447875
43003,generator_supported_seen_mode_imm,3900,3,110,8,5,-0.0777740520496123,0.011024565037689246
43003,generator_supported_seen_mode_imm,3900,3,110,16,5,-0.0777740520496123,0.011024565037689246
43003,generator_supported_seen_mode_imm,3906,3,110,1,1,-0.2672620154494305,0.005720794389708538
43003,generator_supported_seen_mode_imm,3906,3,110,4,4,-0.09873649033680115,0.004119817259336105
43003,generator_supported_seen_mode_imm,3906,3,110,8,7,-0.2675680981667247,0.006382956231081796
43003,generator_supported_seen_mode_imm,3906,3,110,16,7,-0.2675680981667247,0.006382956231081796
43003,generator_supported_seen_mode_imm,3914,3,110,1,1,-0.3504124764735516,0.010493871423323592
43003,generator_supported_seen_mode_imm,3914,3,110,4,4,0.15142103178839464,0.008091548076076614
43003,generator_supported_seen_mode_imm,3914,3,110,8,8,0.12505931691253447,0.009784567037877275
43003,generator_supported_seen_mode_imm,3914,3,110,16,16,-0.04803756296530815,0.008183340360564364
43003,generator_supported_seen_mode_imm,3970,3,101,1,1,0.42408535830983685,0.0012425539791403092
43003,generator_supported_seen_mode_imm,3970,3,101,4,4,0.7029458957670506,0.004426457418126021
43003,generator_supported_seen_mode_imm,3970,3,101,8,8,0.5694830653679321,0.012947273626834096
43003,generator_supported_seen_mode_imm,3970,3,101,16,9,0.6587277519384449,0.011509944437934924
43003,generator_supported_seen_mode_imm,3980,3,101,1,1,0.5232692823851148,0.006784887114335996
43003,generator_supported_seen_mode_imm,3980,3,101,4,4,0.8477193400087601,0.015511728692087957
43003,generator_supported_seen_mode_imm,3980,3,101,8,8,0.831532037195025,0.012321443784331306
43003,generator_supported_seen_mode_imm,3980,3,101,16,10,1.035478138411825,0.012816638258662213
43003,generator_supported_seen_mode_imm,3991,3,101,1,1,1.877134785048483,0.0011074368921984979
43003,generator_supported_seen_mode_imm,3991,3,101,4,4,0.9474088712117557,0.04024205620426967
43003,generator_supported_seen_mode_imm,3991,3,101,8,8,0.7920233743602991,0.03938158366302221
43003,generator_supported_seen_mode_imm,3991,3,101,16,16,0.40541767548112806,0.021439888930468026
43003,generator_supported_seen_mode_imm,4052,3,101,1,1,0.01921631781133115,0.6818288878218803
43003,generator_supported_seen_mode_imm,4052,3,101,4,4,1.2329894036954068,0.304249690530235
43003,generator_supported_seen_mode_imm,4052,3,101,8,8,0.8100146796801448,0.18305705870991287
43003,generator_supported_seen_mode_imm,4052,3,101,16,10,0.7837992117384168,0.15297838452236492
43003,generator_supported_seen_mode_imm,4063,3,101,1,1,2.0408010676744803,0.08106818148944415
43003,generator_supported_seen_mode_imm,4063,3,101,4,4,1.0021908672320277,0.05363076814113801
43003,generator_supported_seen_mode_imm,4063,3,101,8,8,0.8242730571768846,0.03677714250229692
43003,generator_supported_seen_mode_imm,4063,3,101,16,16,0.9360000194631735,0.033747829473148847
43003,generator_supported_seen_mode_imm,4161,3,101,1,1,1.6733377524374697,0.007673843065675121
43003,generator_supported_seen_mode_imm,4161,3,101,4,3,0.7876667232724763,0.004340267213490962
43003,generator_supported_seen_mode_imm,4161,3,101,8,3,0.7876667232724763,0.004340267213490962
43003,generator_supported_seen_mode_imm,4161,3,101,16,3,0.7876667232724763,0.004340267213490962
43003,generator_supported_seen_mode_imm,4165,3,101,1,1,0.017892271464156784,0.10089677472368476
43003,generator_supported_seen_mode_imm,4165,3,101,4,4,1.379136364453585,0.08946267993065195
43003,generator_supported_seen_mode_imm,4165,3,101,8,6,1.5000022984697994,0.06147668993140868
43003,generator_supported_seen_mode_imm,4165,3,101,16,6,1.5000022984697994,0.06147668993140868
43003,generator_supported_seen_mode_imm,4172,3,101,1,1,2.0386606326961063,0.055148216959604215
43003,generator_supported_seen_mode_imm,4172,3,101,4,4,0.9253759930558894,0.014697087873548457
43003,generator_supported_seen_mode_imm,4172,3,101,8,4,0.9253759930558894,0.014697087873548457
43003,generator_supported_seen_mode_imm,4172,3,101,16,4,0.9253759930558894,0.014697087873548457
43003,generator_supported_seen_mode_imm,4177,3,101,1,1,0.159320628272772,0.308022586210872
43003,generator_supported_seen_mode_imm,4177,3,101,4,4,0.6423676118927226,0.27210638211832544
43003,generator_supported_seen_mode_imm,4177,3,101,8,8,0.41729540124728326,0.16955585502664458
43003,generator_supported_seen_mode_imm,4177,3,101,16,11,0.35995685062046046,0.12666202968709236
43003,generator_supported_seen_mode_imm,4189,3,101,1,1,-0.565841143052034,0.09354380776714327
43003,generator_supported_seen_mode_imm,4189,3,101,4,4,0.5470744940109806,0.024773645391793615
43003,generator_supported_seen_mode_imm,4189,3,101,8,8,0.6621261084119925,0.014120880716664999
43003,generator_supported_seen_mode_imm,4189,3,101,16,13,0.5164682951871331,0.027121238387290726
43003,generator_supported_seen_mode_imm,4203,3,101,1,1,2.27928002774394,0.16067238227271197
43003,generator_supported_seen_mode_imm,4203,3,101,4,4,0.7809681204707892,0.0681481278626058
43003,generator_supported_seen_mode_imm,4203,3,101,8,8,0.7889968028971445,0.09128459988505747
43003,generator_supported_seen_mode_imm,4203,3,101,16,14,0.7855649657954551,0.05856420106038072
43003,generator_supported_seen_mode_imm,4218,3,101,1,1,4.12076103992196,0.04893117712894029
43003,generator_supported_seen_mode_imm,4218,3,101,4,4,1.5449312363855463,0.07472637564470294
43003,generator_supported_seen_mode_imm,4218,3,101,8,8,1.0296941237246473,0.06618989130973284
43003,generator_supported_seen_mode_imm,4218,3,101,16,16,0.6874352581161798,0.05089969071594258
43003,generator_supported_seen_mode_imm,4247,3,011,1,1,0.015486114898476955,0.022937635161345685
43003,generator_supported_seen_mode_imm,4247,3,011,4,4,0.817456240288522,0.25629286759743525
43003,generator_supported_seen_mode_imm,4247,3,011,8,8,0.7826817758068404,0.1644440865279399
43003,generator_supported_seen_mode_imm,4247,3,011,16,16,0.7247779535322346,0.08916754040380863
43003,generator_supported_seen_mode_imm,4429,3,111,1,1,0.19825638064128703,0.039536229136522216
43003,generator_supported_seen_mode_imm,4429,3,111,4,4,0.5285904485073686,0.03287106271710351
43003,generator_supported_seen_mode_imm,4429,3,111,8,8,0.5383514231853684,0.025381825050259422
43003,generator_supported_seen_mode_imm,4429,3,111,16,16,0.6307855223184915,0.04048908624654915
43003,generator_supported_seen_mode_imm,4449,3,111,1,1,0.7129198519877855,0.526578455808577
43003,generator_supported_seen_mode_imm,4449,3,111,4,3,2.1345167685082034,0.5231373388920059
43003,generator_supported_seen_mode_imm,4449,3,111,8,3,2.1345167685082034,0.5231373388920059
43003,generator_supported_seen_mode_imm,4449,3,111,16,3,2.1345167685082034,0.5231373388920059
43003,generator_supported_seen_mode_imm,4453,3,111,1,1,0.9567796723261943,0.646195135151582
43003,generator_supported_seen_mode_imm,4453,3,111,4,4,1.656581799520706,0.31185516471351843
43003,generator_supported_seen_mode_imm,4453,3,111,8,8,1.3275238315792073,0.18080751705392978
43003,generator_supported_seen_mode_imm,4453,3,111,16,10,1.159569142394971,0.14568558732196113
43003,generator_supported_seen_mode_imm,4464,3,111,1,1,0.0414236542943599,0.011947281445144243
43003,generator_supported_seen_mode_imm,4464,3,111,4,4,0.6646170649858514,0.22774253301453712
43003,generator_supported_seen_mode_imm,4464,3,111,8,8,0.8504726458154838,0.20117276025260292
43003,generator_supported_seen_mode_imm,4464,3,111,16,16,0.8124791756720334,0.13390207662627368
43003,generator_supported_seen_mode_imm,4485,3,111,1,1,1.4143984055863288,0.021019809702143562
43003,generator_supported_seen_mode_imm,4485,3,111,4,4,0.5531052440372832,0.023507448768075093
43003,generator_supported_seen_mode_imm,4485,3,111,8,8,0.4020124631506239,0.021895375689033124
43003,generator_supported_seen_mode_imm,4485,3,111,16,16,0.8240646838913535,0.04198650231105337
43003,generator_supported_seen_mode_imm,4507,3,111,1,1,6.845973295895921,0.007354934260262346
43003,generator_supported_seen_mode_imm,4507,3,111,4,2,4.707583454231425,0.13154841754053986
43003,generator_supported_seen_mode_imm,4507,3,111,8,2,4.707583454231425,0.13154841754053986
43003,generator_supported_seen_mode_imm,4507,3,111,16,2,4.707583454231425,0.13154841754053986
43003,generator_supported_seen_mode_imm,4510,3,111,1,1,0.21148512910479053,0.12782613901988726
43003,generator_supported_seen_mode_imm,4510,3,111,4,4,0.975354077873581,0.06538005796183528
43003,generator_supported_seen_mode_imm,4510,3,111,8,8,0.7973225611346639,0.12746242170624827
43003,generator_supported_seen_mode_imm,4510,3,111,16,16,0.6477946422129058,0.11780016362732121
43003,generator_supported_seen_mode_imm,4543,3,111,1,1,3.0816538947549676,0.00016222918384478218
43003,generator_supported_seen_mode_imm,4543,3,111,4,4,1.0405292769419772,0.007093812110807544
43003,generator_supported_seen_mode_imm,4543,3,111,8,8,0.8110301614944869,0.10203791086610735
43003,generator_supported_seen_mode_imm,4543,3,111,16,16,0.7556925708566313,0.14227243688583238
43003,generator_supported_seen_mode_imm,4567,3,111,1,1,5.92375550191947,0.0008710549955977615
43003,generator_supported_seen_mode_imm,4567,3,111,4,4,2.2817104537934902,0.10668894362861425
43003,generator_supported_seen_mode_imm,4567,3,111,8,8,1.2924943092586836,0.1451181678254846
43003,generator_supported_seen_mode_imm,4567,3,111,16,16,1.464411680963324,0.18004596467930306
43003,generator_supported_seen_mode_imm,4584,3,111,1,1,2.0594761821428147,0.09064704849902293
43003,generator_supported_seen_mode_imm,4584,3,111,4,4,0.95023430190222,0.07640145265138905
43003,generator_supported_seen_mode_imm,4584,3,111,8,8,0.591277763363908,0.04990182417513425
43003,generator_supported_seen_mode_imm,4584,3,111,16,16,0.5023952211866717,0.07664842948218428
43003,generator_supported_seen_mode_imm,4604,3,111,1,1,4.106395825537273,0.02904420139649808
43003,generator_supported_seen_mode_imm,4604,3,111,4,3,1.6414099117563703,0.02700245842759109
43003,generator_supported_seen_mode_imm,4604,3,111,8,3,1.6414099117563703,0.02700245842759109
43003,generator_supported_seen_mode_imm,4604,3,111,16,3,1.6414099117563703,0.02700245842759109
43003,selected_fixed_jump,18,0,101,1,1,-0.224418272412168,0.013631497524016802
43003,selected_fixed_jump,18,0,101,4,4,0.23658851879784304,0.023083506777458736
43003,selected_fixed_jump,18,0,101,8,4,0.23658851879784304,0.023083506777458736
43003,selected_fixed_jump,18,0,101,16,4,0.23658851879784304,0.023083506777458736
43003,selected_fixed_jump,23,0,101,1,1,0.17952373185231837,0.00025815820434486685
43003,selected_fixed_jump,23,0,101,4,4,0.1679609831108567,0.01404295447131948
43003,selected_fixed_jump,23,0,101,8,8,0.8822735256929406,0.05247829479374619
43003,selected_fixed_jump,23,0,101,16,16,0.8671213740387399,0.04731702783843941
43003,selected_fixed_jump,71,0,101,1,1,0.6386075417067174,0.018300667719031972
43003,selected_fixed_jump,71,0,101,4,4,1.1560682069967725,0.07112622951014291
43003,selected_fixed_jump,71,0,101,8,8,1.8701199115672633,0.11616942033680801
43003,selected_fixed_jump,71,0,101,16,16,1.3837288919670603,0.0827588953979371
43003,selected_fixed_jump,101,0,101,1,1,1.8305927003237896,6.789280129144325e-05
43003,selected_fixed_jump,101,0,101,4,4,0.5767655763299235,0.010950208204655355
43003,selected_fixed_jump,101,0,101,8,8,0.6241497626331319,0.018527701780168777
43003,selected_fixed_jump,101,0,101,16,16,0.6934630267485113,0.024530953636608115
43003,selected_fixed_jump,236,0,101,1,1,0.49163226135770527,0.14951249845002612
43003,selected_fixed_jump,236,0,101,4,4,0.9720586794746802,0.06570477560129229
43003,selected_fixed_jump,236,0,101,8,8,0.5070911742230366,0.03634105969676022
43003,selected_fixed_jump,236,0,101,16,16,1.4007948620508828,0.05767741282786576
43003,selected_fixed_jump,266,0,101,1,1,-0.14235948938221477,0.04995607001499395
43003,selected_fixed_jump,266,0,101,4,4,2.8267447772435914,0.20116551303819244
43003,selected_fixed_jump,266,0,101,8,8,1.9132197886178415,0.16369550946357508
43003,selected_fixed_jump,266,0,101,16,16,2.096603721247788,0.20826719058718493
43003,selected_fixed_jump,285,0,101,1,1,1.0161362996545573,0.03304849677666351
43003,selected_fixed_jump,285,0,101,4,3,0.9554006877650748,0.03295650646012382
43003,selected_fixed_jump,285,0,101,8,3,0.9554006877650748,0.03295650646012382
43003,selected_fixed_jump,285,0,101,16,3,0.9554006877650748,0.03295650646012382
43003,selected_fixed_jump,289,0,111,1,1,1.0223781865941362,0.26221460122423657
43003,selected_fixed_jump,289,0,111,4,4,0.664071634283484,0.10562203097067609
43003,selected_fixed_jump,289,0,111,8,8,1.3391137537189617,0.082420796753838
43003,selected_fixed_jump,289,0,111,16,8,1.3391137537189617,0.082420796753838
43003,selected_fixed_jump,298,0,111,1,1,0.902189136632274,0.25270805043830596
43003,selected_fixed_jump,298,0,111,4,4,0.8453056810910677,0.08539901853135112
43003,selected_fixed_jump,298,0,111,8,8,1.2353500195294584,0.05437375811529599
43003,selected_fixed_jump,298,0,111,16,16,1.178633180396048,0.07649271952861
43003,selected_fixed_jump,327,0,111,1,1,0.8754611035144403,0.13428366639373787
43003,selected_fixed_jump,327,0,111,4,4,0.7590322224163035,0.06342412870922869
43003,selected_fixed_jump,327,0,111,8,8,1.6162451841745855,0.056497924671001586
43003,selected_fixed_jump,327,0,111,16,16,1.4382705405891167,0.058256541642415234
43003,selected_fixed_jump,356,0,111,1,1,0.7573519251552608,0.02128722885777242
43003,selected_fixed_jump,356,0,111,4,4,0.7615445860138483,0.08739153070871551
43003,selected_fixed_jump,356,0,111,8,8,2.203233618098817,0.19460539492948864
43003,selected_fixed_jump,356,0,111,16,16,2.182609529548394,0.15550511308026918
43003,selected_fixed_jump,386,0,110,1,1,-0.22127808571642274,0.008547657684009783
43003,selected_fixed_jump,386,0,110,4,4,-0.01519340444984179,0.003980177867170162
43003,selected_fixed_jump,386,0,110,8,8,-0.04447060522848889,0.011224374889033183
43003,selected_fixed_jump,386,0,110,16,16,0.047285501242712843,0.00831425507027617
43003,selected_fixed_jump,416,0,110,1,1,0.14475825042975404,7.117540252957033e-06
43003,selected_fixed_jump,416,0,110,4,4,-0.1125044372363429,0.011713212758624343
43003,selected_fixed_jump,416,0,110,8,8,-0.14940496524262256,0.010537466168939177
43003,selected_fixed_jump,416,0,110,16,16,-0.18085999412012024,0.008804277949905594
43003,selected_fixed_jump,448,0,110,1,1,1.0591078694194316,0.05123673438527621
43003,selected_fixed_jump,448,0,110,4,4,0.31461745049020584,0.030967707583798514
43003,selected_fixed_jump,448,0,110,8,6,0.1530129299044591,0.024441058173075864
43003,selected_fixed_jump,448,0,110,16,6,0.1530129299044591,0.024441058173075864
43003,selected_fixed_jump,455,0,110,1,1,-0.12499926942599651,0.008888906027313332
43003,selected_fixed_jump,455,0,110,4,4,-0.17542617619103779,0.009576642872457835
43003,selected_fixed_jump,455,0,110,8,8,0.04103753518480194,0.014035998343680722
43003,selected_fixed_jump,455,0,110,16,16,0.05867776764052887,0.018975820935588132
43003,selected_fixed_jump,497,0,110,1,1,0.05115608761161786,0.011294830597673012
43003,selected_fixed_jump,497,0,110,4,4,-0.09126434788924095,0.011170373315875847
43003,selected_fixed_jump,497,0,110,8,8,0.14162421789684915,0.014894946278386556
43003,selected_fixed_jump,497,0,110,16,9,0.0890908396160997,0.01876805072340773
43003,selected_fixed_jump,507,0,110,1,1,-0.22503746565756502,0.0014550739928704689
43003,selected_fixed_jump,507,0,110,4,4,-0.23513590579795215,0.00394417378153776
43003,selected_fixed_jump,507,0,110,8,8,0.7027314905481336,0.08780042452796713
43003,selected_fixed_jump,507,0,110,16,16,1.0167959337318342,0.10162586773550253
43003,selected_fixed_jump,640,0,110,1,1,-0.07609111070715113,0.009666991484875175
43003,selected_fixed_jump,640,0,110,4,4,0.049699788818653674,0.01033870229351323
43003,selected_fixed_jump,640,0,110,8,4,0.049699788818653674,0.01033870229351323
43003,selected_fixed_jump,640,0,110,16,4,0.049699788818653674,0.01033870229351323
43003,selected_fixed_jump,645,0,110,1,1,-0.13773365979190724,0.030992894869906258
43003,selected_fixed_jump,645,0,110,4,4,0.05874140094338702,0.015619650402850977
43003,selected_fixed_jump,645,0,110,8,8,-0.11047435002639865,0.009648973375253798
43003,selected_fixed_jump,645,0,110,16,9,-0.036551331794382955,0.014466066446870382
43003,selected_fixed_jump,655,0,110,1,1,-0.05660984535803889,0.01607082572577348
43003,selected_fixed_jump,655,0,110,4,4,-0.04005984449154375,0.01689999208587089
43003,selected_fixed_jump,655,0,110,8,8,0.19527638156667781,0.02802055139156501
43003,selected_fixed_jump,655,0,110,16,16,0.13317579165530025,0.01698233239321094
43003,selected_fixed_jump,718,0,111,1,1,0.5556977466153317,0.39090316075498655
43003,selected_fixed_jump,718,0,111,4,4,1.362856910556019,0.10209950759347021
43003,selected_fixed_jump,718,0,111,8,8,1.0480038370580158,0.09077849645501743
43003,selected_fixed_jump,718,0,111,16,16,1.3975952320796448,0.05574706970846354
43003,selected_fixed_jump,756,0,111,1,1,0.3919409380330225,0.03451597276361817
43003,selected_fixed_jump,756,0,111,4,4,0.15352037571721838,0.03207160017382864
43003,selected_fixed_jump,756,0,111,8,8,0.31653880656597416,0.024740652808490363
43003,selected_fixed_jump,756,0,111,16,16,0.32135645494529197,0.02019864322526383
43003,selected_fixed_jump,776,0,110,1,1,-0.11846266171947717,0.003394319149004474
43003,selected_fixed_jump,776,0,110,4,4,0.2504397067504243,0.014447418990399518
43003,selected_fixed_jump,776,0,110,8,6,0.06601677803204312,0.010654149667205773
43003,selected_fixed_jump,776,0,110,16,6,0.06601677803204312,0.010654149667205773
43003,selected_fixed_jump,783,0,110,1,1,0.008683447516586798,0.016240355743919292
43003,selected_fixed_jump,783,0,110,4,3,-0.07998524204459356,0.008299420253749181
43003,selected_fixed_jump,783,0,110,8,3,-0.07998524204459356,0.008299420253749181
43003,selected_fixed_jump,783,0,110,16,3,-0.07998524204459356,0.008299420253749181
43003,selected_fixed_jump,787,0,110,1,1,-0.16108122314523604,0.004837655770025392
43003,selected_fixed_jump,787,0,110,4,4,0.09397530502716418,0.008595071083562432
43003,selected_fixed_jump,787,0,110,8,8,-0.020810534835516627,0.009477852115455921
43003,selected_fixed_jump,787,0,110,16,16,-0.034512022571879505,0.015387728954231635
43003,selected_fixed_jump,828,0,110,1,1,0.6593088949839702,0.03490633441139113
43003,selected_fixed_jump,828,0,110,4,2,0.4969647056858796,0.019983347886666798
43003,selected_fixed_jump,828,0,110,8,2,0.4969647056858796,0.019983347886666798
43003,selected_fixed_jump,828,0,110,16,2,0.4969647056858796,0.019983347886666798
43003,selected_fixed_jump,831,0,110,1,1,-0.2256037196485097,0.001745369395685222
43003,selected_fixed_jump,831,0,110,4,4,0.24235326463160928,0.021456294784727305
43003,selected_fixed_jump,831,0,110,8,8,0.08530446916016983,0.01953882315902839
43003,selected_fixed_jump,831,0,110,16,15,0.13336893414867537,0.020311193953350362
43003,selected_fixed_jump,848,0,110,1,1,0.36710391993833125,0.03730418406735337
43003,selected_fixed_jump,848,0,110,4,4,0.1115494819155984,0.032255184082331294
43003,selected_fixed_jump,848,0,110,8,8,0.18446703170076498,0.020983776412750517
43003,selected_fixed_jump,848,0,110,16,9,0.13297058256808297,0.019705673337157063
43003,selected_fixed_jump,858,0,110,1,1,0.6857761951526098,0.014719668126774665
43003,selected_fixed_jump,858,0,110,4,3,1.0835793267027956,0.03587785103496545
43003,selected_fixed_jump,858,0,110,8,3,1.0835793267027956,0.03587785103496545
43003,selected_fixed_jump,858,0,110,16,3,1.0835793267027956,0.03587785103496545
43003,selected_fixed_jump,862,0,110,1,1,0.23204841655629335,0.0020551723688663546
43003,selected_fixed_jump,862,0,110,4,4,0.09941320653491022,0.04624666645705079
43003,selected_fixed_jump,862,0,110,8,8,0.027055168024903084,0.04942170603771035
43003,selected_fixed_jump,862,0,110,16,16,0.6974487154393222,0.049278513383417405
43003,selected_fixed_jump,921,0,101,1,1,-0.11552945464382054,0.0019069189427519343
43003,selected_fixed_jump,921,0,101,4,4,0.06702814913687855,0.006971406963558817
43003,selected_fixed_jump,921,0,101,8,8,0.1649248795018341,0.012978777691479655
43003,selected_fixed_jump,921,0,101,16,16,1.0289796350108997,0.03883748120104158
43003,selected_fixed_jump,945,0,101,1,1,5.769039243154841,0.20931336054203345
43003,selected_fixed_jump,945,0,101,4,4,2.220653802175813,0.09416000234016561
43003,selected_fixed_jump,945,0,101,8,8,1.2498184827838998,0.09292166014750342
43003,selected_fixed_jump,945,0,101,16,16,1.345230363017883,0.07195386298380836
43003,selected_fixed_jump,1039,0,111,1,1,-0.10402231601613078,0.14014024014875456
43003,selected_fixed_jump,1039,0,111,4,4,0.2481818988612937,0.09949580108820723
43003,selected_fixed_jump,1039,0,111,8,5,0.9613669683780574,0.07959671898628426
43003,selected_fixed_jump,1039,0,111,16,5,0.9613669683780574,0.07959671898628426
43003,selected_fixed_jump,1045,0,111,1,1,3.080958121923674,0.027307768456179157
43003,selected_fixed_jump,1045,0,111,4,4,2.3737180791079084,0.0769275752341158
43003,selected_fixed_jump,1045,0,111,8,7,2.488471935768323,0.06856758486532079
43003,selected_fixed_jump,1045,0,111,16,7,2.488471935768323,0.06856758486532079
43003,selected_fixed_jump,1053,0,111,1,1,0.16795405338195538,0.09174989589324832
43003,selected_fixed_jump,1053,0,111,4,4,0.6552235870415899,0.11624071957088285
43003,selected_fixed_jump,1053,0,111,8,8,1.6132844347493438,0.21550131881206228
43003,selected_fixed_jump,1053,0,111,16,16,1.6659558837043347,0.2258043779586808
43003,selected_fixed_jump,1075,0,111,1,1,0.0037367951211093728,0.00017005277527052293
43003,selected_fixed_jump,1075,0,111,4,4,0.30643847187710166,0.06842365602014744
43003,selected_fixed_jump,1075,0,111,8,7,2.0383669762509053,0.20336111303865348
43003,selected_fixed_jump,1075,0,111,16,7,2.0383669762509053,0.20336111303865348
43003,selected_fixed_jump,1083,0,111,1,1,4.628990593918662,0.0009428844721970586
43003,selected_fixed_jump,1083,0,111,4,4,1.6551395265514395,0.01458428376355804
43003,selected_fixed_jump,1083,0,111,8,8,1.3426951605199808,0.025054408906418305
43003,selected_fixed_jump,1083,0,111,16,16,1.5311315207982292,0.01892401419010325
43003,selected_fixed_jump,1179,1,101,1,1,0.8770288228720783,0.025903816159551243
43003,selected_fixed_jump,1179,1,101,4,4,0.3453590839157841,0.04880688388818083
43003,selected_fixed_jump,1179,1,101,8,5,1.059008573657429,0.08157840983956595
43003,selected_fixed_jump,1179,1,101,16,5,1.059008573657429,0.08157840983956595
43003,selected_fixed_jump,1185,1,101,1,1,0.5786008954784203,0.15631155828563037
43003,selected_fixed_jump,1185,1,101,4,4,1.5034834346069919,0.0696383461132624
43003,selected_fixed_jump,1185,1,101,8,8,0.9164276162568502,0.04275299988240385
43003,selected_fixed_jump,1185,1,101,16,16,0.4697429335794535,0.028831516520744553
43003,selected_fixed_jump,1212,1,101,1,1,2.8865463691526103,0.04246773190780944
43003,selected_fixed_jump,1212,1,101,4,4,2.3042114421726523,0.05015460225125379
43003,selected_fixed_jump,1212,1,101,8,8,1.788962161185212,0.12326439087256806
43003,selected_fixed_jump,1212,1,101,16,13,1.1930815749835557,0.10945499092727926
43003,selected_fixed_jump,1226,1,101,1,1,0.16646430880492658,0.04591535956115122
43003,selected_fixed_jump,1226,1,101,4,4,1.2027556802900439,0.08908679778086392
43003,selected_fixed_jump,1226,1,101,8,8,1.8102273106735325,0.06775976015641089
43003,selected_fixed_jump,1226,1,101,16,16,1.6517867030925188,0.056567415643388755
43003,selected_fixed_jump,1254,1,101,1,1,0.13960792907430328,0.019639992836772015
43003,selected_fixed_jump,1254,1,101,4,4,0.6633350369061523,0.01813725622538067
43003,selected_fixed_jump,1254,1,101,8,8,0.7297075352984665,0.025342797939879667
43003,selected_fixed_jump,1254,1,101,16,16,0.6320772523620236,0.028215437655570802
43003,selected_fixed_jump,1432,1,101,1,1,0.9145437357042058,0.028081755070628867
43003,selected_fixed_jump,1432,1,101,4,3,1.5364788372553206,0.02217246909326706
43003,selected_fixed_jump,1432,1,101,8,3,1.5364788372553206,0.02217246909326706
43003,selected_fixed_jump,1432,1,101,16,3,1.5364788372553206,0.02217246909326706
43003,selected_fixed_jump,1436,1,101,1,1,-0.2239477678317366,0.021479515068219934
43003,selected_fixed_jump,1436,1,101,4,4,1.1404200821437065,0.025830273016078247
43003,selected_fixed_jump,1436,1,101,8,6,0.7251648232864638,0.027903088072135065
43003,selected_fixed_jump,1436,1,101,16,6,0.7251648232864638,0.027903088072135065
43003,selected_fixed_jump,1443,1,101,1,1,2.955719658315972,0.017101278246157918
43003,selected_fixed_jump,1443,1,101,4,4,0.8997550383765142,0.030601645498090406
43003,selected_fixed_jump,1443,1,101,8,8,0.5416696725479212,0.031583475983516594
43003,selected_fixed_jump,1443,1,101,16,9,0.4504433336668897,0.0399588479935677
43003,selected_fixed_jump,1453,1,101,1,1,-0.03896085918993847,0.0031461546825119653
43003,selected_fixed_jump,1453,1,101,4,4,0.7194594989213603,0.013936201301770531
43003,selected_fixed_jump,1453,1,101,8,8,1.001449321224974,0.019303342703023144
43003,selected_fixed_jump,1453,1,101,16,16,0.600137063336897,0.024030473168344772
43003,selected_fixed_jump,1537,1,111,1,1,3.468897684217384,0.30052102575102696
43003,selected_fixed_jump,1537,1,111,4,4,4.5555807227911815,0.35263527559090113
43003,selected_fixed_jump,1537,1,111,8,8,2.9668776888905546,0.2260367050618276
43003,selected_fixed_jump,1537,1,111,16,16,1.8658797726327163,0.1591845530950293
43003,selected_fixed_jump,1604,1,110,1,1,-0.2236539665723633,0.00018868573077077103
43003,selected_fixed_jump,1604,1,110,4,4,-0.18514881823088364,0.01047887270431806
43003,selected_fixed_jump,1604,1,110,8,4,-0.18514881823088364,0.01047887270431806
43003,selected_fixed_jump,1604,1,110,16,4,-0.18514881823088364,0.01047887270431806
43003,selected_fixed_jump,1609,1,110,1,1,-0.17079391886149314,0.0005237772853051348
43003,selected_fixed_jump,1609,1,110,4,4,-0.11308090068993774,0.002246474996928433
43003,selected_fixed_jump,1609,1,110,8,6,-0.17288712336802212,0.0037163751094261496
43003,selected_fixed_jump,1609,1,110,16,6,-0.17288712336802212,0.0037163751094261496
43003,selected_fixed_jump,1616,1,110,1,1,0.03263816844795108,0.0022200511688748744
43003,selected_fixed_jump,1616,1,110,4,4,-0.0292769555962806,0.01454299625380619
43003,selected_fixed_jump,1616,1,110,8,8,-0.0942425281958081,0.012739783225873389
43003,selected_fixed_jump,1616,1,110,16,16,0.11987550670154348,0.018815402318383856
43003,selected_fixed_jump,1695,1,110,1,1,-0.2246122975325032,0.007115482865968218
43003,selected_fixed_jump,1695,1,110,4,4,0.08662245869395477,0.009632232352711457
43003,selected_fixed_jump,1695,1,110,8,8,-0.07717092962985145,0.007366817098643959
43003,selected_fixed_jump,1695,1,110,16,16,-0.025110831156067437,0.008275785165098734
43003,selected_fixed_jump,1714,1,110,1,1,0.09209765626649709,0.14485355638955164
43003,selected_fixed_jump,1714,1,110,4,4,0.41045222180986773,0.10049969966277573
43003,selected_fixed_jump,1714,1,110,8,8,0.18906589445267236,0.05240384762261865
43003,selected_fixed_jump,1714,1,110,16,15,0.17317874170286654,0.037893706516708967
43003,selected_fixed_jump,1731,1,110,1,1,0.04247666100210927,0.010927835678247183
43003,selected_fixed_jump,1731,1,110,4,4,-0.0764509424550869,0.008092166758381099
43003,selected_fixed_jump,1731,1,110,8,8,0.01590465156284561,0.012699563081327166
43003,selected_fixed_jump,1731,1,110,16,16,-0.05637079517898425,0.01642732261302096
43003,selected_fixed_jump,1761,1,110,1,1,-0.28688698632715715,0.0003115222715239376
43003,selected_fixed_jump,1761,1,110,4,4,0.2462845585204547,0.028929082653031322
43003,selected_fixed_jump,1761,1,110,8,8,0.07355875060041864,0.017298046414452987
43003,selected_fixed_jump,1761,1,110,16,9,0.02894873653201206,0.015392147925031414
43003,selected_fixed_jump,1771,1,110,1,1,1.6845389135021847,0.06852886376441664
43003,selected_fixed_jump,1771,1,110,4,4,0.9465943927129019,0.02427397355720517
43003,selected_fixed_jump,1771,1,110,8,8,0.5316025640392765,0.015666951216188947
43003,selected_fixed_jump,1771,1,110,16,16,0.25949721148337196,0.017393738423415565
43003,selected_fixed_jump,1793,1,110,1,1,-0.2999828061582011,0.002201087120118683
43003,selected_fixed_jump,1793,1,110,4,4,-0.05707241206305995,0.01881879557796833
43003,selected_fixed_jump,1793,1,110,8,8,0.10682971247601968,0.01672455418394013
43003,selected_fixed_jump,1793,1,110,16,16,-0.011713769575852767,0.011718530947364062
43003,selected_fixed_jump,1830,1,011,1,1,0.37769210588948593,0.005753874189851572
43003,selected_fixed_jump,1830,1,011,4,4,0.015864518358670174,0.09675246314671312
43003,selected_fixed_jump,1830,1,011,8,8,0.6001712519370556,0.055004891562082374
43003,selected_fixed_jump,1830,1,011,16,16,0.6954209351888627,0.05361653184647805
43003,selected_fixed_jump,1999,1,111,1,1,-0.18742518775024916,0.00014446191522804342
43003,selected_fixed_jump,1999,1,111,4,4,0.39716195220095424,0.12814372911272212
43003,selected_fixed_jump,1999,1,111,8,8,0.5292089787089014,0.08631860408492256
43003,selected_fixed_jump,1999,1,111,16,8,0.5292089787089014,0.08631860408492256
43003,selected_fixed_jump,2008,1,111,1,1,3.1737400166038503,0.0030456309731438608
43003,selected_fixed_jump,2008,1,111,4,4,2.1977557159607652,0.09625920892642159
43003,selected_fixed_jump,2008,1,111,8,8,1.3486737077014075,0.06075311290713474
43003,selected_fixed_jump,2008,1,111,16,16,1.4256517812472929,0.07943742097700607
43003,selected_fixed_jump,2036,1,111,1,1,1.5770444821104213,0.0073238989707188765
43003,selected_fixed_jump,2036,1,111,4,1,1.5770444821104213,0.0073238989707188765
43003,selected_fixed_jump,2036,1,111,8,1,1.5770444821104213,0.0073238989707188765
43003,selected_fixed_jump,2036,1,111,16,1,1.5770444821104213,0.0073238989707188765
43003,selected_fixed_jump,2038,1,111,1,1,0.33347429739023216,0.1079485049390092
43003,selected_fixed_jump,2038,1,111,4,4,1.4282066599767251,0.05694079873549129
43003,selected_fixed_jump,2038,1,111,8,8,2.470558876777501,0.2351304358081575
43003,selected_fixed_jump,2038,1,111,16,10,2.0234191519865083,0.19726853519863877
43003,selected_fixed_jump,2049,1,101,1,1,2.167743746889321,0.10877070655971809
43003,selected_fixed_jump,2049,1,101,4,4,0.5046843152170317,0.10172812845960016
43003,selected_fixed_jump,2049,1,101,8,8,0.17796549869421263,0.07665221303853201
43003,selected_fixed_jump,2049,1,101,16,16,0.6539164131018821,0.06115320378603761
43003,selected_fixed_jump,2067,1,101,1,1,4.102098541040745,0.13523498039571574
43003,selected_fixed_jump,2067,1,101,4,4,1.3207428090635878,0.05543830021400725
43003,selected_fixed_jump,2067,1,101,8,8,2.206738015661009,0.1434917420441137
43003,selected_fixed_jump,2067,1,101,16,16,1.821677519269267,0.13179478851720663
43003,selected_fixed_jump,2106,1,101,1,1,-0.163657935786027,0.022032104230785738
43003,selected_fixed_jump,2106,1,101,4,1,-0.163657935786027,0.022032104230785738
43003,selected_fixed_jump,2106,1,101,8,1,-0.163657935786027,0.022032104230785738
43003,selected_fixed_jump,2106,1,101,16,1,-0.163657935786027,0.022032104230785738
43003,selected_fixed_jump,2108,1,101,1,1,-0.14231063317203319,0.10315554273407204
43003,selected_fixed_jump,2108,1,101,4,2,-0.06376964917667205,0.1403017229502797
43003,selected_fixed_jump,2108,1,101,8,2,-0.06376964917667205,0.1403017229502797
43003,selected_fixed_jump,2108,1,101,16,2,-0.06376964917667205,0.1403017229502797
43003,selected_fixed_jump,2111,1,101,1,1,3.7860576022067822,0.4109908262449109
43003,selected_fixed_jump,2111,1,101,4,4,2.2199396407638354,0.13853133995457445
43003,selected_fixed_jump,2111,1,101,8,4,2.2199396407638354,0.13853133995457445
43003,selected_fixed_jump,2111,1,101,16,4,2.2199396407638354,0.13853133995457445
43003,selected_fixed_jump,2116,1,101,1,1,1.1073193067944829,0.035024696174727483
43003,selected_fixed_jump,2116,1,101,4,4,1.4742551218489166,0.1448125161337949
43003,selected_fixed_jump,2116,1,101,8,8,0.9364297262090062,0.07750288782345414
43003,selected_fixed_jump,2116,1,101,16,16,0.6978135176988408,0.09090594741230688
43003,selected_fixed_jump,2142,1,101,1,1,1.407249847652808,0.10155064155357228
43003,selected_fixed_jump,2142,1,101,4,4,0.6565629113529915,0.04219465094097511
43003,selected_fixed_jump,2142,1,101,8,8,1.8771005538531205,0.1621661328317598
43003,selected_fixed_jump,2142,1,101,16,16,1.975052077243061,0.16337634197245987
43003,selected_fixed_jump,2168,1,111,1,1,1.2132306384258364,0.2330938051114665
43003,selected_fixed_jump,2168,1,111,4,1,1.2132306384258364,0.2330938051114665
43003,selected_fixed_jump,2168,1,111,8,1,1.2132306384258364,0.2330938051114665
43003,selected_fixed_jump,2168,1,111,16,1,1.2132306384258364,0.2330938051114665
43003,selected_fixed_jump,2170,1,111,1,1,0.3652976888363575,0.053622167403445394
43003,selected_fixed_jump,2170,1,111,4,4,0.5060891080605676,0.059495592234355306
43003,selected_fixed_jump,2170,1,111,8,8,0.3709630299391471,0.043638279488889084
43003,selected_fixed_jump,2170,1,111,16,12,1.0064830025822418,0.03279241785469671
43003,selected_fixed_jump,2183,1,111,1,1,0.06781016368295903,0.07273529671473353
43003,selected_fixed_jump,2183,1,111,4,4,1.272042818386258,0.05257644055910865
43003,selected_fixed_jump,2183,1,111,8,8,1.0488072444574452,0.189267961939772
43003,selected_fixed_jump,2183,1,111,16,12,1.394056776077142,0.19824827632345318
43003,selected_fixed_jump,2196,1,111,1,1,-0.21023470277520018,0.0882026187543679
43003,selected_fixed_jump,2196,1,111,4,4,0.36278377405513673,0.03386902935278063
43003,selected_fixed_jump,2196,1,111,8,8,0.6801507062018373,0.02794846243444772
43003,selected_fixed_jump,2196,1,111,16,10,1.181610960394097,0.1334207223253367
43003,selected_fixed_jump,2207,1,111,1,1,4.566398130281255,0.0024101327334528177
43003,selected_fixed_jump,2207,1,111,4,2,2.202016874728231,0.025016195709122675
43003,selected_fixed_jump,2207,1,111,8,2,2.202016874728231,0.025016195709122675
43003,selected_fixed_jump,2207,1,111,16,2,2.202016874728231,0.025016195709122675
43003,selected_fixed_jump,2210,1,111,1,1,0.10005529182040446,0.010364045905940656
43003,selected_fixed_jump,2210,1,111,4,4,0.9817607461054292,0.005623676970170166
43003,selected_fixed_jump,2210,1,111,8,8,0.8028278074287143,0.009409479268460074
43003,selected_fixed_jump,2210,1,111,16,16,1.7905970768033521,0.15667995328340484
43003,selected_fixed_jump,2280,1,110,1,1,0.29994331503771415,0.012984629595303433
43003,selected_fixed_jump,2280,1,110,4,4,0.17074852847443187,0.012821483931759534
43003,selected_fixed_jump,2280,1,110,8,8,0.17398630125941156,0.017076165104796544
43003,selected_fixed_jump,2280,1,110,16,16,0.017089348601500375,0.01812969661234473
43003,selected_fixed_jump,2306,2,111,1,1,0.33025237810268904,0.002134196519167087
43003,selected_fixed_jump,2306,2,111,4,4,1.2078292280218255,0.05500598635499929
43003,selected_fixed_jump,2306,2,111,8,8,1.0665730747315134,0.03541504191616445
43003,selected_fixed_jump,2306,2,111,16,16,0.7201084943107412,0.0572790465252153
43003,selected_fixed_jump,2339,2,111,1,1,0.40018035115480133,0.27081450674215957
43003,selected_fixed_jump,2339,2,111,4,4,1.434595622215305,0.1128853526309228
43003,selected_fixed_jump,2339,2,111,8,5,1.7133515983210579,0.10951935032468149
43003,selected_fixed_jump,2339,2,111,16,5,1.7133515983210579,0.10951935032468149
43003,selected_fixed_jump,2345,2,111,1,1,2.7821915789567933,0.08100555579987542
43003,selected_fixed_jump,2345,2,111,4,4,1.3729530737708286,0.2521252832602514
43003,selected_fixed_jump,2345,2,111,8,8,0.9546162429634454,0.1774311293540685
43003,selected_fixed_jump,2345,2,111,16,16,0.6517787918288814,0.12167667882463797
43003,selected_fixed_jump,2640,2,111,1,1,-0.17084050796892625,0.0008763554268495206
43003,selected_fixed_jump,2640,2,111,4,4,-0.012809653923868125,0.09172914965288342
43003,selected_fixed_jump,2640,2,111,8,8,0.02420196384033618,0.05568937927121954
43003,selected_fixed_jump,2640,2,111,16,16,0.8482741630476736,0.07793472528844458
43003,selected_fixed_jump,2661,2,111,1,1,4.541459392501459,0.2200843478122347
43003,selected_fixed_jump,2661,2,111,4,4,2.6433638848707406,0.06033518870598313
43003,selected_fixed_jump,2661,2,111,8,8,1.752488077356062,0.04596598347742031
43003,selected_fixed_jump,2661,2,111,16,13,1.3019552860742425,0.05394588082238567
43003,selected_fixed_jump,2675,2,111,1,1,0.19362904866475888,0.431642195457893
43003,selected_fixed_jump,2675,2,111,4,4,1.4408161589282424,0.12178371361563106
43003,selected_fixed_jump,2675,2,111,8,8,1.807978588394972,0.1844130873838848
43003,selected_fixed_jump,2675,2,111,16,16,1.4284057348187045,0.1260839363917693
43003,selected_fixed_jump,2718,2,111,1,1,2.389585049871391,0.035208171708522695
43003,selected_fixed_jump,2718,2,111,4,4,1.7292472675546293,0.04071852460293434
43003,selected_fixed_jump,2718,2,111,8,8,0.7828438394053517,0.024738386190142906
43003,selected_fixed_jump,2718,2,111,16,16,0.8084827666905329,0.021162826716516044
43003,selected_fixed_jump,2758,2,101,1,1,-0.11280849640979793,0.013667296754864007
43003,selected_fixed_jump,2758,2,101,4,4,2.331337515776452,0.16099537702901598
43003,selected_fixed_jump,2758,2,101,8,7,1.7045854105098803,0.09853832385920465
43003,selected_fixed_jump,2758,2,101,16,7,1.7045854105098803,0.09853832385920465
43003,selected_fixed_jump,2766,2,101,1,1,0.2615667111669011,0.011168980154361463
43003,selected_fixed_jump,2766,2,101,4,4,-0.006665627645287178,0.00893714097100787
43003,selected_fixed_jump,2766,2,101,8,7,0.005403044513303297,0.016064460595151965
43003,selected_fixed_jump,2766,2,101,16,7,0.005403044513303297,0.016064460595151965
43003,selected_fixed_jump,2774,2,101,1,1,0.09852320817116461,0.09069211517141303
43003,selected_fixed_jump,2774,2,101,4,4,0.41472899347465964,0.04425057619041574
43003,selected_fixed_jump,2774,2,101,8,8,0.27213967573898884,0.03530107674900672
43003,selected_fixed_jump,2774,2,101,16,10,0.2562851481171315,0.03105998429288172
43003,selected_fixed_jump,2785,2,101,1,1,-0.21161248725923434,0.03372784744080009
43003,selected_fixed_jump,2785,2,101,4,4,-0.015136596931304275,0.026798593386109407
43003,selected_fixed_jump,2785,2,101,8,7,-0.09057161526196279,0.022325828261197448
43003,selected_fixed_jump,2785,2,101,16,7,-0.09057161526196279,0.022325828261197448
43003,selected_fixed_jump,2793,2,101,1,1,0.6309057502192443,0.0038688104079043365
43003,selected_fixed_jump,2793,2,101,4,4,-0.08015617430004698,0.00768711217130625
43003,selected_fixed_jump,2793,2,101,8,8,0.029328159073136538,0.013450169123862007
43003,selected_fixed_jump,2793,2,101,16,16,0.5182294642141626,0.026796187788599254
43003,selected_fixed_jump,2817,2,101,1,1,0.7936280617100918,3.771349629977482e-05
43003,selected_fixed_jump,2817,2,101,4,4,0.5550064261781749,0.016836758607326786
43003,selected_fixed_jump,2817,2,101,8,4,0.5550064261781749,0.016836758607326786
43003,selected_fixed_jump,2817,2,101,16,4,0.5550064261781749,0.016836758607326786
43003,selected_fixed_jump,2822,2,101,1,1,1.8243619989278002,0.004638481030862904
43003,selected_fixed_jump,2822,2,101,4,4,0.23752355868149666,0.002360647600044274
43003,selected_fixed_jump,2822,2,101,8,8,-0.030019844892835545,0.0017695498115323563
43003,selected_fixed_jump,2822,2,101,16,16,0.3017806097250291,0.026867473146535054
43003,selected_fixed_jump,2849,2,101,1,1,1.6274758946785177,0.015979008917548894
43003,selected_fixed_jump,2849,2,101,4,4,0.9497674594107435,0.05200940755847992
43003,selected_fixed_jump,2849,2,101,8,8,0.9653250046125454,0.0646892941095823
43003,selected_fixed_jump,2849,2,101,16,11,1.391177524445734,0.08115033149157545
43003,selected_fixed_jump,2861,2,101,1,1,1.4561098068410108,0.01168132834981174
43003,selected_fixed_jump,2861,2,101,4,4,3.310544416103114,0.2784536325991347
43003,selected_fixed_jump,2861,2,101,8,8,1.9903439628069188,0.1842685547877047
43003,selected_fixed_jump,2861,2,101,16,14,1.632711502287138,0.14595126173537262
43003,selected_fixed_jump,2876,2,101,1,1,-0.017538617456322694,0.07887039149650367
43003,selected_fixed_jump,2876,2,101,4,4,0.3950652142775227,0.07806353253342323
43003,selected_fixed_jump,2876,2,101,8,8,1.1762427026005362,0.08043828372207068
43003,selected_fixed_jump,2876,2,101,16,16,0.7639341478260534,0.07190453004265451
43003,selected_fixed_jump,2910,2,101,1,1,1.683472060927797,0.218021985702373
43003,selected_fixed_jump,2910,2,101,4,4,0.6911489193442371,0.0627641740112787
43003,selected_fixed_jump,2910,2,101,8,8,2.109009676242211,0.1353369642095208
43003,selected_fixed_jump,2910,2,101,16,16,1.5987768896130072,0.13763950885735673
43003,selected_fixed_jump,2966,2,111,1,1,1.3371110737708087,0.0013769944691272799
43003,selected_fixed_jump,2966,2,111,4,4,0.5605949545090463,0.0023621082731236963
43003,selected_fixed_jump,2966,2,111,8,6,0.3926695146526104,0.06659887311071716
43003,selected_fixed_jump,2966,2,111,16,6,0.3926695146526104,0.06659887311071716
43003,selected_fixed_jump,2974,2,111,1,1,0.19550784259141965,0.01134745499346486
43003,selected_fixed_jump,2974,2,111,4,4,0.07121140717762191,0.04534290438283911
43003,selected_fixed_jump,2974,2,111,8,8,0.6836900410024861,0.07758048803567645
43003,selected_fixed_jump,2974,2,111,16,16,0.8868037253028372,0.04764480718180165
43003,selected_fixed_jump,3014,2,111,1,1,2.741271633009024,0.1844907624363676
43003,selected_fixed_jump,3014,2,111,4,4,3.8869102448622277,0.2576633419913339
43003,selected_fixed_jump,3014,2,111,8,8,2.277895861445133,0.15359469989525484
43003,selected_fixed_jump,3014,2,111,16,16,1.6997855501915975,0.09769834237547462
43003,selected_fixed_jump,3061,2,101,1,1,0.3404433003843376,0.05947878930805443
43003,selected_fixed_jump,3061,2,101,4,4,-0.007231219477642492,0.06072997958454098
43003,selected_fixed_jump,3061,2,101,8,8,0.47914650463373243,0.04704622195974518
43003,selected_fixed_jump,3061,2,101,16,15,0.31978169024822467,0.03998932545817298
43003,selected_fixed_jump,3077,2,101,1,1,0.21975036276886128,0.023982241490784876
43003,selected_fixed_jump,3077,2,101,4,4,0.5726547931890724,0.058146955898269216
43003,selected_fixed_jump,3077,2,101,8,4,0.5726547931890724,0.058146955898269216
43003,selected_fixed_jump,3077,2,101,16,4,0.5726547931890724,0.058146955898269216
43003,selected_fixed_jump,3082,2,101,1,1,-0.19876309003973772,0.16853962987837176
43003,selected_fixed_jump,3082,2,101,4,4,1.0854010944765902,0.07545134534415453
43003,selected_fixed_jump,3082,2,101,8,8,0.5399429831488369,0.09029037665607813
43003,selected_fixed_jump,3082,2,101,16,12,0.7245468415793672,0.08311087655542031
43003,selected_fixed_jump,3096,2,101,1,1,4.011461697764125,0.003969940530552763
43003,selected_fixed_jump,3096,2,101,4,4,0.9687594081852713,0.010317885919868024
43003,selected_fixed_jump,3096,2,101,8,8,0.7554340529181746,0.021357375531970528
43003,selected_fixed_jump,3096,2,101,16,16,0.46568282509079467,0.02464610361254332
43003,selected_fixed_jump,3134,2,101,1,1,0.44249214677726056,0.02108847785203723
43003,selected_fixed_jump,3134,2,101,4,4,0.8931658382185562,0.10604579118723104
43003,selected_fixed_jump,3134,2,101,8,8,0.7519041394632486,0.06031564280626675
43003,selected_fixed_jump,3134,2,101,16,16,1.01822045160012,0.04725902909382616
43003,selected_fixed_jump,3256,2,110,1,1,-0.2086393391686684,0.038287043029315425
43003,selected_fixed_jump,3256,2,110,4,1,-0.2086393391686684,0.038287043029315425
43003,selected_fixed_jump,3256,2,110,8,1,-0.2086393391686684,0.038287043029315425
43003,selected_fixed_jump,3256,2,110,16,1,-0.2086393391686684,0.038287043029315425
43003,selected_fixed_jump,3258,2,110,1,1,0.32277728937009503,0.016304345977070447
43003,selected_fixed_jump,3258,2,110,4,4,0.16367134704829706,0.03394401688306908
43003,selected_fixed_jump,3258,2,110,8,8,0.03964843677166763,0.020790961489293068
43003,selected_fixed_jump,3258,2,110,16,8,0.03964843677166763,0.020790961489293068
43003,selected_fixed_jump,3267,2,110,1,1,-0.20705371456814267,0.00020391284177922211
43003,selected_fixed_jump,3267,2,110,4,4,0.0210614711788331,0.0072631366342640336
43003,selected_fixed_jump,3267,2,110,8,8,0.2332518821609348,0.010960362282237384
43003,selected_fixed_jump,3267,2,110,16,9,0.1764565222156661,0.013094751622881696
43003,selected_fixed_jump,3277,2,110,1,1,-0.20295191900093154,9.710798321677274e-06
43003,selected_fixed_jump,3277,2,110,4,4,-0.2627592613666986,0.0030381812302998777
43003,selected_fixed_jump,3277,2,110,8,8,-0.15321057898726256,0.003061968722009111
43003,selected_fixed_jump,3277,2,110,16,15,-0.16270056972528374,0.005670803091274471
43003,selected_fixed_jump,3293,2,110,1,1,2.072254162030459,0.10153584454226375
43003,selected_fixed_jump,3293,2,110,4,4,0.3428046767343903,0.03346350638216941
43003,selected_fixed_jump,3293,2,110,8,4,0.3428046767343903,0.03346350638216941
43003,selected_fixed_jump,3293,2,110,16,4,0.3428046767343903,0.03346350638216941
43003,selected_fixed_jump,3298,2,110,1,1,2.91257590085943,0.07871035161342493
43003,selected_fixed_jump,3298,2,110,4,2,1.3301454022638883,0.04516025748515219
43003,selected_fixed_jump,3298,2,110,8,2,1.3301454022638883,0.04516025748515219
43003,selected_fixed_jump,3298,2,110,16,2,1.3301454022638883,0.04516025748515219
43003,selected_fixed_jump,3301,2,110,1,1,-0.2865095549688387,0.011720558442377887
43003,selected_fixed_jump,3301,2,110,4,4,-0.11382024567364966,0.010736515503167659
43003,selected_fixed_jump,3301,2,110,8,8,-0.03553454152216433,0.00749426616767258
43003,selected_fixed_jump,3301,2,110,16,16,-0.120352876941445,0.005317289507304797
43003,selected_fixed_jump,3319,2,110,1,1,-0.334856862692387,0.005674841013195398
43003,selected_fixed_jump,3319,2,110,4,4,-0.018392745189229343,0.010479678770771246
43003,selected_fixed_jump,3319,2,110,8,8,0.22791020374857707,0.01690488299902869
43003,selected_fixed_jump,3319,2,110,16,15,0.11987152048001935,0.01587710989493978
43003,selected_fixed_jump,3335,2,110,1,1,-0.14752047358093964,0.001923015277907267
43003,selected_fixed_jump,3335,2,110,4,4,0.520196184737354,0.01027511497923125
43003,selected_fixed_jump,3335,2,110,8,8,0.19527224017725728,0.01524127439307132
43003,selected_fixed_jump,3335,2,110,16,16,0.2532822460437356,0.02175117584059883
43003,selected_fixed_jump,3363,2,110,1,1,-0.06229832911740904,0.07083824033512932
43003,selected_fixed_jump,3363,2,110,4,4,0.1915897064743448,0.02801808208231545
43003,selected_fixed_jump,3363,2,110,8,8,0.17206730833012537,0.02662099559115277
43003,selected_fixed_jump,3363,2,110,16,16,0.38505595626168077,0.025990422635051837
43003,selected_fixed_jump,3380,2,110,1,1,0.1067283190681714,0.01828645549019856
43003,selected_fixed_jump,3380,2,110,4,4,0.3323378362300565,0.010629333117058043
43003,selected_fixed_jump,3380,2,110,8,8,0.2850123855622988,0.011384831932317332
43003,selected_fixed_jump,3380,2,110,16,16,0.05510274354435185,0.007813510621972306
43003,selected_fixed_jump,3400,2,110,1,1,-0.1112745158324997,0.0033652481434865416
43003,selected_fixed_jump,3400,2,110,4,1,-0.1112745158324997,0.0033652481434865416
43003,selected_fixed_jump,3400,2,110,8,1,-0.1112745158324997,0.0033652481434865416
43003,selected_fixed_jump,3400,2,110,16,1,-0.1112745158324997,0.0033652481434865416
43003,selected_fixed_jump,3402,2,110,1,1,0.8386248645536807,0.03501959455534436
43003,selected_fixed_jump,3402,2,110,4,4,0.13735613109811348,0.02198659443462892
43003,selected_fixed_jump,3402,2,110,8,8,0.0546648542396444,0.01896688867551194
43003,selected_fixed_jump,3402,2,110,16,16,0.03702620536856207,0.016388341617037738
43003,selected_fixed_jump,3426,2,110,1,1,-0.2101500160837212,0.0008081717639264536
43003,selected_fixed_jump,3426,2,110,4,4,-0.097105709630489,0.00702900031405935
43003,selected_fixed_jump,3426,2,110,8,6,0.0863776448289413,0.009997316775598503
43003,selected_fixed_jump,3426,2,110,16,6,0.0863776448289413,0.009997316775598503
43003,selected_fixed_jump,3433,2,110,1,1,0.21285700936698498,0.051618516143557565
43003,selected_fixed_jump,3433,2,110,4,4,0.013626367546275692,0.02035753539280352
43003,selected_fixed_jump,3433,2,110,8,8,0.3514057259494707,0.015097518143913196
43003,selected_fixed_jump,3433,2,110,16,16,0.18064089322338417,0.017493322140017517
43003,selected_fixed_jump,3463,3,101,1,1,5.2183092824326796,0.05895432531933001
43003,selected_fixed_jump,3463,3,101,4,4,1.2247068907690428,0.01934366209825593
43003,selected_fixed_jump,3463,3,101,8,8,0.5095506814496075,0.011710721973339026
43003,selected_fixed_jump,3463,3,101,16,8,0.5095506814496075,0.011710721973339026
43003,selected_fixed_jump,3472,3,101,1,1,4.42972383573014,0.1464848038587743
43003,selected_fixed_jump,3472,3,101,4,1,4.42972383573014,0.1464848038587743
43003,selected_fixed_jump,3472,3,101,8,1,4.42972383573014,0.1464848038587743
43003,selected_fixed_jump,3472,3,101,16,1,4.42972383573014,0.1464848038587743
43003,selected_fixed_jump,3474,3,101,1,1,0.0038397161326500324,0.0196520561540972
43003,selected_fixed_jump,3474,3,101,4,4,0.1202652768101977,0.02887423902399821
43003,selected_fixed_jump,3474,3,101,8,8,0.09643780204235883,0.01805784398771218
43003,selected_fixed_jump,3474,3,101,16,16,1.5797291231366382,0.048645106626222935
43003,selected_fixed_jump,3495,3,101,1,1,0.4610870327398305,0.10953254588193838
43003,selected_fixed_jump,3495,3,101,4,3,1.5630305852681425,0.34124280542852653
43003,selected_fixed_jump,3495,3,101,8,3,1.5630305852681425,0.34124280542852653
43003,selected_fixed_jump,3495,3,101,16,3,1.5630305852681425,0.34124280542852653
43003,selected_fixed_jump,3499,3,101,1,1,-0.22079436588405768,0.016113351574468172
43003,selected_fixed_jump,3499,3,101,4,4,1.3832402965585247,0.13310054681468986
43003,selected_fixed_jump,3499,3,101,8,8,0.7083458461959552,0.10275891771987469
43003,selected_fixed_jump,3499,3,101,16,16,0.6841513004193003,0.08509484347874316
43003,selected_fixed_jump,3581,3,110,1,1,-0.22534826719217915,1.8618908485747696e-09
43003,selected_fixed_jump,3581,3,110,4,4,-0.011646033277994142,0.003281774056342682
43003,selected_fixed_jump,3581,3,110,8,8,-0.018189860474266052,0.003449975503891726
43003,selected_fixed_jump,3581,3,110,16,9,-0.03884212848251604,0.003100808762599783
43003,selected_fixed_jump,3591,3,110,1,1,0.5910531084949943,0.09970155907329661
43003,selected_fixed_jump,3591,3,110,4,4,0.022125133538786868,0.03597458020434006
43003,selected_fixed_jump,3591,3,110,8,8,-0.1468225169760158,0.02894705602538928
43003,selected_fixed_jump,3591,3,110,16,16,-0.13303356970155833,0.021292257395938333
43003,selected_fixed_jump,3619,3,110,1,1,0.16327754503225145,2.376744075100271e-05
43003,selected_fixed_jump,3619,3,110,4,4,0.3077080360043443,0.024230052793866176
43003,selected_fixed_jump,3619,3,110,8,8,0.35132325666015507,0.020194041811296463
43003,selected_fixed_jump,3619,3,110,16,16,0.14825777635053744,0.013360546553671287
43003,selected_fixed_jump,3655,3,111,1,1,1.2342710397896697,0.29554144147161265
43003,selected_fixed_jump,3655,3,111,4,3,2.1300481266851437,0.18080574185417198
43003,selected_fixed_jump,3655,3,111,8,3,2.1300481266851437,0.18080574185417198
43003,selected_fixed_jump,3655,3,111,16,3,2.1300481266851437,0.18080574185417198
43003,selected_fixed_jump,3659,3,111,1,1,0.8479217316116396,0.030665809913235295
43003,selected_fixed_jump,3659,3,111,4,4,0.1292492370742389,0.015345423807854558
43003,selected_fixed_jump,3659,3,111,8,8,0.508262546338764,0.037518862064048
43003,selected_fixed_jump,3659,3,111,16,13,0.5384364766635156,0.061722368905660775
43003,selected_fixed_jump,3673,3,111,1,1,0.5921075586574773,0.10625966977436538
43003,selected_fixed_jump,3673,3,111,4,4,1.244671348822281,0.060365805528106845
43003,selected_fixed_jump,3673,3,111,8,7,1.6580707594382997,0.10380153881200098
43003,selected_fixed_jump,3673,3,111,16,7,1.6580707594382997,0.10380153881200098
43003,selected_fixed_jump,3681,3,111,1,1,2.134972286200772,0.035211804089550075
43003,selected_fixed_jump,3681,3,111,4,4,2.82728826483351,0.06969980118175992
43003,selected_fixed_jump,3681,3,111,8,8,2.7750081960462305,0.09303556151684625
43003,selected_fixed_jump,3681,3,111,16,16,1.8814414792133887,0.0800119332271715
43003,selected_fixed_jump,3706,3,111,1,1,1.8085661823796961,0.04043157942808109
43003,selected_fixed_jump,3706,3,111,4,2,4.138182076931669,0.797020346694661
43003,selected_fixed_jump,3706,3,111,8,2,4.138182076931669,0.797020346694661
43003,selected_fixed_jump,3706,3,111,16,2,4.138182076931669,0.797020346694661
43003,selected_fixed_jump,3709,3,111,1,1,1.2706085999043217,0.020593455977290554
43003,selected_fixed_jump,3709,3,111,4,4,0.2807556057924919,0.0739147455731653
43003,selected_fixed_jump,3709,3,111,8,8,1.2070258869180026,0.12906114467803878
43003,selected_fixed_jump,3709,3,111,16,16,1.1392332558695233,0.11233094440649224
43003,selected_fixed_jump,3735,3,111,1,1,1.0792655233192665,0.02164528258986849
43003,selected_fixed_jump,3735,3,111,4,4,0.6308828080069873,0.006736263143658041
43003,selected_fixed_jump,3735,3,111,8,4,0.6308828080069873,0.006736263143658041
43003,selected_fixed_jump,3735,3,111,16,4,0.6308828080069873,0.006736263143658041
43003,selected_fixed_jump,3740,3,111,1,1,0.12490442190454679,0.0007458985693856678
43003,selected_fixed_jump,3740,3,111,4,4,-0.05940921218918454,0.03425884356527894
43003,selected_fixed_jump,3740,3,111,8,8,0.2577627981716159,0.022171823350267874
43003,selected_fixed_jump,3740,3,111,16,8,0.2577627981716159,0.022171823350267874
43003,selected_fixed_jump,3749,3,110,1,1,-0.3337437426552753,3.406712613487787e-05
43003,selected_fixed_jump,3749,3,110,4,4,-0.15316060862140063,0.0034392797059699
43003,selected_fixed_jump,3749,3,110,8,8,-0.18908646145392677,0.0031011054524985827
43003,selected_fixed_jump,3749,3,110,16,11,-0.1710025955733951,0.004109967510241396
43003,selected_fixed_jump,3761,3,110,1,1,0.36865038474565487,0.11891745361662945
43003,selected_fixed_jump,3761,3,110,4,4,0.17527916251061465,0.03985893545718495
43003,selected_fixed_jump,3761,3,110,8,8,0.15881231194216577,0.029739294777824075
43003,selected_fixed_jump,3761,3,110,16,10,0.09156691614076827,0.0267572275621684
43003,selected_fixed_jump,3772,3,110,1,1,-0.12208875583644625,0.0003679543977230377
43003,selected_fixed_jump,3772,3,110,4,3,-0.07531472686306429,0.0006312658213021134
43003,selected_fixed_jump,3772,3,110,8,3,-0.07531472686306429,0.0006312658213021134
43003,selected_fixed_jump,3772,3,110,16,3,-0.07531472686306429,0.0006312658213021134
43003,selected_fixed_jump,3776,3,110,1,1,0.24372000037886615,0.01253815786777939
43003,selected_fixed_jump,3776,3,110,4,4,0.3668347857670019,0.008271680323520639
43003,selected_fixed_jump,3776,3,110,8,8,0.3063031853881484,0.010440088379640531
43003,selected_fixed_jump,3776,3,110,16,16,0.021787035456570347,0.008381093604799984
43003,selected_fixed_jump,3813,3,110,1,1,0.7125231392314676,0.001061232183264548
43003,selected_fixed_jump,3813,3,110,4,4,0.310235266363206,0.010623159658206795
43003,selected_fixed_jump,3813,3,110,8,8,0.14080817555915112,0.008713448190031581
43003,selected_fixed_jump,3813,3,110,16,16,0.05457573658760551,0.007824809040379495
43003,selected_fixed_jump,3833,3,110,1,1,-0.027181381561456806,0.01679413184087432
43003,selected_fixed_jump,3833,3,110,4,1,-0.027181381561456806,0.01679413184087432
43003,selected_fixed_jump,3833,3,110,8,1,-0.027181381561456806,0.01679413184087432
43003,selected_fixed_jump,3833,3,110,16,1,-0.027181381561456806,0.01679413184087432
43003,selected_fixed_jump,3836,3,110,1,1,-0.22218430824781507,0.0005958841136801846
43003,selected_fixed_jump,3836,3,110,4,4,-0.2124746291168021,0.007050372613052943
43003,selected_fixed_jump,3836,3,110,8,8,0.13695802737369103,0.022269862707913958
43003,selected_fixed_jump,3836,3,110,16,11,0.06967259042977121,0.017856818002516286
43003,selected_fixed_jump,3848,3,110,1,1,-0.1791975335667698,0.00918568261734303
43003,selected_fixed_jump,3848,3,110,4,4,0.2813428478859688,0.023989241987210565
43003,selected_fixed_jump,3848,3,110,8,8,-0.000750726874430202,0.015524563591454422
43003,selected_fixed_jump,3848,3,110,16,16,0.022531489381413417,0.012426380061239388
43003,selected_fixed_jump,3869,3,110,1,1,0.6246843692861733,0.056111345832005034
43003,selected_fixed_jump,3869,3,110,4,4,1.0168782196188908,0.050478463059110946
43003,selected_fixed_jump,3869,3,110,8,8,0.803215370114417,0.0513396196257666
43003,selected_fixed_jump,3869,3,110,16,16,0.4090779133338998,0.03359991338714938
43003,selected_fixed_jump,3900,3,110,1,1,0.048672241267169944,0.08128102224765474
43003,selected_fixed_jump,3900,3,110,4,4,0.12815782150498323,0.02449713095504826
43003,selected_fixed_jump,3900,3,110,8,5,0.09231374322155392,0.019662750781366804
43003,selected_fixed_jump,3900,3,110,16,5,0.09231374322155392,0.019662750781366804
43003,selected_fixed_jump,3906,3,110,1,1,-0.12614051026458126,0.008198954901689686
43003,selected_fixed_jump,3906,3,110,4,4,-0.08652442328190536,0.007945859079594516
43003,selected_fixed_jump,3906,3,110,8,7,-0.1633832675873991,0.009799248737806335
43003,selected_fixed_jump,3906,3,110,16,7,-0.1633832675873991,0.009799248737806335
43003,selected_fixed_jump,3914,3,110,1,1,0.6291914203728823,0.06282805910343688
43003,selected_fixed_jump,3914,3,110,4,4,0.24521588389518698,0.028978305220882683
43003,selected_fixed_jump,3914,3,110,8,8,0.14612569358206626,0.017937132765464013
43003,selected_fixed_jump,3914,3,110,16,16,0.0010943653381517565,0.0158875087846612
43003,selected_fixed_jump,3970,3,101,1,1,1.8163026988099096,0.3276272056550296
43003,selected_fixed_jump,3970,3,101,4,4,2.721337802148746,0.16830597892633814
43003,selected_fixed_jump,3970,3,101,8,8,1.6939853495828887,0.11267533052793727
43003,selected_fixed_jump,3970,3,101,16,9,1.6460990954225316,0.11346308995158846
43003,selected_fixed_jump,3980,3,101,1,1,0.18954074485136133,0.001173539190828465
43003,selected_fixed_jump,3980,3,101,4,4,1.6933738841803119,0.03256097090577362
43003,selected_fixed_jump,3980,3,101,8,8,1.426951164011749,0.0488420615124638
43003,selected_fixed_jump,3980,3,101,16,10,1.772871788899812,0.17522836747461384
43003,selected_fixed_jump,3991,3,101,1,1,4.320213050598886,0.021451338096498965
43003,selected_fixed_jump,3991,3,101,4,4,1.3713654688511832,0.10863165139113816
43003,selected_fixed_jump,3991,3,101,8,8,1.2220699030360127,0.10362453135892016
43003,selected_fixed_jump,3991,3,101,16,16,0.5539382606096143,0.05434814380998521
43003,selected_fixed_jump,4052,3,101,1,1,-0.16502372282690608,0.7137002239145871
43003,selected_fixed_jump,4052,3,101,4,4,2.0307492953957906,0.36300863176150244
43003,selected_fixed_jump,4052,3,101,8,8,1.3880210957107277,0.24041289403529487
43003,selected_fixed_jump,4052,3,101,16,10,1.3686115632365223,0.1923591781508726
43003,selected_fixed_jump,4063,3,101,1,1,4.100109035156417,0.022163034227619532
43003,selected_fixed_jump,4063,3,101,4,4,1.812671918919694,0.04081052311700268
43003,selected_fixed_jump,4063,3,101,8,8,1.6183640088069964,0.035998358761552586
43003,selected_fixed_jump,4063,3,101,16,16,1.948607509922216,0.1788596000040125
43003,selected_fixed_jump,4161,3,101,1,1,3.873525736010584,0.0006291582472983243
43003,selected_fixed_jump,4161,3,101,4,3,1.220409407312786,0.019858139743730196
43003,selected_fixed_jump,4161,3,101,8,3,1.220409407312786,0.019858139743730196
43003,selected_fixed_jump,4161,3,101,16,3,1.220409407312786,0.019858139743730196
43003,selected_fixed_jump,4165,3,101,1,1,-0.2072463850213618,0.07926155635192743
43003,selected_fixed_jump,4165,3,101,4,4,2.0860383338140016,0.1036905616790194
43003,selected_fixed_jump,4165,3,101,8,6,2.890747461866754,0.11045350853895558
43003,selected_fixed_jump,4165,3,101,16,6,2.890747461866754,0.11045350853895558
43003,selected_fixed_jump,4172,3,101,1,1,4.372329573154874,0.007764510880501356
43003,selected_fixed_jump,4172,3,101,4,4,1.396269447662023,0.01744337682917041
43003,selected_fixed_jump,4172,3,101,8,4,1.396269447662023,0.01744337682917041
43003,selected_fixed_jump,4172,3,101,16,4,1.396269447662023,0.01744337682917041
43003,selected_fixed_jump,4177,3,101,1,1,0.6560427898281781,0.0969213455551997
43003,selected_fixed_jump,4177,3,101,4,4,0.28799019158341127,0.06401134197758124
43003,selected_fixed_jump,4177,3,101,8,8,0.16806360423368902,0.04108686202467238
43003,selected_fixed_jump,4177,3,101,16,11,0.07275282237198298,0.03466456535477825
43003,selected_fixed_jump,4189,3,101,1,1,-0.22578617240329021,0.09305026035847895
43003,selected_fixed_jump,4189,3,101,4,4,0.40741852604234907,0.025588984096353146
43003,selected_fixed_jump,4189,3,101,8,8,0.6364633733229859,0.02457725084182417
43003,selected_fixed_jump,4189,3,101,16,13,0.462603462538263,0.05111347384629331
43003,selected_fixed_jump,4203,3,101,1,1,0.09917718792873297,0.01322343490329577
43003,selected_fixed_jump,4203,3,101,4,4,-0.04396809820552393,0.019307306510797394
43003,selected_fixed_jump,4203,3,101,8,8,0.6260444235168451,0.08852230377266493
43003,selected_fixed_jump,4203,3,101,16,14,0.5773827044687795,0.08167552527135337
43003,selected_fixed_jump,4218,3,101,1,1,1.7876844753571142,0.13373221208140884
43003,selected_fixed_jump,4218,3,101,4,4,1.5510855622419304,0.07131705358453534
43003,selected_fixed_jump,4218,3,101,8,8,1.0995874035139415,0.08047533862749552
43003,selected_fixed_jump,4218,3,101,16,16,0.78259391479427,0.05830950426360784
43003,selected_fixed_jump,4247,3,011,1,1,-0.04680228191036623,0.008988317714354127
43003,selected_fixed_jump,4247,3,011,4,4,0.7447713192913988,0.1544017128740885
43003,selected_fixed_jump,4247,3,011,8,8,0.600764996691697,0.1022941445723603
43003,selected_fixed_jump,4247,3,011,16,16,0.6246645648902832,0.06770753765584318
43003,selected_fixed_jump,4429,3,111,1,1,-0.21762430266876598,0.049304884546415545
43003,selected_fixed_jump,4429,3,111,4,4,0.47794491346519896,0.03015478084420273
43003,selected_fixed_jump,4429,3,111,8,8,0.6779218088445851,0.030924869254156717
43003,selected_fixed_jump,4429,3,111,16,16,1.1773721996761928,0.057025771541224894
43003,selected_fixed_jump,4449,3,111,1,1,0.11520889213020871,0.1230021697002753
43003,selected_fixed_jump,4449,3,111,4,3,1.4428805748427467,0.16181978214601841
43003,selected_fixed_jump,4449,3,111,8,3,1.4428805748427467,0.16181978214601841
43003,selected_fixed_jump,4449,3,111,16,3,1.4428805748427467,0.16181978214601841
43003,selected_fixed_jump,4453,3,111,1,1,0.15271519204117676,0.3652754304504349
43003,selected_fixed_jump,4453,3,111,4,4,1.4221161715656017,0.21201941987359402
43003,selected_fixed_jump,4453,3,111,8,8,1.0672228565127333,0.11610822483594267
43003,selected_fixed_jump,4453,3,111,16,10,0.9389096385035917,0.0938530406280607
43003,selected_fixed_jump,4464,3,111,1,1,-0.15991846716555252,0.009415218099251504
43003,selected_fixed_jump,4464,3,111,4,4,0.9070314943041086,0.2026419869269011
43003,selected_fixed_jump,4464,3,111,8,8,0.9980789422288595,0.12155634400867356
43003,selected_fixed_jump,4464,3,111,16,16,1.1662178684246023,0.10891818930345931
43003,selected_fixed_jump,4485,3,111,1,1,2.918633405894912,0.0031287818589225557
43003,selected_fixed_jump,4485,3,111,4,4,0.7314884338134368,0.012057176004981745
43003,selected_fixed_jump,4485,3,111,8,8,0.44347316403140075,0.010717208965997963
43003,selected_fixed_jump,4485,3,111,16,16,1.537363405941695,0.074507151953243
43003,selected_fixed_jump,4507,3,111,1,1,4.37091243845759,0.0039033173381334716
43003,selected_fixed_jump,4507,3,111,4,2,4.4298833492495024,0.10692544328603479
43003,selected_fixed_jump,4507,3,111,8,2,4.4298833492495024,0.10692544328603479
43003,selected_fixed_jump,4507,3,111,16,2,4.4298833492495024,0.10692544328603479
43003,selected_fixed_jump,4510,3,111,1,1,3.5375148552978053,0.005943926152844234
43003,selected_fixed_jump,4510,3,111,4,4,2.6968927605546593,0.11571329116347728
43003,selected_fixed_jump,4510,3,111,8,8,2.1058139556353046,0.14240035745879526
43003,selected_fixed_jump,4510,3,111,16,16,1.5689635080227624,0.13218148770659377
43003,selected_fixed_jump,4543,3,111,1,1,7.029200517383887,0.24417796277135392
43003,selected_fixed_jump,4543,3,111,4,4,2.266041704835576,0.06921274921634621
43003,selected_fixed_jump,4543,3,111,8,8,1.1746338503797649,0.05674216508785875
43003,selected_fixed_jump,4543,3,111,16,16,0.8421999122272643,0.10348419575404211
43003,selected_fixed_jump,4567,3,111,1,1,2.2292340134652133,0.001346252186404421
43003,selected_fixed_jump,4567,3,111,4,4,1.3822521985967353,0.0987809159249343
43003,selected_fixed_jump,4567,3,111,8,8,0.8085935221822571,0.1254033388741814
43003,selected_fixed_jump,4567,3,111,16,16,1.8524907291038764,0.12420341943618987
43003,selected_fixed_jump,4584,3,111,1,1,3.976259476005718,0.1822843228249484
43003,selected_fixed_jump,4584,3,111,4,4,1.6618891657218506,0.080227861935642
43003,selected_fixed_jump,4584,3,111,8,8,0.8829873677272293,0.044332794193407875
43003,selected_fixed_jump,4584,3,111,16,16,0.7298560266442016,0.0662953014455362
43003,selected_fixed_jump,4604,3,111,1,1,6.359688899274105,0.004849319057536931
43003,selected_fixed_jump,4604,3,111,4,3,2.2531419859425417,0.005435688145742773
43003,selected_fixed_jump,4604,3,111,8,3,2.2531419859425417,0.005435688145742773
43003,selected_fixed_jump,4604,3,111,16,3,2.2531419859425417,0.005435688145742773
43003,dynamic_parameter_oracle,18,0,101,1,1,0.42359113600161824,0.030163881853815754
43003,dynamic_parameter_oracle,18,0,101,4,4,0.5278757730498497,0.016747672256928477
43003,dynamic_parameter_oracle,18,0,101,8,4,0.5278757730498497,0.016747672256928477
43003,dynamic_parameter_oracle,18,0,101,16,4,0.5278757730498497,0.016747672256928477
43003,dynamic_parameter_oracle,23,0,101,1,1,0.6120481391357631,0.00044531242230087364
43003,dynamic_parameter_oracle,23,0,101,4,4,0.4627220654064315,0.004388807684172528
43003,dynamic_parameter_oracle,23,0,101,8,8,0.6694223799390853,0.012087463920765722
43003,dynamic_parameter_oracle,23,0,101,16,16,0.6134260509105245,0.011954038747448402
43003,dynamic_parameter_oracle,71,0,101,1,1,0.5738190459766614,0.008573735109435116
43003,dynamic_parameter_oracle,71,0,101,4,4,0.7658874247574524,0.025736236682999146
43003,dynamic_parameter_oracle,71,0,101,8,8,0.9142813749080702,0.01899733408690047
43003,dynamic_parameter_oracle,71,0,101,16,16,0.7212915868521279,0.026225182493760803
43003,dynamic_parameter_oracle,101,0,101,1,1,1.1348027497040216,0.006251915870167749
43003,dynamic_parameter_oracle,101,0,101,4,4,0.5526288179496961,0.005223938337675709
43003,dynamic_parameter_oracle,101,0,101,8,8,0.5444856083421024,0.004091543661675426
43003,dynamic_parameter_oracle,101,0,101,16,16,0.5064313905790668,0.005469910587319018
43003,dynamic_parameter_oracle,236,0,101,1,1,1.0240229897905666,0.10983426609148167
43003,dynamic_parameter_oracle,236,0,101,4,4,0.7652525895256991,0.05326511596141197
43003,dynamic_parameter_oracle,236,0,101,8,8,0.5520163016323307,0.03345110105483153
43003,dynamic_parameter_oracle,236,0,101,16,16,0.7921237310525027,0.02477867324329544
43003,dynamic_parameter_oracle,266,0,101,1,1,0.41198561025387836,0.054546240404917644
43003,dynamic_parameter_oracle,266,0,101,4,4,1.2839883856674303,0.12896211341895236
43003,dynamic_parameter_oracle,266,0,101,8,8,0.9350762210928997,0.12232707454899495
43003,dynamic_parameter_oracle,266,0,101,16,16,1.1430685226907809,0.11473410950463556
43003,dynamic_parameter_oracle,285,0,101,1,1,0.6664845896984927,0.10866511623000923
43003,dynamic_parameter_oracle,285,0,101,4,3,0.7269357532170915,0.0699370370591054
43003,dynamic_parameter_oracle,285,0,101,8,3,0.7269357532170915,0.0699370370591054
43003,dynamic_parameter_oracle,285,0,101,16,3,0.7269357532170915,0.0699370370591054
43003,dynamic_parameter_oracle,289,0,111,1,1,0.7618804274743766,0.25278191176311204
43003,dynamic_parameter_oracle,289,0,111,4,4,0.6094034954022751,0.10824229109439518
43003,dynamic_parameter_oracle,289,0,111,8,8,0.7761306052996386,0.07303568951464245
43003,dynamic_parameter_oracle,289,0,111,16,8,0.7761306052996386,0.07303568951464245
43003,dynamic_parameter_oracle,298,0,111,1,1,1.7852463700828622,0.493618587567987
43003,dynamic_parameter_oracle,298,0,111,4,4,1.07216819709941,0.17468399488236738
43003,dynamic_parameter_oracle,298,0,111,8,8,0.9773025750335871,0.09085396861883765
43003,dynamic_parameter_oracle,298,0,111,16,16,0.8637444902419558,0.08703330209901564
43003,dynamic_parameter_oracle,327,0,111,1,1,1.1443133171274762,0.3279884045550113
43003,dynamic_parameter_oracle,327,0,111,4,4,0.9520359839179572,0.10620979000171282
43003,dynamic_parameter_oracle,327,0,111,8,8,1.0150950485674002,0.08343047725214393
43003,dynamic_parameter_oracle,327,0,111,16,16,0.9338537027319369,0.0675799396728929
43003,dynamic_parameter_oracle,356,0,111,1,1,0.5973788807941386,0.10102388857653104
43003,dynamic_parameter_oracle,356,0,111,4,4,0.6965417555163593,0.11995630994005718
43003,dynamic_parameter_oracle,356,0,111,8,8,1.1582190553382095,0.08526986315817398
43003,dynamic_parameter_oracle,356,0,111,16,16,1.1445706714009198,0.1026072177677203
43003,dynamic_parameter_oracle,386,0,110,1,1,-0.429183228163775,0.010187491591475915
43003,dynamic_parameter_oracle,386,0,110,4,4,0.07160868665674998,0.007200148640018292
43003,dynamic_parameter_oracle,386,0,110,8,8,0.036742143364010826,0.010175057195367699
43003,dynamic_parameter_oracle,386,0,110,16,16,0.130805520718907,0.007014635283732093
43003,dynamic_parameter_oracle,416,0,110,1,1,0.13450516077305338,0.0039792894614879325
43003,dynamic_parameter_oracle,416,0,110,4,4,-0.11675765950111432,0.009171247709953844
43003,dynamic_parameter_oracle,416,0,110,8,8,-0.1546666132797212,0.008225012720022809
43003,dynamic_parameter_oracle,416,0,110,16,16,-0.2313997163554919,0.005663778075530071
43003,dynamic_parameter_oracle,448,0,110,1,1,1.779181353715551,0.011189859173660761
43003,dynamic_parameter_oracle,448,0,110,4,4,0.46830136381751064,0.009688140855973993
43003,dynamic_parameter_oracle,448,0,110,8,6,0.241819515877842,0.008495417135493344
43003,dynamic_parameter_oracle,448,0,110,16,6,0.241819515877842,0.008495417135493344
43003,dynamic_parameter_oracle,455,0,110,1,1,-0.2693570423962006,0.003713037225223743
43003,dynamic_parameter_oracle,455,0,110,4,4,-0.2951265000026971,0.0032184961882073767
43003,dynamic_parameter_oracle,455,0,110,8,8,0.04491517243408247,0.0037295832808294325
43003,dynamic_parameter_oracle,455,0,110,16,16,0.038772836944447595,0.006220392198876495
43003,dynamic_parameter_oracle,497,0,110,1,1,-0.17614795027561067,0.03735994866113152
43003,dynamic_parameter_oracle,497,0,110,4,4,-0.13453149554102128,0.01182862335812688
43003,dynamic_parameter_oracle,497,0,110,8,8,0.13291121595557762,0.007046272364805687
43003,dynamic_parameter_oracle,497,0,110,16,9,0.06892865198856216,0.012169335142828749
43003,dynamic_parameter_oracle,507,0,110,1,1,-0.42756888537638743,0.0014310680793009204
43003,dynamic_parameter_oracle,507,0,110,4,4,-0.33521864545476365,0.0020949142701959973
43003,dynamic_parameter_oracle,507,0,110,8,8,0.22913566361658078,0.06189505558237693
43003,dynamic_parameter_oracle,507,0,110,16,16,0.5220594353680789,0.07683411357526138
43003,dynamic_parameter_oracle,640,0,110,1,1,-0.13287947843325865,0.0036647099371176503
43003,dynamic_parameter_oracle,640,0,110,4,4,0.07286278693471959,0.012337443759687025
43003,dynamic_parameter_oracle,640,0,110,8,4,0.07286278693471959,0.012337443759687025
43003,dynamic_parameter_oracle,640,0,110,16,4,0.07286278693471959,0.012337443759687025
43003,dynamic_parameter_oracle,645,0,110,1,1,-0.3778223890686733,0.02831558587043033
43003,dynamic_parameter_oracle,645,0,110,4,4,0.05050234562852887,0.014628150323857189
43003,dynamic_parameter_oracle,645,0,110,8,8,-0.16657425994506286,0.008421989487119698
43003,dynamic_parameter_oracle,645,0,110,16,9,-0.036427855273158206,0.008855350711487818
43003,dynamic_parameter_oracle,655,0,110,1,1,-0.09884733276500304,0.003849000555667483
43003,dynamic_parameter_oracle,655,0,110,4,4,-0.017330086055015376,0.00930976149856987
43003,dynamic_parameter_oracle,655,0,110,8,8,0.36626279837595355,0.013467332259182254
43003,dynamic_parameter_oracle,655,0,110,16,16,0.28673980202507754,0.008270235638139542
43003,dynamic_parameter_oracle,718,0,111,1,1,0.5561634032252013,0.3799293104734123
43003,dynamic_parameter_oracle,718,0,111,4,4,0.7858660376199937,0.09789882035886871
43003,dynamic_parameter_oracle,718,0,111,8,8,0.7292379875959363,0.0765176817800018
43003,dynamic_parameter_oracle,718,0,111,16,16,0.8713749726166446,0.05415253706413852
43003,dynamic_parameter_oracle,756,0,111,1,1,0.4608234575777871,0.03474565076406021
43003,dynamic_parameter_oracle,756,0,111,4,4,0.43323190068783146,0.036041262608205775
43003,dynamic_parameter_oracle,756,0,111,8,8,0.49080742125505666,0.026459744359340266
43003,dynamic_parameter_oracle,756,0,111,16,16,0.4809453294822992,0.022148425778362936
43003,dynamic_parameter_oracle,776,0,110,1,1,-0.25330220084555516,0.0005753658017443002
43003,dynamic_parameter_oracle,776,0,110,4,4,0.0999480482355471,0.01204112641621982
43003,dynamic_parameter_oracle,776,0,110,8,6,-0.03840185339145278,0.0105868330503307
43003,dynamic_parameter_oracle,776,0,110,16,6,-0.03840185339145278,0.0105868330503307
43003,dynamic_parameter_oracle,783,0,110,1,1,-0.30736164184601794,0.000117038117172143
43003,dynamic_parameter_oracle,783,0,110,4,3,0.01705272943905505,0.0010220306586982684
43003,dynamic_parameter_oracle,783,0,110,8,3,0.01705272943905505,0.0010220306586982684
43003,dynamic_parameter_oracle,783,0,110,16,3,0.01705272943905505,0.0010220306586982684
43003,dynamic_parameter_oracle,787,0,110,1,1,-0.3547210295210613,0.0016024839975909658
43003,dynamic_parameter_oracle,787,0,110,4,4,-0.006749505991140603,0.01028957553836152
43003,dynamic_parameter_oracle,787,0,110,8,8,-0.0435014910855777,0.012270094262704758
43003,dynamic_parameter_oracle,787,0,110,16,16,-0.08939041345916107,0.011203654014616728
43003,dynamic_parameter_oracle,828,0,110,1,1,0.9035570135860012,0.007165958032542543
43003,dynamic_parameter_oracle,828,0,110,4,2,0.4508304544642021,0.004676571652561466
43003,dynamic_parameter_oracle,828,0,110,8,2,0.4508304544642021,0.004676571652561466
43003,dynamic_parameter_oracle,828,0,110,16,2,0.4508304544642021,0.004676571652561466
43003,dynamic_parameter_oracle,831,0,110,1,1,-0.43351594307001934,0.0019352996108542547
43003,dynamic_parameter_oracle,831,0,110,4,4,0.4459003650646439,0.012801082034960921
43003,dynamic_parameter_oracle,831,0,110,8,8,0.13990089552691906,0.010712290462452034
43003,dynamic_parameter_oracle,831,0,110,16,15,0.21882181607943457,0.010858548766237134
43003,dynamic_parameter_oracle,848,0,110,1,1,0.5513852609985932,0.012547942188754659
43003,dynamic_parameter_oracle,848,0,110,4,4,0.13124921908644818,0.01379393780995038
43003,dynamic_parameter_oracle,848,0,110,8,8,0.4443627027430435,0.011290694502267011
43003,dynamic_parameter_oracle,848,0,110,16,9,0.34676622861326817,0.01039713683117647
43003,dynamic_parameter_oracle,858,0,110,1,1,0.3851024283307047,0.0007407488856928807
43003,dynamic_parameter_oracle,858,0,110,4,3,0.4806544493692902,0.0020530430242195613
43003,dynamic_parameter_oracle,858,0,110,8,3,0.4806544493692902,0.0020530430242195613
43003,dynamic_parameter_oracle,858,0,110,16,3,0.4806544493692902,0.0020530430242195613
43003,dynamic_parameter_oracle,862,0,110,1,1,0.6068346946083687,0.005849674796377326
43003,dynamic_parameter_oracle,862,0,110,4,4,0.5448371587794004,0.0016523264026505116
43003,dynamic_parameter_oracle,862,0,110,8,8,0.36888001196325726,0.011181808665500115
43003,dynamic_parameter_oracle,862,0,110,16,16,0.5398822250773636,0.012543292691604813
43003,dynamic_parameter_oracle,921,0,101,1,1,0.4045043989638538,0.00016335522006561553
43003,dynamic_parameter_oracle,921,0,101,4,4,0.3886673359652038,0.0008047144699376035
43003,dynamic_parameter_oracle,921,0,101,8,8,0.3638970048797805,0.0024148237778375587
43003,dynamic_parameter_oracle,921,0,101,16,16,0.6030121807597777,0.005360081608774964
43003,dynamic_parameter_oracle,945,0,101,1,1,2.454138671811208,0.0423616928472858
43003,dynamic_parameter_oracle,945,0,101,4,4,1.1735166736379257,0.020677211451902128
43003,dynamic_parameter_oracle,945,0,101,8,8,0.8092230406952511,0.028109504103706256
43003,dynamic_parameter_oracle,945,0,101,16,16,0.7535459537719534,0.029784512936224243
43003,dynamic_parameter_oracle,1039,0,111,1,1,1.8036383253434727,0.0004615058975079138
43003,dynamic_parameter_oracle,1039,0,111,4,4,1.0573938555009765,0.011132297455905642
43003,dynamic_parameter_oracle,1039,0,111,8,5,1.112286003799795,0.009215115218920432
43003,dynamic_parameter_oracle,1039,0,111,16,5,1.112286003799795,0.009215115218920432
43003,dynamic_parameter_oracle,1045,0,111,1,1,1.4317879417084947,0.04740348206800542
43003,dynamic_parameter_oracle,1045,0,111,4,4,1.1151814272428537,0.06018519150290616
43003,dynamic_parameter_oracle,1045,0,111,8,7,1.1780820919482362,0.049655982823411424
43003,dynamic_parameter_oracle,1045,0,111,16,7,1.1780820919482362,0.049655982823411424
43003,dynamic_parameter_oracle,1053,0,111,1,1,0.37176290055356964,0.13794847395503862
43003,dynamic_parameter_oracle,1053,0,111,4,4,0.5720010056404308,0.1114731704611768
43003,dynamic_parameter_oracle,1053,0,111,8,8,1.052954498234206,0.12396643185274349
43003,dynamic_parameter_oracle,1053,0,111,16,16,0.9301726065036152,0.1407677448606615
43003,dynamic_parameter_oracle,1075,0,111,1,1,0.5126827510564502,0.0041781585370596515
43003,dynamic_parameter_oracle,1075,0,111,4,4,0.5061854356963887,0.07194669967636336
43003,dynamic_parameter_oracle,1075,0,111,8,7,1.0223317695163965,0.0949311211090623
43003,dynamic_parameter_oracle,1075,0,111,16,7,1.0223317695163965,0.0949311211090623
43003,dynamic_parameter_oracle,1083,0,111,1,1,1.158112759645199,0.00213946613192923
43003,dynamic_parameter_oracle,1083,0,111,4,4,0.7602282737667927,0.007925889939133388
43003,dynamic_parameter_oracle,1083,0,111,8,8,0.732613350563361,0.020327581376889454
43003,dynamic_parameter_oracle,1083,0,111,16,16,0.80989551662884,0.016411084461774833
43003,dynamic_parameter_oracle,1179,1,101,1,1,0.6006941079447307,0.0012228051196793144
43003,dynamic_parameter_oracle,1179,1,101,4,4,0.39936547605365796,0.013483411486297482
43003,dynamic_parameter_oracle,1179,1,101,8,5,0.6692257423199748,0.019870448488935252
43003,dynamic_parameter_oracle,1179,1,101,16,5,0.6692257423199748,0.019870448488935252
43003,dynamic_parameter_oracle,1185,1,101,1,1,0.5052077688346303,0.08307453278855524
43003,dynamic_parameter_oracle,1185,1,101,4,4,0.702819653199141,0.04867726448466422
43003,dynamic_parameter_oracle,1185,1,101,8,8,0.6250871553583035,0.027015779004947605
43003,dynamic_parameter_oracle,1185,1,101,16,16,0.47346275598496584,0.014530024168829732
43003,dynamic_parameter_oracle,1212,1,101,1,1,1.5393959746812407,0.008719038448486604
43003,dynamic_parameter_oracle,1212,1,101,4,4,1.0846803287053968,0.01457124329619698
43003,dynamic_parameter_oracle,1212,1,101,8,8,1.0639614495069525,0.0317754135299331
43003,dynamic_parameter_oracle,1212,1,101,16,13,0.7947164105679699,0.03998151727354339
43003,dynamic_parameter_oracle,1226,1,101,1,1,0.4605301397323483,0.051057431174254986
43003,dynamic_parameter_oracle,1226,1,101,4,4,0.7608753217771733,0.049596441168588426
43003,dynamic_parameter_oracle,1226,1,101,8,8,0.9026060293829087,0.02903238100681199
43003,dynamic_parameter_oracle,1226,1,101,16,16,0.8090014093433057,0.01671446932812278
43003,dynamic_parameter_oracle,1254,1,101,1,1,0.9100562786228605,0.01963817714738403
43003,dynamic_parameter_oracle,1254,1,101,4,4,0.6513269714474149,0.016601203926107394
43003,dynamic_parameter_oracle,1254,1,101,8,8,0.5567542321350252,0.013197250087415558
43003,dynamic_parameter_oracle,1254,1,101,16,16,0.4838655345438566,0.010443579168327085
43003,dynamic_parameter_oracle,1432,1,101,1,1,0.6861104482824567,0.02034227660946337
43003,dynamic_parameter_oracle,1432,1,101,4,3,0.8031112079319943,0.0097425993118795
43003,dynamic_parameter_oracle,1432,1,101,8,3,0.8031112079319943,0.0097425993118795
43003,dynamic_parameter_oracle,1432,1,101,16,3,0.8031112079319943,0.0097425993118795
43003,dynamic_parameter_oracle,1436,1,101,1,1,0.4179649189094416,0.009554144318681027
43003,dynamic_parameter_oracle,1436,1,101,4,4,0.7111372827989413,0.006478326764472674
43003,dynamic_parameter_oracle,1436,1,101,8,6,0.6052466518199945,0.0047074349223667445
43003,dynamic_parameter_oracle,1436,1,101,16,6,0.6052466518199945,0.0047074349223667445
43003,dynamic_parameter_oracle,1443,1,101,1,1,1.3146883410809376,0.03888594176743024
43003,dynamic_parameter_oracle,1443,1,101,4,4,0.6192932093746399,0.03576384813695841
43003,dynamic_parameter_oracle,1443,1,101,8,8,0.4859830286740823,0.02170569118452241
43003,dynamic_parameter_oracle,1443,1,101,16,9,0.45916049953341254,0.024588455456329643
43003,dynamic_parameter_oracle,1453,1,101,1,1,0.23468830061198054,0.009279127579314485
43003,dynamic_parameter_oracle,1453,1,101,4,4,0.5435897215191752,0.011289099188965143
43003,dynamic_parameter_oracle,1453,1,101,8,8,0.6034719012820126,0.01046828715673255
43003,dynamic_parameter_oracle,1453,1,101,16,16,0.4502878927462821,0.012344457288274158
43003,dynamic_parameter_oracle,1537,1,111,1,1,2.445617110126981,0.40554128574652504
43003,dynamic_parameter_oracle,1537,1,111,4,4,2.2273183955861313,0.15183656870695833
43003,dynamic_parameter_oracle,1537,1,111,8,8,1.5036923005128982,0.11576955255390284
43003,dynamic_parameter_oracle,1537,1,111,16,16,1.0808109144096654,0.11157094296972234
43003,dynamic_parameter_oracle,1604,1,110,1,1,-0.4257790142623533,3.519886782901406e-05
43003,dynamic_parameter_oracle,1604,1,110,4,4,-0.23497180491439532,0.00447207564104635
43003,dynamic_parameter_oracle,1604,1,110,8,4,-0.23497180491439532,0.00447207564104635
43003,dynamic_parameter_oracle,1604,1,110,16,4,-0.23497180491439532,0.00447207564104635
43003,dynamic_parameter_oracle,1609,1,110,1,1,-0.34350295539937203,3.4599055397347392e-06
43003,dynamic_parameter_oracle,1609,1,110,4,4,-0.29233142301495463,0.0011878214092047974
43003,dynamic_parameter_oracle,1609,1,110,8,6,-0.3219497334135044,0.00168695634740148
43003,dynamic_parameter_oracle,1609,1,110,16,6,-0.3219497334135044,0.00168695634740148
43003,dynamic_parameter_oracle,1616,1,110,1,1,0.06428753267581226,0.0006276395036314737
43003,dynamic_parameter_oracle,1616,1,110,4,4,-0.05727547036582925,0.011700031627400834
43003,dynamic_parameter_oracle,1616,1,110,8,8,-0.07824370499438846,0.00950529132943883
43003,dynamic_parameter_oracle,1616,1,110,16,16,0.016659922449016984,0.007514614471752837
43003,dynamic_parameter_oracle,1695,1,110,1,1,-0.42416518984013457,0.0070333514900059605
43003,dynamic_parameter_oracle,1695,1,110,4,4,0.18282918106006218,0.0019118819838577208
43003,dynamic_parameter_oracle,1695,1,110,8,8,-0.026376576626248635,0.003110051455936464
43003,dynamic_parameter_oracle,1695,1,110,16,16,0.020378059381335537,0.005103861028155399
43003,dynamic_parameter_oracle,1714,1,110,1,1,-0.007255689733132455,0.10058227773215198
43003,dynamic_parameter_oracle,1714,1,110,4,4,0.32578871280065896,0.04731560157503813
43003,dynamic_parameter_oracle,1714,1,110,8,8,0.0171663617940771,0.02849536318086541
43003,dynamic_parameter_oracle,1714,1,110,16,15,-0.013370663078678539,0.01868847934508557
43003,dynamic_parameter_oracle,1731,1,110,1,1,0.10192046377981591,0.002897487288208762
43003,dynamic_parameter_oracle,1731,1,110,4,4,-0.16193336502182729,0.0014906675610941772
43003,dynamic_parameter_oracle,1731,1,110,8,8,-0.010630240598679938,0.009817252568839047
43003,dynamic_parameter_oracle,1731,1,110,16,16,-0.09292299208549765,0.011497337731721676
43003,dynamic_parameter_oracle,1761,1,110,1,1,-0.16430281068011124,2.5886935797751832e-05
43003,dynamic_parameter_oracle,1761,1,110,4,4,0.4432671335241652,0.011061794492296112
43003,dynamic_parameter_oracle,1761,1,110,8,8,0.20656151965879693,0.007406215293824863
43003,dynamic_parameter_oracle,1761,1,110,16,9,0.13414598565070002,0.006586733443556584
43003,dynamic_parameter_oracle,1771,1,110,1,1,1.1820905089172693,0.002765357855091039
43003,dynamic_parameter_oracle,1771,1,110,4,4,0.4655576752829576,0.0038843826305624512
43003,dynamic_parameter_oracle,1771,1,110,8,8,0.34961691964636465,0.003953950277695923
43003,dynamic_parameter_oracle,1771,1,110,16,16,0.14097733981157345,0.005871011310258299
43003,dynamic_parameter_oracle,1793,1,110,1,1,-0.30224829105777923,0.0038393851995394104
43003,dynamic_parameter_oracle,1793,1,110,4,4,-0.14092810942158276,0.01162958010399368
43003,dynamic_parameter_oracle,1793,1,110,8,8,-0.005604963697758716,0.005980284434329833
43003,dynamic_parameter_oracle,1793,1,110,16,16,-0.07564616097455899,0.004443345669454874
43003,dynamic_parameter_oracle,1830,1,011,1,1,1.4301300070940233,0.22017798788674336
43003,dynamic_parameter_oracle,1830,1,011,4,4,0.6037968578123103,0.23406301946494112
43003,dynamic_parameter_oracle,1830,1,011,8,8,0.6779312406661555,0.1249133022745352
43003,dynamic_parameter_oracle,1830,1,011,16,16,0.6522660724251889,0.09052401219907627
43003,dynamic_parameter_oracle,1999,1,111,1,1,1.21087838893739,0.07751117761791858
43003,dynamic_parameter_oracle,1999,1,111,4,4,0.9673107020091611,0.089038846005351
43003,dynamic_parameter_oracle,1999,1,111,8,8,0.8039436267343629,0.06218877274261091
43003,dynamic_parameter_oracle,1999,1,111,16,8,0.8039436267343629,0.06218877274261091
43003,dynamic_parameter_oracle,2008,1,111,1,1,1.322815424988763,0.0006825623013176502
43003,dynamic_parameter_oracle,2008,1,111,4,4,1.0413148836277188,0.07814953047815097
43003,dynamic_parameter_oracle,2008,1,111,8,8,0.7896345134284337,0.0496161974173079
43003,dynamic_parameter_oracle,2008,1,111,16,16,0.8633250571870851,0.0540527870708683
43003,dynamic_parameter_oracle,2036,1,111,1,1,0.6641106730962734,0.017177780247487794
43003,dynamic_parameter_oracle,2036,1,111,4,1,0.6641106730962734,0.017177780247487794
43003,dynamic_parameter_oracle,2036,1,111,8,1,0.6641106730962734,0.017177780247487794
43003,dynamic_parameter_oracle,2036,1,111,16,1,0.6641106730962734,0.017177780247487794
43003,dynamic_parameter_oracle,2038,1,111,1,1,0.545082555107484,0.09584227976700706
43003,dynamic_parameter_oracle,2038,1,111,4,4,0.8211058160623069,0.04342135918737578
43003,dynamic_parameter_oracle,2038,1,111,8,8,1.1679994457596026,0.0946830606779645
43003,dynamic_parameter_oracle,2038,1,111,16,10,1.0031791199173958,0.08144253739046282
43003,dynamic_parameter_oracle,2049,1,101,1,1,1.1390131073828875,0.06933194278968141
43003,dynamic_parameter_oracle,2049,1,101,4,4,0.5243236865964804,0.07379310638443681
43003,dynamic_parameter_oracle,2049,1,101,8,8,0.374394402892351,0.07253539223343577
43003,dynamic_parameter_oracle,2049,1,101,16,16,0.5457490105598912,0.04023642744309878
43003,dynamic_parameter_oracle,2067,1,101,1,1,2.1337035779772133,0.43400426475372533
43003,dynamic_parameter_oracle,2067,1,101,4,4,1.0999343725000466,0.1985645832309299
43003,dynamic_parameter_oracle,2067,1,101,8,8,1.3849285811947578,0.11900805052240127
43003,dynamic_parameter_oracle,2067,1,101,16,16,1.106972265883046,0.09009105702104214
43003,dynamic_parameter_oracle,2106,1,101,1,1,0.4402430933133761,0.011489530505859243
43003,dynamic_parameter_oracle,2106,1,101,4,1,0.4402430933133761,0.011489530505859243
43003,dynamic_parameter_oracle,2106,1,101,8,1,0.4402430933133761,0.011489530505859243
43003,dynamic_parameter_oracle,2106,1,101,16,1,0.4402430933133761,0.011489530505859243
43003,dynamic_parameter_oracle,2108,1,101,1,1,1.0589050251402377,0.009247629866956063
43003,dynamic_parameter_oracle,2108,1,101,4,2,0.8740509057010691,0.03808862751049315
43003,dynamic_parameter_oracle,2108,1,101,8,2,0.8740509057010691,0.03808862751049315
43003,dynamic_parameter_oracle,2108,1,101,16,2,0.8740509057010691,0.03808862751049315
43003,dynamic_parameter_oracle,2111,1,101,1,1,2.738582042097012,0.25193782023341954
43003,dynamic_parameter_oracle,2111,1,101,4,4,1.305908787114312,0.08704859992463837
43003,dynamic_parameter_oracle,2111,1,101,8,4,1.305908787114312,0.08704859992463837
43003,dynamic_parameter_oracle,2111,1,101,16,4,1.305908787114312,0.08704859992463837
43003,dynamic_parameter_oracle,2116,1,101,1,1,2.0343304733424903,0.21702896071361188
43003,dynamic_parameter_oracle,2116,1,101,4,4,1.5911762810603798,0.10466175839856362
43003,dynamic_parameter_oracle,2116,1,101,8,8,0.9713397095825376,0.06100827013844098
43003,dynamic_parameter_oracle,2116,1,101,16,16,0.6917312402267646,0.059529798847160725
43003,dynamic_parameter_oracle,2142,1,101,1,1,0.6374985327951543,0.17273633606699365
43003,dynamic_parameter_oracle,2142,1,101,4,4,0.5814524043417928,0.06670347327816867
43003,dynamic_parameter_oracle,2142,1,101,8,8,0.8928455762476012,0.07422735523284638
43003,dynamic_parameter_oracle,2142,1,101,16,16,1.010700289040087,0.05660266853616196
43003,dynamic_parameter_oracle,2168,1,111,1,1,1.0285787415949799,0.16856744852531746
43003,dynamic_parameter_oracle,2168,1,111,4,1,1.0285787415949799,0.16856744852531746
43003,dynamic_parameter_oracle,2168,1,111,8,1,1.0285787415949799,0.16856744852531746
43003,dynamic_parameter_oracle,2168,1,111,16,1,1.0285787415949799,0.16856744852531746
43003,dynamic_parameter_oracle,2170,1,111,1,1,0.5989459027493788,0.051363581444792306
43003,dynamic_parameter_oracle,2170,1,111,4,4,0.591734219864821,0.04908900230315282
43003,dynamic_parameter_oracle,2170,1,111,8,8,0.5259428291880872,0.035299035622739006
43003,dynamic_parameter_oracle,2170,1,111,16,12,0.8176854682768763,0.04126758769248545
43003,dynamic_parameter_oracle,2183,1,111,1,1,0.5560754827864668,0.03235559377319584
43003,dynamic_parameter_oracle,2183,1,111,4,4,0.7965298949767119,0.0255606826501506
43003,dynamic_parameter_oracle,2183,1,111,8,8,0.7604089054870612,0.13911121184197892
43003,dynamic_parameter_oracle,2183,1,111,16,12,0.83806030080218,0.17692851352703745
43003,dynamic_parameter_oracle,2196,1,111,1,1,0.45443783162941914,0.0973752727103058
43003,dynamic_parameter_oracle,2196,1,111,4,4,0.5806970994219804,0.03044459814136917
43003,dynamic_parameter_oracle,2196,1,111,8,8,0.6570358832062319,0.022775452722928996
43003,dynamic_parameter_oracle,2196,1,111,16,10,0.9599991877279394,0.06195462679053064
43003,dynamic_parameter_oracle,2207,1,111,1,1,0.9013020375713319,0.002039230840316424
43003,dynamic_parameter_oracle,2207,1,111,4,2,0.629898144156473,0.01677013707709349
43003,dynamic_parameter_oracle,2207,1,111,8,2,0.629898144156473,0.01677013707709349
43003,dynamic_parameter_oracle,2207,1,111,16,2,0.629898144156473,0.01677013707709349
43003,dynamic_parameter_oracle,2210,1,111,1,1,0.6539167799568228,0.0249285283502794
43003,dynamic_parameter_oracle,2210,1,111,4,4,0.6153529505479871,0.01088184429746246
43003,dynamic_parameter_oracle,2210,1,111,8,8,0.599939995003145,0.00993031855504469
43003,dynamic_parameter_oracle,2210,1,111,16,16,0.8858855179942076,0.06360842182438134
43003,dynamic_parameter_oracle,2280,1,110,1,1,0.3068031116037964,0.0011276203728078874
43003,dynamic_parameter_oracle,2280,1,110,4,4,0.09767663132721789,0.0036851062797661756
43003,dynamic_parameter_oracle,2280,1,110,8,8,0.11367167516913163,0.0032988887741167844
43003,dynamic_parameter_oracle,2280,1,110,16,16,-0.03868396729321423,0.006448624812394896
43003,dynamic_parameter_oracle,2306,2,111,1,1,0.4147021694091595,0.037648783146216
43003,dynamic_parameter_oracle,2306,2,111,4,4,0.7819678718690155,0.057892180804682614
43003,dynamic_parameter_oracle,2306,2,111,8,8,0.7354293728086381,0.03917543047327449
43003,dynamic_parameter_oracle,2306,2,111,16,16,0.6246367052907202,0.05298948621005001
43003,dynamic_parameter_oracle,2339,2,111,1,1,0.4506829601120161,0.27134285798008784
43003,dynamic_parameter_oracle,2339,2,111,4,4,0.9106043403037111,0.08257831836057158
43003,dynamic_parameter_oracle,2339,2,111,8,5,1.0214099497374753,0.0739328045182107
43003,dynamic_parameter_oracle,2339,2,111,16,5,1.0214099497374753,0.0739328045182107
43003,dynamic_parameter_oracle,2345,2,111,1,1,1.0144449302399408,0.07152535393773618
43003,dynamic_parameter_oracle,2345,2,111,4,4,0.7442465497875891,0.2520898865618163
43003,dynamic_parameter_oracle,2345,2,111,8,8,0.646360759139881,0.17160279035307768
43003,dynamic_parameter_oracle,2345,2,111,16,16,0.578228643739706,0.11794777051643257
43003,dynamic_parameter_oracle,2640,2,111,1,1,0.45598505230511094,0.0009413305350306975
43003,dynamic_parameter_oracle,2640,2,111,4,4,0.4363149893095082,0.09866259805475976
43003,dynamic_parameter_oracle,2640,2,111,8,8,0.4310650507250183,0.06343611681168744
43003,dynamic_parameter_oracle,2640,2,111,16,16,0.6522435203909089,0.07740805638876791
43003,dynamic_parameter_oracle,2661,2,111,1,1,1.8420362860329795,0.3804097416517194
43003,dynamic_parameter_oracle,2661,2,111,4,4,1.3733030300306572,0.11501774829364368
43003,dynamic_parameter_oracle,2661,2,111,8,8,1.0039264779188743,0.07356128193209274
43003,dynamic_parameter_oracle,2661,2,111,16,13,0.8325376641036217,0.06532343599294042
43003,dynamic_parameter_oracle,2675,2,111,1,1,0.7762010253565923,0.21416514123500044
43003,dynamic_parameter_oracle,2675,2,111,4,4,0.8405783783398632,0.06503334335391421
43003,dynamic_parameter_oracle,2675,2,111,8,8,0.9082921346568771,0.16234102331086653
43003,dynamic_parameter_oracle,2675,2,111,16,16,0.8189654982734369,0.11748238636610601
43003,dynamic_parameter_oracle,2718,2,111,1,1,0.7661900149356637,0.02225287989032468
43003,dynamic_parameter_oracle,2718,2,111,4,4,0.7605462440597346,0.019462092293691058
43003,dynamic_parameter_oracle,2718,2,111,8,8,0.5016316151707493,0.01040877798828638
43003,dynamic_parameter_oracle,2718,2,111,16,16,0.4995262999671709,0.01303094595524628
43003,dynamic_parameter_oracle,2758,2,101,1,1,0.5183417007436878,0.031701374981506
43003,dynamic_parameter_oracle,2758,2,101,4,4,1.1776538372046197,0.03458503040178291
43003,dynamic_parameter_oracle,2758,2,101,8,7,0.8750599245640124,0.020759685873914142
43003,dynamic_parameter_oracle,2758,2,101,16,7,0.8750599245640124,0.020759685873914142
43003,dynamic_parameter_oracle,2766,2,101,1,1,0.5259803636139794,0.016510825275216294
43003,dynamic_parameter_oracle,2766,2,101,4,4,0.36664135459281133,0.010596280007835216
43003,dynamic_parameter_oracle,2766,2,101,8,7,0.36894818981794153,0.007162004698461734
43003,dynamic_parameter_oracle,2766,2,101,16,7,0.36894818981794153,0.007162004698461734
43003,dynamic_parameter_oracle,2774,2,101,1,1,0.9551753610539288,0.41387110785986947
43003,dynamic_parameter_oracle,2774,2,101,4,4,0.7806227211620157,0.1784409623151011
43003,dynamic_parameter_oracle,2774,2,101,8,8,0.5858234603323631,0.11550753309461806
43003,dynamic_parameter_oracle,2774,2,101,16,10,0.5325175040120096,0.09374880927951232
43003,dynamic_parameter_oracle,2785,2,101,1,1,0.3991166476496797,0.047850790384708734
43003,dynamic_parameter_oracle,2785,2,101,4,4,0.4173423151197494,0.03079610111036642
43003,dynamic_parameter_oracle,2785,2,101,8,7,0.31606839700590095,0.023217798863792067
43003,dynamic_parameter_oracle,2785,2,101,16,7,0.31606839700590095,0.023217798863792067
43003,dynamic_parameter_oracle,2793,2,101,1,1,0.6627795669852875,0.0003678673701439733
43003,dynamic_parameter_oracle,2793,2,101,4,4,0.33596306749858346,0.003193517358653309
43003,dynamic_parameter_oracle,2793,2,101,8,8,0.3438194902330627,0.005330994794030765
43003,dynamic_parameter_oracle,2793,2,101,16,16,0.4601911974207147,0.006364242539725118
43003,dynamic_parameter_oracle,2817,2,101,1,1,0.5932450443077173,0.039061298407250714
43003,dynamic_parameter_oracle,2817,2,101,4,4,0.5892248270109617,0.01507553749281208
43003,dynamic_parameter_oracle,2817,2,101,8,4,0.5892248270109617,0.01507553749281208
43003,dynamic_parameter_oracle,2817,2,101,16,4,0.5892248270109617,0.01507553749281208
43003,dynamic_parameter_oracle,2822,2,101,1,1,0.9337641039529818,0.0010437402691448078
43003,dynamic_parameter_oracle,2822,2,101,4,4,0.40336883600315027,0.0014971265893433932
43003,dynamic_parameter_oracle,2822,2,101,8,8,0.28583486272674924,0.0011156541788638584
43003,dynamic_parameter_oracle,2822,2,101,16,16,0.4121692446323646,0.016700788503408948
43003,dynamic_parameter_oracle,2849,2,101,1,1,1.008542725220384,0.002043749149851592
43003,dynamic_parameter_oracle,2849,2,101,4,4,0.6575865461157729,0.012562276482320287
43003,dynamic_parameter_oracle,2849,2,101,8,8,0.6593512382701141,0.016268653105730113
43003,dynamic_parameter_oracle,2849,2,101,16,11,0.7592016024492504,0.02177758628932931
43003,dynamic_parameter_oracle,2861,2,101,1,1,0.8260087151547071,0.01887999352866886
43003,dynamic_parameter_oracle,2861,2,101,4,4,1.3498298240761741,0.05708127628042196
43003,dynamic_parameter_oracle,2861,2,101,8,8,0.9668392507158501,0.05651306311777024
43003,dynamic_parameter_oracle,2861,2,101,16,14,0.9277701101226006,0.04899971097350958
43003,dynamic_parameter_oracle,2876,2,101,1,1,0.6544234754796506,0.030288525692168188
43003,dynamic_parameter_oracle,2876,2,101,4,4,0.5251358339762324,0.05030641334101493
43003,dynamic_parameter_oracle,2876,2,101,8,8,0.7744620840954692,0.03482626730388566
43003,dynamic_parameter_oracle,2876,2,101,16,16,0.6509804544519704,0.02803270693234828
43003,dynamic_parameter_oracle,2910,2,101,1,1,0.8653850993730406,0.21630077142206863
43003,dynamic_parameter_oracle,2910,2,101,4,4,0.5977104170402795,0.06076035353965084
43003,dynamic_parameter_oracle,2910,2,101,8,8,1.0406639877652046,0.04880401721253177
43003,dynamic_parameter_oracle,2910,2,101,16,16,0.9019888516758233,0.06509071602812022
43003,dynamic_parameter_oracle,2966,2,111,1,1,0.7946316178575177,0.004152396228636709
43003,dynamic_parameter_oracle,2966,2,111,4,4,0.5768169807192843,0.0020334507315697627
43003,dynamic_parameter_oracle,2966,2,111,8,6,0.5228318237032362,0.060917964858797156
43003,dynamic_parameter_oracle,2966,2,111,16,6,0.5228318237032362,0.060917964858797156
43003,dynamic_parameter_oracle,2974,2,111,1,1,0.48006810886829254,0.014497179832521441
43003,dynamic_parameter_oracle,2974,2,111,4,4,0.4336855333886237,0.05248282637155262
43003,dynamic_parameter_oracle,2974,2,111,8,8,0.6531668010214492,0.048331244163620904
43003,dynamic_parameter_oracle,2974,2,111,16,16,0.6862839445339747,0.02909639043266388
43003,dynamic_parameter_oracle,3014,2,111,1,1,1.8340604303579877,0.17443240002127228
43003,dynamic_parameter_oracle,3014,2,111,4,4,1.88088929051714,0.09806696428792416
43003,dynamic_parameter_oracle,3014,2,111,8,8,1.2456346879397764,0.06179748246625614
43003,dynamic_parameter_oracle,3014,2,111,16,16,0.9715852097401434,0.04937169493573733
43003,dynamic_parameter_oracle,3061,2,101,1,1,0.6076491564473082,0.08627243239251874
43003,dynamic_parameter_oracle,3061,2,101,4,4,0.39388198636583455,0.09048531034830998
43003,dynamic_parameter_oracle,3061,2,101,8,8,0.5289541281037983,0.052800038727297285
43003,dynamic_parameter_oracle,3061,2,101,16,15,0.4343583843684166,0.040705422056738036
43003,dynamic_parameter_oracle,3077,2,101,1,1,0.4190578152858406,0.07743142647384002
43003,dynamic_parameter_oracle,3077,2,101,4,4,0.4919510478925291,0.06095395386667292
43003,dynamic_parameter_oracle,3077,2,101,8,4,0.4919510478925291,0.06095395386667292
43003,dynamic_parameter_oracle,3077,2,101,16,4,0.4919510478925291,0.06095395386667292
43003,dynamic_parameter_oracle,3082,2,101,1,1,0.42319019386912193,0.1723600369792295
43003,dynamic_parameter_oracle,3082,2,101,4,4,0.8987201680935024,0.08173536527031233
43003,dynamic_parameter_oracle,3082,2,101,8,8,0.6646172300084497,0.057844343857121824
43003,dynamic_parameter_oracle,3082,2,101,16,12,0.6291801800831441,0.057189523230262974
43003,dynamic_parameter_oracle,3096,2,101,1,1,1.8834285839978984,0.014322723842694835
43003,dynamic_parameter_oracle,3096,2,101,4,4,0.7189884132098201,0.008001514144265467
43003,dynamic_parameter_oracle,3096,2,101,8,8,0.5781722308926247,0.006301785884445308
43003,dynamic_parameter_oracle,3096,2,101,16,16,0.4725228587316271,0.0054322551154137085
43003,dynamic_parameter_oracle,3134,2,101,1,1,0.5401181233810773,0.03856355779611876
43003,dynamic_parameter_oracle,3134,2,101,4,4,0.6582226420386632,0.09359357898099704
43003,dynamic_parameter_oracle,3134,2,101,8,8,0.620194861285212,0.051976574549941174
43003,dynamic_parameter_oracle,3134,2,101,16,16,0.6672092669199814,0.03530609518512552
43003,dynamic_parameter_oracle,3256,2,110,1,1,-0.3953985202254503,0.033646837494468666
43003,dynamic_parameter_oracle,3256,2,110,4,1,-0.3953985202254503,0.033646837494468666
43003,dynamic_parameter_oracle,3256,2,110,8,1,-0.3953985202254503,0.033646837494468666
43003,dynamic_parameter_oracle,3256,2,110,16,1,-0.3953985202254503,0.033646837494468666
43003,dynamic_parameter_oracle,3258,2,110,1,1,0.6573707988211613,0.003034507352578012
43003,dynamic_parameter_oracle,3258,2,110,4,4,0.12033802286869195,0.012553553660265022
43003,dynamic_parameter_oracle,3258,2,110,8,8,0.04487294891112962,0.015716867062428627
43003,dynamic_parameter_oracle,3258,2,110,16,8,0.04487294891112962,0.015716867062428627
43003,dynamic_parameter_oracle,3267,2,110,1,1,-0.41368923595987456,5.3616380423045644e-06
43003,dynamic_parameter_oracle,3267,2,110,4,4,0.06511648985016279,0.005674435452980513
43003,dynamic_parameter_oracle,3267,2,110,8,8,0.1292538613684897,0.0040955735777143815
43003,dynamic_parameter_oracle,3267,2,110,16,9,0.09335599854601234,0.006330673976334499
43003,dynamic_parameter_oracle,3277,2,110,1,1,-0.40446550419175104,8.083083982494186e-05
43003,dynamic_parameter_oracle,3277,2,110,4,4,-0.3900004738913698,0.0051474423131168175
43003,dynamic_parameter_oracle,3277,2,110,8,8,-0.25660805037192963,0.008615166308017126
43003,dynamic_parameter_oracle,3277,2,110,16,15,-0.2404763090813811,0.011100353602322867
43003,dynamic_parameter_oracle,3293,2,110,1,1,1.3252565018516447,0.007800731295968886
43003,dynamic_parameter_oracle,3293,2,110,4,4,0.06510506056076251,0.008941897290314624
43003,dynamic_parameter_oracle,3293,2,110,8,4,0.06510506056076251,0.008941897290314624
43003,dynamic_parameter_oracle,3293,2,110,16,4,0.06510506056076251,0.008941897290314624
43003,dynamic_parameter_oracle,3298,2,110,1,1,1.2037864079192233,0.00030812595790274033
43003,dynamic_parameter_oracle,3298,2,110,4,2,0.505557220269211,0.0008220047969473916
43003,dynamic_parameter_oracle,3298,2,110,8,2,0.505557220269211,0.0008220047969473916
43003,dynamic_parameter_oracle,3298,2,110,16,2,0.505557220269211,0.0008220047969473916
43003,dynamic_parameter_oracle,3301,2,110,1,1,-0.41341365715195383,0.003215151271939995
43003,dynamic_parameter_oracle,3301,2,110,4,4,-0.1683463742680586,0.005277103888395898
43003,dynamic_parameter_oracle,3301,2,110,8,8,-0.018326045181820544,0.00568073454773727
43003,dynamic_parameter_oracle,3301,2,110,16,16,-0.11800528127002781,0.004006390369610745
43003,dynamic_parameter_oracle,3319,2,110,1,1,-0.44740468253166615,0.00616005720529087
43003,dynamic_parameter_oracle,3319,2,110,4,4,-0.03749577115980357,0.0022238373559361783
43003,dynamic_parameter_oracle,3319,2,110,8,8,0.061648198782180724,0.004622307893017235
43003,dynamic_parameter_oracle,3319,2,110,16,15,0.0025279911793031464,0.007071142502773098
43003,dynamic_parameter_oracle,3335,2,110,1,1,-0.33060097800800287,0.00015752275249025075
43003,dynamic_parameter_oracle,3335,2,110,4,4,0.4812883780890058,0.008184750311345343
43003,dynamic_parameter_oracle,3335,2,110,8,8,0.17064033701897696,0.008411439567217863
43003,dynamic_parameter_oracle,3335,2,110,16,16,0.1001512048007517,0.0067573500007875
43003,dynamic_parameter_oracle,3363,2,110,1,1,-0.34787344804913567,0.027157395738502888
43003,dynamic_parameter_oracle,3363,2,110,4,4,-0.12042426277111695,0.008465202744622759
43003,dynamic_parameter_oracle,3363,2,110,8,8,-0.01448747618554646,0.007446804036712877
43003,dynamic_parameter_oracle,3363,2,110,16,16,0.20631350325492823,0.00798513865494059
43003,dynamic_parameter_oracle,3380,2,110,1,1,-0.40674690471953157,2.7238090821906533e-05
43003,dynamic_parameter_oracle,3380,2,110,4,4,0.26294440544435216,0.00576470207974125
43003,dynamic_parameter_oracle,3380,2,110,8,8,0.16344229137586733,0.0046383988871847165
43003,dynamic_parameter_oracle,3380,2,110,16,16,-0.036660272434703975,0.004763629024736451
43003,dynamic_parameter_oracle,3400,2,110,1,1,-0.18457819873096967,0.008086262602154892
43003,dynamic_parameter_oracle,3400,2,110,4,1,-0.18457819873096967,0.008086262602154892
43003,dynamic_parameter_oracle,3400,2,110,8,1,-0.18457819873096967,0.008086262602154892
43003,dynamic_parameter_oracle,3400,2,110,16,1,-0.18457819873096967,0.008086262602154892
43003,dynamic_parameter_oracle,3402,2,110,1,1,0.7033975517262518,0.0012170414872726988
43003,dynamic_parameter_oracle,3402,2,110,4,4,0.23611686960913902,0.01176621937626668
43003,dynamic_parameter_oracle,3402,2,110,8,8,0.1577825470664126,0.009634074180372027
43003,dynamic_parameter_oracle,3402,2,110,16,16,0.09404110215526977,0.00721646658188769
43003,dynamic_parameter_oracle,3426,2,110,1,1,-0.22969184930990363,4.059323387180897e-05
43003,dynamic_parameter_oracle,3426,2,110,4,4,-0.25507976473541993,0.022477112246063954
43003,dynamic_parameter_oracle,3426,2,110,8,6,0.16169098915360045,0.01501310177541465
43003,dynamic_parameter_oracle,3426,2,110,16,6,0.16169098915360045,0.01501310177541465
43003,dynamic_parameter_oracle,3433,2,110,1,1,0.49418700145761046,0.01837968464377622
43003,dynamic_parameter_oracle,3433,2,110,4,4,0.0393117066144121,0.008638884478585298
43003,dynamic_parameter_oracle,3433,2,110,8,8,0.46843416237407476,0.012691202142479638
43003,dynamic_parameter_oracle,3433,2,110,16,16,0.25240350510583376,0.011314123595044996
43003,dynamic_parameter_oracle,3463,3,101,1,1,3.8730618078794152,0.0017691128338135189
43003,dynamic_parameter_oracle,3463,3,101,4,4,1.273118883745838,0.001605138709907013
43003,dynamic_parameter_oracle,3463,3,101,8,8,0.7417126455880998,0.0023536001190745436
43003,dynamic_parameter_oracle,3463,3,101,16,8,0.7417126455880998,0.0023536001190745436
43003,dynamic_parameter_oracle,3472,3,101,1,1,3.0059532874571735,0.5130090838230048
43003,dynamic_parameter_oracle,3472,3,101,4,1,3.0059532874571735,0.5130090838230048
43003,dynamic_parameter_oracle,3472,3,101,8,1,3.0059532874571735,0.5130090838230048
43003,dynamic_parameter_oracle,3472,3,101,16,1,3.0059532874571735,0.5130090838230048
43003,dynamic_parameter_oracle,3474,3,101,1,1,0.7403342393370611,0.0933920754471202
43003,dynamic_parameter_oracle,3474,3,101,4,4,0.4861234707501394,0.06375307121226581
43003,dynamic_parameter_oracle,3474,3,101,8,8,0.44904129826624306,0.04309578100227731
43003,dynamic_parameter_oracle,3474,3,101,16,16,0.835780599905137,0.028503020237353578
43003,dynamic_parameter_oracle,3495,3,101,1,1,0.6694390698774003,0.27027164139472776
43003,dynamic_parameter_oracle,3495,3,101,4,3,0.7153089231107973,0.3234225772279818
43003,dynamic_parameter_oracle,3495,3,101,8,3,0.7153089231107973,0.3234225772279818
43003,dynamic_parameter_oracle,3495,3,101,16,3,0.7153089231107973,0.3234225772279818
43003,dynamic_parameter_oracle,3499,3,101,1,1,0.4012947656694829,0.010153358588863131
43003,dynamic_parameter_oracle,3499,3,101,4,4,0.9277775383253958,0.03659778286439201
43003,dynamic_parameter_oracle,3499,3,101,8,8,0.6246556642657403,0.03958620062634631
43003,dynamic_parameter_oracle,3499,3,101,16,16,0.6081609757326216,0.026287342988103552
43003,dynamic_parameter_oracle,3581,3,110,1,1,-0.4327612994823462,4.958592541505208e-06
43003,dynamic_parameter_oracle,3581,3,110,4,4,-0.0007864161478139675,0.013773962476010818
43003,dynamic_parameter_oracle,3581,3,110,8,8,0.027548240155388627,0.008585262449876925
43003,dynamic_parameter_oracle,3581,3,110,16,9,0.03562254508301104,0.007646330067295218
43003,dynamic_parameter_oracle,3591,3,110,1,1,-0.2301410012530381,0.02364242903968053
43003,dynamic_parameter_oracle,3591,3,110,4,4,-0.30861353577850154,0.011315599376335713
43003,dynamic_parameter_oracle,3591,3,110,8,8,-0.36148835956066383,0.017489168419322687
43003,dynamic_parameter_oracle,3591,3,110,16,16,-0.30930415373268827,0.011539089365756502
43003,dynamic_parameter_oracle,3619,3,110,1,1,0.3475923733592462,0.0031386536380174765
43003,dynamic_parameter_oracle,3619,3,110,4,4,0.7252589910523537,0.005948537057737977
43003,dynamic_parameter_oracle,3619,3,110,8,8,0.5445782913324178,0.004206360081761751
43003,dynamic_parameter_oracle,3619,3,110,16,16,0.21499634413971372,0.005267136798544684
43003,dynamic_parameter_oracle,3655,3,111,1,1,0.8662117913943832,0.26545803561067693
43003,dynamic_parameter_oracle,3655,3,111,4,3,1.0745653705158624,0.1685136203401804
43003,dynamic_parameter_oracle,3655,3,111,8,3,1.0745653705158624,0.1685136203401804
43003,dynamic_parameter_oracle,3655,3,111,16,3,1.0745653705158624,0.1685136203401804
43003,dynamic_parameter_oracle,3659,3,111,1,1,0.8321722580746923,0.006259801404360027
43003,dynamic_parameter_oracle,3659,3,111,4,4,0.4833061352494912,0.004943029719958365
43003,dynamic_parameter_oracle,3659,3,111,8,8,0.5718308353708966,0.023031974012760494
43003,dynamic_parameter_oracle,3659,3,111,16,13,0.569822959947127,0.04469561945564956
43003,dynamic_parameter_oracle,3673,3,111,1,1,0.6379340568329924,0.04002767746463312
43003,dynamic_parameter_oracle,3673,3,111,4,4,0.7158063390946242,0.03278366106998392
43003,dynamic_parameter_oracle,3673,3,111,8,7,0.8544365237492318,0.06691633183657146
43003,dynamic_parameter_oracle,3673,3,111,16,7,0.8544365237492318,0.06691633183657146
43003,dynamic_parameter_oracle,3681,3,111,1,1,1.4644157912193352,0.006714492373598443
43003,dynamic_parameter_oracle,3681,3,111,4,4,1.4407102176999302,0.030706840246971845
43003,dynamic_parameter_oracle,3681,3,111,8,8,1.2997758064235614,0.06290549485724516
43003,dynamic_parameter_oracle,3681,3,111,16,16,0.9963818434475373,0.06620045576515313
43003,dynamic_parameter_oracle,3706,3,111,1,1,1.1653573229720589,0.018693469735424954
43003,dynamic_parameter_oracle,3706,3,111,4,2,2.4442351698898714,0.2859554110254985
43003,dynamic_parameter_oracle,3706,3,111,8,2,2.4442351698898714,0.2859554110254985
43003,dynamic_parameter_oracle,3706,3,111,16,2,2.4442351698898714,0.2859554110254985
43003,dynamic_parameter_oracle,3709,3,111,1,1,0.5561806035219636,0.047681171417162965
43003,dynamic_parameter_oracle,3709,3,111,4,4,0.4566290841387044,0.08316451745255485
43003,dynamic_parameter_oracle,3709,3,111,8,8,0.7599048960211551,0.11667103369947149
43003,dynamic_parameter_oracle,3709,3,111,16,16,0.7536863399048752,0.09135409393102217
43003,dynamic_parameter_oracle,3735,3,111,1,1,1.9968859447907772,0.010525683514754209
43003,dynamic_parameter_oracle,3735,3,111,4,4,0.8576236883944552,0.004367318612122472
43003,dynamic_parameter_oracle,3735,3,111,8,4,0.8576236883944552,0.004367318612122472
43003,dynamic_parameter_oracle,3735,3,111,16,4,0.8576236883944552,0.004367318612122472
43003,dynamic_parameter_oracle,3740,3,111,1,1,1.2970039737267145,0.028778405294092323
43003,dynamic_parameter_oracle,3740,3,111,4,4,0.5849565021564915,0.057892818166879904
43003,dynamic_parameter_oracle,3740,3,111,8,8,0.473791763509578,0.03027714822017478
43003,dynamic_parameter_oracle,3740,3,111,16,8,0.473791763509578,0.03027714822017478
43003,dynamic_parameter_oracle,3749,3,110,1,1,-0.4320246616830822,4.4297044553910785e-05
43003,dynamic_parameter_oracle,3749,3,110,4,4,-0.16262983649994367,0.00032757137139945175
43003,dynamic_parameter_oracle,3749,3,110,8,8,-0.234093128911102,0.0027326344603768073
43003,dynamic_parameter_oracle,3749,3,110,16,11,-0.20234738672010016,0.003945537747806276
43003,dynamic_parameter_oracle,3761,3,110,1,1,-0.40017887618424497,0.0376282656239639
43003,dynamic_parameter_oracle,3761,3,110,4,4,-0.16870073349117393,0.010586880337486606
43003,dynamic_parameter_oracle,3761,3,110,8,8,-0.0701738049796296,0.009855798014646866
43003,dynamic_parameter_oracle,3761,3,110,16,10,-0.12524252621287277,0.008875162078001412
43003,dynamic_parameter_oracle,3772,3,110,1,1,-0.2754984470522972,0.002916555308348985
43003,dynamic_parameter_oracle,3772,3,110,4,3,-0.09259065995079042,0.0055869097209090115
43003,dynamic_parameter_oracle,3772,3,110,8,3,-0.09259065995079042,0.0055869097209090115
43003,dynamic_parameter_oracle,3772,3,110,16,3,-0.09259065995079042,0.0055869097209090115
43003,dynamic_parameter_oracle,3776,3,110,1,1,0.3711362586090107,0.03363139797042676
43003,dynamic_parameter_oracle,3776,3,110,4,4,0.3204435432407828,0.010770111630599677
43003,dynamic_parameter_oracle,3776,3,110,8,8,0.24126308655281103,0.0075079733829658685
43003,dynamic_parameter_oracle,3776,3,110,16,16,-0.04287341349117292,0.005638578243308601
43003,dynamic_parameter_oracle,3813,3,110,1,1,1.079090720134986,0.005076541033801525
43003,dynamic_parameter_oracle,3813,3,110,4,4,0.6814137135766167,0.002569615817867944
43003,dynamic_parameter_oracle,3813,3,110,8,8,0.3690878492371414,0.0015232098177042558
43003,dynamic_parameter_oracle,3813,3,110,16,16,0.15489719529707904,0.004414010654852291
43003,dynamic_parameter_oracle,3833,3,110,1,1,-0.221539426727243,0.00030012759173391823
43003,dynamic_parameter_oracle,3833,3,110,4,1,-0.221539426727243,0.00030012759173391823
43003,dynamic_parameter_oracle,3833,3,110,8,1,-0.221539426727243,0.00030012759173391823
43003,dynamic_parameter_oracle,3833,3,110,16,1,-0.221539426727243,0.00030012759173391823
43003,dynamic_parameter_oracle,3836,3,110,1,1,-0.42854141213577907,0.0009667466753478293
43003,dynamic_parameter_oracle,3836,3,110,4,4,-0.3317158066321815,0.008029788887581456
43003,dynamic_parameter_oracle,3836,3,110,8,8,-0.033556727915631246,0.012433090626091822
43003,dynamic_parameter_oracle,3836,3,110,16,11,-0.07199344282463152,0.009457156594107386
43003,dynamic_parameter_oracle,3848,3,110,1,1,-0.38575607999439576,0.004829069463640872
43003,dynamic_parameter_oracle,3848,3,110,4,4,0.07992650191867043,0.011770098331595194
43003,dynamic_parameter_oracle,3848,3,110,8,8,-0.17293674925021887,0.007633857531245207
43003,dynamic_parameter_oracle,3848,3,110,16,16,-0.07861812254904303,0.005652784669493461
43003,dynamic_parameter_oracle,3869,3,110,1,1,0.9843403840570069,0.01935570937122201
43003,dynamic_parameter_oracle,3869,3,110,4,4,0.6767580240929049,0.006082139973031532
43003,dynamic_parameter_oracle,3869,3,110,8,8,0.35965764592429605,0.01211893037990587
43003,dynamic_parameter_oracle,3869,3,110,16,16,0.1600110346395259,0.009341487649983254
43003,dynamic_parameter_oracle,3900,3,110,1,1,-0.33063328095501127,0.03285594781214157
43003,dynamic_parameter_oracle,3900,3,110,4,4,-0.0029222663711409164,0.01163448852843486
43003,dynamic_parameter_oracle,3900,3,110,8,5,-0.0320675507079045,0.01102418779342648
43003,dynamic_parameter_oracle,3900,3,110,16,5,-0.0320675507079045,0.01102418779342648
43003,dynamic_parameter_oracle,3906,3,110,1,1,-0.3094729308593788,0.00399511499495294
43003,dynamic_parameter_oracle,3906,3,110,4,4,-0.1006049462568063,0.0032286575717259294
43003,dynamic_parameter_oracle,3906,3,110,8,7,-0.21662814721164964,0.005151295059365192
43003,dynamic_parameter_oracle,3906,3,110,16,7,-0.21662814721164964,0.005151295059365192
43003,dynamic_parameter_oracle,3914,3,110,1,1,-0.2921394934541596,0.006518189401778395
43003,dynamic_parameter_oracle,3914,3,110,4,4,0.077322788589434,0.006100674598834593
43003,dynamic_parameter_oracle,3914,3,110,8,8,0.09786095003419672,0.009721825515067973
43003,dynamic_parameter_oracle,3914,3,110,16,16,-0.038870521668490934,0.007962201261234609
43003,dynamic_parameter_oracle,3970,3,101,1,1,0.5293616089684813,0.09791250764925986
43003,dynamic_parameter_oracle,3970,3,101,4,4,0.8928272858026226,0.04354567376539071
43003,dynamic_parameter_oracle,3970,3,101,8,8,0.7110012779420676,0.04622028056327308
43003,dynamic_parameter_oracle,3970,3,101,16,9,0.7806982374585811,0.04168181127688529
43003,dynamic_parameter_oracle,3980,3,101,1,1,0.5733389500425237,0.00787351785434852
43003,dynamic_parameter_oracle,3980,3,101,4,4,0.8784280453012449,0.01591123148045067
43003,dynamic_parameter_oracle,3980,3,101,8,8,0.8570112133865451,0.014090198807708197
43003,dynamic_parameter_oracle,3980,3,101,16,10,1.0441288659575005,0.03477963163276533
43003,dynamic_parameter_oracle,3991,3,101,1,1,2.015466398992782,0.07164731646816173
43003,dynamic_parameter_oracle,3991,3,101,4,4,0.8726682433437841,0.08400112575436952
43003,dynamic_parameter_oracle,3991,3,101,8,8,0.7950403608909365,0.06821670165599691
43003,dynamic_parameter_oracle,3991,3,101,16,16,0.5024919586631014,0.03600921782984201
43003,dynamic_parameter_oracle,4052,3,101,1,1,0.4396097179801977,0.6460057292582847
43003,dynamic_parameter_oracle,4052,3,101,4,4,1.1847454477192303,0.2737721044213611
43003,dynamic_parameter_oracle,4052,3,101,8,8,0.8639976625510863,0.16931136838581007
43003,dynamic_parameter_oracle,4052,3,101,16,10,0.8392706435048497,0.14021623081307025
43003,dynamic_parameter_oracle,4063,3,101,1,1,1.759750718271324,0.05545511517152601
43003,dynamic_parameter_oracle,4063,3,101,4,4,0.9498643605064627,0.04248640712597099
43003,dynamic_parameter_oracle,4063,3,101,8,8,0.8476698227056508,0.03229433500583182
43003,dynamic_parameter_oracle,4063,3,101,16,16,0.9654111071162265,0.04195438315758004
43003,dynamic_parameter_oracle,4161,3,101,1,1,1.5883312950155788,0.00425998831283717
43003,dynamic_parameter_oracle,4161,3,101,4,3,0.7922214699776814,0.00527156172045929
43003,dynamic_parameter_oracle,4161,3,101,8,3,0.7922214699776814,0.00527156172045929
43003,dynamic_parameter_oracle,4161,3,101,16,3,0.7922214699776814,0.00527156172045929
43003,dynamic_parameter_oracle,4165,3,101,1,1,0.47427610270978493,0.10634772485991112
43003,dynamic_parameter_oracle,4165,3,101,4,4,1.097434017673087,0.05121590632803911
43003,dynamic_parameter_oracle,4165,3,101,8,6,1.318012811333065,0.04081968442543051
43003,dynamic_parameter_oracle,4165,3,101,16,6,1.318012811333065,0.04081968442543051
43003,dynamic_parameter_oracle,4172,3,101,1,1,1.9496328531058313,0.04811099422640851
43003,dynamic_parameter_oracle,4172,3,101,4,4,0.9199636439919736,0.0125632381952461
43003,dynamic_parameter_oracle,4172,3,101,8,4,0.9199636439919736,0.0125632381952461
43003,dynamic_parameter_oracle,4172,3,101,16,4,0.9199636439919736,0.0125632381952461
43003,dynamic_parameter_oracle,4177,3,101,1,1,0.325988874417121,0.20412832537497383
43003,dynamic_parameter_oracle,4177,3,101,4,4,0.5294035126184022,0.16367623892756022
43003,dynamic_parameter_oracle,4177,3,101,8,8,0.38370456659336766,0.09523596753826903
43003,dynamic_parameter_oracle,4177,3,101,16,11,0.367965476909751,0.07075454534470485
43003,dynamic_parameter_oracle,4189,3,101,1,1,0.389289580685877,0.08842727874585482
43003,dynamic_parameter_oracle,4189,3,101,4,4,0.5357392753580462,0.024291198282339565
43003,dynamic_parameter_oracle,4189,3,101,8,8,0.5461684189001639,0.013675955062477912
43003,dynamic_parameter_oracle,4189,3,101,16,13,0.4594764397939848,0.03356165092316181
43003,dynamic_parameter_oracle,4203,3,101,1,1,0.9485735434560271,0.033823626198293745
43003,dynamic_parameter_oracle,4203,3,101,4,4,0.49326391518152857,0.02876140274124863
43003,dynamic_parameter_oracle,4203,3,101,8,8,0.5945996080135943,0.05758099756349706
43003,dynamic_parameter_oracle,4203,3,101,16,14,0.6292995181352283,0.03839539332050497
43003,dynamic_parameter_oracle,4218,3,101,1,1,2.0882243103879246,0.033921462180262055
43003,dynamic_parameter_oracle,4218,3,101,4,4,1.0780709544622344,0.022235260021921208
43003,dynamic_parameter_oracle,4218,3,101,8,8,0.7730640329724734,0.04896818631605936
43003,dynamic_parameter_oracle,4218,3,101,16,16,0.6255584229455954,0.04144833694303536
43003,dynamic_parameter_oracle,4247,3,011,1,1,0.33649649688774785,0.005473074836411472
43003,dynamic_parameter_oracle,4247,3,011,4,4,0.5539739735750664,0.16505095863969013
43003,dynamic_parameter_oracle,4247,3,011,8,8,0.5419413803667075,0.10241180159455492
43003,dynamic_parameter_oracle,4247,3,011,16,16,0.5318317932525585,0.062391478451534116
43003,dynamic_parameter_oracle,4429,3,111,1,1,0.48011107398529396,0.03692240762323321
43003,dynamic_parameter_oracle,4429,3,111,4,4,0.5921704515728994,0.0250621626864147
43003,dynamic_parameter_oracle,4429,3,111,8,8,0.6158237364347404,0.023339997736584833
43003,dynamic_parameter_oracle,4429,3,111,16,16,0.7352794279033787,0.03895208274589758
43003,dynamic_parameter_oracle,4449,3,111,1,1,0.37434211976889237,0.1466228575662628
43003,dynamic_parameter_oracle,4449,3,111,4,3,0.8804581154435823,0.21761216495038793
43003,dynamic_parameter_oracle,4449,3,111,8,3,0.8804581154435823,0.21761216495038793
43003,dynamic_parameter_oracle,4449,3,111,16,3,0.8804581154435823,0.21761216495038793
43003,dynamic_parameter_oracle,4453,3,111,1,1,0.4849603196625699,0.41993979509575374
43003,dynamic_parameter_oracle,4453,3,111,4,4,0.9188690573282314,0.23645340458591207
43003,dynamic_parameter_oracle,4453,3,111,8,8,0.7528633785008452,0.12582893462494985
43003,dynamic_parameter_oracle,4453,3,111,16,10,0.7054821527821333,0.10096786770860862
43003,dynamic_parameter_oracle,4464,3,111,1,1,0.4916230782741945,0.016387468189961847
43003,dynamic_parameter_oracle,4464,3,111,4,4,0.6902819678607747,0.2161298189810293
43003,dynamic_parameter_oracle,4464,3,111,8,8,0.7368037581481095,0.1360635462698931
43003,dynamic_parameter_oracle,4464,3,111,16,16,0.7497181362366337,0.11345099807665615
43003,dynamic_parameter_oracle,4485,3,111,1,1,1.299902908815286,0.007902689504233082
43003,dynamic_parameter_oracle,4485,3,111,4,4,0.6342418176581635,0.014383587373677498
43003,dynamic_parameter_oracle,4485,3,111,8,8,0.5339111068760367,0.012412653570951001
43003,dynamic_parameter_oracle,4485,3,111,16,16,0.8679721295452427,0.03718054611211771
43003,dynamic_parameter_oracle,4507,3,111,1,1,3.133158176558802,0.04373786105455637
43003,dynamic_parameter_oracle,4507,3,111,4,2,2.6682441697171635,0.07578844902226857
43003,dynamic_parameter_oracle,4507,3,111,8,2,2.6682441697171635,0.07578844902226857
43003,dynamic_parameter_oracle,4507,3,111,16,2,2.6682441697171635,0.07578844902226857
43003,dynamic_parameter_oracle,4510,3,111,1,1,0.566613482175508,0.1053081274889304
43003,dynamic_parameter_oracle,4510,3,111,4,4,1.0658354380844575,0.10191496640047638
43003,dynamic_parameter_oracle,4510,3,111,8,8,0.9280097394320782,0.13375135379186875
43003,dynamic_parameter_oracle,4510,3,111,16,16,0.8061953985508632,0.12460287310230742
43003,dynamic_parameter_oracle,4543,3,111,1,1,3.0273760391409805,0.00038238590456751405
43003,dynamic_parameter_oracle,4543,3,111,4,4,1.1309526120972178,0.0029099784013424416
43003,dynamic_parameter_oracle,4543,3,111,8,8,0.8141087807883349,0.03885631852007964
43003,dynamic_parameter_oracle,4543,3,111,16,16,0.7008237968665537,0.09089260276613312
43003,dynamic_parameter_oracle,4567,3,111,1,1,1.949032525294082,0.0003128818760731431
43003,dynamic_parameter_oracle,4567,3,111,4,4,1.0642731404614225,0.09680703346271603
43003,dynamic_parameter_oracle,4567,3,111,8,8,0.7541548525305437,0.12511456110287697
43003,dynamic_parameter_oracle,4567,3,111,16,16,1.0122240159387839,0.1010144972403492
43003,dynamic_parameter_oracle,4584,3,111,1,1,1.7552231335948865,0.13769774712769026
43003,dynamic_parameter_oracle,4584,3,111,4,4,0.9423905492868571,0.0732740105624688
43003,dynamic_parameter_oracle,4584,3,111,8,8,0.68608528152944,0.04245888696446788
43003,dynamic_parameter_oracle,4584,3,111,16,16,0.6258317752987588,0.06146433464699858
43003,dynamic_parameter_oracle,4604,3,111,1,1,2.5833152483098414,0.051444126766429135
43003,dynamic_parameter_oracle,4604,3,111,4,3,1.3840687403716319,0.06278933240142978
43003,dynamic_parameter_oracle,4604,3,111,8,3,1.3840687403716319,0.06278933240142978
43003,dynamic_parameter_oracle,4604,3,111,16,3,1.3840687403716319,0.06278933240142978
