candidate_index,retention_floor,retention_ceiling,bias,surprise_weight,entropy_weight,disagreement_weight,fast_retention,slow_retention,evidence_weight_floor,epsilon,natural_accuracy,natural_accuracy_loss,hidden_accuracy,post_switch_accuracy,reachability_auc,reachability_recall,false_alarms_per_1000,median_delay,mean_retention,eligible,selected
0,0.0,0.93,0.5,0.5,0.0,0.0,0.5,0.98,1.0,1e-12,0.7527701485823713,0.0005162258612970705,0.7431972789115646,0.778688524590164,0.5005656390106631,0.38524590163934425,18.19806645543911,2.0,0.3563681846535885,True,False
1,0.0,0.93,0.5,0.0,0.0,0.5,0.5,0.98,1.0,1e-12,0.7557703627119714,-0.0024839882683029835,0.7423469387755102,0.7814207650273224,0.8200487754352596,0.0,0.0,,0.35938916421519335,False,False
2,0.0,0.93,0.5,0.25,0.0,0.25,0.5,0.98,1.0,1e-12,0.7545968051709326,-0.0013104307272642224,0.7431972789115646,0.7814207650273224,0.7368090426912849,0.00819672131147541,6.824274920789666,0.0,0.3545156182098531,False,False
3,0.0,0.93,0.5,0.2,0.1,0.2,0.5,0.98,1.0,1e-12,0.7534874262341728,-0.0002010517905043363,0.7434807256235827,0.7814207650273224,0.6894843605185317,0.00819672131147541,6.49930944837111,0.0,0.3540564276791226,False,False
4,0.0,0.93,0.25,0.5,0.0,0.0,0.5,0.98,1.0,1e-12,0.754468970187516,-0.0011825957438476031,0.7423469387755102,0.7745901639344263,0.5005656390106631,0.4672131147540984,33.715167763425136,2.0,0.4095871943448396,True,False
5,0.0,0.93,0.25,0.0,0.0,0.5,0.5,0.98,1.0,1e-12,0.7575610610487223,-0.004274686605053923,0.7429138321995465,0.7786885245901639,0.8200487754352596,0.12295081967213115,31.765374928913804,0.0,0.4131162956068942,True,False
6,0.0,0.93,0.25,0.25,0.0,0.25,0.5,0.98,1.0,1e-12,0.7561982790938352,-0.0029119046501667745,0.7429138321995465,0.7793715846994537,0.7368090426912849,0.09016393442622951,26.97213421074011,0.0,0.40905202571471827,False,False
7,0.0,0.93,0.25,0.2,0.1,0.2,0.5,0.98,1.0,1e-12,0.7560919865768284,-0.002805612133159996,0.7423469387755102,0.778688524590164,0.6894843605185317,0.12295081967213115,24.128686327077748,0.0,0.4087598947615484,True,False
8,0.0,0.93,-0.0,0.5,0.0,0.0,0.5,0.98,1.0,1e-12,0.7562266191849885,-0.0029402447413200417,0.7375283446712019,0.7636612021857924,0.5005656390106631,0.5737704918032787,43.951580144609636,2.0,0.4643025973997639,True,False
9,0.0,0.93,-0.0,0.0,0.0,0.5,0.5,0.98,1.0,1e-12,0.7592989857335404,-0.006012611289871961,0.7440476190476191,0.7786885245901639,0.8200487754352596,0.23770491803278687,14.298480786416443,0.0,0.4679979026663479,True,False
10,0.0,0.93,-0.0,0.25,0.0,0.25,0.5,0.98,1.0,1e-12,0.7573786342596175,-0.004092259815949073,0.7426303854875282,0.7745901639344263,0.7368090426912849,0.3360655737704918,35.01502965309936,1.0,0.46514049517877526,True,False
11,0.0,0.93,-0.0,0.2,0.1,0.2,0.5,0.98,1.0,1e-12,0.7574849267766243,-0.004198552332955852,0.7426303854875282,0.7745901639344264,0.6894843605185317,0.3770491803278688,35.90868470225038,1.0,0.4650452465431162,True,False
12,0.0,0.93,-0.25,0.5,0.0,0.0,0.5,0.98,1.0,1e-12,0.759008049759647,-0.005721675315978558,0.7341269841269842,0.7513661202185794,0.5005656390106631,0.45901639344262296,37.77723616865708,2.5,0.51908004590481,True,False
13,0.0,0.93,-0.25,0.0,0.0,0.5,0.5,0.98,1.0,1e-12,0.7622692089105305,-0.0089828344668621,0.7454648526077098,0.7773224043715846,0.8200487754352596,0.36885245901639346,6.255585344057194,0.0,0.5225641281977568,True,False
14,0.0,0.93,-0.25,0.25,0.0,0.25,0.5,0.98,1.0,1e-12,0.7610259801375399,-0.007739605693871443,0.7417800453514739,0.7691256830601092,0.7368090426912849,0.6475409836065574,20.879031602892194,1.0,0.5212122666102853,True,False
15,0.0,0.93,-0.25,0.2,0.1,0.2,0.5,0.98,1.0,1e-12,0.7594245062146373,-0.006138131770968891,0.7400793650793651,0.7663934426229508,0.6894843605185317,0.6721311475409836,26.728410106426193,1.0,0.5213254189719322,True,False
16,0.0,0.93,-0.5,0.5,0.0,0.0,0.5,0.98,1.0,1e-12,0.7627255415410487,-0.009439167097380241,0.7335600907029479,0.746584699453552,0.5005656390106631,0.32786885245901637,26.89089284263547,3.0,0.5724748126416098,True,False
17,0.0,0.93,-0.5,0.0,0.0,0.5,0.5,0.98,1.0,1e-12,0.7670472925235087,-0.013760918079840256,0.7443310657596373,0.7725409836065574,0.8200487754352596,0.6557377049180327,3.493378828499472,1.0,0.5754110337539432,True,False
18,0.0,0.93,-0.5,0.25,0.0,0.25,0.5,0.98,1.0,1e-12,0.7647395879003329,-0.011453213456664502,0.7378117913832201,0.7568306010928962,0.7368090426912849,0.6475409836065574,9.180274595824194,2.0,0.575702617586052,True,False
19,0.0,0.93,-0.5,0.2,0.1,0.2,0.5,0.98,1.0,1e-12,0.764301364365305,-0.011014989921636631,0.7352607709750567,0.7520491803278688,0.6894843605185317,0.5327868852459017,11.536274270858721,3.0,0.5760145515239964,True,False
20,0.0,0.93,1.0,1.0,0.0,0.0,0.5,0.98,1.0,1e-12,0.7468658917019292,0.006420482741739231,0.7423469387755102,0.7827868852459017,0.5005656390106631,0.38524590163934425,18.19806645543911,2.0,0.278202578419709,True,False
21,0.0,0.93,1.0,0.0,0.0,1.0,0.5,0.98,1.0,1e-12,0.752223797887211,0.001062576556457362,0.7400793650793651,0.7827868852459017,0.8200487754352596,0.0,0.0,,0.2885375775265977,False,False
22,0.0,0.93,1.0,0.5,0.0,0.5,0.5,0.98,1.0,1e-12,0.7495916802253315,0.0036946942183369025,0.7417800453514739,0.7848360655737706,0.7368090426912849,0.00819672131147541,6.824274920789666,0.0,0.26901216353558716,False,False
23,0.0,0.93,1.0,0.4,0.2,0.4,0.5,0.98,1.0,1e-12,0.7476731874183726,0.005613187025295785,0.7409297052154196,0.7834699453551913,0.6894843605185317,0.00819672131147541,6.49930944837111,0.0,0.26703171065628206,False,False
24,0.0,0.93,0.5,1.0,0.0,0.0,0.5,0.98,1.0,1e-12,0.7503613789430252,0.0029249955006431794,0.7389455782312925,0.7725409836065574,0.5005656390106631,0.4672131147540984,33.715167763425136,2.0,0.3662515938065297,True,False
25,0.0,0.93,0.5,0.0,0.0,1.0,0.5,0.98,1.0,1e-12,0.7564092366826123,-0.0031228622389438687,0.7417800453514739,0.7827868852459018,0.8200487754352596,0.12295081967213115,31.765374928913804,0.0,0.38359870308325755,True,False
26,0.0,0.93,0.5,0.5,0.0,0.5,0.5,0.98,1.0,1e-12,0.7529630498169392,0.0003233246267292378,0.7414965986394558,0.7827868852459017,0.7368090426912849,0.09016393442622951,26.97213421074011,0.0,0.3631715600691018,False,False
27,0.0,0.93,0.5,0.4,0.2,0.4,0.5,0.98,1.0,1e-12,0.7520238104848428,0.0012625639588256243,0.742063492063492,0.7827868852459017,0.6894843605185317,0.12295081967213115,24.128686327077748,0.0,0.36162172466706494,True,False
28,0.0,0.93,-0.0,1.0,0.0,0.0,0.5,0.98,1.0,1e-12,0.7542073453248676,-0.0009209708811991346,0.7349773242630386,0.7561475409836066,0.5005656390106631,0.5737704918032787,43.951580144609636,2.0,0.4620381009031528,True,False
29,0.0,0.93,-0.0,0.0,0.0,1.0,0.5,0.98,1.0,1e-12,0.7617076075243779,-0.008421233080709523,0.7434807256235827,0.7807377049180328,0.8200487754352596,0.23770491803278687,14.298480786416443,0.0,0.48219026231120543,True,False
30,0.0,0.93,-0.0,0.5,0.0,0.5,0.5,0.98,1.0,1e-12,0.7579591490766714,-0.004672774633002974,0.7414965986394558,0.7745901639344263,0.7368090426912849,0.3360655737704918,35.01502965309936,1.0,0.46603011894895896,True,False
31,0.0,0.93,-0.0,0.4,0.2,0.4,0.5,0.98,1.0,1e-12,0.7564072067509195,-0.0031208323072511313,0.7406462585034014,0.773224043715847,0.6894843605185317,0.3770491803278688,35.90868470225038,1.0,0.4653097791674694,True,False
32,0.0,0.93,-0.5,1.0,0.0,0.0,0.5,0.98,1.0,1e-12,0.7595146010443988,-0.006228226600730413,0.7281746031746033,0.7356557377049181,0.5005656390106631,0.45901639344262296,37.77723616865708,2.5,0.5583890225514687,True,False
33,0.0,0.93,-0.5,0.0,0.0,1.0,0.5,0.98,1.0,1e-12,0.7677881431810312,-0.014501768737362752,0.7446145124716554,0.7725409836065575,0.8200487754352596,0.36885245901639346,6.255585344057194,0.0,0.57560650230893,True,False
34,0.0,0.93,-0.5,0.5,0.0,0.5,0.5,0.98,1.0,1e-12,0.763552089245421,-0.010265714801752535,0.7397959183673469,0.7616120218579236,0.7368090426912849,0.6475409836065574,20.879031602892194,1.0,0.5684761454335817,True,False
35,0.0,0.93,-0.5,0.4,0.2,0.4,0.5,0.98,1.0,1e-12,0.7618692341057938,-0.008582859662125353,0.7363945578231292,0.7568306010928962,0.6894843605185317,0.6721311475409836,26.728410106426193,1.0,0.5688804253690644,True,False
36,0.0,0.93,-1.0,1.0,0.0,0.0,0.5,0.98,1.0,1e-12,0.7648518477165402,-0.011565473272871829,0.7208049886621315,0.7103825136612021,0.5005656390106631,0.32786885245901637,26.89089284263547,3.0,0.647963196962768,True,False
37,0.0,0.93,-1.0,0.0,0.0,1.0,0.5,0.98,1.0,1e-12,0.7733270951144015,-0.020040720670733037,0.743764172335601,0.7636612021857924,0.8200487754352596,0.6557377049180327,3.493378828499472,1.0,0.6580052582410032,True,False
38,0.0,0.93,-1.0,0.5,0.0,0.5,0.5,0.98,1.0,1e-12,0.7683874371672247,-0.015101062723556269,0.7327097505668935,0.7397540983606558,0.7368090426912849,0.6475409836065574,9.180274595824194,2.0,0.6616983026637208,True,False
39,0.0,0.93,-1.0,0.4,0.2,0.4,0.5,0.98,1.0,1e-12,0.7680020905334445,-0.014715716089776065,0.7295918367346939,0.7329234972677596,0.6894843605185317,0.5327868852459017,11.536274270858721,3.0,0.6632016872912536,True,False
40,0.0,0.93,2.0,2.0,0.0,0.0,0.5,0.98,1.0,1e-12,0.7406766942566176,0.012609680187050776,0.7386621315192744,0.7800546448087432,0.5005656390106631,0.38524590163934425,18.19806645543911,2.0,0.1984051387885222,False,False
41,0.0,0.93,2.0,0.0,0.0,2.0,0.5,0.98,1.0,1e-12,0.7479668697061026,0.005319504737565817,0.7378117913832201,0.7800546448087432,0.8200487754352596,0.0,0.0,,0.20530769505157015,False,False
42,0.0,0.93,2.0,1.0,0.0,1.0,0.5,0.98,1.0,1e-12,0.7427033382475473,0.01058303619612111,0.7369614512471656,0.7793715846994537,0.7368090426912849,0.00819672131147541,6.824274920789666,0.0,0.170254316016087,False,False
43,0.0,0.93,2.0,0.8,0.4,0.8,0.5,0.98,1.0,1e-12,0.7404176554559121,0.012868718987756322,0.7369614512471656,0.7800546448087432,0.6894843605185317,0.00819672131147541,6.49930944837111,0.0,0.16691118173310301,False,False
44,0.0,0.93,1.0,2.0,0.0,0.0,0.5,0.98,1.0,1e-12,0.7448381288423993,0.008448245601269111,0.7380952380952381,0.7725409836065574,0.5005656390106631,0.4672131147540984,33.715167763425136,2.0,0.31683623802120625,True,False
45,0.0,0.93,1.0,0.0,0.0,2.0,0.5,0.98,1.0,1e-12,0.7536634803967558,-0.0003771059530873755,0.7397959183673469,0.7814207650273224,0.8200487754352596,0.12295081967213115,31.765374928913804,0.0,0.3669096893046793,True,False
46,0.0,0.93,1.0,1.0,0.0,1.0,0.5,0.98,1.0,1e-12,0.7478857724523863,0.005400601991282117,0.7400793650793651,0.7827868852459018,0.7368090426912849,0.09016393442622951,26.97213421074011,0.0,0.30482742331279933,False,False
47,0.0,0.93,1.0,0.8,0.4,0.8,0.5,0.98,1.0,1e-12,0.7459021728810674,0.0073842015626010005,0.7395124716553287,0.782103825136612,0.6894843605185317,0.12295081967213115,24.128686327077748,0.0,0.3004520067154048,True,False
48,0.0,0.93,-0.0,2.0,0.0,0.0,0.5,0.98,1.0,1e-12,0.7511336188047176,0.0021527556389507874,0.7290249433106575,0.7445355191256832,0.5005656390106631,0.5737704918032787,43.951580144609636,2.0,0.4584200865848881,True,False
49,0.0,0.93,-0.0,0.0,0.0,2.0,0.5,0.98,1.0,1e-12,0.7635040132211596,-0.010217638777491156,0.7426303854875284,0.7793715846994537,0.8200487754352596,0.23770491803278687,14.298480786416443,0.0,0.5286185213133893,True,False
50,0.0,0.93,-0.0,1.0,0.0,1.0,0.5,0.98,1.0,1e-12,0.7568520606183924,-0.00356568617472397,0.7380952380952381,0.7752732240437158,0.7368090426912849,0.3360655737704918,35.01502965309936,1.0,0.4706614500872787,True,False
51,0.0,0.93,-0.0,0.8,0.4,0.8,0.5,0.98,1.0,1e-12,0.7545113347657618,-0.0012249603220934047,0.7378117913832201,0.773224043715847,0.6894843605185317,0.3770491803278688,35.90868470225038,1.0,0.4666300352814254,True,False
52,0.0,0.93,-1.0,2.0,0.0,0.0,0.5,0.98,1.0,1e-12,0.7598193062598183,-0.0065329318161498895,0.7142857142857142,0.6994535519125683,0.5005656390106631,0.45901639344262296,37.77723616865708,2.5,0.601523041223559,True,False
53,0.0,0.93,-1.0,0.0,0.0,2.0,0.5,0.98,1.0,1e-12,0.7743091782763195,-0.021022803832651094,0.7434807256235827,0.76775956284153,0.8200487754352596,0.36885245901639346,6.255585344057194,0.0,0.6499962779645299,True,False
54,0.0,0.93,-1.0,1.0,0.0,1.0,0.5,0.98,1.0,1e-12,0.7657650041384737,-0.012478629694805288,0.7344104308390024,0.7513661202185793,0.7368090426912849,0.6475409836065574,20.879031602892194,1.0,0.6311824886944609,True,False
55,0.0,0.93,-1.0,0.8,0.4,0.8,0.5,0.98,1.0,1e-12,0.7632607690136245,-0.00997439456995608,0.7310090702947847,0.7445355191256832,0.6894843605185317,0.6721311475409836,26.728410106426193,1.0,0.6312579380938713,True,False
56,0.0,0.93,-2.0,2.0,0.0,0.0,0.5,0.98,1.0,1e-12,0.7690712669657214,-0.01578489252205295,0.6927437641723355,0.6413934426229507,0.5005656390106631,0.32786885245901637,26.89089284263547,3.0,0.7244889939976404,True,False
57,0.0,0.93,-2.0,0.0,0.0,2.0,0.5,0.98,1.0,1e-12,0.7814399887301147,-0.02815361428644625,0.7417800453514739,0.7527322404371586,0.8200487754352596,0.6557377049180327,3.493378828499472,1.0,0.7335203019600468,True,False
58,0.0,0.93,-2.0,1.0,0.0,1.0,0.5,0.98,1.0,1e-12,0.7759628655731619,-0.022676491129493437,0.7247732426303856,0.7124316939890709,0.7368090426912849,0.6475409836065574,9.180274595824194,2.0,0.7574022430412944,True,False
59,0.0,0.93,-2.0,0.8,0.4,0.8,0.5,0.98,1.0,1e-12,0.7746130292559121,-0.021326654812243717,0.7174036281179137,0.6967213114754097,0.6894843605185317,0.5327868852459017,11.536274270858721,3.0,0.7624964538704313,True,False
60,0.0,0.93,4.0,4.0,0.0,0.0,0.5,0.98,1.0,1e-12,0.7373816262294067,0.015904748214261688,0.7358276643990929,0.7773224043715847,0.5005656390106631,0.38524590163934425,18.19806645543911,2.0,0.1504643419931179,False,False
61,0.0,0.93,4.0,0.0,0.0,4.0,0.5,0.98,1.0,1e-12,0.742253635949474,0.011032738494194394,0.7363945578231292,0.7793715846994537,0.8200487754352596,0.0,0.0,,0.11354627604460306,False,False
62,0.0,0.93,4.0,2.0,0.0,2.0,0.5,0.98,1.0,1e-12,0.7373422586305154,0.015944115813153026,0.7358276643990929,0.7793715846994537,0.7368090426912849,0.00819672131147541,6.824274920789666,0.0,0.09908211016680993,False,False
63,0.0,0.93,4.0,1.6,0.8,1.6,0.5,0.98,1.0,1e-12,0.737109989797056,0.01617638464661242,0.7358276643990929,0.7793715846994537,0.6894843605185317,0.00819672131147541,6.49930944837111,0.0,0.09839270465906057,False,False
64,0.0,0.93,2.0,4.0,0.0,0.0,0.5,0.98,1.0,1e-12,0.7412475244405431,0.012038850003125323,0.7341269841269842,0.7650273224043715,0.5005656390106631,0.4672131147540984,33.715167763425136,2.0,0.2837833488831472,False,False
65,0.0,0.93,2.0,0.0,0.0,4.0,0.5,0.98,1.0,1e-12,0.7526491991769659,0.0006371752667024833,0.7392290249433106,0.778688524590164,0.8200487754352596,0.12295081967213115,31.765374928913804,0.0,0.3763666847985048,True,False
66,0.0,0.93,2.0,2.0,0.0,2.0,0.5,0.98,1.0,1e-12,0.7438583835990212,0.009427990844647183,0.7375283446712019,0.7793715846994537,0.7368090426912849,0.09016393442622951,26.97213421074011,0.0,0.2566875902615408,False,False
67,0.0,0.93,2.0,1.6,0.8,1.6,0.5,0.98,1.0,1e-12,0.740331046738351,0.012955327705317377,0.7372448979591837,0.7780054644808744,0.6894843605185317,0.12295081967213115,24.128686327077748,0.0,0.2513417363081999,False,False
68,0.0,0.93,-0.0,4.0,0.0,0.0,0.5,0.98,1.0,1e-12,0.7482626019769338,0.005023772466734577,0.7230725623582767,0.7301912568306012,0.5005656390106631,0.5737704918032787,43.951580144609636,2.0,0.4567342631508387,True,False
69,0.0,0.93,-0.0,0.0,0.0,4.0,0.5,0.98,1.0,1e-12,0.7666168902610416,-0.013330515817373212,0.7443310657596371,0.7780054644808744,0.8200487754352596,0.23770491803278687,14.298480786416443,0.0,0.6002434531576663,True,False
70,0.0,0.93,-0.0,2.0,0.0,2.0,0.5,0.98,1.0,1e-12,0.7557422498701157,-0.002455875426447318,0.7355442176870748,0.7711748633879781,0.7368090426912849,0.3360655737704918,35.01502965309936,1.0,0.48198418047519254,True,False
71,0.0,0.93,-0.0,1.6,0.8,1.6,0.5,0.98,1.0,1e-12,0.7506092423874842,0.0026771320561842504,0.733843537414966,0.7670765027322405,0.6894843605185317,0.3770491803278688,35.90868470225038,1.0,0.4700984734768773,True,False
72,0.0,0.93,-2.0,4.0,0.0,0.0,0.5,0.98,1.0,1e-12,0.7593676742113922,-0.006081299767723758,0.6944444444444444,0.6502732240437158,0.5005656390106631,0.45901639344262296,37.77723616865708,2.5,0.6302943448622769,True,False
73,0.0,0.93,-2.0,0.0,0.0,4.0,0.5,0.98,1.0,1e-12,0.7800276153963909,-0.026741240952722456,0.7443310657596371,0.7684426229508197,0.8200487754352596,0.36885245901639346,6.255585344057194,0.0,0.6989444239576537,True,False
74,0.0,0.93,-2.0,2.0,0.0,2.0,0.5,0.98,1.0,1e-12,0.769355157285023,-0.0160687828413546,0.7278911564625851,0.7370218579234973,0.7368090426912849,0.6475409836065574,20.879031602892194,1.0,0.6828778736838563,True,False
75,0.0,0.93,-2.0,1.6,0.8,1.6,0.5,0.98,1.0,1e-12,0.7660058862900753,-0.01271951184640685,0.7208049886621316,0.7247267759562842,0.6894843605185317,0.6721311475409836,26.728410106426193,1.0,0.6810099749574368,True,False
76,0.0,0.93,-4.0,4.0,0.0,0.0,0.5,0.98,1.0,1e-12,0.769013577885784,-0.015727203442115534,0.6598639455782312,0.5648907103825136,0.5005656390106631,0.32786885245901637,26.89089284263547,3.0,0.7692972154228943,True,False
77,0.0,0.93,-4.0,0.0,0.0,4.0,0.5,0.98,1.0,1e-12,0.7880309837139667,-0.03474460927029832,0.7409297052154196,0.7472677595628416,0.8200487754352596,0.6557377049180327,3.493378828499472,1.0,0.755737916756601,True,False
78,0.0,0.93,-4.0,2.0,0.0,2.0,0.5,0.98,1.0,1e-12,0.7822073253918749,-0.02892095094820646,0.7111678004535148,0.6707650273224044,0.7368090426912849,0.6475409836065574,9.180274595824194,2.0,0.8146245157875466,True,False
79,0.0,0.93,-4.0,1.6,0.8,1.6,0.5,0.98,1.0,1e-12,0.7778602119673805,-0.024573837523712116,0.6961451247165532,0.639344262295082,0.6894843605185317,0.5327868852459017,11.536274270858721,3.0,0.8268218672341271,True,False
80,0.0,0.97,0.5,0.5,0.0,0.0,0.5,0.98,1.0,1e-12,0.7529827336163849,0.0003036408272835134,0.7420634920634921,0.7766393442622951,0.5005656390106631,0.38524590163934425,18.19806645543911,2.0,0.37169584850965676,True,False
81,0.0,0.97,0.5,0.0,0.0,0.5,0.5,0.98,1.0,1e-12,0.7561955327799986,-0.0029091583363302087,0.7417800453514739,0.7800546448087432,0.8200487754352596,0.0,0.0,,0.3748467626760618,False,False
82,0.0,0.97,0.5,0.25,0.0,0.25,0.5,0.98,1.0,1e-12,0.7553479389577807,-0.002061564514112324,0.7429138321995465,0.7800546448087432,0.7368090426912849,0.00819672131147541,6.824274920789666,0.0,0.3697636017887715,False,False
83,0.0,0.97,0.5,0.2,0.1,0.2,0.5,0.98,1.0,1e-12,0.7543448525380276,-0.0010584780943592165,0.7431972789115646,0.7807377049180327,0.6894843605185317,0.00819672131147541,6.49930944837111,0.0,0.369284661127687,False,False
84,0.0,0.97,0.25,0.5,0.0,0.0,0.5,0.98,1.0,1e-12,0.7549012264233438,-0.001614851979675369,0.7403628117913833,0.7691256830601092,0.5005656390106631,0.4672131147540984,33.715167763425136,2.0,0.4272038478650478,True,False
85,0.0,0.97,0.25,0.0,0.0,0.5,0.5,0.98,1.0,1e-12,0.7580088519385507,-0.0047224774948823045,0.7446145124716554,0.778688524590164,0.8200487754352596,0.12295081967213115,31.765374928913804,0.0,0.43088473842869607,True,False
86,0.0,0.97,0.25,0.25,0.0,0.25,0.5,0.98,1.0,1e-12,0.7563027129438779,-0.0030163385002094367,0.743764172335601,0.7793715846994537,0.7368090426912849,0.09016393442622951,26.97213421074011,0.0,0.42664566122932984,False,False
87,0.0,0.97,0.25,0.2,0.1,0.2,0.5,0.98,1.0,1e-12,0.7559856940598215,-0.0026993196161531063,0.7429138321995465,0.7793715846994536,0.6894843605185317,0.12295081967213115,24.128686327077748,0.0,0.42634096550398054,True,False
88,0.0,0.97,-0.0,0.5,0.0,0.0,0.5,0.98,1.0,1e-12,0.7569706668040361,-0.0036842923603677136,0.7355442176870748,0.7568306010928962,0.5005656390106631,0.5737704918032787,43.951580144609636,2.0,0.48427260158900104,True,False
89,0.0,0.97,-0.0,0.0,0.0,0.5,0.5,0.98,1.0,1e-12,0.7605815821054224,-0.007295207661753955,0.7448979591836735,0.7793715846994536,0.8200487754352596,0.23770491803278687,14.298480786416443,0.0,0.48812684471651335,True,False
90,0.0,0.97,-0.0,0.25,0.0,0.25,0.5,0.98,1.0,1e-12,0.7581226818786652,-0.004836307434996745,0.7426303854875284,0.7739071038251366,0.7368090426912849,0.3360655737704918,35.01502965309936,1.0,0.4851465379821634,True,False
91,0.0,0.97,-0.0,0.2,0.1,0.2,0.5,0.98,1.0,1e-12,0.7579100968446515,-0.004623722400983077,0.7412131519274378,0.7711748633879781,0.6894843605185317,0.3770491803278688,35.90868470225038,1.0,0.4850471926309921,True,False
92,0.0,0.97,-0.25,0.5,0.0,0.0,0.5,0.98,1.0,1e-12,0.7604072458017003,-0.007120871358031855,0.731859410430839,0.7452185792349728,0.5005656390106631,0.45901639344262296,37.77723616865708,2.5,0.5414060693845868,True,False
93,0.0,0.97,-0.25,0.0,0.0,0.5,0.5,0.98,1.0,1e-12,0.7647407067689331,-0.011454332325264716,0.7451814058956916,0.7766393442622951,0.8200487754352596,0.36885245901639346,6.255585344057194,0.0,0.5450400046793806,True,False
94,0.0,0.97,-0.25,0.25,0.0,0.25,0.5,0.98,1.0,1e-12,0.7626203678926419,-0.009333993448973454,0.7395124716553289,0.7629781420765028,0.7368090426912849,0.6475409836065574,20.879031602892194,1.0,0.5436299985075019,True,False
95,0.0,0.97,-0.25,0.2,0.1,0.2,0.5,0.98,1.0,1e-12,0.7613448576885602,-0.008058483244891779,0.7378117913832201,0.7588797814207651,0.6894843605185317,0.6721311475409836,26.728410106426193,1.0,0.5437480176373916,True,False
96,0.0,0.97,-0.5,0.5,0.0,0.0,0.5,0.98,1.0,1e-12,0.7635628282101022,-0.010276453766433824,0.7315759637188209,0.7404371584699454,0.5005656390106631,0.32786885245901637,26.89089284263547,3.0,0.5970973852283457,True,False
97,0.0,0.97,-0.5,0.0,0.0,0.5,0.5,0.98,1.0,1e-12,0.7684235837807523,-0.015137209337083846,0.7434807256235828,0.7684426229508197,0.8200487754352596,0.6557377049180327,3.493378828499472,1.0,0.6001598954207794,True,False
98,0.0,0.97,-0.5,0.25,0.0,0.25,0.5,0.98,1.0,1e-12,0.7664525818410787,-0.013166207397410257,0.7372448979591837,0.7534153005464482,0.7368090426912849,0.6475409836065574,9.180274595824194,2.0,0.6004640204929789,True,False
99,0.0,0.97,-0.5,0.2,0.1,0.2,0.5,0.98,1.0,1e-12,0.7650833767516355,-0.011797002307967097,0.7349773242630385,0.7479508196721313,0.6894843605185317,0.5327868852459017,11.536274270858721,3.0,0.6007893709443832,True,False
100,0.0,0.97,1.0,1.0,0.0,0.0,0.5,0.98,1.0,1e-12,0.7472910617699564,0.0059953126737120055,0.7417800453514739,0.7814207650273225,0.5005656390106631,0.38524590163934425,18.19806645543911,2.0,0.29016828071733086,True,False
101,0.0,0.97,1.0,0.0,0.0,1.0,0.5,0.98,1.0,1e-12,0.7528855766426615,0.00040079780100688023,0.7403628117913833,0.7827868852459017,0.8200487754352596,0.0,0.0,,0.3009477959148385,False,False
102,0.0,0.97,1.0,0.5,0.0,0.5,0.5,0.98,1.0,1e-12,0.7500365340928045,0.003249840350863953,0.7420634920634921,0.7848360655737706,0.7368090426912849,0.00819672131147541,6.824274920789666,0.0,0.2805825791715264,False,False
103,0.0,0.97,1.0,0.4,0.2,0.4,0.5,0.98,1.0,1e-12,0.7481035849872363,0.005182789456432135,0.7409297052154196,0.7834699453551913,0.6894843605185317,0.00819672131147541,6.49930944837111,0.0,0.27851694552321893,False,False
104,0.0,0.97,0.5,1.0,0.0,0.0,0.5,0.98,1.0,1e-12,0.7510062202128666,0.0022801542308018563,0.7392290249433106,0.7711748633879781,0.5005656390106631,0.4672131147540984,33.715167763425136,2.0,0.3820043505293912,True,False
105,0.0,0.97,0.5,0.0,0.0,1.0,0.5,0.98,1.0,1e-12,0.756617481862662,-0.003331107418993562,0.7420634920634921,0.782103825136612,0.8200487754352596,0.12295081967213115,31.765374928913804,0.0,0.40009757203307494,True,False
106,0.0,0.97,0.5,0.5,0.0,0.5,0.5,0.98,1.0,1e-12,0.7540259749870073,-0.0007396005433388808,0.7414965986394558,0.7814207650273224,0.7368090426912849,0.09016393442622951,26.97213421074011,0.0,0.3787918422226115,False,False
107,0.0,0.97,0.5,0.4,0.2,0.4,0.5,0.98,1.0,1e-12,0.7525552730698768,0.0007311013737916205,0.7417800453514739,0.7814207650273224,0.6894843605185317,0.12295081967213115,24.128686327077748,0.0,0.3771753472333902,True,False
108,0.0,0.97,-0.0,1.0,0.0,0.0,0.5,0.98,1.0,1e-12,0.7547262102782564,-0.0014398358345879547,0.733843537414966,0.7527322404371586,0.5005656390106631,0.5737704918032787,43.951580144609636,2.0,0.48191070739361097,True,False
109,0.0,0.97,-0.0,0.0,0.0,1.0,0.5,0.98,1.0,1e-12,0.7627902164938917,-0.009503842050223255,0.743764172335601,0.7800546448087432,0.8200487754352596,0.23770491803278687,14.298480786416443,0.0,0.5029296284321175,True,False
110,0.0,0.97,-0.0,0.5,0.0,0.5,0.5,0.98,1.0,1e-12,0.7588024030449254,-0.005516028601256995,0.7412131519274378,0.7739071038251366,0.7368090426912849,0.3360655737704918,35.01502965309936,1.0,0.486074425140312,True,False
111,0.0,0.97,-0.0,0.4,0.2,0.4,0.5,0.98,1.0,1e-12,0.7570520480207608,-0.0037656735770923433,0.7400793650793651,0.7704918032786885,0.6894843605185317,0.3770491803278688,35.90868470225038,1.0,0.48532310300262943,True,False
112,0.0,0.97,-0.5,1.0,0.0,0.0,0.5,0.98,1.0,1e-12,0.7604712336974601,-0.007184859253791642,0.7253401360544217,0.726775956284153,0.5005656390106631,0.45901639344262296,37.77723616865708,2.5,0.58240575470422,True,False
113,0.0,0.97,-0.5,0.0,0.0,1.0,0.5,0.98,1.0,1e-12,0.7702653672356362,-0.016978992791967795,0.7448979591836735,0.7711748633879781,0.8200487754352596,0.36885245901639346,6.255585344057194,0.0,0.6003637712254429,True,False
114,0.0,0.97,-0.5,0.5,0.0,0.5,0.5,0.98,1.0,1e-12,0.7651253903694687,-0.011839015925800278,0.7380952380952381,0.7581967213114754,0.7368090426912849,0.6475409836065574,20.879031602892194,1.0,0.5929267323339508,True,False
115,0.0,0.97,-0.5,0.4,0.2,0.4,0.5,0.98,1.0,1e-12,0.7637769879480715,-0.010490613504403057,0.7355442176870748,0.7527322404371585,0.6894843605185317,0.6721311475409836,26.728410106426193,1.0,0.5933484006537552,True,False
116,0.0,0.97,-1.0,1.0,0.0,0.0,0.5,0.98,1.0,1e-12,0.7656728194200204,-0.012386444976351996,0.7140022675736961,0.6926229508196722,0.5005656390106631,0.32786885245901637,26.89089284263547,3.0,0.6758325817783709,True,False
117,0.0,0.97,-1.0,0.0,0.0,1.0,0.5,0.98,1.0,1e-12,0.7760470835173473,-0.022760709073678886,0.7451814058956916,0.7629781420765028,0.8200487754352596,0.6557377049180327,3.493378828499472,1.0,0.6863065596707236,True,False
118,0.0,0.97,-1.0,0.5,0.0,0.5,0.5,0.98,1.0,1e-12,0.7704337649576001,-0.01714739051393166,0.7315759637188208,0.7329234972677596,0.7368090426912849,0.6475409836065574,9.180274595824194,2.0,0.6901584447137732,True,False
119,0.0,0.97,-1.0,0.4,0.2,0.4,0.5,0.98,1.0,1e-12,0.7682811446502179,-0.01499477020654949,0.7270408163265306,0.7260928961748634,0.6894843605185317,0.5327868852459017,11.536274270858721,3.0,0.691726491045716,True,False
120,0.0,0.97,2.0,2.0,0.0,0.0,0.5,0.98,1.0,1e-12,0.7408892792906313,0.012397095153037108,0.7380952380952381,0.7786885245901639,0.5005656390106631,0.38524590163934425,18.19806645543911,2.0,0.20693869314501775,False,False
121,0.0,0.97,2.0,0.0,0.0,2.0,0.5,0.98,1.0,1e-12,0.7484983322911366,0.004788042152531813,0.7380952380952381,0.7800546448087432,0.8200487754352596,0.0,0.0,,0.21413813354841188,False,False
122,0.0,0.97,2.0,1.0,0.0,1.0,0.5,0.98,1.0,1e-12,0.7428036634653538,0.010482710978314658,0.7372448979591837,0.7793715846994537,0.7368090426912849,0.00819672131147541,6.824274920789666,0.0,0.1775770822963488,False,False
123,0.0,0.97,2.0,0.8,0.4,0.8,0.5,0.98,1.0,1e-12,0.7407365330069325,0.012549841436735876,0.7375283446712018,0.7800546448087432,0.6894843605185317,0.00819672131147541,6.49930944837111,0.0,0.17409015729151603,False,False
124,0.0,0.97,1.0,2.0,0.0,0.0,0.5,0.98,1.0,1e-12,0.7449444213594061,0.008341953084262332,0.7366780045351474,0.7691256830601094,0.5005656390106631,0.4672131147540984,33.715167763425136,2.0,0.33046360309738715,True,False
125,0.0,0.97,1.0,0.0,0.0,2.0,0.5,0.98,1.0,1e-12,0.7541083342642286,-0.0008219598205602141,0.740079365079365,0.7814207650273224,0.8200487754352596,0.12295081967213115,31.765374928913804,0.0,0.3826907512102569,True,False
126,0.0,0.97,1.0,1.0,0.0,1.0,0.5,0.98,1.0,1e-12,0.7487361125884406,0.004550261855227777,0.7400793650793651,0.7827868852459018,0.7368090426912849,0.09016393442622951,26.97213421074011,0.0,0.31793828022947884,False,False
127,0.0,0.97,1.0,0.8,0.4,0.8,0.5,0.98,1.0,1e-12,0.7465399279831082,0.006746446460560218,0.7389455782312925,0.7814207650273224,0.6894843605185317,0.12295081967213115,24.128686327077748,0.0,0.313374673670906,True,False
128,0.0,0.97,-0.0,2.0,0.0,0.0,0.5,0.98,1.0,1e-12,0.7515587888727449,0.0017275855709235621,0.7256235827664399,0.7342896174863389,0.5005656390106631,0.5737704918032787,43.951580144609636,2.0,0.478137079556281,True,False
129,0.0,0.97,-0.0,0.0,0.0,2.0,0.5,0.98,1.0,1e-12,0.7646606332765892,-0.011374258832920758,0.7429138321995465,0.7780054644808744,0.8200487754352596,0.23770491803278687,14.298480786416443,0.0,0.5513548017999865,True,False
130,0.0,0.97,-0.0,1.0,0.0,1.0,0.5,0.98,1.0,1e-12,0.757507209041398,-0.004220834597729595,0.7380952380952381,0.7745901639344263,0.7368090426912849,0.3360655737704918,35.01502965309936,1.0,0.49090495331683903,True,False
131,0.0,0.97,-0.0,0.8,0.4,0.8,0.5,0.98,1.0,1e-12,0.754936504833789,-0.00165013039012063,0.7369614512471656,0.7704918032786885,0.6894843605185317,0.3770491803278688,35.90868470225038,1.0,0.48670014432578773,True,False
132,0.0,0.97,-1.0,2.0,0.0,0.0,0.5,0.98,1.0,1e-12,0.7616065952494883,-0.008320220805819845,0.7049319727891157,0.674863387978142,0.5005656390106631,0.45901639344262296,37.77723616865708,2.5,0.6273949999858627,True,False
133,0.0,0.97,-1.0,0.0,0.0,2.0,0.5,0.98,1.0,1e-12,0.7771996189643793,-0.023913244520710863,0.7446145124716553,0.7670765027322404,0.8200487754352596,0.36885245901639346,6.255585344057194,0.0,0.6779531071242944,True,False
134,0.0,0.97,-1.0,1.0,0.0,1.0,0.5,0.98,1.0,1e-12,0.768934095849232,-0.015647721405563586,0.7332766439909296,0.7459016393442623,0.7368090426912849,0.6475409836065574,20.879031602892194,1.0,0.6583301226168035,True,False
135,0.0,0.97,-1.0,0.8,0.4,0.8,0.5,0.98,1.0,1e-12,0.7642244878344862,-0.010938113390817739,0.7284580498866213,0.7356557377049179,0.6894843605185317,0.6721311475409836,26.728410106426193,1.0,0.6584088171516722,True,False
136,0.0,0.97,-2.0,2.0,0.0,0.0,0.5,0.98,1.0,1e-12,0.7704367547212364,-0.01715038027756799,0.6720521541950113,0.590846994535519,0.5005656390106631,0.32786885245901637,26.89089284263547,3.0,0.7556498109437754,True,False
137,0.0,0.97,-2.0,0.0,0.0,2.0,0.5,0.98,1.0,1e-12,0.7857780141649395,-0.032491639721271115,0.7414965986394558,0.7472677595628415,0.8200487754352596,0.6557377049180327,3.493378828499472,1.0,0.7650695622594035,True,False
138,0.0,0.97,-2.0,1.0,0.0,1.0,0.5,0.98,1.0,1e-12,0.7786146670344871,-0.025328292590818702,0.7191043083900226,0.694672131147541,0.7368090426912849,0.6475409836065574,9.180274595824194,2.0,0.7899786836022104,True,False
139,0.0,0.97,-2.0,0.8,0.4,0.8,0.5,0.98,1.0,1e-12,0.7754330944763481,-0.0221467200326797,0.7089002267573696,0.6734972677595628,0.6894843605185317,0.5327868852459017,11.536274270858721,3.0,0.7952920002734604,True,False
140,0.0,0.97,4.0,4.0,0.0,0.0,0.5,0.98,1.0,1e-12,0.7375942112634204,0.01569216318024802,0.7358276643990929,0.7773224043715847,0.5005656390106631,0.38524590163934425,18.19806645543911,2.0,0.1569359265949724,False,False
141,0.0,0.97,4.0,0.0,0.0,4.0,0.5,0.98,1.0,1e-12,0.7422410383178288,0.011045336125839578,0.7363945578231292,0.7793715846994537,0.8200487754352596,0.0,0.0,,0.11842998684222039,False,False
142,0.0,0.97,4.0,2.0,0.0,2.0,0.5,0.98,1.0,1e-12,0.7373422586305154,0.015944115813153026,0.7361111111111112,0.7793715846994537,0.7368090426912849,0.00819672131147541,6.824274920789666,0.0,0.1033437063030168,False,False
143,0.0,0.97,4.0,1.6,0.8,1.6,0.5,0.98,1.0,1e-12,0.737109989797056,0.01617638464661242,0.7358276643990929,0.7793715846994537,0.6894843605185317,0.00819672131147541,6.49930944837111,0.0,0.10262464894547174,False,False
144,0.0,0.97,2.0,4.0,0.0,0.0,0.5,0.98,1.0,1e-12,0.7412475244405431,0.012038850003125323,0.7329931972789115,0.7629781420765027,0.5005656390106631,0.4672131147540984,33.715167763425136,2.0,0.2959890843189814,False,False
145,0.0,0.97,2.0,0.0,0.0,4.0,0.5,0.98,1.0,1e-12,0.7534003329638139,-0.00011395852014550734,0.7397959183673469,0.778688524590164,0.8200487754352596,0.12295081967213115,31.765374928913804,0.0,0.3925544991984405,True,False
146,0.0,0.97,2.0,2.0,0.0,2.0,0.5,0.98,1.0,1e-12,0.7441843473178421,0.009102027125826306,0.7375283446712018,0.7786885245901639,0.7368090426912849,0.09016393442622951,26.97213421074011,0.0,0.2677279167244028,False,False
147,0.0,0.97,2.0,1.6,0.8,1.6,0.5,0.98,1.0,1e-12,0.7406696080888171,0.012616766354851316,0.7369614512471655,0.7773224043715847,0.6894843605185317,0.12295081967213115,24.128686327077748,0.0,0.2621521335687676,False,False
148,0.0,0.97,-0.0,4.0,0.0,0.0,0.5,0.98,1.0,1e-12,0.7488137483614137,0.004472626082254738,0.7165532879818594,0.7137978142076503,0.5005656390106631,0.5737704918032787,43.951580144609636,2.0,0.4763787475874339,True,False
149,0.0,0.97,-0.0,0.0,0.0,4.0,0.5,0.98,1.0,1e-12,0.7681262440025383,-0.014839869558869845,0.7437641723356009,0.7752732240437158,0.8200487754352596,0.23770491803278687,14.298480786416443,0.0,0.6260603758741249,True,False
150,0.0,0.97,-0.0,2.0,0.0,2.0,0.5,0.98,1.0,1e-12,0.7568248588396294,-0.003538484395960939,0.7344104308390024,0.7684426229508196,0.7368090426912849,0.3360655737704918,35.01502965309936,1.0,0.5027146828612223,True,False
151,0.0,0.97,-0.0,1.6,0.8,1.6,0.5,0.98,1.0,1e-12,0.7510344124555114,0.002251961988157025,0.7324263038548753,0.7629781420765027,0.6894843605185317,0.3770491803278688,35.90868470225038,1.0,0.49031776265867844,True,False
152,0.0,0.97,-2.0,4.0,0.0,0.0,0.5,0.98,1.0,1e-12,0.7610683544835011,-0.007781980039832659,0.6743197278911565,0.6031420765027322,0.5005656390106631,0.45901639344262296,37.77723616865708,2.5,0.6574037790499018,True,False
153,0.0,0.97,-2.0,0.0,0.0,4.0,0.5,0.98,1.0,1e-12,0.7845487095841466,-0.03126233514047816,0.7443310657596371,0.7650273224043717,0.8200487754352596,0.36885245901639346,6.255585344057194,0.0,0.7290065497192731,True,False
154,0.0,0.97,-2.0,2.0,0.0,2.0,0.5,0.98,1.0,1e-12,0.7716981043854837,-0.01841172994181528,0.725907029478458,0.7288251366120218,0.7368090426912849,0.6475409836065574,20.879031602892194,1.0,0.7122489650250973,True,False
155,0.0,0.97,-2.0,1.6,0.8,1.6,0.5,0.98,1.0,1e-12,0.7670754417925881,-0.013789067348919715,0.7174036281179139,0.7137978142076502,0.6894843605185317,0.6721311475409836,26.728410106426193,1.0,0.7103007265685094,True,False
156,0.0,0.97,-4.0,4.0,0.0,0.0,0.5,0.98,1.0,1e-12,0.7728665945022667,-0.019580220058598274,0.6045918367346939,0.46038251366120214,0.5005656390106631,0.32786885245901637,26.89089284263547,3.0,0.8023852676991479,True,False
157,0.0,0.97,-4.0,0.0,0.0,4.0,0.5,0.98,1.0,1e-12,0.7941466780423804,-0.040860303598711956,0.7395124716553289,0.7397540983606558,0.8200487754352596,0.6557377049180327,3.493378828499472,1.0,0.7882427733912933,True,False
158,0.0,0.97,-4.0,2.0,0.0,2.0,0.5,0.98,1.0,1e-12,0.7857913991485626,-0.03250502470489414,0.7023809523809523,0.64275956284153,0.7368090426912849,0.6475409836065574,9.180274595824194,2.0,0.8496621293698066,True,False
159,0.0,0.97,-4.0,1.6,0.8,1.6,0.5,0.98,1.0,1e-12,0.7819875110351557,-0.02870113659148732,0.6777210884353742,0.5887978142076502,0.6894843605185317,0.5327868852459017,11.536274270858721,3.0,0.8623840980829065,True,False
160,0.0,0.99,0.5,0.5,0.0,0.0,0.5,0.98,1.0,1e-12,0.7536204887184258,-0.00033411427475738,0.7423469387755102,0.7759562841530055,0.5005656390106631,0.38524590163934425,18.19806645543911,2.0,0.37935968043769097,True,False
161,0.0,0.99,0.5,0.0,0.0,0.5,0.5,0.98,1.0,1e-12,0.7565144103310191,-0.0032280358873506554,0.7417800453514739,0.7800546448087432,0.8200487754352596,0.0,0.0,,0.38257556190649605,False,False
162,0.0,0.99,0.5,0.25,0.0,0.25,0.5,0.98,1.0,1e-12,0.7555605239917944,-0.002274149548125992,0.7420634920634921,0.7793715846994537,0.7368090426912849,0.00819672131147541,6.824274920789666,0.0,0.3773875935782307,False,False
163,0.0,0.99,0.5,0.2,0.1,0.2,0.5,0.98,1.0,1e-12,0.754577121371487,-0.001290746927818609,0.7426303854875284,0.7793715846994537,0.6894843605185317,0.00819672131147541,6.49930944837111,0.0,0.3768987778519691,False,False
164,0.0,0.99,0.25,0.5,0.0,0.0,0.5,0.98,1.0,1e-12,0.7554558015986947,-0.0021694271550263267,0.7395124716553289,0.7670765027322405,0.5005656390106631,0.4672131147540984,33.715167763425136,2.0,0.4360121746251518,True,False
165,0.0,0.99,0.25,0.0,0.0,0.5,0.5,0.98,1.0,1e-12,0.7583240721126419,-0.00503769766897344,0.7440476190476191,0.7773224043715847,0.8200487754352596,0.12295081967213115,31.765374928913804,0.0,0.439768959839597,True,False
166,0.0,0.99,0.25,0.25,0.0,0.25,0.5,0.98,1.0,1e-12,0.7570675826747615,-0.0037812082310930695,0.743764172335601,0.778688524590164,0.7368090426912849,0.09016393442622951,26.97213421074011,0.0,0.43544247898663563,False,False
167,0.0,0.99,0.25,0.2,0.1,0.2,0.5,0.98,1.0,1e-12,0.7559909215606581,-0.002704547116989642,0.7429138321995464,0.7766393442622951,0.6894843605185317,0.12295081967213115,24.128686327077748,0.0,0.43513150087519664,True,False
168,0.0,0.99,-0.0,0.5,0.0,0.0,0.5,0.98,1.0,1e-12,0.7578406907395362,-0.004554316295867777,0.7355442176870748,0.755464480874317,0.5005656390106631,0.5737704918032787,43.951580144609636,2.0,0.49425760368361965,True,False
169,0.0,0.99,-0.0,0.0,0.0,0.5,0.5,0.98,1.0,1e-12,0.7608677223899963,-0.007581347946327921,0.7451814058956916,0.7793715846994536,0.8200487754352596,0.23770491803278687,14.298480786416443,0.0,0.4981913157415961,True,False
170,0.0,0.99,-0.0,0.25,0.0,0.25,0.5,0.98,1.0,1e-12,0.7589796523471645,-0.005693277903496052,0.7423469387755102,0.7739071038251366,0.7368090426912849,0.3360655737704918,35.01502965309936,1.0,0.49514955938385746,True,False
171,0.0,0.99,-0.0,0.2,0.1,0.2,0.5,0.98,1.0,1e-12,0.7576975118106379,-0.00441113736696952,0.7409297052154195,0.7711748633879781,0.6894843605185317,0.3770491803278688,35.90868470225038,1.0,0.49504816567493015,True,False
172,0.0,0.99,-0.25,0.5,0.0,0.0,0.5,0.98,1.0,1e-12,0.7612575859377546,-0.007971211494086194,0.7324263038548753,0.7452185792349728,0.5005656390106631,0.45901639344262296,37.77723616865708,2.5,0.5525690811244751,True,False
173,0.0,0.99,-0.25,0.0,0.0,0.5,0.5,0.98,1.0,1e-12,0.7661421932894672,-0.012855818845798783,0.7451814058956916,0.7752732240437158,0.8200487754352596,0.36885245901639346,6.255585344057194,0.0,0.5562779429201926,True,False
174,0.0,0.99,-0.25,0.25,0.0,0.25,0.5,0.98,1.0,1e-12,0.7636832930627099,-0.010396918619041462,0.7386621315192744,0.7602459016393442,0.7368090426912849,0.6475409836065574,20.879031602892194,1.0,0.5548388644561102,True,False
175,0.0,0.99,-0.25,0.2,0.1,0.2,0.5,0.98,1.0,1e-12,0.7625140753756351,-0.009227700931966676,0.73781179138322,0.7581967213114754,0.6894843605185317,0.6721311475409836,26.728410106426193,1.0,0.5549593169701212,True,False
176,0.0,0.99,-0.5,0.5,0.0,0.0,0.5,0.98,1.0,1e-12,0.7648609592359848,-0.011574584792316434,0.729875283446712,0.735655737704918,0.5005656390106631,0.32786885245901637,26.89089284263547,3.0,0.6094086715217136,True,False
177,0.0,0.99,-0.5,0.0,0.0,0.5,0.5,0.98,1.0,1e-12,0.769385012123133,-0.016098637679464622,0.7434807256235828,0.7670765027322404,0.8200487754352596,0.6557377049180327,3.493378828499472,1.0,0.6125343262541976,True,False
178,0.0,0.99,-0.5,0.25,0.0,0.25,0.5,0.98,1.0,1e-12,0.7668450146426593,-0.01355864019899089,0.7352607709750567,0.7486338797814208,0.7368090426912849,0.6475409836065574,9.180274595824194,2.0,0.6128447219464425,True,False
179,0.0,0.99,-0.5,0.2,0.1,0.2,0.5,0.98,1.0,1e-12,0.7662525944387103,-0.012966219995041883,0.7352607709750567,0.746584699453552,0.6894843605185317,0.5327868852459017,11.536274270858721,3.0,0.6131767806545768,True,False
180,0.0,0.99,1.0,1.0,0.0,0.0,0.5,0.98,1.0,1e-12,0.7473799609659983,0.005906413477670069,0.7409297052154196,0.7800546448087431,0.5005656390106631,0.38524590163934425,18.19806645543911,2.0,0.2961511318661418,True,False
181,0.0,0.99,1.0,0.0,0.0,1.0,0.5,0.98,1.0,1e-12,0.7531178454761208,0.00016852896754759872,0.7406462585034014,0.7827868852459017,0.8200487754352596,0.0,0.0,,0.3071529051089589,False,False
182,0.0,0.99,1.0,0.5,0.0,0.5,0.5,0.98,1.0,1e-12,0.7503624978116253,0.0029238766320430765,0.7420634920634921,0.7848360655737706,0.7368090426912849,0.00819672131147541,6.824274920789666,0.0,0.286367786989496,False,False
183,0.0,0.99,1.0,0.4,0.2,0.4,0.5,0.98,1.0,1e-12,0.7485287550552635,0.00475761938840491,0.7412131519274376,0.7834699453551913,0.6894843605185317,0.00819672131147541,6.49930944837111,0.0,0.28425956295668736,False,False
184,0.0,0.99,0.5,1.0,0.0,0.0,0.5,0.98,1.0,1e-12,0.7510062202128666,0.0022801542308018563,0.7378117913832201,0.7677595628415301,0.5005656390106631,0.4672131147540984,33.715167763425136,2.0,0.389880728890822,True,False
185,0.0,0.99,0.5,0.0,0.0,1.0,0.5,0.98,1.0,1e-12,0.7573823515935456,-0.004095977149877195,0.7417800453514739,0.7814207650273224,0.8200487754352596,0.12295081967213115,31.765374928913804,0.0,0.4083470065079837,True,False
186,0.0,0.99,0.5,0.5,0.0,0.5,0.5,0.98,1.0,1e-12,0.7544511450550345,-0.001164770611366106,0.7409297052154195,0.7800546448087432,0.7368090426912849,0.09016393442622951,26.97213421074011,0.0,0.3866019832993664,False,False
187,0.0,0.99,0.5,0.4,0.2,0.4,0.5,0.98,1.0,1e-12,0.7524560667206704,0.0008303077229979694,0.7412131519274378,0.7800546448087432,0.6894843605185317,0.12295081967213115,24.128686327077748,0.0,0.384952158516553,True,False
188,0.0,0.99,-0.0,1.0,0.0,0.0,0.5,0.98,1.0,1e-12,0.7550503153301131,-0.0017639408864447148,0.7327097505668935,0.7493169398907106,0.5005656390106631,0.5737704918032787,43.951580144609636,2.0,0.49184701063884007,True,False
189,0.0,0.99,-0.0,0.0,0.0,1.0,0.5,0.98,1.0,1e-12,0.7635413502807398,-0.010254975837071356,0.743764172335601,0.7780054644808744,0.8200487754352596,0.23770491803278687,14.298480786416443,0.0,0.5132993114925735,True,False
190,0.0,0.99,-0.0,0.5,0.0,0.5,0.5,0.98,1.0,1e-12,0.758576764543911,-0.00529039010024257,0.7409297052154195,0.7739071038251366,0.7368090426912849,0.3360655737704918,35.01502965309936,1.0,0.4960965782359885,True,False
191,0.0,0.99,-0.0,0.4,0.2,0.4,0.5,0.98,1.0,1e-12,0.7572575468869739,-0.003971172443305471,0.7395124716553289,0.7691256830601092,0.6894843605185317,0.3770491803278688,35.90868470225038,1.0,0.4953297649202094,True,False
192,0.0,0.99,-0.5,1.0,0.0,0.0,0.5,0.98,1.0,1e-12,0.7612152813165077,-0.007928906872839314,0.7227891156462585,0.7199453551912569,0.5005656390106631,0.45901639344262296,37.77723616865708,2.5,0.5944141207805956,True,False
193,0.0,0.99,-0.5,0.0,0.0,1.0,0.5,0.98,1.0,1e-12,0.7710361848219299,-0.01774981037826151,0.7448979591836735,0.7698087431693988,0.8200487754352596,0.36885245901639346,6.255585344057194,0.0,0.6127424056836995,True,False
194,0.0,0.99,-0.5,0.5,0.0,0.5,0.5,0.98,1.0,1e-12,0.7662079993389825,-0.012921624895314121,0.7380952380952381,0.7568306010928961,0.7368090426912849,0.6475409836065574,20.879031602892194,1.0,0.6051520257841354,True,False
195,0.0,0.99,-0.5,0.4,0.2,0.4,0.5,0.98,1.0,1e-12,0.7641753880488524,-0.010889013605184017,0.7349773242630386,0.75,0.6894843605185317,0.6721311475409836,26.728410106426193,1.0,0.6055823882961006,True,False
196,0.0,0.99,-1.0,1.0,0.0,0.0,0.5,0.98,1.0,1e-12,0.7661912285380537,-0.012904854094385243,0.7103174603174602,0.6844262295081968,0.5005656390106631,0.32786885245901637,26.89089284263547,3.0,0.6897672741861726,True,False
197,0.0,0.99,-1.0,0.0,0.0,1.0,0.5,0.98,1.0,1e-12,0.7774336819277552,-0.024147307484086777,0.7440476190476191,0.7595628415300547,0.8200487754352596,0.6557377049180327,3.493378828499472,1.0,0.700457210385584,True,False
198,0.0,0.99,-1.0,0.5,0.0,0.5,0.5,0.98,1.0,1e-12,0.7718372579936068,-0.01855088354993839,0.7310090702947847,0.7308743169398908,0.7368090426912849,0.6475409836065574,9.180274595824194,2.0,0.7043885157387993,True,False
199,0.0,0.99,-1.0,0.4,0.2,0.4,0.5,0.98,1.0,1e-12,0.7693637536197317,-0.016077379176063333,0.7256235827664399,0.7219945355191256,0.6894843605185317,0.5327868852459017,11.536274270858721,3.0,0.7059888929229473,True,False
200,0.0,0.99,2.0,2.0,0.0,0.0,0.5,0.98,1.0,1e-12,0.7409955718076381,0.012290802636030329,0.7380952380952381,0.7786885245901639,0.5005656390106631,0.38524590163934425,18.19806645543911,2.0,0.21120547032326553,False,False
201,0.0,0.99,2.0,0.0,0.0,2.0,0.5,0.98,1.0,1e-12,0.7486046248081435,0.004681749635524923,0.7380952380952381,0.7800546448087432,0.8200487754352596,0.0,0.0,,0.21855335279683272,False,False
202,0.0,0.99,2.0,1.0,0.0,1.0,0.5,0.98,1.0,1e-12,0.7430162484993673,0.0102701259443011,0.7372448979591837,0.7793715846994537,0.7368090426912849,0.00819672131147541,6.824274920789666,0.0,0.1812384654364797,False,False
203,0.0,0.99,2.0,0.8,0.4,0.8,0.5,0.98,1.0,1e-12,0.7409562042087466,0.012330170234921778,0.73781179138322,0.7807377049180327,0.6894843605185317,0.00819672131147541,6.49930944837111,0.0,0.17767964507072256,False,False
204,0.0,0.99,1.0,2.0,0.0,0.0,0.5,0.98,1.0,1e-12,0.7449444213594061,0.008341953084262332,0.7358276643990929,0.7670765027322405,0.5005656390106631,0.4672131147540984,33.715167763425136,2.0,0.33727728563547754,True,False
205,0.0,0.99,1.0,0.0,0.0,2.0,0.5,0.98,1.0,1e-12,0.7545264181644554,-0.0012400437207870096,0.7397959183673469,0.7814207650273224,0.8200487754352596,0.12295081967213115,31.765374928913804,0.0,0.3905812821630457,True,False
206,0.0,0.99,1.0,1.0,0.0,1.0,0.5,0.98,1.0,1e-12,0.7486298200714339,0.004656554372234556,0.7400793650793651,0.7827868852459018,0.7368090426912849,0.09016393442622951,26.97213421074011,0.0,0.32449370868781857,False,False
207,0.0,0.99,1.0,0.8,0.4,0.8,0.5,0.98,1.0,1e-12,0.7470784767359427,0.006207897707725674,0.7392290249433107,0.7807377049180327,0.6894843605185317,0.12295081967213115,24.128686327077748,0.0,0.3198360071486566,True,False
208,0.0,0.99,-0.0,2.0,0.0,0.0,0.5,0.98,1.0,1e-12,0.7516703088905881,0.0016160655530803592,0.7253401360544217,0.7329234972677596,0.5005656390106631,0.5737704918032787,43.951580144609636,2.0,0.4879955760419776,True,False
209,0.0,0.99,-0.0,0.0,0.0,2.0,0.5,0.98,1.0,1e-12,0.765548050533054,-0.012261676089385554,0.7434807256235828,0.7780054644808744,0.8200487754352596,0.23770491803278687,14.298480786416443,0.0,0.5627229420432852,True,False
210,0.0,0.99,-0.0,1.0,0.0,1.0,0.5,0.98,1.0,1e-12,0.7578260865924183,-0.00453971214874993,0.7375283446712018,0.7725409836065572,0.7368090426912849,0.3360655737704918,35.01502965309936,1.0,0.5010267049316193,True,False
211,0.0,0.99,-0.0,0.8,0.4,0.8,0.5,0.98,1.0,1e-12,0.7557868449698434,-0.0025004705261749693,0.7366780045351473,0.7691256830601092,0.6894843605185317,0.3770491803278688,35.90868470225038,1.0,0.4967351988479689,True,False
212,0.0,0.99,-1.0,2.0,0.0,0.0,0.5,0.98,1.0,1e-12,0.7616932039670494,-0.00840682952338101,0.6995464852607709,0.663934426229508,0.5005656390106631,0.45901639344262296,37.77723616865708,2.5,0.6403309793670143,True,False
213,0.0,0.99,-1.0,0.0,0.0,2.0,0.5,0.98,1.0,1e-12,0.7768376969937479,-0.023551322550079523,0.7448979591836735,0.7650273224043717,0.8200487754352596,0.36885245901639346,6.255585344057194,0.0,0.6919315217041769,True,False
214,0.0,0.99,-1.0,1.0,0.0,1.0,0.5,0.98,1.0,1e-12,0.769465558434266,-0.01617918399059759,0.7321428571428571,0.7431693989071039,0.7368090426912849,0.6475409836065574,20.879031602892194,1.0,0.6719039395779743,True,False
215,0.0,0.99,-1.0,0.8,0.4,0.8,0.5,0.98,1.0,1e-12,0.765613376723375,-0.012327002279706623,0.725907029478458,0.7295081967213115,0.6894843605185317,0.6721311475409836,26.728410106426193,1.0,0.6719842566805726,True,False
216,0.0,0.99,-2.0,2.0,0.0,0.0,0.5,0.98,1.0,1e-12,0.7707411759736474,-0.017454801529979025,0.6539115646258503,0.5525956284153005,0.5005656390106631,0.32786885245901637,26.89089284263547,3.0,0.771230219416843,True,False
217,0.0,0.99,-2.0,0.0,0.0,2.0,0.5,0.98,1.0,1e-12,0.7883970783598182,-0.03511070391614979,0.7412131519274378,0.7438524590163934,0.8200487754352596,0.6557377049180327,3.493378828499472,1.0,0.7808441924090821,True,False
218,0.0,0.99,-2.0,1.0,0.0,1.0,0.5,0.98,1.0,1e-12,0.7793527473543344,-0.026066372910665936,0.717687074829932,0.6892076502732241,0.7368090426912849,0.6475409836065574,9.180274595824194,2.0,0.8062669038826682,True,False
219,0.0,0.99,-2.0,0.8,0.4,0.8,0.5,0.98,1.0,1e-12,0.7764164970966555,-0.023130122652987084,0.7043650793650794,0.6598360655737705,0.6894843605185317,0.5327868852459017,11.536274270858721,3.0,0.8116897734749753,True,False
220,0.0,0.99,4.0,4.0,0.0,0.0,0.5,0.98,1.0,1e-12,0.7375942112634204,0.01569216318024802,0.7358276643990929,0.7773224043715847,0.5005656390106631,0.38524590163934425,18.19806645543911,2.0,0.16017171889589968,False,False
221,0.0,0.99,4.0,0.0,0.0,4.0,0.5,0.98,1.0,1e-12,0.7423402446670352,0.010946129776633229,0.7363945578231292,0.7793715846994537,0.8200487754352596,0.0,0.0,,0.12087184224102904,False,False
222,0.0,0.99,4.0,2.0,0.0,2.0,0.5,0.98,1.0,1e-12,0.7373422586305154,0.015944115813153026,0.7361111111111112,0.7793715846994537,0.7368090426912849,0.00819672131147541,6.824274920789666,0.0,0.10547450437112023,False,False
223,0.0,0.99,4.0,1.6,0.8,1.6,0.5,0.98,1.0,1e-12,0.737109989797056,0.01617638464661242,0.7358276643990929,0.7793715846994537,0.6894843605185317,0.00819672131147541,6.49930944837111,0.0,0.10474062108867738,False,False
224,0.0,0.99,2.0,4.0,0.0,0.0,0.5,0.98,1.0,1e-12,0.7418852795425839,0.01140109490108454,0.7324263038548752,0.7602459016393442,0.5005656390106631,0.4672131147540984,33.715167763425136,2.0,0.30209195203689854,False,False
225,0.0,0.99,2.0,0.0,0.0,4.0,0.5,0.98,1.0,1e-12,0.7539388817166485,-0.0006525072729800518,0.7397959183673469,0.778688524590164,0.8200487754352596,0.12295081967213115,31.765374928913804,0.0,0.4006484063984084,True,False
226,0.0,0.99,2.0,2.0,0.0,2.0,0.5,0.98,1.0,1e-12,0.744290639834849,0.008995734608819417,0.7375283446712018,0.7786885245901639,0.7368090426912849,0.09016393442622951,26.97213421074011,0.0,0.2732480799558338,False,False
227,0.0,0.99,2.0,1.6,0.8,1.6,0.5,0.98,1.0,1e-12,0.7408821931228308,0.012404181320837648,0.7369614512471655,0.7773224043715847,0.6894843605185317,0.12295081967213115,24.128686327077748,0.0,0.2675573321990515,False,False
228,0.0,0.99,-0.0,4.0,0.0,0.0,0.5,0.98,1.0,1e-12,0.7494515034634546,0.0038348709802138448,0.7114512471655328,0.7049180327868853,0.5005656390106631,0.5737704918032787,43.951580144609636,2.0,0.4862009898057315,True,False
229,0.0,0.99,-0.0,0.0,0.0,4.0,0.5,0.98,1.0,1e-12,0.7688817176433502,-0.01559534319968181,0.7440476190476191,0.7752732240437158,0.8200487754352596,0.23770491803278687,14.298480786416443,0.0,0.6389688372323544,True,False
230,0.0,0.99,-0.0,2.0,0.0,2.0,0.5,0.98,1.0,1e-12,0.7575741339595133,-0.004287759515844924,0.7344104308390023,0.7677595628415301,0.7368090426912849,0.3360655737704918,35.01502965309936,1.0,0.5130799340542372,True,False
231,0.0,0.99,-0.0,1.6,0.8,1.6,0.5,0.98,1.0,1e-12,0.7516721675575522,0.0016142068861162429,0.7310090702947847,0.7602459016393442,0.6894843605185317,0.3770491803278688,35.90868470225038,1.0,0.5004274072495791,True,False
232,0.0,0.99,-2.0,4.0,0.0,0.0,0.5,0.98,1.0,1e-12,0.7619042383209461,-0.008617863877277698,0.657312925170068,0.5792349726775956,0.5005656390106631,0.45901639344262296,37.77723616865708,2.5,0.6709584961437142,True,False
233,0.0,0.99,-2.0,0.0,0.0,4.0,0.5,0.98,1.0,1e-12,0.7869776188582939,-0.033691244414625454,0.7440476190476191,0.764344262295082,0.8200487754352596,0.36885245901639346,6.255585344057194,0.0,0.7440376126000828,True,False
234,0.0,0.99,-2.0,2.0,0.0,2.0,0.5,0.98,1.0,1e-12,0.7729539307901196,-0.01966755634645123,0.7247732426303855,0.7254098360655736,0.7368090426912849,0.6475409836065574,20.879031602892194,1.0,0.7269345106957179,True,False
235,0.0,0.99,-2.0,1.6,0.8,1.6,0.5,0.98,1.0,1e-12,0.7681520834629014,-0.014865709019233009,0.7148526077097507,0.7056010928961749,0.6894843605185317,0.6721311475409836,26.728410106426193,1.0,0.7249461023740456,True,False
236,0.0,0.99,-4.0,4.0,0.0,0.0,0.5,0.98,1.0,1e-12,0.772706478087759,-0.019420103644090636,0.5651927437641723,0.42076502732240434,0.5005656390106631,0.32786885245901637,26.89089284263547,3.0,0.8189292938372746,True,False
237,0.0,0.99,-4.0,0.0,0.0,4.0,0.5,0.98,1.0,1e-12,0.7969764686043087,-0.04369009416064029,0.7395124716553289,0.7383879781420766,0.8200487754352596,0.6557377049180327,3.493378828499472,1.0,0.8044952017086396,True,False
238,0.0,0.99,-4.0,2.0,0.0,2.0,0.5,0.98,1.0,1e-12,0.7885716821371789,-0.03528530769351046,0.6955782312925171,0.6284153005464481,0.7368090426912849,0.6475409836065574,9.180274595824194,2.0,0.8671809361609367,True,False
239,0.0,0.99,-4.0,1.6,0.8,1.6,0.5,0.98,1.0,1e-12,0.7831244472911396,-0.029838072847471198,0.667233560090703,0.5662568306010929,0.6894843605185317,0.5327868852459017,11.536274270858721,3.0,0.8801652135072965,True,False
240,0.25,0.93,0.5,0.5,0.0,0.0,0.5,0.98,1.0,1e-12,0.7589060970966042,-0.005619722652935755,0.7355442176870748,0.7568306010928962,0.5005656390106631,0.38524590163934425,18.19806645543911,2.0,0.5105702855531615,True,False
241,0.25,0.93,0.5,0.0,0.0,0.5,0.5,0.98,1.0,1e-12,0.760987068374004,-0.007700693930335567,0.743764172335601,0.7766393442622951,0.8200487754352596,0.0,0.0,,0.512779173834765,False,False
242,0.25,0.93,0.5,0.25,0.0,0.25,0.5,0.98,1.0,1e-12,0.7599236873685804,-0.006637312924911987,0.7420634920634921,0.7704918032786885,0.7368090426912849,0.00819672131147541,6.824274920789666,0.0,0.509215720841613,False,False
243,0.25,0.93,0.5,0.2,0.1,0.2,0.5,0.98,1.0,1e-12,0.7585103189909262,-0.0052239445472578305,0.7406462585034014,0.7677595628415301,0.6894843605185317,0.00819672131147541,6.49930944837111,0.0,0.508879968625595,False,False
244,0.25,0.93,0.25,0.5,0.0,0.0,0.5,0.98,1.0,1e-12,0.7618621479379933,-0.008575773494324923,0.7349773242630386,0.7513661202185794,0.5005656390106631,0.4672131147540984,33.715167763425136,2.0,0.5494831098435385,True,False
245,0.25,0.93,0.25,0.0,0.0,0.5,0.5,0.98,1.0,1e-12,0.7645407193665648,-0.011254344922896342,0.7437641723356009,0.7718579234972678,0.8200487754352596,0.12295081967213115,31.765374928913804,0.0,0.5520635279706323,True,False
246,0.25,0.93,0.25,0.25,0.0,0.25,0.5,0.98,1.0,1e-12,0.7629392454436623,-0.009652870999993901,0.7392290249433106,0.7622950819672131,0.7368090426912849,0.09016393442622951,26.97213421074011,0.0,0.5490918037483962,False,False
247,0.25,0.93,0.25,0.2,0.1,0.2,0.5,0.98,1.0,1e-12,0.7621951978246146,-0.00890882338094623,0.737528344671202,0.7575136612021857,0.6894843605185317,0.12295081967213115,24.128686327077748,0.0,0.5488782026213472,True,False
248,0.25,0.93,-0.0,0.5,0.0,0.0,0.5,0.98,1.0,1e-12,0.7639011055975599,-0.010614731153891444,0.7349773242630386,0.7459016393442623,0.5005656390106631,0.5737704918032787,43.951580144609636,2.0,0.5894900712170317,True,False
249,0.25,0.93,-0.0,0.0,0.0,0.5,0.5,0.98,1.0,1e-12,0.7674898559125007,-0.014203481468832324,0.7420634920634921,0.7650273224043715,0.8200487754352596,0.23770491803278687,14.298480786416443,0.0,0.5921920148528135,True,False
250,0.25,0.93,-0.0,0.25,0.0,0.25,0.5,0.98,1.0,1e-12,0.7658345105384836,-0.012548136094815199,0.7369614512471656,0.7513661202185794,0.7368090426912849,0.3360655737704918,35.01502965309936,1.0,0.5901027276575991,True,False
251,0.25,0.93,-0.0,0.2,0.1,0.2,0.5,0.98,1.0,1e-12,0.7648707917176218,-0.011584417273953429,0.7355442176870748,0.7486338797814208,0.6894843605185317,0.3770491803278688,35.90868470225038,1.0,0.5900330834938915,True,False
252,0.25,0.93,-0.25,0.5,0.0,0.0,0.5,0.98,1.0,1e-12,0.7662198571722638,-0.012933482728595402,0.7304421768707483,0.7315573770491803,0.5005656390106631,0.45901639344262296,37.77723616865708,2.5,0.6295423991562051,True,False
253,0.25,0.93,-0.25,0.0,0.0,0.5,0.5,0.98,1.0,1e-12,0.7700227672251739,-0.016736392781505516,0.7403628117913832,0.7540983606557377,0.8200487754352596,0.36885245901639346,6.255585344057194,0.0,0.632089900187607,True,False
254,0.25,0.93,-0.25,0.25,0.0,0.25,0.5,0.98,1.0,1e-12,0.767675670979268,-0.014389296535599616,0.7341269841269842,0.7418032786885246,0.7368090426912849,0.6475409836065574,20.879031602892194,1.0,0.6311014422526818,True,False
255,0.25,0.93,-0.25,0.2,0.1,0.2,0.5,0.98,1.0,1e-12,0.7672701847106865,-0.013983810267018115,0.7324263038548753,0.7383879781420766,0.6894843605185317,0.6721311475409836,26.728410106426193,1.0,0.6311841773128106,True,False
256,0.25,0.93,-0.5,0.5,0.0,0.0,0.5,0.98,1.0,1e-12,0.7681191220151325,-0.014832747571464133,0.7264739229024942,0.7192622950819673,0.5005656390106631,0.32786885245901637,26.89089284263547,3.0,0.6685837339745104,True,False
257,0.25,0.93,-0.5,0.0,0.0,0.5,0.5,0.98,1.0,1e-12,0.7726547440789501,-0.019368369635281657,0.7380952380952381,0.7438524590163934,0.8200487754352596,0.6557377049180327,3.493378828499472,1.0,0.6707306483362167,True,False
258,0.25,0.93,-0.5,0.25,0.0,0.25,0.5,0.98,1.0,1e-12,0.7695515752019717,-0.01626520075830329,0.7321428571428571,0.7315573770491803,0.7368090426912849,0.6475409836065574,9.180274595824194,2.0,0.6709438494177585,True,False
259,0.25,0.93,-0.5,0.2,0.1,0.2,0.5,0.98,1.0,1e-12,0.7686004540127552,-0.015314079569086814,0.7301587301587301,0.7281420765027322,0.6894843605185317,0.5327868852459017,11.536274270858721,3.0,0.671171930146578,True,False
260,0.25,0.93,1.0,1.0,0.0,0.0,0.5,0.98,1.0,1e-12,0.7563258255341948,-0.0030394510905263905,0.7383786848072562,0.7650273224043715,0.5005656390106631,0.38524590163934425,18.19806645543911,2.0,0.4534169390595722,True,False
261,0.25,0.93,1.0,0.0,0.0,1.0,0.5,0.98,1.0,1e-12,0.7585497106136564,-0.0052633361699879755,0.7448979591836735,0.7800546448087432,0.8200487754352596,0.0,0.0,,0.46097371260009296,False,False
262,0.25,0.93,1.0,0.5,0.0,0.5,0.5,0.98,1.0,1e-12,0.7573864602257819,-0.004100085782113516,0.7443310657596373,0.7800546448087432,0.7368090426912849,0.00819672131147541,6.824274920789666,0.0,0.44669706581096696,False,False
263,0.25,0.93,1.0,0.4,0.2,0.4,0.5,0.98,1.0,1e-12,0.7562035065946716,-0.002917132151003199,0.7429138321995465,0.7766393442622951,0.6894843605185317,0.00819672131147541,6.49930944837111,0.0,0.44524899273792673,False,False
264,0.25,0.93,0.5,1.0,0.0,0.0,0.5,0.98,1.0,1e-12,0.758696258376427,-0.005409883932758541,0.7335600907029479,0.7506830601092896,0.5005656390106631,0.4672131147540984,33.715167763425136,2.0,0.5177968642886454,True,False
265,0.25,0.93,0.5,0.0,0.0,1.0,0.5,0.98,1.0,1e-12,0.7626943789785577,-0.009408004534889325,0.7457482993197279,0.7773224043715846,0.8200487754352596,0.12295081967213115,31.765374928913804,0.0,0.530480772146898,True,False
266,0.25,0.93,0.5,0.5,0.0,0.5,0.5,0.98,1.0,1e-12,0.7600622613166782,-0.006775886873009784,0.7414965986394558,0.7718579234972678,0.7368090426912849,0.09016393442622951,26.97213421074011,0.0,0.5155447966096658,False,False
267,0.25,0.93,0.5,0.4,0.2,0.4,0.5,0.98,1.0,1e-12,0.7586738282631449,-0.005387453819476473,0.7400793650793651,0.7670765027322404,0.6894843605185317,0.12295081967213115,24.128686327077748,0.0,0.5144115836275314,True,False
268,0.25,0.93,-0.0,1.0,0.0,0.0,0.5,0.98,1.0,1e-12,0.7629582662098635,-0.009671891766195095,0.7293083900226758,0.7356557377049181,0.5005656390106631,0.5737704918032787,43.951580144609636,2.0,0.5878343103377892,True,False
269,0.25,0.93,-0.0,0.0,0.0,1.0,0.5,0.98,1.0,1e-12,0.7686366246501215,-0.015350250206453087,0.7454648526077098,0.7725409836065574,0.8200487754352596,0.23770491803278687,14.298480786416443,0.0,0.6025692240555051,True,False
270,0.25,0.93,-0.0,0.5,0.0,0.5,0.5,0.98,1.0,1e-12,0.764932489134901,-0.011646114691232556,0.7380952380952381,0.7588797814207651,0.7368090426912849,0.3360655737704918,35.01502965309936,1.0,0.5907532052530022,True,False
271,0.25,0.93,-0.0,0.4,0.2,0.4,0.5,0.98,1.0,1e-12,0.7645191769001549,-0.011232802456486501,0.7355442176870748,0.7520491803278688,0.6894843605185317,0.3770491803278688,35.90868470225038,1.0,0.5902265051977196,True,False
272,0.25,0.93,-0.5,1.0,0.0,0.0,0.5,0.98,1.0,1e-12,0.7660797085202103,-0.012793334076541929,0.7219387755102041,0.7103825136612022,0.5005656390106631,0.45901639344262296,37.77723616865708,2.5,0.6582844465967728,True,False
273,0.25,0.93,-0.5,0.0,0.0,1.0,0.5,0.98,1.0,1e-12,0.7727956325293674,-0.019509258085699033,0.7420634920634921,0.758879781420765,0.8200487754352596,0.36885245901639346,6.255585344057194,0.0,0.670873571580723,True,False
274,0.25,0.93,-0.5,0.5,0.0,0.5,0.5,0.98,1.0,1e-12,0.7688055210674515,-0.015519146623783064,0.7329931972789115,0.7383879781420766,0.7368090426912849,0.6475409836065574,20.879031602892194,1.0,0.6656599773062749,True,False
275,0.25,0.93,-0.5,0.4,0.2,0.4,0.5,0.98,1.0,1e-12,0.7678953421810821,-0.014608967737413714,0.7310090702947847,0.7363387978142077,0.6894843605185317,0.6721311475409836,26.728410106426193,1.0,0.665955579839746,True,False
276,0.25,0.93,-1.0,1.0,0.0,0.0,0.5,0.98,1.0,1e-12,0.7700394734890554,-0.01675309904538702,0.7128684807256235,0.6823770491803278,0.5005656390106631,0.32786885245901637,26.89089284263547,3.0,0.7237795418652498,True,False
277,0.25,0.93,-1.0,0.0,0.0,1.0,0.5,0.98,1.0,1e-12,0.7785389117190702,-0.025252537275401776,0.7406462585034014,0.7431693989071039,0.8200487754352596,0.6557377049180327,3.493378828499472,1.0,0.7311221243052498,True,False
278,0.25,0.93,-1.0,0.5,0.0,0.5,0.5,0.98,1.0,1e-12,0.7746695062127599,-0.021383131769091457,0.7287414965986394,0.7151639344262294,0.7368090426912849,0.6475409836065574,9.180274595824194,2.0,0.7338224148508925,True,False
279,0.25,0.93,-1.0,0.4,0.2,0.4,0.5,0.98,1.0,1e-12,0.7726946842974617,-0.01940830985379327,0.7236394557823129,0.706967213114754,0.6894843605185317,0.5327868852459017,11.536274270858721,3.0,0.734921663825863,True,False
280,0.25,0.93,2.0,2.0,0.0,0.0,0.5,0.98,1.0,1e-12,0.753763858355843,-0.0004774839121746144,0.7395124716553289,0.7704918032786885,0.5005656390106631,0.38524590163934425,18.19806645543911,2.0,0.3950704240604248,True,False
281,0.25,0.93,2.0,0.0,0.0,2.0,0.5,0.98,1.0,1e-12,0.7558766552289782,-0.002590280785309762,0.7434807256235827,0.7807377049180327,0.8200487754352596,0.0,0.0,,0.40011745444630936,False,False
282,0.25,0.93,2.0,1.0,0.0,1.0,0.5,0.98,1.0,1e-12,0.7539393662694461,-0.0006529918257777156,0.7429138321995464,0.7807377049180328,0.7368090426912849,0.00819672131147541,6.824274920789666,0.0,0.3744870267644507,False,False
283,0.25,0.93,2.0,0.8,0.4,0.8,0.5,0.98,1.0,1e-12,0.7534252970053769,-0.0001389225617084433,0.7434807256235827,0.7814207650273224,0.6894843605185317,0.00819672131147541,6.49930944837111,0.0,0.37204258449302163,False,False
284,0.25,0.93,1.0,2.0,0.0,0.0,0.5,0.98,1.0,1e-12,0.7563402818328041,-0.0030539073891356905,0.7352607709750567,0.7547814207650274,0.5005656390106631,0.4672131147540984,33.715167763425136,2.0,0.4816652062950756,True,False
285,0.25,0.93,1.0,0.0,0.0,2.0,0.5,0.98,1.0,1e-12,0.7617128350252144,-0.008426460581545947,0.7443310657596373,0.7800546448087432,0.8200487754352596,0.12295081967213115,31.765374928913804,0.0,0.5182780523948193,True,False
286,0.25,0.93,1.0,1.0,0.0,1.0,0.5,0.98,1.0,1e-12,0.7574969018882337,-0.004210527444565293,0.7423469387755102,0.7766393442622951,0.7368090426912849,0.09016393442622951,26.97213421074011,0.0,0.4728845675835522,False,False
287,0.25,0.93,1.0,0.8,0.4,0.8,0.5,0.98,1.0,1e-12,0.7566250192857695,-0.003338644842101113,0.7414965986394558,0.7759562841530055,0.6894843605185317,0.12295081967213115,24.128686327077748,0.0,0.46968533824352177,True,False
288,0.25,0.93,-0.0,2.0,0.0,0.0,0.5,0.98,1.0,1e-12,0.7609213150657694,-0.007634940622101016,0.7239229024943311,0.7233606557377049,0.5005656390106631,0.5737704918032787,43.951580144609636,2.0,0.5851888805136816,True,False
289,0.25,0.93,-0.0,0.0,0.0,2.0,0.5,0.98,1.0,1e-12,0.7704055158876895,-0.017119141444021047,0.7471655328798186,0.7739071038251365,0.8200487754352596,0.23770491803278687,14.298480786416443,0.0,0.6365167682721555,True,False
290,0.25,0.93,-0.0,1.0,0.0,1.0,0.5,0.98,1.0,1e-12,0.7638439128661868,-0.010557538422518387,0.7397959183673469,0.7616120218579235,0.7368090426912849,0.3360655737704918,35.01502965309936,1.0,0.5941395549025263,True,False
291,0.25,0.93,-0.0,0.8,0.4,0.8,0.5,0.98,1.0,1e-12,0.7620948726068082,-0.008808498163139777,0.7363945578231292,0.7575136612021857,0.6894843605185317,0.3770491803278688,35.90868470225038,1.0,0.5911918537541605,True,False
292,0.25,0.93,-1.0,2.0,0.0,0.0,0.5,0.98,1.0,1e-12,0.7672007380923627,-0.01391436364869425,0.7069160997732427,0.6741803278688523,0.5005656390106631,0.45901639344262296,37.77723616865708,2.5,0.6898232989591614,True,False
293,0.25,0.93,-1.0,0.0,0.0,2.0,0.5,0.98,1.0,1e-12,0.7789036680703604,-0.02561729362669196,0.7443310657596371,0.7602459016393444,0.8200487754352596,0.36885245901639346,6.255585344057194,0.0,0.7252660957160002,True,False
294,0.25,0.93,-1.0,1.0,0.0,1.0,0.5,0.98,1.0,1e-12,0.772929742304768,-0.019643367861099548,0.731859410430839,0.7336065573770493,0.7368090426912849,0.6475409836065574,20.879031602892194,1.0,0.7115097766798208,True,False
295,0.25,0.93,-1.0,0.8,0.4,0.8,0.5,0.98,1.0,1e-12,0.769695684637753,-0.016409310194084537,0.7242063492063493,0.721311475409836,0.6894843605185317,0.6721311475409836,26.728410106426193,1.0,0.7115649439826155,True,False
296,0.25,0.93,-2.0,2.0,0.0,0.0,0.5,0.98,1.0,1e-12,0.7729865794956801,-0.019700205052011643,0.6828231292517006,0.6079234972677596,0.5005656390106631,0.32786885245901637,26.89089284263547,3.0,0.7797338880842963,True,False
297,0.25,0.93,-2.0,0.0,0.0,2.0,0.5,0.98,1.0,1e-12,0.7848584586322888,-0.03157208418862034,0.7386621315192744,0.7349726775956285,0.8200487754352596,0.6557377049180327,3.493378828499472,1.0,0.7863374250890666,True,False
298,0.25,0.93,-2.0,1.0,0.0,1.0,0.5,0.98,1.0,1e-12,0.7802453921116356,-0.026959017667967156,0.719954648526077,0.6864754098360655,0.7368090426912849,0.6475409836065574,9.180274595824194,2.0,0.8037994895355702,True,False
299,0.25,0.93,-2.0,0.8,0.4,0.8,0.5,0.98,1.0,1e-12,0.7774486703327761,-0.024162295889107677,0.7089002267573696,0.6639344262295082,0.6894843605185317,0.5327868852459017,11.536274270858721,3.0,0.8075242888514981,True,False
300,0.25,0.93,4.0,4.0,0.0,0.0,0.5,0.98,1.0,1e-12,0.7524686643523156,0.0008177100913527857,0.7392290249433107,0.7691256830601092,0.5005656390106631,0.38524590163934425,18.19806645543911,2.0,0.3600169382315271,True,False
301,0.25,0.93,4.0,0.0,0.0,4.0,0.5,0.98,1.0,1e-12,0.7533434839771352,-5.71095334668259e-05,0.743764172335601,0.782103825136612,0.8200487754352596,0.0,0.0,,0.3330230835594948,False,False
302,0.25,0.93,4.0,2.0,0.0,2.0,0.5,0.98,1.0,1e-12,0.7520434942842884,0.001242880159380011,0.743764172335601,0.782103825136612,0.7368090426912849,0.00819672131147541,6.824274920789666,0.0,0.32244713431551697,False,False
303,0.25,0.93,4.0,1.6,0.8,1.6,0.5,0.98,1.0,1e-12,0.7518309092502748,0.001455465193393568,0.7434807256235828,0.7814207650273224,0.6894843605185317,0.00819672131147541,6.49930944837111,0.0,0.3219430528689905,False,False
304,0.25,0.93,2.0,4.0,0.0,0.0,0.5,0.98,1.0,1e-12,0.7538788071645575,-0.0005924327208890467,0.733843537414966,0.7527322404371586,0.5005656390106631,0.4672131147540984,33.715167763425136,2.0,0.45749750240918285,True,False
305,0.25,0.93,2.0,0.0,0.0,4.0,0.5,0.98,1.0,1e-12,0.7599349467056645,-0.006648572261996111,0.7448979591836735,0.7800546448087432,0.8200487754352596,0.12295081967213115,31.765374928913804,0.0,0.5251928447989067,True,False
306,0.25,0.93,2.0,2.0,0.0,2.0,0.5,0.98,1.0,1e-12,0.7547042360003297,-0.0014178615566612374,0.7423469387755102,0.7766393442622952,0.7368090426912849,0.09016393442622951,26.97213421074011,0.0,0.4376855498686535,False,False
307,0.25,0.93,2.0,1.6,0.8,1.6,0.5,0.98,1.0,1e-12,0.7538556945742405,-0.000569320130572093,0.7412131519274378,0.7745901639344264,0.6894843605185317,0.12295081967213115,24.128686327077748,0.0,0.43377675342965155,True,False
308,0.25,0.93,-0.0,4.0,0.0,0.0,0.5,0.98,1.0,1e-12,0.7600638887619146,-0.006777514318246136,0.7165532879818594,0.7042349726775956,0.5005656390106631,0.5737704918032787,43.951580144609636,2.0,0.5839562354221186,True,False
309,0.25,0.93,-0.0,0.0,0.0,4.0,0.5,0.98,1.0,1e-12,0.7731921452457423,-0.019905770802073897,0.7468820861678004,0.7725409836065572,0.8200487754352596,0.23770491803278687,14.298480786416443,0.0,0.6888876861797991,True,False
310,0.25,0.93,-0.0,2.0,0.0,2.0,0.5,0.98,1.0,1e-12,0.7640952024658474,-0.010808828022178973,0.7380952380952381,0.7622950819672131,0.7368090426912849,0.3360655737704918,35.01502965309936,1.0,0.6024185405625063,True,False
311,0.25,0.93,-0.0,1.6,0.8,1.6,0.5,0.98,1.0,1e-12,0.7600460636294329,-0.006759689185764528,0.7344104308390024,0.7561475409836067,0.6894843605185317,0.3770491803278688,35.90868470225038,1.0,0.59372791609062,True,False
312,0.25,0.93,-2.0,4.0,0.0,0.0,0.5,0.98,1.0,1e-12,0.768428716174361,-0.015142341730692621,0.6862244897959183,0.6229508196721312,0.5005656390106631,0.45901639344262296,37.77723616865708,2.5,0.7108603811896218,True,False
313,0.25,0.93,-2.0,0.0,0.0,4.0,0.5,0.98,1.0,1e-12,0.7839658138749874,-0.03067943943131901,0.7446145124716554,0.7581967213114754,0.8200487754352596,0.36885245901639346,6.255585344057194,0.0,0.7610561379475317,True,False
314,0.25,0.93,-2.0,2.0,0.0,2.0,0.5,0.98,1.0,1e-12,0.7755957161016942,-0.022309341658025783,0.7273242630385487,0.7192622950819672,0.7368090426912849,0.6475409836065574,20.879031602892194,1.0,0.7493085528010992,True,False
315,0.25,0.93,-2.0,1.6,0.8,1.6,0.5,0.98,1.0,1e-12,0.7713569973109704,-0.01807062286730199,0.7165532879818594,0.7008196721311474,0.6894843605185317,0.6721311475409836,26.728410106426193,1.0,0.7479427773882334,True,False
316,0.25,0.93,-4.0,4.0,0.0,0.0,0.5,0.98,1.0,1e-12,0.7754811540112395,-0.0221947795675711,0.6541950113378685,0.5396174863387978,0.5005656390106631,0.32786885245901637,26.89089284263547,3.0,0.8124968886963098,True,False
317,0.25,0.93,-4.0,0.0,0.0,4.0,0.5,0.98,1.0,1e-12,0.7897368914869121,-0.036450517043243646,0.7383786848072562,0.7329234972677596,0.8200487754352596,0.6557377049180327,3.493378828499472,1.0,0.8025825627897727,True,False
318,0.25,0.93,-4.0,2.0,0.0,2.0,0.5,0.98,1.0,1e-12,0.7850097305069264,-0.031723356063257935,0.703798185941043,0.6441256830601092,0.7368090426912849,0.6475409836065574,9.180274595824194,2.0,0.8456394308984212,True,False
319,0.25,0.93,-4.0,1.6,0.8,1.6,0.5,0.98,1.0,1e-12,0.7815626319705421,-0.028276257526873683,0.6893424036281179,0.6099726775956283,0.6894843605185317,0.5327868852459017,11.536274270858721,3.0,0.8545579244292543,True,False
320,0.25,0.97,0.5,0.5,0.0,0.0,0.5,0.98,1.0,1e-12,0.760075314783679,-0.006788940340010541,0.7352607709750567,0.7527322404371586,0.5005656390106631,0.38524590163934425,18.19806645543911,2.0,0.5258979494092297,True,False
321,0.25,0.97,0.5,0.0,0.0,0.5,0.5,0.98,1.0,1e-12,0.7622692089105305,-0.0089828344668621,0.743764172335601,0.7752732240437158,0.8200487754352596,0.0,0.0,,0.5282367722956335,False,False
322,0.25,0.97,0.5,0.25,0.0,0.25,0.5,0.98,1.0,1e-12,0.7615574427225739,-0.008271068278905447,0.7409297052154196,0.7670765027322404,0.7368090426912849,0.00819672131147541,6.824274920789666,0.0,0.5244637044205315,False,False
323,0.25,0.97,0.5,0.2,0.1,0.2,0.5,0.98,1.0,1e-12,0.7598370786510192,-0.0065507042073508215,0.7397959183673469,0.764344262295082,0.6894843605185317,0.00819672131147541,6.49930944837111,0.0,0.5241082020741594,False,False
324,0.25,0.97,0.25,0.5,0.0,0.0,0.5,0.98,1.0,1e-12,0.7623762172020625,-0.009089842758394084,0.7349773242630386,0.75,0.5005656390106631,0.4672131147540984,33.715167763425136,2.0,0.5670997633637468,True,False
325,0.25,0.97,0.25,0.0,0.0,0.5,0.5,0.98,1.0,1e-12,0.766466298341324,-0.013179923897655543,0.743764172335601,0.7718579234972678,0.8200487754352596,0.12295081967213115,31.765374928913804,0.0,0.5698319707924342,True,False
326,0.25,0.97,0.25,0.25,0.0,0.25,0.5,0.98,1.0,1e-12,0.7640007677821218,-0.010714393338453365,0.7386621315192744,0.7581967213114754,0.7368090426912849,0.09016393442622951,26.97213421074011,0.0,0.5666854392630077,False,False
327,0.25,0.97,0.25,0.2,0.1,0.2,0.5,0.98,1.0,1e-12,0.7631373741790665,-0.009850999735398047,0.7361111111111112,0.7540983606557377,0.6894843605185317,0.12295081967213115,24.128686327077748,0.0,0.5664592733637794,True,False
328,0.25,0.97,-0.0,0.5,0.0,0.0,0.5,0.98,1.0,1e-12,0.7657080783866754,-0.012421703943007012,0.7321428571428571,0.7370218579234974,0.5005656390106631,0.5737704918032787,43.951580144609636,2.0,0.6094600754062688,True,False
329,0.25,0.97,-0.0,0.0,0.0,0.5,0.5,0.98,1.0,1e-12,0.7680976200619314,-0.01481124561826297,0.740079365079365,0.7581967213114754,0.8200487754352596,0.23770491803278687,14.298480786416443,0.0,0.6123209569029789,True,False
330,0.25,0.97,-0.0,0.25,0.0,0.25,0.5,0.98,1.0,1e-12,0.7671835759931255,-0.013897201549457061,0.735827664399093,0.7486338797814208,0.7368090426912849,0.3360655737704918,35.01502965309936,1.0,0.6101087704609872,True,False
331,0.25,0.97,-0.0,0.2,0.1,0.2,0.5,0.98,1.0,1e-12,0.7663659731235176,-0.013079598679849203,0.7349773242630386,0.7459016393442625,0.6894843605185317,0.3770491803278688,35.90868470225038,1.0,0.6100350295817674,True,False
332,0.25,0.97,-0.25,0.5,0.0,0.0,0.5,0.98,1.0,1e-12,0.7668562094426962,-0.013569834999027752,0.7270408163265306,0.7213114754098361,0.5005656390106631,0.45901639344262296,37.77723616865708,2.5,0.6518684226359819,True,False
333,0.25,0.97,-0.25,0.0,0.0,0.5,0.5,0.98,1.0,1e-12,0.7716290368373958,-0.018342662393727394,0.7389455782312925,0.7472677595628414,0.8200487754352596,0.36885245901639346,6.255585344057194,0.0,0.654565776669231,True,False
334,0.25,0.97,-0.25,0.25,0.0,0.25,0.5,0.98,1.0,1e-12,0.7683012602611806,-0.015014885817512202,0.7332766439909297,0.7383879781420766,0.7368090426912849,0.6475409836065574,20.879031602892194,1.0,0.6535191741498985,True,False
335,0.25,0.97,-0.25,0.2,0.1,0.2,0.5,0.98,1.0,1e-12,0.768090533894131,-0.01480415945046254,0.7315759637188209,0.735655737704918,0.6894843605185317,0.6721311475409836,26.728410106426193,1.0,0.65360677597827,True,False
336,0.25,0.97,-0.5,0.5,0.0,0.0,0.5,0.98,1.0,1e-12,0.7685115548167132,-0.015225180373044767,0.7244897959183674,0.7117486338797815,0.5005656390106631,0.32786885245901637,26.89089284263547,3.0,0.6932063065612463,True,False
337,0.25,0.97,-0.5,0.0,0.0,0.5,0.5,0.98,1.0,1e-12,0.7739559053816777,-0.020669530938009273,0.7378117913832201,0.7404371584699453,0.8200487754352596,0.6557377049180327,3.493378828499472,1.0,0.6954795100030529,True,False
338,0.25,0.97,-0.5,0.25,0.0,0.25,0.5,0.98,1.0,1e-12,0.771523176131906,-0.018236801688237603,0.7307256235827665,0.7254098360655737,0.7368090426912849,0.6475409836065574,9.180274595824194,2.0,0.6957052523246853,True,False
339,0.25,0.97,-0.5,0.2,0.1,0.2,0.5,0.98,1.0,1e-12,0.7709333779230602,-0.017647003479391743,0.7295918367346939,0.7233606557377049,0.6894843605185317,0.5327868852459017,11.536274270858721,3.0,0.695946749566965,True,False
340,0.25,0.97,1.0,1.0,0.0,0.0,0.5,0.98,1.0,1e-12,0.7566517892530157,-0.003365414809347267,0.7386621315192744,0.7650273224043715,0.5005656390106631,0.38524590163934425,18.19806645543911,2.0,0.46538264135719404,True,False
341,0.25,0.97,1.0,0.0,0.0,1.0,0.5,0.98,1.0,1e-12,0.759293758232704,-0.006007383789035536,0.7446145124716554,0.7793715846994536,0.8200487754352596,0.0,0.0,,0.47338393098833365,False,False
342,0.25,0.97,1.0,0.5,0.0,0.5,0.5,0.98,1.0,1e-12,0.7572671142417743,-0.00398073979810587,0.7434807256235827,0.7773224043715846,0.7368090426912849,0.00819672131147541,6.824274920789666,0.0,0.4582674814469062,False,False
343,0.25,0.97,1.0,0.4,0.2,0.4,0.5,0.98,1.0,1e-12,0.75694389683679,-0.0036575223931215595,0.7423469387755102,0.7752732240437158,0.6894843605185317,0.00819672131147541,6.49930944837111,0.0,0.45673422760486354,False,False
344,0.25,0.97,0.5,1.0,0.0,0.0,0.5,0.98,1.0,1e-12,0.7593340134784679,-0.006047639034799435,0.7324263038548753,0.7472677595628416,0.5005656390106631,0.4672131147540984,33.715167763425136,2.0,0.5335496210115068,True,False
345,0.25,0.97,0.5,0.0,0.0,1.0,0.5,0.98,1.0,1e-12,0.7642958529014602,-0.011009478457791766,0.7460317460317462,0.7766393442622951,0.8200487754352596,0.12295081967213115,31.765374928913804,0.0,0.5469796410967154,True,False
346,0.25,0.97,0.5,0.5,0.0,0.5,0.5,0.98,1.0,1e-12,0.7605866377339117,-0.007300263290243247,0.7406462585034014,0.7684426229508197,0.7368090426912849,0.09016393442622951,26.97213421074011,0.0,0.5311650787631755,False,False
347,0.25,0.97,0.5,0.4,0.2,0.4,0.5,0.98,1.0,1e-12,0.7594375596816382,-0.0061511852379697585,0.7386621315192744,0.764344262295082,0.6894843605185317,0.12295081967213115,24.128686327077748,0.0,0.5299652061938567,True,False
348,0.25,0.97,-0.0,1.0,0.0,0.0,0.5,0.98,1.0,1e-12,0.7635960213119043,-0.010309646868235878,0.7267573696145124,0.7281420765027323,0.5005656390106631,0.5737704918032787,43.951580144609636,2.0,0.6077069168282473,True,False
349,0.25,0.97,-0.0,0.0,0.0,1.0,0.5,0.98,1.0,1e-12,0.7705590254995274,-0.017272651055858956,0.7454648526077098,0.7711748633879781,0.8200487754352596,0.23770491803278687,14.298480786416443,0.0,0.623308590176417,True,False
350,0.25,0.97,-0.0,0.5,0.0,0.5,0.5,0.98,1.0,1e-12,0.7666383969078461,-0.01335202246417766,0.7366780045351474,0.7547814207650274,0.7368090426912849,0.3360655737704918,35.01502965309936,1.0,0.6107975114443552,True,False
351,0.25,0.97,-0.0,0.4,0.2,0.4,0.5,0.98,1.0,1e-12,0.7650506394851889,-0.011764265041520505,0.7344104308390024,0.7486338797814208,0.6894843605185317,0.3770491803278688,35.90868470225038,1.0,0.6102398290328795,True,False
352,0.25,0.97,-0.5,1.0,0.0,0.0,0.5,0.98,1.0,1e-12,0.7670486548419085,-0.013762280398240123,0.7188208616780045,0.7001366120218578,0.5005656390106631,0.45901639344262296,37.77723616865708,2.5,0.682301178749524,True,False
353,0.25,0.97,-0.5,0.0,0.0,1.0,0.5,0.98,1.0,1e-12,0.7753532832699757,-0.02206690882630724,0.7429138321995464,0.755464480874317,0.8200487754352596,0.36885245901639346,6.255585344057194,0.0,0.695630840497236,True,False
354,0.25,0.97,-0.5,0.5,0.0,0.5,0.5,0.98,1.0,1e-12,0.7701130287396157,-0.01682665429594732,0.7315759637188208,0.73224043715847,0.7368090426912849,0.6475409836065574,20.879031602892194,1.0,0.6901105642066439,True,False
355,0.25,0.97,-0.5,0.4,0.2,0.4,0.5,0.98,1.0,1e-12,0.7683803509994243,-0.01509397655575584,0.7290249433106576,0.7288251366120219,0.6894843605185317,0.6721311475409836,26.728410106426193,1.0,0.6904235551244369,True,False
356,0.25,0.97,-1.0,1.0,0.0,0.0,0.5,0.98,1.0,1e-12,0.771844587611207,-0.018558213167538584,0.7043650793650793,0.659153005464481,0.5005656390106631,0.32786885245901637,26.89089284263547,3.0,0.7516489266808527,True,False
357,0.25,0.97,-1.0,0.0,0.0,1.0,0.5,0.98,1.0,1e-12,0.7797718333388965,-0.02648545889522813,0.740079365079365,0.7390710382513661,0.8200487754352596,0.6557377049180327,3.493378828499472,1.0,0.7594234257349702,True,False
358,0.25,0.97,-1.0,0.5,0.0,0.5,0.5,0.98,1.0,1e-12,0.7773022228649,-0.02401584842123161,0.7261904761904762,0.7062841530054643,0.7368090426912849,0.6475409836065574,9.180274595824194,2.0,0.762282556900945,True,False
359,0.25,0.97,-1.0,0.4,0.2,0.4,0.5,0.98,1.0,1e-12,0.7750946762807871,-0.021808301837118682,0.7222222222222222,0.698087431693989,0.6894843605185317,0.5327868852459017,11.536274270858721,3.0,0.7634464675803253,True,False
360,0.25,0.97,2.0,2.0,0.0,0.0,0.5,0.98,1.0,1e-12,0.7538701508728498,-0.0005837764291813929,0.7380952380952381,0.7670765027322404,0.5005656390106631,0.38524590163934425,18.19806645543911,2.0,0.40360397841692036,True,False
361,0.25,0.97,2.0,0.0,0.0,2.0,0.5,0.98,1.0,1e-12,0.755870687929778,-0.0025843134861095463,0.743764172335601,0.7807377049180327,0.8200487754352596,0.0,0.0,,0.4089478929431511,False,False
362,0.25,0.97,2.0,1.0,0.0,1.0,0.5,0.98,1.0,1e-12,0.7541519513034598,-0.0008655768597913838,0.7429138321995464,0.7807377049180328,0.7368090426912849,0.00819672131147541,6.824274920789666,0.0,0.3818097930447126,False,False
363,0.25,0.97,2.0,0.8,0.4,0.8,0.5,0.98,1.0,1e-12,0.7537441745563973,-0.00045780011272889,0.7431972789115646,0.7807377049180327,0.6894843605185317,0.00819672131147541,6.49930944837111,0.0,0.37922156005143454,False,False
364,0.25,0.97,1.0,2.0,0.0,0.0,0.5,0.98,1.0,1e-12,0.756882199419511,-0.003595824975842543,0.7329931972789115,0.7486338797814208,0.5005656390106631,0.4672131147540984,33.715167763425136,2.0,0.4952925713712564,True,False
365,0.25,0.97,1.0,0.0,0.0,2.0,0.5,0.98,1.0,1e-12,0.7627828463630828,-0.009496471919414384,0.7454648526077098,0.7800546448087432,0.8200487754352596,0.12295081967213115,31.765374928913804,0.0,0.5340591143003969,True,False
366,0.25,0.97,1.0,1.0,0.0,1.0,0.5,0.98,1.0,1e-12,0.7585847383585838,-0.005298363914915338,0.7417800453514739,0.7759562841530055,0.7368090426912849,0.09016393442622951,26.97213421074011,0.0,0.4859954245002317,False,False
367,0.25,0.97,1.0,0.8,0.4,0.8,0.5,0.98,1.0,1e-12,0.756750995602222,-0.0034646211585536157,0.7417800453514739,0.7759562841530055,0.6894843605185317,0.12295081967213115,24.128686327077748,0.0,0.48260800519902297,True,False
368,0.25,0.97,-0.0,2.0,0.0,0.0,0.5,0.98,1.0,1e-12,0.7611535838992287,-0.007867209455560298,0.7179705215419502,0.7076502732240437,0.5005656390106631,0.5737704918032787,43.951580144609636,2.0,0.6049058734850745,True,False
369,0.25,0.97,-0.0,0.0,0.0,2.0,0.5,0.98,1.0,1e-12,0.7722188350462417,-0.018932460602573253,0.7474489795918368,0.7725409836065572,0.8200487754352596,0.23770491803278687,14.298480786416443,0.0,0.6592530487587529,True,False
370,0.25,0.97,-0.0,1.0,0.0,1.0,0.5,0.98,1.0,1e-12,0.7649026888908098,-0.011616314447141396,0.7378117913832201,0.7575136612021857,0.7368090426912849,0.3360655737704918,35.01502965309936,1.0,0.6143830581320867,True,False
371,0.25,0.97,-0.0,0.8,0.4,0.8,0.5,0.98,1.0,1e-12,0.7629307564442533,-0.009644382000584928,0.7346938775510204,0.7534153005464481,0.6894843605185317,0.3770491803278688,35.90868470225038,1.0,0.6112619627985229,True,False
372,0.25,0.97,-1.0,2.0,0.0,0.0,0.5,0.98,1.0,1e-12,0.7688817345650258,-0.015595360121357427,0.6933106575963719,0.6420765027322404,0.5005656390106631,0.45901639344262296,37.77723616865708,2.5,0.715695257721465,True,False
373,0.25,0.97,-1.0,0.0,0.0,2.0,0.5,0.98,1.0,1e-12,0.7806267257144707,-0.027340351270802254,0.7434807256235827,0.7561475409836067,0.8200487754352596,0.36885245901639346,6.255585344057194,0.0,0.753222924875765,True,False
374,0.25,0.97,-1.0,1.0,0.0,1.0,0.5,0.98,1.0,1e-12,0.7738639019845366,-0.020577527540868168,0.7281746031746031,0.7219945355191257,0.7368090426912849,0.6475409836065574,20.879031602892194,1.0,0.7386574106021633,True,False
375,0.25,0.97,-1.0,0.8,0.4,0.8,0.5,0.98,1.0,1e-12,0.7710644338918405,-0.017778059448172123,0.7210884353741497,0.7110655737704918,0.6894843605185317,0.6721311475409836,26.728410106426193,1.0,0.7387158230404165,True,False
376,0.25,0.97,-2.0,2.0,0.0,0.0,0.5,0.98,1.0,1e-12,0.7747137457720268,-0.02142737132835837,0.6544784580498866,0.5403005464480873,0.5005656390106631,0.32786885245901637,26.89089284263547,3.0,0.8108947050304314,True,False
377,0.25,0.97,-2.0,0.0,0.0,2.0,0.5,0.98,1.0,1e-12,0.7891809494131129,-0.03589457496944448,0.7392290249433106,0.730191256830601,0.8200487754352596,0.6557377049180327,3.493378828499472,1.0,0.8178866853884232,True,False
378,0.25,0.97,-2.0,1.0,0.0,1.0,0.5,0.98,1.0,1e-12,0.7826257002955151,-0.02933932585184673,0.7111678004535149,0.662568306010929,0.7368090426912849,0.6475409836065574,9.180274595824194,2.0,0.8363759300964859,True,False
379,0.25,0.97,-2.0,0.8,0.4,0.8,0.5,0.98,1.0,1e-12,0.7802465637215165,-0.026960189277848046,0.6986961451247167,0.6372950819672131,0.6894843605185317,0.5327868852459017,11.536274270858721,3.0,0.8403198352545274,True,False
380,0.25,0.97,4.0,4.0,0.0,0.0,0.5,0.98,1.0,1e-12,0.7525946406687681,0.0006917337749002828,0.7383786848072562,0.7670765027322404,0.5005656390106631,0.38524590163934425,18.19806645543911,2.0,0.36648852283338157,True,False
381,0.25,0.97,4.0,0.0,0.0,4.0,0.5,0.98,1.0,1e-12,0.7536623615281557,-0.0003759870844872726,0.743764172335601,0.782103825136612,0.8200487754352596,0.0,0.0,,0.3379067943571121,False,False
382,0.25,0.97,4.0,2.0,0.0,2.0,0.5,0.98,1.0,1e-12,0.7523623718353089,0.0009240026083595643,0.743764172335601,0.782103825136612,0.7368090426912849,0.00819672131147541,6.824274920789666,0.0,0.3267087304517238,False,False
383,0.25,0.97,4.0,1.6,0.8,1.6,0.5,0.98,1.0,1e-12,0.7519372017672816,0.0013491726763867895,0.743764172335601,0.7814207650273224,0.6894843605185317,0.00819672131147541,6.49930944837111,0.0,0.32617499715540177,False,False
384,0.25,0.97,2.0,4.0,0.0,0.0,0.5,0.98,1.0,1e-12,0.7547488311000575,-0.0014624566563891106,0.7310090702947847,0.7452185792349728,0.5005656390106631,0.4672131147540984,33.715167763425136,2.0,0.46970323784501716,True,False
385,0.25,0.97,2.0,0.0,0.0,4.0,0.5,0.98,1.0,1e-12,0.7613153465951444,-0.008028972151476022,0.7451814058956916,0.7793715846994537,0.8200487754352596,0.12295081967213115,31.765374928913804,0.0,0.5413806591988424,True,False
386,0.25,0.97,2.0,2.0,0.0,2.0,0.5,0.98,1.0,1e-12,0.7551346335691933,-0.001848259125524887,0.7423469387755102,0.7759562841530055,0.7368090426912849,0.09016393442622951,26.97213421074011,0.0,0.44872587633151545,False,False
387,0.25,0.97,2.0,1.6,0.8,1.6,0.5,0.98,1.0,1e-12,0.7537494020572337,-0.0004630276135653144,0.7414965986394558,0.7745901639344264,0.6894843605185317,0.12295081967213115,24.128686327077748,0.0,0.44458715069021926,True,False
388,0.25,0.97,-0.0,4.0,0.0,0.0,0.5,0.98,1.0,1e-12,0.7613590827654418,-0.008072708321773425,0.7077664399092971,0.6816939890710383,0.5005656390106631,0.5737704918032787,43.951580144609636,2.0,0.6036007198587138,True,False
389,0.25,0.97,-0.0,0.0,0.0,4.0,0.5,0.98,1.0,1e-12,0.7754640587958513,-0.022177684352182925,0.7474489795918368,0.7711748633879781,0.8200487754352596,0.23770491803278687,14.298480786416443,0.0,0.7147046088962578,True,False
390,0.25,0.97,-0.0,2.0,0.0,2.0,0.5,0.98,1.0,1e-12,0.7662262803068197,-0.012939905863151302,0.7366780045351474,0.758879781420765,0.7368090426912849,0.3360655737704918,35.01502965309936,1.0,0.6231490429485362,True,False
391,0.25,0.97,-0.0,1.6,0.8,1.6,0.5,0.98,1.0,1e-12,0.7619501001377824,-0.008663725694114,0.7341269841269842,0.7540983606557379,0.6894843605185317,0.3770491803278688,35.90868470225038,1.0,0.6139472052724211,True,False
392,0.25,0.97,-2.0,4.0,0.0,0.0,0.5,0.98,1.0,1e-12,0.7693761200296494,-0.016089745585980975,0.6615646258503401,0.5676229508196722,0.5005656390106631,0.45901639344262296,37.77723616865708,2.5,0.7379698153772466,True,False
393,0.25,0.97,-2.0,0.0,0.0,4.0,0.5,0.98,1.0,1e-12,0.7883077473522592,-0.03502137290859075,0.7448979591836735,0.755464480874317,0.8200487754352596,0.36885245901639346,6.255585344057194,0.0,0.7911182637091513,True,False
394,0.25,0.97,-2.0,2.0,0.0,2.0,0.5,0.98,1.0,1e-12,0.7775220348748174,-0.024235660431148998,0.7256235827664398,0.7124316939890709,0.7368090426912849,0.6475409836065574,20.879031602892194,1.0,0.7786796441423403,True,False
395,0.25,0.97,-2.0,1.6,0.8,1.6,0.5,0.98,1.0,1e-12,0.7733041187521393,-0.02001774430847092,0.7108843537414966,0.6871584699453552,0.6894843605185317,0.6721311475409836,26.728410106426193,1.0,0.777233528999306,True,False
396,0.25,0.97,-4.0,4.0,0.0,0.0,0.5,0.98,1.0,1e-12,0.7776450166722723,-0.024358642228603844,0.5941043083900226,0.4269125683060109,0.5005656390106631,0.32786885245901637,26.89089284263547,3.0,0.8455849409725634,True,False
397,0.25,0.97,-4.0,0.0,0.0,4.0,0.5,0.98,1.0,1e-12,0.7961785495341466,-0.04289217509047816,0.7386621315192743,0.7260928961748635,0.8200487754352596,0.6557377049180327,3.493378828499472,1.0,0.8350874194244652,True,False
398,0.25,0.97,-4.0,2.0,0.0,2.0,0.5,0.98,1.0,1e-12,0.7888948566821528,-0.03560848223848434,0.6899092970521541,0.6065573770491802,0.7368090426912849,0.6475409836065574,9.180274595824194,2.0,0.8806770444806812,True,False
399,0.25,0.97,-4.0,1.6,0.8,1.6,0.5,0.98,1.0,1e-12,0.7865253830642456,-0.03323900862057716,0.6678004535147392,0.5566939890710383,0.6894843605185317,0.5327868852459017,11.536274270858721,3.0,0.8901201552780338,True,False
400,0.25,0.99,0.5,0.5,0.0,0.0,0.5,0.98,1.0,1e-12,0.7601816073006858,-0.00689523285701743,0.7349773242630385,0.7520491803278688,0.5005656390106631,0.38524590163934425,18.19806645543911,2.0,0.533561781337264,True,False
401,0.25,0.99,0.5,0.0,0.0,0.5,0.5,0.98,1.0,1e-12,0.7621629163935237,-0.008876541949855321,0.743764172335601,0.7739071038251366,0.8200487754352596,0.0,0.0,,0.5359655715260678,False,False
402,0.25,0.99,0.5,0.25,0.0,0.25,0.5,0.98,1.0,1e-12,0.7614511502055671,-0.008164775761898668,0.7409297052154197,0.7663934426229508,0.7368090426912849,0.00819672131147541,6.824274920789666,0.0,0.5320876962099906,False,False
403,0.25,0.99,0.5,0.2,0.1,0.2,0.5,0.98,1.0,1e-12,0.7607071025865194,-0.007420728142850996,0.7392290249433107,0.7622950819672131,0.6894843605185317,0.00819672131147541,6.49930944837111,0.0,0.5317223187984416,False,False
404,0.25,0.99,0.25,0.5,0.0,0.0,0.5,0.98,1.0,1e-12,0.7629250731080613,-0.00963869866439293,0.7344104308390024,0.7479508196721313,0.5005656390106631,0.4672131147540984,33.715167763425136,2.0,0.5759080901238508,True,False
405,0.25,0.99,0.25,0.0,0.0,0.5,0.5,0.98,1.0,1e-12,0.7670866601224001,-0.013800285678731705,0.7443310657596371,0.7711748633879781,0.8200487754352596,0.12295081967213115,31.765374928913804,0.0,0.5787161922033351,True,False
406,0.25,0.99,0.25,0.25,0.0,0.25,0.5,0.98,1.0,1e-12,0.7642133528161353,-0.010926978372466922,0.7380952380952381,0.755464480874317,0.7368090426912849,0.09016393442622951,26.97213421074011,0.0,0.5754822570203134,False,False
407,0.25,0.99,0.25,0.2,0.1,0.2,0.5,0.98,1.0,1e-12,0.7642133528161353,-0.010926978372466922,0.7352607709750567,0.7513661202185793,0.6894843605185317,0.12295081967213115,24.128686327077748,0.0,0.5752498087349955,True,False
408,0.25,0.99,-0.0,0.5,0.0,0.0,0.5,0.98,1.0,1e-12,0.7659206634206891,-0.01263428897702068,0.7310090702947847,0.7336065573770493,0.5005656390106631,0.5737704918032787,43.951580144609636,2.0,0.6194450775008874,True,False
409,0.25,0.99,-0.0,0.0,0.0,0.5,0.5,0.98,1.0,1e-12,0.7692613262851614,-0.015974951841493,0.7406462585034014,0.757513661202186,0.8200487754352596,0.23770491803278687,14.298480786416443,0.0,0.6223854279280616,True,False
410,0.25,0.99,-0.0,0.25,0.0,0.25,0.5,0.98,1.0,1e-12,0.767057599676673,-0.013771225233004558,0.7355442176870748,0.7472677595628415,0.7368090426912849,0.3360655737704918,35.01502965309936,1.0,0.6201117918626813,True,False
411,0.25,0.99,-0.0,0.2,0.1,0.2,0.5,0.98,1.0,1e-12,0.7670037282255584,-0.013717353781889985,0.7346938775510206,0.7452185792349728,0.6894843605185317,0.3770491803278688,35.90868470225038,1.0,0.6200360026257054,True,False
412,0.25,0.99,-0.25,0.5,0.0,0.0,0.5,0.98,1.0,1e-12,0.7677065495787506,-0.014420175135082203,0.7267573696145125,0.7199453551912569,0.5005656390106631,0.45901639344262296,37.77723616865708,2.5,0.6630314343758703,True,False
413,0.25,0.99,-0.25,0.0,0.0,0.5,0.5,0.98,1.0,1e-12,0.7722917032397189,-0.019005328796050436,0.7380952380952381,0.7445355191256829,0.8200487754352596,0.36885245901639346,6.255585344057194,0.0,0.6658037149100429,True,False
414,0.25,0.99,-0.25,0.25,0.0,0.25,0.5,0.98,1.0,1e-12,0.7687044560512811,-0.01541808160761271,0.7335600907029479,0.7363387978142076,0.7368090426912849,0.6475409836065574,20.879031602892194,1.0,0.6647280400985066,True,False
415,0.25,0.99,-0.25,0.2,0.1,0.2,0.5,0.98,1.0,1e-12,0.7679823827101602,-0.014696008266491756,0.7301587301587301,0.7301912568306012,0.6894843605185317,0.6721311475409836,26.728410106426193,1.0,0.6648180753109998,True,False
416,0.25,0.99,-0.5,0.5,0.0,0.0,0.5,0.98,1.0,1e-12,0.7691296261193084,-0.015843251675639936,0.7230725623582765,0.7062841530054644,0.5005656390106631,0.32786885245901637,26.89089284263547,3.0,0.7055175928546142,True,False
417,0.25,0.99,-0.5,0.0,0.0,0.5,0.5,0.98,1.0,1e-12,0.7752455879213603,-0.02195921347769192,0.73781179138322,0.7377049180327869,0.8200487754352596,0.6557377049180327,3.493378828499472,1.0,0.707853940836471,True,False
418,0.25,0.99,-0.5,0.25,0.0,0.25,0.5,0.98,1.0,1e-12,0.7729223721739591,-0.019635997730290677,0.7310090702947846,0.7226775956284153,0.7368090426912849,0.6475409836065574,9.180274595824194,2.0,0.7080859537781488,True,False
419,0.25,0.99,-0.5,0.2,0.1,0.2,0.5,0.98,1.0,1e-12,0.7719167805433675,-0.018630406099699126,0.7287414965986394,0.7199453551912569,0.6894843605185317,0.5327868852459017,11.536274270858721,3.0,0.7083341592771585,True,False
420,0.25,0.99,1.0,1.0,0.0,0.0,0.5,0.98,1.0,1e-12,0.7565454967360089,-0.0032591222923404883,0.7375283446712019,0.7622950819672131,0.5005656390106631,0.38524590163934425,18.19806645543911,2.0,0.47136549250600496,True,False
421,0.25,0.99,1.0,0.0,0.0,1.0,0.5,0.98,1.0,1e-12,0.7596178632845608,-0.0063314888408924075,0.7443310657596373,0.7793715846994536,0.8200487754352596,0.0,0.0,,0.4795890401824541,False,False
422,0.25,0.99,1.0,0.5,0.0,0.5,0.5,0.98,1.0,1e-12,0.7572671142417743,-0.00398073979810587,0.743764172335601,0.7766393442622951,0.7368090426912849,0.00819672131147541,6.824274920789666,0.0,0.46405268926487575,False,False
423,0.25,0.99,1.0,0.4,0.2,0.4,0.5,0.98,1.0,1e-12,0.75694389683679,-0.0036575223931215595,0.7420634920634921,0.7745901639344263,0.6894843605185317,0.00819672131147541,6.49930944837111,0.0,0.462476845038332,False,False
424,0.25,0.99,0.5,1.0,0.0,0.0,0.5,0.98,1.0,1e-12,0.759539512344681,-0.006253137901012562,0.731859410430839,0.7452185792349727,0.5005656390106631,0.4672131147540984,33.715167763425136,2.0,0.5414259993729377,True,False
425,0.25,0.99,0.5,0.0,0.0,1.0,0.5,0.98,1.0,1e-12,0.7643824616190212,-0.01109608717535282,0.746031746031746,0.7759562841530055,0.8200487754352596,0.12295081967213115,31.765374928913804,0.0,0.5552290755716242,True,False
426,0.25,0.99,0.5,0.5,0.0,0.5,0.5,0.98,1.0,1e-12,0.7612243928359526,-0.00793801839228414,0.7409297052154195,0.7684426229508197,0.7368090426912849,0.09016393442622951,26.97213421074011,0.0,0.5389752198399305,False,False
427,0.25,0.99,0.5,0.4,0.2,0.4,0.5,0.98,1.0,1e-12,0.7598627297496654,-0.006576355305996984,0.7389455782312926,0.7636612021857923,0.6894843605185317,0.12295081967213115,24.128686327077748,0.0,0.5377420174770193,True,False
428,0.25,0.99,-0.0,1.0,0.0,0.0,0.5,0.98,1.0,1e-12,0.763481902828733,-0.010195528385064545,0.7259070294784581,0.7254098360655737,0.5005656390106631,0.5737704918032787,43.951580144609636,2.0,0.6176432200734765,True,False
429,0.25,0.99,-0.0,0.0,0.0,1.0,0.5,0.98,1.0,1e-12,0.7711106277193627,-0.017824253275694257,0.7448979591836735,0.769808743169399,0.8200487754352596,0.23770491803278687,14.298480786416443,0.0,0.6336782732368731,True,False
430,0.25,0.99,-0.0,0.5,0.0,0.5,0.5,0.98,1.0,1e-12,0.766744689424853,-0.01345831498118455,0.7366780045351474,0.753415300546448,0.7368090426912849,0.3360655737704918,35.01502965309936,1.0,0.6208196645400318,True,False
431,0.25,0.99,-0.0,0.4,0.2,0.4,0.5,0.98,1.0,1e-12,0.7653301494373179,-0.012043774993649503,0.7332766439909296,0.7452185792349727,0.6894843605185317,0.3770491803278688,35.90868470225038,1.0,0.6202464909504595,True,False
432,0.25,0.99,-0.5,1.0,0.0,0.0,0.5,0.98,1.0,1e-12,0.7680123736627702,-0.014725999219101782,0.7157029478458049,0.6912568306010929,0.5005656390106631,0.45901639344262296,37.77723616865708,2.5,0.6943095448258997,True,False
433,0.25,0.99,-0.5,0.0,0.0,1.0,0.5,0.98,1.0,1e-12,0.7764774810862108,-0.023191106642542425,0.7426303854875282,0.7534153005464481,0.8200487754352596,0.36885245901639346,6.255585344057194,0.0,0.7080094749554926,True,False
434,0.25,0.99,-0.5,0.5,0.0,0.5,0.5,0.98,1.0,1e-12,0.7710861242067588,-0.0177997497630904,0.7315759637188209,0.7308743169398908,0.7368090426912849,0.6475409836065574,20.879031602892194,1.0,0.7023358576568286,True,False
435,0.25,0.99,-0.5,0.4,0.2,0.4,0.5,0.98,1.0,1e-12,0.769018106101465,-0.01573173165779662,0.7281746031746033,0.7254098360655737,0.6894843605185317,0.6721311475409836,26.728410106426193,1.0,0.7026575427667823,True,False
436,0.25,0.99,-1.0,1.0,0.0,0.0,0.5,0.98,1.0,1e-12,0.7736444742325223,-0.020358099788853834,0.6967120181405895,0.6407103825136612,0.5005656390106631,0.32786885245901637,26.89089284263547,3.0,0.7655836190886542,True,False
437,0.25,0.99,-1.0,0.0,0.0,1.0,0.5,0.98,1.0,1e-12,0.7799811973875462,-0.026694822943877816,0.7378117913832201,0.7329234972677596,0.8200487754352596,0.6557377049180327,3.493378828499472,1.0,0.7735740764498305,True,False
438,0.25,0.99,-1.0,0.5,0.0,0.5,0.5,0.98,1.0,1e-12,0.7776089345957921,-0.02432256015212364,0.723922902494331,0.7008196721311475,0.7368090426912849,0.6475409836065574,9.180274595824194,2.0,0.7765126279259713,True,False
439,0.25,0.99,-1.0,0.4,0.2,0.4,0.5,0.98,1.0,1e-12,0.775952102584642,-0.022665728140973562,0.7202380952380952,0.6919398907103824,0.6894843605185317,0.5327868852459017,11.536274270858721,3.0,0.7777088694575565,True,False
440,0.25,0.99,2.0,2.0,0.0,0.0,0.5,0.98,1.0,1e-12,0.7539764433898566,-0.0006900689461881715,0.73781179138322,0.7663934426229508,0.5005656390106631,0.38524590163934425,18.19806645543911,2.0,0.40787075559516817,True,False
441,0.25,0.99,2.0,0.0,0.0,2.0,0.5,0.98,1.0,1e-12,0.7559769804467847,-0.002690606003116325,0.7434807256235829,0.7800546448087432,0.8200487754352596,0.0,0.0,,0.41336311219157196,False,False
442,0.25,0.99,2.0,1.0,0.0,1.0,0.5,0.98,1.0,1e-12,0.7541448651356594,-0.0008584906919909541,0.7431972789115646,0.7814207650273224,0.7368090426912849,0.00819672131147541,6.824274920789666,0.0,0.38547117618484344,False,False
443,0.25,0.99,2.0,0.8,0.4,0.8,0.5,0.98,1.0,1e-12,0.7536378820393905,-0.00035150759572211143,0.7431972789115646,0.7807377049180327,0.6894843605185317,0.00819672131147541,6.49930944837111,0.0,0.3828110478306411,False,False
444,0.25,0.99,1.0,2.0,0.0,0.0,0.5,0.98,1.0,1e-12,0.7567759069025041,-0.0034895324588356536,0.7321428571428572,0.746584699453552,0.5005656390106631,0.4672131147540984,33.715167763425136,2.0,0.5021062539093468,True,False
445,0.25,0.99,1.0,0.0,0.0,2.0,0.5,0.98,1.0,1e-12,0.76320801643111,-0.00992164198744161,0.7446145124716553,0.7793715846994536,0.8200487754352596,0.12295081967213115,31.765374928913804,0.0,0.5419496452531857,True,False
446,0.25,0.99,1.0,1.0,0.0,1.0,0.5,0.98,1.0,1e-12,0.7589262367314055,-0.005639862287737052,0.7417800453514739,0.7759562841530055,0.7368090426912849,0.09016393442622951,26.97213421074011,0.0,0.49255085295857154,False,False
447,0.25,0.99,1.0,0.8,0.4,0.8,0.5,0.98,1.0,1e-12,0.7570698731532425,-0.0037834987095740624,0.7417800453514739,0.7759562841530055,0.6894843605185317,0.12295081967213115,24.128686327077748,0.0,0.48906933867677366,True,False
448,0.25,0.99,-0.0,2.0,0.0,0.0,0.5,0.98,1.0,1e-12,0.7615590701678102,-0.008272695724141799,0.7154195011337868,0.7008196721311475,0.5005656390106631,0.5737704918032787,43.951580144609636,2.0,0.6147643699707711,True,False
449,0.25,0.99,-0.0,0.0,0.0,2.0,0.5,0.98,1.0,1e-12,0.7726510912820693,-0.01936471683840091,0.7480158730158731,0.7725409836065572,0.8200487754352596,0.23770491803278687,14.298480786416443,0.0,0.6706211890020515,True,True
450,0.25,0.99,-0.0,1.0,0.0,1.0,0.5,0.98,1.0,1e-12,0.7655601277922963,-0.012273753348627903,0.7375283446712019,0.7561475409836066,0.7368090426912849,0.3360655737704918,35.01502965309936,1.0,0.624504809746867,True,False
451,0.25,0.99,-0.0,0.8,0.4,0.8,0.5,0.98,1.0,1e-12,0.7632102663963822,-0.009923891952713815,0.7352607709750567,0.7527322404371586,0.6894843605185317,0.3770491803278688,35.90868470225038,1.0,0.621297017320704,True,False
452,0.25,0.99,-1.0,2.0,0.0,0.0,0.5,0.98,1.0,1e-12,0.7694131971500598,-0.01612682270639143,0.6856575963718821,0.625,0.5005656390106631,0.45901639344262296,37.77723616865708,2.5,0.7286312371026167,True,False
453,0.25,0.99,-1.0,0.0,0.0,2.0,0.5,0.98,1.0,1e-12,0.7816719736005656,-0.0283855991568972,0.7431972789115646,0.7534153005464481,0.8200487754352596,0.36885245901639346,6.255585344057194,0.0,0.7672013394556473,True,False
454,0.25,0.99,-1.0,1.0,0.0,1.0,0.5,0.98,1.0,1e-12,0.7742961582203642,-0.021009783776695823,0.7267573696145125,0.7172131147540983,0.7368090426912849,0.6475409836065574,20.879031602892194,1.0,0.7522312275633345,True,False
455,0.25,0.99,-1.0,0.8,0.4,0.8,0.5,0.98,1.0,1e-12,0.772033664176547,-0.018747289732878536,0.7191043083900226,0.7049180327868851,0.6894843605185317,0.6721311475409836,26.728410106426193,1.0,0.7522912625693169,True,False
456,0.25,0.99,-2.0,2.0,0.0,0.0,0.5,0.98,1.0,1e-12,0.7763330448274108,-0.023046670383742418,0.6315192743764172,0.4986338797814207,0.5005656390106631,0.32786885245901637,26.89089284263547,3.0,0.8264751135034988,True,False
457,0.25,0.99,-2.0,0.0,0.0,2.0,0.5,0.98,1.0,1e-12,0.7935548803584672,-0.0402685059147988,0.7372448979591837,0.7219945355191256,0.8200487754352596,0.6557377049180327,3.493378828499472,1.0,0.8336613155381016,True,False
458,0.25,0.99,-2.0,1.0,0.0,1.0,0.5,0.98,1.0,1e-12,0.7837106713209624,-0.030424296877293977,0.7071995464852607,0.6516393442622951,0.7368090426912849,0.6475409836065574,9.180274595824194,2.0,0.852664150376944,True,False
459,0.25,0.99,-2.0,0.8,0.4,0.8,0.5,0.98,1.0,1e-12,0.7809709275411183,-0.027684553097449882,0.691609977324263,0.6188524590163934,0.6894843605185317,0.5327868852459017,11.536274270858721,3.0,0.856717608456042,True,False
460,0.25,0.99,4.0,4.0,0.0,0.0,0.5,0.98,1.0,1e-12,0.752700933185775,0.0005854412578933932,0.7383786848072562,0.7670765027322404,0.5005656390106631,0.38524590163934425,18.19806645543911,2.0,0.36972431513430887,True,False
461,0.25,0.99,4.0,0.0,0.0,4.0,0.5,0.98,1.0,1e-12,0.7537686540451625,-0.00048227960149405114,0.743764172335601,0.782103825136612,0.8200487754352596,0.0,0.0,,0.34034864975592066,False,False
462,0.25,0.99,4.0,2.0,0.0,2.0,0.5,0.98,1.0,1e-12,0.7523623718353089,0.0009240026083595643,0.743764172335601,0.782103825136612,0.7368090426912849,0.00819672131147541,6.824274920789666,0.0,0.32883952851982723,False,False
463,0.25,0.99,4.0,1.6,0.8,1.6,0.5,0.98,1.0,1e-12,0.7519372017672816,0.0013491726763867895,0.743764172335601,0.7814207650273224,0.6894843605185317,0.00819672131147541,6.49930944837111,0.0,0.32829096929860724,False,False
464,0.25,0.99,2.0,4.0,0.0,0.0,0.5,0.98,1.0,1e-12,0.7552802936850915,-0.0019939192414231144,0.729875283446712,0.7411202185792352,0.5005656390106631,0.4672131147540984,33.715167763425136,2.0,0.47580610556293423,True,False
465,0.25,0.99,2.0,0.0,0.0,4.0,0.5,0.98,1.0,1e-12,0.7615453249501228,-0.008258950506454421,0.7457482993197279,0.7793715846994537,0.8200487754352596,0.12295081967213115,31.765374928913804,0.0,0.5494745663988103,True,False
466,0.25,0.99,2.0,2.0,0.0,2.0,0.5,0.98,1.0,1e-12,0.7555598036372205,-0.0022734291935521123,0.7423469387755102,0.7759562841530055,0.7368090426912849,0.09016393442622951,26.97213421074011,0.0,0.45424603956294646,False,False
467,0.25,0.99,2.0,1.6,0.8,1.6,0.5,0.98,1.0,1e-12,0.7538556945742405,-0.000569320130572093,0.7414965986394558,0.7745901639344264,0.6894843605185317,0.12295081967213115,24.128686327077748,0.0,0.44999234932050314,True,False
468,0.25,0.99,-0.0,4.0,0.0,0.0,0.5,0.98,1.0,1e-12,0.7616582765170166,-0.008371902073348148,0.7001133786848072,0.6666666666666666,0.5005656390106631,0.5737704918032787,43.951580144609636,2.0,0.6134229620770114,True,False
469,0.25,0.99,-0.0,0.0,0.0,4.0,0.5,0.98,1.0,1e-12,0.7761127652481292,-0.022826390804460805,0.7474489795918368,0.769808743169399,0.8200487754352596,0.23770491803278687,14.298480786416443,0.0,0.7276130702544871,True,False
470,0.25,0.99,-0.0,2.0,0.0,2.0,0.5,0.98,1.0,1e-12,0.7670695342750737,-0.013783159831405323,0.7355442176870748,0.7561475409836067,0.7368090426912849,0.3360655737704918,35.01502965309936,1.0,0.6335142941415511,True,False
471,0.25,0.99,-0.0,1.6,0.8,1.6,0.5,0.98,1.0,1e-12,0.7623752702058096,-0.009088895762141225,0.7324263038548753,0.7506830601092895,0.6894843605185317,0.3770491803278688,35.90868470225038,1.0,0.6240568498633218,True,False
472,0.25,0.99,-2.0,4.0,0.0,0.0,0.5,0.98,1.0,1e-12,0.7704784127986088,-0.01719203835494043,0.6400226757369614,0.5382513661202185,0.5005656390106631,0.45901639344262296,37.77723616865708,2.5,0.7515245324710591,True,False
473,0.25,0.99,-2.0,0.0,0.0,4.0,0.5,0.98,1.0,1e-12,0.7910410778788177,-0.037754703435149306,0.7431972789115647,0.7513661202185793,0.8200487754352596,0.36885245901639346,6.255585344057194,0.0,0.8061493265899607,True,False
474,0.25,0.99,-2.0,2.0,0.0,2.0,0.5,0.98,1.0,1e-12,0.7781973704862382,-0.024910996042569744,0.7227891156462585,0.7021857923497268,0.7368090426912849,0.6475409836065574,20.879031602892194,1.0,0.7933651898129608,True,False
475,0.25,0.99,-2.0,1.6,0.8,1.6,0.5,0.98,1.0,1e-12,0.7747126914404739,-0.021426316996805528,0.7063492063492064,0.6755464480874316,0.6894843605185317,0.6721311475409836,26.728410106426193,1.0,0.7918789048048421,True,False
476,0.25,0.99,-4.0,4.0,0.0,0.0,0.5,0.98,1.0,1e-12,0.7790071355939151,-0.025720761150246685,0.5445011337868481,0.3831967213114754,0.5005656390106631,0.32786885245901637,26.89089284263547,3.0,0.8621289671106901,True,False
477,0.25,0.99,-4.0,0.0,0.0,4.0,0.5,0.98,1.0,1e-12,0.799300447679849,-0.046014073236180564,0.7363945578231291,0.7206284153005463,0.8200487754352596,0.6557377049180327,3.493378828499472,1.0,0.8513398477418115,True,False
478,0.25,0.99,-4.0,2.0,0.0,2.0,0.5,0.98,1.0,1e-12,0.791675571482286,-0.03838919703861754,0.6799886621315193,0.586065573770492,0.7368090426912849,0.6475409836065574,9.180274595824194,2.0,0.8981958512718112,True,False
479,0.25,0.99,-4.0,1.6,0.8,1.6,0.5,0.98,1.0,1e-12,0.7886402104766921,-0.03535383603302367,0.6499433106575964,0.5204918032786885,0.6894843605185317,0.5327868852459017,11.536274270858721,3.0,0.9079012707024237,True,False
480,0.5,0.93,0.5,0.5,0.0,0.0,0.5,0.98,1.0,1e-12,0.7678760901931534,-0.014589715749484977,0.7290249433106575,0.7254098360655737,0.5005656390106631,0.38524590163934425,18.19806645543911,2.0,0.6647723864527345,True,False
481,0.5,0.93,0.5,0.0,0.0,0.5,0.5,0.98,1.0,1e-12,0.7713208982510567,-0.018034523807388236,0.7355442176870748,0.7363387978142077,0.8200487754352596,0.0,0.0,,0.6661691834543367,False,False
482,0.5,0.93,0.5,0.25,0.0,0.25,0.5,0.98,1.0,1e-12,0.7694649664844105,-0.016178592040742124,0.7332766439909297,0.7329234972677595,0.7368090426912849,0.00819672131147541,6.824274920789666,0.0,0.6639158234733729,False,False
483,0.5,0.93,0.5,0.2,0.1,0.2,0.5,0.98,1.0,1e-12,0.7693689811205681,-0.016082606676899647,0.7329931972789115,0.7329234972677595,0.6894843605185317,0.00819672131147541,6.49930944837111,0.0,0.6637035095720674,False,False
484,0.5,0.93,0.25,0.5,0.0,0.0,0.5,0.98,1.0,1e-12,0.77009334494017,-0.016806970496501594,0.7276077097505669,0.7185792349726776,0.5005656390106631,0.4672131147540984,33.715167763425136,2.0,0.6893790253422377,True,False
485,0.5,0.93,0.25,0.0,0.0,0.5,0.5,0.98,1.0,1e-12,0.7736042905642109,-0.020317916120542456,0.7349773242630385,0.7342896174863388,0.8200487754352596,0.12295081967213115,31.765374928913804,0.0,0.6910107603343705,True,False
486,0.5,0.93,0.25,0.25,0.0,0.25,0.5,0.98,1.0,1e-12,0.7718523608360907,-0.01856598639242224,0.7321428571428571,0.7274590163934426,0.7368090426912849,0.09016393442622951,26.97213421074011,0.0,0.6891315817820741,False,False
487,0.5,0.93,0.25,0.2,0.1,0.2,0.5,0.98,1.0,1e-12,0.7707278790568469,-0.017441504613178505,0.7312925170068028,0.7267759562841529,0.6894843605185317,0.12295081967213115,24.128686327077748,0.0,0.688996510481146,True,False
488,0.5,0.93,-0.0,0.5,0.0,0.0,0.5,0.98,1.0,1e-12,0.771909694375567,-0.018623319931898585,0.7250566893424036,0.7056010928961747,0.5005656390106631,0.5737704918032787,43.951580144609636,2.0,0.7146775450342994,True,False
489,0.5,0.93,-0.0,0.0,0.0,0.5,0.5,0.98,1.0,1e-12,0.7750188305517458,-0.02173245610807739,0.7329931972789115,0.7240437158469945,0.8200487754352596,0.23770491803278687,14.298480786416443,0.0,0.7163861270392792,True,False
490,0.5,0.93,-0.0,0.25,0.0,0.25,0.5,0.98,1.0,1e-12,0.7737923961094593,-0.020506021665790852,0.7310090702947847,0.7199453551912569,0.7368090426912849,0.3360655737704918,35.01502965309936,1.0,0.715064960136423,True,False
491,0.5,0.93,-0.0,0.2,0.1,0.2,0.5,0.98,1.0,1e-12,0.7732609335244253,-0.01997455908075685,0.7295918367346939,0.7172131147540983,0.6894843605185317,0.3770491803278688,35.90868470225038,1.0,0.7150209204446666,True,False
492,0.5,0.93,-0.25,0.5,0.0,0.0,0.5,0.98,1.0,1e-12,0.7745416712293433,-0.021255296785674838,0.721655328798186,0.6912568306010928,0.5005656390106631,0.45901639344262296,37.77723616865708,2.5,0.7400047524076004,True,False
493,0.5,0.93,-0.25,0.0,0.0,0.5,0.5,0.98,1.0,1e-12,0.7780801266189943,-0.024793752175325867,0.7335600907029479,0.7192622950819673,0.8200487754352596,0.36885245901639346,6.255585344057194,0.0,0.7416156721774574,True,False
494,0.5,0.93,-0.25,0.25,0.0,0.25,0.5,0.98,1.0,1e-12,0.7758584076992804,-0.022572033255611967,0.7293083900226757,0.7096994535519124,0.7368090426912849,0.6475409836065574,20.879031602892194,1.0,0.7409906178950781,True,False
495,0.5,0.93,-0.25,0.2,0.1,0.2,0.5,0.98,1.0,1e-12,0.7755569234692248,-0.022270549025556363,0.7270408163265306,0.7056010928961747,0.6894843605185317,0.6721311475409836,26.728410106426193,1.0,0.7410429356536892,True,False
496,0.5,0.93,-0.5,0.5,0.0,0.0,0.5,0.98,1.0,1e-12,0.7769707236583957,-0.023684349214727285,0.7168367346938775,0.6762295081967212,0.5005656390106631,0.32786885245901637,26.89089284263547,3.0,0.764692655307411,True,False
497,0.5,0.93,-0.5,0.0,0.0,0.5,0.5,0.98,1.0,1e-12,0.779483378552003,-0.026197004108334587,0.7327097505668934,0.7110655737704917,0.8200487754352596,0.6557377049180327,3.493378828499472,1.0,0.7660502629184899,True,False
498,0.5,0.93,-0.5,0.25,0.0,0.25,0.5,0.98,1.0,1e-12,0.7784718723634918,-0.025185497919823385,0.7256235827664398,0.6953551912568305,0.7368090426912849,0.6475409836065574,9.180274595824194,2.0,0.766185081249465,True,False
499,0.5,0.93,-0.5,0.2,0.1,0.2,0.5,0.98,1.0,1e-12,0.7784718723634918,-0.025185497919823385,0.7233560090702948,0.6905737704918031,0.6894843605185317,0.5327868852459017,11.536274270858721,3.0,0.7663293087691597,True,False
500,0.5,0.93,1.0,1.0,0.0,0.0,0.5,0.98,1.0,1e-12,0.766465179472724,-0.013178805029055551,0.7307256235827665,0.7315573770491803,0.5005656390106631,0.38524590163934425,18.19806645543911,2.0,0.6286312996994353,True,False
501,0.5,0.93,1.0,0.0,0.0,1.0,0.5,0.98,1.0,1e-12,0.7688290700493338,-0.015542695605665346,0.7378117913832201,0.7479508196721312,0.8200487754352596,0.0,0.0,,0.6334098476735882,False,False
502,0.5,0.93,1.0,0.5,0.0,0.5,0.5,0.98,1.0,1e-12,0.767057599676673,-0.013771225233004558,0.7352607709750567,0.7445355191256832,0.7368090426912849,0.00819672131147541,6.824274920789666,0.0,0.6243819680863468,False,False
503,0.5,0.93,1.0,0.4,0.2,0.4,0.5,0.98,1.0,1e-12,0.7672032597925712,-0.013916885348902786,0.7346938775510204,0.7418032786885246,0.6894843605185317,0.00819672131147541,6.49930944837111,0.0,0.6234662748195713,False,False
504,0.5,0.93,0.5,1.0,0.0,0.0,0.5,0.98,1.0,1e-12,0.7679262207805646,-0.01463984633689619,0.725907029478458,0.7165300546448087,0.5005656390106631,0.4672131147540984,33.715167763425136,2.0,0.6693421347707612,True,False
505,0.5,0.93,0.5,0.0,0.0,1.0,0.5,0.98,1.0,1e-12,0.7724355287124917,-0.019149154268823243,0.7372448979591837,0.7418032786885246,0.8200487754352596,0.12295081967213115,31.765374928913804,0.0,0.6773628412105384,True,False
506,0.5,0.93,0.5,0.5,0.0,0.5,0.5,0.98,1.0,1e-12,0.7688178347360883,-0.015531460292419919,0.7335600907029478,0.735655737704918,0.7368090426912849,0.09016393442622951,26.97213421074011,0.0,0.66791803315023,False,False
507,0.5,0.93,0.5,0.4,0.2,0.4,0.5,0.98,1.0,1e-12,0.768088675227167,-0.014802300783498534,0.7321428571428571,0.7329234972677595,0.6894843605185317,0.12295081967213115,24.128686327077748,0.0,0.6672014425879979,True,False
508,0.5,0.93,-0.0,1.0,0.0,0.0,0.5,0.98,1.0,1e-12,0.7694681874697744,-0.016181813026105996,0.719954648526077,0.6987704918032787,0.5005656390106631,0.5737704918032787,43.951580144609636,2.0,0.7136305197724254,True,False
509,0.5,0.93,-0.0,0.0,0.0,1.0,0.5,0.98,1.0,1e-12,0.7762219043738673,-0.022935529930198872,0.7369614512471656,0.7349726775956283,0.8200487754352596,0.23770491803278687,14.298480786416443,0.0,0.7229481857998046,True,False
510,0.5,0.93,-0.0,0.5,0.0,0.5,0.5,0.98,1.0,1e-12,0.7731546410074185,-0.01986826656375007,0.7307256235827664,0.7219945355191256,0.7368090426912849,0.3360655737704918,35.01502965309936,1.0,0.7154762915570456,True,False
511,0.5,0.93,-0.0,0.4,0.2,0.4,0.5,0.98,1.0,1e-12,0.7720230730603743,-0.018736698616705905,0.7287414965986394,0.7192622950819673,0.6894843605185317,0.3770491803278688,35.90868470225038,1.0,0.7151432312279699,True,False
512,0.5,0.93,-0.5,1.0,0.0,0.0,0.5,0.98,1.0,1e-12,0.7740675421837856,-0.02078116774011718,0.7111678004535147,0.6700819672131147,0.5005656390106631,0.45901639344262296,37.77723616865708,2.5,0.7581798706420769,True,False
513,0.5,0.93,-0.5,0.0,0.0,1.0,0.5,0.98,1.0,1e-12,0.7793718585341598,-0.026085484090491384,0.7329931972789115,0.7192622950819674,0.8200487754352596,0.36885245901639346,6.255585344057194,0.0,0.7661406408525159,True,False
514,0.5,0.93,-0.5,0.5,0.0,0.5,0.5,0.98,1.0,1e-12,0.7774089471934237,-0.024122572749755267,0.7273242630385487,0.7056010928961748,0.7368090426912849,0.6475409836065574,20.879031602892194,1.0,0.762843809178968,True,False
515,0.5,0.93,-0.5,0.4,0.2,0.4,0.5,0.98,1.0,1e-12,0.776290663935108,-0.023004289491439622,0.723922902494331,0.6987704918032785,0.6894843605185317,0.6721311475409836,26.728410106426193,1.0,0.7630307343104277,True,False
516,0.5,0.93,-1.0,1.0,0.0,0.0,0.5,0.98,1.0,1e-12,0.7788521393449441,-0.02556576490127571,0.6981292517006803,0.6297814207650274,0.5005656390106631,0.32786885245901637,26.89089284263547,3.0,0.7995958867677315,True,False
517,0.5,0.93,-1.0,0.0,0.0,1.0,0.5,0.98,1.0,1e-12,0.7820114941753566,-0.02872511973168823,0.7293083900226756,0.7028688524590164,0.8200487754352596,0.6557377049180327,3.493378828499472,1.0,0.8042389903694962,True,False
518,0.5,0.93,-1.0,0.5,0.0,0.5,0.5,0.98,1.0,1e-12,0.7805147380655054,-0.027228363621837004,0.7188208616780045,0.6782786885245902,0.7368090426912849,0.6475409836065574,9.180274595824194,2.0,0.8059465270380644,True,False
519,0.5,0.93,-1.0,0.4,0.2,0.4,0.5,0.98,1.0,1e-12,0.7799473699699417,-0.026660995526273323,0.7134353741496599,0.6673497267759563,0.6894843605185317,0.5327868852459017,11.536274270858721,3.0,0.8066416403604721,True,False
520,0.5,0.93,2.0,2.0,0.0,0.0,0.5,0.98,1.0,1e-12,0.7633696430125259,-0.01008326856885744,0.731859410430839,0.7390710382513663,0.5005656390106631,0.38524590163934425,18.19806645543911,2.0,0.5917357093323276,True,False
521,0.5,0.93,2.0,0.0,0.0,2.0,0.5,0.98,1.0,1e-12,0.7667851758923444,-0.01349880144867599,0.7406462585034014,0.7609289617486339,0.8200487754352596,0.0,0.0,,0.5949272138410486,False,False
522,0.5,0.93,2.0,1.0,0.0,1.0,0.5,0.98,1.0,1e-12,0.7639141590645607,-0.010627784620892311,0.7375283446712019,0.7554644808743171,0.7368090426912849,0.00819672131147541,6.824274920789666,0.0,0.5787197375128145,False,False
523,0.5,0.93,2.0,0.8,0.4,0.8,0.5,0.98,1.0,1e-12,0.7630507654615054,-0.009764391017836993,0.7372448979591838,0.7554644808743171,0.6894843605185317,0.00819672131147541,6.49930944837111,0.0,0.5771739872529401,False,False
524,0.5,0.93,1.0,2.0,0.0,0.0,0.5,0.98,1.0,1e-12,0.7656214696691144,-0.012335095225445958,0.7244897959183674,0.7151639344262296,0.5005656390106631,0.4672131147540984,33.715167763425136,2.0,0.6464941745689446,True,False
525,0.5,0.93,1.0,0.0,0.0,2.0,0.5,0.98,1.0,1e-12,0.7712343135573342,-0.017947939113665767,0.7389455782312925,0.7513661202185792,0.8200487754352596,0.12295081967213115,31.765374928913804,0.0,0.6696464154849594,True,False
526,0.5,0.93,1.0,1.0,0.0,1.0,0.5,0.98,1.0,1e-12,0.7673895306946942,-0.014103156251025761,0.7352607709750567,0.746584699453552,0.7368090426912849,0.09016393442622951,26.97213421074011,0.0,0.6409417118543052,False,False
527,0.5,0.93,1.0,0.8,0.4,0.8,0.5,0.98,1.0,1e-12,0.7661266181222578,-0.01284024367858938,0.7341269841269842,0.7431693989071039,0.6894843605185317,0.12295081967213115,24.128686327077748,0.0,0.6389186697716388,True,False
528,0.5,0.93,-0.0,2.0,0.0,0.0,0.5,0.98,1.0,1e-12,0.7682380121637846,-0.014951637720116207,0.7120181405895691,0.6816939890710382,0.5005656390106631,0.5737704918032787,43.951580144609636,2.0,0.7119576744424752,True,False
529,0.5,0.93,-0.0,0.0,0.0,2.0,0.5,0.98,1.0,1e-12,0.777757786979612,-0.024471412535943537,0.7392290249433106,0.7418032786885246,0.8200487754352596,0.23770491803278687,14.298480786416443,0.0,0.744415015230922,True,False
530,0.5,0.93,-0.0,1.0,0.0,1.0,0.5,0.98,1.0,1e-12,0.7717341864619639,-0.018447812018295484,0.7301587301587302,0.7260928961748634,0.7368090426912849,0.3360655737704918,35.01502965309936,1.0,0.7176176597177741,True,False
531,0.5,0.93,-0.0,0.8,0.4,0.8,0.5,0.98,1.0,1e-12,0.7696807725037881,-0.016394398060119664,0.7270408163265306,0.721311475409836,0.6894843605185317,0.3770491803278688,35.90868470225038,1.0,0.7157536722268957,True,False
532,0.5,0.93,-1.0,2.0,0.0,0.0,0.5,0.98,1.0,1e-12,0.7744082056510155,-0.02112183120734712,0.6924603174603174,0.6277322404371585,0.5005656390106631,0.45901639344262296,37.77723616865708,2.5,0.778123556694764,True,False
533,0.5,0.93,-1.0,0.0,0.0,2.0,0.5,0.98,1.0,1e-12,0.7823511984182616,-0.0290648239745932,0.7341269841269842,0.7219945355191257,0.8200487754352596,0.36885245901639346,6.255585344057194,0.0,0.8005359134674708,True,False
534,0.5,0.93,-1.0,1.0,0.0,1.0,0.5,0.98,1.0,1e-12,0.7779152145151672,-0.024628840071498792,0.7219387755102041,0.694672131147541,0.7368090426912849,0.6475409836065574,20.879031602892194,1.0,0.791837064665181,True,False
535,0.5,0.93,-1.0,0.8,0.4,0.8,0.5,0.98,1.0,1e-12,0.7775606626753448,-0.024274288231676433,0.7179705215419501,0.6864754098360655,0.6894843605185317,0.6721311475409836,26.728410106426193,1.0,0.7918719498713599,True,False
536,0.5,0.93,-2.0,2.0,0.0,0.0,0.5,0.98,1.0,1e-12,0.7797943156993961,-0.02650794125572764,0.6689342403628119,0.5607923497267758,0.5005656390106631,0.32786885245901637,26.89089284263547,3.0,0.834978782170952,True,False
537,0.5,0.93,-2.0,0.0,0.0,2.0,0.5,0.98,1.0,1e-12,0.7889917009754257,-0.03570532653175729,0.7284580498866213,0.6987704918032785,0.8200487754352596,0.6557377049180327,3.493378828499472,1.0,0.8391545482180862,True,False
538,0.5,0.93,-2.0,1.0,0.0,1.0,0.5,0.98,1.0,1e-12,0.784026902853041,-0.03074052840937258,0.7043650793650793,0.6413934426229508,0.7368090426912849,0.6475409836065574,9.180274595824194,2.0,0.8501967360298458,True,False
539,0.5,0.93,-2.0,0.8,0.4,0.8,0.5,0.98,1.0,1e-12,0.7827372203133585,-0.029450845869690045,0.6967120181405895,0.6243169398907105,0.6894843605185317,0.5327868852459017,11.536274270858721,3.0,0.852552123832565,True,False
540,0.5,0.93,4.0,4.0,0.0,0.0,0.5,0.98,1.0,1e-12,0.7612437926723897,-0.007957418228721314,0.7335600907029479,0.7452185792349728,0.5005656390106631,0.38524590163934425,18.19806645543911,2.0,0.5695695344699363,True,False
541,0.5,0.93,4.0,0.0,0.0,4.0,0.5,0.98,1.0,1e-12,0.7617429738263328,-0.00845659938266441,0.7406462585034014,0.764344262295082,0.8200487754352596,0.0,0.0,,0.5524998910743864,False,False
542,0.5,0.93,4.0,2.0,0.0,2.0,0.5,0.98,1.0,1e-12,0.7607792550054712,-0.0074928805618027505,0.7400793650793651,0.7636612021857924,0.7368090426912849,0.00819672131147541,6.824274920789666,0.0,0.5458121584642239,False,False
543,0.5,0.93,4.0,1.6,0.8,1.6,0.5,0.98,1.0,1e-12,0.7600352073864235,-0.006748832942755079,0.740079365079365,0.7629781420765027,0.6894843605185317,0.00819672131147541,6.49930944837111,0.0,0.5454934010789205,False,False
544,0.5,0.93,2.0,4.0,0.0,0.0,0.5,0.98,1.0,1e-12,0.7635822280465394,-0.010295853602870997,0.7236394557823129,0.7165300546448087,0.5005656390106631,0.4672131147540984,33.715167763425136,2.0,0.6312116559352186,True,False
545,0.5,0.93,2.0,0.0,0.0,4.0,0.5,0.98,1.0,1e-12,0.7693925541262892,-0.016106179682620736,0.7417800453514739,0.7581967213114753,0.8200487754352596,0.12295081967213115,31.765374928913804,0.0,0.6740190047993088,True,False
546,0.5,0.93,2.0,2.0,0.0,2.0,0.5,0.98,1.0,1e-12,0.7648577382506211,-0.011571363806952673,0.7372448979591837,0.753415300546448,0.7368090426912849,0.09016393442622951,26.97213421074011,0.0,0.6186835094757662,False,False
547,0.5,0.93,2.0,1.6,0.8,1.6,0.5,0.98,1.0,1e-12,0.7634759355295326,-0.010189561085864218,0.7352607709750567,0.7506830601092896,0.6894843605185317,0.12295081967213115,24.128686327077748,0.0,0.6162117705511031,True,False
548,0.5,0.93,-0.0,4.0,0.0,0.0,0.5,0.98,1.0,1e-12,0.7684375437307974,-0.015151169287129007,0.7035147392290249,0.6618852459016392,0.5005656390106631,0.5737704918032787,43.951580144609636,2.0,0.7111782076933986,True,False
549,0.5,0.93,-0.0,0.0,0.0,4.0,0.5,0.98,1.0,1e-12,0.7788800234871869,-0.025593649043518463,0.7395124716553289,0.7445355191256832,0.8200487754352596,0.23770491803278687,14.298480786416443,0.0,0.7775319192019318,True,False
550,0.5,0.93,-0.0,2.0,0.0,2.0,0.5,0.98,1.0,1e-12,0.771939685328177,-0.01865331088450861,0.729875283446712,0.7295081967213115,0.7368090426912849,0.3360655737704918,35.01502965309936,1.0,0.7228529006498202,True,False
551,0.5,0.93,-0.0,1.6,0.8,1.6,0.5,0.98,1.0,1e-12,0.7690757546681938,-0.015789380224525362,0.7259070294784581,0.7213114754098361,0.6894843605185317,0.3770491803278688,35.90868470225038,1.0,0.7173573587043627,True,False
552,0.5,0.93,-2.0,4.0,0.0,0.0,0.5,0.98,1.0,1e-12,0.7741628833505555,-0.02087650890688708,0.675453514739229,0.5867486338797814,0.5005656390106631,0.45901639344262296,37.77723616865708,2.5,0.7914264175169667,True,False
553,0.5,0.93,-2.0,0.0,0.0,4.0,0.5,0.98,1.0,1e-12,0.7871650443868643,-0.03387866994319588,0.735827664399093,0.726775956284153,0.8200487754352596,0.36885245901639346,6.255585344057194,0.0,0.8231678519374098,True,False
554,0.5,0.93,-2.0,2.0,0.0,2.0,0.5,0.98,1.0,1e-12,0.7800224999244576,-0.026736125480789186,0.7182539682539683,0.6844262295081968,0.7368090426912849,0.6475409836065574,20.879031602892194,1.0,0.8157392319183423,True,False
555,0.5,0.93,-2.0,1.6,0.8,1.6,0.5,0.98,1.0,1e-12,0.7774865084345239,-0.02420013399085552,0.7071995464852608,0.6612021857923498,0.6894843605185317,0.6721311475409836,26.728410106426193,1.0,0.81487557981903,True,False
556,0.5,0.93,-4.0,4.0,0.0,0.0,0.5,0.98,1.0,1e-12,0.7809867268278923,-0.02770035238422386,0.6417233560090704,0.5027322404371585,0.5005656390106631,0.32786885245901637,26.89089284263547,3.0,0.8556965619697253,True,False
557,0.5,0.93,-4.0,0.0,0.0,4.0,0.5,0.98,1.0,1e-12,0.7915490917768642,-0.03826271733319575,0.7278911564625851,0.6967213114754097,0.8200487754352596,0.6557377049180327,3.493378828499472,1.0,0.8494272088229444,True,False
558,0.5,0.93,-4.0,2.0,0.0,2.0,0.5,0.98,1.0,1e-12,0.7883230267606937,-0.03503665231702524,0.6899092970521541,0.6031420765027321,0.7368090426912849,0.6475409836065574,9.180274595824194,2.0,0.8766543460092956,True,False
559,0.5,0.93,-4.0,1.6,0.8,1.6,0.5,0.98,1.0,1e-12,0.787034515830892,-0.033748141387223596,0.675453514739229,0.5710382513661202,0.6894843605185317,0.5327868852459017,11.536274270858721,3.0,0.8822939816243813,True,False
560,0.5,0.97,0.5,0.5,0.0,0.0,0.5,0.98,1.0,1e-12,0.7693712715990491,-0.01608489715538064,0.7278911564625851,0.7199453551912569,0.5005656390106631,0.38524590163934425,18.19806645543911,2.0,0.6801000503088027,True,False
561,0.5,0.97,0.5,0.0,0.0,0.5,0.5,0.98,1.0,1e-12,0.7727436432749922,-0.019457268831323815,0.7349773242630385,0.7349726775956285,0.8200487754352596,0.0,0.0,,0.6816267819152052,False,False
562,0.5,0.97,0.5,0.25,0.0,0.25,0.5,0.98,1.0,1e-12,0.7704090015058266,-0.01712262706215817,0.7324263038548752,0.730191256830601,0.7368090426912849,0.00819672131147541,6.824274920789666,0.0,0.6791638070522915,False,False
563,0.5,0.97,0.5,0.2,0.1,0.2,0.5,0.98,1.0,1e-12,0.7698901365524378,-0.01660376210876935,0.7315759637188208,0.7281420765027323,0.6894843605185317,0.00819672131147541,6.49930944837111,0.0,0.6789317430206318,False,False
564,0.5,0.97,0.25,0.5,0.0,0.0,0.5,0.98,1.0,1e-12,0.7710593542395127,-0.017772979795844246,0.7253401360544217,0.7083333333333333,0.5005656390106631,0.4672131147540984,33.715167763425136,2.0,0.7069956788624457,True,False
565,0.5,0.97,0.25,0.0,0.0,0.5,0.5,0.98,1.0,1e-12,0.7746999530007254,-0.021413578557056945,0.7341269841269841,0.7295081967213115,0.8200487754352596,0.12295081967213115,31.765374928913804,0.0,0.7087792031561724,True,False
566,0.5,0.97,0.25,0.25,0.0,0.25,0.5,0.98,1.0,1e-12,0.7729420559734049,-0.019655681529736513,0.731859410430839,0.7226775956284153,0.7368090426912849,0.09016393442622951,26.97213421074011,0.0,0.7067252172966856,False,False
567,0.5,0.97,0.25,0.2,0.1,0.2,0.5,0.98,1.0,1e-12,0.7723909095889251,-0.019104535145256674,0.7301587301587301,0.7206284153005464,0.6894843605185317,0.12295081967213115,24.128686327077748,0.0,0.7065775812235782,True,False
568,0.5,0.97,-0.0,0.5,0.0,0.0,0.5,0.98,1.0,1e-12,0.7733601398736315,-0.020073765429963086,0.7208049886621315,0.6919398907103824,0.5005656390106631,0.5737704918032787,43.951580144609636,2.0,0.7346475492235366,True,False
569,0.5,0.97,-0.0,0.0,0.0,0.5,0.5,0.98,1.0,1e-12,0.7774156015497073,-0.02412922710603893,0.7335600907029479,0.7219945355191256,0.8200487754352596,0.23770491803278687,14.298480786416443,0.0,0.7365150690894446,True,False
570,0.5,0.97,-0.0,0.25,0.0,0.25,0.5,0.98,1.0,1e-12,0.7751317534011976,-0.021845378957529138,0.7301587301587301,0.7137978142076502,0.7368090426912849,0.3360655737704918,35.01502965309936,1.0,0.735071002939811,True,False
571,0.5,0.97,-0.0,0.2,0.1,0.2,0.5,0.98,1.0,1e-12,0.774444323547101,-0.021157949103432605,0.7267573696145124,0.7069672131147541,0.6894843605185317,0.3770491803278688,35.90868470225038,1.0,0.7350228665325426,True,False
572,0.5,0.97,-0.25,0.5,0.0,0.0,0.5,0.98,1.0,1e-12,0.7763084890675896,-0.02302211462392123,0.7171201814058956,0.6769125683060109,0.5005656390106631,0.45901639344262296,37.77723616865708,2.5,0.762330775887377,True,False
573,0.5,0.97,-0.25,0.0,0.0,0.5,0.5,0.98,1.0,1e-12,0.7792707935179893,-0.02598441907432092,0.7341269841269841,0.7151639344262296,0.8200487754352596,0.36885245901639346,6.255585344057194,0.0,0.7640915486590814,True,False
574,0.5,0.97,-0.25,0.25,0.0,0.25,0.5,0.98,1.0,1e-12,0.7781529948124714,-0.02486662036880294,0.7267573696145125,0.6987704918032785,0.7368090426912849,0.6475409836065574,20.879031602892194,1.0,0.7634083497922947,True,False
575,0.5,0.97,-0.25,0.2,0.1,0.2,0.5,0.98,1.0,1e-12,0.7776962590878785,-0.024409884644210122,0.723922902494331,0.6933060109289617,0.6894843605185317,0.6721311475409836,26.728410106426193,1.0,0.7634655343191485,True,False
576,0.5,0.97,-0.5,0.5,0.0,0.0,0.5,0.98,1.0,1e-12,0.7780020831718981,-0.0247157087282297,0.7097505668934241,0.6584699453551912,0.5005656390106631,0.32786885245901637,26.89089284263547,3.0,0.789315227894147,True,False
577,0.5,0.97,-0.5,0.0,0.0,0.5,0.5,0.98,1.0,1e-12,0.7808651812730915,-0.02757880682942304,0.7287414965986394,0.7015027322404371,0.8200487754352596,0.6557377049180327,3.493378828499472,1.0,0.7907991245853262,True,False
578,0.5,0.97,-0.5,0.25,0.0,0.25,0.5,0.98,1.0,1e-12,0.7793585738454314,-0.026072199401762974,0.7202380952380952,0.6823770491803278,0.7368090426912849,0.6475409836065574,9.180274595824194,2.0,0.7909464841563919,True,False
579,0.5,0.97,-0.5,0.2,0.1,0.2,0.5,0.98,1.0,1e-12,0.7792545718069055,-0.025968197363237078,0.7182539682539684,0.6775956284153006,0.6894843605185317,0.5327868852459017,11.536274270858721,3.0,0.7911041281895466,True,False
580,0.5,0.97,1.0,1.0,0.0,0.0,0.5,0.98,1.0,1e-12,0.7665714719897307,-0.01328509754606233,0.7293083900226757,0.7274590163934426,0.5005656390106631,0.38524590163934425,18.19806645543911,2.0,0.6405970019970574,True,False
581,0.5,0.97,1.0,0.0,0.0,1.0,0.5,0.98,1.0,1e-12,0.7698101821911603,-0.016523807747491848,0.7375283446712018,0.7465846994535519,0.8200487754352596,0.0,0.0,,0.645820066061829,False,False
582,0.5,0.97,1.0,0.5,0.0,0.5,0.5,0.98,1.0,1e-12,0.7677819634962748,-0.014495589052606395,0.7341269841269841,0.7424863387978141,0.7368090426912849,0.00819672131147541,6.824274920789666,0.0,0.635952383722286,False,False
583,0.5,0.97,1.0,0.4,0.2,0.4,0.5,0.98,1.0,1e-12,0.767057599676673,-0.013771225233004558,0.7324263038548753,0.7370218579234973,0.6894843605185317,0.00819672131147541,6.49930944837111,0.0,0.6349515096865082,False,False
584,0.5,0.97,0.5,1.0,0.0,0.0,0.5,0.98,1.0,1e-12,0.7685639758826055,-0.015277601438937083,0.7230725623582765,0.7090163934426229,0.5005656390106631,0.4672131147540984,33.715167763425136,2.0,0.6850948914936226,True,False
585,0.5,0.97,0.5,0.0,0.0,1.0,0.5,0.98,1.0,1e-12,0.7732260300982311,-0.019939655654562682,0.7380952380952381,0.7424863387978141,0.8200487754352596,0.12295081967213115,31.765374928913804,0.0,0.6938617101603559,True,False
586,0.5,0.97,0.5,0.5,0.0,0.5,0.5,0.98,1.0,1e-12,0.7705256011759977,-0.01723922673232925,0.731859410430839,0.7301912568306012,0.7368090426912849,0.09016393442622951,26.97213421074011,0.0,0.6835383153037395,False,False
587,0.5,0.97,0.5,0.4,0.2,0.4,0.5,0.98,1.0,1e-12,0.7689067339321304,-0.015620359488461966,0.7301587301587301,0.7281420765027323,0.6894843605185317,0.12295081967213115,24.128686327077748,0.0,0.6827550651543232,True,False
588,0.5,0.97,-0.0,1.0,0.0,0.0,0.5,0.98,1.0,1e-12,0.7705334031183234,-0.017247028674654996,0.7140022675736961,0.6823770491803278,0.5005656390106631,0.5737704918032787,43.951580144609636,2.0,0.7335031262628837,True,False
589,0.5,0.97,-0.0,0.0,0.0,1.0,0.5,0.98,1.0,1e-12,0.7778663699750997,-0.02457999553143131,0.7361111111111112,0.730191256830601,0.8200487754352596,0.23770491803278687,14.298480786416443,0.0,0.7436875519207168,True,False
590,0.5,0.97,-0.0,0.5,0.0,0.5,0.5,0.98,1.0,1e-12,0.7743707682965407,-0.021084393852872307,0.7298752834467122,0.7172131147540983,0.7368090426912849,0.3360655737704918,35.01502965309936,1.0,0.7355205977483986,True,False
591,0.5,0.97,-0.0,0.4,0.2,0.4,0.5,0.98,1.0,1e-12,0.7728183701354333,-0.019531995691764892,0.7259070294784581,0.7103825136612021,0.6894843605185317,0.3770491803278688,35.90868470225038,1.0,0.7351565550631297,True,False
592,0.5,0.97,-0.5,1.0,0.0,0.0,0.5,0.98,1.0,1e-12,0.7759115920933117,-0.022625217649643314,0.7003968253968254,0.6420765027322404,0.5005656390106631,0.45901639344262296,37.77723616865708,2.5,0.7821966027948282,True,False
593,0.5,0.97,-0.5,0.0,0.0,1.0,0.5,0.98,1.0,1e-12,0.7804148159417738,-0.027128441498105338,0.7315759637188208,0.7131147540983608,0.8200487754352596,0.36885245901639346,6.255585344057194,0.0,0.7908979097690291,True,False
594,0.5,0.97,-0.5,0.5,0.0,0.5,0.5,0.98,1.0,1e-12,0.7786718597658601,-0.025385485322191648,0.7244897959183674,0.6953551912568305,0.7368090426912849,0.6475409836065574,20.879031602892194,1.0,0.787294396079337,True,False
595,0.5,0.97,-0.5,0.4,0.2,0.4,0.5,0.98,1.0,1e-12,0.7778107566412858,-0.024524382197617434,0.7210884353741497,0.6892076502732242,0.6894843605185317,0.6721311475409836,26.728410106426193,1.0,0.7874987095951185,True,False
596,0.5,0.97,-1.0,1.0,0.0,0.0,0.5,0.98,1.0,1e-12,0.7802458239231524,-0.026959449479484032,0.6819727891156463,0.5881147540983607,0.5005656390106631,0.32786885245901637,26.89089284263547,3.0,0.8274652715833344,True,False
597,0.5,0.97,-1.0,0.0,0.0,1.0,0.5,0.98,1.0,1e-12,0.7853903530288396,-0.03210397858517122,0.7278911564625851,0.6960382513661202,0.8200487754352596,0.6557377049180327,3.493378828499472,1.0,0.8325402917992167,True,False
598,0.5,0.97,-1.0,0.5,0.0,0.5,0.5,0.98,1.0,1e-12,0.7823262225809321,-0.02903984813726368,0.7100340136054422,0.6530054644808743,0.7368090426912849,0.6475409836065574,9.180274595824194,2.0,0.834406669088117,True,False
599,0.5,0.97,-1.0,0.4,0.2,0.4,0.5,0.98,1.0,1e-12,0.781357708070751,-0.028071333627082584,0.7069160997732425,0.6461748633879781,0.6894843605185317,0.5327868852459017,11.536274270858721,3.0,0.8351664441149346,True,False
600,0.5,0.97,2.0,2.0,0.0,0.0,0.5,0.98,1.0,1e-12,0.7634759355295326,-0.010189561085864218,0.7295918367346939,0.7329234972677597,0.5005656390106631,0.38524590163934425,18.19806645543911,2.0,0.600269263688823,True,False
601,0.5,0.97,2.0,0.0,0.0,2.0,0.5,0.98,1.0,1e-12,0.7671977483287264,-0.013911373885058032,0.740079365079365,0.7595628415300547,0.8200487754352596,0.0,0.0,,0.6037576523378902,False,False
602,0.5,0.97,2.0,1.0,0.0,1.0,0.5,0.98,1.0,1e-12,0.7641070602991286,-0.010820685855460144,0.7372448979591837,0.7547814207650274,0.7368090426912849,0.00819672131147541,6.824274920789666,0.0,0.5860425037930762,False,False
603,0.5,0.97,2.0,0.8,0.4,0.8,0.5,0.98,1.0,1e-12,0.7631570579785122,-0.009870683534843772,0.7366780045351474,0.7540983606557379,0.6894843605185317,0.00819672131147541,6.49930944837111,0.0,0.5843529628113532,False,False
604,0.5,0.97,1.0,2.0,0.0,0.0,0.5,0.98,1.0,1e-12,0.7653695170362094,-0.012083142592540952,0.7205215419501134,0.7062841530054645,0.5005656390106631,0.4672131147540984,33.715167763425136,2.0,0.6601215396451257,True,False
605,0.5,0.97,1.0,0.0,0.0,2.0,0.5,0.98,1.0,1e-12,0.7719233181153864,-0.018636943671717976,0.7395124716553289,0.7506830601092896,0.8200487754352596,0.12295081967213115,31.765374928913804,0.0,0.685427477390537,True,False
606,0.5,0.97,1.0,1.0,0.0,1.0,0.5,0.98,1.0,1e-12,0.767589062261707,-0.014302687818038562,0.7344104308390024,0.7445355191256832,0.7368090426912849,0.09016393442622951,26.97213421074011,0.0,0.6540525687709846,False,False
607,0.5,0.97,1.0,0.8,0.4,0.8,0.5,0.98,1.0,1e-12,0.766432898041633,-0.013146523597964532,0.733843537414966,0.7418032786885246,0.6894843605185317,0.12295081967213115,24.128686327077748,0.0,0.65184133672714,True,False
608,0.5,0.97,-0.0,2.0,0.0,0.0,0.5,0.98,1.0,1e-12,0.7700449849529003,-0.016758610509231886,0.7035147392290249,0.6598360655737705,0.5005656390106631,0.5737704918032787,43.951580144609636,2.0,0.7316746674138682,True,False
609,0.5,0.97,-0.0,0.0,0.0,2.0,0.5,0.98,1.0,1e-12,0.7794600419556765,-0.026173667512008114,0.7380952380952381,0.7377049180327869,0.8200487754352596,0.23770491803278687,14.298480786416443,0.0,0.7671512957175193,True,False
610,0.5,0.97,-0.0,1.0,0.0,1.0,0.5,0.98,1.0,1e-12,0.7739631083337429,-0.020676733890074517,0.7304421768707483,0.723360655737705,0.7368090426912849,0.3360655737704918,35.01502965309936,1.0,0.7378611629473344,True,False
611,0.5,0.97,-0.0,0.8,0.4,0.8,0.5,0.98,1.0,1e-12,0.7701948417678574,-0.016908467324188936,0.7236394557823129,0.7117486338797814,0.6894843605185317,0.3770491803278688,35.90868470225038,1.0,0.7358237812712579,True,False
612,0.5,0.97,-1.0,2.0,0.0,0.0,0.5,0.98,1.0,1e-12,0.7760955484931151,-0.022809174049446712,0.6746031746031745,0.5819672131147542,0.5005656390106631,0.45901639344262296,37.77723616865708,2.5,0.8039955154570674,True,False
613,0.5,0.97,-1.0,0.0,0.0,2.0,0.5,0.98,1.0,1e-12,0.7868832439562543,-0.03359686951258589,0.7346938775510204,0.7192622950819672,0.8200487754352596,0.36885245901639346,6.255585344057194,0.0,0.8284927426272354,True,False
614,0.5,0.97,-1.0,1.0,0.0,1.0,0.5,0.98,1.0,1e-12,0.780685450289789,-0.027399075846120557,0.7182539682539683,0.6803278688524589,0.7368090426912849,0.6475409836065574,20.879031602892194,1.0,0.8189846985875233,True,False
615,0.5,0.97,-1.0,0.8,0.4,0.8,0.5,0.98,1.0,1e-12,0.7793013570902196,-0.02601498264655122,0.7089002267573696,0.6639344262295082,0.6894843605185317,0.6721311475409836,26.728410106426193,1.0,0.8190228289291608,True,False
616,0.5,0.97,-2.0,2.0,0.0,0.0,0.5,0.98,1.0,1e-12,0.782550551010764,-0.029264176567095568,0.6306689342403629,0.47267759562841527,0.5005656390106631,0.32786885245901637,26.89089284263547,3.0,0.8661395991170872,True,False
617,0.5,0.97,-2.0,0.0,0.0,2.0,0.5,0.98,1.0,1e-12,0.7945119448230453,-0.04122557037937691,0.7259070294784581,0.6878415300546448,0.8200487754352596,0.6557377049180327,3.493378828499472,1.0,0.8707038085174429,True,False
618,0.5,0.97,-2.0,1.0,0.0,1.0,0.5,0.98,1.0,1e-12,0.7878807068215015,-0.03459433237783305,0.6933106575963718,0.6099726775956285,0.7368090426912849,0.6475409836065574,9.180274595824194,2.0,0.8827731765907616,True,False
619,0.5,0.97,-2.0,0.8,0.4,0.8,0.5,0.98,1.0,1e-12,0.7864052092150514,-0.033118834771383,0.679705215419501,0.5799180327868853,0.6894843605185317,0.5327868852459017,11.536274270858721,3.0,0.8853476702355942,True,False
620,0.5,0.97,4.0,4.0,0.0,0.0,0.5,0.98,1.0,1e-12,0.7612437926723897,-0.007957418228721314,0.7315759637188209,0.7404371584699454,0.5005656390106631,0.38524590163934425,18.19806645543911,2.0,0.5760411190717908,True,False
621,0.5,0.97,4.0,0.0,0.0,4.0,0.5,0.98,1.0,1e-12,0.7619358750609007,-0.008649500617232242,0.7406462585034014,0.764344262295082,0.8200487754352596,0.0,0.0,,0.5573836018720036,False,False
622,0.5,0.97,4.0,2.0,0.0,2.0,0.5,0.98,1.0,1e-12,0.7610115238389304,-0.007725149395262032,0.7400793650793651,0.7636612021857924,0.7368090426912849,0.00819672131147541,6.824274920789666,0.0,0.5500737546004308,False,False
623,0.5,0.97,4.0,1.6,0.8,1.6,0.5,0.98,1.0,1e-12,0.7601414999034303,-0.006855125459761857,0.740079365079365,0.7629781420765027,0.6894843605185317,0.00819672131147541,6.49930944837111,0.0,0.5497253453653317,False,False
624,0.5,0.97,2.0,4.0,0.0,0.0,0.5,0.98,1.0,1e-12,0.7637948130805531,-0.010508438636884665,0.7191043083900226,0.7049180327868853,0.5005656390106631,0.4672131147540984,33.715167763425136,2.0,0.6434173913710529,True,False
625,0.5,0.97,2.0,0.0,0.0,4.0,0.5,0.98,1.0,1e-12,0.7712539973567799,-0.01796762291311149,0.7414965986394558,0.7581967213114753,0.8200487754352596,0.12295081967213115,31.765374928913804,0.0,0.6902068191992444,True,False
626,0.5,0.97,2.0,2.0,0.0,2.0,0.5,0.98,1.0,1e-12,0.7653025921180939,-0.012016217674425511,0.7366780045351474,0.7513661202185792,0.7368090426912849,0.09016393442622951,26.97213421074011,0.0,0.6297238359386281,False,False
627,0.5,0.97,2.0,1.6,0.8,1.6,0.5,0.98,1.0,1e-12,0.7642199831485802,-0.01093360870491178,0.7349773242630386,0.75,0.6894843605185317,0.12295081967213115,24.128686327077748,0.0,0.6270221678116709,True,False
628,0.5,0.97,-0.0,4.0,0.0,0.0,0.5,0.98,1.0,1e-12,0.7695004689008654,-0.016214094457197015,0.6893424036281178,0.6277322404371585,0.5005656390106631,0.5737704918032787,43.951580144609636,2.0,0.7308226921299937,True,False
629,0.5,0.97,-0.0,0.0,0.0,4.0,0.5,0.98,1.0,1e-12,0.7819711673521402,-0.028684792908471812,0.7383786848072563,0.7397540983606559,0.8200487754352596,0.23770491803278687,14.298480786416443,0.0,0.8033488419183904,True,False
630,0.5,0.97,-0.0,2.0,0.0,2.0,0.5,0.98,1.0,1e-12,0.7728766341817925,-0.019590259738124116,0.7270408163265306,0.7213114754098361,0.7368090426912849,0.3360655737704918,35.01502965309936,1.0,0.74358340303585,True,False
631,0.5,0.97,-0.0,1.6,0.8,1.6,0.5,0.98,1.0,1e-12,0.7699064110048025,-0.01662003656113409,0.7222222222222222,0.7131147540983607,0.6894843605185317,0.3770491803278688,35.90868470225038,1.0,0.7375766478861638,True,False
632,0.5,0.97,-2.0,4.0,0.0,0.0,0.5,0.98,1.0,1e-12,0.7760813761575143,-0.022795001713845853,0.6403061224489796,0.5122950819672131,0.5005656390106631,0.45901639344262296,37.77723616865708,2.5,0.8185358517045915,True,False
633,0.5,0.97,-2.0,0.0,0.0,4.0,0.5,0.98,1.0,1e-12,0.7932981320362427,-0.04001175759257425,0.7341269841269841,0.7192622950819673,0.8200487754352596,0.36885245901639346,6.255585344057194,0.0,0.8532299776990292,True,False
634,0.5,0.97,-2.0,2.0,0.0,2.0,0.5,0.98,1.0,1e-12,0.7825932757095192,-0.029306901265850782,0.713718820861678,0.6680327868852459,0.7368090426912849,0.6475409836065574,20.879031602892194,1.0,0.8451103232595832,True,False
635,0.5,0.97,-2.0,1.6,0.8,1.6,0.5,0.98,1.0,1e-12,0.7794397878834123,-0.026153413439743867,0.6978458049886621,0.6359289617486339,0.6894843605185317,0.6721311475409836,26.728410106426193,1.0,0.8441663314301026,True,False
636,0.5,0.97,-4.0,4.0,0.0,0.0,0.5,0.98,1.0,1e-12,0.7832070594053677,-0.029920684961699306,0.5742630385487528,0.3845628415300546,0.5005656390106631,0.32786885245901637,26.89089284263547,3.0,0.888784614245979,True,False
637,0.5,0.97,-4.0,0.0,0.0,4.0,0.5,0.98,1.0,1e-12,0.7986408185947763,-0.0453544441511079,0.7233560090702947,0.6816939890710382,0.8200487754352596,0.6557377049180327,3.493378828499472,1.0,0.8819320654576369,True,False
638,0.5,0.97,-4.0,2.0,0.0,2.0,0.5,0.98,1.0,1e-12,0.7941381245059241,-0.04085175006225572,0.6720521541950113,0.5560109289617486,0.7368090426912849,0.6475409836065574,9.180274595824194,2.0,0.9116919595915557,True,False
639,0.5,0.97,-4.0,1.6,0.8,1.6,0.5,0.98,1.0,1e-12,0.7916618309582021,-0.03837545651453367,0.6473922902494331,0.5,0.6894843605185317,0.5327868852459017,11.536274270858721,3.0,0.917856212473161,True,False
640,0.5,0.99,0.5,0.5,0.0,0.0,0.5,0.98,1.0,1e-12,0.7697767578676306,-0.01649038342396214,0.7276077097505669,0.7192622950819673,0.5005656390106631,0.38524590163934425,18.19806645543911,2.0,0.6877638822368369,True,False
641,0.5,0.99,0.5,0.0,0.0,0.5,0.5,0.98,1.0,1e-12,0.7734979980472041,-0.020211623603535678,0.7355442176870748,0.735655737704918,0.8200487754352596,0.0,0.0,,0.6893555811456394,False,False
642,0.5,0.99,0.5,0.25,0.0,0.25,0.5,0.98,1.0,1e-12,0.7712964187622914,-0.018010044318622964,0.7324263038548752,0.7281420765027323,0.7368090426912849,0.00819672131147541,6.824274920789666,0.0,0.6867877988417506,False,False
643,0.5,0.99,0.5,0.2,0.1,0.2,0.5,0.98,1.0,1e-12,0.7703027089888197,-0.01701633454515128,0.7312925170068028,0.7281420765027323,0.6894843605185317,0.00819672131147541,6.49930944837111,0.0,0.686545859744914,False,False
644,0.5,0.99,0.25,0.5,0.0,0.0,0.5,0.98,1.0,1e-12,0.7718034018585602,-0.018517027414891807,0.723922902494331,0.7042349726775956,0.5005656390106631,0.4672131147540984,33.715167763425136,2.0,0.7158040056225499,True,False
645,0.5,0.99,0.25,0.0,0.0,0.5,0.5,0.98,1.0,1e-12,0.7750188305517458,-0.02173245610807739,0.7335600907029478,0.7267759562841529,0.8200487754352596,0.12295081967213115,31.765374928913804,0.0,0.7176634245670733,True,False
646,0.5,0.99,0.25,0.25,0.0,0.25,0.5,0.98,1.0,1e-12,0.7736861035924525,-0.020399729148784074,0.731859410430839,0.7219945355191257,0.7368090426912849,0.09016393442622951,26.97213421074011,0.0,0.7155220350539914,False,False
647,0.5,0.99,0.25,0.2,0.1,0.2,0.5,0.98,1.0,1e-12,0.772835763456398,-0.019549389012729623,0.7304421768707483,0.7199453551912569,0.6894843605185317,0.12295081967213115,24.128686327077748,0.0,0.7153681165947942,True,False
648,0.5,0.99,-0.0,0.5,0.0,0.0,0.5,0.98,1.0,1e-12,0.7745416712293433,-0.021255296785674838,0.7196712018140589,0.6878415300546449,0.5005656390106631,0.5737704918032787,43.951580144609636,2.0,0.7446325513181553,True,False
649,0.5,0.99,-0.0,0.0,0.0,0.5,0.5,0.98,1.0,1e-12,0.7785167227087858,-0.025230348265117386,0.7327097505668935,0.717896174863388,0.8200487754352596,0.23770491803278687,14.298480786416443,0.0,0.7465795401145273,True,False
650,0.5,0.99,-0.0,0.25,0.0,0.25,0.5,0.98,1.0,1e-12,0.7765013903021576,-0.023215015858489174,0.7290249433106575,0.7090163934426228,0.7368090426912849,0.3360655737704918,35.01502965309936,1.0,0.745074024341505,True,False
651,0.5,0.99,-0.0,0.2,0.1,0.2,0.5,0.98,1.0,1e-12,0.7756632159862316,-0.02237684154256314,0.7267573696145124,0.7049180327868851,0.6894843605185317,0.3770491803278688,35.90868470225038,1.0,0.7450238395764806,True,False
652,0.5,0.99,-0.25,0.5,0.0,0.0,0.5,0.98,1.0,1e-12,0.7771702552254084,-0.023883880781739975,0.7145691609977324,0.6700819672131147,0.5005656390106631,0.45901639344262296,37.77723616865708,2.5,0.7734937876272655,True,False
653,0.5,0.99,-0.25,0.0,0.0,0.5,0.5,0.98,1.0,1e-12,0.7794936857051673,-0.02620731126149889,0.7329931972789115,0.7103825136612021,0.8200487754352596,0.36885245901639346,6.255585344057194,0.0,0.7753294868998932,True,False
654,0.5,0.99,-0.25,0.25,0.0,0.25,0.5,0.98,1.0,1e-12,0.7788120084179135,-0.02552563397424512,0.7244897959183674,0.6926229508196721,0.7368090426912849,0.6475409836065574,20.879031602892194,1.0,0.7746172157409031,True,False
655,0.5,0.99,-0.25,0.2,0.1,0.2,0.5,0.98,1.0,1e-12,0.7784718723634918,-0.025185497919823385,0.7225056689342404,0.6878415300546449,0.6894843605185317,0.6721311475409836,26.728410106426193,1.0,0.7746768336518781,True,False
656,0.5,0.99,-0.5,0.5,0.0,0.0,0.5,0.98,1.0,1e-12,0.7794206790503886,-0.02613430460672017,0.7020975056689343,0.6372950819672131,0.5005656390106631,0.32786885245901637,26.89089284263547,3.0,0.801626514187515,True,False
657,0.5,0.99,-0.5,0.0,0.0,0.5,0.5,0.98,1.0,1e-12,0.7815895450926933,-0.028303170649024878,0.7276077097505668,0.6967213114754098,0.8200487754352596,0.6557377049180327,3.493378828499472,1.0,0.8031735554187444,True,False
658,0.5,0.99,-0.5,0.25,0.0,0.25,0.5,0.98,1.0,1e-12,0.7805518151859158,-0.02726544074224735,0.7185374149659864,0.6762295081967213,0.7368090426912849,0.6475409836065574,9.180274595824194,2.0,0.8033271856098553,True,False
659,0.5,0.99,-0.5,0.2,0.1,0.2,0.5,0.98,1.0,1e-12,0.7798900364304654,-0.026603661986796978,0.7154195011337868,0.6700819672131147,0.6894843605185317,0.5327868852459017,11.536274270858721,3.0,0.8034915378997398,True,False
660,0.5,0.99,1.0,1.0,0.0,0.0,0.5,0.98,1.0,1e-12,0.7664454956732782,-0.013159121229609827,0.7281746031746031,0.7240437158469946,0.5005656390106631,0.38524590163934425,18.19806645543911,2.0,0.6465798531458682,True,False
661,0.5,0.99,1.0,0.0,0.0,1.0,0.5,0.98,1.0,1e-12,0.7705649927987278,-0.017278618355059394,0.7380952380952381,0.7465846994535519,0.8200487754352596,0.0,0.0,,0.6520251752559494,False,False
662,0.5,0.99,1.0,0.5,0.0,0.5,0.5,0.98,1.0,1e-12,0.7677819634962748,-0.014495589052606395,0.7332766439909296,0.7404371584699454,0.7368090426912849,0.00819672131147541,6.824274920789666,0.0,0.6417375915402556,False,False
663,0.5,0.99,1.0,0.4,0.2,0.4,0.5,0.98,1.0,1e-12,0.7672701847106865,-0.013983810267018115,0.7321428571428571,0.7377049180327869,0.6894843605185317,0.00819672131147541,6.49930944837111,0.0,0.6406941271199765,False,False
664,0.5,0.99,0.5,1.0,0.0,0.0,0.5,0.98,1.0,1e-12,0.7688631696341801,-0.015576795190511694,0.7213718820861678,0.7049180327868853,0.5005656390106631,0.4672131147540984,33.715167763425136,2.0,0.6929712698550533,True,False
665,0.5,0.99,0.5,0.0,0.0,1.0,0.5,0.98,1.0,1e-12,0.7737504065154647,-0.020464032071796256,0.7380952380952381,0.7418032786885246,0.8200487754352596,0.12295081967213115,31.765374928913804,0.0,0.7021111446352646,True,False
666,0.5,0.99,0.5,0.5,0.0,0.5,0.5,0.98,1.0,1e-12,0.7706145003720397,-0.017328125928371296,0.7312925170068028,0.7288251366120219,0.7368090426912849,0.09016393442622951,26.97213421074011,0.0,0.6913484563804946,False,False
667,0.5,0.99,0.5,0.4,0.2,0.4,0.5,0.98,1.0,1e-12,0.7694381965171644,-0.01615182207349597,0.7304421768707483,0.7267759562841529,0.6894843605185317,0.12295081967213115,24.128686327077748,0.0,0.6905318764374859,True,False
668,0.5,0.99,-0.0,1.0,0.0,0.0,0.5,0.98,1.0,1e-12,0.7718141408232415,-0.018527766379573096,0.7108843537414966,0.6728142076502732,0.5005656390106631,0.5737704918032787,43.951580144609636,2.0,0.7434394295081126,True,False
669,0.5,0.99,-0.0,0.0,0.0,1.0,0.5,0.98,1.0,1e-12,0.7788403959491258,-0.02555402150545738,0.7363945578231292,0.7295081967213116,0.8200487754352596,0.23770491803278687,14.298480786416443,0.0,0.7540572349811728,True,False
670,0.5,0.99,-0.0,0.5,0.0,0.5,0.5,0.98,1.0,1e-12,0.775420639999608,-0.02213426555593956,0.7287414965986394,0.7137978142076502,0.7368090426912849,0.3360655737704918,35.01502965309936,1.0,0.7455427508440752,True,False
671,0.5,0.99,-0.0,0.4,0.2,0.4,0.5,0.98,1.0,1e-12,0.7735798110754457,-0.020293436631777295,0.7242063492063492,0.7056010928961748,0.6894843605185317,0.3770491803278688,35.90868470225038,1.0,0.7451632169807098,True,False
672,0.5,0.99,-0.5,1.0,0.0,0.0,0.5,0.98,1.0,1e-12,0.7777256510502278,-0.024439276606559424,0.6955782312925171,0.6270491803278689,0.5005656390106631,0.45901639344262296,37.77723616865708,2.5,0.7942049688712041,True,False
673,0.5,0.99,-0.5,0.0,0.0,1.0,0.5,0.98,1.0,1e-12,0.7818926040267046,-0.028606229583036158,0.7293083900226757,0.7069672131147542,0.8200487754352596,0.36885245901639346,6.255585344057194,0.0,0.8032765442272856,True,False
674,0.5,0.99,-0.5,0.5,0.0,0.5,0.5,0.98,1.0,1e-12,0.779396223585462,-0.026109849141793595,0.7222222222222222,0.6892076502732242,0.7368090426912849,0.6475409836065574,20.879031602892194,1.0,0.7995196895295215,True,False
675,0.5,0.99,-0.5,0.4,0.2,0.4,0.5,0.98,1.0,1e-12,0.7788844447998737,-0.025598070356205316,0.7174036281179138,0.6782786885245902,0.6894843605185317,0.6721311475409836,26.728410106426193,1.0,0.799732697237464,True,False
676,0.5,0.99,-1.0,1.0,0.0,0.0,0.5,0.98,1.0,1e-12,0.7807754278412224,-0.02748905339755403,0.6689342403628119,0.5580601092896175,0.5005656390106631,0.32786885245901637,26.89089284263547,3.0,0.8413999639911358,True,False
677,0.5,0.99,-1.0,0.0,0.0,1.0,0.5,0.98,1.0,1e-12,0.7879513966271587,-0.034665022183490324,0.7273242630385487,0.6912568306010928,0.8200487754352596,0.6557377049180327,3.493378828499472,1.0,0.846690942514077,True,False
678,0.5,0.99,-1.0,0.5,0.0,0.5,0.5,0.98,1.0,1e-12,0.7846646579550818,-0.03137828351141336,0.7060657596371881,0.64275956284153,0.7368090426912849,0.6475409836065574,9.180274595824194,2.0,0.8486367401131432,True,False
679,0.5,0.99,-1.0,0.4,0.2,0.4,0.5,0.98,1.0,1e-12,0.7826183301647064,-0.029331955721037972,0.7006802721088435,0.632513661202186,0.6894843605185317,0.5327868852459017,11.536274270858721,3.0,0.8494288459921658,True,False
680,0.5,0.99,2.0,2.0,0.0,0.0,0.5,0.98,1.0,1e-12,0.7635822280465394,-0.010295853602870997,0.7290249433106577,0.7315573770491804,0.5005656390106631,0.38524590163934425,18.19806645543911,2.0,0.6045360408670709,True,False
681,0.5,0.99,2.0,0.0,0.0,2.0,0.5,0.98,1.0,1e-12,0.7670543786913091,-0.013768004247640686,0.740079365079365,0.7595628415300547,0.8200487754352596,0.0,0.0,,0.6081728715863112,False,False
682,0.5,0.99,2.0,1.0,0.0,1.0,0.5,0.98,1.0,1e-12,0.7642133528161353,-0.010926978372466922,0.7375283446712019,0.7547814207650274,0.7368090426912849,0.00819672131147541,6.824274920789666,0.0,0.5897038869332072,False,False
683,0.5,0.99,2.0,0.8,0.4,0.8,0.5,0.98,1.0,1e-12,0.7631570579785122,-0.009870683534843772,0.7366780045351474,0.7540983606557379,0.6894843605185317,0.00819672131147541,6.49930944837111,0.0,0.5879424505905597,False,False
684,0.5,0.99,1.0,2.0,0.0,0.0,0.5,0.98,1.0,1e-12,0.7656883945872298,-0.012402020143561399,0.7185374149659864,0.7008196721311475,0.5005656390106631,0.4672131147540984,33.715167763425136,2.0,0.6669352221832162,True,False
685,0.5,0.99,1.0,0.0,0.0,2.0,0.5,0.98,1.0,1e-12,0.772357864829695,-0.019071490386026624,0.7392290249433107,0.75,0.8200487754352596,0.12295081967213115,31.765374928913804,0.0,0.6933180083433257,True,False
686,0.5,0.99,1.0,1.0,0.0,1.0,0.5,0.98,1.0,1e-12,0.7674827697447002,-0.014196395301031783,0.7341269841269842,0.7438524590163934,0.7368090426912849,0.09016393442622951,26.97213421074011,0.0,0.6606079972293244,False,False
687,0.5,0.99,1.0,0.8,0.4,0.8,0.5,0.98,1.0,1e-12,0.7667517755926534,-0.013465401148984979,0.7329931972789115,0.7397540983606558,0.6894843605185317,0.12295081967213115,24.128686327077748,0.0,0.6583026702048907,True,False
688,0.5,0.99,-0.0,2.0,0.0,0.0,0.5,0.98,1.0,1e-12,0.7708087163713936,-0.01752234192772517,0.6992630385487528,0.6489071038251365,0.5005656390106631,0.5737704918032787,43.951580144609636,2.0,0.7415331638995645,True,False
689,0.5,0.99,-0.0,0.0,0.0,2.0,0.5,0.98,1.0,1e-12,0.7798922981915042,-0.02660592374783577,0.7369614512471656,0.7342896174863389,0.8200487754352596,0.23770491803278687,14.298480786416443,0.0,0.778519435960818,True,False
690,0.5,0.99,-0.0,1.0,0.0,1.0,0.5,0.98,1.0,1e-12,0.7747142421205909,-0.021427867676922507,0.7284580498866213,0.7172131147540984,0.7368090426912849,0.3360655737704918,35.01502965309936,1.0,0.7479829145621146,True,False
691,0.5,0.99,-0.0,0.8,0.4,0.8,0.5,0.98,1.0,1e-12,0.7709585731863506,-0.01767219874268222,0.7210884353741497,0.7056010928961748,0.6894843605185317,0.3770491803278688,35.90868470225038,1.0,0.7458588357934393,True,False
692,0.5,0.99,-1.0,2.0,0.0,0.0,0.5,0.98,1.0,1e-12,0.7767333035951559,-0.023446929151487494,0.6592970521541951,0.5471311475409836,0.5005656390106631,0.45901639344262296,37.77723616865708,2.5,0.8169314948382191,True,False
693,0.5,0.99,-1.0,0.0,0.0,2.0,0.5,0.98,1.0,1e-12,0.7882224580930876,-0.034936083649419136,0.7344104308390023,0.7151639344262295,0.8200487754352596,0.36885245901639346,6.255585344057194,0.0,0.8424711572071178,True,False
694,0.5,0.99,-1.0,1.0,0.0,1.0,0.5,0.98,1.0,1e-12,0.7821854273850042,-0.028899052941335768,0.7157029478458049,0.6734972677595629,0.7368090426912849,0.6475409836065574,20.879031602892194,1.0,0.8325585155486944,True,False
695,0.5,0.99,-1.0,0.8,0.4,0.8,0.5,0.98,1.0,1e-12,0.7801379807260287,-0.026851606282360274,0.7040816326530612,0.6509562841530055,0.6894843605185317,0.6721311475409836,26.728410106426193,1.0,0.8325982684580613,True,False
696,0.5,0.99,-2.0,2.0,0.0,0.0,0.5,0.98,1.0,1e-12,0.784468612006206,-0.031182237562537574,0.5966553287981861,0.421448087431694,0.5005656390106631,0.32786885245901637,26.89089284263547,3.0,0.8817200075901547,True,False
697,0.5,0.99,-2.0,0.0,0.0,2.0,0.5,0.98,1.0,1e-12,0.7972377573702863,-0.04395138292661793,0.7222222222222222,0.6775956284153005,0.8200487754352596,0.6557377049180327,3.493378828499472,1.0,0.8864784386671215,True,False
698,0.5,0.99,-2.0,1.0,0.0,1.0,0.5,0.98,1.0,1e-12,0.7906277538483052,-0.037341379404636776,0.6850907029478459,0.587431693989071,0.7368090426912849,0.6475409836065574,9.180274595824194,2.0,0.8990613968712197,True,False
699,0.5,0.99,-2.0,0.8,0.4,0.8,0.5,0.98,1.0,1e-12,0.7880862056877146,-0.034799831244046175,0.6678004535147392,0.5512295081967213,0.6894843605185317,0.5327868852459017,11.536274270858721,3.0,0.9017454434371089,True,False
700,0.5,0.99,4.0,4.0,0.0,0.0,0.5,0.98,1.0,1e-12,0.7614563777064034,-0.008170003262734982,0.7315759637188209,0.7397540983606559,0.5005656390106631,0.38524590163934425,18.19806645543911,2.0,0.579276911372718,True,False
701,0.5,0.99,4.0,0.0,0.0,4.0,0.5,0.98,1.0,1e-12,0.7621484600949143,-0.00886208565124591,0.7406462585034014,0.764344262295082,0.8200487754352596,0.0,0.0,,0.5598254572708123,False,False
702,0.5,0.99,4.0,2.0,0.0,2.0,0.5,0.98,1.0,1e-12,0.7609052313219237,-0.0076188568782552535,0.7400793650793651,0.7636612021857924,0.7368090426912849,0.00819672131147541,6.824274920789666,0.0,0.5522045526685343,False,False
703,0.5,0.99,4.0,1.6,0.8,1.6,0.5,0.98,1.0,1e-12,0.7601414999034303,-0.006855125459761857,0.740079365079365,0.7629781420765027,0.6894843605185317,0.00819672131147541,6.49930944837111,0.0,0.5518413175085374,False,False
704,0.5,0.99,2.0,4.0,0.0,0.0,0.5,0.98,1.0,1e-12,0.7642199831485802,-0.01093360870491178,0.7174036281179139,0.7008196721311475,0.5005656390106631,0.4672131147540984,33.715167763425136,2.0,0.64952025908897,True,False
705,0.5,0.99,2.0,0.0,0.0,4.0,0.5,0.98,1.0,1e-12,0.7712480300575796,-0.017961655613911165,0.742063492063492,0.7575136612021857,0.8200487754352596,0.12295081967213115,31.765374928913804,0.0,0.6983007263992121,True,False
706,0.5,0.99,2.0,2.0,0.0,2.0,0.5,0.98,1.0,1e-12,0.7653892008356551,-0.012102826391986676,0.7363945578231292,0.7506830601092895,0.7368090426912849,0.09016393442622951,26.97213421074011,0.0,0.635243999170059,False,False
707,0.5,0.99,2.0,1.6,0.8,1.6,0.5,0.98,1.0,1e-12,0.7645388606996006,-0.011252486255932226,0.7344104308390024,0.7486338797814207,0.6894843605185317,0.12295081967213115,24.128686327077748,0.0,0.6324273664419549,True,False
708,0.5,0.99,-0.0,4.0,0.0,0.0,0.5,0.98,1.0,1e-12,0.7703704928363655,-0.01708411839269708,0.6788548752834467,0.6058743169398908,0.5005656390106631,0.5737704918032787,43.951580144609636,2.0,0.7406449343482914,True,False
709,0.5,0.99,-0.0,0.0,0.0,4.0,0.5,0.98,1.0,1e-12,0.7832269937567763,-0.029940619313107875,0.7375283446712019,0.7349726775956286,0.8200487754352596,0.23770491803278687,14.298480786416443,0.0,0.8162573032766199,True,False
710,0.5,0.99,-0.0,2.0,0.0,2.0,0.5,0.98,1.0,1e-12,0.7737340604856474,-0.020447686041978996,0.7256235827664399,0.7172131147540984,0.7368090426912849,0.3360655737704918,35.01502965309936,1.0,0.7539486542288648,True,False
711,0.5,0.99,-0.0,1.6,0.8,1.6,0.5,0.98,1.0,1e-12,0.7716070912769113,-0.018320716833242878,0.719671201814059,0.706967213114754,0.6894843605185317,0.3770491803278688,35.90868470225038,1.0,0.7476862924770644,True,False
712,0.5,0.99,-2.0,4.0,0.0,0.0,0.5,0.98,1.0,1e-12,0.7772899614434805,-0.024003586999812088,0.6079931972789115,0.4692622950819672,0.5005656390106631,0.45901639344262296,37.77723616865708,2.5,0.8320905687984038,True,False
713,0.5,0.99,-2.0,0.0,0.0,4.0,0.5,0.98,1.0,1e-12,0.7960644310509752,-0.042778056607306825,0.7315759637188208,0.7131147540983606,0.8200487754352596,0.36885245901639346,6.255585344057194,0.0,0.8682610405798389,True,False
714,0.5,0.99,-2.0,2.0,0.0,2.0,0.5,0.98,1.0,1e-12,0.7837531167503126,-0.030466742306644146,0.7094671201814058,0.6577868852459017,0.7368090426912849,0.6475409836065574,20.879031602892194,1.0,0.8597958689302039,True,False
715,0.5,0.99,-2.0,1.6,0.8,1.6,0.5,0.98,1.0,1e-12,0.7797296049887056,-0.026443230545037166,0.6930272108843537,0.6243169398907105,0.6894843605185317,0.6721311475409836,26.728410106426193,1.0,0.8588117072356387,True,False
716,0.5,0.99,-4.0,4.0,0.0,0.0,0.5,0.98,1.0,1e-12,0.7842621826331099,-0.030975808189441456,0.5153061224489796,0.328551912568306,0.5005656390106631,0.32786885245901637,26.89089284263547,3.0,0.9053286403841057,True,False
717,0.5,0.99,-4.0,0.0,0.0,4.0,0.5,0.98,1.0,1e-12,0.8009000629357875,-0.04761368849211911,0.721655328798186,0.6762295081967213,0.8200487754352596,0.6557377049180327,3.493378828499472,1.0,0.8981844937749832,True,False
718,0.5,0.99,-4.0,2.0,0.0,2.0,0.5,0.98,1.0,1e-12,0.7964577109862198,-0.04317133654255134,0.6558956916099774,0.5225409836065574,0.7368090426912849,0.6475409836065574,9.180274595824194,2.0,0.9292107663826858,True,False
719,0.5,0.99,-4.0,1.6,0.8,1.6,0.5,0.98,1.0,1e-12,0.7941133610541505,-0.04082698661048212,0.6232993197278912,0.45286885245901637,0.6894843605185317,0.5327868852459017,11.536274270858721,3.0,0.9356373278975508,True,False
720,0.7,0.93,0.5,0.5,0.0,0.0,0.5,0.98,1.0,1e-12,0.7794600706731186,-0.026173696229450205,0.7140022675736962,0.665983606557377,0.5005656390106631,0.38524590163934425,18.19806645543911,2.0,0.7881340671723929,True,False
721,0.7,0.93,0.5,0.0,0.0,0.5,0.5,0.98,1.0,1e-12,0.7802377333242149,-0.02695135888054645,0.7236394557823129,0.6857923497267759,0.8200487754352596,0.0,0.0,,0.788881191149994,False,False
722,0.7,0.93,0.5,0.25,0.0,0.25,0.5,0.98,1.0,1e-12,0.7796714840972514,-0.026385109653582983,0.7193877551020408,0.6769125683060109,0.7368090426912849,0.00819672131147541,6.824274920789666,0.0,0.7876759055787809,False,False
723,0.7,0.93,0.5,0.2,0.1,0.2,0.5,0.98,1.0,1e-12,0.7799168063977115,-0.026630431954043132,0.7179705215419501,0.6741803278688523,0.6894843605185317,0.00819672131147541,6.49930944837111,0.0,0.7875623423292454,False,False
724,0.7,0.93,0.25,0.5,0.0,0.0,0.5,0.98,1.0,1e-12,0.7800015564483086,-0.02671518200464018,0.709750566893424,0.6550546448087432,0.5005656390106631,0.4672131147540984,33.715167763425136,2.0,0.801295757741197,True,False
725,0.7,0.93,0.25,0.0,0.0,0.5,0.5,0.98,1.0,1e-12,0.7816289126915847,-0.028342538247916327,0.7219387755102041,0.6796448087431695,0.8200487754352596,0.12295081967213115,31.765374928913804,0.0,0.802168546225361,True,False
726,0.7,0.93,0.25,0.25,0.0,0.25,0.5,0.98,1.0,1e-12,0.7805815221755175,-0.027295147731849045,0.7162698412698412,0.6693989071038252,0.7368090426912849,0.09016393442622951,26.97213421074011,0.0,0.8011634042090163,False,False
727,0.7,0.93,0.25,0.2,0.1,0.2,0.5,0.98,1.0,1e-12,0.7802255675040866,-0.026939193060418143,0.7157029478458049,0.6673497267759562,0.6894843605185317,0.12295081967213115,24.128686327077748,0.0,0.8010911567689851,True,False
728,0.7,0.93,-0.0,0.5,0.0,0.0,0.5,0.98,1.0,1e-12,0.7814144689906071,-0.028128094546938653,0.7029478458049887,0.6359289617486339,0.5005656390106631,0.5737704918032787,43.951580144609636,2.0,0.8148275240881138,True,False
729,0.7,0.93,-0.0,0.0,0.0,0.5,0.5,0.98,1.0,1e-12,0.7825388076149458,-0.029252433171277348,0.7185374149659864,0.6714480874316939,0.8200487754352596,0.23770491803278687,14.298480786416443,0.0,0.8157414167884517,True,False
730,0.7,0.93,-0.0,0.25,0.0,0.25,0.5,0.98,1.0,1e-12,0.781605079746694,-0.028318705303025604,0.7125850340136054,0.6577868852459017,0.7368090426912849,0.3360655737704918,35.01502965309936,1.0,0.8150347461194821,True,False
731,0.7,0.93,-0.0,0.2,0.1,0.2,0.5,0.98,1.0,1e-12,0.781857032379599,-0.02857065793593061,0.7100340136054422,0.6523224043715846,0.6894843605185317,0.3770491803278688,35.90868470225038,1.0,0.8150111900052867,True,False
732,0.7,0.93,-0.25,0.5,0.0,0.0,0.5,0.98,1.0,1e-12,0.782668004916762,-0.029381630473093612,0.6958616780045351,0.6174863387978141,0.5005656390106631,0.45901639344262296,37.77723616865708,2.5,0.8283746350087163,True,False
733,0.7,0.93,-0.25,0.0,0.0,0.5,0.5,0.98,1.0,1e-12,0.7836977181488562,-0.030411343705187832,0.7128684807256235,0.657103825136612,0.8200487754352596,0.36885245901639346,6.255585344057194,0.0,0.8292362897693377,True,False
734,0.7,0.93,-0.25,0.25,0.0,0.25,0.5,0.98,1.0,1e-12,0.7836017327850138,-0.030315358341345355,0.7060657596371883,0.6400273224043717,0.7368090426912849,0.6475409836065574,20.879031602892194,1.0,0.8289019584089953,True,False
735,0.7,0.93,-0.25,0.2,0.1,0.2,0.5,0.98,1.0,1e-12,0.7828505989981657,-0.029564224554497254,0.7043650793650793,0.6366120218579235,0.6894843605185317,0.6721311475409836,26.728410106426193,1.0,0.8289299423263917,True,False
736,0.7,0.93,-0.5,0.5,0.0,0.0,0.5,0.98,1.0,1e-12,0.7841384228708842,-0.030852048427215784,0.6907596371882087,0.6004098360655739,0.5005656390106631,0.32786885245901637,26.89089284263547,3.0,0.8415797923737314,True,False
737,0.7,0.93,-0.5,0.0,0.0,0.5,0.5,0.98,1.0,1e-12,0.7851835229084705,-0.03189714846480207,0.707766439909297,0.6427595628415301,0.8200487754352596,0.6557377049180327,3.493378828499472,1.0,0.8423059545843086,True,False
738,0.7,0.93,-0.5,0.25,0.0,0.25,0.5,0.98,1.0,1e-12,0.7843439217370972,-0.0310575472934288,0.6998299319727891,0.6229508196721312,0.7368090426912849,0.6475409836065574,9.180274595824194,2.0,0.8423780667148301,True,False
739,0.7,0.93,-0.5,0.2,0.1,0.2,0.5,0.98,1.0,1e-12,0.7841313367030837,-0.030844962259415243,0.6981292517006803,0.6188524590163935,0.6894843605185317,0.5327868852459017,11.536274270858721,3.0,0.8424552116672249,True,False
740,0.7,0.93,1.0,1.0,0.0,0.0,0.5,0.98,1.0,1e-12,0.7772722078884513,-0.02398583344478289,0.7171201814058956,0.6762295081967213,0.5005656390106631,0.38524590163934425,18.19806645543911,2.0,0.7688027882113259,True,False
741,0.7,0.93,1.0,0.0,0.0,1.0,0.5,0.98,1.0,1e-12,0.7797156473854623,-0.02642927294179387,0.7284580498866213,0.7015027322404371,0.8200487754352596,0.0,0.0,,0.7713587557323844,False,False
742,0.7,0.93,1.0,0.5,0.0,0.5,0.5,0.98,1.0,1e-12,0.7786915435653058,-0.025405169121637372,0.7247732426303855,0.6933060109289617,0.7368090426912849,0.00819672131147541,6.824274920789666,0.0,0.7665298899066505,False,False
743,0.7,0.93,1.0,0.4,0.2,0.4,0.5,0.98,1.0,1e-12,0.7779333236106573,-0.02464694916698884,0.7236394557823128,0.6905737704918032,0.6894843605185317,0.00819672131147541,6.49930944837111,0.0,0.7660401004848869,False,False
744,0.7,0.93,0.5,1.0,0.0,0.0,0.5,0.98,1.0,1e-12,0.7789962487807254,-0.02570987433705696,0.7111678004535147,0.66051912568306,0.5005656390106631,0.4672131147540984,33.715167763425136,2.0,0.7905783511564536,True,False
745,0.7,0.93,0.5,0.0,0.0,1.0,0.5,0.98,1.0,1e-12,0.7803337186880573,-0.027047344244388927,0.7261904761904762,0.6939890710382514,0.8200487754352596,0.12295081967213115,31.765374928913804,0.0,0.7948684964614509,True,False
746,0.7,0.93,0.5,0.5,0.0,0.5,0.5,0.98,1.0,1e-12,0.7792719651278702,-0.02598559068420181,0.7205215419501133,0.6823770491803278,0.7368090426912849,0.09016393442622951,26.97213421074011,0.0,0.789816622382681,False,False
747,0.7,0.93,0.5,0.4,0.2,0.4,0.5,0.98,1.0,1e-12,0.7793608643239124,-0.026074489880243967,0.7185374149659864,0.6782786885245902,0.6894843605185317,0.12295081967213115,24.128686327077748,0.0,0.7894333297563709,True,False
748,0.7,0.93,-0.0,1.0,0.0,0.0,0.5,0.98,1.0,1e-12,0.7809533934120503,-0.027667018968381862,0.6986961451247167,0.6277322404371586,0.5005656390106631,0.5737704918032787,43.951580144609636,2.0,0.8142674873201345,True,False
749,0.7,0.93,-0.0,0.0,0.0,1.0,0.5,0.98,1.0,1e-12,0.7829733543292543,-0.029686979885585885,0.7213718820861678,0.680327868852459,0.8200487754352596,0.23770491803278687,14.298480786416443,0.0,0.8192513551952443,True,False
750,0.7,0.93,-0.0,0.5,0.0,0.5,0.5,0.98,1.0,1e-12,0.7816318497139402,-0.02834547527027176,0.7151360544217688,0.6653005464480874,0.7368090426912849,0.3360655737704918,35.01502965309936,1.0,0.8152547606002801,True,False
751,0.7,0.93,-0.0,0.4,0.2,0.4,0.5,0.98,1.0,1e-12,0.7813970756696423,-0.028110701225973922,0.7131519274376417,0.6612021857923498,0.6894843605185317,0.3770491803278688,35.90868470225038,1.0,0.8150766120521699,True,False
752,0.7,0.93,-0.5,1.0,0.0,0.0,0.5,0.98,1.0,1e-12,0.7820066579728285,-0.028720283529160118,0.687358276643991,0.5990437158469946,0.5005656390106631,0.45901639344262296,37.77723616865708,2.5,0.8380962098783202,True,False
753,0.7,0.93,-0.5,0.0,0.0,1.0,0.5,0.98,1.0,1e-12,0.7858425365139127,-0.032556162070244254,0.7179705215419501,0.6673497267759562,0.8200487754352596,0.36885245901639346,6.255585344057194,0.0,0.8423542962699504,True,False
754,0.7,0.93,-0.5,0.5,0.0,0.5,0.5,0.98,1.0,1e-12,0.7837080253020206,-0.030421650858352134,0.7046485260770976,0.6386612021857923,0.7368090426912849,0.6475409836065574,20.879031602892194,1.0,0.8405908746771223,True,False
755,0.7,0.93,-0.5,0.4,0.2,0.4,0.5,0.98,1.0,1e-12,0.7829639776829729,-0.029677603239304462,0.7018140589569161,0.6318306010928961,0.6894843605185317,0.6721311475409836,26.728410106426193,1.0,0.8406908578869728,True,False
756,0.7,0.93,-1.0,1.0,0.0,0.0,0.5,0.98,1.0,1e-12,0.785525453092809,-0.03223907864914055,0.6746031746031746,0.5635245901639345,0.5005656390106631,0.32786885245901637,26.89089284263547,3.0,0.860248962689717,True,False
757,0.7,0.93,-1.0,0.0,0.0,1.0,0.5,0.98,1.0,1e-12,0.7886761922582776,-0.03538981781460915,0.7091836734693877,0.6441256830601092,0.8200487754352596,0.6557377049180327,3.493378828499472,1.0,0.8627324832208934,True,False
758,0.7,0.93,-1.0,0.5,0.0,0.5,0.5,0.98,1.0,1e-12,0.7861476735408491,-0.03286129909718072,0.6950113378684808,0.6079234972677596,0.7368090426912849,0.6475409836065574,9.180274595824194,2.0,0.8636458167878018,True,False
759,0.7,0.93,-1.0,0.4,0.2,0.4,0.5,0.98,1.0,1e-12,0.7855028322710078,-0.032216457827339395,0.6882086167800454,0.5956284153005464,0.6894843605185317,0.5327868852459017,11.536274270858721,3.0,0.8640176215881595,True,False
760,0.7,0.93,2.0,2.0,0.0,0.0,0.5,0.98,1.0,1e-12,0.7752165034517945,-0.021930129008126076,0.719954648526077,0.6844262295081966,0.5005656390106631,0.38524590163934425,18.19806645543911,2.0,0.7490679375498496,True,False
761,0.7,0.93,2.0,0.0,0.0,2.0,0.5,0.98,1.0,1e-12,0.7769462681934692,-0.02365989374980082,0.7335600907029478,0.7165300546448087,0.8200487754352596,0.0,0.0,,0.7507750213568399,False,False
762,0.7,0.93,2.0,1.0,0.0,1.0,0.5,0.98,1.0,1e-12,0.7756755296548683,-0.022389155211199885,0.7298752834467119,0.7090163934426229,0.7368090426912849,0.00819672131147541,6.824274920789666,0.0,0.7421059061115053,False,False
763,0.7,0.93,2.0,0.8,0.4,0.8,0.5,0.98,1.0,1e-12,0.7754235770219633,-0.02213720257829488,0.7293083900226757,0.7076502732240437,0.6894843605185317,0.00819672131147541,6.49930944837111,0.0,0.7412791094608749,False,False
764,0.7,0.93,1.0,2.0,0.0,0.0,0.5,0.98,1.0,1e-12,0.7773691237591768,-0.024082749315508356,0.7108843537414966,0.6598360655737704,0.5005656390106631,0.4672131147540984,33.715167763425136,2.0,0.7783573491880403,True,False
765,0.7,0.93,1.0,0.0,0.0,2.0,0.5,0.98,1.0,1e-12,0.7803511120090221,-0.027064737565353658,0.7310090702947845,0.7056010928961748,0.8200487754352596,0.12295081967213115,31.765374928913804,0.0,0.7907411059570713,True,False
766,0.7,0.93,1.0,1.0,0.0,1.0,0.5,0.98,1.0,1e-12,0.7783584936786845,-0.025072119235016066,0.7264739229024942,0.6974043715846994,0.7368090426912849,0.09016393442622951,26.97213421074011,0.0,0.7753874272709074,False,False
767,0.7,0.93,1.0,0.8,0.4,0.8,0.5,0.98,1.0,1e-12,0.7776973779564785,-0.024411003512810114,0.7233560090702948,0.6912568306010929,0.6894843605185317,0.12295081967213115,24.128686327077748,0.0,0.7743053349941323,True,False
768,0.7,0.93,-0.0,2.0,0.0,0.0,0.5,0.98,1.0,1e-12,0.7805921872159444,-0.02730581277227595,0.6958616780045351,0.6209016393442623,0.5005656390106631,0.5737704918032787,43.951580144609636,2.0,0.8133727095855099,True,False
769,0.7,0.93,-0.0,0.0,0.0,2.0,0.5,0.98,1.0,1e-12,0.78426260505742,-0.030976230613751543,0.7256235827664399,0.6912568306010929,0.8200487754352596,0.23770491803278687,14.298480786416443,0.0,0.830733612797935,True,False
770,0.7,0.93,-0.0,1.0,0.0,1.0,0.5,0.98,1.0,1e-12,0.7810514281513758,-0.027765053707707432,0.7162698412698413,0.671448087431694,0.7368090426912849,0.3360655737704918,35.01502965309936,1.0,0.8164001435699721,True,False
771,0.7,0.93,-0.0,0.8,0.4,0.8,0.5,0.98,1.0,1e-12,0.7804733210911309,-0.027186946647462462,0.7145691609977324,0.6673497267759563,0.6894843605185317,0.3770491803278688,35.90868470225038,1.0,0.8154031270050836,True,False
772,0.7,0.93,-1.0,2.0,0.0,0.0,0.5,0.98,1.0,1e-12,0.7822836627141189,-0.02899728827045045,0.6729024943310657,0.5662568306010929,0.5005656390106631,0.45901639344262296,37.77723616865708,2.5,0.8487637628832458,True,False
773,0.7,0.93,-1.0,0.0,0.0,2.0,0.5,0.98,1.0,1e-12,0.7883836528629865,-0.03509727841931809,0.7202380952380951,0.6728142076502731,0.8200487754352596,0.36885245901639346,6.255585344057194,0.0,0.8607517676686471,True,False
774,0.7,0.93,-1.0,1.0,0.0,1.0,0.5,0.98,1.0,1e-12,0.785089828023109,-0.03180345357944059,0.7052154195011339,0.639344262295082,0.7368090426912849,0.6475409836065574,20.879031602892194,1.0,0.8560988950534689,True,False
775,0.7,0.93,-1.0,0.8,0.4,0.8,0.5,0.98,1.0,1e-12,0.7846891374438469,-0.031402763000178524,0.6955782312925171,0.6181693989071039,0.6894843605185317,0.6721311475409836,26.728410106426193,1.0,0.8561175545823553,True,False
776,0.7,0.93,-2.0,2.0,0.0,0.0,0.5,0.98,1.0,1e-12,0.7868309542495006,-0.03354457980583214,0.6468253968253967,0.49863387978142076,0.5005656390106631,0.32786885245901637,26.89089284263547,3.0,0.8791746974402767,True,False
777,0.7,0.93,-2.0,0.0,0.0,2.0,0.5,0.98,1.0,1e-12,0.7915547510892174,-0.03826837664554894,0.7089002267573696,0.6413934426229508,0.8200487754352596,0.6557377049180327,3.493378828499472,1.0,0.881408246721302,True,False
778,0.7,0.93,-2.0,1.0,0.0,1.0,0.5,0.98,1.0,1e-12,0.7894030900061602,-0.03611671556249174,0.6831065759637187,0.5792349726775957,0.7368090426912849,0.6475409836065574,9.180274595824194,2.0,0.8873145332252663,True,False
779,0.7,0.93,-2.0,0.8,0.4,0.8,0.5,0.98,1.0,1e-12,0.7884393711852986,-0.035152996741630194,0.6726190476190477,0.5580601092896176,0.6894843605185317,0.5327868852459017,11.536274270858721,3.0,0.8885743918174185,True,False
780,0.7,0.93,4.0,4.0,0.0,0.0,0.5,0.98,1.0,1e-12,0.7741112736604797,-0.0208248992168113,0.7213718820861678,0.6892076502732238,0.5005656390106631,0.38524590163934425,18.19806645543911,2.0,0.7372116114606635,True,False
781,0.7,0.93,4.0,0.0,0.0,4.0,0.5,0.98,1.0,1e-12,0.7749196242025395,-0.021633249758871043,0.7341269841269842,0.7206284153005464,0.8200487754352596,0.0,0.0,,0.7280813370862997,False,False
782,0.7,0.93,4.0,2.0,0.0,2.0,0.5,0.98,1.0,1e-12,0.7744301512115002,-0.021143776767831746,0.7335600907029478,0.7192622950819673,0.7368090426912849,0.00819672131147541,6.824274920789666,0.0,0.7245041777831894,False,False
783,0.7,0.93,4.0,1.6,0.8,1.6,0.5,0.98,1.0,1e-12,0.7742175661774865,-0.020931191733818078,0.7327097505668935,0.7185792349726775,0.6894843605185317,0.00819672131147541,6.49930944837111,0.0,0.7243336796468645,False,False
784,0.7,0.93,2.0,4.0,0.0,0.0,0.5,0.98,1.0,1e-12,0.7762620353008978,-0.022975660857229352,0.7094671201814058,0.657103825136612,0.5005656390106631,0.4672131147540984,33.715167763425136,2.0,0.770182978756047,True,False
785,0.7,0.93,2.0,0.0,0.0,4.0,0.5,0.98,1.0,1e-12,0.7794659852310383,-0.026179610787369856,0.7332766439909296,0.7117486338797814,0.8200487754352596,0.12295081967213115,31.765374928913804,0.0,0.7930799327996302,True,False
786,0.7,0.93,2.0,2.0,0.0,2.0,0.5,0.98,1.0,1e-12,0.7767187710254907,-0.02343239658182228,0.7295918367346939,0.7062841530054645,0.7368090426912849,0.09016393442622951,26.97213421074011,0.0,0.7634818771614562,False,False
787,0.7,0.93,2.0,1.6,0.8,1.6,0.5,0.98,1.0,1e-12,0.7760668435878489,-0.022780469144180526,0.7273242630385487,0.7021857923497267,0.6894843605185317,0.12295081967213115,24.128686327077748,0.0,0.7621597842482644,True,False
788,0.7,0.93,-0.0,4.0,0.0,0.0,0.5,0.98,1.0,1e-12,0.7801576405016357,-0.026871266057967302,0.6884920634920635,0.6045081967213114,0.5005656390106631,0.5737704918032787,43.951580144609636,2.0,0.8129557855104226,True,False
789,0.7,0.93,-0.0,0.0,0.0,4.0,0.5,0.98,1.0,1e-12,0.7859270431147101,-0.03264066867104165,0.7284580498866213,0.6953551912568304,0.8200487754352596,0.23770491803278687,14.298480786416443,0.0,0.848447305619638,True,False
790,0.7,0.93,-0.0,2.0,0.0,2.0,0.5,0.98,1.0,1e-12,0.780810023774633,-0.027523649330964628,0.7191043083900226,0.6782786885245901,0.7368090426912849,0.3360655737704918,35.01502965309936,1.0,0.8192003887196713,True,False
791,0.7,0.93,-0.0,1.6,0.8,1.6,0.5,0.98,1.0,1e-12,0.7803665727387685,-0.02708019829510011,0.7148526077097506,0.6687158469945355,0.6894843605185317,0.3770491803278688,35.90868470225038,1.0,0.8162609127953568,True,False
792,0.7,0.93,-2.0,4.0,0.0,0.0,0.5,0.98,1.0,1e-12,0.7822955205474003,-0.029009146103731842,0.6587301587301588,0.5314207650273224,0.5005656390106631,0.45901639344262296,37.77723616865708,2.5,0.8558792465788427,True,False
793,0.7,0.93,-2.0,0.0,0.0,4.0,0.5,0.98,1.0,1e-12,0.7908054759693334,-0.037519101525664955,0.7222222222222222,0.6796448087431693,0.8200487754352596,0.36885245901639346,6.255585344057194,0.0,0.8728572231293121,True,False
794,0.7,0.93,-2.0,2.0,0.0,2.0,0.5,0.98,1.0,1e-12,0.7869211371460848,-0.03363476270241639,0.7020975056689343,0.6318306010928962,0.7368090426912849,0.6475409836065574,20.879031602892194,1.0,0.8688837752121364,True,False
795,0.7,0.93,-2.0,1.6,0.8,1.6,0.5,0.98,1.0,1e-12,0.7842094969344445,-0.03092312249077611,0.6918934240362812,0.6092896174863389,0.6894843605185317,0.6721311475409836,26.728410106426193,1.0,0.8684218217636672,True,False
796,0.7,0.93,-4.0,4.0,0.0,0.0,0.5,0.98,1.0,1e-12,0.7875682283811983,-0.034281853937529916,0.6298185941043084,0.4651639344262295,0.5005656390106631,0.32786885245901637,26.89089284263547,3.0,0.8902563005884577,True,False
797,0.7,0.93,-4.0,0.0,0.0,4.0,0.5,0.98,1.0,1e-12,0.7928153731831729,-0.03952899873950444,0.7108843537414966,0.6441256830601092,0.8200487754352596,0.6557377049180327,3.493378828499472,1.0,0.8869029256494819,True,False
798,0.7,0.93,-4.0,2.0,0.0,2.0,0.5,0.98,1.0,1e-12,0.791060010084133,-0.03777363564046454,0.6700680272108843,0.5484972677595628,0.7368090426912849,0.6475409836065574,9.180274595824194,2.0,0.9014662780979954,True,False
799,0.7,0.93,-4.0,1.6,0.8,1.6,0.5,0.98,1.0,1e-12,0.7909804875343722,-0.03769411309070381,0.6564625850340136,0.5198087431693988,0.6894843605185317,0.5327868852459017,11.536274270858721,3.0,0.904482827380483,True,False
800,0.7,0.97,0.5,0.5,0.0,0.0,0.5,0.98,1.0,1e-12,0.780127532764761,-0.026841158321092573,0.7071995464852608,0.6495901639344263,0.5005656390106631,0.38524590163934425,18.19806645543911,2.0,0.8034617310284612,True,False
801,0.7,0.97,0.5,0.0,0.0,0.5,0.5,0.98,1.0,1e-12,0.7819477902426052,-0.028661415798936773,0.7213718820861678,0.6782786885245902,0.8200487754352596,0.0,0.0,,0.8043387896108625,False,False
802,0.7,0.97,0.5,0.25,0.0,0.25,0.5,0.98,1.0,1e-12,0.780794107209531,-0.027507732765862603,0.7165532879818594,0.6700819672131146,0.7368090426912849,0.00819672131147541,6.824274920789666,0.0,0.8029238891576993,False,False
803,0.7,0.97,0.5,0.2,0.1,0.2,0.5,0.98,1.0,1e-12,0.7804578363375458,-0.027171461893877424,0.7157029478458049,0.6673497267759562,0.6894843605185317,0.00819672131147541,6.49930944837111,0.0,0.8027905757778098,False,False
804,0.7,0.97,0.25,0.5,0.0,0.0,0.5,0.98,1.0,1e-12,0.781607370225175,-0.028320995781506597,0.699546485260771,0.6277322404371585,0.5005656390106631,0.4672131147540984,33.715167763425136,2.0,0.818912411261405,True,False
805,0.7,0.97,0.25,0.0,0.0,0.5,0.5,0.98,1.0,1e-12,0.7831765627169865,-0.02989018827331813,0.7182539682539684,0.6707650273224043,0.8200487754352596,0.12295081967213115,31.765374928913804,0.0,0.8199369890471627,True,False
806,0.7,0.97,0.25,0.25,0.0,0.25,0.5,0.98,1.0,1e-12,0.7822325276955706,-0.028946153251902196,0.7120181405895691,0.6564207650273225,0.7368090426912849,0.09016393442622951,26.97213421074011,0.0,0.8187570397236279,False,False
807,0.7,0.97,0.25,0.2,0.1,0.2,0.5,0.98,1.0,1e-12,0.7821759099306195,-0.028889535486951057,0.7083333333333334,0.648224043715847,0.6894843605185317,0.12295081967213115,24.128686327077748,0.0,0.8186722275114172,True,False
808,0.7,0.97,-0.0,0.5,0.0,0.0,0.5,0.98,1.0,1e-12,0.7827598411351595,-0.02947346669149109,0.6924603174603174,0.6086065573770493,0.5005656390106631,0.5737704918032787,43.951580144609636,2.0,0.8347975282773508,True,False
809,0.7,0.97,-0.0,0.0,0.0,0.5,0.5,0.98,1.0,1e-12,0.7841032044174377,-0.030816829973769333,0.7120181405895692,0.6543715846994537,0.8200487754352596,0.23770491803278687,14.298480786416443,0.0,0.835870358838617,True,False
810,0.7,0.97,-0.0,0.25,0.0,0.25,0.5,0.98,1.0,1e-12,0.7836017327850138,-0.030315358341345355,0.7052154195011339,0.6372950819672131,0.7368090426912849,0.3360655737704918,35.01502965309936,1.0,0.8350407889228703,True,False
811,0.7,0.97,-0.0,0.2,0.1,0.2,0.5,0.98,1.0,1e-12,0.7837080253020206,-0.030421650858352134,0.7029478458049887,0.6325136612021859,0.6894843605185317,0.3770491803278688,35.90868470225038,1.0,0.8350131360931627,True,False
812,0.7,0.97,-0.25,0.5,0.0,0.0,0.5,0.98,1.0,1e-12,0.7844573004219046,-0.03117092597823623,0.683390022675737,0.5833333333333334,0.5005656390106631,0.45901639344262296,37.77723616865708,2.5,0.8507006584884933,True,False
813,0.7,0.97,-0.25,0.0,0.0,0.5,0.5,0.98,1.0,1e-12,0.7870240678696244,-0.033737693425956006,0.7069160997732425,0.6386612021857924,0.8200487754352596,0.36885245901639346,6.255585344057194,0.0,0.8517121662509616,True,False
814,0.7,0.97,-0.25,0.25,0.0,0.25,0.5,0.98,1.0,1e-12,0.7849516858865282,-0.03166531144285978,0.6984126984126984,0.6181693989071039,0.7368090426912849,0.6475409836065574,20.879031602892194,1.0,0.8513196903062119,True,False
815,0.7,0.97,-0.25,0.2,0.1,0.2,0.5,0.98,1.0,1e-12,0.784643115488672,-0.03135674104500363,0.6952947845804989,0.6113387978142076,0.6894843605185317,0.6721311475409836,26.728410106426193,1.0,0.8513525409918513,True,False
816,0.7,0.97,-0.5,0.5,0.0,0.0,0.5,0.98,1.0,1e-12,0.7856246594420153,-0.0323382849983469,0.6712018140589568,0.5525956284153005,0.5005656390106631,0.32786885245901637,26.89089284263547,3.0,0.8662023649604673,True,False
817,0.7,0.97,-0.5,0.0,0.0,0.5,0.5,0.98,1.0,1e-12,0.7886026370077174,-0.03531626256404896,0.7009637188208616,0.619535519125683,0.8200487754352596,0.6557377049180327,3.493378828499472,1.0,0.8670548162511447,True,False
818,0.7,0.97,-0.5,0.25,0.0,0.25,0.5,0.98,1.0,1e-12,0.787134013183512,-0.03384763873984353,0.6882086167800453,0.5922131147540983,0.7368090426912849,0.6475409836065574,9.180274595824194,2.0,0.867139469621757,True,False
819,0.7,0.97,-0.5,0.2,0.1,0.2,0.5,0.98,1.0,1e-12,0.7865780711097127,-0.03329169666604426,0.685374149659864,0.5846994535519126,0.6894843605185317,0.5327868852459017,11.536274270858721,3.0,0.8672300310876118,True,False
820,0.7,0.97,1.0,1.0,0.0,0.0,0.5,0.98,1.0,1e-12,0.7779028768226918,-0.024616502379023353,0.7140022675736961,0.6687158469945355,0.5005656390106631,0.38524590163934425,18.19806645543911,2.0,0.7807684905089477,True,False
821,0.7,0.97,1.0,0.0,0.0,1.0,0.5,0.98,1.0,1e-12,0.7795999782221741,-0.026313603778505668,0.7276077097505669,0.6967213114754098,0.8200487754352596,0.0,0.0,,0.7837689741206252,False,False
822,0.7,0.97,1.0,0.5,0.0,0.5,0.5,0.98,1.0,1e-12,0.7790245934519271,-0.025738219008258678,0.7225056689342404,0.6885245901639344,0.7368090426912849,0.00819672131147541,6.824274920789666,0.0,0.7781003055425898,False,False
823,0.7,0.97,1.0,0.4,0.2,0.4,0.5,0.98,1.0,1e-12,0.7787978360823126,-0.02551146163864415,0.7213718820861678,0.6857923497267759,0.6894843605185317,0.00819672131147541,6.49930944837111,0.0,0.7775253353518238,False,False
824,0.7,0.97,0.5,1.0,0.0,0.0,0.5,0.98,1.0,1e-12,0.7802982449890448,-0.02701187054537635,0.7006802721088435,0.6331967213114755,0.5005656390106631,0.4672131147540984,33.715167763425136,2.0,0.8063311078793152,True,False
825,0.7,0.97,0.5,0.0,0.0,1.0,0.5,0.98,1.0,1e-12,0.782021801328521,-0.028735426884852533,0.7242063492063493,0.6885245901639343,0.8200487754352596,0.12295081967213115,31.765374928913804,0.0,0.8113673654112682,True,False
826,0.7,0.97,0.5,0.5,0.0,0.5,0.5,0.98,1.0,1e-12,0.7807470068989647,-0.027460632455296285,0.7193877551020408,0.6769125683060109,0.7368090426912849,0.09016393442622951,26.97213421074011,0.0,0.8054369045361908,False,False
827,0.7,0.97,0.5,0.4,0.2,0.4,0.5,0.98,1.0,1e-12,0.7796774513964518,-0.02639107695278342,0.7159863945578231,0.671448087431694,0.6894843605185317,0.12295081967213115,24.128686327077748,0.0,0.8049869523226963,True,False
828,0.7,0.97,-0.0,1.0,0.0,0.0,0.5,0.98,1.0,1e-12,0.7812452170328161,-0.027958842589147714,0.6856575963718822,0.5956284153005464,0.5005656390106631,0.5737704918032787,43.951580144609636,2.0,0.8341400938105927,True,False
829,0.7,0.97,-0.0,0.0,0.0,1.0,0.5,0.98,1.0,1e-12,0.7855236589628922,-0.03223728451922381,0.719954648526077,0.6728142076502732,0.8200487754352596,0.23770491803278687,14.298480786416443,0.0,0.8399907213161563,True,False
830,0.7,0.97,-0.0,0.5,0.0,0.5,0.5,0.98,1.0,1e-12,0.7829639776829729,-0.029677603239304462,0.7086167800453514,0.6489071038251366,0.7368090426912849,0.3360655737704918,35.01502965309936,1.0,0.8352990667916333,True,False
831,0.7,0.97,-0.0,0.4,0.2,0.4,0.5,0.98,1.0,1e-12,0.7823365297340964,-0.02905015529042798,0.7043650793650793,0.6400273224043715,0.6894843605185317,0.3770491803278688,35.90868470225038,1.0,0.8350899358873297,True,False
832,0.7,0.97,-0.5,1.0,0.0,0.0,0.5,0.98,1.0,1e-12,0.7849106027755778,-0.031624228331909365,0.6660997732426304,0.5457650273224043,0.5005656390106631,0.45901639344262296,37.77723616865708,2.5,0.8621129420310715,True,False
833,0.7,0.97,-0.5,0.0,0.0,1.0,0.5,0.98,1.0,1e-12,0.7896643905679044,-0.03637801612423597,0.7131519274376416,0.6530054644808744,0.8200487754352596,0.36885245901639346,6.255585344057194,0.0,0.8671115651864634,True,False
834,0.7,0.97,-0.5,0.5,0.0,0.5,0.5,0.98,1.0,1e-12,0.7862539660578559,-0.0329675916141875,0.695294784580499,0.6113387978142076,0.7368090426912849,0.6475409836065574,20.879031602892194,1.0,0.8650414615774915,True,False
835,0.7,0.97,-0.5,0.4,0.2,0.4,0.5,0.98,1.0,1e-12,0.7857328106259862,-0.032446436182317795,0.6890589569160998,0.5997267759562842,0.6894843605185317,0.6721311475409836,26.728410106426193,1.0,0.8651588331716638,True,False
836,0.7,0.97,-1.0,1.0,0.0,0.0,0.5,0.98,1.0,1e-12,0.7871395246473567,-0.03385315020368829,0.6403061224489796,0.4795081967213115,0.5005656390106631,0.32786885245901637,26.89089284263547,3.0,0.8881183475053198,True,False
837,0.7,0.97,-1.0,0.0,0.0,1.0,0.5,0.98,1.0,1e-12,0.791985148658081,-0.03869877421441259,0.7003968253968255,0.6181693989071039,0.8200487754352596,0.6557377049180327,3.493378828499472,1.0,0.8910337846506139,True,False
838,0.7,0.97,-1.0,0.5,0.0,0.5,0.5,0.98,1.0,1e-12,0.789417262341761,-0.0361308878980926,0.6794217687074829,0.5689890710382512,0.7368090426912849,0.6475409836065574,9.180274595824194,2.0,0.8921059588378545,True,False
839,0.7,0.97,-1.0,0.4,0.2,0.4,0.5,0.98,1.0,1e-12,0.7891212895755502,-0.03583491513188175,0.6700680272108843,0.5491803278688525,0.6894843605185317,0.5327868852459017,11.536274270858721,3.0,0.8925424253426218,True,False
840,0.7,0.97,2.0,2.0,0.0,0.0,0.5,0.98,1.0,1e-12,0.7757479660368285,-0.02246159159316008,0.7174036281179138,0.6782786885245902,0.5005656390106631,0.38524590163934425,18.19806645543911,2.0,0.7576014919063452,True,False
841,0.7,0.97,2.0,0.0,0.0,2.0,0.5,0.98,1.0,1e-12,0.7782652018873978,-0.024978827443729368,0.7335600907029479,0.7151639344262295,0.8200487754352596,0.0,0.0,,0.7596054598536818,False,False
842,0.7,0.97,2.0,1.0,0.0,1.0,0.5,0.98,1.0,1e-12,0.7765258697909228,-0.023239495347254335,0.7293083900226757,0.7069672131147541,0.7368090426912849,0.00819672131147541,6.824274920789666,0.0,0.7494286723917671,False,False
843,0.7,0.97,2.0,0.8,0.4,0.8,0.5,0.98,1.0,1e-12,0.775636162055977,-0.022349787612308547,0.7281746031746031,0.7049180327868853,0.6894843605185317,0.00819672131147541,6.49930944837111,0.0,0.748458085019288,False,False
844,0.7,0.97,1.0,2.0,0.0,0.0,0.5,0.98,1.0,1e-12,0.7779202701436565,-0.024633895699988084,0.7032312925170068,0.6407103825136612,0.5005656390106631,0.4672131147540984,33.715167763425136,2.0,0.7919847142642211,True,False
845,0.7,0.97,1.0,0.0,0.0,2.0,0.5,0.98,1.0,1e-12,0.7804077297739732,-0.027121355330304797,0.7295918367346939,0.7015027322404371,0.8200487754352596,0.12295081967213115,31.765374928913804,0.0,0.8065221678626487,True,False
846,0.7,0.97,1.0,1.0,0.0,1.0,0.5,0.98,1.0,1e-12,0.7790033349485258,-0.02571696050485739,0.7244897959183674,0.6912568306010929,0.7368090426912849,0.09016393442622951,26.97213421074011,0.0,0.7884982841875869,False,False
847,0.7,0.97,1.0,0.8,0.4,0.8,0.5,0.98,1.0,1e-12,0.7783411003577198,-0.025054725914051335,0.7225056689342403,0.6885245901639343,0.6894843605185317,0.12295081967213115,24.128686327077748,0.0,0.7872280019496337,True,False
848,0.7,0.97,-0.0,2.0,0.0,0.0,0.5,0.98,1.0,1e-12,0.7821792048402375,-0.02889283039656909,0.6777210884353742,0.5765027322404371,0.5005656390106631,0.5737704918032787,43.951580144609636,2.0,0.833089702556903,True,False
849,0.7,0.97,-0.0,0.0,0.0,2.0,0.5,0.98,1.0,1e-12,0.7866781769015581,-0.03339180245788964,0.7242063492063492,0.6851092896174862,0.8200487754352596,0.23770491803278687,14.298480786416443,0.0,0.8534698932845323,True,False
850,0.7,0.97,-0.0,1.0,0.0,1.0,0.5,0.98,1.0,1e-12,0.7829568915151724,-0.029670517071504032,0.7123015873015873,0.6605191256830599,0.7368090426912849,0.3360655737704918,35.01502965309936,1.0,0.8366436467995324,True,False
851,0.7,0.97,-0.0,0.8,0.4,0.8,0.5,0.98,1.0,1e-12,0.7818974284334662,-0.028611053989797797,0.7066326530612245,0.6489071038251365,0.6894843605185317,0.3770491803278688,35.90868470225038,1.0,0.8354732360494461,True,False
852,0.7,0.97,-1.0,2.0,0.0,0.0,0.5,0.98,1.0,1e-12,0.7849658869395711,-0.03167951249590273,0.6380385487528344,0.4829234972677595,0.5005656390106631,0.45901639344262296,37.77723616865708,2.5,0.8746357216455495,True,False
853,0.7,0.97,-1.0,0.0,0.0,2.0,0.5,0.98,1.0,1e-12,0.7927019944983655,-0.03941562005469712,0.7165532879818595,0.6584699453551913,0.8200487754352596,0.36885245901639346,6.255585344057194,0.0,0.8887085968284117,True,False
854,0.7,0.97,-1.0,1.0,0.0,1.0,0.5,0.98,1.0,1e-12,0.7884196873858528,-0.03513331294218436,0.6921768707482994,0.6065573770491803,0.7368090426912849,0.6475409836065574,20.879031602892194,1.0,0.8832465289758112,True,False
855,0.7,0.97,-1.0,0.8,0.4,0.8,0.5,0.98,1.0,1e-12,0.786251675579375,-0.032965301135706615,0.6825396825396826,0.5840163934426229,0.6894843605185317,0.6721311475409836,26.728410106426193,1.0,0.8832684336401561,True,False
856,0.7,0.97,-2.0,2.0,0.0,0.0,0.5,0.98,1.0,1e-12,0.7876324069854771,-0.03434603254180868,0.5892857142857143,0.38387978142076506,0.5005656390106631,0.32786885245901637,26.89089284263547,3.0,0.9103355143864117,True,False
857,0.7,0.97,-2.0,0.0,0.0,2.0,0.5,0.98,1.0,1e-12,0.7981182363074594,-0.044831861863790956,0.7006802721088435,0.6154371584699454,0.8200487754352596,0.6557377049180327,3.493378828499472,1.0,0.9129575070206587,True,False
858,0.7,0.97,-2.0,1.0,0.0,1.0,0.5,0.98,1.0,1e-12,0.7931732627926237,-0.03988688834895526,0.6615646258503401,0.5225409836065574,0.7368090426912849,0.6475409836065574,9.180274595824194,2.0,0.9198909737861822,True,False
859,0.7,0.97,-2.0,0.8,0.4,0.8,0.5,0.98,1.0,1e-12,0.7919103502201873,-0.03862397577651888,0.6445578231292517,0.4829234972677596,0.6894843605185317,0.5327868852459017,11.536274270858721,3.0,0.9213699382204475,True,False
860,0.7,0.97,4.0,4.0,0.0,0.0,0.5,0.98,1.0,1e-12,0.7742227936783228,-0.02093641923465439,0.7193877551020408,0.6844262295081968,0.5005656390106631,0.38524590163934425,18.19806645543911,2.0,0.7436831960625181,True,False
861,0.7,0.97,4.0,0.0,0.0,4.0,0.5,0.98,1.0,1e-12,0.7748133316855327,-0.021526957241864264,0.7341269841269842,0.7206284153005464,0.8200487754352596,0.0,0.0,,0.732965047883917,False,False
862,0.7,0.97,4.0,2.0,0.0,2.0,0.5,0.98,1.0,1e-12,0.7745364437285069,-0.021250069284838524,0.7335600907029478,0.7185792349726776,0.7368090426912849,0.00819672131147541,6.824274920789666,0.0,0.7287657739193965,False,False
863,0.7,0.97,4.0,1.6,0.8,1.6,0.5,0.98,1.0,1e-12,0.7743238586944933,-0.021037484250824856,0.7324263038548753,0.717896174863388,0.6894843605185317,0.00819672131147541,6.49930944837111,0.0,0.7285656239332756,False,False
864,0.7,0.97,2.0,4.0,0.0,0.0,0.5,0.98,1.0,1e-12,0.7768131816853775,-0.02352680724170908,0.701530612244898,0.6386612021857923,0.5005656390106631,0.4672131147540984,33.715167763425136,2.0,0.7823887141918814,True,False
865,0.7,0.97,2.0,0.0,0.0,4.0,0.5,0.98,1.0,1e-12,0.7805478784260267,-0.02726150398235827,0.7327097505668935,0.7096994535519127,0.8200487754352596,0.12295081967213115,31.765374928913804,0.0,0.8092677471995658,True,False
866,0.7,0.97,2.0,2.0,0.0,2.0,0.5,0.98,1.0,1e-12,0.7780336488284637,-0.024747274384795293,0.7284580498866213,0.7028688524590164,0.7368090426912849,0.09016393442622951,26.97213421074011,0.0,0.7745222036243182,False,False
867,0.7,0.97,2.0,1.6,0.8,1.6,0.5,0.98,1.0,1e-12,0.7761731361048557,-0.022886761661187305,0.7267573696145124,0.7001366120218578,0.6894843605185317,0.12295081967213115,24.128686327077748,0.0,0.7729701815088322,True,False
868,0.7,0.97,-0.0,4.0,0.0,0.0,0.5,0.98,1.0,1e-12,0.7814331507057174,-0.028146776262048978,0.6655328798185941,0.5491803278688525,0.5005656390106631,0.5737704918032787,43.951580144609636,2.0,0.8326002699470175,True,False
869,0.7,0.97,-0.0,0.0,0.0,4.0,0.5,0.98,1.0,1e-12,0.7891969158786305,-0.035910541434962084,0.7270408163265306,0.6878415300546448,0.8200487754352596,0.23770491803278687,14.298480786416443,0.0,0.8742642283360966,True,False
870,0.7,0.97,-0.0,2.0,0.0,2.0,0.5,0.98,1.0,1e-12,0.7834673366998031,-0.030180962256134647,0.7162698412698412,0.6693989071038251,0.7368090426912849,0.3360655737704918,35.01502965309936,1.0,0.8399308911057011,True,False
871,0.7,0.97,-0.0,1.6,0.8,1.6,0.5,0.98,1.0,1e-12,0.7811976608868942,-0.027911286443225825,0.7083333333333334,0.6523224043715846,0.6894843605185317,0.3770491803278688,35.90868470225038,1.0,0.8364802019771579,True,False
872,0.7,0.97,-2.0,4.0,0.0,0.0,0.5,0.98,1.0,1e-12,0.7847008808396654,-0.031414506395996966,0.6079931972789115,0.4316939890710383,0.5005656390106631,0.45901639344262296,37.77723616865708,2.5,0.8829886807664675,True,False
873,0.7,0.97,-2.0,0.0,0.0,4.0,0.5,0.98,1.0,1e-12,0.7979922599910069,-0.04470588554733845,0.717687074829932,0.6646174863387979,0.8200487754352596,0.36885245901639346,6.255585344057194,0.0,0.9029193488909317,True,False
874,0.7,0.97,-2.0,2.0,0.0,2.0,0.5,0.98,1.0,1e-12,0.7897636972120055,-0.03647732276833704,0.689625850340136,0.5997267759562842,0.7368090426912849,0.6475409836065574,20.879031602892194,1.0,0.8982548665533775,True,False
875,0.7,0.97,-2.0,1.6,0.8,1.6,0.5,0.98,1.0,1e-12,0.7881728144052756,-0.03488643996160723,0.6751700680272109,0.5662568306010929,0.6894843605185317,0.6721311475409836,26.728410106426193,1.0,0.8977125733747396,True,False
876,0.7,0.97,-4.0,4.0,0.0,0.0,0.5,0.98,1.0,1e-12,0.7899314747607353,-0.036645100317066914,0.5456349206349205,0.3292349726775956,0.5005656390106631,0.32786885245901637,26.89089284263547,3.0,0.9233443528647113,True,False
877,0.7,0.97,-4.0,0.0,0.0,4.0,0.5,0.98,1.0,1e-12,0.8005787112381724,-0.04729233679450395,0.7020975056689343,0.6202185792349728,0.8200487754352596,0.6557377049180327,3.493378828499472,1.0,0.9194077822841744,True,False
878,0.7,0.97,-4.0,2.0,0.0,2.0,0.5,0.98,1.0,1e-12,0.7979710014876055,-0.04468462704393705,0.638888888888889,0.4726775956284153,0.7368090426912849,0.6475409836065574,9.180274595824194,2.0,0.9365038916802554,True,False
879,0.7,0.97,-4.0,1.6,0.8,1.6,0.5,0.98,1.0,1e-12,0.796365187710739,-0.04307881326707064,0.6111111111111112,0.40983606557377056,0.6894843605185317,0.5327868852459017,11.536274270858721,3.0,0.9400450582292627,True,False
880,0.7,0.99,0.5,0.5,0.0,0.0,0.5,0.98,1.0,1e-12,0.7808715803838087,-0.027585205940140245,0.7043650793650794,0.6413934426229508,0.5005656390106631,0.38524590163934425,18.19806645543911,2.0,0.8111255629564953,True,False
881,0.7,0.99,0.5,0.0,0.0,0.5,0.5,0.98,1.0,1e-12,0.7823459063803778,-0.029059531936709404,0.7210884353741497,0.6775956284153006,0.8200487754352596,0.0,0.0,,0.8120675888412968,False,False
882,0.7,0.99,0.5,0.25,0.0,0.25,0.5,0.98,1.0,1e-12,0.7815381548285787,-0.028251780384910274,0.7142857142857143,0.6639344262295082,0.7368090426912849,0.00819672131147541,6.824274920789666,0.0,0.8105478809471584,False,False
883,0.7,0.99,0.5,0.2,0.1,0.2,0.5,0.98,1.0,1e-12,0.7812192772775582,-0.027932902833889828,0.7125850340136054,0.66051912568306,0.6894843605185317,0.00819672131147541,6.49930944837111,0.0,0.8104046925020919,False,False
884,0.7,0.99,0.25,0.5,0.0,0.0,0.5,0.98,1.0,1e-12,0.782136542331728,-0.028850167888059608,0.6950113378684808,0.6154371584699454,0.5005656390106631,0.4672131147540984,33.715167763425136,2.0,0.827720738021509,True,False
885,0.7,0.99,0.25,0.0,0.0,0.5,0.5,0.98,1.0,1e-12,0.7839103031828699,-0.0306239287392015,0.7151360544217688,0.6625683060109291,0.8200487754352596,0.12295081967213115,31.765374928913804,0.0,0.8288212104580638,True,False
886,0.7,0.99,0.25,0.25,0.0,0.25,0.5,0.98,1.0,1e-12,0.7831765627169865,-0.02989018827331813,0.7083333333333334,0.6468579234972678,0.7368090426912849,0.09016393442622951,26.97213421074011,0.0,0.8275538574809337,False,False
887,0.7,0.99,0.25,0.2,0.1,0.2,0.5,0.98,1.0,1e-12,0.7826380139641521,-0.029351639520483697,0.7063492063492064,0.6420765027322404,0.6894843605185317,0.12295081967213115,24.128686327077748,0.0,0.8274627628826333,True,False
888,0.7,0.99,-0.0,0.5,0.0,0.0,0.5,0.98,1.0,1e-12,0.783298389887994,-0.030012015444325635,0.6870748299319728,0.5935792349726775,0.5005656390106631,0.5737704918032787,43.951580144609636,2.0,0.8447825303719694,True,False
889,0.7,0.99,-0.0,0.0,0.0,0.5,0.5,0.98,1.0,1e-12,0.7858354503461122,-0.032549075902443825,0.7089002267573696,0.6454918032786886,0.8200487754352596,0.23770491803278687,14.298480786416443,0.0,0.8459348298636997,True,False
890,0.7,0.99,-0.0,0.25,0.0,0.25,0.5,0.98,1.0,1e-12,0.7845565067711109,-0.03127013232744247,0.7001133786848072,0.6243169398907105,0.7368090426912849,0.3360655737704918,35.01502965309936,1.0,0.8450438103245642,True,False
891,0.7,0.99,-0.0,0.2,0.1,0.2,0.5,0.98,1.0,1e-12,0.784244715387891,-0.030958340944222562,0.6981292517006803,0.6209016393442621,0.6894843605185317,0.3770491803278688,35.90868470225038,1.0,0.8450141091371006,True,False
892,0.7,0.99,-0.25,0.5,0.0,0.0,0.5,0.98,1.0,1e-12,0.7855057692933632,-0.03221939484969483,0.6743197278911565,0.5601092896174863,0.5005656390106631,0.45901639344262296,37.77723616865708,2.5,0.8618636702283816,True,False
893,0.7,0.99,-0.25,0.0,0.0,0.5,0.5,0.98,1.0,1e-12,0.7876318320190552,-0.03434545757538676,0.7054988662131519,0.6304644808743168,0.8200487754352596,0.36885245901639346,6.255585344057194,0.0,0.8629501044917737,True,False
894,0.7,0.99,-0.25,0.25,0.0,0.25,0.5,0.98,1.0,1e-12,0.7860484671916428,-0.03276209274797437,0.6913265306122449,0.6010928961748634,0.7368090426912849,0.6475409836065574,20.879031602892194,1.0,0.8625285562548202,True,False
895,0.7,0.99,-0.25,0.2,0.1,0.2,0.5,0.98,1.0,1e-12,0.7855965271563693,-0.03231015271270088,0.6884920634920635,0.5942622950819673,0.6894843605185317,0.6721311475409836,26.728410106426193,1.0,0.862563840324581,True,False
896,0.7,0.99,-0.5,0.5,0.0,0.0,0.5,0.98,1.0,1e-12,0.786989068842139,-0.03370269439847062,0.659297052154195,0.5225409836065574,0.5005656390106631,0.32786885245901637,26.89089284263547,3.0,0.8785136512538353,True,False
897,0.7,0.99,-0.5,0.0,0.0,0.5,0.5,0.98,1.0,1e-12,0.7903073731707817,-0.037020998727113286,0.6972789115646258,0.610655737704918,0.8200487754352596,0.6557377049180327,3.493378828499472,1.0,0.8794292470845628,True,False
898,0.7,0.99,-0.5,0.25,0.0,0.25,0.5,0.98,1.0,1e-12,0.7887054961538045,-0.03541912171013606,0.6808390022675738,0.5724043715846994,0.7368090426912849,0.6475409836065574,9.180274595824194,2.0,0.8795201710752205,True,False
899,0.7,0.99,-0.5,0.2,0.1,0.2,0.5,0.98,1.0,1e-12,0.788078048204928,-0.03479167376125958,0.6751700680272109,0.5587431693989071,0.6894843605185317,0.5327868852459017,11.536274270858721,3.0,0.8796174407978053,True,False
900,0.7,0.99,1.0,1.0,0.0,0.0,0.5,0.98,1.0,1e-12,0.7783280468907189,-0.025041672447050467,0.7120181405895691,0.6632513661202186,0.5005656390106631,0.38524590163934425,18.19806645543911,2.0,0.7867513416577586,True,False
901,0.7,0.99,1.0,0.0,0.0,1.0,0.5,0.98,1.0,1e-12,0.7800251482902013,-0.026738773846532893,0.7270408163265306,0.6953551912568305,0.8200487754352596,0.0,0.0,,0.7899740833147454,False,False
902,0.7,0.99,1.0,0.5,0.0,0.5,0.5,0.98,1.0,1e-12,0.7791482792898987,-0.0258619048462303,0.7222222222222222,0.6864754098360655,0.7368090426912849,0.00819672131147541,6.824274920789666,0.0,0.7838855133605594,False,False
903,0.7,0.99,1.0,0.4,0.2,0.4,0.5,0.98,1.0,1e-12,0.7790175072841267,-0.02573113284045825,0.7205215419501133,0.6837431693989071,0.6894843605185317,0.00819672131147541,6.49930944837111,0.0,0.7832679527852923,False,False
904,0.7,0.99,0.5,1.0,0.0,0.0,0.5,0.98,1.0,1e-12,0.7809556838905313,-0.027669309446862855,0.6972789115646258,0.6243169398907105,0.5005656390106631,0.4672131147540984,33.715167763425136,2.0,0.8142074862407458,True,False
905,0.7,0.99,0.5,0.0,0.0,1.0,0.5,0.98,1.0,1e-12,0.7824366642433839,-0.029150289799715456,0.7233560090702947,0.6851092896174863,0.8200487754352596,0.12295081967213115,31.765374928913804,0.0,0.819616799886177,True,False
906,0.7,0.99,0.5,0.5,0.0,0.5,0.5,0.98,1.0,1e-12,0.7809696151231342,-0.027683240679465815,0.7168367346938775,0.6707650273224043,0.7368090426912849,0.09016393442622951,26.97213421074011,0.0,0.8132470456129457,False,False
907,0.7,0.99,0.5,0.4,0.2,0.4,0.5,0.98,1.0,1e-12,0.7809581891013698,-0.02767181465770141,0.7134353741496599,0.6632513661202186,0.6894843605185317,0.12295081967213115,24.128686327077748,0.0,0.812763763605859,True,False
908,0.7,0.99,-0.0,1.0,0.0,0.0,0.5,0.98,1.0,1e-12,0.7825381205578625,-0.02925174611419412,0.6780045351473922,0.5771857923497268,0.5005656390106631,0.5737704918032787,43.951580144609636,2.0,0.8440763970558218,True,False
909,0.7,0.99,-0.0,0.0,0.0,1.0,0.5,0.98,1.0,1e-12,0.786264485596576,-0.03297811115290761,0.7182539682539683,0.6673497267759562,0.8200487754352596,0.23770491803278687,14.298480786416443,0.0,0.8503604043766124,True,False
910,0.7,0.99,-0.0,0.5,0.0,0.5,0.5,0.98,1.0,1e-12,0.7836017327850138,-0.030315358341345355,0.7054988662131519,0.6413934426229508,0.7368090426912849,0.3360655737704918,35.01502965309936,1.0,0.8453212198873097,True,False
911,0.7,0.99,-0.0,0.4,0.2,0.4,0.5,0.98,1.0,1e-12,0.7828679923191304,-0.029581617875461985,0.701530612244898,0.6318306010928961,0.6894843605185317,0.3770491803278688,35.90868470225038,1.0,0.8450965978049099,True,False
912,0.7,0.99,-0.5,1.0,0.0,0.0,0.5,0.98,1.0,1e-12,0.7857554314477873,-0.03246905700411884,0.6547619047619048,0.5170765027322405,0.5005656390106631,0.45901639344262296,37.77723616865708,2.5,0.8741213081074473,True,False
913,0.7,0.99,-0.5,0.0,0.0,1.0,0.5,0.98,1.0,1e-12,0.7910429723036291,-0.03775659785996066,0.7089002267573696,0.6413934426229508,0.8200487754352596,0.36885245901639346,6.255585344057194,0.0,0.87949019964472,True,False
914,0.7,0.99,-0.5,0.5,0.0,0.5,0.5,0.98,1.0,1e-12,0.7877276049973418,-0.03444123055367343,0.6893424036281179,0.5963114754098361,0.7368090426912849,0.6475409836065574,20.879031602892194,1.0,0.8772667550276759,True,False
915,0.7,0.99,-0.5,0.4,0.2,0.4,0.5,0.98,1.0,1e-12,0.7863458022762534,-0.033059427832584976,0.6839569160997734,0.584016393442623,0.6894843605185317,0.6721311475409836,26.728410106426193,1.0,0.8773928208140093,True,False
916,0.7,0.99,-1.0,1.0,0.0,0.0,0.5,0.98,1.0,1e-12,0.7887016309713679,-0.0354152565276995,0.6162131519274378,0.42896174863387976,0.5005656390106631,0.32786885245901637,26.89089284263547,3.0,0.9020530399131212,True,False
917,0.7,0.99,-1.0,0.0,0.0,1.0,0.5,0.98,1.0,1e-12,0.7945283671239185,-0.041241992680250084,0.6969954648526078,0.6051912568306012,0.8200487754352596,0.6557377049180327,3.493378828499472,1.0,0.9051844353654742,True,False
918,0.7,0.99,-1.0,0.5,0.0,0.5,0.5,0.98,1.0,1e-12,0.7920804898248507,-0.03879411538118227,0.6675170068027211,0.5396174863387977,0.7368090426912849,0.6475409836065574,9.180274595824194,2.0,0.9063360298628806,True,False
919,0.7,0.99,-1.0,0.4,0.2,0.4,0.5,0.98,1.0,1e-12,0.7907793812634039,-0.03749300681973544,0.6595804988662132,0.5211748633879782,0.6894843605185317,0.5327868852459017,11.536274270858721,3.0,0.9068048272198532,True,False
920,0.7,0.99,2.0,2.0,0.0,0.0,0.5,0.98,1.0,1e-12,0.7757479660368285,-0.02246159159316008,0.7151360544217688,0.6728142076502732,0.5005656390106631,0.38524590163934425,18.19806645543911,2.0,0.7618682690845929,True,False
921,0.7,0.99,2.0,0.0,0.0,2.0,0.5,0.98,1.0,1e-12,0.7786108494056644,-0.02532447496199597,0.7332766439909296,0.7137978142076502,0.8200487754352596,0.0,0.0,,0.7640206791021025,False,False
922,0.7,0.99,2.0,1.0,0.0,1.0,0.5,0.98,1.0,1e-12,0.7765258697909228,-0.023239495347254335,0.7293083900226758,0.7062841530054645,0.7368090426912849,0.00819672131147541,6.824274920789666,0.0,0.753090055531898,False,False
923,0.7,0.99,2.0,0.8,0.4,0.8,0.5,0.98,1.0,1e-12,0.7759550396069973,-0.022668665163328883,0.7276077097505669,0.703551912568306,0.6894843605185317,0.00819672131147541,6.49930944837111,0.0,0.7520475727984944,False,False
924,0.7,0.99,1.0,2.0,0.0,0.0,0.5,0.98,1.0,1e-12,0.7790947153315677,-0.025808340887899295,0.6989795918367347,0.6297814207650274,0.5005656390106631,0.4672131147540984,33.715167763425136,2.0,0.7987983968023116,True,False
925,0.7,0.99,1.0,0.0,0.0,2.0,0.5,0.98,1.0,1e-12,0.7810525710438145,-0.02776619660014612,0.7290249433106576,0.700136612021858,0.8200487754352596,0.12295081967213115,31.765374928913804,0.0,0.8144126988154374,True,False
926,0.7,0.99,1.0,1.0,0.0,1.0,0.5,0.98,1.0,1e-12,0.7793292986673466,-0.026042924223678154,0.7233560090702948,0.6885245901639344,0.7368090426912849,0.09016393442622951,26.97213421074011,0.0,0.7950537126459266,False,False
927,0.7,0.99,1.0,0.8,0.4,0.8,0.5,0.98,1.0,1e-12,0.7786599779087402,-0.02537360346507178,0.719954648526077,0.6823770491803278,0.6894843605185317,0.12295081967213115,24.128686327077748,0.0,0.7936893354273842,True,False
928,0.7,0.99,-0.0,2.0,0.0,0.0,0.5,0.98,1.0,1e-12,0.7822658135577987,-0.028979439114130257,0.6649659863945578,0.5478142076502732,0.5005656390106631,0.5737704918032787,43.951580144609636,2.0,0.8429481990425995,True,False
929,0.7,0.99,-0.0,0.0,0.0,2.0,0.5,0.98,1.0,1e-12,0.78890802928022,-0.03562165483655155,0.7236394557823129,0.6830601092896174,0.8200487754352596,0.23770491803278687,14.298480786416443,0.0,0.8648380335278311,True,False
930,0.7,0.99,-0.0,1.0,0.0,1.0,0.5,0.98,1.0,1e-12,0.7840536728202872,-0.030767298376618735,0.709750566893424,0.6523224043715846,0.7368090426912849,0.3360655737704918,35.01502965309936,1.0,0.8467653984143129,True,False
931,0.7,0.99,-0.0,0.8,0.4,0.8,0.5,0.98,1.0,1e-12,0.7824092072190546,-0.029122832775386187,0.7046485260770975,0.6434426229508197,0.6894843605185317,0.3770491803278688,35.90868470225038,1.0,0.8455082905716272,True,False
932,0.7,0.99,-1.0,2.0,0.0,0.0,0.5,0.98,1.0,1e-12,0.7864587778669859,-0.03317240342331751,0.6125283446712019,0.43920765027322406,0.5005656390106631,0.45901639344262296,37.77723616865708,2.5,0.8875717010267011,True,False
933,0.7,0.99,-1.0,0.0,0.0,2.0,0.5,0.98,1.0,1e-12,0.7964301536669958,-0.04314377922332735,0.7128684807256235,0.6489071038251366,0.8200487754352596,0.36885245901639346,6.255585344057194,0.0,0.9026870114082942,True,False
934,0.7,0.99,-1.0,1.0,0.0,1.0,0.5,0.98,1.0,1e-12,0.789374029560433,-0.036087655116764594,0.6867913832199546,0.5887978142076502,0.7368090426912849,0.6475409836065574,20.879031602892194,1.0,0.8968203459369823,True,False
935,0.7,0.99,-1.0,0.8,0.4,0.8,0.5,0.98,1.0,1e-12,0.7879056181217836,-0.0346192436781152,0.6748866213151928,0.5642076502732241,0.6894843605185317,0.6721311475409836,26.728410106426193,1.0,0.8968438731690566,True,False
936,0.7,0.99,-2.0,2.0,0.0,0.0,0.5,0.98,1.0,1e-12,0.7897456596939679,-0.03645928525029951,0.5430839002267573,0.32581967213114754,0.5005656390106631,0.32786885245901637,26.89089284263547,3.0,0.9259159228594793,True,False
937,0.7,0.99,-2.0,0.0,0.0,2.0,0.5,0.98,1.0,1e-12,0.8004669072573207,-0.04718053281365231,0.6947278911564626,0.603825136612022,0.8200487754352596,0.6557377049180327,3.493378828499472,1.0,0.9287321371703371,True,False
938,0.7,0.99,-2.0,1.0,0.0,1.0,0.5,0.98,1.0,1e-12,0.7942251650350021,-0.04093879059133365,0.6422902494331068,0.4801912568306011,0.7368090426912849,0.6475409836065574,9.180274595824194,2.0,0.9361791940666402,True,False
939,0.7,0.99,-2.0,0.8,0.4,0.8,0.5,0.98,1.0,1e-12,0.7945598612030316,-0.041273486759363154,0.6227324263038548,0.43442622950819676,0.6894843605185317,0.5327868852459017,11.536274270858721,3.0,0.9377677114219625,True,False
940,0.7,0.99,4.0,4.0,0.0,0.0,0.5,0.98,1.0,1e-12,0.7744353787123365,-0.02114900426866806,0.7174036281179138,0.6796448087431693,0.5005656390106631,0.38524590163934425,18.19806645543911,2.0,0.7469189883634454,True,False
941,0.7,0.99,4.0,0.0,0.0,4.0,0.5,0.98,1.0,1e-12,0.77492671037034,-0.021640335926671583,0.7344104308390024,0.7206284153005464,0.8200487754352596,0.0,0.0,,0.7354069032827256,False,False
942,0.7,0.99,4.0,2.0,0.0,2.0,0.5,0.98,1.0,1e-12,0.7745364437285069,-0.021250069284838524,0.7335600907029478,0.7185792349726776,0.7368090426912849,0.00819672131147541,6.824274920789666,0.0,0.7308965719874998,False,False
943,0.7,0.99,4.0,1.6,0.8,1.6,0.5,0.98,1.0,1e-12,0.7743238586944933,-0.021037484250824856,0.7327097505668934,0.717896174863388,0.6894843605185317,0.00819672131147541,6.49930944837111,0.0,0.7306815960764811,False,False
944,0.7,0.99,2.0,4.0,0.0,0.0,0.5,0.98,1.0,1e-12,0.7773446442704115,-0.024058269826743084,0.6952947845804989,0.6256830601092896,0.5005656390106631,0.4672131147540984,33.715167763425136,2.0,0.7884915819097986,True,False
945,0.7,0.99,2.0,0.0,0.0,4.0,0.5,0.98,1.0,1e-12,0.7809604508624087,-0.027674076418740312,0.7312925170068028,0.7069672131147541,0.8200487754352596,0.12295081967213115,31.765374928913804,0.0,0.8173616543995338,True,False
946,0.7,0.99,2.0,2.0,0.0,2.0,0.5,0.98,1.0,1e-12,0.7782462338624773,-0.02495985941880885,0.7284580498866213,0.7028688524590164,0.7368090426912849,0.09016393442622951,26.97213421074011,0.0,0.7800423668557493,False,False
947,0.7,0.99,2.0,1.6,0.8,1.6,0.5,0.98,1.0,1e-12,0.7764990998236766,-0.02321272538000818,0.7253401360544217,0.6967213114754098,0.6894843605185317,0.12295081967213115,24.128686327077748,0.0,0.778375380139116,True,False
948,0.7,0.99,-0.0,4.0,0.0,0.0,0.5,0.98,1.0,1e-12,0.7821824258256015,-0.028896051381933074,0.6502267573696144,0.5225409836065573,0.5005656390106631,0.5737704918032787,43.951580144609636,2.0,0.8424225121653153,True,False
949,0.7,0.99,-0.0,0.0,0.0,4.0,0.5,0.98,1.0,1e-12,0.7921254809782482,-0.03883910653457978,0.7247732426303855,0.6830601092896175,0.8200487754352596,0.23770491803278687,14.298480786416443,0.0,0.8871726896943259,True,False
950,0.7,0.99,-0.0,2.0,0.0,2.0,0.5,0.98,1.0,1e-12,0.7836996055332625,-0.03041323108959404,0.7134353741496599,0.6618852459016392,0.7368090426912849,0.3360655737704918,35.01502965309936,1.0,0.8502961422987159,True,False
951,0.7,0.99,-0.0,1.6,0.8,1.6,0.5,0.98,1.0,1e-12,0.7818528093098998,-0.02856643486623134,0.7046485260770975,0.6434426229508197,0.6894843605185317,0.3770491803278688,35.90868470225038,1.0,0.8465898465680585,True,False
952,0.7,0.99,-2.0,4.0,0.0,0.0,0.5,0.98,1.0,1e-12,0.7863621935128828,-0.03307581906921442,0.5677437641723355,0.38524590163934425,0.5005656390106631,0.45901639344262296,37.77723616865708,2.5,0.8965433978602799,True,False
953,0.7,0.99,-2.0,0.0,0.0,4.0,0.5,0.98,1.0,1e-12,0.798946074752779,-0.045659700309110596,0.7151360544217688,0.6584699453551912,0.8200487754352596,0.36885245901639346,6.255585344057194,0.0,0.9179504117717414,True,False
954,0.7,0.99,-2.0,2.0,0.0,2.0,0.5,0.98,1.0,1e-12,0.7903702897515554,-0.037083915307887017,0.681689342403628,0.5806010928961748,0.7368090426912849,0.6475409836065574,20.879031602892194,1.0,0.9129404122239981,True,False
955,0.7,0.99,-2.0,1.6,0.8,1.6,0.5,0.98,1.0,1e-12,0.789653539512562,-0.03636716506889359,0.663548752834467,0.5389344262295082,0.6894843605185317,0.6721311475409836,26.728410106426193,1.0,0.912357949180276,True,False
956,0.7,0.99,-4.0,4.0,0.0,0.0,0.5,0.98,1.0,1e-12,0.7916440368899642,-0.03835766244629579,0.48242630385487534,0.26844262295081966,0.5005656390106631,0.32786885245901637,26.89089284263547,3.0,0.9398883790028381,True,False
957,0.7,0.99,-4.0,0.0,0.0,4.0,0.5,0.98,1.0,1e-12,0.8033552458286167,-0.05006887138494831,0.6950113378684808,0.6024590163934425,0.8200487754352596,0.6557377049180327,3.493378828499472,1.0,0.9356602106015206,True,False
958,0.7,0.99,-4.0,2.0,0.0,2.0,0.5,0.98,1.0,1e-12,0.8009007381971042,-0.04761436375343575,0.6153628117913833,0.4296448087431694,0.7368090426912849,0.6475409836065574,9.180274595824194,2.0,0.9540226984713854,True,False
959,0.7,0.99,-4.0,1.6,0.8,1.6,0.5,0.98,1.0,1e-12,0.7983093028989019,-0.04502292845523348,0.5768140589569161,0.3579234972677595,0.6894843605185317,0.5327868852459017,11.536274270858721,3.0,0.9578261736536525,True,False
