user_id,oracle_gain,action_disagreement
P189,0.09386666666666658,0.48966666666666664
P194,0.11833333333333332,0.7020555555555555
