seed,method,block_id,sequence_id,previous_cell,cell,window,n_samples,nll,latent_mse
43007,learned_event_learned_qr,1,0,101,111,1,1,0.6596704408975964,0.0015618903117918413
43007,learned_event_learned_qr,1,0,101,111,4,4,0.6525945228431939,0.061537367430350876
43007,learned_event_learned_qr,1,0,101,111,8,8,0.49423485874483175,0.06663221237201143
43007,learned_event_learned_qr,1,0,101,111,16,16,0.4415936503599659,0.05715097850221833
43007,learned_event_learned_qr,2,0,111,011,1,1,0.4093355229286437,0.19547307991217924
43007,learned_event_learned_qr,2,0,111,011,4,4,0.73582903675943,0.06886214405071739
43007,learned_event_learned_qr,2,0,111,011,8,8,0.7331981027251178,0.0505523305710496
43007,learned_event_learned_qr,2,0,111,011,16,16,0.8671295972206096,0.04416100634385234
43007,learned_event_learned_qr,3,0,011,111,1,1,0.5566387354761319,0.05173960813720372
43007,learned_event_learned_qr,3,0,011,111,4,4,0.2595187016059499,0.052318117071372086
43007,learned_event_learned_qr,3,0,011,111,8,8,0.5264131970525697,0.07028227965160254
43007,learned_event_learned_qr,3,0,011,111,16,16,1.180557874388779,0.09329806050923206
43007,learned_event_learned_qr,4,0,111,101,1,1,0.499074320213727,0.06579489525834722
43007,learned_event_learned_qr,4,0,111,101,4,4,0.546690281503303,0.03063254002640036
43007,learned_event_learned_qr,4,0,111,101,8,8,0.4117847789359127,0.024900798655271075
43007,learned_event_learned_qr,4,0,111,101,16,16,0.3637513835631093,0.05300781753217815
43007,learned_event_learned_qr,5,0,101,011,1,1,0.6519275870273613,0.19695366390673935
43007,learned_event_learned_qr,5,0,101,011,4,4,1.111992172397231,0.09583964607289634
43007,learned_event_learned_qr,5,0,101,011,8,8,1.5923760547621322,0.1133695491937956
43007,learned_event_learned_qr,5,0,101,011,16,16,1.382630241913472,0.11583668632156123
43007,learned_event_learned_qr,6,0,011,110,1,1,0.2517437500184969,0.007113873046373578
43007,learned_event_learned_qr,6,0,011,110,4,4,0.40434285560236594,0.016415555303406694
43007,learned_event_learned_qr,6,0,011,110,8,8,0.28671721619620893,0.01268848317710139
43007,learned_event_learned_qr,6,0,011,110,16,16,0.9137705861755652,0.01050995035462776
43007,learned_event_learned_qr,7,0,110,101,1,1,5.49394422799581,0.0022376042383854553
43007,learned_event_learned_qr,7,0,110,101,4,4,2.102819933350437,0.008604166403291934
43007,learned_event_learned_qr,7,0,110,101,8,8,1.146196337419911,0.009783925375031196
43007,learned_event_learned_qr,7,0,110,101,16,16,1.0908772849589277,0.019743376544143675
43007,learned_event_learned_qr,8,0,101,111,1,1,0.2297221876673659,0.009658862669651732
43007,learned_event_learned_qr,8,0,101,111,4,4,0.2450824690006866,0.03197388245715589
43007,learned_event_learned_qr,8,0,101,111,8,8,0.8887644374289697,0.08910078673978683
43007,learned_event_learned_qr,8,0,101,111,16,16,0.8737690566393321,0.07562859409175443
43007,learned_event_learned_qr,9,0,111,110,1,1,0.6211671858102167,0.06664906141918743
43007,learned_event_learned_qr,9,0,111,110,4,4,1.8095266104820609,0.031483299830422355
43007,learned_event_learned_qr,9,0,111,110,8,8,1.0984683582392305,0.02200692202783338
43007,learned_event_learned_qr,9,0,111,110,16,16,0.8139654494356693,0.025666268460909962
43007,learned_event_learned_qr,10,0,110,110,1,1,-0.01419873719190085,0.00867815583257388
43007,learned_event_learned_qr,10,0,110,110,4,4,-0.16682531410524712,0.003959226183391474
43007,learned_event_learned_qr,10,0,110,110,8,8,0.7247372003188739,0.0065594374377912525
43007,learned_event_learned_qr,10,0,110,110,16,16,0.6207704428388781,0.014969545626163804
43007,learned_event_learned_qr,11,0,110,011,1,1,3.8940305455659923,0.050885608298195405
43007,learned_event_learned_qr,11,0,110,011,4,4,2.452573212787835,0.15665587642867898
43007,learned_event_learned_qr,11,0,110,011,8,8,1.7817002474047732,0.18314454489912907
43007,learned_event_learned_qr,11,0,110,011,16,16,1.7263886549425105,0.1770811021117582
43007,learned_event_learned_qr,13,1,011,110,1,1,0.47274583141294146,0.03366995531484206
43007,learned_event_learned_qr,13,1,011,110,4,4,0.42204750966709115,0.022563262283206993
43007,learned_event_learned_qr,13,1,011,110,8,8,1.1297011165565887,0.022956074761041743
43007,learned_event_learned_qr,13,1,011,110,16,16,0.7568010177203415,0.020256016469700586
43007,learned_event_learned_qr,14,1,110,111,1,1,5.219979790522247,0.0001827232712359391
43007,learned_event_learned_qr,14,1,110,111,4,4,2.2604924859920015,0.04236926516398247
43007,learned_event_learned_qr,14,1,110,111,8,8,1.6444876802336124,0.03809156759951196
43007,learned_event_learned_qr,14,1,110,111,16,16,0.9280004681494265,0.08349555278801936
43007,learned_event_learned_qr,15,1,111,101,1,1,0.3105162737041721,7.578550725007672e-07
43007,learned_event_learned_qr,15,1,111,101,4,4,1.978788077073658,0.06380691716223329
43007,learned_event_learned_qr,15,1,111,101,8,8,1.266479871510635,0.05667070090985479
43007,learned_event_learned_qr,15,1,111,101,16,16,1.02096334728499,0.04080116472063486
43007,learned_event_learned_qr,16,1,101,101,1,1,0.292268367817818,0.005155218980845094
43007,learned_event_learned_qr,16,1,101,101,4,4,0.47446471972950016,0.011051828176793628
43007,learned_event_learned_qr,16,1,101,101,8,8,0.6209477588476845,0.014153901083476089
43007,learned_event_learned_qr,16,1,101,101,16,16,0.5082616333156731,0.026079444798878477
43007,learned_event_learned_qr,17,1,101,111,1,1,0.36331508872066526,0.2156058540317594
43007,learned_event_learned_qr,17,1,101,111,4,4,1.0057744553108399,0.08893538210242968
43007,learned_event_learned_qr,17,1,101,111,8,8,0.973785115544685,0.05562166450304171
43007,learned_event_learned_qr,17,1,101,111,16,16,1.2122572100820876,0.06267925083914999
43007,learned_event_learned_qr,18,1,111,011,1,1,0.30438553709817306,0.028751275343216212
43007,learned_event_learned_qr,18,1,111,011,4,4,1.0440847182786217,0.059046660995036145
43007,learned_event_learned_qr,18,1,111,011,8,8,1.0800767122302912,0.051595369409412
43007,learned_event_learned_qr,18,1,111,011,16,16,0.9163259055037428,0.042463692136189043
43007,learned_event_learned_qr,19,1,011,101,1,1,0.44553080393703426,0.11177964757072013
43007,learned_event_learned_qr,19,1,011,101,4,4,0.68708459945011,0.05337227164138535
43007,learned_event_learned_qr,19,1,011,101,8,8,0.8351527720787951,0.05911847950439207
43007,learned_event_learned_qr,19,1,011,101,16,16,0.7193509302174597,0.04127589690325289
43007,learned_event_learned_qr,20,1,101,011,1,1,1.0012339313021232,0.09371082318311386
43007,learned_event_learned_qr,20,1,101,011,4,4,0.8994437316046237,0.09439610114989029
43007,learned_event_learned_qr,20,1,101,011,8,8,0.7535004865055508,0.06209403696887046
43007,learned_event_learned_qr,20,1,101,011,16,16,0.7374759224619754,0.06597641091703034
43007,learned_event_learned_qr,21,1,011,110,1,1,0.6312908998877244,0.04882657536766968
43007,learned_event_learned_qr,21,1,011,110,4,4,0.533102148312349,0.03491088546848561
43007,learned_event_learned_qr,21,1,011,110,8,8,0.5656032866105207,0.04208040863943739
43007,learned_event_learned_qr,21,1,011,110,16,16,1.1376549929319506,0.03129409438302883
43007,learned_event_learned_qr,22,1,110,110,1,1,-0.5791513688231661,0.0030524963253044583
43007,learned_event_learned_qr,22,1,110,110,4,4,0.2560507279177586,0.05066266969009944
43007,learned_event_learned_qr,22,1,110,110,8,8,-0.06732459566270163,0.03081023916319789
43007,learned_event_learned_qr,22,1,110,110,16,16,0.16609793712641618,0.025505295373321683
43007,learned_event_learned_qr,23,1,110,111,1,1,-0.11613544905006419,0.18329129689904955
43007,learned_event_learned_qr,23,1,110,111,4,4,0.9076279035268302,0.05900482237716982
43007,learned_event_learned_qr,23,1,110,111,8,8,1.1669125550608155,0.03093727114192386
43007,learned_event_learned_qr,23,1,110,111,16,16,1.2053179410006003,0.04325325128997307
43007,learned_event_learned_qr,25,2,101,101,1,1,0.3266472575999795,0.04802555436803046
43007,learned_event_learned_qr,25,2,101,101,4,4,0.6257508389732882,0.040822174300564104
43007,learned_event_learned_qr,25,2,101,101,8,8,1.1335860989261328,0.09780298025798687
43007,learned_event_learned_qr,25,2,101,101,16,16,1.1224948754387865,0.09603607771365111
43007,learned_event_learned_qr,26,2,101,111,1,1,0.23111134938516273,0.18069800465537547
43007,learned_event_learned_qr,26,2,101,111,4,4,1.4278233121896873,0.2819733567878532
43007,learned_event_learned_qr,26,2,101,111,8,8,0.9329982176742495,0.15467306121410013
43007,learned_event_learned_qr,26,2,101,111,16,16,0.9414506881153079,0.15755225546392007
43007,learned_event_learned_qr,27,2,111,110,1,1,0.8156089487507141,0.12372893245258458
43007,learned_event_learned_qr,27,2,111,110,4,4,0.5602269975414529,0.04446363685840017
43007,learned_event_learned_qr,27,2,111,110,8,8,0.4391550540924769,0.027644904181201697
43007,learned_event_learned_qr,27,2,111,110,16,16,0.42153069111173724,0.037044473073853126
43007,learned_event_learned_qr,28,2,110,101,1,1,0.4265471268198719,0.07194649980292535
43007,learned_event_learned_qr,28,2,110,101,4,4,2.0346138391504374,0.07326247442307512
43007,learned_event_learned_qr,28,2,110,101,8,8,1.3887984505751918,0.08914028043582253
43007,learned_event_learned_qr,28,2,110,101,16,16,0.9562582035039916,0.05467393771895298
43007,learned_event_learned_qr,29,2,101,011,1,1,0.7595206647526236,0.02306040411846906
43007,learned_event_learned_qr,29,2,101,011,4,4,1.0261470267350123,0.03460514061997138
43007,learned_event_learned_qr,29,2,101,011,8,8,0.79931224812619,0.031658875812879635
43007,learned_event_learned_qr,29,2,101,011,16,16,0.8112479971503528,0.027902279053090277
43007,learned_event_learned_qr,30,2,011,111,1,1,0.30966109493424404,0.0003811818839504416
43007,learned_event_learned_qr,30,2,011,111,4,4,1.3891879040923203,0.014482866093243035
43007,learned_event_learned_qr,30,2,011,111,8,8,1.6171430661453283,0.037489803054838955
43007,learned_event_learned_qr,30,2,011,111,16,16,1.1443756124203124,0.03950871606643061
43007,learned_event_learned_qr,31,2,111,011,1,1,0.14907693032112226,0.016973577888756378
43007,learned_event_learned_qr,31,2,111,011,4,4,0.17816283939986577,0.027853121298866378
43007,learned_event_learned_qr,31,2,111,011,8,8,0.3814053441520793,0.043342839832652406
43007,learned_event_learned_qr,31,2,111,011,16,16,0.3502599954663283,0.028484522281962917
43007,learned_event_learned_qr,32,2,011,111,1,1,0.5290880425679866,0.03516277663678943
43007,learned_event_learned_qr,32,2,011,111,4,4,1.9730961541104493,0.03384475200717912
43007,learned_event_learned_qr,32,2,011,111,8,8,1.4268111477338548,0.0306134910291906
43007,learned_event_learned_qr,32,2,011,111,16,16,1.1081928424712584,0.05678926925735449
43007,learned_event_learned_qr,33,2,111,110,1,1,0.3196815888467329,0.0006690556899107555
43007,learned_event_learned_qr,33,2,111,110,4,4,0.4804659913618956,0.018441169574857613
43007,learned_event_learned_qr,33,2,111,110,8,8,0.42944223121843084,0.022553372347715938
43007,learned_event_learned_qr,33,2,111,110,16,16,0.7036133780185034,0.030008738101083024
43007,learned_event_learned_qr,34,2,110,011,1,1,-0.02347964128279875,0.0402943659545834
43007,learned_event_learned_qr,34,2,110,011,4,4,0.5327491538803928,0.04811227922376601
43007,learned_event_learned_qr,34,2,110,011,8,8,0.3727635976954702,0.09957620856688658
43007,learned_event_learned_qr,34,2,110,011,16,16,0.579190375334728,0.059803555318270904
43007,learned_event_learned_qr,35,2,011,110,1,1,0.1286632996059967,0.00923746092789589
43007,learned_event_learned_qr,35,2,011,110,4,4,0.3780689601618072,0.02685092758174537
43007,learned_event_learned_qr,35,2,011,110,8,8,0.23899267604981028,0.024224691723528462
43007,learned_event_learned_qr,35,2,011,110,16,16,0.5226732141413897,0.018727841773744605
43007,learned_event_learned_qr,37,3,101,101,1,1,0.1318373689714812,0.0010867567901097727
43007,learned_event_learned_qr,37,3,101,101,4,4,0.9147422332283615,0.030891989208098512
43007,learned_event_learned_qr,37,3,101,101,8,8,0.8833904805133574,0.05292396674191699
43007,learned_event_learned_qr,37,3,101,101,16,16,0.7143474242228979,0.042238247715793306
43007,learned_event_learned_qr,38,3,101,011,1,1,1.6697882914019595,0.08501948648593777
43007,learned_event_learned_qr,38,3,101,011,4,4,1.0397846279211982,0.025636874907971882
43007,learned_event_learned_qr,38,3,101,011,8,8,0.7307451403308973,0.05155229509980694
43007,learned_event_learned_qr,38,3,101,011,16,16,0.5521761151914129,0.031190840872261216
43007,learned_event_learned_qr,39,3,011,101,1,1,0.36493111086980967,0.14971499377362527
43007,learned_event_learned_qr,39,3,011,101,4,4,0.645869656063341,0.09569542210482487
43007,learned_event_learned_qr,39,3,011,101,8,8,0.5266980069381281,0.049510313179158556
43007,learned_event_learned_qr,39,3,011,101,16,16,1.1116047236327722,0.08650994004539178
43007,learned_event_learned_qr,40,3,101,011,1,1,0.8370515595629814,0.07618424520948457
43007,learned_event_learned_qr,40,3,101,011,4,4,0.8115427898544085,0.031270458939557585
43007,learned_event_learned_qr,40,3,101,011,8,8,1.1601759493682269,0.06772104307076368
43007,learned_event_learned_qr,40,3,101,011,16,16,1.0599602011970763,0.0795377647289034
43007,learned_event_learned_qr,41,3,011,111,1,1,0.216065176896922,0.14881060976627275
43007,learned_event_learned_qr,41,3,011,111,4,4,0.5855746651578831,0.3019810042078081
43007,learned_event_learned_qr,41,3,011,111,8,8,0.45504476185814985,0.1771419118025746
43007,learned_event_learned_qr,41,3,011,111,16,16,0.560794413880315,0.11767728331141569
43007,learned_event_learned_qr,42,3,111,011,1,1,0.4607692645400188,0.15390609179760958
43007,learned_event_learned_qr,42,3,111,011,4,4,1.0284621925290962,0.04522165193222069
43007,learned_event_learned_qr,42,3,111,011,8,8,0.9187227332448603,0.06370133139285705
43007,learned_event_learned_qr,42,3,111,011,16,16,0.999427251036211,0.06989599588975404
43007,learned_event_learned_qr,43,3,011,111,1,1,0.6188283660211105,0.11338838296044434
43007,learned_event_learned_qr,43,3,011,111,4,4,0.7320352512044457,0.06866038839354102
43007,learned_event_learned_qr,43,3,011,111,8,8,0.7711298365443704,0.06121043891017759
43007,learned_event_learned_qr,43,3,011,111,16,16,0.7550527359886622,0.06243886441453356
43007,learned_event_learned_qr,44,3,111,110,1,1,0.49687874328551646,0.04048639392201937
43007,learned_event_learned_qr,44,3,111,110,4,4,0.7008259710531636,0.05862669780051245
43007,learned_event_learned_qr,44,3,111,110,8,8,0.6064710520044594,0.045209469347634895
43007,learned_event_learned_qr,44,3,111,110,16,16,0.4100273383649979,0.028435362180029015
43007,learned_event_learned_qr,45,3,110,110,1,1,0.2817560789670465,0.05043501600470844
43007,learned_event_learned_qr,45,3,110,110,4,4,0.27302528588466385,0.062330291825872894
43007,learned_event_learned_qr,45,3,110,110,8,8,0.1948771838518897,0.04793998777745301
43007,learned_event_learned_qr,45,3,110,110,16,16,0.4207843157646262,0.07343660710105723
43007,learned_event_learned_qr,46,3,110,111,1,1,4.549692134669492,0.036826796664183266
43007,learned_event_learned_qr,46,3,110,111,4,4,1.1091359230223137,0.022122491978740902
43007,learned_event_learned_qr,46,3,110,111,8,8,1.260905719512233,0.01460591269716743
43007,learned_event_learned_qr,46,3,110,111,16,16,1.5803496632830853,0.08787698146547464
43007,learned_event_learned_qr,47,3,111,110,1,1,0.29890193755490296,0.019358003247383467
43007,learned_event_learned_qr,47,3,111,110,4,4,0.46122889433220515,0.02062723577826042
43007,learned_event_learned_qr,47,3,111,110,8,8,0.5029345798098483,0.033565453610936394
43007,learned_event_learned_qr,47,3,111,110,16,16,0.3197582247293128,0.025741439662878444
43007,oracle_event_learned_qr,1,0,101,111,1,1,0.6587007584352266,0.001440185116675258
43007,oracle_event_learned_qr,1,0,101,111,4,4,0.6507821066925701,0.06111885821742155
43007,oracle_event_learned_qr,1,0,101,111,8,8,0.49312431634743914,0.06642978302297102
43007,oracle_event_learned_qr,1,0,101,111,16,16,0.4405188102154219,0.05703713368713322
43007,oracle_event_learned_qr,2,0,111,011,1,1,0.3574665605252403,0.21215939986684873
43007,oracle_event_learned_qr,2,0,111,011,4,4,0.756218375911529,0.07428997046803036
43007,oracle_event_learned_qr,2,0,111,011,8,8,0.7366759958855486,0.052390039241955816
43007,oracle_event_learned_qr,2,0,111,011,16,16,0.8711681288426716,0.04413431578990204
43007,oracle_event_learned_qr,3,0,011,111,1,1,0.6050267283567017,0.06348405008108148
43007,oracle_event_learned_qr,3,0,011,111,4,4,0.26922991589202117,0.05777887755318173
43007,oracle_event_learned_qr,3,0,011,111,8,8,0.5334187907003951,0.07647422634133234
43007,oracle_event_learned_qr,3,0,011,111,16,16,1.1817372719377763,0.10166759440208259
43007,oracle_event_learned_qr,4,0,111,101,1,1,1.0874146385122319,0.00509217696946176
43007,oracle_event_learned_qr,4,0,111,101,4,4,0.6458648685935213,0.012554433876580794
43007,oracle_event_learned_qr,4,0,111,101,8,8,0.4652447302995381,0.014059784900274378
43007,oracle_event_learned_qr,4,0,111,101,16,16,0.3954276514130989,0.04701154117991967
43007,oracle_event_learned_qr,5,0,101,011,1,1,0.651748511837812,0.1940587012292763
43007,oracle_event_learned_qr,5,0,101,011,4,4,1.1142483953846094,0.09905811618252217
43007,oracle_event_learned_qr,5,0,101,011,8,8,1.6009132461670366,0.11511422532371743
43007,oracle_event_learned_qr,5,0,101,011,16,16,1.3774684078962371,0.11178845192441991
43007,oracle_event_learned_qr,6,0,011,110,1,1,0.251290311655335,0.0067441097416303586
43007,oracle_event_learned_qr,6,0,011,110,4,4,0.4034131489534758,0.016561776180901253
43007,oracle_event_learned_qr,6,0,011,110,8,8,0.2864244263847585,0.012659945285327063
43007,oracle_event_learned_qr,6,0,011,110,16,16,0.9035498400932448,0.009788311702999458
43007,oracle_event_learned_qr,7,0,110,101,1,1,5.488579544362285,0.0018719576612207525
43007,oracle_event_learned_qr,7,0,110,101,4,4,2.0101274560755567,0.007738011694240498
43007,oracle_event_learned_qr,7,0,110,101,8,8,1.0951598140000458,0.009017312638542814
43007,oracle_event_learned_qr,7,0,110,101,16,16,1.036835335527719,0.015302144146490754
43007,oracle_event_learned_qr,8,0,101,111,1,1,0.24067124443975732,0.04151845282583328
43007,oracle_event_learned_qr,8,0,101,111,4,4,0.2811820895611713,0.05384124518847847
43007,oracle_event_learned_qr,8,0,101,111,8,8,0.7278271042287378,0.05258495336715974
43007,oracle_event_learned_qr,8,0,101,111,16,16,0.785098366003016,0.051246787754071293
43007,oracle_event_learned_qr,9,0,111,110,1,1,0.6032476447823685,0.06883127970087992
43007,oracle_event_learned_qr,9,0,111,110,4,4,1.7993848586184464,0.03216315150277661
43007,oracle_event_learned_qr,9,0,111,110,8,8,1.0766119657510935,0.023015105334728798
43007,oracle_event_learned_qr,9,0,111,110,16,16,0.800203967352705,0.027122581840125934
43007,oracle_event_learned_qr,10,0,110,110,1,1,-0.09362044646859799,0.014042197653513246
43007,oracle_event_learned_qr,10,0,110,110,4,4,-0.1807050539058544,0.005754632011578039
43007,oracle_event_learned_qr,10,0,110,110,8,8,0.7252961424762878,0.007627938879488996
43007,oracle_event_learned_qr,10,0,110,110,16,16,0.6296496237007245,0.01684904954544014
43007,oracle_event_learned_qr,11,0,110,011,1,1,4.268135634645356,0.0026742768833311367
43007,oracle_event_learned_qr,11,0,110,011,4,4,1.9575837240526766,0.026455702182722626
43007,oracle_event_learned_qr,11,0,110,011,8,8,1.6469199195316273,0.13782776975454983
43007,oracle_event_learned_qr,11,0,110,011,16,16,1.5860550857746758,0.10394461446266379
43007,oracle_event_learned_qr,13,1,011,110,1,1,0.47054611949218006,0.033835176660796676
43007,oracle_event_learned_qr,13,1,011,110,4,4,0.4217323628460071,0.02269734807360347
43007,oracle_event_learned_qr,13,1,011,110,8,8,1.0864360078503899,0.01396862867694888
43007,oracle_event_learned_qr,13,1,011,110,16,16,0.7311188012504833,0.015953215419798418
43007,oracle_event_learned_qr,14,1,110,111,1,1,5.40949866052584,0.027570139422347005
43007,oracle_event_learned_qr,14,1,110,111,4,4,2.5183215361218494,0.05141215697609682
43007,oracle_event_learned_qr,14,1,110,111,8,8,1.7922117635806805,0.03952700373978082
43007,oracle_event_learned_qr,14,1,110,111,16,16,0.9979920990817862,0.08106174411323762
43007,oracle_event_learned_qr,15,1,111,101,1,1,0.3685387429339519,0.0011925465019010483
43007,oracle_event_learned_qr,15,1,111,101,4,4,1.9887094405448975,0.06524455186168938
43007,oracle_event_learned_qr,15,1,111,101,8,8,1.273319765557375,0.057291507637405745
43007,oracle_event_learned_qr,15,1,111,101,16,16,1.0227494975069935,0.0405715570971672
43007,oracle_event_learned_qr,16,1,101,101,1,1,0.2574681510737719,0.005088879073381216
43007,oracle_event_learned_qr,16,1,101,101,4,4,0.45916006712160884,0.010582285982112083
43007,oracle_event_learned_qr,16,1,101,101,8,8,0.6088323200958308,0.012144643000184184
43007,oracle_event_learned_qr,16,1,101,101,16,16,0.4965009052739125,0.024335765430157235
43007,oracle_event_learned_qr,17,1,101,111,1,1,0.38596650353001927,0.22744158449215754
43007,oracle_event_learned_qr,17,1,101,111,4,4,1.0265056917827402,0.0993021684628585
43007,oracle_event_learned_qr,17,1,101,111,8,8,0.9755845481810782,0.061258866926452764
43007,oracle_event_learned_qr,17,1,101,111,16,16,1.2148069829879113,0.06355728805826455
43007,oracle_event_learned_qr,18,1,111,011,1,1,0.2714159072128998,0.01999343674483751
43007,oracle_event_learned_qr,18,1,111,011,4,4,1.025543800809693,0.06141956213139463
43007,oracle_event_learned_qr,18,1,111,011,8,8,1.0540836428809333,0.05168478769486601
43007,oracle_event_learned_qr,18,1,111,011,16,16,0.9010022107312462,0.042901289685822956
43007,oracle_event_learned_qr,19,1,011,101,1,1,0.40869763736197845,0.11940086307812728
43007,oracle_event_learned_qr,19,1,011,101,4,4,0.6999538185883891,0.05461864383203288
43007,oracle_event_learned_qr,19,1,011,101,8,8,0.8313255957938206,0.05733800631534768
43007,oracle_event_learned_qr,19,1,011,101,16,16,0.7149714983412554,0.04010347842398801
43007,oracle_event_learned_qr,20,1,101,011,1,1,0.9603985646688602,0.10366908904547405
43007,oracle_event_learned_qr,20,1,101,011,4,4,0.9409197134345377,0.11095383546734483
43007,oracle_event_learned_qr,20,1,101,011,8,8,0.7874250522736632,0.07016945926873219
43007,oracle_event_learned_qr,20,1,101,011,16,16,0.7585319134647238,0.07011157435758028
43007,oracle_event_learned_qr,21,1,011,110,1,1,0.6355416299320819,0.05149017245019558
43007,oracle_event_learned_qr,21,1,011,110,4,4,0.5397504572957907,0.03707644951749294
43007,oracle_event_learned_qr,21,1,011,110,8,8,0.5702260088686434,0.04509625737993432
43007,oracle_event_learned_qr,21,1,011,110,16,16,1.1278814316143768,0.03766773282359211
43007,oracle_event_learned_qr,22,1,110,110,1,1,-0.571623269166716,0.0034113781143816427
43007,oracle_event_learned_qr,22,1,110,110,4,4,0.2822008858163125,0.05652949950183397
43007,oracle_event_learned_qr,22,1,110,110,8,8,-0.030133722357811366,0.035310286758834984
43007,oracle_event_learned_qr,22,1,110,110,16,16,0.2784669609234016,0.036602397791190684
43007,oracle_event_learned_qr,23,1,110,111,1,1,-0.030177159348726924,0.18318504709745123
43007,oracle_event_learned_qr,23,1,110,111,4,4,0.7654756731869876,0.05885315405246352
43007,oracle_event_learned_qr,23,1,110,111,8,8,1.0270746708989944,0.030807060193677002
43007,oracle_event_learned_qr,23,1,110,111,16,16,1.1213849471716026,0.04396154140179917
43007,oracle_event_learned_qr,25,2,101,101,1,1,0.3231028097679051,0.04795729120411545
43007,oracle_event_learned_qr,25,2,101,101,4,4,0.6240337353483145,0.03991886013284928
43007,oracle_event_learned_qr,25,2,101,101,8,8,1.2664223153432919,0.06743407668208304
43007,oracle_event_learned_qr,25,2,101,101,16,16,1.122836378649364,0.08417128693552799
43007,oracle_event_learned_qr,26,2,101,111,1,1,0.20617648626779048,0.18092190055902438
43007,oracle_event_learned_qr,26,2,101,111,4,4,1.455479683297641,0.3500903840875951
43007,oracle_event_learned_qr,26,2,101,111,8,8,0.8695334291873408,0.19779164189825996
43007,oracle_event_learned_qr,26,2,101,111,16,16,0.9394075639151097,0.1711787981896392
43007,oracle_event_learned_qr,27,2,111,110,1,1,0.8439668435742225,0.13844677356903992
43007,oracle_event_learned_qr,27,2,111,110,4,4,0.5683670718632825,0.05076295138179425
43007,oracle_event_learned_qr,27,2,111,110,8,8,0.43750847580761126,0.030766936291302116
43007,oracle_event_learned_qr,27,2,111,110,16,16,0.4464959058818795,0.04241001632718218
43007,oracle_event_learned_qr,28,2,110,101,1,1,0.4278006432017737,0.0705156626170956
43007,oracle_event_learned_qr,28,2,110,101,4,4,2.030042677688331,0.07213267504632634
43007,oracle_event_learned_qr,28,2,110,101,8,8,1.3857271878341209,0.08808460328025812
43007,oracle_event_learned_qr,28,2,110,101,16,16,0.9524632587234135,0.05399971625990164
43007,oracle_event_learned_qr,29,2,101,011,1,1,0.6808247962981842,0.024185297440162408
43007,oracle_event_learned_qr,29,2,101,011,4,4,1.0992865344120972,0.02388877807270888
43007,oracle_event_learned_qr,29,2,101,011,8,8,0.8091321445534245,0.025102181170279493
43007,oracle_event_learned_qr,29,2,101,011,16,16,0.8097825728319409,0.022023441976157666
43007,oracle_event_learned_qr,30,2,011,111,1,1,0.3152644209529102,0.0006011301521352923
43007,oracle_event_learned_qr,30,2,011,111,4,4,1.4024032164514888,0.009119431522038847
43007,oracle_event_learned_qr,30,2,011,111,8,8,1.6121864060231488,0.03705059676705513
43007,oracle_event_learned_qr,30,2,011,111,16,16,1.163872309873569,0.04234248265566082
43007,oracle_event_learned_qr,31,2,111,011,1,1,0.1410379267838282,0.013943472187609723
43007,oracle_event_learned_qr,31,2,111,011,4,4,0.17569801107525365,0.027096700414301365
43007,oracle_event_learned_qr,31,2,111,011,8,8,0.378232457338328,0.04402447444333686
43007,oracle_event_learned_qr,31,2,111,011,16,16,0.3489354751306043,0.028879425175408056
43007,oracle_event_learned_qr,32,2,011,111,1,1,0.3947916950355076,0.030561235240228236
43007,oracle_event_learned_qr,32,2,011,111,4,4,1.921916779352903,0.03397932216911062
43007,oracle_event_learned_qr,32,2,011,111,8,8,1.4016725255348081,0.03014804687869077
43007,oracle_event_learned_qr,32,2,011,111,16,16,1.097718807526729,0.05947553523235115
43007,oracle_event_learned_qr,33,2,111,110,1,1,0.3167291556721652,0.0002300056265443574
43007,oracle_event_learned_qr,33,2,111,110,4,4,0.4803863194959058,0.0188378340039135
43007,oracle_event_learned_qr,33,2,111,110,8,8,0.43093884007440303,0.023005192545299202
43007,oracle_event_learned_qr,33,2,111,110,16,16,0.7059962243419968,0.031028404060038442
43007,oracle_event_learned_qr,34,2,110,011,1,1,-0.017759687963488917,0.03991106378039864
43007,oracle_event_learned_qr,34,2,110,011,4,4,0.5159840923069452,0.04682442896101297
43007,oracle_event_learned_qr,34,2,110,011,8,8,0.3796356125958374,0.09530195477548647
43007,oracle_event_learned_qr,34,2,110,011,16,16,0.5604454592854529,0.057798502393998884
43007,oracle_event_learned_qr,35,2,011,110,1,1,0.14614354381727693,0.008892517554268467
43007,oracle_event_learned_qr,35,2,011,110,4,4,0.38328618153596866,0.027664364332129356
43007,oracle_event_learned_qr,35,2,011,110,8,8,0.2489903827811139,0.024814530315493688
43007,oracle_event_learned_qr,35,2,011,110,16,16,0.5296692457683285,0.019330813455086106
43007,oracle_event_learned_qr,37,3,101,101,1,1,0.11919481169231347,0.0011714938010550153
43007,oracle_event_learned_qr,37,3,101,101,4,4,0.916670462706009,0.02780540776311654
43007,oracle_event_learned_qr,37,3,101,101,8,8,0.8809299493049424,0.04971102154276341
43007,oracle_event_learned_qr,37,3,101,101,16,16,0.709517753781292,0.040019404070426506
43007,oracle_event_learned_qr,38,3,101,011,1,1,1.7478262921566545,0.095066024560221
43007,oracle_event_learned_qr,38,3,101,011,4,4,1.0492273027089136,0.027121842489267068
43007,oracle_event_learned_qr,38,3,101,011,8,8,0.7190090555436753,0.05205823952066736
43007,oracle_event_learned_qr,38,3,101,011,16,16,0.5384467912365385,0.03166952864898039
43007,oracle_event_learned_qr,39,3,011,101,1,1,0.3564093825867133,0.15216277701505454
43007,oracle_event_learned_qr,39,3,011,101,4,4,0.6425760349620506,0.09712592220551776
43007,oracle_event_learned_qr,39,3,011,101,8,8,0.5277506578512666,0.049801971779398005
43007,oracle_event_learned_qr,39,3,011,101,16,16,1.1151531506639483,0.04900749112171965
43007,oracle_event_learned_qr,40,3,101,011,1,1,0.8592849689512744,0.0694982388075321
43007,oracle_event_learned_qr,40,3,101,011,4,4,0.8120705485754812,0.029905979243706037
43007,oracle_event_learned_qr,40,3,101,011,8,8,1.1803224879681775,0.06931829759949323
43007,oracle_event_learned_qr,40,3,101,011,16,16,1.0750566596508184,0.08516586407978857
43007,oracle_event_learned_qr,41,3,011,111,1,1,0.21289967932676665,0.14925032503984928
43007,oracle_event_learned_qr,41,3,011,111,4,4,0.5871385363371466,0.30695191320019083
43007,oracle_event_learned_qr,41,3,011,111,8,8,0.4520056194255235,0.1804387563867915
43007,oracle_event_learned_qr,41,3,011,111,16,16,0.614804134613121,0.14440023034949312
43007,oracle_event_learned_qr,42,3,111,011,1,1,0.41526915048158264,0.15761197712839584
43007,oracle_event_learned_qr,42,3,111,011,4,4,1.0352374591298266,0.04685880258365676
43007,oracle_event_learned_qr,42,3,111,011,8,8,0.9129542918316116,0.06509392423188815
43007,oracle_event_learned_qr,42,3,111,011,16,16,0.999277152252998,0.06932533539587639
43007,oracle_event_learned_qr,43,3,011,111,1,1,0.6257608900246358,0.11045497334071482
43007,oracle_event_learned_qr,43,3,011,111,4,4,0.7296560649597674,0.06786459252068512
43007,oracle_event_learned_qr,43,3,011,111,8,8,0.7693340510371307,0.0609858758049701
43007,oracle_event_learned_qr,43,3,011,111,16,16,0.7540041694713067,0.06256153056088579
43007,oracle_event_learned_qr,44,3,111,110,1,1,0.493723202184035,0.040918800549127464
43007,oracle_event_learned_qr,44,3,111,110,4,4,0.704101232738148,0.018335528969333926
43007,oracle_event_learned_qr,44,3,111,110,8,8,0.5564859334448065,0.018962619340696946
43007,oracle_event_learned_qr,44,3,111,110,16,16,0.380851752155647,0.015924277195178072
43007,oracle_event_learned_qr,45,3,110,110,1,1,0.34806901463274487,0.057060463717823466
43007,oracle_event_learned_qr,45,3,110,110,4,4,0.3236696875436953,0.06693291976957616
43007,oracle_event_learned_qr,45,3,110,110,8,8,0.23968679023131823,0.050492813128065535
43007,oracle_event_learned_qr,45,3,110,110,16,16,0.4435031939948321,0.07738413721279662
43007,oracle_event_learned_qr,46,3,110,111,1,1,4.596280132174961,0.0005806675789478881
43007,oracle_event_learned_qr,46,3,110,111,4,4,1.021448043486056,0.004001463848854231
43007,oracle_event_learned_qr,46,3,110,111,8,8,1.2013134146174291,0.005115872570888755
43007,oracle_event_learned_qr,46,3,110,111,16,16,1.6180115848208583,0.1437671452625131
43007,oracle_event_learned_qr,47,3,111,110,1,1,0.24895207260418065,0.02107172303550028
43007,oracle_event_learned_qr,47,3,111,110,4,4,0.43458757908586176,0.02224656346317597
43007,oracle_event_learned_qr,47,3,111,110,8,8,0.4910112646240578,0.038449608526170104
43007,oracle_event_learned_qr,47,3,111,110,16,16,0.2992918726874654,0.028334545644865382
43007,learned_event_oracle_qr,1,0,101,111,1,1,0.4818674293996478,0.0003048053207708803
43007,learned_event_oracle_qr,1,0,101,111,4,4,0.5741496499703715,0.0541059847089543
43007,learned_event_oracle_qr,1,0,101,111,8,8,0.4859943772009063,0.06649427794657925
43007,learned_event_oracle_qr,1,0,101,111,16,16,0.4796252401112447,0.0553332812388727
43007,learned_event_oracle_qr,2,0,111,011,1,1,0.43356847406149673,0.1893472189200403
43007,learned_event_oracle_qr,2,0,111,011,4,4,0.7495126705174996,0.0683657713758744
43007,learned_event_oracle_qr,2,0,111,011,8,8,0.7217323764270801,0.04844332063387974
43007,learned_event_oracle_qr,2,0,111,011,16,16,0.8627556184570866,0.0418655578939289
43007,learned_event_oracle_qr,3,0,011,111,1,1,0.5992354285756836,0.05573816707490776
43007,learned_event_oracle_qr,3,0,011,111,4,4,0.3774528890637626,0.05423292691466735
43007,learned_event_oracle_qr,3,0,011,111,8,8,0.5523632222433883,0.07132381437172967
43007,learned_event_oracle_qr,3,0,011,111,16,16,1.151863952954927,0.09288636659485647
43007,learned_event_oracle_qr,4,0,111,101,1,1,0.7035391308754133,0.01789299491877255
43007,learned_event_oracle_qr,4,0,111,101,4,4,0.542843168465747,0.008598235055263748
43007,learned_event_oracle_qr,4,0,111,101,8,8,0.41137062919534934,0.010533424632918783
43007,learned_event_oracle_qr,4,0,111,101,16,16,0.4305242503004676,0.017222240227527025
43007,learned_event_oracle_qr,5,0,101,011,1,1,0.6218298127372964,0.19467802756385372
43007,learned_event_oracle_qr,5,0,101,011,4,4,1.0591241389343267,0.09151968024122803
43007,learned_event_oracle_qr,5,0,101,011,8,8,1.573267163591014,0.11092710062972697
43007,learned_event_oracle_qr,5,0,101,011,16,16,1.3888779551987092,0.11523670708243475
43007,learned_event_oracle_qr,6,0,011,110,1,1,-0.11954888373724976,0.001955679625687195
43007,learned_event_oracle_qr,6,0,011,110,4,4,0.527518667806685,0.027054502096914384
43007,learned_event_oracle_qr,6,0,011,110,8,8,0.16331399952990208,0.02105511050806479
43007,learned_event_oracle_qr,6,0,011,110,16,16,0.7044383901304452,0.01382891079926641
43007,learned_event_oracle_qr,7,0,110,101,1,1,5.568052057749938,9.315267220557962e-05
43007,learned_event_oracle_qr,7,0,110,101,4,4,1.8659327221601343,0.0045754470361728
43007,learned_event_oracle_qr,7,0,110,101,8,8,1.0834634426185956,0.004624535575338651
43007,learned_event_oracle_qr,7,0,110,101,16,16,0.889872652398418,0.004537656002377912
43007,learned_event_oracle_qr,8,0,101,111,1,1,0.3321579661546209,1.7083071667240234e-09
43007,learned_event_oracle_qr,8,0,101,111,4,4,0.33109607141332353,0.01992757281843882
43007,learned_event_oracle_qr,8,0,101,111,8,8,0.8195556383041106,0.08634431309875112
43007,learned_event_oracle_qr,8,0,101,111,16,16,0.8267498433443433,0.07465575291444801
43007,learned_event_oracle_qr,9,0,111,110,1,1,0.5730640567101167,0.0016399660192514304
43007,learned_event_oracle_qr,9,0,111,110,4,4,1.5470626550980642,0.005299867115134219
43007,learned_event_oracle_qr,9,0,111,110,8,8,0.9122362300858705,0.004410692141656828
43007,learned_event_oracle_qr,9,0,111,110,16,16,0.7256727898761186,0.005256194454072685
43007,learned_event_oracle_qr,10,0,110,110,1,1,0.33606104110272905,0.02579937232182744
43007,learned_event_oracle_qr,10,0,110,110,4,4,-0.2163508184397697,0.009411999280473269
43007,learned_event_oracle_qr,10,0,110,110,8,8,0.6764009666036822,0.008005204979455555
43007,learned_event_oracle_qr,10,0,110,110,16,16,0.3404689278905949,0.00768106923345449
43007,learned_event_oracle_qr,11,0,110,011,1,1,0.9396999539422517,0.00562306103453179
43007,learned_event_oracle_qr,11,0,110,011,4,4,1.0319863527995334,0.029501105379019697
43007,learned_event_oracle_qr,11,0,110,011,8,8,0.9825833459830361,0.12833047088151456
43007,learned_event_oracle_qr,11,0,110,011,16,16,0.9780560117846857,0.09525417733974308
43007,learned_event_oracle_qr,13,1,011,110,1,1,-0.11771847781864518,0.05966141509577999
43007,learned_event_oracle_qr,13,1,011,110,4,4,-0.2397021250839354,0.02607243882181358
43007,learned_event_oracle_qr,13,1,011,110,8,8,0.5316762457925945,0.017325665229040502
43007,learned_event_oracle_qr,13,1,011,110,16,16,0.24222105204955643,0.012361043936544611
43007,learned_event_oracle_qr,14,1,110,111,1,1,2.6424738500714535,0.3411643545066167
43007,learned_event_oracle_qr,14,1,110,111,4,4,1.4310936630309143,0.10068112924382665
43007,learned_event_oracle_qr,14,1,110,111,8,8,1.1480947907948675,0.0717086832266251
43007,learned_event_oracle_qr,14,1,110,111,16,16,0.7717980199767543,0.1014008366039319
43007,learned_event_oracle_qr,15,1,111,101,1,1,0.2855132404227299,0.00041794088026059787
43007,learned_event_oracle_qr,15,1,111,101,4,4,1.9927144292957393,0.06785768426583068
43007,learned_event_oracle_qr,15,1,111,101,8,8,1.2366528544699975,0.05853065482102322
43007,learned_event_oracle_qr,15,1,111,101,16,16,0.9582874026870354,0.040102927908367364
43007,learned_event_oracle_qr,16,1,101,101,1,1,0.20199029788490525,0.004412823225857909
43007,learned_event_oracle_qr,16,1,101,101,4,4,0.406243362721752,0.0046995139820289935
43007,learned_event_oracle_qr,16,1,101,101,8,8,0.5050505385297053,0.00616993490945502
43007,learned_event_oracle_qr,16,1,101,101,16,16,0.43171438421682506,0.011273438989023516
43007,learned_event_oracle_qr,17,1,101,111,1,1,0.44049960369331276,0.23621214580958436
43007,learned_event_oracle_qr,17,1,101,111,4,4,0.9661956761278208,0.09921768770053156
43007,learned_event_oracle_qr,17,1,101,111,8,8,0.9258348017464296,0.06095298961688662
43007,learned_event_oracle_qr,17,1,101,111,16,16,1.1820927384891278,0.06617956161205635
43007,learned_event_oracle_qr,18,1,111,011,1,1,0.3126528724831167,0.030511450431755596
43007,learned_event_oracle_qr,18,1,111,011,4,4,1.0206900997416408,0.058675498918260044
43007,learned_event_oracle_qr,18,1,111,011,8,8,1.0923110428506733,0.05339853716441911
43007,learned_event_oracle_qr,18,1,111,011,16,16,0.9080737080875563,0.042973089159335814
43007,learned_event_oracle_qr,19,1,011,101,1,1,0.39449691126051456,0.1313958323833257
43007,learned_event_oracle_qr,19,1,011,101,4,4,0.832203605744327,0.0603165474040983
43007,learned_event_oracle_qr,19,1,011,101,8,8,0.8758251602780516,0.04481522692591644
43007,learned_event_oracle_qr,19,1,011,101,16,16,0.6819600603851566,0.0325032266518569
43007,learned_event_oracle_qr,20,1,101,011,1,1,0.8638430074968886,0.09426924094368043
43007,learned_event_oracle_qr,20,1,101,011,4,4,0.8264917602512589,0.09008463806154597
43007,learned_event_oracle_qr,20,1,101,011,8,8,0.724503063098793,0.06036723932007054
43007,learned_event_oracle_qr,20,1,101,011,16,16,0.7161467327687874,0.06567370420980209
43007,learned_event_oracle_qr,21,1,011,110,1,1,0.6715891478921605,0.00019022887854799897
43007,learned_event_oracle_qr,21,1,011,110,4,4,0.12549953176583012,0.013180431802330464
43007,learned_event_oracle_qr,21,1,011,110,8,8,0.3779307171161518,0.010615005927985505
43007,learned_event_oracle_qr,21,1,011,110,16,16,0.8823483089239832,0.012535501005711176
43007,learned_event_oracle_qr,22,1,110,110,1,1,-0.4501234805647524,0.0003976792624533549
43007,learned_event_oracle_qr,22,1,110,110,4,4,-0.08491703045243514,0.011699196555771438
43007,learned_event_oracle_qr,22,1,110,110,8,8,-0.22271444262080167,0.006798730558918443
43007,learned_event_oracle_qr,22,1,110,110,16,16,-0.1310775691588043,0.007107129591726555
43007,learned_event_oracle_qr,23,1,110,111,1,1,0.4441130218788773,0.08494926380975247
43007,learned_event_oracle_qr,23,1,110,111,4,4,0.6512194248837575,0.03377913427553387
43007,learned_event_oracle_qr,23,1,110,111,8,8,0.791983340021449,0.01918398904592155
43007,learned_event_oracle_qr,23,1,110,111,16,16,0.9501202160613689,0.03810624628778812
43007,learned_event_oracle_qr,25,2,101,101,1,1,0.0949363657864997,0.005064951545439034
43007,learned_event_oracle_qr,25,2,101,101,4,4,0.4844247485834136,0.00445873766674551
43007,learned_event_oracle_qr,25,2,101,101,8,8,0.8502489060604177,0.11582176884500091
43007,learned_event_oracle_qr,25,2,101,101,16,16,1.085632565498165,0.08461072551787993
43007,learned_event_oracle_qr,26,2,101,111,1,1,0.19601067679621167,0.15541059055221018
43007,learned_event_oracle_qr,26,2,101,111,4,4,1.2442924692490427,0.29106577481754725
43007,learned_event_oracle_qr,26,2,101,111,8,8,0.8224697265983214,0.16201746688740068
43007,learned_event_oracle_qr,26,2,101,111,16,16,0.8548198834135189,0.158614559260128
43007,learned_event_oracle_qr,27,2,111,110,1,1,1.07682394443058,0.00614975918564667
43007,learned_event_oracle_qr,27,2,111,110,4,4,-0.021969489429519123,0.0019332309095307742
43007,learned_event_oracle_qr,27,2,111,110,8,8,-0.14401300013280793,0.006211619524442342
43007,learned_event_oracle_qr,27,2,111,110,16,16,0.0730078056089466,0.011751065041642503
43007,learned_event_oracle_qr,28,2,110,101,1,1,0.997236276941724,0.000947018203090556
43007,learned_event_oracle_qr,28,2,110,101,4,4,2.134538347411074,0.06215501215906283
43007,learned_event_oracle_qr,28,2,110,101,8,8,1.435813316015115,0.09263821166311952
43007,learned_event_oracle_qr,28,2,110,101,16,16,0.96277786343912,0.06848712375256241
43007,learned_event_oracle_qr,29,2,101,011,1,1,0.5166173220705828,0.0047413229256152226
43007,learned_event_oracle_qr,29,2,101,011,4,4,0.8574486824114325,0.03841551869684621
43007,learned_event_oracle_qr,29,2,101,011,8,8,0.7201857162514469,0.03437111818982695
43007,learned_event_oracle_qr,29,2,101,011,16,16,0.7588019040447394,0.02979006716765005
43007,learned_event_oracle_qr,30,2,011,111,1,1,0.39607369466332887,0.00014127305669803185
43007,learned_event_oracle_qr,30,2,011,111,4,4,1.2588732911660196,0.016635236505626164
43007,learned_event_oracle_qr,30,2,011,111,8,8,1.5534565713551638,0.03943982073333501
43007,learned_event_oracle_qr,30,2,011,111,16,16,1.0993531335700293,0.04019598253437029
43007,learned_event_oracle_qr,31,2,111,011,1,1,0.3201474569560773,0.019555051920617583
43007,learned_event_oracle_qr,31,2,111,011,4,4,0.35727756177453174,0.029144286960552754
43007,learned_event_oracle_qr,31,2,111,011,8,8,0.482906110579657,0.04317730713915832
43007,learned_event_oracle_qr,31,2,111,011,16,16,0.4751497867269481,0.028552420812156233
43007,learned_event_oracle_qr,32,2,011,111,1,1,0.4485489902239465,0.03534545059116148
43007,learned_event_oracle_qr,32,2,011,111,4,4,1.9544325803235516,0.03552265031461662
43007,learned_event_oracle_qr,32,2,011,111,8,8,1.409419174275692,0.033167928576872986
43007,learned_event_oracle_qr,32,2,011,111,16,16,1.0935391331064162,0.054014923480511456
43007,learned_event_oracle_qr,33,2,111,110,1,1,-0.10892811538938386,0.00017618000679185255
43007,learned_event_oracle_qr,33,2,111,110,4,4,0.4486817238798858,0.0019925818810421483
43007,learned_event_oracle_qr,33,2,111,110,8,8,0.22046760980021585,0.0012711103540392322
43007,learned_event_oracle_qr,33,2,111,110,16,16,0.3803093036758469,0.0040536637314667195
43007,learned_event_oracle_qr,34,2,110,011,1,1,0.27418644575775963,0.026757314238981318
43007,learned_event_oracle_qr,34,2,110,011,4,4,0.5104033414895435,0.037535752777885865
43007,learned_event_oracle_qr,34,2,110,011,8,8,0.4647618580122197,0.10025418575537948
43007,learned_event_oracle_qr,34,2,110,011,16,16,0.5631059241864206,0.06068157542595292
43007,learned_event_oracle_qr,35,2,011,110,1,1,-0.1279506155378192,0.017164052488488155
43007,learned_event_oracle_qr,35,2,011,110,4,4,0.7020163521077376,0.004778451756503759
43007,learned_event_oracle_qr,35,2,011,110,8,8,0.15206372599650259,0.008768671092843218
43007,learned_event_oracle_qr,35,2,011,110,16,16,0.42254865464400326,0.005781842007727149
43007,learned_event_oracle_qr,37,3,101,101,1,1,0.15285769872330549,0.021264603085547402
43007,learned_event_oracle_qr,37,3,101,101,4,4,0.7127120307613695,0.013112184664468556
43007,learned_event_oracle_qr,37,3,101,101,8,8,0.729516675541201,0.009938536067030207
43007,learned_event_oracle_qr,37,3,101,101,16,16,0.5746839792854641,0.00884854467969264
43007,learned_event_oracle_qr,38,3,101,011,1,1,1.2897188858042377,0.09544639800428044
43007,learned_event_oracle_qr,38,3,101,011,4,4,0.9162113207243688,0.02725938191327789
43007,learned_event_oracle_qr,38,3,101,011,8,8,0.6632564860312968,0.051940613754762305
43007,learned_event_oracle_qr,38,3,101,011,16,16,0.5573308215165109,0.032044355715260986
43007,learned_event_oracle_qr,39,3,011,101,1,1,0.3011534588399311,0.13952196885286283
43007,learned_event_oracle_qr,39,3,011,101,4,4,0.5763855155338615,0.0920289713059081
43007,learned_event_oracle_qr,39,3,011,101,8,8,0.5262697436524211,0.05149692202229976
43007,learned_event_oracle_qr,39,3,011,101,16,16,1.0570312870132663,0.140949441047225
43007,learned_event_oracle_qr,40,3,101,011,1,1,0.9206022199490572,0.043149411880796726
43007,learned_event_oracle_qr,40,3,101,011,4,4,0.7989559068341225,0.02281667704156059
43007,learned_event_oracle_qr,40,3,101,011,8,8,1.1646018536953857,0.06358874777325715
43007,learned_event_oracle_qr,40,3,101,011,16,16,1.0766090302667304,0.07780357193406456
43007,learned_event_oracle_qr,41,3,011,111,1,1,0.2731900962861075,0.14673518931227317
43007,learned_event_oracle_qr,41,3,011,111,4,4,0.5886222076861369,0.29532886975726735
43007,learned_event_oracle_qr,41,3,011,111,8,8,0.49950684835394565,0.17303557267415787
43007,learned_event_oracle_qr,41,3,011,111,16,16,0.5833879361464271,0.1160713468459462
43007,learned_event_oracle_qr,42,3,111,011,1,1,0.30465683946889077,0.14774808335743142
43007,learned_event_oracle_qr,42,3,111,011,4,4,1.065036595287465,0.04343190291032696
43007,learned_event_oracle_qr,42,3,111,011,8,8,0.9313577310475649,0.06219111549087217
43007,learned_event_oracle_qr,42,3,111,011,16,16,1.0336806840807984,0.07130785956294164
43007,learned_event_oracle_qr,43,3,011,111,1,1,0.6192237439479524,0.1264603023512772
43007,learned_event_oracle_qr,43,3,011,111,4,4,0.714838697130874,0.07069245658939198
43007,learned_event_oracle_qr,43,3,011,111,8,8,0.7562856160914303,0.06090969187370139
43007,learned_event_oracle_qr,43,3,011,111,16,16,0.7369305269006072,0.060195779274270465
43007,learned_event_oracle_qr,44,3,111,110,1,1,0.42444664323585335,0.00014248125891235411
43007,learned_event_oracle_qr,44,3,111,110,4,4,1.0571883431132474,0.00021942338370803215
43007,learned_event_oracle_qr,44,3,111,110,8,8,0.8018617020930721,0.002589769142203947
43007,learned_event_oracle_qr,44,3,111,110,16,16,0.3745572103299587,0.0047718323533691666
43007,learned_event_oracle_qr,45,3,110,110,1,1,0.3724699797923467,0.008900484947532579
43007,learned_event_oracle_qr,45,3,110,110,4,4,-0.125410704973889,0.012423346235420081
43007,learned_event_oracle_qr,45,3,110,110,8,8,-0.12569682299690205,0.009744977247607266
43007,learned_event_oracle_qr,45,3,110,110,16,16,-0.021822330821070685,0.01151051548921405
43007,learned_event_oracle_qr,46,3,110,111,1,1,2.6542157128838397,0.023255707879398232
43007,learned_event_oracle_qr,46,3,110,111,4,4,0.9242398640746826,0.006004034851415275
43007,learned_event_oracle_qr,46,3,110,111,8,8,1.3142483511264254,0.007854049672441138
43007,learned_event_oracle_qr,46,3,110,111,16,16,1.413417730817513,0.08755858833856611
43007,learned_event_oracle_qr,47,3,111,110,1,1,-0.12598574019275235,0.012696995320372802
43007,learned_event_oracle_qr,47,3,111,110,4,4,0.7280894405066358,0.004480473920848945
43007,learned_event_oracle_qr,47,3,111,110,8,8,0.49038730364464,0.0030199626681401363
43007,learned_event_oracle_qr,47,3,111,110,16,16,0.1077963420907538,0.007396133636988919
43007,oracle_event_oracle_qr,1,0,101,111,1,1,0.48499532659269945,7.004083486429976e-05
43007,oracle_event_oracle_qr,1,0,101,111,4,4,0.5720598427598376,0.05225188780902513
43007,oracle_event_oracle_qr,1,0,101,111,8,8,0.4837653123962059,0.06538846848751986
43007,oracle_event_oracle_qr,1,0,101,111,16,16,0.47780086445357467,0.054796881975142195
43007,oracle_event_oracle_qr,2,0,111,011,1,1,0.3775727594529648,0.21714786967449815
43007,oracle_event_oracle_qr,2,0,111,011,4,4,0.7770895368405378,0.07823843881549529
43007,oracle_event_oracle_qr,2,0,111,011,8,8,0.7279472774353599,0.05285086447404381
43007,oracle_event_oracle_qr,2,0,111,011,16,16,0.868083851991354,0.043387869202403104
43007,oracle_event_oracle_qr,3,0,011,111,1,1,0.6038761608378135,0.05931369345801674
43007,oracle_event_oracle_qr,3,0,011,111,4,4,0.3755502567758232,0.05588010623958342
43007,oracle_event_oracle_qr,3,0,011,111,8,8,0.5520345283026888,0.07372821624784313
43007,oracle_event_oracle_qr,3,0,011,111,16,16,1.152014400658341,0.09659539509538437
43007,oracle_event_oracle_qr,4,0,111,101,1,1,0.915262496986401,0.0031529938965065216
43007,oracle_event_oracle_qr,4,0,111,101,4,4,0.5930367898328665,0.0035377030103415008
43007,oracle_event_oracle_qr,4,0,111,101,8,8,0.42274789095090687,0.005555929582005618
43007,oracle_event_oracle_qr,4,0,111,101,16,16,0.4356157099092947,0.010799974569589955
43007,oracle_event_oracle_qr,5,0,101,011,1,1,0.6214117123577212,0.19210182035772186
43007,oracle_event_oracle_qr,5,0,101,011,4,4,1.0613924895700304,0.09347670457900202
43007,oracle_event_oracle_qr,5,0,101,011,8,8,1.5791511309815816,0.11206073790064182
43007,oracle_event_oracle_qr,5,0,101,011,16,16,1.3808816288982841,0.11151806764706733
43007,oracle_event_oracle_qr,6,0,011,110,1,1,-0.12409961060685608,0.0019412370206466365
43007,oracle_event_oracle_qr,6,0,011,110,4,4,0.526165163928682,0.027021592258924778
43007,oracle_event_oracle_qr,6,0,011,110,8,8,0.16256005118057842,0.021033802525672083
43007,oracle_event_oracle_qr,6,0,011,110,16,16,0.7033310941310646,0.013817481064739616
43007,oracle_event_oracle_qr,7,0,110,101,1,1,5.564415199948016,9.315267220534817e-05
43007,oracle_event_oracle_qr,7,0,110,101,4,4,1.8631632349276137,0.00429315109480922
43007,oracle_event_oracle_qr,7,0,110,101,8,8,1.0784282510801166,0.00431293828397269
43007,oracle_event_oracle_qr,7,0,110,101,16,16,0.8839372042858602,0.0035983377760072264
43007,oracle_event_oracle_qr,8,0,101,111,1,1,0.2789288828495903,0.041287724014668986
43007,oracle_event_oracle_qr,8,0,101,111,4,4,0.35671796746130247,0.053066946766387575
43007,oracle_event_oracle_qr,8,0,101,111,8,8,0.7102812199840356,0.05276950550702657
43007,oracle_event_oracle_qr,8,0,101,111,16,16,0.7590301422400082,0.05303774308351611
43007,oracle_event_oracle_qr,9,0,111,110,1,1,0.5881296830542324,0.0017066652694162732
43007,oracle_event_oracle_qr,9,0,111,110,4,4,1.5568033190014028,0.0053022285829702484
43007,oracle_event_oracle_qr,9,0,111,110,8,8,0.9167247187516963,0.004376941926021007
43007,oracle_event_oracle_qr,9,0,111,110,16,16,0.7265157386600796,0.005202937993555242
43007,oracle_event_oracle_qr,10,0,110,110,1,1,0.32004583451221785,0.02584952085554555
43007,oracle_event_oracle_qr,10,0,110,110,4,4,-0.22114196914758394,0.00942654037842589
43007,oracle_event_oracle_qr,10,0,110,110,8,8,0.6763574870982568,0.008001459949943012
43007,oracle_event_oracle_qr,10,0,110,110,16,16,0.34028914255268916,0.007660837654596804
43007,oracle_event_oracle_qr,11,0,110,011,1,1,0.9395878794939708,0.00458375013766856
43007,oracle_event_oracle_qr,11,0,110,011,4,4,0.9912446064318374,0.02691045759007405
43007,oracle_event_oracle_qr,11,0,110,011,8,8,0.960952476832474,0.13375665554110303
43007,oracle_event_oracle_qr,11,0,110,011,16,16,0.9721843953873062,0.09768000370252132
43007,oracle_event_oracle_qr,13,1,011,110,1,1,-0.12642447308738763,0.05973644474657377
43007,oracle_event_oracle_qr,13,1,011,110,4,4,-0.24189636782703028,0.026092653066152795
43007,oracle_event_oracle_qr,13,1,011,110,8,8,0.5305057715634793,0.01733524553536736
43007,oracle_event_oracle_qr,13,1,011,110,16,16,0.2416235726386089,0.01236555691520988
43007,oracle_event_oracle_qr,14,1,110,111,1,1,2.6427185452611774,0.029597232721319186
43007,oracle_event_oracle_qr,14,1,110,111,4,4,1.3190659359633494,0.053425842721091535
43007,oracle_event_oracle_qr,14,1,110,111,8,8,1.0492744135868295,0.04094377650447979
43007,oracle_event_oracle_qr,14,1,110,111,16,16,0.7256216162075902,0.08387824917794265
43007,oracle_event_oracle_qr,15,1,111,101,1,1,0.3065828642786284,0.001796273623154737
43007,oracle_event_oracle_qr,15,1,111,101,4,4,1.9949776915202062,0.06812622355767256
43007,oracle_event_oracle_qr,15,1,111,101,8,8,1.236286342326696,0.058621798172362766
43007,oracle_event_oracle_qr,15,1,111,101,16,16,0.9565862200131545,0.04031924829546821
43007,oracle_event_oracle_qr,16,1,101,101,1,1,0.10703733359372988,3.968561710376524e-05
43007,oracle_event_oracle_qr,16,1,101,101,4,4,0.33971739985891347,0.0018301693552597253
43007,oracle_event_oracle_qr,16,1,101,101,8,8,0.4689129621322087,0.002027433009023794
43007,oracle_event_oracle_qr,16,1,101,101,16,16,0.4108722609516502,0.005869014114769245
43007,oracle_event_oracle_qr,17,1,101,111,1,1,0.44596393465519085,0.24425987778445746
43007,oracle_event_oracle_qr,17,1,101,111,4,4,0.9795132439452687,0.1070032434070029
43007,oracle_event_oracle_qr,17,1,101,111,8,8,0.9272381821537564,0.06499228472584849
43007,oracle_event_oracle_qr,17,1,101,111,16,16,1.1867626902283996,0.06653305804314173
43007,oracle_event_oracle_qr,18,1,111,011,1,1,0.2874870809504061,0.02390332151512819
43007,oracle_event_oracle_qr,18,1,111,011,4,4,1.005348485641744,0.06014335383723632
43007,oracle_event_oracle_qr,18,1,111,011,8,8,1.0672946373205527,0.05246760310141796
43007,oracle_event_oracle_qr,18,1,111,011,16,16,0.893332846174243,0.0427248209881356
43007,oracle_event_oracle_qr,19,1,011,101,1,1,0.36261306859255726,0.1375613466043696
43007,oracle_event_oracle_qr,19,1,011,101,4,4,0.880048552703129,0.06762000130720411
43007,oracle_event_oracle_qr,19,1,011,101,8,8,0.8722515266339905,0.04865884904022501
43007,oracle_event_oracle_qr,19,1,011,101,16,16,0.6736434423450275,0.03648854212701647
43007,oracle_event_oracle_qr,20,1,101,011,1,1,0.8281355867489568,0.10773553292582061
43007,oracle_event_oracle_qr,20,1,101,011,4,4,0.8578078825103248,0.1064823226801319
43007,oracle_event_oracle_qr,20,1,101,011,8,8,0.7444509533021051,0.06774109623164049
43007,oracle_event_oracle_qr,20,1,101,011,16,16,0.726628472786015,0.0691976893863477
43007,oracle_event_oracle_qr,21,1,011,110,1,1,0.6819459221267857,0.00016444783172884508
43007,oracle_event_oracle_qr,21,1,011,110,4,4,0.1283321772098488,0.013150454892763773
43007,oracle_event_oracle_qr,21,1,011,110,8,8,0.38129798242940666,0.010632700342648795
43007,oracle_event_oracle_qr,21,1,011,110,16,16,0.8857988579145604,0.012549355346581758
43007,oracle_event_oracle_qr,22,1,110,110,1,1,-0.45072900554917333,0.00039903563581286037
43007,oracle_event_oracle_qr,22,1,110,110,4,4,-0.0847511987819096,0.011773289828431595
43007,oracle_event_oracle_qr,22,1,110,110,8,8,-0.2229321644931577,0.006835807814855873
43007,oracle_event_oracle_qr,22,1,110,110,16,16,-0.1308211723299731,0.007120947571062249
43007,oracle_event_oracle_qr,23,1,110,111,1,1,0.443579164999239,0.08495415590332892
43007,oracle_event_oracle_qr,23,1,110,111,4,4,0.6504521750061428,0.033812582220592066
43007,oracle_event_oracle_qr,23,1,110,111,8,8,0.7916519895057651,0.019194053778459095
43007,oracle_event_oracle_qr,23,1,110,111,16,16,0.9496663660870435,0.03831001933119319
43007,oracle_event_oracle_qr,25,2,101,101,1,1,0.08283198995246974,0.0005210365978684761
43007,oracle_event_oracle_qr,25,2,101,101,4,4,0.4976822834372411,0.000946655968513055
43007,oracle_event_oracle_qr,25,2,101,101,8,8,1.019271661264844,0.011124097348739434
43007,oracle_event_oracle_qr,25,2,101,101,16,16,0.949953874081505,0.026973215284183758
43007,oracle_event_oracle_qr,26,2,101,111,1,1,0.18182649160484946,0.14850625160158448
43007,oracle_event_oracle_qr,26,2,101,111,4,4,1.2422159508163872,0.3241752594744595
43007,oracle_event_oracle_qr,26,2,101,111,8,8,0.7864864352314451,0.18479995240378702
43007,oracle_event_oracle_qr,26,2,101,111,16,16,0.8450391691886492,0.16565621981701684
43007,oracle_event_oracle_qr,27,2,111,110,1,1,1.2005301344825727,0.006832805484140453
43007,oracle_event_oracle_qr,27,2,111,110,4,4,0.010693811373309561,0.0021021586377662554
43007,oracle_event_oracle_qr,27,2,111,110,8,8,-0.12792566787379617,0.006296726085945193
43007,oracle_event_oracle_qr,27,2,111,110,16,16,0.09682234044805112,0.012951597564410867
43007,oracle_event_oracle_qr,28,2,110,101,1,1,0.9889913733870609,0.0009470212686790426
43007,oracle_event_oracle_qr,28,2,110,101,4,4,2.135846057789636,0.06152806697831566
43007,oracle_event_oracle_qr,28,2,110,101,8,8,1.4364885787953179,0.09236859390956992
43007,oracle_event_oracle_qr,28,2,110,101,16,16,0.9643671331814713,0.07071797959975781
43007,oracle_event_oracle_qr,29,2,101,011,1,1,0.4449224943106191,0.006544391598634784
43007,oracle_event_oracle_qr,29,2,101,011,4,4,0.8926789707786985,0.027183286312986544
43007,oracle_event_oracle_qr,29,2,101,011,8,8,0.7219596170860454,0.02778815919441268
43007,oracle_event_oracle_qr,29,2,101,011,16,16,0.7514360662573267,0.024079886014009868
43007,oracle_event_oracle_qr,30,2,011,111,1,1,0.3966688575387319,0.00024024110376210677
43007,oracle_event_oracle_qr,30,2,011,111,4,4,1.2685531914016115,0.012017124674130126
43007,oracle_event_oracle_qr,30,2,011,111,8,8,1.5415376208530034,0.03839310481648406
43007,oracle_event_oracle_qr,30,2,011,111,16,16,1.1119449855441537,0.04197813517116839
43007,oracle_event_oracle_qr,31,2,111,011,1,1,0.3143794734623049,0.017938882427032895
43007,oracle_event_oracle_qr,31,2,111,011,4,4,0.3543953087065787,0.028697049591446297
43007,oracle_event_oracle_qr,31,2,111,011,8,8,0.4802497139341878,0.043604894331819515
43007,oracle_event_oracle_qr,31,2,111,011,16,16,0.47336627371495726,0.028779975643526454
43007,oracle_event_oracle_qr,32,2,011,111,1,1,0.38219808603144556,0.03490220997224037
43007,oracle_event_oracle_qr,32,2,011,111,4,4,1.9349858825883102,0.03613198711591131
43007,oracle_event_oracle_qr,32,2,011,111,8,8,1.3993055654440947,0.03301642652337963
43007,oracle_event_oracle_qr,32,2,011,111,16,16,1.0895496617106906,0.0560654339407809
43007,oracle_event_oracle_qr,33,2,111,110,1,1,-0.12495136689653524,0.0001539434564603485
43007,oracle_event_oracle_qr,33,2,111,110,4,4,0.44406295397891027,0.001987088599747998
43007,oracle_event_oracle_qr,33,2,111,110,8,8,0.21825640874607205,0.0012703219238506687
43007,oracle_event_oracle_qr,33,2,111,110,16,16,0.3792663070831724,0.004052789346687218
43007,oracle_event_oracle_qr,34,2,110,011,1,1,0.27421771365260295,0.02626663571354211
43007,oracle_event_oracle_qr,34,2,110,011,4,4,0.5066605666637876,0.03612913983931169
43007,oracle_event_oracle_qr,34,2,110,011,8,8,0.46238377434359196,0.09859865915345588
43007,oracle_event_oracle_qr,34,2,110,011,16,16,0.5586257683887089,0.05998647958865974
43007,oracle_event_oracle_qr,35,2,011,110,1,1,-0.13680178426995424,0.017055935364398415
43007,oracle_event_oracle_qr,35,2,011,110,4,4,0.6988958616778586,0.00479222023726693
43007,oracle_event_oracle_qr,35,2,011,110,8,8,0.14994996457457513,0.008764238035552886
43007,oracle_event_oracle_qr,35,2,011,110,16,16,0.4213380885496798,0.005775045139594031
43007,oracle_event_oracle_qr,37,3,101,101,1,1,0.09327481230393976,0.00244994115865167
43007,oracle_event_oracle_qr,37,3,101,101,4,4,0.6778471643537418,0.0029246612325416546
43007,oracle_event_oracle_qr,37,3,101,101,8,8,0.6892753048791629,0.005336323376914342
43007,oracle_event_oracle_qr,37,3,101,101,16,16,0.5515764263780996,0.006189424654358043
43007,oracle_event_oracle_qr,38,3,101,011,1,1,1.1860316040463077,0.0904208458844128
43007,oracle_event_oracle_qr,38,3,101,011,4,4,0.8774093308240587,0.02633025023197671
43007,oracle_event_oracle_qr,38,3,101,011,8,8,0.6412210812719199,0.05130757697658023
43007,oracle_event_oracle_qr,38,3,101,011,16,16,0.5461628306642783,0.03191375384424384
43007,oracle_event_oracle_qr,39,3,011,101,1,1,0.284304432573529,0.14186349198511425
43007,oracle_event_oracle_qr,39,3,011,101,4,4,0.5703784738138404,0.09426982279625322
43007,oracle_event_oracle_qr,39,3,011,101,8,8,0.5367958476108001,0.05701776739716369
43007,oracle_event_oracle_qr,39,3,011,101,16,16,1.0647994958916978,0.05338734754874227
43007,oracle_event_oracle_qr,40,3,101,011,1,1,0.9185827277432188,0.03979015505670159
43007,oracle_event_oracle_qr,40,3,101,011,4,4,0.7927882559962285,0.022253530447180876
43007,oracle_event_oracle_qr,40,3,101,011,8,8,1.129798452700041,0.06362043406353206
43007,oracle_event_oracle_qr,40,3,101,011,16,16,1.0578642291424372,0.08187414038323876
43007,oracle_event_oracle_qr,41,3,011,111,1,1,0.27064587141340996,0.14742964199641495
43007,oracle_event_oracle_qr,41,3,011,111,4,4,0.5894995611677365,0.2997310617371575
43007,oracle_event_oracle_qr,41,3,011,111,8,8,0.49706465429791036,0.17588180112476096
43007,oracle_event_oracle_qr,41,3,011,111,16,16,0.6230306463914235,0.14095221115200157
43007,oracle_event_oracle_qr,42,3,111,011,1,1,0.29766171481300063,0.1540238828424492
43007,oracle_event_oracle_qr,42,3,111,011,4,4,1.057862826147953,0.04561081306044018
43007,oracle_event_oracle_qr,42,3,111,011,8,8,0.9191335111508472,0.06360995132790051
43007,oracle_event_oracle_qr,42,3,111,011,16,16,1.0254580156332584,0.06981921361833215
43007,oracle_event_oracle_qr,43,3,011,111,1,1,0.6228926204724168,0.12382029826416985
43007,oracle_event_oracle_qr,43,3,011,111,4,4,0.7130509750163492,0.06991546278953487
43007,oracle_event_oracle_qr,43,3,011,111,8,8,0.7547976927344431,0.06054632109060937
43007,oracle_event_oracle_qr,43,3,011,111,16,16,0.7359106600674936,0.06016143179930816
43007,oracle_event_oracle_qr,44,3,111,110,1,1,0.4186309153956553,0.00014933161681693224
43007,oracle_event_oracle_qr,44,3,111,110,4,4,1.1052988593568618,0.0036348065333514515
43007,oracle_event_oracle_qr,44,3,111,110,8,8,0.8201221076636875,0.004239821672821615
43007,oracle_event_oracle_qr,44,3,111,110,16,16,0.3832653747676248,0.005592719534459294
43007,oracle_event_oracle_qr,45,3,110,110,1,1,0.37191833334723773,0.008930396465534932
43007,oracle_event_oracle_qr,45,3,110,110,4,4,-0.1256067641652268,0.01243841525697471
43007,oracle_event_oracle_qr,45,3,110,110,8,8,-0.1259224048663073,0.009765762998225302
43007,oracle_event_oracle_qr,45,3,110,110,16,16,-0.02152090922194118,0.011543978746992135
43007,oracle_event_oracle_qr,46,3,110,111,1,1,2.653945924016009,0.03522760944560051
43007,oracle_event_oracle_qr,46,3,110,111,4,4,0.9269586982046333,0.009663915873638412
43007,oracle_event_oracle_qr,46,3,110,111,8,8,1.3149534260303832,0.009604572265983855
43007,oracle_event_oracle_qr,46,3,110,111,16,16,1.439593833610458,0.14660581217597224
43007,oracle_event_oracle_qr,47,3,111,110,1,1,-0.13207259939432633,0.012871953986757778
43007,oracle_event_oracle_qr,47,3,111,110,4,4,0.7259274046849705,0.00453756884099201
43007,oracle_event_oracle_qr,47,3,111,110,8,8,0.49995711021973577,0.00306125979655147
43007,oracle_event_oracle_qr,47,3,111,110,16,16,0.11239287804420522,0.007420124624384628
43007,h_plus_total_variance,1,0,101,111,1,1,0.591544810572423,0.00024137100853334373
43007,h_plus_total_variance,1,0,101,111,4,4,0.6029632598835515,0.05400689019291238
43007,h_plus_total_variance,1,0,101,111,8,8,0.4778654268260941,0.06680751297934262
43007,h_plus_total_variance,1,0,101,111,16,16,0.44549769363883873,0.055196971078579925
43007,h_plus_total_variance,2,0,111,011,1,1,0.40422081520677283,0.18583907338203107
43007,h_plus_total_variance,2,0,111,011,4,4,0.7575610449011663,0.06806234076473398
43007,h_plus_total_variance,2,0,111,011,8,8,0.7218949671144816,0.048072416131035314
43007,h_plus_total_variance,2,0,111,011,16,16,0.8851294475046158,0.04155354580143535
43007,h_plus_total_variance,3,0,011,111,1,1,0.5595337882658152,0.05223717066603187
43007,h_plus_total_variance,3,0,011,111,4,4,0.3312103289068762,0.05223703834513878
43007,h_plus_total_variance,3,0,011,111,8,8,0.5402530526859164,0.07112556744662199
43007,h_plus_total_variance,3,0,011,111,16,16,1.1627979078910942,0.09551138301064034
43007,h_plus_total_variance,4,0,111,101,1,1,0.4414301408657869,0.07438351369930668
43007,h_plus_total_variance,4,0,111,101,4,4,0.5417894851059344,0.03279683498957457
43007,h_plus_total_variance,4,0,111,101,8,8,0.40625236858510855,0.025972201793788747
43007,h_plus_total_variance,4,0,111,101,16,16,0.3589709034247559,0.053533004463273276
43007,h_plus_total_variance,5,0,101,011,1,1,0.6651204633475688,0.19872629676521036
43007,h_plus_total_variance,5,0,101,011,4,4,1.04731706719815,0.0964859194293284
43007,h_plus_total_variance,5,0,101,011,8,8,1.5511881320644436,0.1136381905951913
43007,h_plus_total_variance,5,0,101,011,16,16,1.3732595956538116,0.11640357564904655
43007,h_plus_total_variance,6,0,011,110,1,1,0.3101160797479991,0.007257959446025697
43007,h_plus_total_variance,6,0,011,110,4,4,0.44550916961816955,0.0162761011902011
43007,h_plus_total_variance,6,0,011,110,8,8,0.34477666981321253,0.012720229381661577
43007,h_plus_total_variance,6,0,011,110,16,16,0.9760444787198247,0.01746592318510058
43007,h_plus_total_variance,7,0,110,101,1,1,5.4487707292438206,0.003246578355899939
43007,h_plus_total_variance,7,0,110,101,4,4,2.6046468591642333,0.01162523174934997
43007,h_plus_total_variance,7,0,110,101,8,8,1.414276180411264,0.011880507877047225
43007,h_plus_total_variance,7,0,110,101,16,16,1.2127736659545196,0.021574321190814923
43007,h_plus_total_variance,8,0,101,111,1,1,0.20809723876393252,0.011188344576696369
43007,h_plus_total_variance,8,0,101,111,4,4,0.23295332751091807,0.032721676632777384
43007,h_plus_total_variance,8,0,101,111,8,8,0.8735898160816816,0.08981811078456343
43007,h_plus_total_variance,8,0,101,111,16,16,0.8637854712452432,0.0769646934747189
43007,h_plus_total_variance,9,0,111,110,1,1,0.5415237032216462,0.05774718128437915
43007,h_plus_total_variance,9,0,111,110,4,4,1.719909908513286,0.026264580039632914
43007,h_plus_total_variance,9,0,111,110,8,8,1.0031920602599738,0.019858411308223356
43007,h_plus_total_variance,9,0,111,110,16,16,0.7613020782095913,0.02332487043973209
43007,h_plus_total_variance,10,0,110,110,1,1,0.04036425778504238,0.005402580129790497
43007,h_plus_total_variance,10,0,110,110,4,4,-0.22922262320513445,0.0029311580406568847
43007,h_plus_total_variance,10,0,110,110,8,8,0.6822670537833952,0.005598500958958939
43007,h_plus_total_variance,10,0,110,110,16,16,0.6588726155527543,0.012086937755408698
43007,h_plus_total_variance,11,0,110,011,1,1,4.748960175702799,0.2287243318470255
43007,h_plus_total_variance,11,0,110,011,4,4,3.2540008364145296,0.20598009171061937
43007,h_plus_total_variance,11,0,110,011,8,8,2.071544155478066,0.19564596509350984
43007,h_plus_total_variance,11,0,110,011,16,16,1.9556813692719475,0.19117445266119976
43007,h_plus_total_variance,13,1,011,110,1,1,0.4847414590009219,0.03850930220243182
43007,h_plus_total_variance,13,1,011,110,4,4,0.4608432195541038,0.023986865553952963
43007,h_plus_total_variance,13,1,011,110,8,8,1.151467887913557,0.05880380748964614
43007,h_plus_total_variance,13,1,011,110,16,16,0.7886260481116206,0.040649610148174614
43007,h_plus_total_variance,14,1,110,111,1,1,5.377916097950325,0.00751491362936797
43007,h_plus_total_variance,14,1,110,111,4,4,2.4158728911671785,0.04880145893804143
43007,h_plus_total_variance,14,1,110,111,8,8,1.7504609180368123,0.040084897777013836
43007,h_plus_total_variance,14,1,110,111,16,16,0.9585761913789553,0.08385204373434096
43007,h_plus_total_variance,15,1,111,101,1,1,0.30019768105680356,1.1202498288963946e-05
43007,h_plus_total_variance,15,1,111,101,4,4,1.9765109780491321,0.06355018817219718
43007,h_plus_total_variance,15,1,111,101,8,8,1.2654489436459269,0.05644214079187144
43007,h_plus_total_variance,15,1,111,101,16,16,1.0111041264471343,0.04030760521303132
43007,h_plus_total_variance,16,1,101,101,1,1,0.31292197138708716,0.005204975882197804
43007,h_plus_total_variance,16,1,101,101,4,4,0.48438156578131975,0.011209585843131885
43007,h_plus_total_variance,16,1,101,101,8,8,0.6266363184552466,0.014310627613423036
43007,h_plus_total_variance,16,1,101,101,16,16,0.5322802412177403,0.02636884823084419
43007,h_plus_total_variance,17,1,101,111,1,1,0.4488427075878782,0.19002647755699215
43007,h_plus_total_variance,17,1,101,111,4,4,0.8975925232331639,0.07968372345991523
43007,h_plus_total_variance,17,1,101,111,8,8,0.9004440780858332,0.0512309210634549
43007,h_plus_total_variance,17,1,101,111,16,16,1.1762822133876312,0.06080130880436399
43007,h_plus_total_variance,18,1,111,011,1,1,0.2002874707203862,0.032446218897471034
43007,h_plus_total_variance,18,1,111,011,4,4,1.146948417509963,0.056841867547479635
43007,h_plus_total_variance,18,1,111,011,8,8,1.1425955154813923,0.04960103453324666
43007,h_plus_total_variance,18,1,111,011,16,16,0.954920486349647,0.04132596334478584
43007,h_plus_total_variance,19,1,011,101,1,1,0.5008569300187365,0.11356393065414552
43007,h_plus_total_variance,19,1,011,101,4,4,0.7076463292573761,0.05515736912725505
43007,h_plus_total_variance,19,1,011,101,8,8,0.8333681356453001,0.06062419514551808
43007,h_plus_total_variance,19,1,011,101,16,16,0.7295118845043015,0.04214969684495831
43007,h_plus_total_variance,20,1,101,011,1,1,0.9477303992802213,0.09367393622801057
43007,h_plus_total_variance,20,1,101,011,4,4,0.8618788399944545,0.09123841562855933
43007,h_plus_total_variance,20,1,101,011,8,8,0.7360181517576823,0.061288718241988956
43007,h_plus_total_variance,20,1,101,011,16,16,0.7251560277551126,0.0659397200786302
43007,h_plus_total_variance,21,1,011,110,1,1,0.6372680008767034,0.044954730549127894
43007,h_plus_total_variance,21,1,011,110,4,4,0.5341999303004419,0.031449818414481356
43007,h_plus_total_variance,21,1,011,110,8,8,0.566871840869123,0.039461170618775576
43007,h_plus_total_variance,21,1,011,110,16,16,1.1271915191677682,0.029230817911005527
43007,h_plus_total_variance,22,1,110,110,1,1,-0.6591182694822225,0.0027726431207115714
43007,h_plus_total_variance,22,1,110,110,4,4,0.3109156625059426,0.04637552597165211
43007,h_plus_total_variance,22,1,110,110,8,8,-0.10814700538573069,0.027552990793081912
43007,h_plus_total_variance,22,1,110,110,16,16,0.15611610382758426,0.022043249818222154
43007,h_plus_total_variance,23,1,110,111,1,1,-0.2173487062287533,0.18338224721211624
43007,h_plus_total_variance,23,1,110,111,4,4,1.3329084185903364,0.058884287454961055
43007,h_plus_total_variance,23,1,110,111,8,8,1.4135471963522201,0.03124679793392158
43007,h_plus_total_variance,23,1,110,111,16,16,1.525801238753242,0.04356900210732263
43007,h_plus_total_variance,25,2,101,101,1,1,0.28072806244272763,0.045766220075421145
43007,h_plus_total_variance,25,2,101,101,4,4,0.581119091193355,0.03391521583288405
43007,h_plus_total_variance,25,2,101,101,8,8,1.0412676514433148,0.10598225502325309
43007,h_plus_total_variance,25,2,101,101,16,16,1.0566417688554146,0.08637611627827824
43007,h_plus_total_variance,26,2,101,111,1,1,0.2407154451550904,0.18113414139094078
43007,h_plus_total_variance,26,2,101,111,4,4,1.3952305840420545,0.2935969218716809
43007,h_plus_total_variance,26,2,101,111,8,8,0.8991910133730359,0.16124159811286892
43007,h_plus_total_variance,26,2,101,111,16,16,0.9398217698782211,0.16260341352316315
43007,h_plus_total_variance,27,2,111,110,1,1,0.8371309523618661,0.13310493513210023
43007,h_plus_total_variance,27,2,111,110,4,4,0.540389904351735,0.04828924010279315
43007,h_plus_total_variance,27,2,111,110,8,8,0.4069738185321045,0.02952804578000337
43007,h_plus_total_variance,27,2,111,110,16,16,0.3977163851163379,0.03822786647881438
43007,h_plus_total_variance,28,2,110,101,1,1,0.5603154813381012,0.07592114748226553
43007,h_plus_total_variance,28,2,110,101,4,4,2.133408197868773,0.07155763517379485
43007,h_plus_total_variance,28,2,110,101,8,8,1.4941609621611138,0.08798594409201477
43007,h_plus_total_variance,28,2,110,101,16,16,1.022412645498597,0.05358691251285324
43007,h_plus_total_variance,29,2,101,011,1,1,0.7873009982875856,0.023445540930766576
43007,h_plus_total_variance,29,2,101,011,4,4,1.030902727088035,0.03712146522866458
43007,h_plus_total_variance,29,2,101,011,8,8,0.7872562834320802,0.03292397179496491
43007,h_plus_total_variance,29,2,101,011,16,16,0.8104742373368025,0.029756812519695114
43007,h_plus_total_variance,30,2,011,111,1,1,0.33166944522161534,0.00040030929199838836
43007,h_plus_total_variance,30,2,011,111,4,4,1.3612907290119325,0.014663632297785958
43007,h_plus_total_variance,30,2,011,111,8,8,1.5965785871785294,0.03767424221192678
43007,h_plus_total_variance,30,2,011,111,16,16,1.1183907974715814,0.04054713844665968
43007,h_plus_total_variance,31,2,111,011,1,1,0.08589397253614102,0.01955170309813655
43007,h_plus_total_variance,31,2,111,011,4,4,0.13649460746712622,0.0288425423261143
43007,h_plus_total_variance,31,2,111,011,8,8,0.3737667990209228,0.043036666391805714
43007,h_plus_total_variance,31,2,111,011,16,16,0.3528944043822581,0.02833375739132581
43007,h_plus_total_variance,32,2,011,111,1,1,0.4839476368669556,0.03583741430139855
43007,h_plus_total_variance,32,2,011,111,4,4,1.9552864907605692,0.03390514649477962
43007,h_plus_total_variance,32,2,011,111,8,8,1.414668641966467,0.031662163987933395
43007,h_plus_total_variance,32,2,011,111,16,16,1.102921670373123,0.05524774791754393
43007,h_plus_total_variance,33,2,111,110,1,1,0.2349904767656893,0.0016882255736632836
43007,h_plus_total_variance,33,2,111,110,4,4,0.4331701067648063,0.01723207093468973
43007,h_plus_total_variance,33,2,111,110,8,8,0.3765171885252091,0.020912585788331196
43007,h_plus_total_variance,33,2,111,110,16,16,0.6480312090478166,0.027095773178377355
43007,h_plus_total_variance,34,2,110,011,1,1,-0.09590956173284504,0.04036209264291355
43007,h_plus_total_variance,34,2,110,011,4,4,0.7418816599799368,0.04940282312929284
43007,h_plus_total_variance,34,2,110,011,8,8,0.44666064843035524,0.10533176461188934
43007,h_plus_total_variance,34,2,110,011,16,16,0.7016123971771905,0.062251619164572926
43007,h_plus_total_variance,35,2,011,110,1,1,0.05618603746837153,0.009664840822561532
43007,h_plus_total_variance,35,2,011,110,4,4,0.35509329594129774,0.025803616676241772
43007,h_plus_total_variance,35,2,011,110,8,8,0.20554213584495779,0.02333531769074208
43007,h_plus_total_variance,35,2,011,110,16,16,0.4896170388461729,0.017799131045772094
43007,h_plus_total_variance,37,3,101,101,1,1,0.17131425021926286,0.00033719160236671074
43007,h_plus_total_variance,37,3,101,101,4,4,0.8204741383588033,0.017439088324750184
43007,h_plus_total_variance,37,3,101,101,8,8,0.7979908188180702,0.03504386505259943
43007,h_plus_total_variance,37,3,101,101,16,16,0.6631941132100381,0.02981924335159083
43007,h_plus_total_variance,38,3,101,011,1,1,1.7639291038790352,0.10228010024130381
43007,h_plus_total_variance,38,3,101,011,4,4,1.045181472422947,0.027877762414802918
43007,h_plus_total_variance,38,3,101,011,8,8,0.7323123971471118,0.05212992190671241
43007,h_plus_total_variance,38,3,101,011,16,16,0.5653285730685598,0.03236389900999401
43007,h_plus_total_variance,39,3,011,101,1,1,0.3593845320555987,0.1577020407581232
43007,h_plus_total_variance,39,3,011,101,4,4,0.6385126214475038,0.09902605411293251
43007,h_plus_total_variance,39,3,011,101,8,8,0.5295654398106906,0.050635724849909594
43007,h_plus_total_variance,39,3,011,101,16,16,1.0969668701486157,0.10316072317258752
43007,h_plus_total_variance,40,3,101,011,1,1,0.8424776861311875,0.07300053161240731
43007,h_plus_total_variance,40,3,101,011,4,4,0.8034299723967506,0.030429645499163667
43007,h_plus_total_variance,40,3,101,011,8,8,1.1545090610927244,0.06657389894437486
43007,h_plus_total_variance,40,3,101,011,16,16,1.0732992704405884,0.07983487064734665
43007,h_plus_total_variance,41,3,011,111,1,1,0.19254693770886117,0.14857256743654232
43007,h_plus_total_variance,41,3,011,111,4,4,0.5767863956977244,0.2999526510618341
43007,h_plus_total_variance,41,3,011,111,8,8,0.4452445287353234,0.17579738577611442
43007,h_plus_total_variance,41,3,011,111,16,16,0.5483814269622076,0.11730099241504936
43007,h_plus_total_variance,42,3,111,011,1,1,0.47601064470865173,0.15584260359579305
43007,h_plus_total_variance,42,3,111,011,4,4,1.0205143999441186,0.04533133207577919
43007,h_plus_total_variance,42,3,111,011,8,8,0.9268831788609113,0.06421692899751504
43007,h_plus_total_variance,42,3,111,011,16,16,1.0023646999170084,0.07156398865673233
43007,h_plus_total_variance,43,3,011,111,1,1,0.6147242224925437,0.11611990553480199
43007,h_plus_total_variance,43,3,011,111,4,4,0.7274717016330465,0.06812584097044369
43007,h_plus_total_variance,43,3,011,111,8,8,0.7822416714768285,0.06056834502353566
43007,h_plus_total_variance,43,3,011,111,16,16,0.7576181643635236,0.06199277911529777
43007,h_plus_total_variance,44,3,111,110,1,1,0.5309253311098119,0.040111740603917055
43007,h_plus_total_variance,44,3,111,110,4,4,0.7011180530849216,0.05666754957170247
43007,h_plus_total_variance,44,3,111,110,8,8,0.6090918589118044,0.043003226893987806
43007,h_plus_total_variance,44,3,111,110,16,16,0.42915470910598674,0.027207961160978546
43007,h_plus_total_variance,45,3,110,110,1,1,0.14192145566127579,0.04216801343232449
43007,h_plus_total_variance,45,3,110,110,4,4,0.1825156355845653,0.05526824944828557
43007,h_plus_total_variance,45,3,110,110,8,8,0.06926141924150458,0.043422584839889956
43007,h_plus_total_variance,45,3,110,110,16,16,0.5443127556084069,0.06091817043730556
43007,h_plus_total_variance,46,3,110,111,1,1,5.617037891189342,0.35106494116602155
43007,h_plus_total_variance,46,3,110,111,4,4,1.7692493878332178,0.13301652313725995
43007,h_plus_total_variance,46,3,110,111,8,8,1.51309490387561,0.07027165289482827
43007,h_plus_total_variance,46,3,110,111,16,16,2.1412623724471245,0.1375144579410987
43007,h_plus_total_variance,47,3,111,110,1,1,0.22883883392616078,0.017913194292971224
43007,h_plus_total_variance,47,3,111,110,4,4,0.42399289206744845,0.01930400215630437
43007,h_plus_total_variance,47,3,111,110,8,8,0.46110686345088503,0.030423952125601554
43007,h_plus_total_variance,47,3,111,110,16,16,0.2668418140102118,0.023985315913136455
43007,generator_supported_seen_mode_imm,1,0,101,111,1,1,0.4353593944548963,0.0014141287615593806
43007,generator_supported_seen_mode_imm,1,0,101,111,4,4,0.4628012002629156,0.03937453472517994
43007,generator_supported_seen_mode_imm,1,0,101,111,8,8,0.343948351361661,0.07342718121427523
43007,generator_supported_seen_mode_imm,1,0,101,111,16,16,0.3696028488508681,0.04615458179424331
43007,generator_supported_seen_mode_imm,2,0,111,011,1,1,0.8486581256321823,0.029451131415966926
43007,generator_supported_seen_mode_imm,2,0,111,011,4,4,0.7322695599437461,0.02408416339774613
43007,generator_supported_seen_mode_imm,2,0,111,011,8,8,0.6366751040122849,0.017621597660604435
43007,generator_supported_seen_mode_imm,2,0,111,011,16,16,0.9255910252553522,0.03743033647616427
43007,generator_supported_seen_mode_imm,3,0,011,111,1,1,0.7004361200548634,0.15163136344270717
43007,generator_supported_seen_mode_imm,3,0,011,111,4,4,0.2478913420194277,0.11014217920350158
43007,generator_supported_seen_mode_imm,3,0,011,111,8,8,0.5386799593738887,0.1494565023685957
43007,generator_supported_seen_mode_imm,3,0,011,111,16,16,1.350798316398069,0.1679666302732764
43007,generator_supported_seen_mode_imm,4,0,111,101,1,1,0.4974214931948324,0.04012268666056381
43007,generator_supported_seen_mode_imm,4,0,111,101,4,4,0.5331991661220848,0.015143046499885118
43007,generator_supported_seen_mode_imm,4,0,111,101,8,8,0.39768680181377014,0.014608057725192088
43007,generator_supported_seen_mode_imm,4,0,111,101,16,16,0.4287662103714478,0.015329675870684204
43007,generator_supported_seen_mode_imm,5,0,101,011,1,1,0.6101998447755004,0.15407793598848046
43007,generator_supported_seen_mode_imm,5,0,101,011,4,4,1.2936416935046076,0.17394054066980352
43007,generator_supported_seen_mode_imm,5,0,101,011,8,8,2.2719220774929263,0.18860501392362378
43007,generator_supported_seen_mode_imm,5,0,101,011,16,16,1.7824434608013484,0.1338412082818492
43007,generator_supported_seen_mode_imm,6,0,011,110,1,1,0.03845555995616304,0.0003969334023593114
43007,generator_supported_seen_mode_imm,6,0,011,110,4,4,0.2575275005323276,0.018478539545881762
43007,generator_supported_seen_mode_imm,6,0,011,110,8,8,0.16613976720275567,0.011414497553010095
43007,generator_supported_seen_mode_imm,6,0,011,110,16,16,0.7633545289441056,0.009180736449903606
43007,generator_supported_seen_mode_imm,7,0,110,101,1,1,7.79331063801889,0.003759128348600071
43007,generator_supported_seen_mode_imm,7,0,110,101,4,4,3.2327459260150166,0.03486931198589732
43007,generator_supported_seen_mode_imm,7,0,110,101,8,8,1.8239934518551588,0.02159586946424088
43007,generator_supported_seen_mode_imm,7,0,110,101,16,16,1.2541289313898336,0.012688849453720102
43007,generator_supported_seen_mode_imm,8,0,101,111,1,1,0.3814205811573304,0.020190135761528536
43007,generator_supported_seen_mode_imm,8,0,101,111,4,4,0.20894352109973086,0.011974696719343748
43007,generator_supported_seen_mode_imm,8,0,101,111,8,8,0.8391349596098604,0.1413994553707481
43007,generator_supported_seen_mode_imm,8,0,101,111,16,16,0.9657956985153696,0.13546018910428556
43007,generator_supported_seen_mode_imm,9,0,111,110,1,1,0.6205241599309557,0.1059930962000222
43007,generator_supported_seen_mode_imm,9,0,111,110,4,4,2.335839954044518,0.05233889009700821
43007,generator_supported_seen_mode_imm,9,0,111,110,8,8,1.4071884576516274,0.03590291481183932
43007,generator_supported_seen_mode_imm,9,0,111,110,16,16,1.0107525183560622,0.04438624985915382
43007,generator_supported_seen_mode_imm,10,0,110,110,1,1,0.2688209482482167,0.026589272520164076
43007,generator_supported_seen_mode_imm,10,0,110,110,4,4,-0.24040540420440756,0.009561770134403808
43007,generator_supported_seen_mode_imm,10,0,110,110,8,8,0.9989810416235138,0.00791494848663357
43007,generator_supported_seen_mode_imm,10,0,110,110,16,16,0.5023083386890943,0.007347859185466237
43007,generator_supported_seen_mode_imm,11,0,110,011,1,1,2.1957277915977165,0.11518360552302033
43007,generator_supported_seen_mode_imm,11,0,110,011,4,4,1.6441865021342785,0.054445246839261455
43007,generator_supported_seen_mode_imm,11,0,110,011,8,8,1.3810253538689472,0.19974093475632126
43007,generator_supported_seen_mode_imm,11,0,110,011,16,16,1.4135102745914039,0.17421861971653207
43007,generator_supported_seen_mode_imm,13,1,011,110,1,1,0.05866985011041288,0.06351358507280927
43007,generator_supported_seen_mode_imm,13,1,011,110,4,4,0.038273387334071166,0.02647477467821873
43007,generator_supported_seen_mode_imm,13,1,011,110,8,8,0.6102985277343307,0.01544720893657137
43007,generator_supported_seen_mode_imm,13,1,011,110,16,16,0.5224931258487086,0.013717836687501343
43007,generator_supported_seen_mode_imm,14,1,110,111,1,1,4.513368567785296,0.022270820483194717
43007,generator_supported_seen_mode_imm,14,1,110,111,4,4,2.7308372146546764,0.06243820882227359
43007,generator_supported_seen_mode_imm,14,1,110,111,8,8,1.79329294124966,0.04506187854790211
43007,generator_supported_seen_mode_imm,14,1,110,111,16,16,1.130889663817075,0.08947718227483423
43007,generator_supported_seen_mode_imm,15,1,111,101,1,1,0.46775710082346983,0.03266075178837635
43007,generator_supported_seen_mode_imm,15,1,111,101,4,4,2.6837190751218274,0.05880835408172386
43007,generator_supported_seen_mode_imm,15,1,111,101,8,8,1.5734777408540408,0.054235964812534856
43007,generator_supported_seen_mode_imm,15,1,111,101,16,16,1.1191926531574539,0.0381214593135622
43007,generator_supported_seen_mode_imm,16,1,101,101,1,1,0.07897415219075811,0.00019508470092776748
43007,generator_supported_seen_mode_imm,16,1,101,101,4,4,0.33950959512325796,0.001989168034365587
43007,generator_supported_seen_mode_imm,16,1,101,101,8,8,0.4606130312127904,0.0023954660403963162
43007,generator_supported_seen_mode_imm,16,1,101,101,16,16,0.3987812022179916,0.007651694510480232
43007,generator_supported_seen_mode_imm,17,1,101,111,1,1,0.5909369343352753,0.22668667713040813
43007,generator_supported_seen_mode_imm,17,1,101,111,4,4,1.2891064702213735,0.14615405770589343
43007,generator_supported_seen_mode_imm,17,1,101,111,8,8,1.1323467599811838,0.1024490950277602
43007,generator_supported_seen_mode_imm,17,1,101,111,16,16,1.508637822468808,0.07923338152380362
43007,generator_supported_seen_mode_imm,18,1,111,011,1,1,0.24735500016793086,0.0006904670575281748
43007,generator_supported_seen_mode_imm,18,1,111,011,4,4,0.9739827709054553,0.0717121910712824
43007,generator_supported_seen_mode_imm,18,1,111,011,8,8,1.0320845261803768,0.06905103350349735
43007,generator_supported_seen_mode_imm,18,1,111,011,16,16,0.8687366656360016,0.05992173055622257
43007,generator_supported_seen_mode_imm,19,1,011,101,1,1,0.30706937175239746,0.17878772868502968
43007,generator_supported_seen_mode_imm,19,1,011,101,4,4,1.0709962608230459,0.10525962376635442
43007,generator_supported_seen_mode_imm,19,1,011,101,8,8,0.9215256072339666,0.08233145293181243
43007,generator_supported_seen_mode_imm,19,1,011,101,16,16,0.7188919323955877,0.05876096507305752
43007,generator_supported_seen_mode_imm,20,1,101,011,1,1,0.8501402988848705,0.16163689784716828
43007,generator_supported_seen_mode_imm,20,1,101,011,4,4,1.330321572192024,0.2624486757450386
43007,generator_supported_seen_mode_imm,20,1,101,011,8,8,1.3149599872790825,0.21321838600675128
43007,generator_supported_seen_mode_imm,20,1,101,011,16,16,0.9983653488829619,0.14613400533863186
43007,generator_supported_seen_mode_imm,21,1,011,110,1,1,0.8280744306428616,0.145162355956643
43007,generator_supported_seen_mode_imm,21,1,011,110,4,4,0.8445855435038848,0.12217652623188945
43007,generator_supported_seen_mode_imm,21,1,011,110,8,8,0.6999078139914172,0.07216102783677614
43007,generator_supported_seen_mode_imm,21,1,011,110,16,16,1.3994948462886023,0.10376596824498119
43007,generator_supported_seen_mode_imm,22,1,110,110,1,1,-0.5845724544403342,0.0006198657176615964
43007,generator_supported_seen_mode_imm,22,1,110,110,4,4,-0.0791162236774861,0.013480488774125395
43007,generator_supported_seen_mode_imm,22,1,110,110,8,8,-0.2488583693583477,0.007755003414113154
43007,generator_supported_seen_mode_imm,22,1,110,110,16,16,-0.15145511338576095,0.008154457308117086
43007,generator_supported_seen_mode_imm,23,1,110,111,1,1,0.08071792926403909,0.19631674974474245
43007,generator_supported_seen_mode_imm,23,1,110,111,4,4,0.6744527689340297,0.07367025520119423
43007,generator_supported_seen_mode_imm,23,1,110,111,8,8,1.1126275519035929,0.08056794914796295
43007,generator_supported_seen_mode_imm,23,1,110,111,16,16,1.2566337415064606,0.0686151507237592
43007,generator_supported_seen_mode_imm,25,2,101,101,1,1,0.0761221867992601,0.001298688800776365
43007,generator_supported_seen_mode_imm,25,2,101,101,4,4,0.49752937192608737,0.001604570075793378
43007,generator_supported_seen_mode_imm,25,2,101,101,8,8,0.843738626439934,0.11648133438318845
43007,generator_supported_seen_mode_imm,25,2,101,101,16,16,1.2106141438684668,0.0926836291325023
43007,generator_supported_seen_mode_imm,26,2,101,111,1,1,-0.3377399620227165,0.16366506179405643
43007,generator_supported_seen_mode_imm,26,2,101,111,4,4,1.7043909622775866,0.4179460939954043
43007,generator_supported_seen_mode_imm,26,2,101,111,8,8,1.0071062403633015,0.25034450333412916
43007,generator_supported_seen_mode_imm,26,2,101,111,16,16,1.0842749503266402,0.190370373914009
43007,generator_supported_seen_mode_imm,27,2,111,110,1,1,1.8444249571336948,0.5173412877920098
43007,generator_supported_seen_mode_imm,27,2,111,110,4,4,1.0698248590768937,0.2379320788790688
43007,generator_supported_seen_mode_imm,27,2,111,110,8,8,0.42443058390860444,0.126143455018742
43007,generator_supported_seen_mode_imm,27,2,111,110,16,16,0.36872882214263336,0.07307338166936415
43007,generator_supported_seen_mode_imm,28,2,110,101,1,1,1.9761741954479388,0.12866285417279677
43007,generator_supported_seen_mode_imm,28,2,110,101,4,4,3.1846651365485674,0.0978019260470466
43007,generator_supported_seen_mode_imm,28,2,110,101,8,8,1.9210123325735275,0.09750682834487837
43007,generator_supported_seen_mode_imm,28,2,110,101,16,16,1.2433836462368446,0.07063232679338566
43007,generator_supported_seen_mode_imm,29,2,101,011,1,1,0.2813108496351313,0.00582373869583277
43007,generator_supported_seen_mode_imm,29,2,101,011,4,4,1.2594700340353642,0.013501171410110238
43007,generator_supported_seen_mode_imm,29,2,101,011,8,8,0.7478813317985149,0.015204219859435111
43007,generator_supported_seen_mode_imm,29,2,101,011,16,16,0.8120875165044401,0.019930752665268753
43007,generator_supported_seen_mode_imm,30,2,011,111,1,1,0.4432052971219039,0.032802720468965936
43007,generator_supported_seen_mode_imm,30,2,011,111,4,4,1.3770529199476957,0.018266258935388077
43007,generator_supported_seen_mode_imm,30,2,011,111,8,8,1.9505388997383817,0.05040885696075185
43007,generator_supported_seen_mode_imm,30,2,011,111,16,16,1.4869300392122313,0.06676240888055593
43007,generator_supported_seen_mode_imm,31,2,111,011,1,1,0.1217134879605745,0.007570558394486631
43007,generator_supported_seen_mode_imm,31,2,111,011,4,4,0.1519178025572541,0.026147151147180844
43007,generator_supported_seen_mode_imm,31,2,111,011,8,8,0.31595637155844714,0.05904365040084577
43007,generator_supported_seen_mode_imm,31,2,111,011,16,16,0.3662409131905241,0.049020967618822145
43007,generator_supported_seen_mode_imm,32,2,011,111,1,1,0.23983164745622387,0.008085185880590545
43007,generator_supported_seen_mode_imm,32,2,011,111,4,4,2.4208992821622095,0.025909823627756203
43007,generator_supported_seen_mode_imm,32,2,011,111,8,8,1.68647438071423,0.016790738788729297
43007,generator_supported_seen_mode_imm,32,2,011,111,16,16,1.2773178032280212,0.08792371263214435
43007,generator_supported_seen_mode_imm,33,2,111,110,1,1,0.2030108274584458,0.03256329446378171
43007,generator_supported_seen_mode_imm,33,2,111,110,4,4,0.4959569813185028,0.08468394964126733
43007,generator_supported_seen_mode_imm,33,2,111,110,8,8,0.45292883401624373,0.08965378553631566
43007,generator_supported_seen_mode_imm,33,2,111,110,16,16,0.779231274909959,0.05876864735431721
43007,generator_supported_seen_mode_imm,34,2,110,011,1,1,-0.06958028085475174,0.0830360843906282
43007,generator_supported_seen_mode_imm,34,2,110,011,4,4,1.1786913741460632,0.09842766421663013
43007,generator_supported_seen_mode_imm,34,2,110,011,8,8,0.5674003803405752,0.16812884546576634
43007,generator_supported_seen_mode_imm,34,2,110,011,16,16,0.6890662907893054,0.09086008105561255
43007,generator_supported_seen_mode_imm,35,2,011,110,1,1,0.06520199645501054,0.010457298621991603
43007,generator_supported_seen_mode_imm,35,2,011,110,4,4,0.3503860243653963,0.05743358857984998
43007,generator_supported_seen_mode_imm,35,2,011,110,8,8,0.20496289468332501,0.04198602421506442
43007,generator_supported_seen_mode_imm,35,2,011,110,16,16,0.5521485352474782,0.08924178558862318
43007,generator_supported_seen_mode_imm,37,3,101,101,1,1,0.008309911892447785,0.016952467365667242
43007,generator_supported_seen_mode_imm,37,3,101,101,4,4,0.9086797144579808,0.026963025771206232
43007,generator_supported_seen_mode_imm,37,3,101,101,8,8,0.8709343645479941,0.01456536752946426
43007,generator_supported_seen_mode_imm,37,3,101,101,16,16,0.6349678241270718,0.010650508641982097
43007,generator_supported_seen_mode_imm,38,3,101,011,1,1,1.4751869087474743,0.18921052600593147
43007,generator_supported_seen_mode_imm,38,3,101,011,4,4,0.9308827469953231,0.05694387443579463
43007,generator_supported_seen_mode_imm,38,3,101,011,8,8,0.5642944411373576,0.06080104356763657
43007,generator_supported_seen_mode_imm,38,3,101,011,16,16,0.5335028920908722,0.06186219247819928
43007,generator_supported_seen_mode_imm,39,3,011,101,1,1,0.07245095015977766,0.26479899406176316
43007,generator_supported_seen_mode_imm,39,3,011,101,4,4,0.5748442779026782,0.17755908551237873
43007,generator_supported_seen_mode_imm,39,3,011,101,8,8,0.634000771803154,0.11695754180141775
43007,generator_supported_seen_mode_imm,39,3,011,101,16,16,1.268017266719454,0.21230535097833997
43007,generator_supported_seen_mode_imm,40,3,101,011,1,1,1.0523922221240885,0.01656909997374324
43007,generator_supported_seen_mode_imm,40,3,101,011,4,4,0.7552340218429745,0.024235904550534693
43007,generator_supported_seen_mode_imm,40,3,101,011,8,8,1.2323611888783716,0.07550095255653769
43007,generator_supported_seen_mode_imm,40,3,101,011,16,16,1.1212404966181984,0.11519980371536664
43007,generator_supported_seen_mode_imm,41,3,011,111,1,1,0.035241362984318514,0.18111705746257548
43007,generator_supported_seen_mode_imm,41,3,011,111,4,4,0.7543907646305974,0.5133994920771052
43007,generator_supported_seen_mode_imm,41,3,011,111,8,8,0.4884642877432224,0.32656462427142485
43007,generator_supported_seen_mode_imm,41,3,011,111,16,16,0.6709144561043301,0.21003798129247575
43007,generator_supported_seen_mode_imm,42,3,111,011,1,1,0.13787347134671477,0.13385624726416678
43007,generator_supported_seen_mode_imm,42,3,111,011,4,4,1.166925434602947,0.05710220319273184
43007,generator_supported_seen_mode_imm,42,3,111,011,8,8,0.9134260056526481,0.0923559987462049
43007,generator_supported_seen_mode_imm,42,3,111,011,16,16,1.3914517807092084,0.1451197422148392
43007,generator_supported_seen_mode_imm,43,3,011,111,1,1,1.2445042836150393,0.007241816567657415
43007,generator_supported_seen_mode_imm,43,3,011,111,4,4,0.6453648371624744,0.020211008144469897
43007,generator_supported_seen_mode_imm,43,3,011,111,8,8,0.6998278537523452,0.067579904652977
43007,generator_supported_seen_mode_imm,43,3,011,111,16,16,0.793734352280493,0.13012824415260127
43007,generator_supported_seen_mode_imm,44,3,111,110,1,1,0.17705456253750365,0.021098312470889977
43007,generator_supported_seen_mode_imm,44,3,111,110,4,4,0.6725798940237993,0.13108598587033138
43007,generator_supported_seen_mode_imm,44,3,111,110,8,8,0.8462802904110782,0.16370089138880559
43007,generator_supported_seen_mode_imm,44,3,111,110,16,16,0.49759399883557287,0.09000368431131187
43007,generator_supported_seen_mode_imm,45,3,110,110,1,1,0.37312987839900164,0.009874697426867241
43007,generator_supported_seen_mode_imm,45,3,110,110,4,4,-0.13343458603461977,0.013095264775365469
43007,generator_supported_seen_mode_imm,45,3,110,110,8,8,-0.13713181964533733,0.01024503699477139
43007,generator_supported_seen_mode_imm,45,3,110,110,16,16,-0.03305582498805271,0.011937088107763873
43007,generator_supported_seen_mode_imm,46,3,110,111,1,1,6.6427055231411565,0.021853704489860206
43007,generator_supported_seen_mode_imm,46,3,110,111,4,4,1.7856324609232064,0.005700850257542104
43007,generator_supported_seen_mode_imm,46,3,110,111,8,8,1.742218841864516,0.0048924276100471165
43007,generator_supported_seen_mode_imm,46,3,110,111,16,16,1.924722900246674,0.07920514334064228
43007,generator_supported_seen_mode_imm,47,3,111,110,1,1,-0.1664343253431474,0.04431239735104383
43007,generator_supported_seen_mode_imm,47,3,111,110,4,4,0.5827474547893378,0.06709818299313221
43007,generator_supported_seen_mode_imm,47,3,111,110,8,8,0.7070401573642202,0.10212928195980628
43007,generator_supported_seen_mode_imm,47,3,111,110,16,16,0.17695623363229668,0.05738849099083066
43007,selected_fixed_jump,1,0,101,111,1,1,1.0296981421492875,0.002219514573757308
43007,selected_fixed_jump,1,0,101,111,4,4,0.9959945112529424,0.06375914684636082
43007,selected_fixed_jump,1,0,101,111,8,8,0.5687727060269885,0.06715848488799747
43007,selected_fixed_jump,1,0,101,111,16,16,0.49317112755414494,0.05825319050701837
43007,selected_fixed_jump,2,0,111,011,1,1,0.3210356789126709,0.20653379291194643
43007,selected_fixed_jump,2,0,111,011,4,4,1.0884602540275068,0.07380248769938744
43007,selected_fixed_jump,2,0,111,011,8,8,1.15205686454067,0.06902484473156881
43007,selected_fixed_jump,2,0,111,011,16,16,1.4923062859886078,0.06332207913080329
43007,selected_fixed_jump,3,0,011,111,1,1,0.726130346746573,0.03490254477753113
43007,selected_fixed_jump,3,0,011,111,4,4,0.06030716402289002,0.046337719245497615
43007,selected_fixed_jump,3,0,011,111,8,8,0.6074692233964142,0.0567396902034277
43007,selected_fixed_jump,3,0,011,111,16,16,1.5935754361014358,0.0695516592909379
43007,selected_fixed_jump,4,0,111,101,1,1,0.029641346697244813,0.12191329441020504
43007,selected_fixed_jump,4,0,111,101,4,4,0.71964951750691,0.05206805864747555
43007,selected_fixed_jump,4,0,111,101,8,8,0.4536298916728868,0.03776252895418137
43007,selected_fixed_jump,4,0,111,101,16,16,0.34771847219465923,0.0679628199670171
43007,selected_fixed_jump,5,0,101,011,1,1,1.0827640384282469,0.22717628206637067
43007,selected_fixed_jump,5,0,101,011,4,4,2.187795391984876,0.07538731740765843
43007,selected_fixed_jump,5,0,101,011,8,8,2.3936343164601546,0.10635310365735105
43007,selected_fixed_jump,5,0,101,011,16,16,2.573077387462981,0.19167330121272966
43007,selected_fixed_jump,6,0,011,110,1,1,-0.2696397997314332,0.00768153466919726
43007,selected_fixed_jump,6,0,011,110,4,4,0.2817282508489344,0.017276987248810945
43007,selected_fixed_jump,6,0,011,110,8,8,0.038410410501144965,0.01435582829364525
43007,selected_fixed_jump,6,0,011,110,16,16,0.7896948931175058,0.010241094197325917
43007,selected_fixed_jump,7,0,110,101,1,1,6.710451556646204,0.002215978782288456
43007,selected_fixed_jump,7,0,110,101,4,4,2.3668948600520814,0.014071519133298
43007,selected_fixed_jump,7,0,110,101,8,8,1.3114241901361188,0.0152847611816875
43007,selected_fixed_jump,7,0,110,101,16,16,1.2733707535314136,0.031965406686832454
43007,selected_fixed_jump,8,0,101,111,1,1,-0.31404064943883697,0.027156475059252682
43007,selected_fixed_jump,8,0,101,111,4,4,-0.10815716278884341,0.03749592941384547
43007,selected_fixed_jump,8,0,101,111,8,8,1.4616693406000352,0.090200383385143
43007,selected_fixed_jump,8,0,101,111,16,16,1.3913160083808829,0.11787864297112811
43007,selected_fixed_jump,9,0,111,110,1,1,0.38577245440371594,0.029645798164368884
43007,selected_fixed_jump,9,0,111,110,4,4,1.9757287941836845,0.012894241065680177
43007,selected_fixed_jump,9,0,111,110,8,8,1.062472549842308,0.010574867301384861
43007,selected_fixed_jump,9,0,111,110,16,16,0.7671261589878589,0.012611078447206233
43007,selected_fixed_jump,10,0,110,110,1,1,0.026540074663141084,0.008623052070797907
43007,selected_fixed_jump,10,0,110,110,4,4,-0.2087900971343328,0.004121261935957511
43007,selected_fixed_jump,10,0,110,110,8,8,0.8824446408072618,0.005518567028090656
43007,selected_fixed_jump,10,0,110,110,16,16,0.5721909076836673,0.006725259121700684
43007,selected_fixed_jump,11,0,110,011,1,1,2.296162463900672,0.03335813122320792
43007,selected_fixed_jump,11,0,110,011,4,4,2.3967934683263574,0.13910903560931412
43007,selected_fixed_jump,11,0,110,011,8,8,1.9121353652545192,0.16305591744521275
43007,selected_fixed_jump,11,0,110,011,16,16,1.795673215787573,0.12768073426953508
43007,selected_fixed_jump,13,1,011,110,1,1,-0.1526867762019072,0.02943364258023929
43007,selected_fixed_jump,13,1,011,110,4,4,-0.19719387880454975,0.021777766444272362
43007,selected_fixed_jump,13,1,011,110,8,8,0.6070285966743497,0.014543840641737329
43007,selected_fixed_jump,13,1,011,110,16,16,0.3216013998719646,0.014835834958185678
43007,selected_fixed_jump,14,1,110,111,1,1,5.804530947357307,0.00039200981116229637
43007,selected_fixed_jump,14,1,110,111,4,4,2.563824820222741,0.04904268265487839
43007,selected_fixed_jump,14,1,110,111,8,8,2.087325422799558,0.04900862817652059
43007,selected_fixed_jump,14,1,110,111,16,16,1.0469818682151792,0.09801912523169112
43007,selected_fixed_jump,15,1,111,101,1,1,-0.2328943302386952,0.003131810503920951
43007,selected_fixed_jump,15,1,111,101,4,4,2.2833781568298996,0.05124945205831842
43007,selected_fixed_jump,15,1,111,101,8,8,1.508982452028926,0.051950006946699365
43007,selected_fixed_jump,15,1,111,101,16,16,1.426428584981712,0.045608187593843275
43007,selected_fixed_jump,16,1,101,101,1,1,-0.06234832724989669,0.0018518608732542403
43007,selected_fixed_jump,16,1,101,101,4,4,0.49157892347991416,0.016719081597447526
43007,selected_fixed_jump,16,1,101,101,8,8,0.9558377389468186,0.026930822613315124
43007,selected_fixed_jump,16,1,101,101,16,16,0.659842487153957,0.03772676741228009
43007,selected_fixed_jump,17,1,101,111,1,1,0.18430004536278796,0.1948601607506591
43007,selected_fixed_jump,17,1,101,111,4,4,1.7438827904841507,0.07371267721029198
43007,selected_fixed_jump,17,1,101,111,8,8,1.6265681237176826,0.05246904664430268
43007,selected_fixed_jump,17,1,101,111,16,16,1.8940017998681595,0.07652151053235542
43007,selected_fixed_jump,18,1,111,011,1,1,0.08223228754367823,0.06216722506984687
43007,selected_fixed_jump,18,1,111,011,4,4,2.217232623655176,0.07115458968349499
43007,selected_fixed_jump,18,1,111,011,8,8,2.651577595612345,0.0919445640137438
43007,selected_fixed_jump,18,1,111,011,16,16,1.8790908365796177,0.06324667057800569
43007,selected_fixed_jump,19,1,011,101,1,1,-0.026129154017992238,0.0697310226348814
43007,selected_fixed_jump,19,1,011,101,4,4,0.618191998755166,0.05388128950933444
43007,selected_fixed_jump,19,1,011,101,8,8,1.3533441201810297,0.08946895820543206
43007,selected_fixed_jump,19,1,011,101,16,16,1.1194607844259323,0.059956758639401586
43007,selected_fixed_jump,20,1,101,011,1,1,2.1987754142827924,0.06367300256894858
43007,selected_fixed_jump,20,1,101,011,4,4,1.279998332025965,0.05465332385268741
43007,selected_fixed_jump,20,1,101,011,8,8,1.0112266890570045,0.04700501378969106
43007,selected_fixed_jump,20,1,101,011,16,16,1.0099252314765816,0.061909942196175294
43007,selected_fixed_jump,21,1,011,110,1,1,0.6532298895882573,0.021651396516713252
43007,selected_fixed_jump,21,1,011,110,4,4,0.3282441014418674,0.016777959119685354
43007,selected_fixed_jump,21,1,011,110,8,8,0.5163981417626051,0.02505107396404607
43007,selected_fixed_jump,21,1,011,110,16,16,1.193242254329388,0.02508396124980649
43007,selected_fixed_jump,22,1,110,110,1,1,-0.3230311397656768,0.001303274524957462
43007,selected_fixed_jump,22,1,110,110,4,4,0.07174721344782067,0.036432382746131906
43007,selected_fixed_jump,22,1,110,110,8,8,-0.09238748776994292,0.02100718332517353
43007,selected_fixed_jump,22,1,110,110,16,16,0.03737752820535613,0.01914005163338839
43007,selected_fixed_jump,23,1,110,111,1,1,-0.010413290086792775,0.18519271994977324
43007,selected_fixed_jump,23,1,110,111,4,4,0.9951063861712306,0.05517859080485568
43007,selected_fixed_jump,23,1,110,111,8,8,1.1502959223328673,0.038685408088821774
43007,selected_fixed_jump,23,1,110,111,16,16,1.7361932905778763,0.05201657692283502
43007,selected_fixed_jump,25,2,101,101,1,1,0.22260703935791315,0.046735706471590165
43007,selected_fixed_jump,25,2,101,101,4,4,0.8844452532360987,0.04554391775454256
43007,selected_fixed_jump,25,2,101,101,8,8,1.7798767951045749,0.08163294739374602
43007,selected_fixed_jump,25,2,101,101,16,16,1.9213507735306798,0.0935117543925468
43007,selected_fixed_jump,26,2,101,111,1,1,-0.237055888562108,0.17570747686100022
43007,selected_fixed_jump,26,2,101,111,4,4,1.864302787032031,0.2608688707172288
43007,selected_fixed_jump,26,2,101,111,8,8,1.3837742208801496,0.1435452357027927
43007,selected_fixed_jump,26,2,101,111,16,16,1.2990111340638133,0.17954597997973631
43007,selected_fixed_jump,27,2,111,110,1,1,0.7782590152217159,0.05790017868832592
43007,selected_fixed_jump,27,2,111,110,4,4,0.09327703220034783,0.01834994667726625
43007,selected_fixed_jump,27,2,111,110,8,8,-0.04742195830614343,0.014680486374149839
43007,selected_fixed_jump,27,2,111,110,16,16,0.11092829377191622,0.024109234547203158
43007,selected_fixed_jump,28,2,110,101,1,1,0.5741392639836043,0.09419352678469342
43007,selected_fixed_jump,28,2,110,101,4,4,2.413586906384741,0.08352515124886362
43007,selected_fixed_jump,28,2,110,101,8,8,1.5848894791699997,0.09539181153794418
43007,selected_fixed_jump,28,2,110,101,16,16,1.1631920644555396,0.06053546187019081
43007,selected_fixed_jump,29,2,101,011,1,1,1.9327769489636766,0.005102289527310637
43007,selected_fixed_jump,29,2,101,011,4,4,1.6204295041846206,0.07624895490693692
43007,selected_fixed_jump,29,2,101,011,8,8,1.217209886785689,0.05351688976873208
43007,selected_fixed_jump,29,2,101,011,16,16,1.299670806146648,0.07492211197163128
43007,selected_fixed_jump,30,2,011,111,1,1,-0.045564668638369436,0.0009441762381823759
43007,selected_fixed_jump,30,2,011,111,4,4,2.7409953348725984,0.0812844283305491
43007,selected_fixed_jump,30,2,011,111,8,8,2.544177019400424,0.0757617931035249
43007,selected_fixed_jump,30,2,011,111,16,16,1.6243851616801388,0.06008918348427808
43007,selected_fixed_jump,31,2,111,011,1,1,-0.2732776444285643,0.03772360613765017
43007,selected_fixed_jump,31,2,111,011,4,4,-0.10673811545458331,0.039463741497484536
43007,selected_fixed_jump,31,2,111,011,8,8,0.36640998302609745,0.04574520296396946
43007,selected_fixed_jump,31,2,111,011,16,16,0.3333509634251724,0.031052373098625886
43007,selected_fixed_jump,32,2,011,111,1,1,3.3364325389138174,0.09510380950645218
43007,selected_fixed_jump,32,2,011,111,4,4,3.1106298909609635,0.06372721782792219
43007,selected_fixed_jump,32,2,011,111,8,8,2.3034970788082987,0.0583911278959648
43007,selected_fixed_jump,32,2,011,111,16,16,1.8254502076639283,0.05528104353579967
43007,selected_fixed_jump,33,2,111,110,1,1,0.3404731970984721,0.024986242120891615
43007,selected_fixed_jump,33,2,111,110,4,4,0.510518127680979,0.015397839099381451
43007,selected_fixed_jump,33,2,111,110,8,8,0.30163055002535893,0.014499746612228295
43007,selected_fixed_jump,33,2,111,110,16,16,0.5878995170683585,0.01586360401382185
43007,selected_fixed_jump,34,2,110,011,1,1,-0.015866384021002232,0.04674418919457007
43007,selected_fixed_jump,34,2,110,011,4,4,0.6171899332009696,0.058412901322941566
43007,selected_fixed_jump,34,2,110,011,8,8,0.34361983422568787,0.1266906123810199
43007,selected_fixed_jump,34,2,110,011,16,16,0.7046046557413441,0.07608324421895635
43007,selected_fixed_jump,35,2,011,110,1,1,-0.3310721798558502,0.018916796282377007
43007,selected_fixed_jump,35,2,011,110,4,4,0.4006636674364565,0.020914589684197744
43007,selected_fixed_jump,35,2,011,110,8,8,0.08582223829538715,0.01851089396724853
43007,selected_fixed_jump,35,2,011,110,16,16,0.4564833765936883,0.012893886314529708
43007,selected_fixed_jump,37,3,101,101,1,1,-0.2104036489616778,0.0010088408253211948
43007,selected_fixed_jump,37,3,101,101,4,4,1.4887768740666756,0.04013630987350238
43007,selected_fixed_jump,37,3,101,101,8,8,1.5025237285970892,0.06078317305888669
43007,selected_fixed_jump,37,3,101,101,16,16,1.08362163232449,0.04771671293755935
43007,selected_fixed_jump,38,3,101,011,1,1,4.342875579838721,0.03706812485093367
43007,selected_fixed_jump,38,3,101,011,4,4,2.364823368757205,0.018906702250627447
43007,selected_fixed_jump,38,3,101,011,8,8,1.2718907502582708,0.04919132728185693
43007,selected_fixed_jump,38,3,101,011,16,16,0.7254474376143659,0.029104791210937488
43007,selected_fixed_jump,39,3,011,101,1,1,0.3432947945332208,0.13151702732157552
43007,selected_fixed_jump,39,3,011,101,4,4,0.9933053974853546,0.09062873928852667
43007,selected_fixed_jump,39,3,011,101,8,8,0.5497496223741438,0.0530868396737388
43007,selected_fixed_jump,39,3,011,101,16,16,1.258324678509628,0.049183545369253
43007,selected_fixed_jump,40,3,101,011,1,1,1.4880911998799753,0.11294585156923796
43007,selected_fixed_jump,40,3,101,011,4,4,1.4985718435232225,0.039556368056247855
43007,selected_fixed_jump,40,3,101,011,8,8,2.2932899669310878,0.1695907320965709
43007,selected_fixed_jump,40,3,101,011,16,16,2.219878585323507,0.19227260440892957
43007,selected_fixed_jump,41,3,011,111,1,1,-0.31709847886561876,0.1362777277787907
43007,selected_fixed_jump,41,3,011,111,4,4,0.6264363500312062,0.24423532687377764
43007,selected_fixed_jump,41,3,011,111,8,8,0.4143577051377322,0.14326550136771116
43007,selected_fixed_jump,41,3,011,111,16,16,0.6666346988715417,0.10050971886059898
43007,selected_fixed_jump,42,3,111,011,1,1,-0.19406574058995066,0.1398029459076446
43007,selected_fixed_jump,42,3,111,011,4,4,2.3152939045577248,0.10044455539615847
43007,selected_fixed_jump,42,3,111,011,8,8,1.970554924121836,0.09829721368436081
43007,selected_fixed_jump,42,3,111,011,16,16,2.191273261244942,0.14425062607083106
43007,selected_fixed_jump,43,3,011,111,1,1,0.5530524280920982,0.1825786630404254
43007,selected_fixed_jump,43,3,011,111,4,4,1.1533117246678422,0.07923722618773521
43007,selected_fixed_jump,43,3,011,111,8,8,1.3483494547468298,0.06209208616714022
43007,selected_fixed_jump,43,3,011,111,16,16,1.2729128628580733,0.05491524014296963
43007,selected_fixed_jump,44,3,111,110,1,1,0.7359859947557097,0.0346708182288176
43007,selected_fixed_jump,44,3,111,110,4,4,1.0000356563811825,0.028194823418045148
43007,selected_fixed_jump,44,3,111,110,8,8,0.6651744962614461,0.021166284467936544
43007,selected_fixed_jump,44,3,111,110,16,16,0.29675533252180497,0.015007728879684998
43007,selected_fixed_jump,45,3,110,110,1,1,0.22749124622386302,0.03617843132828545
43007,selected_fixed_jump,45,3,110,110,4,4,0.08566173264571206,0.03894299510014118
43007,selected_fixed_jump,45,3,110,110,8,8,0.014425826357716172,0.030815454588878133
43007,selected_fixed_jump,45,3,110,110,16,16,0.2455407489917243,0.04212310435307684
43007,selected_fixed_jump,46,3,110,111,1,1,5.165174797383815,0.04994618256282617
43007,selected_fixed_jump,46,3,110,111,4,4,1.1381740650079313,0.02599032229415225
43007,selected_fixed_jump,46,3,110,111,8,8,1.3632083870716392,0.015729681496825323
43007,selected_fixed_jump,46,3,110,111,16,16,1.9525012673118582,0.10020917644067126
43007,selected_fixed_jump,47,3,111,110,1,1,-0.3345810094449579,0.011503662093439592
43007,selected_fixed_jump,47,3,111,110,4,4,0.29098971627164283,0.011690020955996985
43007,selected_fixed_jump,47,3,111,110,8,8,0.3623769874647917,0.015356949383064426
43007,selected_fixed_jump,47,3,111,110,16,16,0.07911110665965568,0.015240053767305755
43007,dynamic_parameter_oracle,1,0,101,111,1,1,0.526478408074998,0.0007930842553083614
43007,dynamic_parameter_oracle,1,0,101,111,4,4,0.6178020154817147,0.05682423108433818
43007,dynamic_parameter_oracle,1,0,101,111,8,8,0.5285085176286664,0.06793354194280565
43007,dynamic_parameter_oracle,1,0,101,111,16,16,0.5210793088416374,0.0560129003559967
43007,dynamic_parameter_oracle,2,0,111,011,1,1,0.42978484381601445,0.19078996538120502
43007,dynamic_parameter_oracle,2,0,111,011,4,4,0.746061168529,0.06879460228869991
43007,dynamic_parameter_oracle,2,0,111,011,8,8,0.7125920818869507,0.04786060053418185
43007,dynamic_parameter_oracle,2,0,111,011,16,16,0.8563979634849512,0.04100633828163716
43007,dynamic_parameter_oracle,3,0,011,111,1,1,0.6314594153574443,0.056035813180158996
43007,dynamic_parameter_oracle,3,0,011,111,4,4,0.4124431765231865,0.054402311857290137
43007,dynamic_parameter_oracle,3,0,011,111,8,8,0.5810445207106395,0.06830662335731953
43007,dynamic_parameter_oracle,3,0,011,111,16,16,1.099869059672796,0.08691321007449916
43007,dynamic_parameter_oracle,4,0,111,101,1,1,0.6650177216196728,0.03107706876361095
43007,dynamic_parameter_oracle,4,0,111,101,4,4,0.5697270171307431,0.013902643991722087
43007,dynamic_parameter_oracle,4,0,111,101,8,8,0.45167444870104323,0.014255513821313176
43007,dynamic_parameter_oracle,4,0,111,101,16,16,0.4577231271968494,0.026768151874199304
43007,dynamic_parameter_oracle,5,0,101,011,1,1,0.6083702498786644,0.19431575732300452
43007,dynamic_parameter_oracle,5,0,101,011,4,4,1.0487596061296123,0.09360548995433317
43007,dynamic_parameter_oracle,5,0,101,011,8,8,1.840662880281178,0.11288541045667433
43007,dynamic_parameter_oracle,5,0,101,011,16,16,1.5137321913065334,0.11301647461975643
43007,dynamic_parameter_oracle,6,0,011,110,1,1,-0.08732782340281077,0.0019424224516741049
43007,dynamic_parameter_oracle,6,0,011,110,4,4,0.5590213904938123,0.027114261704138668
43007,dynamic_parameter_oracle,6,0,011,110,8,8,0.19756622173776184,0.0210939903954084
43007,dynamic_parameter_oracle,6,0,011,110,16,16,0.6113494153544139,0.01384951031095388
43007,dynamic_parameter_oracle,7,0,110,101,1,1,4.919243995160504,9.315267220545961e-05
43007,dynamic_parameter_oracle,7,0,110,101,4,4,1.7215508619104998,0.004822518770177145
43007,dynamic_parameter_oracle,7,0,110,101,8,8,1.0260220466095538,0.004890249501143393
43007,dynamic_parameter_oracle,7,0,110,101,16,16,0.8738219822469556,0.005454552979039321
43007,dynamic_parameter_oracle,8,0,101,111,1,1,0.32863714749843437,0.0008787851448447694
43007,dynamic_parameter_oracle,8,0,101,111,4,4,0.3477731598053414,0.02266025648909345
43007,dynamic_parameter_oracle,8,0,101,111,8,8,0.8325043778884225,0.08379686222156038
43007,dynamic_parameter_oracle,8,0,101,111,16,16,0.8377598334117756,0.07466206978156815
43007,dynamic_parameter_oracle,9,0,111,110,1,1,0.5821928157198918,0.0016192955903445096
43007,dynamic_parameter_oracle,9,0,111,110,4,4,1.485762387849291,0.0052987564157667266
43007,dynamic_parameter_oracle,9,0,111,110,8,8,0.886402723177381,0.004420690330114453
43007,dynamic_parameter_oracle,9,0,111,110,16,16,0.7183221280273728,0.005272289325733212
43007,dynamic_parameter_oracle,10,0,110,110,1,1,0.34801469101996296,0.025816810180081737
43007,dynamic_parameter_oracle,10,0,110,110,4,4,-0.20439624122376568,0.009416442426243017
43007,dynamic_parameter_oracle,10,0,110,110,8,8,0.6569853879241055,0.008010497673956915
43007,dynamic_parameter_oracle,10,0,110,110,16,16,0.3361109913822301,0.007688095686117651
43007,dynamic_parameter_oracle,11,0,110,011,1,1,0.9072855696380815,0.004652596060376223
43007,dynamic_parameter_oracle,11,0,110,011,4,4,0.9840946984265504,0.026916784184562854
43007,dynamic_parameter_oracle,11,0,110,011,8,8,0.9474097101845833,0.13344685605785428
43007,dynamic_parameter_oracle,11,0,110,011,16,16,0.9522040847333473,0.09751998888266045
43007,dynamic_parameter_oracle,13,1,011,110,1,1,-0.079437473893674,0.05976504891955334
43007,dynamic_parameter_oracle,13,1,011,110,4,4,-0.19585629022431372,0.026084249396915827
43007,dynamic_parameter_oracle,13,1,011,110,8,8,0.3320836597237101,0.01733409033872025
43007,dynamic_parameter_oracle,13,1,011,110,16,16,0.16330495579223964,0.01236664986000953
43007,dynamic_parameter_oracle,14,1,110,111,1,1,2.573056680128186,0.2546422356105995
43007,dynamic_parameter_oracle,14,1,110,111,4,4,1.385780599288894,0.07509414537675653
43007,dynamic_parameter_oracle,14,1,110,111,8,8,1.1311069732117187,0.05736848817618087
43007,dynamic_parameter_oracle,14,1,110,111,16,16,0.7793985779762989,0.09533592356641421
43007,dynamic_parameter_oracle,15,1,111,101,1,1,0.29873159685016765,4.075528786874635e-06
43007,dynamic_parameter_oracle,15,1,111,101,4,4,1.7984752899135248,0.06785147436491078
43007,dynamic_parameter_oracle,15,1,111,101,8,8,1.1565324121290401,0.05859498036280077
43007,dynamic_parameter_oracle,15,1,111,101,16,16,0.9346420790150154,0.04004244572609789
43007,dynamic_parameter_oracle,16,1,101,101,1,1,0.2632099669217335,0.0069575167913971505
43007,dynamic_parameter_oracle,16,1,101,101,4,4,0.45365890365592676,0.006278857400341126
43007,dynamic_parameter_oracle,16,1,101,101,8,8,0.5487396698960041,0.008689282233276101
43007,dynamic_parameter_oracle,16,1,101,101,16,16,0.47095923358810915,0.014460812539449907
43007,dynamic_parameter_oracle,17,1,101,111,1,1,0.4653890410734794,0.23458045760885513
43007,dynamic_parameter_oracle,17,1,101,111,4,4,0.9774974389523685,0.09530576367976269
43007,dynamic_parameter_oracle,17,1,101,111,8,8,0.9440107999401404,0.05902384524461921
43007,dynamic_parameter_oracle,17,1,101,111,16,16,1.1549507389793776,0.066664911805907
43007,dynamic_parameter_oracle,18,1,111,011,1,1,0.30647092672055737,0.03425221143921415
43007,dynamic_parameter_oracle,18,1,111,011,4,4,1.0157895973371724,0.0612229564488648
43007,dynamic_parameter_oracle,18,1,111,011,8,8,1.068503105029858,0.052888548924828985
43007,dynamic_parameter_oracle,18,1,111,011,16,16,0.8857214115406361,0.04292642610735531
43007,dynamic_parameter_oracle,19,1,011,101,1,1,0.3919351149668767,0.13482477618345748
43007,dynamic_parameter_oracle,19,1,011,101,4,4,0.8450226926654735,0.06280596348346813
43007,dynamic_parameter_oracle,19,1,011,101,8,8,0.8993611427460301,0.0489497500360192
43007,dynamic_parameter_oracle,19,1,011,101,16,16,0.7140372254775713,0.034437322293310264
43007,dynamic_parameter_oracle,20,1,101,011,1,1,0.8520178145557349,0.09611708430372373
43007,dynamic_parameter_oracle,20,1,101,011,4,4,0.8174555978252049,0.0950710056169134
43007,dynamic_parameter_oracle,20,1,101,011,8,8,0.7070183006613703,0.06238724062384037
43007,dynamic_parameter_oracle,20,1,101,011,16,16,0.6961041607310813,0.06652594107080526
43007,dynamic_parameter_oracle,21,1,011,110,1,1,0.6971930698192915,0.00017716936970894577
43007,dynamic_parameter_oracle,21,1,011,110,4,4,0.14590024956971526,0.013191099459061745
43007,dynamic_parameter_oracle,21,1,011,110,8,8,0.3928912176371596,0.010606442070613604
43007,dynamic_parameter_oracle,21,1,011,110,16,16,0.8497740063317666,0.01252917949008241
43007,dynamic_parameter_oracle,22,1,110,110,1,1,-0.4383773726416542,0.0003972971623635798
43007,dynamic_parameter_oracle,22,1,110,110,4,4,-0.0741747680574008,0.011678331610032067
43007,dynamic_parameter_oracle,22,1,110,110,8,8,-0.2112908313620166,0.006788297003558019
43007,dynamic_parameter_oracle,22,1,110,110,16,16,-0.11975771113531257,0.007103424752616425
43007,dynamic_parameter_oracle,23,1,110,111,1,1,0.45558970342189803,0.08494814346675914
43007,dynamic_parameter_oracle,23,1,110,111,4,4,0.6628603037605834,0.03377122666246293
43007,dynamic_parameter_oracle,23,1,110,111,8,8,0.8037619950354326,0.01918168779739471
43007,dynamic_parameter_oracle,23,1,110,111,16,16,0.9623030960878732,0.03805298647821549
43007,dynamic_parameter_oracle,25,2,101,101,1,1,0.1997932842044817,0.02445146049477953
43007,dynamic_parameter_oracle,25,2,101,101,4,4,0.5292069251663046,0.017830993138734118
43007,dynamic_parameter_oracle,25,2,101,101,8,8,0.9184246286833875,0.09447144690522756
43007,dynamic_parameter_oracle,25,2,101,101,16,16,1.0311044092122073,0.07260589279696662
43007,dynamic_parameter_oracle,26,2,101,111,1,1,0.2384225486326588,0.16416834325930296
43007,dynamic_parameter_oracle,26,2,101,111,4,4,1.2155242189732633,0.2676707416350768
43007,dynamic_parameter_oracle,26,2,101,111,8,8,0.844970905035153,0.1478692855373597
43007,dynamic_parameter_oracle,26,2,101,111,16,16,0.8602534521569547,0.15662290335500395
43007,dynamic_parameter_oracle,27,2,111,110,1,1,0.9857670400330857,0.0055522193832644685
43007,dynamic_parameter_oracle,27,2,111,110,4,4,-0.02399224872205359,0.0017856191595008906
43007,dynamic_parameter_oracle,27,2,111,110,8,8,-0.13027153860575463,0.006136993956808666
43007,dynamic_parameter_oracle,27,2,111,110,16,16,0.0911375381331806,0.011696026652754713
43007,dynamic_parameter_oracle,28,2,110,101,1,1,1.0330347239605384,0.0009427342433993001
43007,dynamic_parameter_oracle,28,2,110,101,4,4,1.97942682798744,0.06275408462431838
43007,dynamic_parameter_oracle,28,2,110,101,8,8,1.371072455185947,0.09292454536169223
43007,dynamic_parameter_oracle,28,2,110,101,16,16,0.9435971009997067,0.06685882789369375
43007,dynamic_parameter_oracle,29,2,101,011,1,1,0.5604141107647017,0.00674298446783772
43007,dynamic_parameter_oracle,29,2,101,011,4,4,0.8726497738352248,0.033130668530037016
43007,dynamic_parameter_oracle,29,2,101,011,8,8,0.7085403862233015,0.03143452575457808
43007,dynamic_parameter_oracle,29,2,101,011,16,16,0.7381860882343699,0.02610493425870889
43007,dynamic_parameter_oracle,30,2,011,111,1,1,0.4184631129416294,0.00019208341827917197
43007,dynamic_parameter_oracle,30,2,011,111,4,4,1.2582084694453202,0.020594101974852126
43007,dynamic_parameter_oracle,30,2,011,111,8,8,1.4830320239714143,0.040415084774790284
43007,dynamic_parameter_oracle,30,2,011,111,16,16,1.0695819492051162,0.04078569008661579
43007,dynamic_parameter_oracle,31,2,111,011,1,1,0.291230439786165,0.020433640495728603
43007,dynamic_parameter_oracle,31,2,111,011,4,4,0.3254663120083374,0.029367758608103534
43007,dynamic_parameter_oracle,31,2,111,011,8,8,0.450323936597772,0.043717994366807345
43007,dynamic_parameter_oracle,31,2,111,011,16,16,0.4429272909332532,0.02882961771347719
43007,dynamic_parameter_oracle,32,2,011,111,1,1,0.4186268632333555,0.034942307861817866
43007,dynamic_parameter_oracle,32,2,011,111,4,4,1.7877419260834189,0.035840146994342056
43007,dynamic_parameter_oracle,32,2,011,111,8,8,1.3383857492032243,0.03374253629072989
43007,dynamic_parameter_oracle,32,2,011,111,16,16,1.0681221310668811,0.052608906961836434
43007,dynamic_parameter_oracle,33,2,111,110,1,1,-0.06578899646084163,0.00019654893710655514
43007,dynamic_parameter_oracle,33,2,111,110,4,4,0.48037042153174114,0.0019981115696690688
43007,dynamic_parameter_oracle,33,2,111,110,8,8,0.2505693680283208,0.0012719766764622577
43007,dynamic_parameter_oracle,33,2,111,110,16,16,0.365714765066839,0.004054590626336622
43007,dynamic_parameter_oracle,34,2,110,011,1,1,0.2498148108359164,0.02632761420877795
43007,dynamic_parameter_oracle,34,2,110,011,4,4,0.4848457479289918,0.03625071287624864
43007,dynamic_parameter_oracle,34,2,110,011,8,8,0.4393581234976306,0.0987315809289122
43007,dynamic_parameter_oracle,34,2,110,011,16,16,0.5369859492442216,0.060041687010987915
43007,dynamic_parameter_oracle,35,2,011,110,1,1,-0.10764985247654327,0.017073300338434544
43007,dynamic_parameter_oracle,35,2,011,110,4,4,0.7131449951874951,0.0047145299516452716
43007,dynamic_parameter_oracle,35,2,011,110,8,8,0.1731702229995976,0.008749758311984102
43007,dynamic_parameter_oracle,35,2,011,110,16,16,0.3946934821717651,0.00577846164157853
43007,dynamic_parameter_oracle,37,3,101,101,1,1,0.17007091594757553,0.0028305361616143723
43007,dynamic_parameter_oracle,37,3,101,101,4,4,0.7310301834447227,0.007888300528742401
43007,dynamic_parameter_oracle,37,3,101,101,8,8,0.7373123238393968,0.017453153520944446
43007,dynamic_parameter_oracle,37,3,101,101,16,16,0.6126300937678186,0.015066791068556622
43007,dynamic_parameter_oracle,38,3,101,011,1,1,1.3275098827032539,0.10190808459044202
43007,dynamic_parameter_oracle,38,3,101,011,4,4,0.9085965083374024,0.02821575944212062
43007,dynamic_parameter_oracle,38,3,101,011,8,8,0.6479777017452711,0.05224537019472507
43007,dynamic_parameter_oracle,38,3,101,011,16,16,0.5405711890178446,0.032355532787351364
43007,dynamic_parameter_oracle,39,3,011,101,1,1,0.3217584472068265,0.14166575567856954
43007,dynamic_parameter_oracle,39,3,011,101,4,4,0.6036875094013016,0.09179943985122951
43007,dynamic_parameter_oracle,39,3,011,101,8,8,0.5457232115193164,0.04815933185612921
43007,dynamic_parameter_oracle,39,3,011,101,16,16,0.9986607553376382,0.107092129852449
43007,dynamic_parameter_oracle,40,3,101,011,1,1,0.904332723306055,0.0432700962649376
43007,dynamic_parameter_oracle,40,3,101,011,4,4,0.781364483964477,0.023050720361241145
43007,dynamic_parameter_oracle,40,3,101,011,8,8,1.1460448312121805,0.06353642442126031
43007,dynamic_parameter_oracle,40,3,101,011,16,16,1.0589385862817848,0.08055630558228624
43007,dynamic_parameter_oracle,41,3,011,111,1,1,0.3046099864122307,0.1468652085824739
43007,dynamic_parameter_oracle,41,3,011,111,4,4,0.6154562116419584,0.2896701788463417
43007,dynamic_parameter_oracle,41,3,011,111,8,8,0.5331407433795186,0.16928511817845504
43007,dynamic_parameter_oracle,41,3,011,111,16,16,0.6134531562526593,0.11442883663177371
43007,dynamic_parameter_oracle,42,3,111,011,1,1,0.30000934789767697,0.14787646983748173
43007,dynamic_parameter_oracle,42,3,111,011,4,4,1.047677922647864,0.04370566956871737
43007,dynamic_parameter_oracle,42,3,111,011,8,8,0.9113787282687016,0.06215538692731914
43007,dynamic_parameter_oracle,42,3,111,011,16,16,1.0195767592123026,0.06932027129324494
43007,dynamic_parameter_oracle,43,3,011,111,1,1,0.6569805062256036,0.12661615055582218
43007,dynamic_parameter_oracle,43,3,011,111,4,4,0.7515602531694222,0.07015340624904969
43007,dynamic_parameter_oracle,43,3,011,111,8,8,0.7939676882503139,0.060541962659746595
43007,dynamic_parameter_oracle,43,3,011,111,16,16,0.7752834654149057,0.05971150713568134
43007,dynamic_parameter_oracle,44,3,111,110,1,1,0.46333920387434924,0.000131353294605359
43007,dynamic_parameter_oracle,44,3,111,110,4,4,1.0026348845416615,0.000886194990929458
43007,dynamic_parameter_oracle,44,3,111,110,8,8,0.7841661598378321,0.003000874809176387
43007,dynamic_parameter_oracle,44,3,111,110,16,16,0.3820179261975153,0.004984351643763441
43007,dynamic_parameter_oracle,45,3,110,110,1,1,0.40375008968256787,0.008858576955118097
43007,dynamic_parameter_oracle,45,3,110,110,4,4,-0.09255353846139179,0.01240222116763485
43007,dynamic_parameter_oracle,45,3,110,110,8,8,-0.09276052647359972,0.009715568774739312
43007,dynamic_parameter_oracle,45,3,110,110,16,16,0.009115511886511149,0.011463100439524556
43007,dynamic_parameter_oracle,46,3,110,111,1,1,2.6299575994469406,0.012997916192915872
43007,dynamic_parameter_oracle,46,3,110,111,4,4,0.9395669531141333,0.004049611147634423
43007,dynamic_parameter_oracle,46,3,110,111,8,8,1.2370364215002592,0.006950427750751171
43007,dynamic_parameter_oracle,46,3,110,111,16,16,1.3398958332503264,0.08848503071121208
43007,dynamic_parameter_oracle,47,3,111,110,1,1,-0.10305743704726275,0.012601508253901059
43007,dynamic_parameter_oracle,47,3,111,110,4,4,0.7347065648255792,0.00446848852591554
43007,dynamic_parameter_oracle,47,3,111,110,8,8,0.4958404951554696,0.0030121621459805008
43007,dynamic_parameter_oracle,47,3,111,110,16,16,0.12063044855841393,0.007390161566059477
