row_kind,claim_id,experiment,scope,unit_id,condition,status,metric,comparison,stats_unit,n_planned,n_complete,n_failed,n_invalid,n_sessions,estimate,ci_low,ci_high,threshold,p_value,p_adjusted,multiplicity_method,alpha,conclusion,criterion,note
condition_coverage,,exp23_closed_loop_local_controller,current,seed:0,bptt_axis_only,complete,planned_condition_coverage,,seed,1,1,0,0,,,,,,,,,,inconclusive,coverage row; not a hypothesis test,
condition_coverage,,exp23_closed_loop_local_controller,current,seed:1,bptt_axis_only,complete,planned_condition_coverage,,seed,1,1,0,0,,,,,,,,,,inconclusive,coverage row; not a hypothesis test,
condition_coverage,,exp23_closed_loop_local_controller,current,seed:10,bptt_axis_only,complete,planned_condition_coverage,,seed,1,1,0,0,,,,,,,,,,inconclusive,coverage row; not a hypothesis test,
condition_coverage,,exp23_closed_loop_local_controller,current,seed:11,bptt_axis_only,complete,planned_condition_coverage,,seed,1,1,0,0,,,,,,,,,,inconclusive,coverage row; not a hypothesis test,
condition_coverage,,exp23_closed_loop_local_controller,current,seed:12,bptt_axis_only,complete,planned_condition_coverage,,seed,1,1,0,0,,,,,,,,,,inconclusive,coverage row; not a hypothesis test,
condition_coverage,,exp23_closed_loop_local_controller,current,seed:13,bptt_axis_only,complete,planned_condition_coverage,,seed,1,1,0,0,,,,,,,,,,inconclusive,coverage row; not a hypothesis test,
condition_coverage,,exp23_closed_loop_local_controller,current,seed:14,bptt_axis_only,complete,planned_condition_coverage,,seed,1,1,0,0,,,,,,,,,,inconclusive,coverage row; not a hypothesis test,
condition_coverage,,exp23_closed_loop_local_controller,current,seed:15,bptt_axis_only,complete,planned_condition_coverage,,seed,1,1,0,0,,,,,,,,,,inconclusive,coverage row; not a hypothesis test,
condition_coverage,,exp23_closed_loop_local_controller,current,seed:16,bptt_axis_only,complete,planned_condition_coverage,,seed,1,1,0,0,,,,,,,,,,inconclusive,coverage row; not a hypothesis test,
condition_coverage,,exp23_closed_loop_local_controller,current,seed:17,bptt_axis_only,complete,planned_condition_coverage,,seed,1,1,0,0,,,,,,,,,,inconclusive,coverage row; not a hypothesis test,
condition_coverage,,exp23_closed_loop_local_controller,current,seed:18,bptt_axis_only,complete,planned_condition_coverage,,seed,1,1,0,0,,,,,,,,,,inconclusive,coverage row; not a hypothesis test,
condition_coverage,,exp23_closed_loop_local_controller,current,seed:19,bptt_axis_only,complete,planned_condition_coverage,,seed,1,1,0,0,,,,,,,,,,inconclusive,coverage row; not a hypothesis test,
condition_coverage,,exp23_closed_loop_local_controller,current,seed:2,bptt_axis_only,complete,planned_condition_coverage,,seed,1,1,0,0,,,,,,,,,,inconclusive,coverage row; not a hypothesis test,
condition_coverage,,exp23_closed_loop_local_controller,current,seed:20,bptt_axis_only,complete,planned_condition_coverage,,seed,1,1,0,0,,,,,,,,,,inconclusive,coverage row; not a hypothesis test,
condition_coverage,,exp23_closed_loop_local_controller,current,seed:21,bptt_axis_only,complete,planned_condition_coverage,,seed,1,1,0,0,,,,,,,,,,inconclusive,coverage row; not a hypothesis test,
condition_coverage,,exp23_closed_loop_local_controller,current,seed:22,bptt_axis_only,complete,planned_condition_coverage,,seed,1,1,0,0,,,,,,,,,,inconclusive,coverage row; not a hypothesis test,
condition_coverage,,exp23_closed_loop_local_controller,current,seed:23,bptt_axis_only,complete,planned_condition_coverage,,seed,1,1,0,0,,,,,,,,,,inconclusive,coverage row; not a hypothesis test,
condition_coverage,,exp23_closed_loop_local_controller,current,seed:24,bptt_axis_only,complete,planned_condition_coverage,,seed,1,1,0,0,,,,,,,,,,inconclusive,coverage row; not a hypothesis test,
condition_coverage,,exp23_closed_loop_local_controller,current,seed:25,bptt_axis_only,complete,planned_condition_coverage,,seed,1,1,0,0,,,,,,,,,,inconclusive,coverage row; not a hypothesis test,
condition_coverage,,exp23_closed_loop_local_controller,current,seed:26,bptt_axis_only,complete,planned_condition_coverage,,seed,1,1,0,0,,,,,,,,,,inconclusive,coverage row; not a hypothesis test,
condition_coverage,,exp23_closed_loop_local_controller,current,seed:27,bptt_axis_only,complete,planned_condition_coverage,,seed,1,1,0,0,,,,,,,,,,inconclusive,coverage row; not a hypothesis test,
condition_coverage,,exp23_closed_loop_local_controller,current,seed:28,bptt_axis_only,complete,planned_condition_coverage,,seed,1,1,0,0,,,,,,,,,,inconclusive,coverage row; not a hypothesis test,
condition_coverage,,exp23_closed_loop_local_controller,current,seed:29,bptt_axis_only,complete,planned_condition_coverage,,seed,1,1,0,0,,,,,,,,,,inconclusive,coverage row; not a hypothesis test,
condition_coverage,,exp23_closed_loop_local_controller,current,seed:3,bptt_axis_only,complete,planned_condition_coverage,,seed,1,1,0,0,,,,,,,,,,inconclusive,coverage row; not a hypothesis test,
condition_coverage,,exp23_closed_loop_local_controller,current,seed:4,bptt_axis_only,complete,planned_condition_coverage,,seed,1,1,0,0,,,,,,,,,,inconclusive,coverage row; not a hypothesis test,
condition_coverage,,exp23_closed_loop_local_controller,current,seed:5,bptt_axis_only,complete,planned_condition_coverage,,seed,1,1,0,0,,,,,,,,,,inconclusive,coverage row; not a hypothesis test,
condition_coverage,,exp23_closed_loop_local_controller,current,seed:6,bptt_axis_only,complete,planned_condition_coverage,,seed,1,1,0,0,,,,,,,,,,inconclusive,coverage row; not a hypothesis test,
condition_coverage,,exp23_closed_loop_local_controller,current,seed:7,bptt_axis_only,complete,planned_condition_coverage,,seed,1,1,0,0,,,,,,,,,,inconclusive,coverage row; not a hypothesis test,
condition_coverage,,exp23_closed_loop_local_controller,current,seed:8,bptt_axis_only,complete,planned_condition_coverage,,seed,1,1,0,0,,,,,,,,,,inconclusive,coverage row; not a hypothesis test,
condition_coverage,,exp23_closed_loop_local_controller,current,seed:9,bptt_axis_only,complete,planned_condition_coverage,,seed,1,1,0,0,,,,,,,,,,inconclusive,coverage row; not a hypothesis test,
condition_coverage,,exp23_closed_loop_local_controller,current,seed:0,current_off_policy,complete,planned_condition_coverage,,seed,1,1,0,0,,,,,,,,,,inconclusive,coverage row; not a hypothesis test,
condition_coverage,,exp23_closed_loop_local_controller,current,seed:1,current_off_policy,complete,planned_condition_coverage,,seed,1,1,0,0,,,,,,,,,,inconclusive,coverage row; not a hypothesis test,
condition_coverage,,exp23_closed_loop_local_controller,current,seed:10,current_off_policy,complete,planned_condition_coverage,,seed,1,1,0,0,,,,,,,,,,inconclusive,coverage row; not a hypothesis test,
condition_coverage,,exp23_closed_loop_local_controller,current,seed:11,current_off_policy,complete,planned_condition_coverage,,seed,1,1,0,0,,,,,,,,,,inconclusive,coverage row; not a hypothesis test,
condition_coverage,,exp23_closed_loop_local_controller,current,seed:12,current_off_policy,complete,planned_condition_coverage,,seed,1,1,0,0,,,,,,,,,,inconclusive,coverage row; not a hypothesis test,
condition_coverage,,exp23_closed_loop_local_controller,current,seed:13,current_off_policy,complete,planned_condition_coverage,,seed,1,1,0,0,,,,,,,,,,inconclusive,coverage row; not a hypothesis test,
condition_coverage,,exp23_closed_loop_local_controller,current,seed:14,current_off_policy,complete,planned_condition_coverage,,seed,1,1,0,0,,,,,,,,,,inconclusive,coverage row; not a hypothesis test,
condition_coverage,,exp23_closed_loop_local_controller,current,seed:15,current_off_policy,complete,planned_condition_coverage,,seed,1,1,0,0,,,,,,,,,,inconclusive,coverage row; not a hypothesis test,
condition_coverage,,exp23_closed_loop_local_controller,current,seed:16,current_off_policy,complete,planned_condition_coverage,,seed,1,1,0,0,,,,,,,,,,inconclusive,coverage row; not a hypothesis test,
condition_coverage,,exp23_closed_loop_local_controller,current,seed:17,current_off_policy,complete,planned_condition_coverage,,seed,1,1,0,0,,,,,,,,,,inconclusive,coverage row; not a hypothesis test,
condition_coverage,,exp23_closed_loop_local_controller,current,seed:18,current_off_policy,complete,planned_condition_coverage,,seed,1,1,0,0,,,,,,,,,,inconclusive,coverage row; not a hypothesis test,
condition_coverage,,exp23_closed_loop_local_controller,current,seed:19,current_off_policy,complete,planned_condition_coverage,,seed,1,1,0,0,,,,,,,,,,inconclusive,coverage row; not a hypothesis test,
condition_coverage,,exp23_closed_loop_local_controller,current,seed:2,current_off_policy,complete,planned_condition_coverage,,seed,1,1,0,0,,,,,,,,,,inconclusive,coverage row; not a hypothesis test,
condition_coverage,,exp23_closed_loop_local_controller,current,seed:20,current_off_policy,complete,planned_condition_coverage,,seed,1,1,0,0,,,,,,,,,,inconclusive,coverage row; not a hypothesis test,
condition_coverage,,exp23_closed_loop_local_controller,current,seed:21,current_off_policy,complete,planned_condition_coverage,,seed,1,1,0,0,,,,,,,,,,inconclusive,coverage row; not a hypothesis test,
condition_coverage,,exp23_closed_loop_local_controller,current,seed:22,current_off_policy,complete,planned_condition_coverage,,seed,1,1,0,0,,,,,,,,,,inconclusive,coverage row; not a hypothesis test,
condition_coverage,,exp23_closed_loop_local_controller,current,seed:23,current_off_policy,complete,planned_condition_coverage,,seed,1,1,0,0,,,,,,,,,,inconclusive,coverage row; not a hypothesis test,
condition_coverage,,exp23_closed_loop_local_controller,current,seed:24,current_off_policy,complete,planned_condition_coverage,,seed,1,1,0,0,,,,,,,,,,inconclusive,coverage row; not a hypothesis test,
condition_coverage,,exp23_closed_loop_local_controller,current,seed:25,current_off_policy,complete,planned_condition_coverage,,seed,1,1,0,0,,,,,,,,,,inconclusive,coverage row; not a hypothesis test,
condition_coverage,,exp23_closed_loop_local_controller,current,seed:26,current_off_policy,complete,planned_condition_coverage,,seed,1,1,0,0,,,,,,,,,,inconclusive,coverage row; not a hypothesis test,
condition_coverage,,exp23_closed_loop_local_controller,current,seed:27,current_off_policy,complete,planned_condition_coverage,,seed,1,1,0,0,,,,,,,,,,inconclusive,coverage row; not a hypothesis test,
condition_coverage,,exp23_closed_loop_local_controller,current,seed:28,current_off_policy,complete,planned_condition_coverage,,seed,1,1,0,0,,,,,,,,,,inconclusive,coverage row; not a hypothesis test,
condition_coverage,,exp23_closed_loop_local_controller,current,seed:29,current_off_policy,complete,planned_condition_coverage,,seed,1,1,0,0,,,,,,,,,,inconclusive,coverage row; not a hypothesis test,
condition_coverage,,exp23_closed_loop_local_controller,current,seed:3,current_off_policy,complete,planned_condition_coverage,,seed,1,1,0,0,,,,,,,,,,inconclusive,coverage row; not a hypothesis test,
condition_coverage,,exp23_closed_loop_local_controller,current,seed:4,current_off_policy,complete,planned_condition_coverage,,seed,1,1,0,0,,,,,,,,,,inconclusive,coverage row; not a hypothesis test,
condition_coverage,,exp23_closed_loop_local_controller,current,seed:5,current_off_policy,complete,planned_condition_coverage,,seed,1,1,0,0,,,,,,,,,,inconclusive,coverage row; not a hypothesis test,
condition_coverage,,exp23_closed_loop_local_controller,current,seed:6,current_off_policy,complete,planned_condition_coverage,,seed,1,1,0,0,,,,,,,,,,inconclusive,coverage row; not a hypothesis test,
condition_coverage,,exp23_closed_loop_local_controller,current,seed:7,current_off_policy,complete,planned_condition_coverage,,seed,1,1,0,0,,,,,,,,,,inconclusive,coverage row; not a hypothesis test,
condition_coverage,,exp23_closed_loop_local_controller,current,seed:8,current_off_policy,complete,planned_condition_coverage,,seed,1,1,0,0,,,,,,,,,,inconclusive,coverage row; not a hypothesis test,
condition_coverage,,exp23_closed_loop_local_controller,current,seed:9,current_off_policy,complete,planned_condition_coverage,,seed,1,1,0,0,,,,,,,,,,inconclusive,coverage row; not a hypothesis test,
condition_coverage,,exp23_closed_loop_local_controller,current,seed:0,exact_forward_sensitivity,complete,planned_condition_coverage,,seed,1,1,0,0,,,,,,,,,,inconclusive,coverage row; not a hypothesis test,
condition_coverage,,exp23_closed_loop_local_controller,current,seed:1,exact_forward_sensitivity,complete,planned_condition_coverage,,seed,1,1,0,0,,,,,,,,,,inconclusive,coverage row; not a hypothesis test,
condition_coverage,,exp23_closed_loop_local_controller,current,seed:10,exact_forward_sensitivity,complete,planned_condition_coverage,,seed,1,1,0,0,,,,,,,,,,inconclusive,coverage row; not a hypothesis test,
condition_coverage,,exp23_closed_loop_local_controller,current,seed:11,exact_forward_sensitivity,complete,planned_condition_coverage,,seed,1,1,0,0,,,,,,,,,,inconclusive,coverage row; not a hypothesis test,
condition_coverage,,exp23_closed_loop_local_controller,current,seed:12,exact_forward_sensitivity,complete,planned_condition_coverage,,seed,1,1,0,0,,,,,,,,,,inconclusive,coverage row; not a hypothesis test,
condition_coverage,,exp23_closed_loop_local_controller,current,seed:13,exact_forward_sensitivity,complete,planned_condition_coverage,,seed,1,1,0,0,,,,,,,,,,inconclusive,coverage row; not a hypothesis test,
condition_coverage,,exp23_closed_loop_local_controller,current,seed:14,exact_forward_sensitivity,complete,planned_condition_coverage,,seed,1,1,0,0,,,,,,,,,,inconclusive,coverage row; not a hypothesis test,
condition_coverage,,exp23_closed_loop_local_controller,current,seed:15,exact_forward_sensitivity,complete,planned_condition_coverage,,seed,1,1,0,0,,,,,,,,,,inconclusive,coverage row; not a hypothesis test,
condition_coverage,,exp23_closed_loop_local_controller,current,seed:16,exact_forward_sensitivity,complete,planned_condition_coverage,,seed,1,1,0,0,,,,,,,,,,inconclusive,coverage row; not a hypothesis test,
condition_coverage,,exp23_closed_loop_local_controller,current,seed:17,exact_forward_sensitivity,complete,planned_condition_coverage,,seed,1,1,0,0,,,,,,,,,,inconclusive,coverage row; not a hypothesis test,
condition_coverage,,exp23_closed_loop_local_controller,current,seed:18,exact_forward_sensitivity,complete,planned_condition_coverage,,seed,1,1,0,0,,,,,,,,,,inconclusive,coverage row; not a hypothesis test,
condition_coverage,,exp23_closed_loop_local_controller,current,seed:19,exact_forward_sensitivity,complete,planned_condition_coverage,,seed,1,1,0,0,,,,,,,,,,inconclusive,coverage row; not a hypothesis test,
condition_coverage,,exp23_closed_loop_local_controller,current,seed:2,exact_forward_sensitivity,complete,planned_condition_coverage,,seed,1,1,0,0,,,,,,,,,,inconclusive,coverage row; not a hypothesis test,
condition_coverage,,exp23_closed_loop_local_controller,current,seed:20,exact_forward_sensitivity,complete,planned_condition_coverage,,seed,1,1,0,0,,,,,,,,,,inconclusive,coverage row; not a hypothesis test,
condition_coverage,,exp23_closed_loop_local_controller,current,seed:21,exact_forward_sensitivity,complete,planned_condition_coverage,,seed,1,1,0,0,,,,,,,,,,inconclusive,coverage row; not a hypothesis test,
condition_coverage,,exp23_closed_loop_local_controller,current,seed:22,exact_forward_sensitivity,complete,planned_condition_coverage,,seed,1,1,0,0,,,,,,,,,,inconclusive,coverage row; not a hypothesis test,
condition_coverage,,exp23_closed_loop_local_controller,current,seed:23,exact_forward_sensitivity,complete,planned_condition_coverage,,seed,1,1,0,0,,,,,,,,,,inconclusive,coverage row; not a hypothesis test,
condition_coverage,,exp23_closed_loop_local_controller,current,seed:24,exact_forward_sensitivity,complete,planned_condition_coverage,,seed,1,1,0,0,,,,,,,,,,inconclusive,coverage row; not a hypothesis test,
condition_coverage,,exp23_closed_loop_local_controller,current,seed:25,exact_forward_sensitivity,complete,planned_condition_coverage,,seed,1,1,0,0,,,,,,,,,,inconclusive,coverage row; not a hypothesis test,
condition_coverage,,exp23_closed_loop_local_controller,current,seed:26,exact_forward_sensitivity,complete,planned_condition_coverage,,seed,1,1,0,0,,,,,,,,,,inconclusive,coverage row; not a hypothesis test,
condition_coverage,,exp23_closed_loop_local_controller,current,seed:27,exact_forward_sensitivity,complete,planned_condition_coverage,,seed,1,1,0,0,,,,,,,,,,inconclusive,coverage row; not a hypothesis test,
condition_coverage,,exp23_closed_loop_local_controller,current,seed:28,exact_forward_sensitivity,complete,planned_condition_coverage,,seed,1,1,0,0,,,,,,,,,,inconclusive,coverage row; not a hypothesis test,
condition_coverage,,exp23_closed_loop_local_controller,current,seed:29,exact_forward_sensitivity,complete,planned_condition_coverage,,seed,1,1,0,0,,,,,,,,,,inconclusive,coverage row; not a hypothesis test,
condition_coverage,,exp23_closed_loop_local_controller,current,seed:3,exact_forward_sensitivity,complete,planned_condition_coverage,,seed,1,1,0,0,,,,,,,,,,inconclusive,coverage row; not a hypothesis test,
condition_coverage,,exp23_closed_loop_local_controller,current,seed:4,exact_forward_sensitivity,complete,planned_condition_coverage,,seed,1,1,0,0,,,,,,,,,,inconclusive,coverage row; not a hypothesis test,
condition_coverage,,exp23_closed_loop_local_controller,current,seed:5,exact_forward_sensitivity,complete,planned_condition_coverage,,seed,1,1,0,0,,,,,,,,,,inconclusive,coverage row; not a hypothesis test,
condition_coverage,,exp23_closed_loop_local_controller,current,seed:6,exact_forward_sensitivity,complete,planned_condition_coverage,,seed,1,1,0,0,,,,,,,,,,inconclusive,coverage row; not a hypothesis test,
condition_coverage,,exp23_closed_loop_local_controller,current,seed:7,exact_forward_sensitivity,complete,planned_condition_coverage,,seed,1,1,0,0,,,,,,,,,,inconclusive,coverage row; not a hypothesis test,
condition_coverage,,exp23_closed_loop_local_controller,current,seed:8,exact_forward_sensitivity,complete,planned_condition_coverage,,seed,1,1,0,0,,,,,,,,,,inconclusive,coverage row; not a hypothesis test,
condition_coverage,,exp23_closed_loop_local_controller,current,seed:9,exact_forward_sensitivity,complete,planned_condition_coverage,,seed,1,1,0,0,,,,,,,,,,inconclusive,coverage row; not a hypothesis test,
condition_coverage,,exp23_closed_loop_local_controller,current,seed:0,frozen,complete,planned_condition_coverage,,seed,1,1,0,0,,,,,,,,,,inconclusive,coverage row; not a hypothesis test,
condition_coverage,,exp23_closed_loop_local_controller,current,seed:1,frozen,complete,planned_condition_coverage,,seed,1,1,0,0,,,,,,,,,,inconclusive,coverage row; not a hypothesis test,
condition_coverage,,exp23_closed_loop_local_controller,current,seed:10,frozen,complete,planned_condition_coverage,,seed,1,1,0,0,,,,,,,,,,inconclusive,coverage row; not a hypothesis test,
condition_coverage,,exp23_closed_loop_local_controller,current,seed:11,frozen,complete,planned_condition_coverage,,seed,1,1,0,0,,,,,,,,,,inconclusive,coverage row; not a hypothesis test,
condition_coverage,,exp23_closed_loop_local_controller,current,seed:12,frozen,complete,planned_condition_coverage,,seed,1,1,0,0,,,,,,,,,,inconclusive,coverage row; not a hypothesis test,
condition_coverage,,exp23_closed_loop_local_controller,current,seed:13,frozen,complete,planned_condition_coverage,,seed,1,1,0,0,,,,,,,,,,inconclusive,coverage row; not a hypothesis test,
condition_coverage,,exp23_closed_loop_local_controller,current,seed:14,frozen,complete,planned_condition_coverage,,seed,1,1,0,0,,,,,,,,,,inconclusive,coverage row; not a hypothesis test,
condition_coverage,,exp23_closed_loop_local_controller,current,seed:15,frozen,complete,planned_condition_coverage,,seed,1,1,0,0,,,,,,,,,,inconclusive,coverage row; not a hypothesis test,
condition_coverage,,exp23_closed_loop_local_controller,current,seed:16,frozen,complete,planned_condition_coverage,,seed,1,1,0,0,,,,,,,,,,inconclusive,coverage row; not a hypothesis test,
condition_coverage,,exp23_closed_loop_local_controller,current,seed:17,frozen,complete,planned_condition_coverage,,seed,1,1,0,0,,,,,,,,,,inconclusive,coverage row; not a hypothesis test,
condition_coverage,,exp23_closed_loop_local_controller,current,seed:18,frozen,complete,planned_condition_coverage,,seed,1,1,0,0,,,,,,,,,,inconclusive,coverage row; not a hypothesis test,
condition_coverage,,exp23_closed_loop_local_controller,current,seed:19,frozen,complete,planned_condition_coverage,,seed,1,1,0,0,,,,,,,,,,inconclusive,coverage row; not a hypothesis test,
condition_coverage,,exp23_closed_loop_local_controller,current,seed:2,frozen,complete,planned_condition_coverage,,seed,1,1,0,0,,,,,,,,,,inconclusive,coverage row; not a hypothesis test,
condition_coverage,,exp23_closed_loop_local_controller,current,seed:20,frozen,complete,planned_condition_coverage,,seed,1,1,0,0,,,,,,,,,,inconclusive,coverage row; not a hypothesis test,
condition_coverage,,exp23_closed_loop_local_controller,current,seed:21,frozen,complete,planned_condition_coverage,,seed,1,1,0,0,,,,,,,,,,inconclusive,coverage row; not a hypothesis test,
condition_coverage,,exp23_closed_loop_local_controller,current,seed:22,frozen,complete,planned_condition_coverage,,seed,1,1,0,0,,,,,,,,,,inconclusive,coverage row; not a hypothesis test,
condition_coverage,,exp23_closed_loop_local_controller,current,seed:23,frozen,complete,planned_condition_coverage,,seed,1,1,0,0,,,,,,,,,,inconclusive,coverage row; not a hypothesis test,
condition_coverage,,exp23_closed_loop_local_controller,current,seed:24,frozen,complete,planned_condition_coverage,,seed,1,1,0,0,,,,,,,,,,inconclusive,coverage row; not a hypothesis test,
condition_coverage,,exp23_closed_loop_local_controller,current,seed:25,frozen,complete,planned_condition_coverage,,seed,1,1,0,0,,,,,,,,,,inconclusive,coverage row; not a hypothesis test,
condition_coverage,,exp23_closed_loop_local_controller,current,seed:26,frozen,complete,planned_condition_coverage,,seed,1,1,0,0,,,,,,,,,,inconclusive,coverage row; not a hypothesis test,
condition_coverage,,exp23_closed_loop_local_controller,current,seed:27,frozen,complete,planned_condition_coverage,,seed,1,1,0,0,,,,,,,,,,inconclusive,coverage row; not a hypothesis test,
condition_coverage,,exp23_closed_loop_local_controller,current,seed:28,frozen,complete,planned_condition_coverage,,seed,1,1,0,0,,,,,,,,,,inconclusive,coverage row; not a hypothesis test,
condition_coverage,,exp23_closed_loop_local_controller,current,seed:29,frozen,complete,planned_condition_coverage,,seed,1,1,0,0,,,,,,,,,,inconclusive,coverage row; not a hypothesis test,
condition_coverage,,exp23_closed_loop_local_controller,current,seed:3,frozen,complete,planned_condition_coverage,,seed,1,1,0,0,,,,,,,,,,inconclusive,coverage row; not a hypothesis test,
condition_coverage,,exp23_closed_loop_local_controller,current,seed:4,frozen,complete,planned_condition_coverage,,seed,1,1,0,0,,,,,,,,,,inconclusive,coverage row; not a hypothesis test,
condition_coverage,,exp23_closed_loop_local_controller,current,seed:5,frozen,complete,planned_condition_coverage,,seed,1,1,0,0,,,,,,,,,,inconclusive,coverage row; not a hypothesis test,
condition_coverage,,exp23_closed_loop_local_controller,current,seed:6,frozen,complete,planned_condition_coverage,,seed,1,1,0,0,,,,,,,,,,inconclusive,coverage row; not a hypothesis test,
condition_coverage,,exp23_closed_loop_local_controller,current,seed:7,frozen,complete,planned_condition_coverage,,seed,1,1,0,0,,,,,,,,,,inconclusive,coverage row; not a hypothesis test,
condition_coverage,,exp23_closed_loop_local_controller,current,seed:8,frozen,complete,planned_condition_coverage,,seed,1,1,0,0,,,,,,,,,,inconclusive,coverage row; not a hypothesis test,
condition_coverage,,exp23_closed_loop_local_controller,current,seed:9,frozen,complete,planned_condition_coverage,,seed,1,1,0,0,,,,,,,,,,inconclusive,coverage row; not a hypothesis test,
condition_coverage,,exp23_closed_loop_local_controller,current,seed:0,local_eprop,complete,planned_condition_coverage,,seed,1,1,0,0,,,,,,,,,,inconclusive,coverage row; not a hypothesis test,
condition_coverage,,exp23_closed_loop_local_controller,current,seed:1,local_eprop,complete,planned_condition_coverage,,seed,1,1,0,0,,,,,,,,,,inconclusive,coverage row; not a hypothesis test,
condition_coverage,,exp23_closed_loop_local_controller,current,seed:10,local_eprop,complete,planned_condition_coverage,,seed,1,1,0,0,,,,,,,,,,inconclusive,coverage row; not a hypothesis test,
condition_coverage,,exp23_closed_loop_local_controller,current,seed:11,local_eprop,complete,planned_condition_coverage,,seed,1,1,0,0,,,,,,,,,,inconclusive,coverage row; not a hypothesis test,
condition_coverage,,exp23_closed_loop_local_controller,current,seed:12,local_eprop,complete,planned_condition_coverage,,seed,1,1,0,0,,,,,,,,,,inconclusive,coverage row; not a hypothesis test,
condition_coverage,,exp23_closed_loop_local_controller,current,seed:13,local_eprop,complete,planned_condition_coverage,,seed,1,1,0,0,,,,,,,,,,inconclusive,coverage row; not a hypothesis test,
condition_coverage,,exp23_closed_loop_local_controller,current,seed:14,local_eprop,complete,planned_condition_coverage,,seed,1,1,0,0,,,,,,,,,,inconclusive,coverage row; not a hypothesis test,
condition_coverage,,exp23_closed_loop_local_controller,current,seed:15,local_eprop,complete,planned_condition_coverage,,seed,1,1,0,0,,,,,,,,,,inconclusive,coverage row; not a hypothesis test,
condition_coverage,,exp23_closed_loop_local_controller,current,seed:16,local_eprop,complete,planned_condition_coverage,,seed,1,1,0,0,,,,,,,,,,inconclusive,coverage row; not a hypothesis test,
condition_coverage,,exp23_closed_loop_local_controller,current,seed:17,local_eprop,complete,planned_condition_coverage,,seed,1,1,0,0,,,,,,,,,,inconclusive,coverage row; not a hypothesis test,
condition_coverage,,exp23_closed_loop_local_controller,current,seed:18,local_eprop,complete,planned_condition_coverage,,seed,1,1,0,0,,,,,,,,,,inconclusive,coverage row; not a hypothesis test,
condition_coverage,,exp23_closed_loop_local_controller,current,seed:19,local_eprop,complete,planned_condition_coverage,,seed,1,1,0,0,,,,,,,,,,inconclusive,coverage row; not a hypothesis test,
condition_coverage,,exp23_closed_loop_local_controller,current,seed:2,local_eprop,complete,planned_condition_coverage,,seed,1,1,0,0,,,,,,,,,,inconclusive,coverage row; not a hypothesis test,
condition_coverage,,exp23_closed_loop_local_controller,current,seed:20,local_eprop,complete,planned_condition_coverage,,seed,1,1,0,0,,,,,,,,,,inconclusive,coverage row; not a hypothesis test,
condition_coverage,,exp23_closed_loop_local_controller,current,seed:21,local_eprop,complete,planned_condition_coverage,,seed,1,1,0,0,,,,,,,,,,inconclusive,coverage row; not a hypothesis test,
condition_coverage,,exp23_closed_loop_local_controller,current,seed:22,local_eprop,complete,planned_condition_coverage,,seed,1,1,0,0,,,,,,,,,,inconclusive,coverage row; not a hypothesis test,
condition_coverage,,exp23_closed_loop_local_controller,current,seed:23,local_eprop,complete,planned_condition_coverage,,seed,1,1,0,0,,,,,,,,,,inconclusive,coverage row; not a hypothesis test,
condition_coverage,,exp23_closed_loop_local_controller,current,seed:24,local_eprop,complete,planned_condition_coverage,,seed,1,1,0,0,,,,,,,,,,inconclusive,coverage row; not a hypothesis test,
condition_coverage,,exp23_closed_loop_local_controller,current,seed:25,local_eprop,complete,planned_condition_coverage,,seed,1,1,0,0,,,,,,,,,,inconclusive,coverage row; not a hypothesis test,
condition_coverage,,exp23_closed_loop_local_controller,current,seed:26,local_eprop,complete,planned_condition_coverage,,seed,1,1,0,0,,,,,,,,,,inconclusive,coverage row; not a hypothesis test,
condition_coverage,,exp23_closed_loop_local_controller,current,seed:27,local_eprop,complete,planned_condition_coverage,,seed,1,1,0,0,,,,,,,,,,inconclusive,coverage row; not a hypothesis test,
condition_coverage,,exp23_closed_loop_local_controller,current,seed:28,local_eprop,complete,planned_condition_coverage,,seed,1,1,0,0,,,,,,,,,,inconclusive,coverage row; not a hypothesis test,
condition_coverage,,exp23_closed_loop_local_controller,current,seed:29,local_eprop,complete,planned_condition_coverage,,seed,1,1,0,0,,,,,,,,,,inconclusive,coverage row; not a hypothesis test,
condition_coverage,,exp23_closed_loop_local_controller,current,seed:3,local_eprop,complete,planned_condition_coverage,,seed,1,1,0,0,,,,,,,,,,inconclusive,coverage row; not a hypothesis test,
condition_coverage,,exp23_closed_loop_local_controller,current,seed:4,local_eprop,complete,planned_condition_coverage,,seed,1,1,0,0,,,,,,,,,,inconclusive,coverage row; not a hypothesis test,
condition_coverage,,exp23_closed_loop_local_controller,current,seed:5,local_eprop,complete,planned_condition_coverage,,seed,1,1,0,0,,,,,,,,,,inconclusive,coverage row; not a hypothesis test,
condition_coverage,,exp23_closed_loop_local_controller,current,seed:6,local_eprop,complete,planned_condition_coverage,,seed,1,1,0,0,,,,,,,,,,inconclusive,coverage row; not a hypothesis test,
condition_coverage,,exp23_closed_loop_local_controller,current,seed:7,local_eprop,complete,planned_condition_coverage,,seed,1,1,0,0,,,,,,,,,,inconclusive,coverage row; not a hypothesis test,
condition_coverage,,exp23_closed_loop_local_controller,current,seed:8,local_eprop,complete,planned_condition_coverage,,seed,1,1,0,0,,,,,,,,,,inconclusive,coverage row; not a hypothesis test,
condition_coverage,,exp23_closed_loop_local_controller,current,seed:9,local_eprop,complete,planned_condition_coverage,,seed,1,1,0,0,,,,,,,,,,inconclusive,coverage row; not a hypothesis test,
condition_coverage,,exp23_closed_loop_local_controller,current,seed:0,random_update,complete,planned_condition_coverage,,seed,1,1,0,0,,,,,,,,,,inconclusive,coverage row; not a hypothesis test,
condition_coverage,,exp23_closed_loop_local_controller,current,seed:1,random_update,complete,planned_condition_coverage,,seed,1,1,0,0,,,,,,,,,,inconclusive,coverage row; not a hypothesis test,
condition_coverage,,exp23_closed_loop_local_controller,current,seed:10,random_update,complete,planned_condition_coverage,,seed,1,1,0,0,,,,,,,,,,inconclusive,coverage row; not a hypothesis test,
condition_coverage,,exp23_closed_loop_local_controller,current,seed:11,random_update,complete,planned_condition_coverage,,seed,1,1,0,0,,,,,,,,,,inconclusive,coverage row; not a hypothesis test,
condition_coverage,,exp23_closed_loop_local_controller,current,seed:12,random_update,complete,planned_condition_coverage,,seed,1,1,0,0,,,,,,,,,,inconclusive,coverage row; not a hypothesis test,
condition_coverage,,exp23_closed_loop_local_controller,current,seed:13,random_update,complete,planned_condition_coverage,,seed,1,1,0,0,,,,,,,,,,inconclusive,coverage row; not a hypothesis test,
condition_coverage,,exp23_closed_loop_local_controller,current,seed:14,random_update,complete,planned_condition_coverage,,seed,1,1,0,0,,,,,,,,,,inconclusive,coverage row; not a hypothesis test,
condition_coverage,,exp23_closed_loop_local_controller,current,seed:15,random_update,complete,planned_condition_coverage,,seed,1,1,0,0,,,,,,,,,,inconclusive,coverage row; not a hypothesis test,
condition_coverage,,exp23_closed_loop_local_controller,current,seed:16,random_update,complete,planned_condition_coverage,,seed,1,1,0,0,,,,,,,,,,inconclusive,coverage row; not a hypothesis test,
condition_coverage,,exp23_closed_loop_local_controller,current,seed:17,random_update,complete,planned_condition_coverage,,seed,1,1,0,0,,,,,,,,,,inconclusive,coverage row; not a hypothesis test,
condition_coverage,,exp23_closed_loop_local_controller,current,seed:18,random_update,complete,planned_condition_coverage,,seed,1,1,0,0,,,,,,,,,,inconclusive,coverage row; not a hypothesis test,
condition_coverage,,exp23_closed_loop_local_controller,current,seed:19,random_update,complete,planned_condition_coverage,,seed,1,1,0,0,,,,,,,,,,inconclusive,coverage row; not a hypothesis test,
condition_coverage,,exp23_closed_loop_local_controller,current,seed:2,random_update,complete,planned_condition_coverage,,seed,1,1,0,0,,,,,,,,,,inconclusive,coverage row; not a hypothesis test,
condition_coverage,,exp23_closed_loop_local_controller,current,seed:20,random_update,complete,planned_condition_coverage,,seed,1,1,0,0,,,,,,,,,,inconclusive,coverage row; not a hypothesis test,
condition_coverage,,exp23_closed_loop_local_controller,current,seed:21,random_update,complete,planned_condition_coverage,,seed,1,1,0,0,,,,,,,,,,inconclusive,coverage row; not a hypothesis test,
condition_coverage,,exp23_closed_loop_local_controller,current,seed:22,random_update,complete,planned_condition_coverage,,seed,1,1,0,0,,,,,,,,,,inconclusive,coverage row; not a hypothesis test,
condition_coverage,,exp23_closed_loop_local_controller,current,seed:23,random_update,complete,planned_condition_coverage,,seed,1,1,0,0,,,,,,,,,,inconclusive,coverage row; not a hypothesis test,
condition_coverage,,exp23_closed_loop_local_controller,current,seed:24,random_update,complete,planned_condition_coverage,,seed,1,1,0,0,,,,,,,,,,inconclusive,coverage row; not a hypothesis test,
condition_coverage,,exp23_closed_loop_local_controller,current,seed:25,random_update,complete,planned_condition_coverage,,seed,1,1,0,0,,,,,,,,,,inconclusive,coverage row; not a hypothesis test,
condition_coverage,,exp23_closed_loop_local_controller,current,seed:26,random_update,complete,planned_condition_coverage,,seed,1,1,0,0,,,,,,,,,,inconclusive,coverage row; not a hypothesis test,
condition_coverage,,exp23_closed_loop_local_controller,current,seed:27,random_update,complete,planned_condition_coverage,,seed,1,1,0,0,,,,,,,,,,inconclusive,coverage row; not a hypothesis test,
condition_coverage,,exp23_closed_loop_local_controller,current,seed:28,random_update,complete,planned_condition_coverage,,seed,1,1,0,0,,,,,,,,,,inconclusive,coverage row; not a hypothesis test,
condition_coverage,,exp23_closed_loop_local_controller,current,seed:29,random_update,complete,planned_condition_coverage,,seed,1,1,0,0,,,,,,,,,,inconclusive,coverage row; not a hypothesis test,
condition_coverage,,exp23_closed_loop_local_controller,current,seed:3,random_update,complete,planned_condition_coverage,,seed,1,1,0,0,,,,,,,,,,inconclusive,coverage row; not a hypothesis test,
condition_coverage,,exp23_closed_loop_local_controller,current,seed:4,random_update,complete,planned_condition_coverage,,seed,1,1,0,0,,,,,,,,,,inconclusive,coverage row; not a hypothesis test,
condition_coverage,,exp23_closed_loop_local_controller,current,seed:5,random_update,complete,planned_condition_coverage,,seed,1,1,0,0,,,,,,,,,,inconclusive,coverage row; not a hypothesis test,
condition_coverage,,exp23_closed_loop_local_controller,current,seed:6,random_update,complete,planned_condition_coverage,,seed,1,1,0,0,,,,,,,,,,inconclusive,coverage row; not a hypothesis test,
condition_coverage,,exp23_closed_loop_local_controller,current,seed:7,random_update,complete,planned_condition_coverage,,seed,1,1,0,0,,,,,,,,,,inconclusive,coverage row; not a hypothesis test,
condition_coverage,,exp23_closed_loop_local_controller,current,seed:8,random_update,complete,planned_condition_coverage,,seed,1,1,0,0,,,,,,,,,,inconclusive,coverage row; not a hypothesis test,
condition_coverage,,exp23_closed_loop_local_controller,current,seed:9,random_update,complete,planned_condition_coverage,,seed,1,1,0,0,,,,,,,,,,inconclusive,coverage row; not a hypothesis test,
condition_coverage,,exp23_closed_loop_local_controller,delayed,seed:0,bptt_axis_only,complete,planned_condition_coverage,,seed,1,1,0,0,,,,,,,,,,inconclusive,coverage row; not a hypothesis test,
condition_coverage,,exp23_closed_loop_local_controller,delayed,seed:1,bptt_axis_only,complete,planned_condition_coverage,,seed,1,1,0,0,,,,,,,,,,inconclusive,coverage row; not a hypothesis test,
condition_coverage,,exp23_closed_loop_local_controller,delayed,seed:10,bptt_axis_only,complete,planned_condition_coverage,,seed,1,1,0,0,,,,,,,,,,inconclusive,coverage row; not a hypothesis test,
condition_coverage,,exp23_closed_loop_local_controller,delayed,seed:11,bptt_axis_only,complete,planned_condition_coverage,,seed,1,1,0,0,,,,,,,,,,inconclusive,coverage row; not a hypothesis test,
condition_coverage,,exp23_closed_loop_local_controller,delayed,seed:12,bptt_axis_only,complete,planned_condition_coverage,,seed,1,1,0,0,,,,,,,,,,inconclusive,coverage row; not a hypothesis test,
condition_coverage,,exp23_closed_loop_local_controller,delayed,seed:13,bptt_axis_only,complete,planned_condition_coverage,,seed,1,1,0,0,,,,,,,,,,inconclusive,coverage row; not a hypothesis test,
condition_coverage,,exp23_closed_loop_local_controller,delayed,seed:14,bptt_axis_only,complete,planned_condition_coverage,,seed,1,1,0,0,,,,,,,,,,inconclusive,coverage row; not a hypothesis test,
condition_coverage,,exp23_closed_loop_local_controller,delayed,seed:15,bptt_axis_only,complete,planned_condition_coverage,,seed,1,1,0,0,,,,,,,,,,inconclusive,coverage row; not a hypothesis test,
condition_coverage,,exp23_closed_loop_local_controller,delayed,seed:16,bptt_axis_only,complete,planned_condition_coverage,,seed,1,1,0,0,,,,,,,,,,inconclusive,coverage row; not a hypothesis test,
condition_coverage,,exp23_closed_loop_local_controller,delayed,seed:17,bptt_axis_only,complete,planned_condition_coverage,,seed,1,1,0,0,,,,,,,,,,inconclusive,coverage row; not a hypothesis test,
condition_coverage,,exp23_closed_loop_local_controller,delayed,seed:18,bptt_axis_only,complete,planned_condition_coverage,,seed,1,1,0,0,,,,,,,,,,inconclusive,coverage row; not a hypothesis test,
condition_coverage,,exp23_closed_loop_local_controller,delayed,seed:19,bptt_axis_only,complete,planned_condition_coverage,,seed,1,1,0,0,,,,,,,,,,inconclusive,coverage row; not a hypothesis test,
condition_coverage,,exp23_closed_loop_local_controller,delayed,seed:2,bptt_axis_only,complete,planned_condition_coverage,,seed,1,1,0,0,,,,,,,,,,inconclusive,coverage row; not a hypothesis test,
condition_coverage,,exp23_closed_loop_local_controller,delayed,seed:20,bptt_axis_only,complete,planned_condition_coverage,,seed,1,1,0,0,,,,,,,,,,inconclusive,coverage row; not a hypothesis test,
condition_coverage,,exp23_closed_loop_local_controller,delayed,seed:21,bptt_axis_only,complete,planned_condition_coverage,,seed,1,1,0,0,,,,,,,,,,inconclusive,coverage row; not a hypothesis test,
condition_coverage,,exp23_closed_loop_local_controller,delayed,seed:22,bptt_axis_only,complete,planned_condition_coverage,,seed,1,1,0,0,,,,,,,,,,inconclusive,coverage row; not a hypothesis test,
condition_coverage,,exp23_closed_loop_local_controller,delayed,seed:23,bptt_axis_only,complete,planned_condition_coverage,,seed,1,1,0,0,,,,,,,,,,inconclusive,coverage row; not a hypothesis test,
condition_coverage,,exp23_closed_loop_local_controller,delayed,seed:24,bptt_axis_only,complete,planned_condition_coverage,,seed,1,1,0,0,,,,,,,,,,inconclusive,coverage row; not a hypothesis test,
condition_coverage,,exp23_closed_loop_local_controller,delayed,seed:25,bptt_axis_only,complete,planned_condition_coverage,,seed,1,1,0,0,,,,,,,,,,inconclusive,coverage row; not a hypothesis test,
condition_coverage,,exp23_closed_loop_local_controller,delayed,seed:26,bptt_axis_only,complete,planned_condition_coverage,,seed,1,1,0,0,,,,,,,,,,inconclusive,coverage row; not a hypothesis test,
condition_coverage,,exp23_closed_loop_local_controller,delayed,seed:27,bptt_axis_only,complete,planned_condition_coverage,,seed,1,1,0,0,,,,,,,,,,inconclusive,coverage row; not a hypothesis test,
condition_coverage,,exp23_closed_loop_local_controller,delayed,seed:28,bptt_axis_only,complete,planned_condition_coverage,,seed,1,1,0,0,,,,,,,,,,inconclusive,coverage row; not a hypothesis test,
condition_coverage,,exp23_closed_loop_local_controller,delayed,seed:29,bptt_axis_only,complete,planned_condition_coverage,,seed,1,1,0,0,,,,,,,,,,inconclusive,coverage row; not a hypothesis test,
condition_coverage,,exp23_closed_loop_local_controller,delayed,seed:3,bptt_axis_only,complete,planned_condition_coverage,,seed,1,1,0,0,,,,,,,,,,inconclusive,coverage row; not a hypothesis test,
condition_coverage,,exp23_closed_loop_local_controller,delayed,seed:4,bptt_axis_only,complete,planned_condition_coverage,,seed,1,1,0,0,,,,,,,,,,inconclusive,coverage row; not a hypothesis test,
condition_coverage,,exp23_closed_loop_local_controller,delayed,seed:5,bptt_axis_only,complete,planned_condition_coverage,,seed,1,1,0,0,,,,,,,,,,inconclusive,coverage row; not a hypothesis test,
condition_coverage,,exp23_closed_loop_local_controller,delayed,seed:6,bptt_axis_only,complete,planned_condition_coverage,,seed,1,1,0,0,,,,,,,,,,inconclusive,coverage row; not a hypothesis test,
condition_coverage,,exp23_closed_loop_local_controller,delayed,seed:7,bptt_axis_only,complete,planned_condition_coverage,,seed,1,1,0,0,,,,,,,,,,inconclusive,coverage row; not a hypothesis test,
condition_coverage,,exp23_closed_loop_local_controller,delayed,seed:8,bptt_axis_only,complete,planned_condition_coverage,,seed,1,1,0,0,,,,,,,,,,inconclusive,coverage row; not a hypothesis test,
condition_coverage,,exp23_closed_loop_local_controller,delayed,seed:9,bptt_axis_only,complete,planned_condition_coverage,,seed,1,1,0,0,,,,,,,,,,inconclusive,coverage row; not a hypothesis test,
condition_coverage,,exp23_closed_loop_local_controller,delayed,seed:0,current_off_policy,complete,planned_condition_coverage,,seed,1,1,0,0,,,,,,,,,,inconclusive,coverage row; not a hypothesis test,
condition_coverage,,exp23_closed_loop_local_controller,delayed,seed:1,current_off_policy,complete,planned_condition_coverage,,seed,1,1,0,0,,,,,,,,,,inconclusive,coverage row; not a hypothesis test,
condition_coverage,,exp23_closed_loop_local_controller,delayed,seed:10,current_off_policy,complete,planned_condition_coverage,,seed,1,1,0,0,,,,,,,,,,inconclusive,coverage row; not a hypothesis test,
condition_coverage,,exp23_closed_loop_local_controller,delayed,seed:11,current_off_policy,complete,planned_condition_coverage,,seed,1,1,0,0,,,,,,,,,,inconclusive,coverage row; not a hypothesis test,
condition_coverage,,exp23_closed_loop_local_controller,delayed,seed:12,current_off_policy,complete,planned_condition_coverage,,seed,1,1,0,0,,,,,,,,,,inconclusive,coverage row; not a hypothesis test,
condition_coverage,,exp23_closed_loop_local_controller,delayed,seed:13,current_off_policy,complete,planned_condition_coverage,,seed,1,1,0,0,,,,,,,,,,inconclusive,coverage row; not a hypothesis test,
condition_coverage,,exp23_closed_loop_local_controller,delayed,seed:14,current_off_policy,complete,planned_condition_coverage,,seed,1,1,0,0,,,,,,,,,,inconclusive,coverage row; not a hypothesis test,
condition_coverage,,exp23_closed_loop_local_controller,delayed,seed:15,current_off_policy,complete,planned_condition_coverage,,seed,1,1,0,0,,,,,,,,,,inconclusive,coverage row; not a hypothesis test,
condition_coverage,,exp23_closed_loop_local_controller,delayed,seed:16,current_off_policy,complete,planned_condition_coverage,,seed,1,1,0,0,,,,,,,,,,inconclusive,coverage row; not a hypothesis test,
condition_coverage,,exp23_closed_loop_local_controller,delayed,seed:17,current_off_policy,complete,planned_condition_coverage,,seed,1,1,0,0,,,,,,,,,,inconclusive,coverage row; not a hypothesis test,
condition_coverage,,exp23_closed_loop_local_controller,delayed,seed:18,current_off_policy,complete,planned_condition_coverage,,seed,1,1,0,0,,,,,,,,,,inconclusive,coverage row; not a hypothesis test,
condition_coverage,,exp23_closed_loop_local_controller,delayed,seed:19,current_off_policy,complete,planned_condition_coverage,,seed,1,1,0,0,,,,,,,,,,inconclusive,coverage row; not a hypothesis test,
condition_coverage,,exp23_closed_loop_local_controller,delayed,seed:2,current_off_policy,complete,planned_condition_coverage,,seed,1,1,0,0,,,,,,,,,,inconclusive,coverage row; not a hypothesis test,
condition_coverage,,exp23_closed_loop_local_controller,delayed,seed:20,current_off_policy,complete,planned_condition_coverage,,seed,1,1,0,0,,,,,,,,,,inconclusive,coverage row; not a hypothesis test,
condition_coverage,,exp23_closed_loop_local_controller,delayed,seed:21,current_off_policy,complete,planned_condition_coverage,,seed,1,1,0,0,,,,,,,,,,inconclusive,coverage row; not a hypothesis test,
condition_coverage,,exp23_closed_loop_local_controller,delayed,seed:22,current_off_policy,complete,planned_condition_coverage,,seed,1,1,0,0,,,,,,,,,,inconclusive,coverage row; not a hypothesis test,
condition_coverage,,exp23_closed_loop_local_controller,delayed,seed:23,current_off_policy,complete,planned_condition_coverage,,seed,1,1,0,0,,,,,,,,,,inconclusive,coverage row; not a hypothesis test,
condition_coverage,,exp23_closed_loop_local_controller,delayed,seed:24,current_off_policy,complete,planned_condition_coverage,,seed,1,1,0,0,,,,,,,,,,inconclusive,coverage row; not a hypothesis test,
condition_coverage,,exp23_closed_loop_local_controller,delayed,seed:25,current_off_policy,complete,planned_condition_coverage,,seed,1,1,0,0,,,,,,,,,,inconclusive,coverage row; not a hypothesis test,
condition_coverage,,exp23_closed_loop_local_controller,delayed,seed:26,current_off_policy,complete,planned_condition_coverage,,seed,1,1,0,0,,,,,,,,,,inconclusive,coverage row; not a hypothesis test,
condition_coverage,,exp23_closed_loop_local_controller,delayed,seed:27,current_off_policy,complete,planned_condition_coverage,,seed,1,1,0,0,,,,,,,,,,inconclusive,coverage row; not a hypothesis test,
condition_coverage,,exp23_closed_loop_local_controller,delayed,seed:28,current_off_policy,complete,planned_condition_coverage,,seed,1,1,0,0,,,,,,,,,,inconclusive,coverage row; not a hypothesis test,
condition_coverage,,exp23_closed_loop_local_controller,delayed,seed:29,current_off_policy,complete,planned_condition_coverage,,seed,1,1,0,0,,,,,,,,,,inconclusive,coverage row; not a hypothesis test,
condition_coverage,,exp23_closed_loop_local_controller,delayed,seed:3,current_off_policy,complete,planned_condition_coverage,,seed,1,1,0,0,,,,,,,,,,inconclusive,coverage row; not a hypothesis test,
condition_coverage,,exp23_closed_loop_local_controller,delayed,seed:4,current_off_policy,complete,planned_condition_coverage,,seed,1,1,0,0,,,,,,,,,,inconclusive,coverage row; not a hypothesis test,
condition_coverage,,exp23_closed_loop_local_controller,delayed,seed:5,current_off_policy,complete,planned_condition_coverage,,seed,1,1,0,0,,,,,,,,,,inconclusive,coverage row; not a hypothesis test,
condition_coverage,,exp23_closed_loop_local_controller,delayed,seed:6,current_off_policy,complete,planned_condition_coverage,,seed,1,1,0,0,,,,,,,,,,inconclusive,coverage row; not a hypothesis test,
condition_coverage,,exp23_closed_loop_local_controller,delayed,seed:7,current_off_policy,complete,planned_condition_coverage,,seed,1,1,0,0,,,,,,,,,,inconclusive,coverage row; not a hypothesis test,
condition_coverage,,exp23_closed_loop_local_controller,delayed,seed:8,current_off_policy,complete,planned_condition_coverage,,seed,1,1,0,0,,,,,,,,,,inconclusive,coverage row; not a hypothesis test,
condition_coverage,,exp23_closed_loop_local_controller,delayed,seed:9,current_off_policy,complete,planned_condition_coverage,,seed,1,1,0,0,,,,,,,,,,inconclusive,coverage row; not a hypothesis test,
condition_coverage,,exp23_closed_loop_local_controller,delayed,seed:0,exact_forward_sensitivity,complete,planned_condition_coverage,,seed,1,1,0,0,,,,,,,,,,inconclusive,coverage row; not a hypothesis test,
condition_coverage,,exp23_closed_loop_local_controller,delayed,seed:1,exact_forward_sensitivity,complete,planned_condition_coverage,,seed,1,1,0,0,,,,,,,,,,inconclusive,coverage row; not a hypothesis test,
condition_coverage,,exp23_closed_loop_local_controller,delayed,seed:10,exact_forward_sensitivity,complete,planned_condition_coverage,,seed,1,1,0,0,,,,,,,,,,inconclusive,coverage row; not a hypothesis test,
condition_coverage,,exp23_closed_loop_local_controller,delayed,seed:11,exact_forward_sensitivity,complete,planned_condition_coverage,,seed,1,1,0,0,,,,,,,,,,inconclusive,coverage row; not a hypothesis test,
condition_coverage,,exp23_closed_loop_local_controller,delayed,seed:12,exact_forward_sensitivity,complete,planned_condition_coverage,,seed,1,1,0,0,,,,,,,,,,inconclusive,coverage row; not a hypothesis test,
condition_coverage,,exp23_closed_loop_local_controller,delayed,seed:13,exact_forward_sensitivity,complete,planned_condition_coverage,,seed,1,1,0,0,,,,,,,,,,inconclusive,coverage row; not a hypothesis test,
condition_coverage,,exp23_closed_loop_local_controller,delayed,seed:14,exact_forward_sensitivity,complete,planned_condition_coverage,,seed,1,1,0,0,,,,,,,,,,inconclusive,coverage row; not a hypothesis test,
condition_coverage,,exp23_closed_loop_local_controller,delayed,seed:15,exact_forward_sensitivity,complete,planned_condition_coverage,,seed,1,1,0,0,,,,,,,,,,inconclusive,coverage row; not a hypothesis test,
condition_coverage,,exp23_closed_loop_local_controller,delayed,seed:16,exact_forward_sensitivity,complete,planned_condition_coverage,,seed,1,1,0,0,,,,,,,,,,inconclusive,coverage row; not a hypothesis test,
condition_coverage,,exp23_closed_loop_local_controller,delayed,seed:17,exact_forward_sensitivity,complete,planned_condition_coverage,,seed,1,1,0,0,,,,,,,,,,inconclusive,coverage row; not a hypothesis test,
condition_coverage,,exp23_closed_loop_local_controller,delayed,seed:18,exact_forward_sensitivity,complete,planned_condition_coverage,,seed,1,1,0,0,,,,,,,,,,inconclusive,coverage row; not a hypothesis test,
condition_coverage,,exp23_closed_loop_local_controller,delayed,seed:19,exact_forward_sensitivity,complete,planned_condition_coverage,,seed,1,1,0,0,,,,,,,,,,inconclusive,coverage row; not a hypothesis test,
condition_coverage,,exp23_closed_loop_local_controller,delayed,seed:2,exact_forward_sensitivity,complete,planned_condition_coverage,,seed,1,1,0,0,,,,,,,,,,inconclusive,coverage row; not a hypothesis test,
condition_coverage,,exp23_closed_loop_local_controller,delayed,seed:20,exact_forward_sensitivity,complete,planned_condition_coverage,,seed,1,1,0,0,,,,,,,,,,inconclusive,coverage row; not a hypothesis test,
condition_coverage,,exp23_closed_loop_local_controller,delayed,seed:21,exact_forward_sensitivity,complete,planned_condition_coverage,,seed,1,1,0,0,,,,,,,,,,inconclusive,coverage row; not a hypothesis test,
condition_coverage,,exp23_closed_loop_local_controller,delayed,seed:22,exact_forward_sensitivity,complete,planned_condition_coverage,,seed,1,1,0,0,,,,,,,,,,inconclusive,coverage row; not a hypothesis test,
condition_coverage,,exp23_closed_loop_local_controller,delayed,seed:23,exact_forward_sensitivity,complete,planned_condition_coverage,,seed,1,1,0,0,,,,,,,,,,inconclusive,coverage row; not a hypothesis test,
condition_coverage,,exp23_closed_loop_local_controller,delayed,seed:24,exact_forward_sensitivity,complete,planned_condition_coverage,,seed,1,1,0,0,,,,,,,,,,inconclusive,coverage row; not a hypothesis test,
condition_coverage,,exp23_closed_loop_local_controller,delayed,seed:25,exact_forward_sensitivity,complete,planned_condition_coverage,,seed,1,1,0,0,,,,,,,,,,inconclusive,coverage row; not a hypothesis test,
condition_coverage,,exp23_closed_loop_local_controller,delayed,seed:26,exact_forward_sensitivity,complete,planned_condition_coverage,,seed,1,1,0,0,,,,,,,,,,inconclusive,coverage row; not a hypothesis test,
condition_coverage,,exp23_closed_loop_local_controller,delayed,seed:27,exact_forward_sensitivity,complete,planned_condition_coverage,,seed,1,1,0,0,,,,,,,,,,inconclusive,coverage row; not a hypothesis test,
condition_coverage,,exp23_closed_loop_local_controller,delayed,seed:28,exact_forward_sensitivity,complete,planned_condition_coverage,,seed,1,1,0,0,,,,,,,,,,inconclusive,coverage row; not a hypothesis test,
condition_coverage,,exp23_closed_loop_local_controller,delayed,seed:29,exact_forward_sensitivity,complete,planned_condition_coverage,,seed,1,1,0,0,,,,,,,,,,inconclusive,coverage row; not a hypothesis test,
condition_coverage,,exp23_closed_loop_local_controller,delayed,seed:3,exact_forward_sensitivity,complete,planned_condition_coverage,,seed,1,1,0,0,,,,,,,,,,inconclusive,coverage row; not a hypothesis test,
condition_coverage,,exp23_closed_loop_local_controller,delayed,seed:4,exact_forward_sensitivity,complete,planned_condition_coverage,,seed,1,1,0,0,,,,,,,,,,inconclusive,coverage row; not a hypothesis test,
condition_coverage,,exp23_closed_loop_local_controller,delayed,seed:5,exact_forward_sensitivity,complete,planned_condition_coverage,,seed,1,1,0,0,,,,,,,,,,inconclusive,coverage row; not a hypothesis test,
condition_coverage,,exp23_closed_loop_local_controller,delayed,seed:6,exact_forward_sensitivity,complete,planned_condition_coverage,,seed,1,1,0,0,,,,,,,,,,inconclusive,coverage row; not a hypothesis test,
condition_coverage,,exp23_closed_loop_local_controller,delayed,seed:7,exact_forward_sensitivity,complete,planned_condition_coverage,,seed,1,1,0,0,,,,,,,,,,inconclusive,coverage row; not a hypothesis test,
condition_coverage,,exp23_closed_loop_local_controller,delayed,seed:8,exact_forward_sensitivity,complete,planned_condition_coverage,,seed,1,1,0,0,,,,,,,,,,inconclusive,coverage row; not a hypothesis test,
condition_coverage,,exp23_closed_loop_local_controller,delayed,seed:9,exact_forward_sensitivity,complete,planned_condition_coverage,,seed,1,1,0,0,,,,,,,,,,inconclusive,coverage row; not a hypothesis test,
condition_coverage,,exp23_closed_loop_local_controller,delayed,seed:0,frozen,complete,planned_condition_coverage,,seed,1,1,0,0,,,,,,,,,,inconclusive,coverage row; not a hypothesis test,
condition_coverage,,exp23_closed_loop_local_controller,delayed,seed:1,frozen,complete,planned_condition_coverage,,seed,1,1,0,0,,,,,,,,,,inconclusive,coverage row; not a hypothesis test,
condition_coverage,,exp23_closed_loop_local_controller,delayed,seed:10,frozen,complete,planned_condition_coverage,,seed,1,1,0,0,,,,,,,,,,inconclusive,coverage row; not a hypothesis test,
condition_coverage,,exp23_closed_loop_local_controller,delayed,seed:11,frozen,complete,planned_condition_coverage,,seed,1,1,0,0,,,,,,,,,,inconclusive,coverage row; not a hypothesis test,
condition_coverage,,exp23_closed_loop_local_controller,delayed,seed:12,frozen,complete,planned_condition_coverage,,seed,1,1,0,0,,,,,,,,,,inconclusive,coverage row; not a hypothesis test,
condition_coverage,,exp23_closed_loop_local_controller,delayed,seed:13,frozen,complete,planned_condition_coverage,,seed,1,1,0,0,,,,,,,,,,inconclusive,coverage row; not a hypothesis test,
condition_coverage,,exp23_closed_loop_local_controller,delayed,seed:14,frozen,complete,planned_condition_coverage,,seed,1,1,0,0,,,,,,,,,,inconclusive,coverage row; not a hypothesis test,
condition_coverage,,exp23_closed_loop_local_controller,delayed,seed:15,frozen,complete,planned_condition_coverage,,seed,1,1,0,0,,,,,,,,,,inconclusive,coverage row; not a hypothesis test,
condition_coverage,,exp23_closed_loop_local_controller,delayed,seed:16,frozen,complete,planned_condition_coverage,,seed,1,1,0,0,,,,,,,,,,inconclusive,coverage row; not a hypothesis test,
condition_coverage,,exp23_closed_loop_local_controller,delayed,seed:17,frozen,complete,planned_condition_coverage,,seed,1,1,0,0,,,,,,,,,,inconclusive,coverage row; not a hypothesis test,
condition_coverage,,exp23_closed_loop_local_controller,delayed,seed:18,frozen,complete,planned_condition_coverage,,seed,1,1,0,0,,,,,,,,,,inconclusive,coverage row; not a hypothesis test,
condition_coverage,,exp23_closed_loop_local_controller,delayed,seed:19,frozen,complete,planned_condition_coverage,,seed,1,1,0,0,,,,,,,,,,inconclusive,coverage row; not a hypothesis test,
condition_coverage,,exp23_closed_loop_local_controller,delayed,seed:2,frozen,complete,planned_condition_coverage,,seed,1,1,0,0,,,,,,,,,,inconclusive,coverage row; not a hypothesis test,
condition_coverage,,exp23_closed_loop_local_controller,delayed,seed:20,frozen,complete,planned_condition_coverage,,seed,1,1,0,0,,,,,,,,,,inconclusive,coverage row; not a hypothesis test,
condition_coverage,,exp23_closed_loop_local_controller,delayed,seed:21,frozen,complete,planned_condition_coverage,,seed,1,1,0,0,,,,,,,,,,inconclusive,coverage row; not a hypothesis test,
condition_coverage,,exp23_closed_loop_local_controller,delayed,seed:22,frozen,complete,planned_condition_coverage,,seed,1,1,0,0,,,,,,,,,,inconclusive,coverage row; not a hypothesis test,
condition_coverage,,exp23_closed_loop_local_controller,delayed,seed:23,frozen,complete,planned_condition_coverage,,seed,1,1,0,0,,,,,,,,,,inconclusive,coverage row; not a hypothesis test,
condition_coverage,,exp23_closed_loop_local_controller,delayed,seed:24,frozen,complete,planned_condition_coverage,,seed,1,1,0,0,,,,,,,,,,inconclusive,coverage row; not a hypothesis test,
condition_coverage,,exp23_closed_loop_local_controller,delayed,seed:25,frozen,complete,planned_condition_coverage,,seed,1,1,0,0,,,,,,,,,,inconclusive,coverage row; not a hypothesis test,
condition_coverage,,exp23_closed_loop_local_controller,delayed,seed:26,frozen,complete,planned_condition_coverage,,seed,1,1,0,0,,,,,,,,,,inconclusive,coverage row; not a hypothesis test,
condition_coverage,,exp23_closed_loop_local_controller,delayed,seed:27,frozen,complete,planned_condition_coverage,,seed,1,1,0,0,,,,,,,,,,inconclusive,coverage row; not a hypothesis test,
condition_coverage,,exp23_closed_loop_local_controller,delayed,seed:28,frozen,complete,planned_condition_coverage,,seed,1,1,0,0,,,,,,,,,,inconclusive,coverage row; not a hypothesis test,
condition_coverage,,exp23_closed_loop_local_controller,delayed,seed:29,frozen,complete,planned_condition_coverage,,seed,1,1,0,0,,,,,,,,,,inconclusive,coverage row; not a hypothesis test,
condition_coverage,,exp23_closed_loop_local_controller,delayed,seed:3,frozen,complete,planned_condition_coverage,,seed,1,1,0,0,,,,,,,,,,inconclusive,coverage row; not a hypothesis test,
condition_coverage,,exp23_closed_loop_local_controller,delayed,seed:4,frozen,complete,planned_condition_coverage,,seed,1,1,0,0,,,,,,,,,,inconclusive,coverage row; not a hypothesis test,
condition_coverage,,exp23_closed_loop_local_controller,delayed,seed:5,frozen,complete,planned_condition_coverage,,seed,1,1,0,0,,,,,,,,,,inconclusive,coverage row; not a hypothesis test,
condition_coverage,,exp23_closed_loop_local_controller,delayed,seed:6,frozen,complete,planned_condition_coverage,,seed,1,1,0,0,,,,,,,,,,inconclusive,coverage row; not a hypothesis test,
condition_coverage,,exp23_closed_loop_local_controller,delayed,seed:7,frozen,complete,planned_condition_coverage,,seed,1,1,0,0,,,,,,,,,,inconclusive,coverage row; not a hypothesis test,
condition_coverage,,exp23_closed_loop_local_controller,delayed,seed:8,frozen,complete,planned_condition_coverage,,seed,1,1,0,0,,,,,,,,,,inconclusive,coverage row; not a hypothesis test,
condition_coverage,,exp23_closed_loop_local_controller,delayed,seed:9,frozen,complete,planned_condition_coverage,,seed,1,1,0,0,,,,,,,,,,inconclusive,coverage row; not a hypothesis test,
condition_coverage,,exp23_closed_loop_local_controller,delayed,seed:0,local_eprop,complete,planned_condition_coverage,,seed,1,1,0,0,,,,,,,,,,inconclusive,coverage row; not a hypothesis test,
condition_coverage,,exp23_closed_loop_local_controller,delayed,seed:1,local_eprop,complete,planned_condition_coverage,,seed,1,1,0,0,,,,,,,,,,inconclusive,coverage row; not a hypothesis test,
condition_coverage,,exp23_closed_loop_local_controller,delayed,seed:10,local_eprop,complete,planned_condition_coverage,,seed,1,1,0,0,,,,,,,,,,inconclusive,coverage row; not a hypothesis test,
condition_coverage,,exp23_closed_loop_local_controller,delayed,seed:11,local_eprop,complete,planned_condition_coverage,,seed,1,1,0,0,,,,,,,,,,inconclusive,coverage row; not a hypothesis test,
condition_coverage,,exp23_closed_loop_local_controller,delayed,seed:12,local_eprop,complete,planned_condition_coverage,,seed,1,1,0,0,,,,,,,,,,inconclusive,coverage row; not a hypothesis test,
condition_coverage,,exp23_closed_loop_local_controller,delayed,seed:13,local_eprop,complete,planned_condition_coverage,,seed,1,1,0,0,,,,,,,,,,inconclusive,coverage row; not a hypothesis test,
condition_coverage,,exp23_closed_loop_local_controller,delayed,seed:14,local_eprop,complete,planned_condition_coverage,,seed,1,1,0,0,,,,,,,,,,inconclusive,coverage row; not a hypothesis test,
condition_coverage,,exp23_closed_loop_local_controller,delayed,seed:15,local_eprop,complete,planned_condition_coverage,,seed,1,1,0,0,,,,,,,,,,inconclusive,coverage row; not a hypothesis test,
condition_coverage,,exp23_closed_loop_local_controller,delayed,seed:16,local_eprop,complete,planned_condition_coverage,,seed,1,1,0,0,,,,,,,,,,inconclusive,coverage row; not a hypothesis test,
condition_coverage,,exp23_closed_loop_local_controller,delayed,seed:17,local_eprop,complete,planned_condition_coverage,,seed,1,1,0,0,,,,,,,,,,inconclusive,coverage row; not a hypothesis test,
condition_coverage,,exp23_closed_loop_local_controller,delayed,seed:18,local_eprop,complete,planned_condition_coverage,,seed,1,1,0,0,,,,,,,,,,inconclusive,coverage row; not a hypothesis test,
condition_coverage,,exp23_closed_loop_local_controller,delayed,seed:19,local_eprop,complete,planned_condition_coverage,,seed,1,1,0,0,,,,,,,,,,inconclusive,coverage row; not a hypothesis test,
condition_coverage,,exp23_closed_loop_local_controller,delayed,seed:2,local_eprop,complete,planned_condition_coverage,,seed,1,1,0,0,,,,,,,,,,inconclusive,coverage row; not a hypothesis test,
condition_coverage,,exp23_closed_loop_local_controller,delayed,seed:20,local_eprop,complete,planned_condition_coverage,,seed,1,1,0,0,,,,,,,,,,inconclusive,coverage row; not a hypothesis test,
condition_coverage,,exp23_closed_loop_local_controller,delayed,seed:21,local_eprop,complete,planned_condition_coverage,,seed,1,1,0,0,,,,,,,,,,inconclusive,coverage row; not a hypothesis test,
condition_coverage,,exp23_closed_loop_local_controller,delayed,seed:22,local_eprop,complete,planned_condition_coverage,,seed,1,1,0,0,,,,,,,,,,inconclusive,coverage row; not a hypothesis test,
condition_coverage,,exp23_closed_loop_local_controller,delayed,seed:23,local_eprop,complete,planned_condition_coverage,,seed,1,1,0,0,,,,,,,,,,inconclusive,coverage row; not a hypothesis test,
condition_coverage,,exp23_closed_loop_local_controller,delayed,seed:24,local_eprop,complete,planned_condition_coverage,,seed,1,1,0,0,,,,,,,,,,inconclusive,coverage row; not a hypothesis test,
condition_coverage,,exp23_closed_loop_local_controller,delayed,seed:25,local_eprop,complete,planned_condition_coverage,,seed,1,1,0,0,,,,,,,,,,inconclusive,coverage row; not a hypothesis test,
condition_coverage,,exp23_closed_loop_local_controller,delayed,seed:26,local_eprop,complete,planned_condition_coverage,,seed,1,1,0,0,,,,,,,,,,inconclusive,coverage row; not a hypothesis test,
condition_coverage,,exp23_closed_loop_local_controller,delayed,seed:27,local_eprop,complete,planned_condition_coverage,,seed,1,1,0,0,,,,,,,,,,inconclusive,coverage row; not a hypothesis test,
condition_coverage,,exp23_closed_loop_local_controller,delayed,seed:28,local_eprop,complete,planned_condition_coverage,,seed,1,1,0,0,,,,,,,,,,inconclusive,coverage row; not a hypothesis test,
condition_coverage,,exp23_closed_loop_local_controller,delayed,seed:29,local_eprop,complete,planned_condition_coverage,,seed,1,1,0,0,,,,,,,,,,inconclusive,coverage row; not a hypothesis test,
condition_coverage,,exp23_closed_loop_local_controller,delayed,seed:3,local_eprop,complete,planned_condition_coverage,,seed,1,1,0,0,,,,,,,,,,inconclusive,coverage row; not a hypothesis test,
condition_coverage,,exp23_closed_loop_local_controller,delayed,seed:4,local_eprop,complete,planned_condition_coverage,,seed,1,1,0,0,,,,,,,,,,inconclusive,coverage row; not a hypothesis test,
condition_coverage,,exp23_closed_loop_local_controller,delayed,seed:5,local_eprop,complete,planned_condition_coverage,,seed,1,1,0,0,,,,,,,,,,inconclusive,coverage row; not a hypothesis test,
condition_coverage,,exp23_closed_loop_local_controller,delayed,seed:6,local_eprop,complete,planned_condition_coverage,,seed,1,1,0,0,,,,,,,,,,inconclusive,coverage row; not a hypothesis test,
condition_coverage,,exp23_closed_loop_local_controller,delayed,seed:7,local_eprop,complete,planned_condition_coverage,,seed,1,1,0,0,,,,,,,,,,inconclusive,coverage row; not a hypothesis test,
condition_coverage,,exp23_closed_loop_local_controller,delayed,seed:8,local_eprop,complete,planned_condition_coverage,,seed,1,1,0,0,,,,,,,,,,inconclusive,coverage row; not a hypothesis test,
condition_coverage,,exp23_closed_loop_local_controller,delayed,seed:9,local_eprop,complete,planned_condition_coverage,,seed,1,1,0,0,,,,,,,,,,inconclusive,coverage row; not a hypothesis test,
condition_coverage,,exp23_closed_loop_local_controller,delayed,seed:0,random_update,complete,planned_condition_coverage,,seed,1,1,0,0,,,,,,,,,,inconclusive,coverage row; not a hypothesis test,
condition_coverage,,exp23_closed_loop_local_controller,delayed,seed:1,random_update,complete,planned_condition_coverage,,seed,1,1,0,0,,,,,,,,,,inconclusive,coverage row; not a hypothesis test,
condition_coverage,,exp23_closed_loop_local_controller,delayed,seed:10,random_update,complete,planned_condition_coverage,,seed,1,1,0,0,,,,,,,,,,inconclusive,coverage row; not a hypothesis test,
condition_coverage,,exp23_closed_loop_local_controller,delayed,seed:11,random_update,complete,planned_condition_coverage,,seed,1,1,0,0,,,,,,,,,,inconclusive,coverage row; not a hypothesis test,
condition_coverage,,exp23_closed_loop_local_controller,delayed,seed:12,random_update,complete,planned_condition_coverage,,seed,1,1,0,0,,,,,,,,,,inconclusive,coverage row; not a hypothesis test,
condition_coverage,,exp23_closed_loop_local_controller,delayed,seed:13,random_update,complete,planned_condition_coverage,,seed,1,1,0,0,,,,,,,,,,inconclusive,coverage row; not a hypothesis test,
condition_coverage,,exp23_closed_loop_local_controller,delayed,seed:14,random_update,complete,planned_condition_coverage,,seed,1,1,0,0,,,,,,,,,,inconclusive,coverage row; not a hypothesis test,
condition_coverage,,exp23_closed_loop_local_controller,delayed,seed:15,random_update,complete,planned_condition_coverage,,seed,1,1,0,0,,,,,,,,,,inconclusive,coverage row; not a hypothesis test,
condition_coverage,,exp23_closed_loop_local_controller,delayed,seed:16,random_update,complete,planned_condition_coverage,,seed,1,1,0,0,,,,,,,,,,inconclusive,coverage row; not a hypothesis test,
condition_coverage,,exp23_closed_loop_local_controller,delayed,seed:17,random_update,complete,planned_condition_coverage,,seed,1,1,0,0,,,,,,,,,,inconclusive,coverage row; not a hypothesis test,
condition_coverage,,exp23_closed_loop_local_controller,delayed,seed:18,random_update,complete,planned_condition_coverage,,seed,1,1,0,0,,,,,,,,,,inconclusive,coverage row; not a hypothesis test,
condition_coverage,,exp23_closed_loop_local_controller,delayed,seed:19,random_update,complete,planned_condition_coverage,,seed,1,1,0,0,,,,,,,,,,inconclusive,coverage row; not a hypothesis test,
condition_coverage,,exp23_closed_loop_local_controller,delayed,seed:2,random_update,complete,planned_condition_coverage,,seed,1,1,0,0,,,,,,,,,,inconclusive,coverage row; not a hypothesis test,
condition_coverage,,exp23_closed_loop_local_controller,delayed,seed:20,random_update,complete,planned_condition_coverage,,seed,1,1,0,0,,,,,,,,,,inconclusive,coverage row; not a hypothesis test,
condition_coverage,,exp23_closed_loop_local_controller,delayed,seed:21,random_update,complete,planned_condition_coverage,,seed,1,1,0,0,,,,,,,,,,inconclusive,coverage row; not a hypothesis test,
condition_coverage,,exp23_closed_loop_local_controller,delayed,seed:22,random_update,complete,planned_condition_coverage,,seed,1,1,0,0,,,,,,,,,,inconclusive,coverage row; not a hypothesis test,
condition_coverage,,exp23_closed_loop_local_controller,delayed,seed:23,random_update,complete,planned_condition_coverage,,seed,1,1,0,0,,,,,,,,,,inconclusive,coverage row; not a hypothesis test,
condition_coverage,,exp23_closed_loop_local_controller,delayed,seed:24,random_update,complete,planned_condition_coverage,,seed,1,1,0,0,,,,,,,,,,inconclusive,coverage row; not a hypothesis test,
condition_coverage,,exp23_closed_loop_local_controller,delayed,seed:25,random_update,complete,planned_condition_coverage,,seed,1,1,0,0,,,,,,,,,,inconclusive,coverage row; not a hypothesis test,
condition_coverage,,exp23_closed_loop_local_controller,delayed,seed:26,random_update,complete,planned_condition_coverage,,seed,1,1,0,0,,,,,,,,,,inconclusive,coverage row; not a hypothesis test,
condition_coverage,,exp23_closed_loop_local_controller,delayed,seed:27,random_update,complete,planned_condition_coverage,,seed,1,1,0,0,,,,,,,,,,inconclusive,coverage row; not a hypothesis test,
condition_coverage,,exp23_closed_loop_local_controller,delayed,seed:28,random_update,complete,planned_condition_coverage,,seed,1,1,0,0,,,,,,,,,,inconclusive,coverage row; not a hypothesis test,
condition_coverage,,exp23_closed_loop_local_controller,delayed,seed:29,random_update,complete,planned_condition_coverage,,seed,1,1,0,0,,,,,,,,,,inconclusive,coverage row; not a hypothesis test,
condition_coverage,,exp23_closed_loop_local_controller,delayed,seed:3,random_update,complete,planned_condition_coverage,,seed,1,1,0,0,,,,,,,,,,inconclusive,coverage row; not a hypothesis test,
condition_coverage,,exp23_closed_loop_local_controller,delayed,seed:4,random_update,complete,planned_condition_coverage,,seed,1,1,0,0,,,,,,,,,,inconclusive,coverage row; not a hypothesis test,
condition_coverage,,exp23_closed_loop_local_controller,delayed,seed:5,random_update,complete,planned_condition_coverage,,seed,1,1,0,0,,,,,,,,,,inconclusive,coverage row; not a hypothesis test,
condition_coverage,,exp23_closed_loop_local_controller,delayed,seed:6,random_update,complete,planned_condition_coverage,,seed,1,1,0,0,,,,,,,,,,inconclusive,coverage row; not a hypothesis test,
condition_coverage,,exp23_closed_loop_local_controller,delayed,seed:7,random_update,complete,planned_condition_coverage,,seed,1,1,0,0,,,,,,,,,,inconclusive,coverage row; not a hypothesis test,
condition_coverage,,exp23_closed_loop_local_controller,delayed,seed:8,random_update,complete,planned_condition_coverage,,seed,1,1,0,0,,,,,,,,,,inconclusive,coverage row; not a hypothesis test,
condition_coverage,,exp23_closed_loop_local_controller,delayed,seed:9,random_update,complete,planned_condition_coverage,,seed,1,1,0,0,,,,,,,,,,inconclusive,coverage row; not a hypothesis test,
condition_coverage,,exp24_factorized_control_benchmark,,seed:0,frozen,complete,planned_condition_coverage,,seed,1,1,0,0,,,,,,,,,,inconclusive,coverage row; not a hypothesis test,
condition_coverage,,exp24_factorized_control_benchmark,,seed:0,frozen,complete,planned_condition_coverage,,seed,1,1,0,0,,,,,,,,,,inconclusive,coverage row; not a hypothesis test,
condition_coverage,,exp24_factorized_control_benchmark,,seed:1,frozen,complete,planned_condition_coverage,,seed,1,1,0,0,,,,,,,,,,inconclusive,coverage row; not a hypothesis test,
condition_coverage,,exp24_factorized_control_benchmark,,seed:1,frozen,complete,planned_condition_coverage,,seed,1,1,0,0,,,,,,,,,,inconclusive,coverage row; not a hypothesis test,
condition_coverage,,exp24_factorized_control_benchmark,,seed:10,frozen,complete,planned_condition_coverage,,seed,1,1,0,0,,,,,,,,,,inconclusive,coverage row; not a hypothesis test,
condition_coverage,,exp24_factorized_control_benchmark,,seed:10,frozen,complete,planned_condition_coverage,,seed,1,1,0,0,,,,,,,,,,inconclusive,coverage row; not a hypothesis test,
condition_coverage,,exp24_factorized_control_benchmark,,seed:11,frozen,complete,planned_condition_coverage,,seed,1,1,0,0,,,,,,,,,,inconclusive,coverage row; not a hypothesis test,
condition_coverage,,exp24_factorized_control_benchmark,,seed:11,frozen,complete,planned_condition_coverage,,seed,1,1,0,0,,,,,,,,,,inconclusive,coverage row; not a hypothesis test,
condition_coverage,,exp24_factorized_control_benchmark,,seed:12,frozen,complete,planned_condition_coverage,,seed,1,1,0,0,,,,,,,,,,inconclusive,coverage row; not a hypothesis test,
condition_coverage,,exp24_factorized_control_benchmark,,seed:12,frozen,complete,planned_condition_coverage,,seed,1,1,0,0,,,,,,,,,,inconclusive,coverage row; not a hypothesis test,
condition_coverage,,exp24_factorized_control_benchmark,,seed:13,frozen,complete,planned_condition_coverage,,seed,1,1,0,0,,,,,,,,,,inconclusive,coverage row; not a hypothesis test,
condition_coverage,,exp24_factorized_control_benchmark,,seed:13,frozen,complete,planned_condition_coverage,,seed,1,1,0,0,,,,,,,,,,inconclusive,coverage row; not a hypothesis test,
condition_coverage,,exp24_factorized_control_benchmark,,seed:14,frozen,complete,planned_condition_coverage,,seed,1,1,0,0,,,,,,,,,,inconclusive,coverage row; not a hypothesis test,
condition_coverage,,exp24_factorized_control_benchmark,,seed:14,frozen,complete,planned_condition_coverage,,seed,1,1,0,0,,,,,,,,,,inconclusive,coverage row; not a hypothesis test,
condition_coverage,,exp24_factorized_control_benchmark,,seed:15,frozen,complete,planned_condition_coverage,,seed,1,1,0,0,,,,,,,,,,inconclusive,coverage row; not a hypothesis test,
condition_coverage,,exp24_factorized_control_benchmark,,seed:15,frozen,complete,planned_condition_coverage,,seed,1,1,0,0,,,,,,,,,,inconclusive,coverage row; not a hypothesis test,
condition_coverage,,exp24_factorized_control_benchmark,,seed:16,frozen,complete,planned_condition_coverage,,seed,1,1,0,0,,,,,,,,,,inconclusive,coverage row; not a hypothesis test,
condition_coverage,,exp24_factorized_control_benchmark,,seed:16,frozen,complete,planned_condition_coverage,,seed,1,1,0,0,,,,,,,,,,inconclusive,coverage row; not a hypothesis test,
condition_coverage,,exp24_factorized_control_benchmark,,seed:17,frozen,complete,planned_condition_coverage,,seed,1,1,0,0,,,,,,,,,,inconclusive,coverage row; not a hypothesis test,
condition_coverage,,exp24_factorized_control_benchmark,,seed:17,frozen,complete,planned_condition_coverage,,seed,1,1,0,0,,,,,,,,,,inconclusive,coverage row; not a hypothesis test,
condition_coverage,,exp24_factorized_control_benchmark,,seed:18,frozen,complete,planned_condition_coverage,,seed,1,1,0,0,,,,,,,,,,inconclusive,coverage row; not a hypothesis test,
condition_coverage,,exp24_factorized_control_benchmark,,seed:18,frozen,complete,planned_condition_coverage,,seed,1,1,0,0,,,,,,,,,,inconclusive,coverage row; not a hypothesis test,
condition_coverage,,exp24_factorized_control_benchmark,,seed:19,frozen,complete,planned_condition_coverage,,seed,1,1,0,0,,,,,,,,,,inconclusive,coverage row; not a hypothesis test,
condition_coverage,,exp24_factorized_control_benchmark,,seed:19,frozen,complete,planned_condition_coverage,,seed,1,1,0,0,,,,,,,,,,inconclusive,coverage row; not a hypothesis test,
condition_coverage,,exp24_factorized_control_benchmark,,seed:2,frozen,complete,planned_condition_coverage,,seed,1,1,0,0,,,,,,,,,,inconclusive,coverage row; not a hypothesis test,
condition_coverage,,exp24_factorized_control_benchmark,,seed:2,frozen,complete,planned_condition_coverage,,seed,1,1,0,0,,,,,,,,,,inconclusive,coverage row; not a hypothesis test,
condition_coverage,,exp24_factorized_control_benchmark,,seed:20,frozen,complete,planned_condition_coverage,,seed,1,1,0,0,,,,,,,,,,inconclusive,coverage row; not a hypothesis test,
condition_coverage,,exp24_factorized_control_benchmark,,seed:20,frozen,complete,planned_condition_coverage,,seed,1,1,0,0,,,,,,,,,,inconclusive,coverage row; not a hypothesis test,
condition_coverage,,exp24_factorized_control_benchmark,,seed:21,frozen,complete,planned_condition_coverage,,seed,1,1,0,0,,,,,,,,,,inconclusive,coverage row; not a hypothesis test,
condition_coverage,,exp24_factorized_control_benchmark,,seed:21,frozen,complete,planned_condition_coverage,,seed,1,1,0,0,,,,,,,,,,inconclusive,coverage row; not a hypothesis test,
condition_coverage,,exp24_factorized_control_benchmark,,seed:22,frozen,complete,planned_condition_coverage,,seed,1,1,0,0,,,,,,,,,,inconclusive,coverage row; not a hypothesis test,
condition_coverage,,exp24_factorized_control_benchmark,,seed:22,frozen,complete,planned_condition_coverage,,seed,1,1,0,0,,,,,,,,,,inconclusive,coverage row; not a hypothesis test,
condition_coverage,,exp24_factorized_control_benchmark,,seed:23,frozen,complete,planned_condition_coverage,,seed,1,1,0,0,,,,,,,,,,inconclusive,coverage row; not a hypothesis test,
condition_coverage,,exp24_factorized_control_benchmark,,seed:23,frozen,complete,planned_condition_coverage,,seed,1,1,0,0,,,,,,,,,,inconclusive,coverage row; not a hypothesis test,
condition_coverage,,exp24_factorized_control_benchmark,,seed:24,frozen,complete,planned_condition_coverage,,seed,1,1,0,0,,,,,,,,,,inconclusive,coverage row; not a hypothesis test,
condition_coverage,,exp24_factorized_control_benchmark,,seed:24,frozen,complete,planned_condition_coverage,,seed,1,1,0,0,,,,,,,,,,inconclusive,coverage row; not a hypothesis test,
condition_coverage,,exp24_factorized_control_benchmark,,seed:25,frozen,complete,planned_condition_coverage,,seed,1,1,0,0,,,,,,,,,,inconclusive,coverage row; not a hypothesis test,
condition_coverage,,exp24_factorized_control_benchmark,,seed:25,frozen,complete,planned_condition_coverage,,seed,1,1,0,0,,,,,,,,,,inconclusive,coverage row; not a hypothesis test,
condition_coverage,,exp24_factorized_control_benchmark,,seed:26,frozen,complete,planned_condition_coverage,,seed,1,1,0,0,,,,,,,,,,inconclusive,coverage row; not a hypothesis test,
condition_coverage,,exp24_factorized_control_benchmark,,seed:26,frozen,complete,planned_condition_coverage,,seed,1,1,0,0,,,,,,,,,,inconclusive,coverage row; not a hypothesis test,
condition_coverage,,exp24_factorized_control_benchmark,,seed:27,frozen,complete,planned_condition_coverage,,seed,1,1,0,0,,,,,,,,,,inconclusive,coverage row; not a hypothesis test,
condition_coverage,,exp24_factorized_control_benchmark,,seed:27,frozen,complete,planned_condition_coverage,,seed,1,1,0,0,,,,,,,,,,inconclusive,coverage row; not a hypothesis test,
condition_coverage,,exp24_factorized_control_benchmark,,seed:28,frozen,complete,planned_condition_coverage,,seed,1,1,0,0,,,,,,,,,,inconclusive,coverage row; not a hypothesis test,
condition_coverage,,exp24_factorized_control_benchmark,,seed:28,frozen,complete,planned_condition_coverage,,seed,1,1,0,0,,,,,,,,,,inconclusive,coverage row; not a hypothesis test,
condition_coverage,,exp24_factorized_control_benchmark,,seed:29,frozen,complete,planned_condition_coverage,,seed,1,1,0,0,,,,,,,,,,inconclusive,coverage row; not a hypothesis test,
condition_coverage,,exp24_factorized_control_benchmark,,seed:29,frozen,complete,planned_condition_coverage,,seed,1,1,0,0,,,,,,,,,,inconclusive,coverage row; not a hypothesis test,
condition_coverage,,exp24_factorized_control_benchmark,,seed:3,frozen,complete,planned_condition_coverage,,seed,1,1,0,0,,,,,,,,,,inconclusive,coverage row; not a hypothesis test,
condition_coverage,,exp24_factorized_control_benchmark,,seed:3,frozen,complete,planned_condition_coverage,,seed,1,1,0,0,,,,,,,,,,inconclusive,coverage row; not a hypothesis test,
condition_coverage,,exp24_factorized_control_benchmark,,seed:4,frozen,complete,planned_condition_coverage,,seed,1,1,0,0,,,,,,,,,,inconclusive,coverage row; not a hypothesis test,
condition_coverage,,exp24_factorized_control_benchmark,,seed:4,frozen,complete,planned_condition_coverage,,seed,1,1,0,0,,,,,,,,,,inconclusive,coverage row; not a hypothesis test,
condition_coverage,,exp24_factorized_control_benchmark,,seed:5,frozen,complete,planned_condition_coverage,,seed,1,1,0,0,,,,,,,,,,inconclusive,coverage row; not a hypothesis test,
condition_coverage,,exp24_factorized_control_benchmark,,seed:5,frozen,complete,planned_condition_coverage,,seed,1,1,0,0,,,,,,,,,,inconclusive,coverage row; not a hypothesis test,
condition_coverage,,exp24_factorized_control_benchmark,,seed:6,frozen,complete,planned_condition_coverage,,seed,1,1,0,0,,,,,,,,,,inconclusive,coverage row; not a hypothesis test,
condition_coverage,,exp24_factorized_control_benchmark,,seed:6,frozen,complete,planned_condition_coverage,,seed,1,1,0,0,,,,,,,,,,inconclusive,coverage row; not a hypothesis test,
condition_coverage,,exp24_factorized_control_benchmark,,seed:7,frozen,complete,planned_condition_coverage,,seed,1,1,0,0,,,,,,,,,,inconclusive,coverage row; not a hypothesis test,
condition_coverage,,exp24_factorized_control_benchmark,,seed:7,frozen,complete,planned_condition_coverage,,seed,1,1,0,0,,,,,,,,,,inconclusive,coverage row; not a hypothesis test,
condition_coverage,,exp24_factorized_control_benchmark,,seed:8,frozen,complete,planned_condition_coverage,,seed,1,1,0,0,,,,,,,,,,inconclusive,coverage row; not a hypothesis test,
condition_coverage,,exp24_factorized_control_benchmark,,seed:8,frozen,complete,planned_condition_coverage,,seed,1,1,0,0,,,,,,,,,,inconclusive,coverage row; not a hypothesis test,
condition_coverage,,exp24_factorized_control_benchmark,,seed:9,frozen,complete,planned_condition_coverage,,seed,1,1,0,0,,,,,,,,,,inconclusive,coverage row; not a hypothesis test,
condition_coverage,,exp24_factorized_control_benchmark,,seed:9,frozen,complete,planned_condition_coverage,,seed,1,1,0,0,,,,,,,,,,inconclusive,coverage row; not a hypothesis test,
condition_coverage,,exp24_factorized_control_benchmark,,seed:0,gain,complete,planned_condition_coverage,,seed,1,1,0,0,,,,,,,,,,inconclusive,coverage row; not a hypothesis test,
condition_coverage,,exp24_factorized_control_benchmark,,seed:0,gain,complete,planned_condition_coverage,,seed,1,1,0,0,,,,,,,,,,inconclusive,coverage row; not a hypothesis test,
condition_coverage,,exp24_factorized_control_benchmark,,seed:1,gain,complete,planned_condition_coverage,,seed,1,1,0,0,,,,,,,,,,inconclusive,coverage row; not a hypothesis test,
condition_coverage,,exp24_factorized_control_benchmark,,seed:1,gain,complete,planned_condition_coverage,,seed,1,1,0,0,,,,,,,,,,inconclusive,coverage row; not a hypothesis test,
condition_coverage,,exp24_factorized_control_benchmark,,seed:10,gain,complete,planned_condition_coverage,,seed,1,1,0,0,,,,,,,,,,inconclusive,coverage row; not a hypothesis test,
condition_coverage,,exp24_factorized_control_benchmark,,seed:10,gain,complete,planned_condition_coverage,,seed,1,1,0,0,,,,,,,,,,inconclusive,coverage row; not a hypothesis test,
condition_coverage,,exp24_factorized_control_benchmark,,seed:11,gain,complete,planned_condition_coverage,,seed,1,1,0,0,,,,,,,,,,inconclusive,coverage row; not a hypothesis test,
condition_coverage,,exp24_factorized_control_benchmark,,seed:11,gain,complete,planned_condition_coverage,,seed,1,1,0,0,,,,,,,,,,inconclusive,coverage row; not a hypothesis test,
condition_coverage,,exp24_factorized_control_benchmark,,seed:12,gain,complete,planned_condition_coverage,,seed,1,1,0,0,,,,,,,,,,inconclusive,coverage row; not a hypothesis test,
condition_coverage,,exp24_factorized_control_benchmark,,seed:12,gain,complete,planned_condition_coverage,,seed,1,1,0,0,,,,,,,,,,inconclusive,coverage row; not a hypothesis test,
condition_coverage,,exp24_factorized_control_benchmark,,seed:13,gain,complete,planned_condition_coverage,,seed,1,1,0,0,,,,,,,,,,inconclusive,coverage row; not a hypothesis test,
condition_coverage,,exp24_factorized_control_benchmark,,seed:13,gain,complete,planned_condition_coverage,,seed,1,1,0,0,,,,,,,,,,inconclusive,coverage row; not a hypothesis test,
condition_coverage,,exp24_factorized_control_benchmark,,seed:14,gain,complete,planned_condition_coverage,,seed,1,1,0,0,,,,,,,,,,inconclusive,coverage row; not a hypothesis test,
condition_coverage,,exp24_factorized_control_benchmark,,seed:14,gain,complete,planned_condition_coverage,,seed,1,1,0,0,,,,,,,,,,inconclusive,coverage row; not a hypothesis test,
condition_coverage,,exp24_factorized_control_benchmark,,seed:15,gain,complete,planned_condition_coverage,,seed,1,1,0,0,,,,,,,,,,inconclusive,coverage row; not a hypothesis test,
condition_coverage,,exp24_factorized_control_benchmark,,seed:15,gain,complete,planned_condition_coverage,,seed,1,1,0,0,,,,,,,,,,inconclusive,coverage row; not a hypothesis test,
condition_coverage,,exp24_factorized_control_benchmark,,seed:16,gain,complete,planned_condition_coverage,,seed,1,1,0,0,,,,,,,,,,inconclusive,coverage row; not a hypothesis test,
condition_coverage,,exp24_factorized_control_benchmark,,seed:16,gain,complete,planned_condition_coverage,,seed,1,1,0,0,,,,,,,,,,inconclusive,coverage row; not a hypothesis test,
condition_coverage,,exp24_factorized_control_benchmark,,seed:17,gain,complete,planned_condition_coverage,,seed,1,1,0,0,,,,,,,,,,inconclusive,coverage row; not a hypothesis test,
condition_coverage,,exp24_factorized_control_benchmark,,seed:17,gain,complete,planned_condition_coverage,,seed,1,1,0,0,,,,,,,,,,inconclusive,coverage row; not a hypothesis test,
condition_coverage,,exp24_factorized_control_benchmark,,seed:18,gain,complete,planned_condition_coverage,,seed,1,1,0,0,,,,,,,,,,inconclusive,coverage row; not a hypothesis test,
condition_coverage,,exp24_factorized_control_benchmark,,seed:18,gain,complete,planned_condition_coverage,,seed,1,1,0,0,,,,,,,,,,inconclusive,coverage row; not a hypothesis test,
condition_coverage,,exp24_factorized_control_benchmark,,seed:19,gain,complete,planned_condition_coverage,,seed,1,1,0,0,,,,,,,,,,inconclusive,coverage row; not a hypothesis test,
condition_coverage,,exp24_factorized_control_benchmark,,seed:19,gain,complete,planned_condition_coverage,,seed,1,1,0,0,,,,,,,,,,inconclusive,coverage row; not a hypothesis test,
condition_coverage,,exp24_factorized_control_benchmark,,seed:2,gain,complete,planned_condition_coverage,,seed,1,1,0,0,,,,,,,,,,inconclusive,coverage row; not a hypothesis test,
condition_coverage,,exp24_factorized_control_benchmark,,seed:2,gain,complete,planned_condition_coverage,,seed,1,1,0,0,,,,,,,,,,inconclusive,coverage row; not a hypothesis test,
condition_coverage,,exp24_factorized_control_benchmark,,seed:20,gain,complete,planned_condition_coverage,,seed,1,1,0,0,,,,,,,,,,inconclusive,coverage row; not a hypothesis test,
condition_coverage,,exp24_factorized_control_benchmark,,seed:20,gain,complete,planned_condition_coverage,,seed,1,1,0,0,,,,,,,,,,inconclusive,coverage row; not a hypothesis test,
condition_coverage,,exp24_factorized_control_benchmark,,seed:21,gain,complete,planned_condition_coverage,,seed,1,1,0,0,,,,,,,,,,inconclusive,coverage row; not a hypothesis test,
condition_coverage,,exp24_factorized_control_benchmark,,seed:21,gain,complete,planned_condition_coverage,,seed,1,1,0,0,,,,,,,,,,inconclusive,coverage row; not a hypothesis test,
condition_coverage,,exp24_factorized_control_benchmark,,seed:22,gain,complete,planned_condition_coverage,,seed,1,1,0,0,,,,,,,,,,inconclusive,coverage row; not a hypothesis test,
condition_coverage,,exp24_factorized_control_benchmark,,seed:22,gain,complete,planned_condition_coverage,,seed,1,1,0,0,,,,,,,,,,inconclusive,coverage row; not a hypothesis test,
condition_coverage,,exp24_factorized_control_benchmark,,seed:23,gain,complete,planned_condition_coverage,,seed,1,1,0,0,,,,,,,,,,inconclusive,coverage row; not a hypothesis test,
condition_coverage,,exp24_factorized_control_benchmark,,seed:23,gain,complete,planned_condition_coverage,,seed,1,1,0,0,,,,,,,,,,inconclusive,coverage row; not a hypothesis test,
condition_coverage,,exp24_factorized_control_benchmark,,seed:24,gain,complete,planned_condition_coverage,,seed,1,1,0,0,,,,,,,,,,inconclusive,coverage row; not a hypothesis test,
condition_coverage,,exp24_factorized_control_benchmark,,seed:24,gain,complete,planned_condition_coverage,,seed,1,1,0,0,,,,,,,,,,inconclusive,coverage row; not a hypothesis test,
condition_coverage,,exp24_factorized_control_benchmark,,seed:25,gain,complete,planned_condition_coverage,,seed,1,1,0,0,,,,,,,,,,inconclusive,coverage row; not a hypothesis test,
condition_coverage,,exp24_factorized_control_benchmark,,seed:25,gain,complete,planned_condition_coverage,,seed,1,1,0,0,,,,,,,,,,inconclusive,coverage row; not a hypothesis test,
condition_coverage,,exp24_factorized_control_benchmark,,seed:26,gain,complete,planned_condition_coverage,,seed,1,1,0,0,,,,,,,,,,inconclusive,coverage row; not a hypothesis test,
condition_coverage,,exp24_factorized_control_benchmark,,seed:26,gain,complete,planned_condition_coverage,,seed,1,1,0,0,,,,,,,,,,inconclusive,coverage row; not a hypothesis test,
condition_coverage,,exp24_factorized_control_benchmark,,seed:27,gain,complete,planned_condition_coverage,,seed,1,1,0,0,,,,,,,,,,inconclusive,coverage row; not a hypothesis test,
condition_coverage,,exp24_factorized_control_benchmark,,seed:27,gain,complete,planned_condition_coverage,,seed,1,1,0,0,,,,,,,,,,inconclusive,coverage row; not a hypothesis test,
condition_coverage,,exp24_factorized_control_benchmark,,seed:28,gain,complete,planned_condition_coverage,,seed,1,1,0,0,,,,,,,,,,inconclusive,coverage row; not a hypothesis test,
condition_coverage,,exp24_factorized_control_benchmark,,seed:28,gain,complete,planned_condition_coverage,,seed,1,1,0,0,,,,,,,,,,inconclusive,coverage row; not a hypothesis test,
condition_coverage,,exp24_factorized_control_benchmark,,seed:29,gain,complete,planned_condition_coverage,,seed,1,1,0,0,,,,,,,,,,inconclusive,coverage row; not a hypothesis test,
condition_coverage,,exp24_factorized_control_benchmark,,seed:29,gain,complete,planned_condition_coverage,,seed,1,1,0,0,,,,,,,,,,inconclusive,coverage row; not a hypothesis test,
condition_coverage,,exp24_factorized_control_benchmark,,seed:3,gain,complete,planned_condition_coverage,,seed,1,1,0,0,,,,,,,,,,inconclusive,coverage row; not a hypothesis test,
condition_coverage,,exp24_factorized_control_benchmark,,seed:3,gain,complete,planned_condition_coverage,,seed,1,1,0,0,,,,,,,,,,inconclusive,coverage row; not a hypothesis test,
condition_coverage,,exp24_factorized_control_benchmark,,seed:4,gain,complete,planned_condition_coverage,,seed,1,1,0,0,,,,,,,,,,inconclusive,coverage row; not a hypothesis test,
condition_coverage,,exp24_factorized_control_benchmark,,seed:4,gain,complete,planned_condition_coverage,,seed,1,1,0,0,,,,,,,,,,inconclusive,coverage row; not a hypothesis test,
condition_coverage,,exp24_factorized_control_benchmark,,seed:5,gain,complete,planned_condition_coverage,,seed,1,1,0,0,,,,,,,,,,inconclusive,coverage row; not a hypothesis test,
condition_coverage,,exp24_factorized_control_benchmark,,seed:5,gain,complete,planned_condition_coverage,,seed,1,1,0,0,,,,,,,,,,inconclusive,coverage row; not a hypothesis test,
condition_coverage,,exp24_factorized_control_benchmark,,seed:6,gain,complete,planned_condition_coverage,,seed,1,1,0,0,,,,,,,,,,inconclusive,coverage row; not a hypothesis test,
condition_coverage,,exp24_factorized_control_benchmark,,seed:6,gain,complete,planned_condition_coverage,,seed,1,1,0,0,,,,,,,,,,inconclusive,coverage row; not a hypothesis test,
condition_coverage,,exp24_factorized_control_benchmark,,seed:7,gain,complete,planned_condition_coverage,,seed,1,1,0,0,,,,,,,,,,inconclusive,coverage row; not a hypothesis test,
condition_coverage,,exp24_factorized_control_benchmark,,seed:7,gain,complete,planned_condition_coverage,,seed,1,1,0,0,,,,,,,,,,inconclusive,coverage row; not a hypothesis test,
condition_coverage,,exp24_factorized_control_benchmark,,seed:8,gain,complete,planned_condition_coverage,,seed,1,1,0,0,,,,,,,,,,inconclusive,coverage row; not a hypothesis test,
condition_coverage,,exp24_factorized_control_benchmark,,seed:8,gain,complete,planned_condition_coverage,,seed,1,1,0,0,,,,,,,,,,inconclusive,coverage row; not a hypothesis test,
condition_coverage,,exp24_factorized_control_benchmark,,seed:9,gain,complete,planned_condition_coverage,,seed,1,1,0,0,,,,,,,,,,inconclusive,coverage row; not a hypothesis test,
condition_coverage,,exp24_factorized_control_benchmark,,seed:9,gain,complete,planned_condition_coverage,,seed,1,1,0,0,,,,,,,,,,inconclusive,coverage row; not a hypothesis test,
condition_coverage,,exp24_factorized_control_benchmark,,seed:0,low_rank,complete,planned_condition_coverage,,seed,1,1,0,0,,,,,,,,,,inconclusive,coverage row; not a hypothesis test,
condition_coverage,,exp24_factorized_control_benchmark,,seed:0,low_rank,complete,planned_condition_coverage,,seed,1,1,0,0,,,,,,,,,,inconclusive,coverage row; not a hypothesis test,
condition_coverage,,exp24_factorized_control_benchmark,,seed:1,low_rank,complete,planned_condition_coverage,,seed,1,1,0,0,,,,,,,,,,inconclusive,coverage row; not a hypothesis test,
condition_coverage,,exp24_factorized_control_benchmark,,seed:1,low_rank,complete,planned_condition_coverage,,seed,1,1,0,0,,,,,,,,,,inconclusive,coverage row; not a hypothesis test,
condition_coverage,,exp24_factorized_control_benchmark,,seed:10,low_rank,complete,planned_condition_coverage,,seed,1,1,0,0,,,,,,,,,,inconclusive,coverage row; not a hypothesis test,
condition_coverage,,exp24_factorized_control_benchmark,,seed:10,low_rank,complete,planned_condition_coverage,,seed,1,1,0,0,,,,,,,,,,inconclusive,coverage row; not a hypothesis test,
condition_coverage,,exp24_factorized_control_benchmark,,seed:11,low_rank,complete,planned_condition_coverage,,seed,1,1,0,0,,,,,,,,,,inconclusive,coverage row; not a hypothesis test,
condition_coverage,,exp24_factorized_control_benchmark,,seed:11,low_rank,complete,planned_condition_coverage,,seed,1,1,0,0,,,,,,,,,,inconclusive,coverage row; not a hypothesis test,
condition_coverage,,exp24_factorized_control_benchmark,,seed:12,low_rank,complete,planned_condition_coverage,,seed,1,1,0,0,,,,,,,,,,inconclusive,coverage row; not a hypothesis test,
condition_coverage,,exp24_factorized_control_benchmark,,seed:12,low_rank,complete,planned_condition_coverage,,seed,1,1,0,0,,,,,,,,,,inconclusive,coverage row; not a hypothesis test,
condition_coverage,,exp24_factorized_control_benchmark,,seed:13,low_rank,complete,planned_condition_coverage,,seed,1,1,0,0,,,,,,,,,,inconclusive,coverage row; not a hypothesis test,
condition_coverage,,exp24_factorized_control_benchmark,,seed:13,low_rank,complete,planned_condition_coverage,,seed,1,1,0,0,,,,,,,,,,inconclusive,coverage row; not a hypothesis test,
condition_coverage,,exp24_factorized_control_benchmark,,seed:14,low_rank,complete,planned_condition_coverage,,seed,1,1,0,0,,,,,,,,,,inconclusive,coverage row; not a hypothesis test,
condition_coverage,,exp24_factorized_control_benchmark,,seed:14,low_rank,complete,planned_condition_coverage,,seed,1,1,0,0,,,,,,,,,,inconclusive,coverage row; not a hypothesis test,
condition_coverage,,exp24_factorized_control_benchmark,,seed:15,low_rank,complete,planned_condition_coverage,,seed,1,1,0,0,,,,,,,,,,inconclusive,coverage row; not a hypothesis test,
condition_coverage,,exp24_factorized_control_benchmark,,seed:15,low_rank,complete,planned_condition_coverage,,seed,1,1,0,0,,,,,,,,,,inconclusive,coverage row; not a hypothesis test,
condition_coverage,,exp24_factorized_control_benchmark,,seed:16,low_rank,complete,planned_condition_coverage,,seed,1,1,0,0,,,,,,,,,,inconclusive,coverage row; not a hypothesis test,
condition_coverage,,exp24_factorized_control_benchmark,,seed:16,low_rank,complete,planned_condition_coverage,,seed,1,1,0,0,,,,,,,,,,inconclusive,coverage row; not a hypothesis test,
condition_coverage,,exp24_factorized_control_benchmark,,seed:17,low_rank,complete,planned_condition_coverage,,seed,1,1,0,0,,,,,,,,,,inconclusive,coverage row; not a hypothesis test,
condition_coverage,,exp24_factorized_control_benchmark,,seed:17,low_rank,complete,planned_condition_coverage,,seed,1,1,0,0,,,,,,,,,,inconclusive,coverage row; not a hypothesis test,
condition_coverage,,exp24_factorized_control_benchmark,,seed:18,low_rank,complete,planned_condition_coverage,,seed,1,1,0,0,,,,,,,,,,inconclusive,coverage row; not a hypothesis test,
condition_coverage,,exp24_factorized_control_benchmark,,seed:18,low_rank,complete,planned_condition_coverage,,seed,1,1,0,0,,,,,,,,,,inconclusive,coverage row; not a hypothesis test,
condition_coverage,,exp24_factorized_control_benchmark,,seed:19,low_rank,complete,planned_condition_coverage,,seed,1,1,0,0,,,,,,,,,,inconclusive,coverage row; not a hypothesis test,
condition_coverage,,exp24_factorized_control_benchmark,,seed:19,low_rank,complete,planned_condition_coverage,,seed,1,1,0,0,,,,,,,,,,inconclusive,coverage row; not a hypothesis test,
condition_coverage,,exp24_factorized_control_benchmark,,seed:2,low_rank,complete,planned_condition_coverage,,seed,1,1,0,0,,,,,,,,,,inconclusive,coverage row; not a hypothesis test,
condition_coverage,,exp24_factorized_control_benchmark,,seed:2,low_rank,complete,planned_condition_coverage,,seed,1,1,0,0,,,,,,,,,,inconclusive,coverage row; not a hypothesis test,
condition_coverage,,exp24_factorized_control_benchmark,,seed:20,low_rank,complete,planned_condition_coverage,,seed,1,1,0,0,,,,,,,,,,inconclusive,coverage row; not a hypothesis test,
condition_coverage,,exp24_factorized_control_benchmark,,seed:20,low_rank,complete,planned_condition_coverage,,seed,1,1,0,0,,,,,,,,,,inconclusive,coverage row; not a hypothesis test,
condition_coverage,,exp24_factorized_control_benchmark,,seed:21,low_rank,complete,planned_condition_coverage,,seed,1,1,0,0,,,,,,,,,,inconclusive,coverage row; not a hypothesis test,
condition_coverage,,exp24_factorized_control_benchmark,,seed:21,low_rank,complete,planned_condition_coverage,,seed,1,1,0,0,,,,,,,,,,inconclusive,coverage row; not a hypothesis test,
condition_coverage,,exp24_factorized_control_benchmark,,seed:22,low_rank,complete,planned_condition_coverage,,seed,1,1,0,0,,,,,,,,,,inconclusive,coverage row; not a hypothesis test,
condition_coverage,,exp24_factorized_control_benchmark,,seed:22,low_rank,complete,planned_condition_coverage,,seed,1,1,0,0,,,,,,,,,,inconclusive,coverage row; not a hypothesis test,
condition_coverage,,exp24_factorized_control_benchmark,,seed:23,low_rank,complete,planned_condition_coverage,,seed,1,1,0,0,,,,,,,,,,inconclusive,coverage row; not a hypothesis test,
condition_coverage,,exp24_factorized_control_benchmark,,seed:23,low_rank,complete,planned_condition_coverage,,seed,1,1,0,0,,,,,,,,,,inconclusive,coverage row; not a hypothesis test,
condition_coverage,,exp24_factorized_control_benchmark,,seed:24,low_rank,complete,planned_condition_coverage,,seed,1,1,0,0,,,,,,,,,,inconclusive,coverage row; not a hypothesis test,
condition_coverage,,exp24_factorized_control_benchmark,,seed:24,low_rank,complete,planned_condition_coverage,,seed,1,1,0,0,,,,,,,,,,inconclusive,coverage row; not a hypothesis test,
condition_coverage,,exp24_factorized_control_benchmark,,seed:25,low_rank,complete,planned_condition_coverage,,seed,1,1,0,0,,,,,,,,,,inconclusive,coverage row; not a hypothesis test,
condition_coverage,,exp24_factorized_control_benchmark,,seed:25,low_rank,complete,planned_condition_coverage,,seed,1,1,0,0,,,,,,,,,,inconclusive,coverage row; not a hypothesis test,
condition_coverage,,exp24_factorized_control_benchmark,,seed:26,low_rank,complete,planned_condition_coverage,,seed,1,1,0,0,,,,,,,,,,inconclusive,coverage row; not a hypothesis test,
condition_coverage,,exp24_factorized_control_benchmark,,seed:26,low_rank,complete,planned_condition_coverage,,seed,1,1,0,0,,,,,,,,,,inconclusive,coverage row; not a hypothesis test,
condition_coverage,,exp24_factorized_control_benchmark,,seed:27,low_rank,complete,planned_condition_coverage,,seed,1,1,0,0,,,,,,,,,,inconclusive,coverage row; not a hypothesis test,
condition_coverage,,exp24_factorized_control_benchmark,,seed:27,low_rank,complete,planned_condition_coverage,,seed,1,1,0,0,,,,,,,,,,inconclusive,coverage row; not a hypothesis test,
condition_coverage,,exp24_factorized_control_benchmark,,seed:28,low_rank,complete,planned_condition_coverage,,seed,1,1,0,0,,,,,,,,,,inconclusive,coverage row; not a hypothesis test,
condition_coverage,,exp24_factorized_control_benchmark,,seed:28,low_rank,complete,planned_condition_coverage,,seed,1,1,0,0,,,,,,,,,,inconclusive,coverage row; not a hypothesis test,
condition_coverage,,exp24_factorized_control_benchmark,,seed:29,low_rank,complete,planned_condition_coverage,,seed,1,1,0,0,,,,,,,,,,inconclusive,coverage row; not a hypothesis test,
condition_coverage,,exp24_factorized_control_benchmark,,seed:29,low_rank,complete,planned_condition_coverage,,seed,1,1,0,0,,,,,,,,,,inconclusive,coverage row; not a hypothesis test,
condition_coverage,,exp24_factorized_control_benchmark,,seed:3,low_rank,complete,planned_condition_coverage,,seed,1,1,0,0,,,,,,,,,,inconclusive,coverage row; not a hypothesis test,
condition_coverage,,exp24_factorized_control_benchmark,,seed:3,low_rank,complete,planned_condition_coverage,,seed,1,1,0,0,,,,,,,,,,inconclusive,coverage row; not a hypothesis test,
condition_coverage,,exp24_factorized_control_benchmark,,seed:4,low_rank,complete,planned_condition_coverage,,seed,1,1,0,0,,,,,,,,,,inconclusive,coverage row; not a hypothesis test,
condition_coverage,,exp24_factorized_control_benchmark,,seed:4,low_rank,complete,planned_condition_coverage,,seed,1,1,0,0,,,,,,,,,,inconclusive,coverage row; not a hypothesis test,
condition_coverage,,exp24_factorized_control_benchmark,,seed:5,low_rank,complete,planned_condition_coverage,,seed,1,1,0,0,,,,,,,,,,inconclusive,coverage row; not a hypothesis test,
condition_coverage,,exp24_factorized_control_benchmark,,seed:5,low_rank,complete,planned_condition_coverage,,seed,1,1,0,0,,,,,,,,,,inconclusive,coverage row; not a hypothesis test,
condition_coverage,,exp24_factorized_control_benchmark,,seed:6,low_rank,complete,planned_condition_coverage,,seed,1,1,0,0,,,,,,,,,,inconclusive,coverage row; not a hypothesis test,
condition_coverage,,exp24_factorized_control_benchmark,,seed:6,low_rank,complete,planned_condition_coverage,,seed,1,1,0,0,,,,,,,,,,inconclusive,coverage row; not a hypothesis test,
condition_coverage,,exp24_factorized_control_benchmark,,seed:7,low_rank,complete,planned_condition_coverage,,seed,1,1,0,0,,,,,,,,,,inconclusive,coverage row; not a hypothesis test,
condition_coverage,,exp24_factorized_control_benchmark,,seed:7,low_rank,complete,planned_condition_coverage,,seed,1,1,0,0,,,,,,,,,,inconclusive,coverage row; not a hypothesis test,
condition_coverage,,exp24_factorized_control_benchmark,,seed:8,low_rank,complete,planned_condition_coverage,,seed,1,1,0,0,,,,,,,,,,inconclusive,coverage row; not a hypothesis test,
condition_coverage,,exp24_factorized_control_benchmark,,seed:8,low_rank,complete,planned_condition_coverage,,seed,1,1,0,0,,,,,,,,,,inconclusive,coverage row; not a hypothesis test,
condition_coverage,,exp24_factorized_control_benchmark,,seed:9,low_rank,complete,planned_condition_coverage,,seed,1,1,0,0,,,,,,,,,,inconclusive,coverage row; not a hypothesis test,
condition_coverage,,exp24_factorized_control_benchmark,,seed:9,low_rank,complete,planned_condition_coverage,,seed,1,1,0,0,,,,,,,,,,inconclusive,coverage row; not a hypothesis test,
condition_coverage,,exp24_factorized_control_benchmark,,seed:0,rgl,complete,planned_condition_coverage,,seed,1,1,0,0,,,,,,,,,,inconclusive,coverage row; not a hypothesis test,
condition_coverage,,exp24_factorized_control_benchmark,,seed:0,rgl,complete,planned_condition_coverage,,seed,1,1,0,0,,,,,,,,,,inconclusive,coverage row; not a hypothesis test,
condition_coverage,,exp24_factorized_control_benchmark,,seed:1,rgl,complete,planned_condition_coverage,,seed,1,1,0,0,,,,,,,,,,inconclusive,coverage row; not a hypothesis test,
condition_coverage,,exp24_factorized_control_benchmark,,seed:1,rgl,complete,planned_condition_coverage,,seed,1,1,0,0,,,,,,,,,,inconclusive,coverage row; not a hypothesis test,
condition_coverage,,exp24_factorized_control_benchmark,,seed:10,rgl,complete,planned_condition_coverage,,seed,1,1,0,0,,,,,,,,,,inconclusive,coverage row; not a hypothesis test,
condition_coverage,,exp24_factorized_control_benchmark,,seed:10,rgl,complete,planned_condition_coverage,,seed,1,1,0,0,,,,,,,,,,inconclusive,coverage row; not a hypothesis test,
condition_coverage,,exp24_factorized_control_benchmark,,seed:11,rgl,complete,planned_condition_coverage,,seed,1,1,0,0,,,,,,,,,,inconclusive,coverage row; not a hypothesis test,
condition_coverage,,exp24_factorized_control_benchmark,,seed:11,rgl,complete,planned_condition_coverage,,seed,1,1,0,0,,,,,,,,,,inconclusive,coverage row; not a hypothesis test,
condition_coverage,,exp24_factorized_control_benchmark,,seed:12,rgl,complete,planned_condition_coverage,,seed,1,1,0,0,,,,,,,,,,inconclusive,coverage row; not a hypothesis test,
condition_coverage,,exp24_factorized_control_benchmark,,seed:12,rgl,complete,planned_condition_coverage,,seed,1,1,0,0,,,,,,,,,,inconclusive,coverage row; not a hypothesis test,
condition_coverage,,exp24_factorized_control_benchmark,,seed:13,rgl,complete,planned_condition_coverage,,seed,1,1,0,0,,,,,,,,,,inconclusive,coverage row; not a hypothesis test,
condition_coverage,,exp24_factorized_control_benchmark,,seed:13,rgl,complete,planned_condition_coverage,,seed,1,1,0,0,,,,,,,,,,inconclusive,coverage row; not a hypothesis test,
condition_coverage,,exp24_factorized_control_benchmark,,seed:14,rgl,complete,planned_condition_coverage,,seed,1,1,0,0,,,,,,,,,,inconclusive,coverage row; not a hypothesis test,
condition_coverage,,exp24_factorized_control_benchmark,,seed:14,rgl,complete,planned_condition_coverage,,seed,1,1,0,0,,,,,,,,,,inconclusive,coverage row; not a hypothesis test,
condition_coverage,,exp24_factorized_control_benchmark,,seed:15,rgl,complete,planned_condition_coverage,,seed,1,1,0,0,,,,,,,,,,inconclusive,coverage row; not a hypothesis test,
condition_coverage,,exp24_factorized_control_benchmark,,seed:15,rgl,complete,planned_condition_coverage,,seed,1,1,0,0,,,,,,,,,,inconclusive,coverage row; not a hypothesis test,
condition_coverage,,exp24_factorized_control_benchmark,,seed:16,rgl,complete,planned_condition_coverage,,seed,1,1,0,0,,,,,,,,,,inconclusive,coverage row; not a hypothesis test,
condition_coverage,,exp24_factorized_control_benchmark,,seed:16,rgl,complete,planned_condition_coverage,,seed,1,1,0,0,,,,,,,,,,inconclusive,coverage row; not a hypothesis test,
condition_coverage,,exp24_factorized_control_benchmark,,seed:17,rgl,complete,planned_condition_coverage,,seed,1,1,0,0,,,,,,,,,,inconclusive,coverage row; not a hypothesis test,
condition_coverage,,exp24_factorized_control_benchmark,,seed:17,rgl,complete,planned_condition_coverage,,seed,1,1,0,0,,,,,,,,,,inconclusive,coverage row; not a hypothesis test,
condition_coverage,,exp24_factorized_control_benchmark,,seed:18,rgl,complete,planned_condition_coverage,,seed,1,1,0,0,,,,,,,,,,inconclusive,coverage row; not a hypothesis test,
condition_coverage,,exp24_factorized_control_benchmark,,seed:18,rgl,complete,planned_condition_coverage,,seed,1,1,0,0,,,,,,,,,,inconclusive,coverage row; not a hypothesis test,
condition_coverage,,exp24_factorized_control_benchmark,,seed:19,rgl,complete,planned_condition_coverage,,seed,1,1,0,0,,,,,,,,,,inconclusive,coverage row; not a hypothesis test,
condition_coverage,,exp24_factorized_control_benchmark,,seed:19,rgl,complete,planned_condition_coverage,,seed,1,1,0,0,,,,,,,,,,inconclusive,coverage row; not a hypothesis test,
condition_coverage,,exp24_factorized_control_benchmark,,seed:2,rgl,complete,planned_condition_coverage,,seed,1,1,0,0,,,,,,,,,,inconclusive,coverage row; not a hypothesis test,
condition_coverage,,exp24_factorized_control_benchmark,,seed:2,rgl,complete,planned_condition_coverage,,seed,1,1,0,0,,,,,,,,,,inconclusive,coverage row; not a hypothesis test,
condition_coverage,,exp24_factorized_control_benchmark,,seed:20,rgl,complete,planned_condition_coverage,,seed,1,1,0,0,,,,,,,,,,inconclusive,coverage row; not a hypothesis test,
condition_coverage,,exp24_factorized_control_benchmark,,seed:20,rgl,complete,planned_condition_coverage,,seed,1,1,0,0,,,,,,,,,,inconclusive,coverage row; not a hypothesis test,
condition_coverage,,exp24_factorized_control_benchmark,,seed:21,rgl,complete,planned_condition_coverage,,seed,1,1,0,0,,,,,,,,,,inconclusive,coverage row; not a hypothesis test,
condition_coverage,,exp24_factorized_control_benchmark,,seed:21,rgl,complete,planned_condition_coverage,,seed,1,1,0,0,,,,,,,,,,inconclusive,coverage row; not a hypothesis test,
condition_coverage,,exp24_factorized_control_benchmark,,seed:22,rgl,complete,planned_condition_coverage,,seed,1,1,0,0,,,,,,,,,,inconclusive,coverage row; not a hypothesis test,
condition_coverage,,exp24_factorized_control_benchmark,,seed:22,rgl,complete,planned_condition_coverage,,seed,1,1,0,0,,,,,,,,,,inconclusive,coverage row; not a hypothesis test,
condition_coverage,,exp24_factorized_control_benchmark,,seed:23,rgl,complete,planned_condition_coverage,,seed,1,1,0,0,,,,,,,,,,inconclusive,coverage row; not a hypothesis test,
condition_coverage,,exp24_factorized_control_benchmark,,seed:23,rgl,complete,planned_condition_coverage,,seed,1,1,0,0,,,,,,,,,,inconclusive,coverage row; not a hypothesis test,
condition_coverage,,exp24_factorized_control_benchmark,,seed:24,rgl,complete,planned_condition_coverage,,seed,1,1,0,0,,,,,,,,,,inconclusive,coverage row; not a hypothesis test,
condition_coverage,,exp24_factorized_control_benchmark,,seed:24,rgl,complete,planned_condition_coverage,,seed,1,1,0,0,,,,,,,,,,inconclusive,coverage row; not a hypothesis test,
condition_coverage,,exp24_factorized_control_benchmark,,seed:25,rgl,complete,planned_condition_coverage,,seed,1,1,0,0,,,,,,,,,,inconclusive,coverage row; not a hypothesis test,
condition_coverage,,exp24_factorized_control_benchmark,,seed:25,rgl,complete,planned_condition_coverage,,seed,1,1,0,0,,,,,,,,,,inconclusive,coverage row; not a hypothesis test,
condition_coverage,,exp24_factorized_control_benchmark,,seed:26,rgl,complete,planned_condition_coverage,,seed,1,1,0,0,,,,,,,,,,inconclusive,coverage row; not a hypothesis test,
condition_coverage,,exp24_factorized_control_benchmark,,seed:26,rgl,complete,planned_condition_coverage,,seed,1,1,0,0,,,,,,,,,,inconclusive,coverage row; not a hypothesis test,
condition_coverage,,exp24_factorized_control_benchmark,,seed:27,rgl,complete,planned_condition_coverage,,seed,1,1,0,0,,,,,,,,,,inconclusive,coverage row; not a hypothesis test,
condition_coverage,,exp24_factorized_control_benchmark,,seed:27,rgl,complete,planned_condition_coverage,,seed,1,1,0,0,,,,,,,,,,inconclusive,coverage row; not a hypothesis test,
condition_coverage,,exp24_factorized_control_benchmark,,seed:28,rgl,complete,planned_condition_coverage,,seed,1,1,0,0,,,,,,,,,,inconclusive,coverage row; not a hypothesis test,
condition_coverage,,exp24_factorized_control_benchmark,,seed:28,rgl,complete,planned_condition_coverage,,seed,1,1,0,0,,,,,,,,,,inconclusive,coverage row; not a hypothesis test,
condition_coverage,,exp24_factorized_control_benchmark,,seed:29,rgl,complete,planned_condition_coverage,,seed,1,1,0,0,,,,,,,,,,inconclusive,coverage row; not a hypothesis test,
condition_coverage,,exp24_factorized_control_benchmark,,seed:29,rgl,complete,planned_condition_coverage,,seed,1,1,0,0,,,,,,,,,,inconclusive,coverage row; not a hypothesis test,
condition_coverage,,exp24_factorized_control_benchmark,,seed:3,rgl,complete,planned_condition_coverage,,seed,1,1,0,0,,,,,,,,,,inconclusive,coverage row; not a hypothesis test,
condition_coverage,,exp24_factorized_control_benchmark,,seed:3,rgl,complete,planned_condition_coverage,,seed,1,1,0,0,,,,,,,,,,inconclusive,coverage row; not a hypothesis test,
condition_coverage,,exp24_factorized_control_benchmark,,seed:4,rgl,complete,planned_condition_coverage,,seed,1,1,0,0,,,,,,,,,,inconclusive,coverage row; not a hypothesis test,
condition_coverage,,exp24_factorized_control_benchmark,,seed:4,rgl,complete,planned_condition_coverage,,seed,1,1,0,0,,,,,,,,,,inconclusive,coverage row; not a hypothesis test,
condition_coverage,,exp24_factorized_control_benchmark,,seed:5,rgl,complete,planned_condition_coverage,,seed,1,1,0,0,,,,,,,,,,inconclusive,coverage row; not a hypothesis test,
condition_coverage,,exp24_factorized_control_benchmark,,seed:5,rgl,complete,planned_condition_coverage,,seed,1,1,0,0,,,,,,,,,,inconclusive,coverage row; not a hypothesis test,
condition_coverage,,exp24_factorized_control_benchmark,,seed:6,rgl,complete,planned_condition_coverage,,seed,1,1,0,0,,,,,,,,,,inconclusive,coverage row; not a hypothesis test,
condition_coverage,,exp24_factorized_control_benchmark,,seed:6,rgl,complete,planned_condition_coverage,,seed,1,1,0,0,,,,,,,,,,inconclusive,coverage row; not a hypothesis test,
condition_coverage,,exp24_factorized_control_benchmark,,seed:7,rgl,complete,planned_condition_coverage,,seed,1,1,0,0,,,,,,,,,,inconclusive,coverage row; not a hypothesis test,
condition_coverage,,exp24_factorized_control_benchmark,,seed:7,rgl,complete,planned_condition_coverage,,seed,1,1,0,0,,,,,,,,,,inconclusive,coverage row; not a hypothesis test,
condition_coverage,,exp24_factorized_control_benchmark,,seed:8,rgl,complete,planned_condition_coverage,,seed,1,1,0,0,,,,,,,,,,inconclusive,coverage row; not a hypothesis test,
condition_coverage,,exp24_factorized_control_benchmark,,seed:8,rgl,complete,planned_condition_coverage,,seed,1,1,0,0,,,,,,,,,,inconclusive,coverage row; not a hypothesis test,
condition_coverage,,exp24_factorized_control_benchmark,,seed:9,rgl,complete,planned_condition_coverage,,seed,1,1,0,0,,,,,,,,,,inconclusive,coverage row; not a hypothesis test,
condition_coverage,,exp24_factorized_control_benchmark,,seed:9,rgl,complete,planned_condition_coverage,,seed,1,1,0,0,,,,,,,,,,inconclusive,coverage row; not a hypothesis test,
condition_coverage,,exp24_factorized_control_benchmark,,seed:0,routing,complete,planned_condition_coverage,,seed,1,1,0,0,,,,,,,,,,inconclusive,coverage row; not a hypothesis test,
condition_coverage,,exp24_factorized_control_benchmark,,seed:0,routing,complete,planned_condition_coverage,,seed,1,1,0,0,,,,,,,,,,inconclusive,coverage row; not a hypothesis test,
condition_coverage,,exp24_factorized_control_benchmark,,seed:1,routing,complete,planned_condition_coverage,,seed,1,1,0,0,,,,,,,,,,inconclusive,coverage row; not a hypothesis test,
condition_coverage,,exp24_factorized_control_benchmark,,seed:1,routing,complete,planned_condition_coverage,,seed,1,1,0,0,,,,,,,,,,inconclusive,coverage row; not a hypothesis test,
condition_coverage,,exp24_factorized_control_benchmark,,seed:10,routing,complete,planned_condition_coverage,,seed,1,1,0,0,,,,,,,,,,inconclusive,coverage row; not a hypothesis test,
condition_coverage,,exp24_factorized_control_benchmark,,seed:10,routing,complete,planned_condition_coverage,,seed,1,1,0,0,,,,,,,,,,inconclusive,coverage row; not a hypothesis test,
condition_coverage,,exp24_factorized_control_benchmark,,seed:11,routing,complete,planned_condition_coverage,,seed,1,1,0,0,,,,,,,,,,inconclusive,coverage row; not a hypothesis test,
condition_coverage,,exp24_factorized_control_benchmark,,seed:11,routing,complete,planned_condition_coverage,,seed,1,1,0,0,,,,,,,,,,inconclusive,coverage row; not a hypothesis test,
condition_coverage,,exp24_factorized_control_benchmark,,seed:12,routing,complete,planned_condition_coverage,,seed,1,1,0,0,,,,,,,,,,inconclusive,coverage row; not a hypothesis test,
condition_coverage,,exp24_factorized_control_benchmark,,seed:12,routing,complete,planned_condition_coverage,,seed,1,1,0,0,,,,,,,,,,inconclusive,coverage row; not a hypothesis test,
condition_coverage,,exp24_factorized_control_benchmark,,seed:13,routing,complete,planned_condition_coverage,,seed,1,1,0,0,,,,,,,,,,inconclusive,coverage row; not a hypothesis test,
condition_coverage,,exp24_factorized_control_benchmark,,seed:13,routing,complete,planned_condition_coverage,,seed,1,1,0,0,,,,,,,,,,inconclusive,coverage row; not a hypothesis test,
condition_coverage,,exp24_factorized_control_benchmark,,seed:14,routing,complete,planned_condition_coverage,,seed,1,1,0,0,,,,,,,,,,inconclusive,coverage row; not a hypothesis test,
condition_coverage,,exp24_factorized_control_benchmark,,seed:14,routing,complete,planned_condition_coverage,,seed,1,1,0,0,,,,,,,,,,inconclusive,coverage row; not a hypothesis test,
condition_coverage,,exp24_factorized_control_benchmark,,seed:15,routing,complete,planned_condition_coverage,,seed,1,1,0,0,,,,,,,,,,inconclusive,coverage row; not a hypothesis test,
condition_coverage,,exp24_factorized_control_benchmark,,seed:15,routing,complete,planned_condition_coverage,,seed,1,1,0,0,,,,,,,,,,inconclusive,coverage row; not a hypothesis test,
condition_coverage,,exp24_factorized_control_benchmark,,seed:16,routing,complete,planned_condition_coverage,,seed,1,1,0,0,,,,,,,,,,inconclusive,coverage row; not a hypothesis test,
condition_coverage,,exp24_factorized_control_benchmark,,seed:16,routing,complete,planned_condition_coverage,,seed,1,1,0,0,,,,,,,,,,inconclusive,coverage row; not a hypothesis test,
condition_coverage,,exp24_factorized_control_benchmark,,seed:17,routing,complete,planned_condition_coverage,,seed,1,1,0,0,,,,,,,,,,inconclusive,coverage row; not a hypothesis test,
condition_coverage,,exp24_factorized_control_benchmark,,seed:17,routing,complete,planned_condition_coverage,,seed,1,1,0,0,,,,,,,,,,inconclusive,coverage row; not a hypothesis test,
condition_coverage,,exp24_factorized_control_benchmark,,seed:18,routing,complete,planned_condition_coverage,,seed,1,1,0,0,,,,,,,,,,inconclusive,coverage row; not a hypothesis test,
condition_coverage,,exp24_factorized_control_benchmark,,seed:18,routing,complete,planned_condition_coverage,,seed,1,1,0,0,,,,,,,,,,inconclusive,coverage row; not a hypothesis test,
condition_coverage,,exp24_factorized_control_benchmark,,seed:19,routing,complete,planned_condition_coverage,,seed,1,1,0,0,,,,,,,,,,inconclusive,coverage row; not a hypothesis test,
condition_coverage,,exp24_factorized_control_benchmark,,seed:19,routing,complete,planned_condition_coverage,,seed,1,1,0,0,,,,,,,,,,inconclusive,coverage row; not a hypothesis test,
condition_coverage,,exp24_factorized_control_benchmark,,seed:2,routing,complete,planned_condition_coverage,,seed,1,1,0,0,,,,,,,,,,inconclusive,coverage row; not a hypothesis test,
condition_coverage,,exp24_factorized_control_benchmark,,seed:2,routing,complete,planned_condition_coverage,,seed,1,1,0,0,,,,,,,,,,inconclusive,coverage row; not a hypothesis test,
condition_coverage,,exp24_factorized_control_benchmark,,seed:20,routing,complete,planned_condition_coverage,,seed,1,1,0,0,,,,,,,,,,inconclusive,coverage row; not a hypothesis test,
condition_coverage,,exp24_factorized_control_benchmark,,seed:20,routing,complete,planned_condition_coverage,,seed,1,1,0,0,,,,,,,,,,inconclusive,coverage row; not a hypothesis test,
condition_coverage,,exp24_factorized_control_benchmark,,seed:21,routing,complete,planned_condition_coverage,,seed,1,1,0,0,,,,,,,,,,inconclusive,coverage row; not a hypothesis test,
condition_coverage,,exp24_factorized_control_benchmark,,seed:21,routing,complete,planned_condition_coverage,,seed,1,1,0,0,,,,,,,,,,inconclusive,coverage row; not a hypothesis test,
condition_coverage,,exp24_factorized_control_benchmark,,seed:22,routing,complete,planned_condition_coverage,,seed,1,1,0,0,,,,,,,,,,inconclusive,coverage row; not a hypothesis test,
condition_coverage,,exp24_factorized_control_benchmark,,seed:22,routing,complete,planned_condition_coverage,,seed,1,1,0,0,,,,,,,,,,inconclusive,coverage row; not a hypothesis test,
condition_coverage,,exp24_factorized_control_benchmark,,seed:23,routing,complete,planned_condition_coverage,,seed,1,1,0,0,,,,,,,,,,inconclusive,coverage row; not a hypothesis test,
condition_coverage,,exp24_factorized_control_benchmark,,seed:23,routing,complete,planned_condition_coverage,,seed,1,1,0,0,,,,,,,,,,inconclusive,coverage row; not a hypothesis test,
condition_coverage,,exp24_factorized_control_benchmark,,seed:24,routing,complete,planned_condition_coverage,,seed,1,1,0,0,,,,,,,,,,inconclusive,coverage row; not a hypothesis test,
condition_coverage,,exp24_factorized_control_benchmark,,seed:24,routing,complete,planned_condition_coverage,,seed,1,1,0,0,,,,,,,,,,inconclusive,coverage row; not a hypothesis test,
condition_coverage,,exp24_factorized_control_benchmark,,seed:25,routing,complete,planned_condition_coverage,,seed,1,1,0,0,,,,,,,,,,inconclusive,coverage row; not a hypothesis test,
condition_coverage,,exp24_factorized_control_benchmark,,seed:25,routing,complete,planned_condition_coverage,,seed,1,1,0,0,,,,,,,,,,inconclusive,coverage row; not a hypothesis test,
condition_coverage,,exp24_factorized_control_benchmark,,seed:26,routing,complete,planned_condition_coverage,,seed,1,1,0,0,,,,,,,,,,inconclusive,coverage row; not a hypothesis test,
condition_coverage,,exp24_factorized_control_benchmark,,seed:26,routing,complete,planned_condition_coverage,,seed,1,1,0,0,,,,,,,,,,inconclusive,coverage row; not a hypothesis test,
condition_coverage,,exp24_factorized_control_benchmark,,seed:27,routing,complete,planned_condition_coverage,,seed,1,1,0,0,,,,,,,,,,inconclusive,coverage row; not a hypothesis test,
condition_coverage,,exp24_factorized_control_benchmark,,seed:27,routing,complete,planned_condition_coverage,,seed,1,1,0,0,,,,,,,,,,inconclusive,coverage row; not a hypothesis test,
condition_coverage,,exp24_factorized_control_benchmark,,seed:28,routing,complete,planned_condition_coverage,,seed,1,1,0,0,,,,,,,,,,inconclusive,coverage row; not a hypothesis test,
condition_coverage,,exp24_factorized_control_benchmark,,seed:28,routing,complete,planned_condition_coverage,,seed,1,1,0,0,,,,,,,,,,inconclusive,coverage row; not a hypothesis test,
condition_coverage,,exp24_factorized_control_benchmark,,seed:29,routing,complete,planned_condition_coverage,,seed,1,1,0,0,,,,,,,,,,inconclusive,coverage row; not a hypothesis test,
condition_coverage,,exp24_factorized_control_benchmark,,seed:29,routing,complete,planned_condition_coverage,,seed,1,1,0,0,,,,,,,,,,inconclusive,coverage row; not a hypothesis test,
condition_coverage,,exp24_factorized_control_benchmark,,seed:3,routing,complete,planned_condition_coverage,,seed,1,1,0,0,,,,,,,,,,inconclusive,coverage row; not a hypothesis test,
condition_coverage,,exp24_factorized_control_benchmark,,seed:3,routing,complete,planned_condition_coverage,,seed,1,1,0,0,,,,,,,,,,inconclusive,coverage row; not a hypothesis test,
condition_coverage,,exp24_factorized_control_benchmark,,seed:4,routing,complete,planned_condition_coverage,,seed,1,1,0,0,,,,,,,,,,inconclusive,coverage row; not a hypothesis test,
condition_coverage,,exp24_factorized_control_benchmark,,seed:4,routing,complete,planned_condition_coverage,,seed,1,1,0,0,,,,,,,,,,inconclusive,coverage row; not a hypothesis test,
condition_coverage,,exp24_factorized_control_benchmark,,seed:5,routing,complete,planned_condition_coverage,,seed,1,1,0,0,,,,,,,,,,inconclusive,coverage row; not a hypothesis test,
condition_coverage,,exp24_factorized_control_benchmark,,seed:5,routing,complete,planned_condition_coverage,,seed,1,1,0,0,,,,,,,,,,inconclusive,coverage row; not a hypothesis test,
condition_coverage,,exp24_factorized_control_benchmark,,seed:6,routing,complete,planned_condition_coverage,,seed,1,1,0,0,,,,,,,,,,inconclusive,coverage row; not a hypothesis test,
condition_coverage,,exp24_factorized_control_benchmark,,seed:6,routing,complete,planned_condition_coverage,,seed,1,1,0,0,,,,,,,,,,inconclusive,coverage row; not a hypothesis test,
condition_coverage,,exp24_factorized_control_benchmark,,seed:7,routing,complete,planned_condition_coverage,,seed,1,1,0,0,,,,,,,,,,inconclusive,coverage row; not a hypothesis test,
condition_coverage,,exp24_factorized_control_benchmark,,seed:7,routing,complete,planned_condition_coverage,,seed,1,1,0,0,,,,,,,,,,inconclusive,coverage row; not a hypothesis test,
condition_coverage,,exp24_factorized_control_benchmark,,seed:8,routing,complete,planned_condition_coverage,,seed,1,1,0,0,,,,,,,,,,inconclusive,coverage row; not a hypothesis test,
condition_coverage,,exp24_factorized_control_benchmark,,seed:8,routing,complete,planned_condition_coverage,,seed,1,1,0,0,,,,,,,,,,inconclusive,coverage row; not a hypothesis test,
condition_coverage,,exp24_factorized_control_benchmark,,seed:9,routing,complete,planned_condition_coverage,,seed,1,1,0,0,,,,,,,,,,inconclusive,coverage row; not a hypothesis test,
condition_coverage,,exp24_factorized_control_benchmark,,seed:9,routing,complete,planned_condition_coverage,,seed,1,1,0,0,,,,,,,,,,inconclusive,coverage row; not a hypothesis test,
condition_coverage,,exp25_compositional_tasks_real,,seed:0,cross-session-transfer:common,failed,planned_condition_coverage,,seed,1,0,1,0,,,,,,,,,,inconclusive,coverage row; not a hypothesis test,"Exp25 official/canonical data validation failed closed; no synthetic or inferred-schema substitute was used: RuntimeError: official Figshare source bytes were verified, but canonical trial-level neural counts are absent. Exp25 requires a reviewed hash-pinned trials.csv, units.csv, session NPZ bundle, conversion file, and manifest; missing /home/spco/sow_linear/neuro_modeling_exp21_exp22_771526e/local_plasticity_gated_dynamics/data/compositional_tasks/official_canonical_v1/canonical_manifest.json"
condition_coverage,,exp25_compositional_tasks_real,,seed:0,cross-session-transfer:fully-gated,failed,planned_condition_coverage,,seed,1,0,1,0,,,,,,,,,,inconclusive,coverage row; not a hypothesis test,"Exp25 official/canonical data validation failed closed; no synthetic or inferred-schema substitute was used: RuntimeError: official Figshare source bytes were verified, but canonical trial-level neural counts are absent. Exp25 requires a reviewed hash-pinned trials.csv, units.csv, session NPZ bundle, conversion file, and manifest; missing /home/spco/sow_linear/neuro_modeling_exp21_exp22_771526e/local_plasticity_gated_dynamics/data/compositional_tasks/official_canonical_v1/canonical_manifest.json"
condition_coverage,,exp25_compositional_tasks_real,,seed:0,cross-session-transfer:input-gated,failed,planned_condition_coverage,,seed,1,0,1,0,,,,,,,,,,inconclusive,coverage row; not a hypothesis test,"Exp25 official/canonical data validation failed closed; no synthetic or inferred-schema substitute was used: RuntimeError: official Figshare source bytes were verified, but canonical trial-level neural counts are absent. Exp25 requires a reviewed hash-pinned trials.csv, units.csv, session NPZ bundle, conversion file, and manifest; missing /home/spco/sow_linear/neuro_modeling_exp21_exp22_771526e/local_plasticity_gated_dynamics/data/compositional_tasks/official_canonical_v1/canonical_manifest.json"
condition_coverage,,exp25_compositional_tasks_real,,seed:0,cross-session-transfer:separate-task,failed,planned_condition_coverage,,seed,1,0,1,0,,,,,,,,,,inconclusive,coverage row; not a hypothesis test,"Exp25 official/canonical data validation failed closed; no synthetic or inferred-schema substitute was used: RuntimeError: official Figshare source bytes were verified, but canonical trial-level neural counts are absent. Exp25 requires a reviewed hash-pinned trials.csv, units.csv, session NPZ bundle, conversion file, and manifest; missing /home/spco/sow_linear/neuro_modeling_exp21_exp22_771526e/local_plasticity_gated_dynamics/data/compositional_tasks/official_canonical_v1/canonical_manifest.json"
condition_coverage,,exp25_compositional_tasks_real,,seed:0,cross-session-transfer:state-gated,failed,planned_condition_coverage,,seed,1,0,1,0,,,,,,,,,,inconclusive,coverage row; not a hypothesis test,"Exp25 official/canonical data validation failed closed; no synthetic or inferred-schema substitute was used: RuntimeError: official Figshare source bytes were verified, but canonical trial-level neural counts are absent. Exp25 requires a reviewed hash-pinned trials.csv, units.csv, session NPZ bundle, conversion file, and manifest; missing /home/spco/sow_linear/neuro_modeling_exp21_exp22_771526e/local_plasticity_gated_dynamics/data/compositional_tasks/official_canonical_v1/canonical_manifest.json"
condition_coverage,,exp25_compositional_tasks_real,,seed:0,leave-one-block-out:common,failed,planned_condition_coverage,,seed,1,0,1,0,,,,,,,,,,inconclusive,coverage row; not a hypothesis test,"Exp25 official/canonical data validation failed closed; no synthetic or inferred-schema substitute was used: RuntimeError: official Figshare source bytes were verified, but canonical trial-level neural counts are absent. Exp25 requires a reviewed hash-pinned trials.csv, units.csv, session NPZ bundle, conversion file, and manifest; missing /home/spco/sow_linear/neuro_modeling_exp21_exp22_771526e/local_plasticity_gated_dynamics/data/compositional_tasks/official_canonical_v1/canonical_manifest.json"
condition_coverage,,exp25_compositional_tasks_real,,seed:0,leave-one-block-out:fully-gated,failed,planned_condition_coverage,,seed,1,0,1,0,,,,,,,,,,inconclusive,coverage row; not a hypothesis test,"Exp25 official/canonical data validation failed closed; no synthetic or inferred-schema substitute was used: RuntimeError: official Figshare source bytes were verified, but canonical trial-level neural counts are absent. Exp25 requires a reviewed hash-pinned trials.csv, units.csv, session NPZ bundle, conversion file, and manifest; missing /home/spco/sow_linear/neuro_modeling_exp21_exp22_771526e/local_plasticity_gated_dynamics/data/compositional_tasks/official_canonical_v1/canonical_manifest.json"
condition_coverage,,exp25_compositional_tasks_real,,seed:0,leave-one-block-out:input-gated,failed,planned_condition_coverage,,seed,1,0,1,0,,,,,,,,,,inconclusive,coverage row; not a hypothesis test,"Exp25 official/canonical data validation failed closed; no synthetic or inferred-schema substitute was used: RuntimeError: official Figshare source bytes were verified, but canonical trial-level neural counts are absent. Exp25 requires a reviewed hash-pinned trials.csv, units.csv, session NPZ bundle, conversion file, and manifest; missing /home/spco/sow_linear/neuro_modeling_exp21_exp22_771526e/local_plasticity_gated_dynamics/data/compositional_tasks/official_canonical_v1/canonical_manifest.json"
condition_coverage,,exp25_compositional_tasks_real,,seed:0,leave-one-block-out:separate-task,failed,planned_condition_coverage,,seed,1,0,1,0,,,,,,,,,,inconclusive,coverage row; not a hypothesis test,"Exp25 official/canonical data validation failed closed; no synthetic or inferred-schema substitute was used: RuntimeError: official Figshare source bytes were verified, but canonical trial-level neural counts are absent. Exp25 requires a reviewed hash-pinned trials.csv, units.csv, session NPZ bundle, conversion file, and manifest; missing /home/spco/sow_linear/neuro_modeling_exp21_exp22_771526e/local_plasticity_gated_dynamics/data/compositional_tasks/official_canonical_v1/canonical_manifest.json"
condition_coverage,,exp25_compositional_tasks_real,,seed:0,leave-one-block-out:state-gated,failed,planned_condition_coverage,,seed,1,0,1,0,,,,,,,,,,inconclusive,coverage row; not a hypothesis test,"Exp25 official/canonical data validation failed closed; no synthetic or inferred-schema substitute was used: RuntimeError: official Figshare source bytes were verified, but canonical trial-level neural counts are absent. Exp25 requires a reviewed hash-pinned trials.csv, units.csv, session NPZ bundle, conversion file, and manifest; missing /home/spco/sow_linear/neuro_modeling_exp21_exp22_771526e/local_plasticity_gated_dynamics/data/compositional_tasks/official_canonical_v1/canonical_manifest.json"
condition_coverage,,exp25_compositional_tasks_real,,seed:0,leave-one-composition-out:common,failed,planned_condition_coverage,,seed,1,0,1,0,,,,,,,,,,inconclusive,coverage row; not a hypothesis test,"Exp25 official/canonical data validation failed closed; no synthetic or inferred-schema substitute was used: RuntimeError: official Figshare source bytes were verified, but canonical trial-level neural counts are absent. Exp25 requires a reviewed hash-pinned trials.csv, units.csv, session NPZ bundle, conversion file, and manifest; missing /home/spco/sow_linear/neuro_modeling_exp21_exp22_771526e/local_plasticity_gated_dynamics/data/compositional_tasks/official_canonical_v1/canonical_manifest.json"
condition_coverage,,exp25_compositional_tasks_real,,seed:0,leave-one-composition-out:fully-gated,failed,planned_condition_coverage,,seed,1,0,1,0,,,,,,,,,,inconclusive,coverage row; not a hypothesis test,"Exp25 official/canonical data validation failed closed; no synthetic or inferred-schema substitute was used: RuntimeError: official Figshare source bytes were verified, but canonical trial-level neural counts are absent. Exp25 requires a reviewed hash-pinned trials.csv, units.csv, session NPZ bundle, conversion file, and manifest; missing /home/spco/sow_linear/neuro_modeling_exp21_exp22_771526e/local_plasticity_gated_dynamics/data/compositional_tasks/official_canonical_v1/canonical_manifest.json"
condition_coverage,,exp25_compositional_tasks_real,,seed:0,leave-one-composition-out:input-gated,failed,planned_condition_coverage,,seed,1,0,1,0,,,,,,,,,,inconclusive,coverage row; not a hypothesis test,"Exp25 official/canonical data validation failed closed; no synthetic or inferred-schema substitute was used: RuntimeError: official Figshare source bytes were verified, but canonical trial-level neural counts are absent. Exp25 requires a reviewed hash-pinned trials.csv, units.csv, session NPZ bundle, conversion file, and manifest; missing /home/spco/sow_linear/neuro_modeling_exp21_exp22_771526e/local_plasticity_gated_dynamics/data/compositional_tasks/official_canonical_v1/canonical_manifest.json"
condition_coverage,,exp25_compositional_tasks_real,,seed:0,leave-one-composition-out:separate-task,failed,planned_condition_coverage,,seed,1,0,1,0,,,,,,,,,,inconclusive,coverage row; not a hypothesis test,"Exp25 official/canonical data validation failed closed; no synthetic or inferred-schema substitute was used: RuntimeError: official Figshare source bytes were verified, but canonical trial-level neural counts are absent. Exp25 requires a reviewed hash-pinned trials.csv, units.csv, session NPZ bundle, conversion file, and manifest; missing /home/spco/sow_linear/neuro_modeling_exp21_exp22_771526e/local_plasticity_gated_dynamics/data/compositional_tasks/official_canonical_v1/canonical_manifest.json"
condition_coverage,,exp25_compositional_tasks_real,,seed:0,leave-one-composition-out:state-gated,failed,planned_condition_coverage,,seed,1,0,1,0,,,,,,,,,,inconclusive,coverage row; not a hypothesis test,"Exp25 official/canonical data validation failed closed; no synthetic or inferred-schema substitute was used: RuntimeError: official Figshare source bytes were verified, but canonical trial-level neural counts are absent. Exp25 requires a reviewed hash-pinned trials.csv, units.csv, session NPZ bundle, conversion file, and manifest; missing /home/spco/sow_linear/neuro_modeling_exp21_exp22_771526e/local_plasticity_gated_dynamics/data/compositional_tasks/official_canonical_v1/canonical_manifest.json"
condition_coverage,,exp25_compositional_tasks_real,,seed:0,unseen-stimulus-action-composition:common,failed,planned_condition_coverage,,seed,1,0,1,0,,,,,,,,,,inconclusive,coverage row; not a hypothesis test,"Exp25 official/canonical data validation failed closed; no synthetic or inferred-schema substitute was used: RuntimeError: official Figshare source bytes were verified, but canonical trial-level neural counts are absent. Exp25 requires a reviewed hash-pinned trials.csv, units.csv, session NPZ bundle, conversion file, and manifest; missing /home/spco/sow_linear/neuro_modeling_exp21_exp22_771526e/local_plasticity_gated_dynamics/data/compositional_tasks/official_canonical_v1/canonical_manifest.json"
condition_coverage,,exp25_compositional_tasks_real,,seed:0,unseen-stimulus-action-composition:fully-gated,failed,planned_condition_coverage,,seed,1,0,1,0,,,,,,,,,,inconclusive,coverage row; not a hypothesis test,"Exp25 official/canonical data validation failed closed; no synthetic or inferred-schema substitute was used: RuntimeError: official Figshare source bytes were verified, but canonical trial-level neural counts are absent. Exp25 requires a reviewed hash-pinned trials.csv, units.csv, session NPZ bundle, conversion file, and manifest; missing /home/spco/sow_linear/neuro_modeling_exp21_exp22_771526e/local_plasticity_gated_dynamics/data/compositional_tasks/official_canonical_v1/canonical_manifest.json"
condition_coverage,,exp25_compositional_tasks_real,,seed:0,unseen-stimulus-action-composition:input-gated,failed,planned_condition_coverage,,seed,1,0,1,0,,,,,,,,,,inconclusive,coverage row; not a hypothesis test,"Exp25 official/canonical data validation failed closed; no synthetic or inferred-schema substitute was used: RuntimeError: official Figshare source bytes were verified, but canonical trial-level neural counts are absent. Exp25 requires a reviewed hash-pinned trials.csv, units.csv, session NPZ bundle, conversion file, and manifest; missing /home/spco/sow_linear/neuro_modeling_exp21_exp22_771526e/local_plasticity_gated_dynamics/data/compositional_tasks/official_canonical_v1/canonical_manifest.json"
condition_coverage,,exp25_compositional_tasks_real,,seed:0,unseen-stimulus-action-composition:separate-task,failed,planned_condition_coverage,,seed,1,0,1,0,,,,,,,,,,inconclusive,coverage row; not a hypothesis test,"Exp25 official/canonical data validation failed closed; no synthetic or inferred-schema substitute was used: RuntimeError: official Figshare source bytes were verified, but canonical trial-level neural counts are absent. Exp25 requires a reviewed hash-pinned trials.csv, units.csv, session NPZ bundle, conversion file, and manifest; missing /home/spco/sow_linear/neuro_modeling_exp21_exp22_771526e/local_plasticity_gated_dynamics/data/compositional_tasks/official_canonical_v1/canonical_manifest.json"
condition_coverage,,exp25_compositional_tasks_real,,seed:0,unseen-stimulus-action-composition:state-gated,failed,planned_condition_coverage,,seed,1,0,1,0,,,,,,,,,,inconclusive,coverage row; not a hypothesis test,"Exp25 official/canonical data validation failed closed; no synthetic or inferred-schema substitute was used: RuntimeError: official Figshare source bytes were verified, but canonical trial-level neural counts are absent. Exp25 requires a reviewed hash-pinned trials.csv, units.csv, session NPZ bundle, conversion file, and manifest; missing /home/spco/sow_linear/neuro_modeling_exp21_exp22_771526e/local_plasticity_gated_dynamics/data/compositional_tasks/official_canonical_v1/canonical_manifest.json"
claim,exp23_current_fraction_of_bptt_gain,exp23_closed_loop_local_controller,current,,,,behavior_balanced_accuracy,(local - frozen) / (BPTT-axis - frozen),seed,30,30,0,1,,-1.5742311564770854,,,0.6,,,Holm within the four registered components for this task,0.05,inconclusive,local retains at least 60% of the BPTT-axis gain; one-sided seed-level p-value must pass Holm familywise correction at alpha=0.05,"95% whole-seed bootstrap; mean effects use a paired sign-flip test and the median cosine uses an exact sign test. Support additionally requires the complete 30-seed, 12-cell formal grid and a valid functional state-displacement budget plus an identifiable non-collapsed belief gate and the explicit paired/frozen/leakage/local-rule mechanism audit."
claim,exp23_current_gain_vs_frozen,exp23_closed_loop_local_controller,current,,,,behavior_balanced_accuracy,local_eprop - frozen held-out balanced accuracy,seed,30,30,0,0,,-0.00125944217094535,-0.008623490499976627,0.005863962087283822,0.03,1.0,1.0,Holm within the four registered components for this task,0.05,oppose,local gain over frozen is at least 0.03; one-sided seed-level p-value must pass Holm familywise correction at alpha=0.05,"95% whole-seed bootstrap; mean effects use a paired sign-flip test and the median cosine uses an exact sign test. Support additionally requires the complete 30-seed, 12-cell formal grid and a valid functional state-displacement budget plus an identifiable non-collapsed belief gate and the explicit paired/frozen/leakage/local-rule mechanism audit."
claim,exp23_current_gain_vs_random,exp23_closed_loop_local_controller,current,,,,behavior_balanced_accuracy,local_eprop - random_update held-out balanced accuracy,seed,30,30,0,0,,0.000922473625996482,-0.007567333573568477,0.009843575197364129,0.03,1.0,1.0,Holm within the four registered components for this task,0.05,oppose,local gain over random update is at least 0.03; one-sided seed-level p-value must pass Holm familywise correction at alpha=0.05,"95% whole-seed bootstrap; mean effects use a paired sign-flip test and the median cosine uses an exact sign test. Support additionally requires the complete 30-seed, 12-cell formal grid and a valid functional state-displacement budget plus an identifiable non-collapsed belief gate and the explicit paired/frozen/leakage/local-rule mechanism audit."
claim,exp23_current_joint_closed_loop_local_controller,exp23_closed_loop_local_controller,current,,,,registered_AND_gate,all four Exp23 registered local-controller criteria,seed,30,30,0,0,,,,,,,,intersection-union AND over four Holm-corrected components,0.05,oppose,all four Holm-corrected component conclusions must support (intersection-union AND),"No OR criterion is used. All non-frozen conditions must pass the matched functional budget, and the learned belief gate must pass its preregistered identifiability/strength gate. Every seed must also pass the explicit pairing, recurrent hash/copy, split-leakage, and local no-autograd/BPTT audit. The joint alternative is an intersection: requiring every Holm-corrected component to support is a conservative IUT."
claim,exp23_current_median_update_cosine,exp23_closed_loop_local_controller,current,,,,median_update_cosine_to_exact,local update cosine with exact forward sensitivity,seed,30,30,0,0,,0.7421163731045746,0.6833403378451175,0.7580975308985646,0.0,9.313225746154785e-10,3.725290298461914e-09,Holm within the four registered components for this task,0.05,support,median local/exact update cosine is strictly positive; one-sided seed-level p-value must pass Holm familywise correction at alpha=0.05,"95% whole-seed bootstrap; mean effects use a paired sign-flip test and the median cosine uses an exact sign test. Support additionally requires the complete 30-seed, 12-cell formal grid and a valid functional state-displacement budget plus an identifiable non-collapsed belief gate and the explicit paired/frozen/leakage/local-rule mechanism audit."
claim,exp23_joint_both_tasks,exp23_closed_loop_local_controller,current_and_delayed,,,,registered_AND_gate,current and delayed task joint claims,seed,30,30,0,0,,,,,,,,intersection-union AND over two task-specific Holm families,0.05,oppose,both task-specific Holm-corrected IUT claims must support (AND),"If local-eprop fails to beat random update, the registered population-gain-axis local-learning route is opposed for that task. Combining the two task claims is itself an intersection-union test."
claim,exp23_delayed_fraction_of_bptt_gain,exp23_closed_loop_local_controller,delayed,,,,behavior_balanced_accuracy,(local - frozen) / (BPTT-axis - frozen),seed,30,30,0,1,,-2.804754722991386,,,0.6,,,Holm within the four registered components for this task,0.05,inconclusive,local retains at least 60% of the BPTT-axis gain; one-sided seed-level p-value must pass Holm familywise correction at alpha=0.05,"95% whole-seed bootstrap; mean effects use a paired sign-flip test and the median cosine uses an exact sign test. Support additionally requires the complete 30-seed, 12-cell formal grid and a valid functional state-displacement budget plus an identifiable non-collapsed belief gate and the explicit paired/frozen/leakage/local-rule mechanism audit."
claim,exp23_delayed_gain_vs_frozen,exp23_closed_loop_local_controller,delayed,,,,behavior_balanced_accuracy,local_eprop - frozen held-out balanced accuracy,seed,30,30,0,0,,-0.01133270393335493,-0.022998796067604774,-0.0015825544491611253,0.03,1.0,1.0,Holm within the four registered components for this task,0.05,oppose,local gain over frozen is at least 0.03; one-sided seed-level p-value must pass Holm familywise correction at alpha=0.05,"95% whole-seed bootstrap; mean effects use a paired sign-flip test and the median cosine uses an exact sign test. Support additionally requires the complete 30-seed, 12-cell formal grid and a valid functional state-displacement budget plus an identifiable non-collapsed belief gate and the explicit paired/frozen/leakage/local-rule mechanism audit."
claim,exp23_delayed_gain_vs_random,exp23_closed_loop_local_controller,delayed,,,,behavior_balanced_accuracy,local_eprop - random_update held-out balanced accuracy,seed,30,30,0,0,,-0.010189191128376828,-0.022697083684056846,0.0009265161277321083,0.03,1.0,1.0,Holm within the four registered components for this task,0.05,oppose,local gain over random update is at least 0.03; one-sided seed-level p-value must pass Holm familywise correction at alpha=0.05,"95% whole-seed bootstrap; mean effects use a paired sign-flip test and the median cosine uses an exact sign test. Support additionally requires the complete 30-seed, 12-cell formal grid and a valid functional state-displacement budget plus an identifiable non-collapsed belief gate and the explicit paired/frozen/leakage/local-rule mechanism audit."
claim,exp23_delayed_joint_closed_loop_local_controller,exp23_closed_loop_local_controller,delayed,,,,registered_AND_gate,all four Exp23 registered local-controller criteria,seed,30,30,0,0,,,,,,,,intersection-union AND over four Holm-corrected components,0.05,oppose,all four Holm-corrected component conclusions must support (intersection-union AND),"No OR criterion is used. All non-frozen conditions must pass the matched functional budget, and the learned belief gate must pass its preregistered identifiability/strength gate. Every seed must also pass the explicit pairing, recurrent hash/copy, split-leakage, and local no-autograd/BPTT audit. The joint alternative is an intersection: requiring every Holm-corrected component to support is a conservative IUT."
claim,exp23_delayed_median_update_cosine,exp23_closed_loop_local_controller,delayed,,,,median_update_cosine_to_exact,local update cosine with exact forward sensitivity,seed,30,30,0,0,,0.3924269022107594,0.3174783719025445,0.46723762729327567,0.0,9.313225746154785e-10,3.725290298461914e-09,Holm within the four registered components for this task,0.05,support,median local/exact update cosine is strictly positive; one-sided seed-level p-value must pass Holm familywise correction at alpha=0.05,"95% whole-seed bootstrap; mean effects use a paired sign-flip test and the median cosine uses an exact sign test. Support additionally requires the complete 30-seed, 12-cell formal grid and a valid functional state-displacement budget plus an identifiable non-collapsed belief gate and the explicit paired/frozen/leakage/local-rule mechanism audit."
claim,exp24_dynamics_prefers_low_rank_to_routing,exp24_factorized_control_benchmark,dynamics_dominant,,,,test_balanced_accuracy,low_rank - routing,seed,30,30,0,0,,0.18538194552111062,0.17692079438153735,0.19375884998945198,0.0,0.0001999600079984003,0.0007998400319936012,Holm across the four registered Exp24 actuator comparisons,0.05,support,registered task-specific actuator direction is strictly positive; one-sided seed-paired sign-flip p-value must pass Holm familywise correction at alpha=0.05,"95% whole-seed bootstrap. Support requires all 30 seeds, the complete 10-cell grid, shared two-dimensional oracle controls, and a training-only joint state/rate/gain/event budget receipt."
claim,exp24_dynamics_prefers_rgl_to_routing,exp24_factorized_control_benchmark,dynamics_dominant,,,,test_balanced_accuracy,rgl - routing,seed,30,30,0,0,,0.1289467054203907,0.12067829038885512,0.13734414034967032,0.0,0.0001999600079984003,0.0007998400319936012,Holm across the four registered Exp24 actuator comparisons,0.05,support,registered task-specific actuator direction is strictly positive; one-sided seed-paired sign-flip p-value must pass Holm familywise correction at alpha=0.05,"95% whole-seed bootstrap. Support requires all 30 seeds, the complete 10-cell grid, shared two-dimensional oracle controls, and a training-only joint state/rate/gain/event budget receipt."
claim,exp24_joint_task_dependent_actuator_specialization,exp24_factorized_control_benchmark,routing_and_dynamics,,,,registered_AND_gate,all four task-specific actuator directions,seed,30,30,0,0,,,,,,,,intersection-union AND over four Holm-corrected components,0.05,support,all four Holm-corrected direction claims must support (intersection-union AND),This is an oracle actuator-isolation benchmark; it does not establish that a local rule learned the controller. The joint alternative is an intersection over the corrected components.
claim,exp24_routing_prefers_gain_to_low_rank,exp24_factorized_control_benchmark,routing_dominant,,,,test_balanced_accuracy,gain - low_rank,seed,30,30,0,0,,0.13082999275957988,0.1207667155956665,0.1402446238825521,0.0,0.0001999600079984003,0.0007998400319936012,Holm across the four registered Exp24 actuator comparisons,0.05,support,registered task-specific actuator direction is strictly positive; one-sided seed-paired sign-flip p-value must pass Holm familywise correction at alpha=0.05,"95% whole-seed bootstrap. Support requires all 30 seeds, the complete 10-cell grid, shared two-dimensional oracle controls, and a training-only joint state/rate/gain/event budget receipt."
claim,exp24_routing_prefers_routing_to_low_rank,exp24_factorized_control_benchmark,routing_dominant,,,,test_balanced_accuracy,routing - low_rank,seed,30,30,0,0,,0.13056433697416522,0.1206004355979308,0.13995101889453274,0.0,0.0001999600079984003,0.0007998400319936012,Holm across the four registered Exp24 actuator comparisons,0.05,support,registered task-specific actuator direction is strictly positive; one-sided seed-paired sign-flip p-value must pass Holm familywise correction at alpha=0.05,"95% whole-seed bootstrap. Support requires all 30 seeds, the complete 10-cell grid, shared two-dimensional oracle controls, and a training-only joint state/rate/gain/event budget receipt."
claim,exp25_joint_reusable_shared_belief_dynamics,exp25_compositional_tasks_real,all_registered_real_data_criteria,,,,registered_AND_gate,all Exp25 success criteria including cross-session transfer,animal (sessions nested),2,0,2,0,0.0,,,,,,,,,inconclusive,every Exp25 component must support (AND),An invalid cross-session protocol can never support the joint claim; it leaves the result inconclusive unless another component conclusively opposes the hypothesis.
claim,exp25_cross_session_fully_vs_common,exp25_compositional_tasks_real,cross-session-transfer,,,,heldout_mean_log_likelihood,fully-gated - common held-out mean log likelihood in cross-session transfer,animal (sessions nested),2,0,2,0,0.0,,,,0.0,,,,,inconclusive,strictly greater; >= 2 animals and >= 2 sessions; every relevant outer fold complete,"Likelihood effects are normalized per held-out observation, averaged within session, then within animal before whole-animal bootstrap. Neuron and time bin are never independent repeats."
claim,exp25_fully_gated_vs_common,exp25_compositional_tasks_real,implemented_outer_protocols,,,,heldout_mean_log_likelihood,fully-gated - common held-out mean log likelihood,animal (sessions nested),2,0,2,0,0.0,,,,0.0,,,,,inconclusive,strictly greater; >= 2 animals and >= 2 sessions; every relevant outer fold complete,"Likelihood effects are normalized per held-out observation, averaged within session, then within animal before whole-animal bootstrap. Neuron and time bin are never independent repeats."
claim,exp25_fully_retains_90pct_separate_gain,exp25_compositional_tasks_real,implemented_outer_protocols,,,,heldout_mean_log_likelihood_retention_margin,(fully-common) - 0.9 * (separate-task-common) held-out gain,animal (sessions nested),2,0,2,0,0.0,,,,0.0,,,,,inconclusive,strictly greater; >= 2 animals and >= 2 sessions; every relevant outer fold complete,"Likelihood effects are normalized per held-out observation, averaged within session, then within animal before whole-animal bootstrap. Neuron and time bin are never independent repeats. Prerequisite `separate-task > common held-out gain` estimate/CI-low=None/None; it must be strictly positive."
claim,exp25_fully_uses_fewer_parameters,exp25_compositional_tasks_real,implemented_outer_protocols,,,,parameter_count,fully-gated - separate-task parameter count,animal (sessions nested),2,0,2,0,0.0,,,,0.0,,,,,inconclusive,strictly less; >= 2 animals and >= 2 sessions; every relevant outer fold complete,"Likelihood effects are normalized per held-out observation, averaged within session, then within animal before whole-animal bootstrap. Neuron and time bin are never independent repeats."
claim,exp25_input_gain_exceeds_state_gain,exp25_compositional_tasks_real,implemented_outer_protocols,,,,heldout_mean_log_likelihood,input-gated - state-gated held-out mean log likelihood,animal (sessions nested),2,0,2,0,0.0,,,,0.0,,,,,inconclusive,strictly greater; >= 2 animals and >= 2 sessions; every relevant outer fold complete,"Likelihood effects are normalized per held-out observation, averaged within session, then within animal before whole-animal bootstrap. Neuron and time bin are never independent repeats."
claim,exp25_unseen_composition_shared_vs_separate,exp25_compositional_tasks_real,unseen-stimulus-action-composition,,,,heldout_mean_log_likelihood,fully-gated - separate-task held-out mean log likelihood on unseen composition,animal (sessions nested),2,0,2,0,0.0,,,,0.0,,,,,inconclusive,strictly greater; >= 2 animals and >= 2 sessions; every relevant outer fold complete,"Likelihood effects are normalized per held-out observation, averaged within session, then within animal before whole-animal bootstrap. Neuron and time bin are never independent repeats."
claim,exp31_reward_only_over_train_fixed,exp31_hidden_reliability_reward_selector,hidden-reliability-load-delay,,,complete,full_block_accuracy,reward-only local - train-only fixed best,seed,30,30,0,0,,0.0472078,0.0459129,0.048534,0.02,9.9999e-06,3.99996e-05,Holm across four registered Exp31 claims,0.05,support,lower 95% CI exceeds 0.02 and Holm p < 0.05,"Primary utility includes forced exploration; selector has no true context, descriptors, unexecuted reward, or candidate utility vector."
claim,exp31_reliability_crossover,exp31_hidden_reliability_reward_selector,low-stress-hidden-reliability,,,complete,accuracy_difference,(memory-routing at low reliability) - (memory-routing at high reliability),seed,30,30,0,0,,0.396094,0.385937,0.406076,0.1,9.9999e-06,3.99996e-05,Holm across four registered Exp31 claims,0.05,support,lower 95% CI exceeds 0.10 and Holm p < 0.05,"Reliability is recorded only for evaluation and the oracle upper bound; it is absent from the local selector interface."
claim,exp31_associative_query_specificity,exp31_hidden_reliability_reward_selector,low-reliability-low-stress,,,complete,full_block_accuracy,fixed associative - identical-write query-shuffled associative,seed,30,30,0,0,,0.346701,0.340104,0.353299,0.05,9.9999e-06,3.99996e-05,Holm across four registered Exp31 claims,0.05,support,lower 95% CI exceeds 0.05 and Holm p < 0.05,"The control preserves every write, final memory state, cumulative L1/L2, and output magnitude."
claim,exp31_oracle_gain_retention,exp31_hidden_reliability_reward_selector,all-test-blocks,,,complete,retention_margin,(local-fixed) - 0.25*(oracle-fixed),seed,30,30,0,0,,0.0222855,0.0212246,0.0233802,0.0,9.9999e-06,3.99996e-05,Holm across four registered Exp31 claims,0.05,support,lower 95% CI exceeds zero and Holm p < 0.05,"Mean ratio retained is 0.473; oracle uses a train-only cell map plus true hidden state and is only an upper bound."
claim,exp31_joint_hidden_reward_actuator_selection,exp31_hidden_reliability_reward_selector,formal-joint,,,complete,joint_registered_gate,all four registered Exp31 claims,seed,30,30,0,0,,,,,,,,intersection-union AND after Holm correction,0.05,support,all four component claims support,"Narrow synthetic controller-identifiability result only; no high-rank E/I carrier or real-data claim."
claim,exp32_persistent_over_train_fixed,exp32_persistent_sparse_feedback,slow-switch-primary,,persistent_rpe_local,complete,full_stream_accuracy,persistent local - train-fixed,seed,30,30,0,0,,0.04348958333333333,0.03445638020833334,0.05288899739583333,0.02,9.99990000099999e-06,2.999970000299997e-05,Holm across the three registered Exp32 main-controller contrasts,0.05,support,lower 95% seed-bootstrap CI exceeds 0.02 and Holm p < 0.05,"Continuous HMM stream; no reset; includes exploration and switching; 28/30 seed effects are positive."
claim,exp32_persistent_over_opposite_eligibility,exp32_persistent_sparse_feedback,slow-switch-primary,,persistent_rpe_local,complete,full_stream_accuracy,persistent local - opposite-action eligibility,seed,30,30,0,0,,0.08241373697916667,0.07666829427083334,0.08779296875,0.02,9.99990000099999e-06,2.999970000299997e-05,Holm across the three registered Exp32 main-controller contrasts,0.05,support,lower 95% seed-bootstrap CI exceeds 0.02 and Holm p < 0.05,"Eligibility-location intervention, not a random shuffle or matched-budget claim; opposite/executed reward-update L1 ratio is 1.215."
claim,exp32_evidence_response_slope,exp32_persistent_sparse_feedback,full-registered-phase-grid,,persistent_rpe_local,complete,accuracy_per_evidence_doubling,within-seed response to log2 expected feedback per dwell,seed,30,30,0,0,,0.010111028630576686,0.009622494143004834,0.01061818710538291,0.005,9.99990000099999e-06,2.999970000299997e-05,Holm across the three registered Exp32 main-controller contrasts,0.05,support,lower 95% seed-bootstrap CI exceeds 0.005 and Holm p < 0.05,"Frozen five-term response model fitted separately within each seed; seed is the inference unit."
claim,exp32_main_persistent_local_controller,exp32_persistent_sparse_feedback,formal-main-controller,,,complete,registered_AND_gate,all three Exp32 main-controller criteria plus positive-seed and oracle-retention gates,seed,30,30,0,0,,,,,,,,intersection-union AND after Holm correction,0.05,support,all three Holm-corrected components and registered auxiliary gates support,"Bounded synthetic claim only: two fixed actuators, scalar executed reward, two action values and one control coordinate; no high-rank E/I or real-data claim."
claim,exp32_iso_lambda_timescale_structure,exp32_persistent_sparse_feedback,iso-lambda-delay4,,persistent_rpe_local,complete,full_stream_accuracy_gain,mean slow-hazard minus fast-hazard local gain at lambda 6.25 and 12.5,seed,30,30,0,0,,0.011946614583333336,0.0031982421875000056,0.02088623046875,0.02,0.954880451195488,,single preregistered structural contrast,0.05,inconclusive,lower 95% seed-bootstrap CI exceeds 0.02 and one-sided paired sign-flip p < 0.05,"The data do not establish that feedback per dwell alone is insufficient; the separate structural claim remains unresolved."
claim,exp32_joint_feedback_memory_timescale_phase,exp32_persistent_sparse_feedback,formal-joint,,,complete,registered_AND_gate,main controller claim AND iso-lambda timescale-structure claim,seed,30,30,0,0,,,,,,,,intersection-union AND over the two preregistered claim layers,0.05,inconclusive,both registered claim layers must support,"Main controller layer supports, but the timescale-structure layer is inconclusive; no OR promotion is allowed."
claim,exp34_over_validation_fixed,exp34_orbit_causal_consensus,corrected-official-test-users,,causal_consensus,complete,user_mean_task_video_accuracy,causal consensus - validation-selected fixed,user,17,17,0,0,,0.029289870512132134,0.015487261486797873,0.043682754237128925,0.005,0.000946044921875,0.00189208984375,Holm across four registered Exp34 comparisons,0.05,support,mean gain >= 0.005; CI excludes zero; Holm p <= 0.05,"Algorithmic seeds averaged within user; official-style point estimate is descriptive and the full actuator bank is charged."
claim,exp34_over_memoryless,exp34_orbit_causal_consensus,corrected-official-test-users,,causal_consensus,complete,user_mean_task_video_accuracy,causal consensus - memoryless reset,user,17,17,0,0,,0.01567691421876964,0.0038648276535538056,0.027868602482722105,0.0,0.02545166015625,0.02545166015625,Holm across four registered Exp34 comparisons,0.05,support,CI excludes zero and Holm p <= 0.05,"The intervention resets count belief every frame while preserving the shared frame tape and actuator bank."
claim,exp34_over_instantaneous_majority,exp34_orbit_causal_consensus,corrected-official-test-users,,causal_consensus,complete,user_mean_task_video_accuracy,causal consensus - state-free instantaneous majority,user,17,17,0,0,,0.025251949389296553,0.014996824215576304,0.03618826982129049,0.0,0.0000457763671875,0.00018310546875,Holm across four registered Exp34 comparisons,0.05,support,CI excludes zero and Holm p <= 0.05,"The comparator uses the same four current-frame predictions without persistent state."
claim,exp34_over_delayed,exp34_orbit_causal_consensus,corrected-official-test-users,,causal_consensus,complete,user_mean_task_video_accuracy,causal consensus - eight-frame delayed belief,user,17,17,0,0,,0.006567201290554247,0.004332719759939636,0.008760103602497064,0.0,0.000091552734375,0.000274658203125,Holm across four registered Exp34 comparisons,0.05,support,CI excludes zero and Holm p <= 0.05,"The intervention delays only the causal belief update by eight frames."
claim,exp34_corrected_joint_causal_consensus,exp34_orbit_causal_consensus,corrected-formal-joint,,,complete,registered_AND_gate,task gain AND memoryless majority and delay gates,user,17,17,0,0,,,,,,,,intersection-union AND after Holm correction,0.05,support,all four components plus oracle-headroom gate pass,"Corrected v3 completed 4250/4250 seed-user-tasks after three official short-video exclusions; this is a bounded within-dataset mechanism claim."
claim,exp34_untouched_first_look,exp34_orbit_causal_consensus,prospective-protocol-validity,,,invalid,prospective_test_independence,corrected v3 after incomplete v2 test exposure,user,17,0,0,17,,,,,,,,protocol integrity gate,,inconclusive,a new untouched dataset or independently frozen replication is required,"Formal-v2 exposed 15 test users before its 15/17 coverage defect was discovered; v3 was a protocol-only correction but reused the public test split."
claim,exp35_over_lagged,exp35_prefix_reliability_audit,retrospective-orbit-users,,prefix_consistency,complete,user_mean_task_video_accuracy,prefix consistency - lagged prefix consistency,user,17,17,0,0,,0.0006960893899992301,0.00040415700258419223,0.0010093274258168858,0.0,0.000244140625,0.001220703125,Holm across six registered Exp35 comparisons,0.05,support,CI excludes zero and Holm p <= 0.05,"Narrow current-frame self-inclusion effect only; it does not establish reliability or utility over strong causal ensembles."
claim,exp35_over_prefix_vote,exp35_prefix_reliability_audit,retrospective-orbit-users,,prefix_consistency,complete,user_mean_task_video_accuracy,prefix consistency - cumulative prefix vote,user,17,17,0,0,,-0.056637887186244316,-0.09070708398462479,-0.02905771808905389,0.0,0.000518798828125,0.0015869140625,Holm across six registered Exp35 comparisons,0.05,oppose,registered router must exceed comparator and CI must exclude zero in the positive direction,"Seeds averaged within user; cumulative voting uses the identical prefix and full-bank outputs."
claim,exp35_over_prefix_probability,exp35_prefix_reliability_audit,retrospective-orbit-users,,prefix_consistency,complete,user_mean_task_video_accuracy,prefix consistency - equal prefix probability accumulation,user,17,17,0,0,,-0.05988059056324581,-0.09443974302022136,-0.031972740513190184,0.0,0.000091552734375,0.00054931640625,Holm across six registered Exp35 comparisons,0.05,oppose,registered router must exceed comparator and CI must exclude zero in the positive direction,"Strongest eligible baseline is 0.81905 versus 0.75917 for prefix consistency."
claim,exp35_over_calibrated_stack,exp35_prefix_reliability_audit,retrospective-orbit-users,,prefix_consistency,complete,user_mean_task_video_accuracy,prefix consistency - validation-calibrated prefix stack,user,17,17,0,0,,-0.057636595895370894,-0.09247252843022725,-0.02992053976348222,0.0,0.000396728515625,0.0015869140625,Holm across six registered Exp35 comparisons,0.05,oppose,registered router must exceed comparator and CI must exclude zero in the positive direction,"Temperatures and convex stacking weights were fit on validation users only."
claim,exp35_over_selection_prefix_single,exp35_prefix_reliability_audit,retrospective-orbit-users,,prefix_consistency,complete,user_mean_task_video_accuracy,prefix consistency - validation-selected single prefix operator,user,17,17,0,0,,-0.05418789237349176,-0.08681386874152001,-0.026373503622544047,0.0,0.001373291015625,0.00274658203125,Holm across six registered Exp35 comparisons,0.05,oppose,registered router must exceed comparator and CI must exclude zero in the positive direction,"The selected single prefix operator is gain; incremental heterogeneous routing utility is not established."
claim,exp35_over_temporal,exp35_prefix_reliability_audit,retrospective-orbit-users,,prefix_consistency,complete,user_mean_task_video_accuracy,prefix consistency - fixed temporal,user,17,17,0,0,,-0.0009456402517140312,-0.008334731689098832,0.007280737110520242,0.0,0.81982421875,0.81982421875,Holm across six registered Exp35 comparisons,0.05,inconclusive,CI excludes zero in the positive direction and Holm p <= 0.05,"Prefix consistency is statistically indistinguishable from the validation-selected fixed temporal operator in this audit."
claim,exp35_stable_wrong_accuracy,exp35_prefix_reliability_audit,controlled-stable-error,,prefix_consistency,complete,sequence_accuracy,stable correct versus stable wrong operator,seed,5,5,0,0,,0.0,,,,,,exact controlled intervention,,oppose,stable wrong must not capture the selector,"The deterministic wrong operator and deterministic correct operator both have concentration one; frozen tie order locks onto the wrong action."
claim,exp35_stable_wrong_lock,exp35_prefix_reliability_audit,controlled-stable-error,,prefix_consistency,complete,wrong_lock_fraction,stable correct versus stable wrong operator,seed,5,5,0,0,,1.0,,,,,,exact controlled intervention,,oppose,wrong-lock fraction must be below one,"Exact non-identifiability control; consistency cannot be interpreted as correctness without calibration."
claim,exp35_joint_prefix_reliability,exp35_prefix_reliability_audit,retrospective-joint,,,complete,registered_AND_gate,strongest causal baseline AND stable-error reliability gate,user,17,17,0,0,,,,,,,,intersection-union AND over comparative and correctness layers,0.05,oppose,both registered layers must support,"Both layers oppose: simple prefix probability accumulation is superior and stable wrong completely captures the selector; retrospective status prohibits claim upgrade."
condition_coverage,,exp36_change_aware_prefix,prospective-orbit-india-v1,,registered_collector_schema,invalid,registered_collector_coverage,,collector,12,4,8,0,12,0.3333333333333333,,,,,,,,inconclusive,all 12 collectors must instantiate every frozen task,"Across all five seeds exactly four collectors completed; each seed retained 6,400 failed condition cells and no accuracy field was inspected by the validity audit."
claim,exp36_joint_change_aware_prefix,exp36_change_aware_prefix,prospective-orbit-india-v1,,change_aware_prefix_state,invalid,registered_AND_gate,change-aware accumulation versus stationary forgetting under exact cohort coverage,collector,12,4,8,0,12,,,,,,,,0.05,inconclusive,exact frozen coverage precedes outcome inference,"The cohort cannot instantiate the registered four-class paired clean/clutter sampler; the four surviving collectors were not analyzed as confirmation and v1 can never regain confirmatory status."
condition_coverage,,exp37_core50_change_aware_prefix,prospective-core50-session-holdout,,registered_external_panel,complete,registered_condition_coverage,,session,40500,40500,0,0,9,1.0,,,,,,,,support,all five seeds by nine sessions by 50 tasks by two panels by nine conditions must complete,"All registered cells completed; seeds tasks objects and frames were averaged within session and no condition was dropped."
claim,exp37_over_cumulative_switch,exp37_core50_change_aware_prefix,prospective-core50-session-holdout,,bocpd_change_reset,complete,session_mean_accuracy,hard-reset BOCPD - cumulative on hidden switches,session,9,9,0,0,9,0.0,0.0,0.0,0.03,1.0,1.0,Holm across four registered Exp37 comparisons,0.05,inconclusive,gain at least 0.03 with CI above zero and Holm p <= 0.05,"Hard reset never fired and exactly reproduced cumulative accumulation."
claim,exp37_over_fixed_forgetting_switch,exp37_core50_change_aware_prefix,prospective-core50-session-holdout,,bocpd_change_reset,complete,session_mean_accuracy,hard-reset BOCPD - selected fixed forgetting on hidden switches,session,9,9,0,0,9,-0.5328935185185185,-0.5432337962962963,-0.5220462962962963,0.0,0.00390625,0.015625,Holm across four registered Exp37 comparisons,0.05,oppose,positive gain with CI above zero and Holm p <= 0.05,"All nine sessions favored validation-selected retention zero which is current-frame evidence."
claim,exp37_over_sliding_window_switch,exp37_core50_change_aware_prefix,prospective-core50-session-holdout,,bocpd_change_reset,complete,session_mean_accuracy,hard-reset BOCPD - selected sliding window on hidden switches,session,9,9,0,0,9,-0.5237546296296296,-0.533351851851852,-0.5140831597222223,0.0,0.00390625,0.015625,Holm across four registered Exp37 comparisons,0.05,oppose,positive gain with CI above zero and Holm p <= 0.05,"All nine sessions favored the validation-selected two-frame window."
claim,exp37_natural_noninferiority,exp37_core50_change_aware_prefix,prospective-core50-session-holdout,,bocpd_change_reset,complete,session_mean_accuracy,hard-reset BOCPD - cumulative on natural streams,session,9,9,0,0,9,0.0,0.0,0.0,-0.02,1.0,1.0,Holm across four registered Exp37 comparisons,0.05,support,point loss no worse than 0.01 and CI low above -0.02,"Equality occurs because the detector never alarms; this gate alone cannot support decision utility."
claim,exp37_joint_change_aware_prefix,exp37_core50_change_aware_prefix,prospective-joint,,bocpd_change_reset,complete,registered_AND_gate,explicit change detection versus cumulative stationary forgetting and timing controls,session,9,9,0,0,9,,,,,,,intersection-union AND over registered comparisons and operational gates,0.05,oppose,all preregistered support gates must pass,"Hard reset scored 0.3984 versus 0.9313 fixed forgetting and 0.9221 sliding window; detector recall was zero and the frozen stop rule triggered."
condition_coverage,,exp38_stream51_soft_memory,prospective-stream51-qualification,,registered_qualification_seed,complete,registered_seed_coverage,,seed,5,5,0,0,,1.0,,,1.0,,,,,support,all five registered seeds complete,"All five seeds retained complete diagnostics on 174 disjoint qualification videos; external features remained absent."
claim,exp38_stable_accumulation_gate,exp38_stream51_soft_memory,prospective-stream51-qualification,,selected_stationary_accumulator,complete,minimum_seed_accuracy_gain,best selected stationary accumulator minus current-frame natural accuracy,seed,5,5,0,0,,0.01952165544348916,,,0.02,,,,,oppose,every seed gain at least 0.02,"Two of five seeds passed; the other three missed the MCID by 0.0004783."
claim,exp38_oracle_headroom_gate,exp38_stream51_soft_memory,prospective-stream51-qualification,,oracle_memory,complete,minimum_seed_accuracy_gain,oracle cumulative reset minus stronger fixed time scale on hidden switches,seed,5,5,0,0,,0.027298850574712707,,,0.02,,,,,support,every seed gain at least 0.02,"All five seeds passed; headroom ranged from 0.0273 to 0.0558."
claim,exp38_cumulative_harm_gate,exp38_stream51_soft_memory,prospective-stream51-qualification,,cumulative,complete,minimum_seed_post_switch_harm,stronger fixed post-switch accuracy minus cumulative,seed,5,5,0,0,,0.7114942528735633,,,0.03,,,,,support,every seed harm at least 0.03,"All five seeds passed by a large margin."
claim,exp38_reachability_gate,exp38_stream51_soft_memory,prospective-stream51-qualification,,soft_memory,complete,seed_gate_pass_fraction,causal risk jointly meets AUC recall false-alarm and delay limits,seed,5,5,0,0,,0.2,,,1.0,,,,,oppose,every seed must pass,"Only seed 13802 passed; recall ranged from 0.1724 to 0.3586 and seed 13803 also exceeded the false-alarm ceiling."
claim,exp38_joint_qualification,exp38_stream51_soft_memory,prospective-stream51-qualification,,soft_memory,complete,registered_AND_gate,memory demand adaptive headroom cumulative harm controller eligibility and reachability,seed,5,5,0,0,,0.0,,,1.0,,,,,oppose,all preregistered gates pass in every seed,"No seed passed jointly; the external stage is not authorized."
claim,exp38_external_soft_memory,exp38_stream51_soft_memory,prospective-stream51-external,,soft_memory,locked,heldout_video_accuracy,soft retention versus stronger development-selected fixed time scale,source_video,381,0,0,0,,,,,,,,,,inconclusive,qualification receipt must authorize external access,"Qualification failed; no external embedding prediction or outcome was generated or inspected."
claim,exp38_direct_alpha_reuse,exp38_factorized_memory_diagnostic,posthoc-revealed-qualification,,direct_alpha,complete,video_equal_nll_gain,posterior_ema_minus_direct_alpha,seed,5,5,0,0,,0.0038131472894176845,,,0.005,,,,,oppose,"mean gain >=0.005 and positive in >=4/5 seeds","Positive in 5/5 but the mean reuse MCID failed; claim-ineligible diagnostic only."
claim,exp38_likelihood_hmm_reuse,exp38_factorized_memory_diagnostic,posthoc-revealed-qualification,,likelihood_hmm,complete,video_equal_nll_gain,posterior_ema_minus_likelihood_hmm,seed,5,5,0,0,,-0.06697124374187138,,,0.005,,,,,oppose,"mean gain >=0.005 and positive in >=4/5 seeds","Likelihood algebra did not rescue the semantic-splice task; Stream-51 is retired."
claim,exp39_over_selected_fixed,exp39_factorized_uncertainty,prospective-unseen-compositions,,factorized,complete,predictive_nll_gain,selected_fixed_minus_factorized,seed,30,30,0,0,,0.29058048303731177,0.28012248159728176,0.3005939177517998,0.01,9.313225746154785e-10,4.6566128730773926e-09,Holm,0.05,support,"mean >=0.01 positive >=24/30 and Holm p<=0.05","Passed in 30/30 formal seeds."
claim,exp39_over_seen_mode_imm,exp39_factorized_uncertainty,prospective-unseen-compositions,,factorized,complete,predictive_nll_gain,seen_mode_imm_minus_factorized,seed,30,30,0,0,,0.048008079302522225,0.0421358792371623,0.054094041418507634,0.005,9.313225746154785e-10,4.6566128730773926e-09,Holm,0.05,support,"mean >=0.005 positive >=21/30 and Holm p<=0.05","Passed in 30/30; eight-mode and dynamic filters remain privileged upper bounds."
claim,exp39_h_clamp_selectivity,exp39_factorized_uncertainty,prospective-factorial-clamp,,clamp_h,complete,high_minus_low_clamp_penalty,h_clamp,seed,30,30,0,0,,0.037096911155435425,0.034788134731178734,0.03937457415895372,0.002,9.313225746154785e-10,4.6566128730773926e-09,Holm,0.05,support,"high penalty >=0.002 selectivity >=0.002 positive >=21/30 and Holm p<=0.05","Functional selectivity passes; this is not calibrated h recovery."
claim,exp39_q_clamp_selectivity,exp39_factorized_uncertainty,prospective-factorial-clamp,,clamp_q,complete,high_minus_low_clamp_penalty,q_clamp,seed,30,30,0,0,,0.026682541189757814,0.020827781330953206,0.03225388268978384,0.002,4.215165972709656e-06,4.215165972709656e-06,Holm,0.05,support,"high penalty >=0.002 selectivity >=0.002 positive >=21/30 and Holm p<=0.05","Positive in 27/30 formal seeds."
claim,exp39_r_clamp_selectivity,exp39_factorized_uncertainty,prospective-factorial-clamp,,clamp_r,complete,high_minus_low_clamp_penalty,r_clamp,seed,30,30,0,0,,0.05236969070056081,0.04399095202867098,0.06117272562488846,0.002,9.313225746154785e-10,4.6566128730773926e-09,Holm,0.05,support,"high penalty >=0.002 selectivity >=0.002 positive >=21/30 and Holm p<=0.05","Positive in 30/30 but low-R clamp penalty is also nonzero."
claim,exp39_joint_gate,exp39_factorized_uncertainty,prospective-synthetic-compositional,,factorized,complete,registered_AND_gate,two utility and three clamp gates,seed,30,30,0,0,,1.0,,,1.0,,,,,support,"all five preregistered gates pass","Independent replay verified 15360 block rows and zero failed seeds."
claim,exp39_parameter_identification,exp39_factorized_uncertainty,prospective-parameter-tracking,,factorized,complete,min_log_parameter_correlation,h_q_r_estimates_vs_truth,seed,30,30,0,0,,0.08928394684815877,,,,,,,,oppose,"all three coordinates quantitatively recover their generating factors","Correlations h=0.089 Q=0.312 R=0.868; functional clamp selectivity is not calibrated identification."
claim,exp39_fast_switching,exp39_factorized_uncertainty,prospective-recovery-secondary,,factorized,complete,early_nll_gain,seen_mode_imm_minus_factorized,seed,30,30,0,0,,-0.086698,,,,,,,,oppose,"factorized improves immediate post-switch prediction","Early NLL factorized=1.059377 versus seen IMM=0.972679; the advantage appears late in blocks."
claim,exp40_context_decoding_gain,exp40_ibl_state_utility,posthoc-exposed-development,,semimarkov_mean,complete,context_nll_gain,learned_hmm_minus_semimarkov,animal,30,27,3,0,27,0.07139114004563263,0.04944397729102382,0.09594936531616963,0.02,7.289648056030273e-05,0.00036448240280151367,Holm,0.05,support,"gain exceeds 0.02 with paired animal CI and Holm p<=0.05","Structured task decoding only; no behavioral or neural mechanism claim."
claim,exp40_any_behavioral_utility,exp40_ibl_state_utility,posthoc-exposed-development,,factorized_state,complete,low_contrast_choice_nll_gain,dev_selected_baseline_minus_factorized,animal,30,27,3,0,27,-0.010723027355650073,-0.022458738732770954,0.001009820555826369,0.0,0.12253367900848389,0.24506735801696777,Holm,0.05,inconclusive,"gain above zero with paired animal CI and Holm p<=0.05","Positive in 9/27 endpoint-eligible animals; outcome-exposed development only."
claim,exp40_meaningful_behavioral_utility,exp40_ibl_state_utility,posthoc-exposed-development,,factorized_state,complete,low_contrast_choice_nll_gain,dev_selected_baseline_minus_factorized,animal,30,27,3,0,27,-0.010723027355650073,-0.022229037167342217,0.0010067554308069511,0.005,0.01506437361240387,0.04519312083721161,Holm,0.05,oppose,"gain exceeds 0.005 with paired animal CI and Holm p<=0.05","The registered meaningful-utility margin is rejected; no disjoint cohort unlock."
claim,exp40_release_actuator_contribution,exp40_ibl_state_utility,posthoc-exposed-development,,clamp_release,complete,low_contrast_choice_nll_harm,release_clamp_minus_intact,animal,30,27,3,0,27,0.0017856965738747216,-0.004956074398110338,0.009136899623280549,0.002,0.5619325190782547,0.5619325190782547,Holm,0.05,inconclusive,"clamp harm exceeds 0.002 with paired animal CI and Holm p<=0.05","Release state has no reliable incremental causal contribution."
claim,exp40_precision_actuator_contribution,exp40_ibl_state_utility,posthoc-exposed-development,,clamp_concentration,complete,low_contrast_choice_nll_harm,precision_clamp_minus_intact,animal,30,27,3,0,27,-0.005113855568074453,-0.009174659900203311,-0.001242235134230972,0.002,0.0013849586248397827,0.005539834499359131,Holm,0.05,oppose,"clamp harm exceeds 0.002 with paired animal CI and Holm p<=0.05","Clamping precision improved rather than harmed held-out NLL on average."
claim,exp40_disjoint_cohort_confirmation,exp40_ibl_state_utility,confirmatory-disjoint-animals,,factorized_state,not_run,low_contrast_choice_nll_gain,locked_baseline_minus_factorized,animal,0,0,0,0,0,,,,0.005,,,,,inconclusive,"outcome-blind development gate must pass before cohort freeze","The development gate failed; no new animal outcomes were opened and neural analysis remains locked."
