seed,method,event_index,sequence_id,cell,window,n_samples,nll,latent_mse
43004,learned_event_learned_qr,27,0,110,1,1,0.2944757621294556,0.003712943729360846
43004,learned_event_learned_qr,27,0,110,4,4,-0.09983764413220794,0.0017012859885779733
43004,learned_event_learned_qr,27,0,110,8,4,-0.09983764413220794,0.0017012859885779733
43004,learned_event_learned_qr,27,0,110,16,4,-0.09983764413220794,0.0017012859885779733
43004,learned_event_learned_qr,32,0,110,1,1,0.039519323041550404,0.006748220814492706
43004,learned_event_learned_qr,32,0,110,4,4,0.10945258630477414,0.02905322525981641
43004,learned_event_learned_qr,32,0,110,8,8,0.03169820060092016,0.030528195850977432
43004,learned_event_learned_qr,32,0,110,16,11,0.14418707153509722,0.0356636682040258
43004,learned_event_learned_qr,44,0,110,1,1,0.4449560251334731,0.00013121102818550482
43004,learned_event_learned_qr,44,0,110,4,4,0.42505920313109535,0.011826846823370544
43004,learned_event_learned_qr,44,0,110,8,8,0.4959894710855563,0.01765884607005827
43004,learned_event_learned_qr,44,0,110,16,11,0.3477053324939852,0.013967241927009029
43004,learned_event_learned_qr,56,0,110,1,1,0.36074720394708726,0.0017150378867846368
43004,learned_event_learned_qr,56,0,110,4,4,0.15595351095065316,0.009616848357397297
43004,learned_event_learned_qr,56,0,110,8,8,0.41296415329193603,0.042553468268875454
43004,learned_event_learned_qr,56,0,110,16,8,0.41296415329193603,0.042553468268875454
43004,learned_event_learned_qr,65,0,110,1,1,0.09867188364632272,0.013398728930822076
43004,learned_event_learned_qr,65,0,110,4,2,0.19699547903747391,0.018486900222363968
43004,learned_event_learned_qr,65,0,110,8,2,0.19699547903747391,0.018486900222363968
43004,learned_event_learned_qr,65,0,110,16,2,0.19699547903747391,0.018486900222363968
43004,learned_event_learned_qr,68,0,110,1,1,-0.16132172912121776,0.00035508650922163714
43004,learned_event_learned_qr,68,0,110,4,4,-0.12009446371864599,0.0034156540357898253
43004,learned_event_learned_qr,68,0,110,8,8,0.1356793862559292,0.03614667714596618
43004,learned_event_learned_qr,68,0,110,16,16,0.0971058768692064,0.028612742932260647
43004,learned_event_learned_qr,88,0,110,1,1,0.7642221907144015,0.016845980576676748
43004,learned_event_learned_qr,88,0,110,4,4,0.268780472207136,0.017492110211030053
43004,learned_event_learned_qr,88,0,110,8,8,0.042544408208098156,0.011073985213410489
43004,learned_event_learned_qr,88,0,110,16,16,-0.1359110885372502,0.007398459675668833
43004,learned_event_learned_qr,119,0,110,1,1,0.11099254673827232,0.050572255550120924
43004,learned_event_learned_qr,119,0,110,4,4,0.512151358805113,0.024800243504693675
43004,learned_event_learned_qr,119,0,110,8,7,0.21268213782975715,0.015406723715029139
43004,learned_event_learned_qr,119,0,110,16,7,0.21268213782975715,0.015406723715029139
43004,learned_event_learned_qr,127,0,110,1,1,-0.005615583127644625,0.0011426767396061181
43004,learned_event_learned_qr,127,0,110,4,4,0.2278692530935383,0.009423833626630898
43004,learned_event_learned_qr,127,0,110,8,8,1.228942128556293,0.03963197455115432
43004,learned_event_learned_qr,127,0,110,16,16,1.089426795433655,0.056128014640477286
43004,learned_event_learned_qr,153,0,011,1,1,0.30377475927918585,0.07506286942465841
43004,learned_event_learned_qr,153,0,011,4,4,1.4169160935657519,0.037281585456288395
43004,learned_event_learned_qr,153,0,011,8,8,1.3676822605294385,0.035888294251121056
43004,learned_event_learned_qr,153,0,011,16,16,1.2910032389553951,0.09374761960895668
43004,learned_event_learned_qr,276,0,110,1,1,0.13384199695936247,0.04356726173503824
43004,learned_event_learned_qr,276,0,110,4,4,-0.007689349404002843,0.017874974629606962
43004,learned_event_learned_qr,276,0,110,8,8,0.0359890307952702,0.02424547124516057
43004,learned_event_learned_qr,276,0,110,16,16,0.040043864650864985,0.019872139597369783
43004,learned_event_learned_qr,311,0,110,1,1,-0.276300192968541,0.018159543024277577
43004,learned_event_learned_qr,311,0,110,4,4,-0.12637343639294807,0.007831762726217342
43004,learned_event_learned_qr,311,0,110,8,8,0.06382804192819527,0.0084495297636073
43004,learned_event_learned_qr,311,0,110,16,11,-0.005392642273303872,0.009540080604349887
43004,learned_event_learned_qr,323,0,110,1,1,-0.13120343702141274,0.006657183099037309
43004,learned_event_learned_qr,323,0,110,4,2,-0.25592431384461933,0.004624170113304134
43004,learned_event_learned_qr,323,0,110,8,2,-0.25592431384461933,0.004624170113304134
43004,learned_event_learned_qr,323,0,110,16,2,-0.25592431384461933,0.004624170113304134
43004,learned_event_learned_qr,326,0,110,1,1,0.6619999347698073,0.03953302220188993
43004,learned_event_learned_qr,326,0,110,4,4,-0.17162425327973407,0.014271563324169149
43004,learned_event_learned_qr,326,0,110,8,6,-0.2887596245746343,0.01105434997880954
43004,learned_event_learned_qr,326,0,110,16,6,-0.2887596245746343,0.01105434997880954
43004,learned_event_learned_qr,333,0,110,1,1,3.3795024851923166,0.0932437815152806
43004,learned_event_learned_qr,333,0,110,4,4,0.8704019413459396,0.032422151301316586
43004,learned_event_learned_qr,333,0,110,8,5,0.6657984094685431,0.03459961529517285
43004,learned_event_learned_qr,333,0,110,16,5,0.6657984094685431,0.03459961529517285
43004,learned_event_learned_qr,339,0,110,1,1,-0.2025108839566506,0.00013552037036232553
43004,learned_event_learned_qr,339,0,110,4,4,-0.3097183954265254,0.008512347947035596
43004,learned_event_learned_qr,339,0,110,8,4,-0.3097183954265254,0.008512347947035596
43004,learned_event_learned_qr,339,0,110,16,4,-0.3097183954265254,0.008512347947035596
43004,learned_event_learned_qr,344,0,110,1,1,0.3160018446537303,0.05303161379615111
43004,learned_event_learned_qr,344,0,110,4,4,0.730595813907539,0.03847023754308236
43004,learned_event_learned_qr,344,0,110,8,8,0.4311570076928188,0.02587078070336621
43004,learned_event_learned_qr,344,0,110,16,16,0.4224378974240478,0.01740774087900261
43004,learned_event_learned_qr,396,0,101,1,1,0.7863078734992743,0.26239709939411077
43004,learned_event_learned_qr,396,0,101,4,2,1.714403408190781,0.1318401555366882
43004,learned_event_learned_qr,396,0,101,8,2,1.714403408190781,0.1318401555366882
43004,learned_event_learned_qr,396,0,101,16,2,1.714403408190781,0.1318401555366882
43004,learned_event_learned_qr,399,0,101,1,1,0.30364723677708055,0.08951655158690616
43004,learned_event_learned_qr,399,0,101,4,4,0.31295952196825916,0.08262960960712137
43004,learned_event_learned_qr,399,0,101,8,8,0.25000897618574097,0.04495239633207396
43004,learned_event_learned_qr,399,0,101,16,16,0.5704625858451836,0.0373630424536721
43004,learned_event_learned_qr,434,0,101,1,1,0.3074873469161401,0.5351119308232409
43004,learned_event_learned_qr,434,0,101,4,4,2.81414774162864,0.25635071678364774
43004,learned_event_learned_qr,434,0,101,8,4,2.81414774162864,0.25635071678364774
43004,learned_event_learned_qr,434,0,101,16,4,2.81414774162864,0.25635071678364774
43004,learned_event_learned_qr,439,0,101,1,1,1.7284537364824126,0.1406372639585774
43004,learned_event_learned_qr,439,0,101,4,4,1.006216394784204,0.05292564192019178
43004,learned_event_learned_qr,439,0,101,8,8,0.7250157986684743,0.031838343951253255
43004,learned_event_learned_qr,439,0,101,16,16,0.4787616631777099,0.01987587221171542
43004,learned_event_learned_qr,463,0,101,1,1,0.4391932286193956,0.031784083431087885
43004,learned_event_learned_qr,463,0,101,4,4,1.0641254226032404,0.061937453238331074
43004,learned_event_learned_qr,463,0,101,8,8,0.8208225581072922,0.04428638867064322
43004,learned_event_learned_qr,463,0,101,16,11,0.9959661577783887,0.046193901385029726
43004,learned_event_learned_qr,475,0,101,1,1,4.130796346724816,0.0034651227278921816
43004,learned_event_learned_qr,475,0,101,4,4,1.541333698644143,0.10654290332513111
43004,learned_event_learned_qr,475,0,101,8,8,1.3110794996949193,0.10084054253642134
43004,learned_event_learned_qr,475,0,101,16,10,1.2386337167534733,0.08287330874706142
43004,learned_event_learned_qr,486,0,101,1,1,0.6022947284077859,4.621829268056635e-05
43004,learned_event_learned_qr,486,0,101,4,4,0.687550722633271,0.027264943801226647
43004,learned_event_learned_qr,486,0,101,8,8,0.7981507794663859,0.07161784443659659
43004,learned_event_learned_qr,486,0,101,16,16,0.7916249587767139,0.052196109185021114
43004,learned_event_learned_qr,504,0,101,1,1,1.2429915838594883,0.07786846395979269
43004,learned_event_learned_qr,504,0,101,4,4,0.6392566211367265,0.02729359615525637
43004,learned_event_learned_qr,504,0,101,8,8,0.7656163446675135,0.042873453266384656
43004,learned_event_learned_qr,504,0,101,16,9,0.8591519593330453,0.04013813343675601
43004,learned_event_learned_qr,514,0,101,1,1,0.5020253905455392,0.35151999872063466
43004,learned_event_learned_qr,514,0,101,4,4,0.9512581479988982,0.09439189997497331
43004,learned_event_learned_qr,514,0,101,8,8,0.7912705661085431,0.07511287748621036
43004,learned_event_learned_qr,514,0,101,16,16,0.8383890733911703,0.08689261613564137
43004,learned_event_learned_qr,535,0,101,1,1,1.7318144608672397,0.03398416598893998
43004,learned_event_learned_qr,535,0,101,4,4,0.8407345658542147,0.0711238438055074
43004,learned_event_learned_qr,535,0,101,8,8,0.6525368796704499,0.07085297294935497
43004,learned_event_learned_qr,535,0,101,16,13,0.5373424810495611,0.05907386262101387
43004,learned_event_learned_qr,549,0,101,1,1,0.4955523234233023,0.00020063079639085429
43004,learned_event_learned_qr,549,0,101,4,4,0.44528104723898043,0.009955598267292316
43004,learned_event_learned_qr,549,0,101,8,8,0.679024476353283,0.038808393064710914
43004,learned_event_learned_qr,549,0,101,16,10,0.6098620816472107,0.03516101105205473
43004,learned_event_learned_qr,561,0,101,1,1,3.7417558979030363,0.0075952190127822426
43004,learned_event_learned_qr,561,0,101,4,4,1.849951108712411,0.05206781928918863
43004,learned_event_learned_qr,561,0,101,8,8,1.323995136319388,0.052171015744023386
43004,learned_event_learned_qr,561,0,101,16,16,1.0269098443555105,0.07010756012275685
43004,learned_event_learned_qr,585,0,101,1,1,0.3794173198460571,0.46506978561992457
43004,learned_event_learned_qr,585,0,101,4,2,0.3607406982480924,0.4685634534114718
43004,learned_event_learned_qr,585,0,101,8,2,0.3607406982480924,0.4685634534114718
43004,learned_event_learned_qr,585,0,101,16,2,0.3607406982480924,0.4685634534114718
43004,learned_event_learned_qr,588,0,101,1,1,0.7070551349152381,0.021308131545240003
43004,learned_event_learned_qr,588,0,101,4,3,0.5026493384508,0.008496706651927461
43004,learned_event_learned_qr,588,0,101,8,3,0.5026493384508,0.008496706651927461
43004,learned_event_learned_qr,588,0,101,16,3,0.5026493384508,0.008496706651927461
43004,learned_event_learned_qr,592,0,101,1,1,0.3986978472922521,0.03233911470415154
43004,learned_event_learned_qr,592,0,101,4,4,0.430347065026206,0.08034243769905519
43004,learned_event_learned_qr,592,0,101,8,8,0.47252343837363897,0.049329945468605904
43004,learned_event_learned_qr,592,0,101,16,16,0.6823433131285752,0.05832251026728895
43004,learned_event_learned_qr,611,0,101,1,1,0.7925706583112806,0.043693524835845925
43004,learned_event_learned_qr,611,0,101,4,4,0.534005847996781,0.01898703047714431
43004,learned_event_learned_qr,611,0,101,8,8,0.5441482887971932,0.034857474953339566
43004,learned_event_learned_qr,611,0,101,16,13,0.4396788718825025,0.030138087869151103
43004,learned_event_learned_qr,625,0,101,1,1,0.7379690170978438,0.5202553769714117
43004,learned_event_learned_qr,625,0,101,4,4,0.698458302756964,0.25609330966141264
43004,learned_event_learned_qr,625,0,101,8,8,0.6310527278972918,0.18185085889804284
43004,learned_event_learned_qr,625,0,101,16,16,0.8698807985768144,0.10446771078203396
43004,learned_event_learned_qr,644,0,111,1,1,0.6396607950308887,0.060284442609326465
43004,learned_event_learned_qr,644,0,111,4,4,0.5760802088828364,0.023596928978745588
43004,learned_event_learned_qr,644,0,111,8,8,0.8117767334642589,0.01887482968320635
43004,learned_event_learned_qr,644,0,111,16,16,0.8715956740854228,0.025948199425620613
43004,learned_event_learned_qr,682,0,111,1,1,0.6574904556133715,0.7321884594339311
43004,learned_event_learned_qr,682,0,111,4,4,0.8466083736843756,0.2521249453369858
43004,learned_event_learned_qr,682,0,111,8,8,0.6606217516493496,0.1339089618430768
43004,learned_event_learned_qr,682,0,111,16,16,0.6616209427643867,0.10421157414620155
43004,learned_event_learned_qr,706,0,111,1,1,0.43406556700001675,0.8201427859500979
43004,learned_event_learned_qr,706,0,111,4,4,1.1520590429379898,0.5919811405594889
43004,learned_event_learned_qr,706,0,111,8,8,1.1916156058289533,0.31786485318958907
43004,learned_event_learned_qr,706,0,111,16,11,1.118435403815299,0.25386474382097773
43004,learned_event_learned_qr,718,0,111,1,1,0.5681476930879434,0.03861566517209435
43004,learned_event_learned_qr,718,0,111,4,4,0.9765066056958014,0.04903982935781142
43004,learned_event_learned_qr,718,0,111,8,8,0.7302114311143768,0.055660273742408437
43004,learned_event_learned_qr,718,0,111,16,16,0.7235166558225046,0.054824250840397076
43004,learned_event_learned_qr,740,0,111,1,1,0.768163351543991,0.025846691046889785
43004,learned_event_learned_qr,740,0,111,4,4,0.6526750260196355,0.04434908339521839
43004,learned_event_learned_qr,740,0,111,8,8,1.1436091460035054,0.05815060862942842
43004,learned_event_learned_qr,740,0,111,16,16,1.1051173367228266,0.041084716680193485
43004,learned_event_learned_qr,758,0,111,1,1,0.5862633654387183,0.06272823474613068
43004,learned_event_learned_qr,758,0,111,4,4,1.2698343331779594,0.10361274204076602
43004,learned_event_learned_qr,758,0,111,8,8,1.1228425395354908,0.10137656220886526
43004,learned_event_learned_qr,758,0,111,16,16,0.9258601387794372,0.06491910046566889
43004,learned_event_learned_qr,937,0,111,1,1,0.9068311920381212,0.0049334207361564535
43004,learned_event_learned_qr,937,0,111,4,4,0.6172133012985807,0.00657634387529849
43004,learned_event_learned_qr,937,0,111,8,8,0.6802931905049749,0.036451180477148286
43004,learned_event_learned_qr,937,0,111,16,16,0.7891261383210955,0.04317930681126871
43004,learned_event_learned_qr,987,0,111,1,1,0.8839354789913435,0.0739848666388957
43004,learned_event_learned_qr,987,0,111,4,4,0.44637197578905585,0.10496324375944618
43004,learned_event_learned_qr,987,0,111,8,8,0.4058119143058,0.062129337383294105
43004,learned_event_learned_qr,987,0,111,16,16,0.9777223452356345,0.05044850745193245
43004,learned_event_learned_qr,1049,0,111,1,1,0.6196358694115518,0.07997759540981585
43004,learned_event_learned_qr,1049,0,111,4,4,0.7732627818403031,0.06465413093187786
43004,learned_event_learned_qr,1049,0,111,8,8,0.5747304139998407,0.04058382704430982
43004,learned_event_learned_qr,1049,0,111,16,15,0.6739435256161954,0.11603254889850075
43004,learned_event_learned_qr,1065,0,111,1,1,0.7130404654012643,0.04667558516539604
43004,learned_event_learned_qr,1065,0,111,4,4,0.9954305896700472,0.01664748015525173
43004,learned_event_learned_qr,1065,0,111,8,8,0.8077191948930909,0.0470013086232948
43004,learned_event_learned_qr,1065,0,111,16,15,0.8466259609079425,0.0396304902489414
43004,learned_event_learned_qr,1082,0,111,1,1,0.6926311471879933,0.007045594414875199
43004,learned_event_learned_qr,1082,0,111,4,4,0.6084826444168391,0.06675072601131093
43004,learned_event_learned_qr,1082,0,111,8,8,0.394869018769996,0.043129877788346746
43004,learned_event_learned_qr,1082,0,111,16,16,0.24059226838556713,0.02885769121391936
43004,learned_event_learned_qr,1115,0,110,1,1,0.7657587480001999,0.00968042003972665
43004,learned_event_learned_qr,1115,0,110,4,4,0.39057941380272404,0.00641505294236741
43004,learned_event_learned_qr,1115,0,110,8,8,0.3532954556746161,0.01626010399401386
43004,learned_event_learned_qr,1115,0,110,16,13,0.3999774819487739,0.021841675987419405
43004,learned_event_learned_qr,1129,0,110,1,1,0.11567146490258254,0.0022231526946359104
43004,learned_event_learned_qr,1129,0,110,4,4,0.08293704146762142,0.044100710661859895
43004,learned_event_learned_qr,1129,0,110,8,5,0.12910353235459876,0.040289198412347335
43004,learned_event_learned_qr,1129,0,110,16,5,0.12910353235459876,0.040289198412347335
43004,learned_event_learned_qr,1135,0,110,1,1,0.4352436367266528,0.00047978949394492635
43004,learned_event_learned_qr,1135,0,110,4,4,0.3004972478008776,0.018267415008111403
43004,learned_event_learned_qr,1135,0,110,8,6,0.28858090883688264,0.029258303427465146
43004,learned_event_learned_qr,1135,0,110,16,6,0.28858090883688264,0.029258303427465146
43004,learned_event_learned_qr,1142,0,110,1,1,0.12140246289407883,0.028836649788463523
43004,learned_event_learned_qr,1142,0,110,4,4,0.21017208474534968,0.015078992218541256
43004,learned_event_learned_qr,1142,0,110,8,8,0.1536831011204855,0.01892533258008932
43004,learned_event_learned_qr,1142,0,110,16,9,0.1135172816922826,0.016831732916888446
43004,learned_event_learned_qr,1165,1,111,1,1,0.19781885832131801,0.025473776778400146
43004,learned_event_learned_qr,1165,1,111,4,4,0.334368599855247,0.02797327219636481
43004,learned_event_learned_qr,1165,1,111,8,8,0.8833965628246753,0.059788980294364864
43004,learned_event_learned_qr,1165,1,111,16,16,0.7979305882421182,0.06696291543399473
43004,learned_event_learned_qr,1208,1,111,1,1,6.063094644781616,0.8350469796508223
43004,learned_event_learned_qr,1208,1,111,4,4,2.7146880503623567,0.40026845441448955
43004,learned_event_learned_qr,1208,1,111,8,8,1.5399749299748464,0.23236745732680908
43004,learned_event_learned_qr,1208,1,111,16,16,1.0893428168653072,0.14831325435495882
43004,learned_event_learned_qr,1234,1,111,1,1,0.4481195303611796,0.227935458918094
43004,learned_event_learned_qr,1234,1,111,4,4,0.5814949816130901,0.10950985027595969
43004,learned_event_learned_qr,1234,1,111,8,8,0.4821941721989721,0.06347520231721399
43004,learned_event_learned_qr,1234,1,111,16,16,0.4634047844633641,0.053582241627965016
43004,learned_event_learned_qr,1268,1,111,1,1,0.6160450969462352,0.0816004464638339
43004,learned_event_learned_qr,1268,1,111,4,4,0.8750524220266386,0.05997462879855907
43004,learned_event_learned_qr,1268,1,111,8,8,0.7156386798460359,0.04567039214473968
43004,learned_event_learned_qr,1268,1,111,16,16,0.6768183801292158,0.039198279042236606
43004,learned_event_learned_qr,1290,1,111,1,1,0.5709115155572858,0.11371821313664537
43004,learned_event_learned_qr,1290,1,111,4,4,0.6868569530195134,0.09255013143392923
43004,learned_event_learned_qr,1290,1,111,8,8,0.6305264771351714,0.06923844793137304
43004,learned_event_learned_qr,1290,1,111,16,10,0.5829867493393153,0.06106746038067863
43004,learned_event_learned_qr,1301,1,111,1,1,0.5577849709566636,0.04890362767348792
43004,learned_event_learned_qr,1301,1,111,4,4,0.3726517520484081,0.16518062978575046
43004,learned_event_learned_qr,1301,1,111,8,8,0.680821654971071,0.12458219031575539
43004,learned_event_learned_qr,1301,1,111,16,16,0.7954798805612118,0.13374471260904272
43004,learned_event_learned_qr,1346,1,111,1,1,1.3618825483165775,0.06145987849009519
43004,learned_event_learned_qr,1346,1,111,4,1,1.3618825483165775,0.06145987849009519
43004,learned_event_learned_qr,1346,1,111,8,1,1.3618825483165775,0.06145987849009519
43004,learned_event_learned_qr,1346,1,111,16,1,1.3618825483165775,0.06145987849009519
43004,learned_event_learned_qr,1348,1,111,1,1,0.7591542380976006,0.04144825010588454
43004,learned_event_learned_qr,1348,1,111,4,4,0.7392665450519491,0.07006033621103949
43004,learned_event_learned_qr,1348,1,111,8,8,0.6684359783484363,0.05275792291518146
43004,learned_event_learned_qr,1348,1,111,16,13,0.5656080065842863,0.036801574762623905
43004,learned_event_learned_qr,1362,1,111,1,1,0.483074688610449,0.0020333868194318664
43004,learned_event_learned_qr,1362,1,111,4,4,0.6781923045423082,0.0033132337698729003
43004,learned_event_learned_qr,1362,1,111,8,8,0.8853720631469336,0.021708245933961635
43004,learned_event_learned_qr,1362,1,111,16,16,0.6849926953274367,0.033108393738594054
43004,learned_event_learned_qr,1410,1,011,1,1,1.1420608211706451,0.08506537652389949
43004,learned_event_learned_qr,1410,1,011,4,4,1.343571335937853,0.06541829974912253
43004,learned_event_learned_qr,1410,1,011,8,8,0.994810833361149,0.053581236212044414
43004,learned_event_learned_qr,1410,1,011,16,16,0.8622420770499202,0.04668269642063971
43004,learned_event_learned_qr,1550,1,101,1,1,0.10200429700171108,0.3161491662725652
43004,learned_event_learned_qr,1550,1,101,4,4,1.410727748034558,0.2409346571488481
43004,learned_event_learned_qr,1550,1,101,8,8,0.8831118782235018,0.14366788969532274
43004,learned_event_learned_qr,1550,1,101,16,16,0.9086367918323718,0.09283975982129819
43004,learned_event_learned_qr,1568,1,101,1,1,1.5809664186234156,0.10326164612245906
43004,learned_event_learned_qr,1568,1,101,4,3,0.9123696580483928,0.03581790693017448
43004,learned_event_learned_qr,1568,1,101,8,3,0.9123696580483928,0.03581790693017448
43004,learned_event_learned_qr,1568,1,101,16,3,0.9123696580483928,0.03581790693017448
43004,learned_event_learned_qr,1572,1,101,1,1,2.140239503097067,0.12085893929698763
43004,learned_event_learned_qr,1572,1,101,4,4,1.222236437557072,0.03290693041385175
43004,learned_event_learned_qr,1572,1,101,8,8,0.8201884744872519,0.019205261061450832
43004,learned_event_learned_qr,1572,1,101,16,16,0.6804852914669476,0.015331342268889502
43004,learned_event_learned_qr,1590,1,101,1,1,0.6137903351170625,0.0023635386481456544
43004,learned_event_learned_qr,1590,1,101,4,4,0.7562438758766226,0.059912421771483364
43004,learned_event_learned_qr,1590,1,101,8,5,0.6929204923384211,0.0497687081162577
43004,learned_event_learned_qr,1590,1,101,16,5,0.6929204923384211,0.0497687081162577
43004,learned_event_learned_qr,1596,1,101,1,1,0.8506200502034634,0.19087443995289285
43004,learned_event_learned_qr,1596,1,101,4,4,0.6233058349044127,0.06026451840453869
43004,learned_event_learned_qr,1596,1,101,8,4,0.6233058349044127,0.06026451840453869
43004,learned_event_learned_qr,1596,1,101,16,4,0.6233058349044127,0.06026451840453869
43004,learned_event_learned_qr,1601,1,101,1,1,1.1619533414415006,0.09472795511263984
43004,learned_event_learned_qr,1601,1,101,4,4,0.9774425442029941,0.05960739641106738
43004,learned_event_learned_qr,1601,1,101,8,8,0.9390995538367439,0.03339905795395763
43004,learned_event_learned_qr,1601,1,101,16,16,0.9599335569780113,0.04717261210156858
43004,learned_event_learned_qr,1628,1,101,1,1,0.45719011591870073,0.22344232296211528
43004,learned_event_learned_qr,1628,1,101,4,4,1.4141013199405144,0.08136017845635901
43004,learned_event_learned_qr,1628,1,101,8,8,0.9038826653090298,0.04590645729918396
43004,learned_event_learned_qr,1628,1,101,16,16,0.6991486408290388,0.04075935517711927
43004,learned_event_learned_qr,1659,1,101,1,1,0.32771198670584367,0.346939223457878
43004,learned_event_learned_qr,1659,1,101,4,4,0.8336452398512126,0.10544712949604479
43004,learned_event_learned_qr,1659,1,101,8,8,0.861420382632742,0.0784900191535089
43004,learned_event_learned_qr,1659,1,101,16,16,0.8065716063713559,0.04998384699793003
43004,learned_event_learned_qr,1678,1,101,1,1,0.16205171854392436,0.12083028299077105
43004,learned_event_learned_qr,1678,1,101,4,4,0.7721321364917837,0.08373047551258657
43004,learned_event_learned_qr,1678,1,101,8,8,0.7960265373503437,0.05307221801313261
43004,learned_event_learned_qr,1678,1,101,16,16,0.827055197689124,0.04479893371679856
43004,learned_event_learned_qr,1695,1,101,1,1,0.3881161371329449,0.01493945999278891
43004,learned_event_learned_qr,1695,1,101,4,4,0.3576458249457858,0.010592896172179534
43004,learned_event_learned_qr,1695,1,101,8,8,0.26233273993503403,0.011753275395627389
43004,learned_event_learned_qr,1695,1,101,16,15,0.26581328689572387,0.017241407124471166
43004,learned_event_learned_qr,1711,1,110,1,1,0.15428879102688167,0.01872349661363496
43004,learned_event_learned_qr,1711,1,110,4,4,0.03403789051505025,0.009890186572736846
43004,learned_event_learned_qr,1711,1,110,8,8,0.18984744451220398,0.020423917972868882
43004,learned_event_learned_qr,1711,1,110,16,16,0.11808727886440276,0.018800850373841
43004,learned_event_learned_qr,1734,1,110,1,1,0.12040320574578245,0.010519138176915679
43004,learned_event_learned_qr,1734,1,110,4,4,0.15422157289337896,0.028495110519793365
43004,learned_event_learned_qr,1734,1,110,8,6,0.10964400937501567,0.022337658744852284
43004,learned_event_learned_qr,1734,1,110,16,6,0.10964400937501567,0.022337658744852284
43004,learned_event_learned_qr,1741,1,110,1,1,0.12550071740980662,0.0028763790303778045
43004,learned_event_learned_qr,1741,1,110,4,1,0.12550071740980662,0.0028763790303778045
43004,learned_event_learned_qr,1741,1,110,8,1,0.12550071740980662,0.0028763790303778045
43004,learned_event_learned_qr,1741,1,110,16,1,0.12550071740980662,0.0028763790303778045
43004,learned_event_learned_qr,1743,1,110,1,1,0.08666401203901332,0.0018059640645988714
43004,learned_event_learned_qr,1743,1,110,4,4,0.07244133942492273,0.027152861639913664
43004,learned_event_learned_qr,1743,1,110,8,8,0.028936040126831403,0.01669150601934368
43004,learned_event_learned_qr,1743,1,110,16,15,0.2783132860874496,0.026096442575867598
43004,learned_event_learned_qr,1760,1,110,1,1,0.06051899390118248,0.005978227433974587
43004,learned_event_learned_qr,1760,1,110,4,4,0.8792703485992683,0.13156363402903656
43004,learned_event_learned_qr,1760,1,110,8,8,0.8150714617723572,0.12706474615864552
43004,learned_event_learned_qr,1760,1,110,16,15,0.502923812491934,0.07039548510449939
43004,learned_event_learned_qr,1777,1,110,1,1,0.15084138703523617,1.021187070491888e-05
43004,learned_event_learned_qr,1777,1,110,4,4,0.25209967520587645,0.02600908643573751
43004,learned_event_learned_qr,1777,1,110,8,8,0.13363192092114395,0.01555573803556453
43004,learned_event_learned_qr,1777,1,110,16,16,0.1451868303245386,0.011696284248884288
43004,learned_event_learned_qr,1832,1,101,1,1,1.4709037490140198,0.0021335074007606176
43004,learned_event_learned_qr,1832,1,101,4,4,0.8106531877435317,0.08386354572113044
43004,learned_event_learned_qr,1832,1,101,8,6,0.5094244898136978,0.11492504075717742
43004,learned_event_learned_qr,1832,1,101,16,6,0.5094244898136978,0.11492504075717742
43004,learned_event_learned_qr,1839,1,101,1,1,-0.18445400313768967,0.01331110846309889
43004,learned_event_learned_qr,1839,1,101,4,4,0.8813513412118609,0.04690012630606585
43004,learned_event_learned_qr,1839,1,101,8,8,1.3545471028233342,0.053347360747881545
43004,learned_event_learned_qr,1839,1,101,16,16,1.1061057602058766,0.06414328518422095
43004,learned_event_learned_qr,1877,1,101,1,1,1.6495792483608263,0.03038367497371431
43004,learned_event_learned_qr,1877,1,101,4,4,1.010035837739832,0.02927237246972374
43004,learned_event_learned_qr,1877,1,101,8,8,0.7758576131860049,0.03293791998480204
43004,learned_event_learned_qr,1877,1,101,16,16,0.6547739047551187,0.03880439811531078
43004,learned_event_learned_qr,1902,1,101,1,1,0.4678135159165706,0.11565951924156262
43004,learned_event_learned_qr,1902,1,101,4,4,0.571644322247142,0.06072229611371656
43004,learned_event_learned_qr,1902,1,101,8,8,0.4755115843820178,0.04904903356315009
43004,learned_event_learned_qr,1902,1,101,16,15,0.6172211221615267,0.03707940731796314
43004,learned_event_learned_qr,1918,1,101,1,1,1.4704187501111812,0.15865337713802918
43004,learned_event_learned_qr,1918,1,101,4,4,1.4339545671473761,0.08904238945270782
43004,learned_event_learned_qr,1918,1,101,8,8,1.3184791038286612,0.08642083009508975
43004,learned_event_learned_qr,1918,1,101,16,16,0.931164987817587,0.05006120271469934
43004,learned_event_learned_qr,2081,1,110,1,1,0.408537680420314,0.14480294649598016
43004,learned_event_learned_qr,2081,1,110,4,1,0.408537680420314,0.14480294649598016
43004,learned_event_learned_qr,2081,1,110,8,1,0.408537680420314,0.14480294649598016
43004,learned_event_learned_qr,2081,1,110,16,1,0.408537680420314,0.14480294649598016
43004,learned_event_learned_qr,2083,1,110,1,1,0.257369937418171,0.0026946841011446774
43004,learned_event_learned_qr,2083,1,110,4,4,0.4241124906942032,0.07873749049869769
43004,learned_event_learned_qr,2083,1,110,8,8,0.2881268403134027,0.05105647257011933
43004,learned_event_learned_qr,2083,1,110,16,16,0.3969144701935341,0.05401319644630564
43004,learned_event_learned_qr,2141,1,110,1,1,-0.04616746366974147,0.01854323753497248
43004,learned_event_learned_qr,2141,1,110,4,2,0.40212442437433155,0.06604987128134575
43004,learned_event_learned_qr,2141,1,110,8,2,0.40212442437433155,0.06604987128134575
43004,learned_event_learned_qr,2141,1,110,16,2,0.40212442437433155,0.06604987128134575
43004,learned_event_learned_qr,2144,1,110,1,1,0.12093363323064175,0.03919501891542178
43004,learned_event_learned_qr,2144,1,110,4,4,-0.02621403382904166,0.015580609812268543
43004,learned_event_learned_qr,2144,1,110,8,8,0.5418900945678686,0.04101980638135986
43004,learned_event_learned_qr,2144,1,110,16,16,0.28997983980825637,0.027787766156131946
43004,learned_event_learned_qr,2168,1,110,1,1,1.9241924914434514,0.06632437446461338
43004,learned_event_learned_qr,2168,1,110,4,4,0.34172607745843325,0.030948955275162823
43004,learned_event_learned_qr,2168,1,110,8,8,0.505685881851537,0.02664425011761553
43004,learned_event_learned_qr,2168,1,110,16,16,0.8873562146118421,0.1258230927542416
43004,learned_event_learned_qr,2209,1,111,1,1,0.9938258460083998,0.007518894726929998
43004,learned_event_learned_qr,2209,1,111,4,4,0.6113454162544685,0.0282522932581552
43004,learned_event_learned_qr,2209,1,111,8,8,0.8334836121172563,0.06283216527507805
43004,learned_event_learned_qr,2209,1,111,16,12,0.7328882069106165,0.09061700023934509
43004,learned_event_learned_qr,2222,1,111,1,1,0.6187031455568989,0.003174857117215631
43004,learned_event_learned_qr,2222,1,111,4,1,0.6187031455568989,0.003174857117215631
43004,learned_event_learned_qr,2222,1,111,8,1,0.6187031455568989,0.003174857117215631
43004,learned_event_learned_qr,2222,1,111,16,1,0.6187031455568989,0.003174857117215631
43004,learned_event_learned_qr,2224,1,111,1,1,0.40127969253047563,0.7337693695068248
43004,learned_event_learned_qr,2224,1,111,4,4,1.3985982036004174,0.38300726489324294
43004,learned_event_learned_qr,2224,1,111,8,5,1.260557956233906,0.3097714212520259
43004,learned_event_learned_qr,2224,1,111,16,5,1.260557956233906,0.3097714212520259
43004,learned_event_learned_qr,2230,1,111,1,1,0.6577167280923631,0.1329131065509087
43004,learned_event_learned_qr,2230,1,111,4,4,0.7593365655105208,0.09331571323612753
43004,learned_event_learned_qr,2230,1,111,8,8,0.858805153242717,0.07505251659366849
43004,learned_event_learned_qr,2230,1,111,16,16,0.6262812457844236,0.048925799441977946
43004,learned_event_learned_qr,2247,1,110,1,1,0.20183763646705263,0.020814580258152873
43004,learned_event_learned_qr,2247,1,110,4,4,0.25070835272540104,0.010226442691817246
43004,learned_event_learned_qr,2247,1,110,8,8,0.17390454505786052,0.0071991235024031555
43004,learned_event_learned_qr,2247,1,110,16,16,0.16370617982144328,0.01351395602823232
43004,learned_event_learned_qr,2281,1,110,1,1,0.019384204310467255,0.0010474637746394693
43004,learned_event_learned_qr,2281,1,110,4,4,0.07602795451911663,0.010391033695244878
43004,learned_event_learned_qr,2281,1,110,8,4,0.07602795451911663,0.010391033695244878
43004,learned_event_learned_qr,2281,1,110,16,4,0.07602795451911663,0.010391033695244878
43004,learned_event_learned_qr,2286,1,110,1,1,0.4321409046831402,0.05416965191801648
43004,learned_event_learned_qr,2286,1,110,4,4,0.280233599810795,0.021287987164465928
43004,learned_event_learned_qr,2286,1,110,8,8,0.31483703449204353,0.04900069111040618
43004,learned_event_learned_qr,2286,1,110,16,16,0.27077074000907303,0.04345331652316317
43004,learned_event_learned_qr,2307,2,111,1,1,1.7058382763153694,0.021286032006496088
43004,learned_event_learned_qr,2307,2,111,4,3,1.0058233628651543,0.02983361526657725
43004,learned_event_learned_qr,2307,2,111,8,3,1.0058233628651543,0.02983361526657725
43004,learned_event_learned_qr,2307,2,111,16,3,1.0058233628651543,0.02983361526657725
43004,learned_event_learned_qr,2311,2,111,1,1,0.8541110549414803,0.0038434238872972052
43004,learned_event_learned_qr,2311,2,111,4,4,0.4820310484373858,0.022096286823809857
43004,learned_event_learned_qr,2311,2,111,8,8,0.8580277354905295,0.036856282777639186
43004,learned_event_learned_qr,2311,2,111,16,15,0.9121953266929597,0.03394390266859197
43004,learned_event_learned_qr,2327,2,111,1,1,0.634540864111186,0.0429659958140928
43004,learned_event_learned_qr,2327,2,111,4,1,0.634540864111186,0.0429659958140928
43004,learned_event_learned_qr,2327,2,111,8,1,0.634540864111186,0.0429659958140928
43004,learned_event_learned_qr,2327,2,111,16,1,0.634540864111186,0.0429659958140928
43004,learned_event_learned_qr,2329,2,111,1,1,1.1009573364176437,0.04528008406678487
43004,learned_event_learned_qr,2329,2,111,4,4,0.7221009228793069,0.024492072786890477
43004,learned_event_learned_qr,2329,2,111,8,8,0.5701412961344905,0.022821457921091557
43004,learned_event_learned_qr,2329,2,111,16,16,0.5954420926662114,0.03969098868316712
43004,learned_event_learned_qr,2389,2,111,1,1,0.9373317674224305,0.15347033136765142
43004,learned_event_learned_qr,2389,2,111,4,4,1.829249674799654,0.1459300939084035
43004,learned_event_learned_qr,2389,2,111,8,8,1.1737439831118326,0.1047887678651195
43004,learned_event_learned_qr,2389,2,111,16,16,1.008248770870671,0.06635541276037307
43004,learned_event_learned_qr,2410,2,111,1,1,0.491529771099716,4.3182464324285104e-05
43004,learned_event_learned_qr,2410,2,111,4,3,0.5141651584755139,0.024784459108998725
43004,learned_event_learned_qr,2410,2,111,8,3,0.5141651584755139,0.024784459108998725
43004,learned_event_learned_qr,2410,2,111,16,3,0.5141651584755139,0.024784459108998725
43004,learned_event_learned_qr,2414,2,111,1,1,1.496014443928273,0.00024818477903991643
43004,learned_event_learned_qr,2414,2,111,4,4,0.679316400356141,0.01577331291493848
43004,learned_event_learned_qr,2414,2,111,8,7,0.6991188048817084,0.018230645167472827
43004,learned_event_learned_qr,2414,2,111,16,7,0.6991188048817084,0.018230645167472827
43004,learned_event_learned_qr,2422,2,111,1,1,3.059695259824021,0.052518321698500306
43004,learned_event_learned_qr,2422,2,111,4,4,1.1634240006308407,0.04377138988383911
43004,learned_event_learned_qr,2422,2,111,8,8,1.078015393333808,0.06579677174779744
43004,learned_event_learned_qr,2422,2,111,16,16,0.8389611404629047,0.04161788177253077
43004,learned_event_learned_qr,2459,2,101,1,1,1.7801489072757883,0.05499152078043611
43004,learned_event_learned_qr,2459,2,101,4,4,0.9627498766631886,0.03369096759538752
43004,learned_event_learned_qr,2459,2,101,8,4,0.9627498766631886,0.03369096759538752
43004,learned_event_learned_qr,2459,2,101,16,4,0.9627498766631886,0.03369096759538752
43004,learned_event_learned_qr,2464,2,101,1,1,1.090146711993218,0.07081246684035751
43004,learned_event_learned_qr,2464,2,101,4,1,1.090146711993218,0.07081246684035751
43004,learned_event_learned_qr,2464,2,101,8,1,1.090146711993218,0.07081246684035751
43004,learned_event_learned_qr,2464,2,101,16,1,1.090146711993218,0.07081246684035751
43004,learned_event_learned_qr,2466,2,101,1,1,1.107565709830814,0.16624376046691935
43004,learned_event_learned_qr,2466,2,101,4,4,1.3116177723207407,0.06365724212216337
43004,learned_event_learned_qr,2466,2,101,8,6,1.1177284023101401,0.0478721105497489
43004,learned_event_learned_qr,2466,2,101,16,6,1.1177284023101401,0.0478721105497489
43004,learned_event_learned_qr,2473,2,101,1,1,0.6010077783902885,0.05658706770906259
43004,learned_event_learned_qr,2473,2,101,4,4,0.7368359369556887,0.04417950827840249
43004,learned_event_learned_qr,2473,2,101,8,8,0.5979903386494401,0.035613861443228284
43004,learned_event_learned_qr,2473,2,101,16,16,0.6527017810295885,0.026946070544316927
43004,learned_event_learned_qr,2494,2,101,1,1,0.6510982684669596,0.0006190181468452133
43004,learned_event_learned_qr,2494,2,101,4,4,0.5988764159124214,0.014666285207071559
43004,learned_event_learned_qr,2494,2,101,8,8,0.7004612788031576,0.032080554075185314
43004,learned_event_learned_qr,2494,2,101,16,14,0.5859024120749753,0.025152833000166276
43004,learned_event_learned_qr,2509,2,101,1,1,0.6000222324286691,0.011721183269850667
43004,learned_event_learned_qr,2509,2,101,4,1,0.6000222324286691,0.011721183269850667
43004,learned_event_learned_qr,2509,2,101,8,1,0.6000222324286691,0.011721183269850667
43004,learned_event_learned_qr,2509,2,101,16,1,0.6000222324286691,0.011721183269850667
43004,learned_event_learned_qr,2512,2,101,1,1,1.5231164231990049,0.24762219262923754
43004,learned_event_learned_qr,2512,2,101,4,2,1.0376703851054079,0.165675112316632
43004,learned_event_learned_qr,2512,2,101,8,2,1.0376703851054079,0.165675112316632
43004,learned_event_learned_qr,2512,2,101,16,2,1.0376703851054079,0.165675112316632
43004,learned_event_learned_qr,2515,2,101,1,1,0.32390536195598213,0.08427546218204697
43004,learned_event_learned_qr,2515,2,101,4,4,0.3341596037387711,0.030931740821948998
43004,learned_event_learned_qr,2515,2,101,8,8,0.5341011319218634,0.02269391897756964
43004,learned_event_learned_qr,2515,2,101,16,16,0.5948872619400263,0.02622970297679777
43004,learned_event_learned_qr,2610,2,111,1,1,1.8164138052759258,0.1039833655786962
43004,learned_event_learned_qr,2610,2,111,4,4,1.4754249536481525,0.09924049550021954
43004,learned_event_learned_qr,2610,2,111,8,8,1.1280488333437702,0.08183285132069523
43004,learned_event_learned_qr,2610,2,111,16,16,1.233579230109389,0.10027794990669806
43004,learned_event_learned_qr,2631,2,111,1,1,0.9012777011501706,0.11881064456779766
43004,learned_event_learned_qr,2631,2,111,4,4,0.7734704421404828,0.038662964509432476
43004,learned_event_learned_qr,2631,2,111,8,8,0.7275837016783795,0.04846440749840954
43004,learned_event_learned_qr,2631,2,111,16,10,0.7523291096669384,0.04123364975888942
43004,learned_event_learned_qr,2643,2,111,1,1,0.7092547376025081,0.12152697477792188
43004,learned_event_learned_qr,2643,2,111,4,4,0.6171272981139384,0.06740266746416004
43004,learned_event_learned_qr,2643,2,111,8,8,0.543353489592008,0.05697512906715512
43004,learned_event_learned_qr,2643,2,111,16,16,0.44611157096484144,0.038242762613734146
43004,learned_event_learned_qr,2708,2,011,1,1,0.6133188013735594,0.0026850149656188
43004,learned_event_learned_qr,2708,2,011,4,4,1.233573581266551,0.13656608817373705
43004,learned_event_learned_qr,2708,2,011,8,8,0.8705655623719877,0.09237307870471947
43004,learned_event_learned_qr,2708,2,011,16,16,0.763450709548515,0.09291796346572065
43004,learned_event_learned_qr,2762,2,011,1,1,0.27617280375581116,0.0999851588903121
43004,learned_event_learned_qr,2762,2,011,4,4,1.4122563185445438,0.05519778038804304
43004,learned_event_learned_qr,2762,2,011,8,8,1.7329212140263763,0.1563491204090682
43004,learned_event_learned_qr,2762,2,011,16,16,1.2146419142775655,0.09744245063503314
43004,learned_event_learned_qr,2794,2,110,1,1,0.8662873966518306,0.07474507927769768
43004,learned_event_learned_qr,2794,2,110,4,2,0.46739687944544667,0.03852845064643096
43004,learned_event_learned_qr,2794,2,110,8,2,0.46739687944544667,0.03852845064643096
43004,learned_event_learned_qr,2794,2,110,16,2,0.46739687944544667,0.03852845064643096
43004,learned_event_learned_qr,2797,2,110,1,1,0.07297295948722281,0.0008289157003695049
43004,learned_event_learned_qr,2797,2,110,4,4,0.056805251910012546,0.0075581059104416195
43004,learned_event_learned_qr,2797,2,110,8,8,0.1425127848062588,0.014458130473873641
43004,learned_event_learned_qr,2797,2,110,16,8,0.1425127848062588,0.014458130473873641
43004,learned_event_learned_qr,2807,2,110,1,1,0.15884846990007095,0.0018386185538342337
43004,learned_event_learned_qr,2807,2,110,4,4,0.23362222610663896,0.02049363015626003
43004,learned_event_learned_qr,2807,2,110,8,8,0.1907546241062107,0.01425680844740746
43004,learned_event_learned_qr,2807,2,110,16,16,0.061090459055389526,0.013883062290970138
43004,learned_event_learned_qr,2836,2,110,1,1,0.8045223355578583,0.021368372107465127
43004,learned_event_learned_qr,2836,2,110,4,4,0.9627708270055088,0.02755501280195151
43004,learned_event_learned_qr,2836,2,110,8,8,0.41675576131359604,0.019591842656389646
43004,learned_event_learned_qr,2836,2,110,16,16,0.4205021746962112,0.03248644529488204
43004,learned_event_learned_qr,2863,2,110,1,1,0.40706868089695536,0.015418817761249405
43004,learned_event_learned_qr,2863,2,110,4,4,0.0696081022260599,0.01506076537171001
43004,learned_event_learned_qr,2863,2,110,8,8,-0.14237928871624722,0.01763530883918246
43004,learned_event_learned_qr,2863,2,110,16,16,0.04360462200602409,0.019596606776767056
43004,learned_event_learned_qr,2884,2,110,1,1,-0.15172094266391115,0.012869728895854953
43004,learned_event_learned_qr,2884,2,110,4,4,-0.16630277750733985,0.022110896267339565
43004,learned_event_learned_qr,2884,2,110,8,8,-0.07518669057060648,0.02139628338865187
43004,learned_event_learned_qr,2884,2,110,16,15,0.21668584169582245,0.028407461682216296
43004,learned_event_learned_qr,2900,2,110,1,1,0.06088861535030473,0.0012769643253706397
43004,learned_event_learned_qr,2900,2,110,4,4,0.38700200074507124,0.08114825855380342
43004,learned_event_learned_qr,2900,2,110,8,8,0.3515950420740638,0.05323574173916915
43004,learned_event_learned_qr,2900,2,110,16,16,0.17432213573200256,0.031337101888657834
43004,learned_event_learned_qr,2934,2,110,1,1,0.8934104865455721,0.07154755004450543
43004,learned_event_learned_qr,2934,2,110,4,4,0.37512591774832177,0.029922021055135993
43004,learned_event_learned_qr,2934,2,110,8,8,0.5186240052486762,0.042612929365469274
43004,learned_event_learned_qr,2934,2,110,16,10,0.6485031626994633,0.0440875993898265
43004,learned_event_learned_qr,2945,2,101,1,1,0.24560944165042212,0.0016085398664328053
43004,learned_event_learned_qr,2945,2,101,4,4,0.4752135649884953,0.008655653451179269
43004,learned_event_learned_qr,2945,2,101,8,8,0.30184944240542577,0.020595179224823925
43004,learned_event_learned_qr,2945,2,101,16,16,0.39225635602514025,0.03668111549689701
43004,learned_event_learned_qr,2968,2,101,1,1,0.561564580801436,0.008307221486995723
43004,learned_event_learned_qr,2968,2,101,4,1,0.561564580801436,0.008307221486995723
43004,learned_event_learned_qr,2968,2,101,8,1,0.561564580801436,0.008307221486995723
43004,learned_event_learned_qr,2968,2,101,16,1,0.561564580801436,0.008307221486995723
43004,learned_event_learned_qr,2971,2,101,1,1,0.691166155771724,0.21040860017992238
43004,learned_event_learned_qr,2971,2,101,4,4,0.7889617954783796,0.0819092937038319
43004,learned_event_learned_qr,2971,2,101,8,8,0.5793122958434027,0.0452251893445249
43004,learned_event_learned_qr,2971,2,101,16,16,0.5491444132734757,0.03473575449994796
43004,learned_event_learned_qr,3034,2,101,1,1,0.47464523038853296,0.03010765022713867
43004,learned_event_learned_qr,3034,2,101,4,4,0.5631207632854596,0.0298613647427115
43004,learned_event_learned_qr,3034,2,101,8,8,0.675324622828887,0.04858852924280727
43004,learned_event_learned_qr,3034,2,101,16,16,0.815965434800427,0.03236468694987325
43004,learned_event_learned_qr,3065,2,101,1,1,1.0702087076755553,1.2599249259438197
43004,learned_event_learned_qr,3065,2,101,4,4,1.0766483963138,0.48077552489680864
43004,learned_event_learned_qr,3065,2,101,8,7,0.7961913278691165,0.2822361111290309
43004,learned_event_learned_qr,3065,2,101,16,7,0.7961913278691165,0.2822361111290309
43004,learned_event_learned_qr,3073,2,101,1,1,0.6495606172370029,0.036310836090802615
43004,learned_event_learned_qr,3073,2,101,4,4,1.1718242827656673,0.08759015158746494
43004,learned_event_learned_qr,3073,2,101,8,8,0.9018969233628926,0.04866297530507557
43004,learned_event_learned_qr,3073,2,101,16,16,0.8694990226002479,0.059870174515177274
43004,learned_event_learned_qr,3094,2,101,1,1,1.0668755487750596,0.005869659313154859
43004,learned_event_learned_qr,3094,2,101,4,4,0.6050220133267877,0.0029538095287972395
43004,learned_event_learned_qr,3094,2,101,8,8,0.6436665944235513,0.014950644441345659
43004,learned_event_learned_qr,3094,2,101,16,12,0.8506661155222334,0.04612176870324088
43004,learned_event_learned_qr,3107,2,101,1,1,1.3911899417452602,0.3286234972077897
43004,learned_event_learned_qr,3107,2,101,4,4,0.9885296399693388,0.09768523390954088
43004,learned_event_learned_qr,3107,2,101,8,8,0.6738263404025645,0.05267550198264888
43004,learned_event_learned_qr,3107,2,101,16,16,0.5738652544528827,0.032007549603408715
43004,learned_event_learned_qr,3177,2,110,1,1,-0.1356884518463828,0.0037137691772268005
43004,learned_event_learned_qr,3177,2,110,4,4,0.035536233498163206,0.018681704765455436
43004,learned_event_learned_qr,3177,2,110,8,8,0.08101980551509769,0.014488035790904633
43004,learned_event_learned_qr,3177,2,110,16,16,0.22491218467619709,0.018654865681587134
43004,learned_event_learned_qr,3203,2,110,1,1,0.27761068296540325,0.07243321829806072
43004,learned_event_learned_qr,3203,2,110,4,4,-0.10667039005235698,0.030626080075286097
43004,learned_event_learned_qr,3203,2,110,8,4,-0.10667039005235698,0.030626080075286097
43004,learned_event_learned_qr,3203,2,110,16,4,-0.10667039005235698,0.030626080075286097
43004,learned_event_learned_qr,3208,2,110,1,1,-0.1891135597479208,0.016008051321242625
43004,learned_event_learned_qr,3208,2,110,4,4,-0.033968078806834556,0.035985197499361646
43004,learned_event_learned_qr,3208,2,110,8,5,-0.0785039990335894,0.030822007306685283
43004,learned_event_learned_qr,3208,2,110,16,5,-0.0785039990335894,0.030822007306685283
43004,learned_event_learned_qr,3214,2,110,1,1,-0.28888207496022034,0.015690974437443366
43004,learned_event_learned_qr,3214,2,110,4,3,-0.21209432716685564,0.008182507772612436
43004,learned_event_learned_qr,3214,2,110,8,3,-0.21209432716685564,0.008182507772612436
43004,learned_event_learned_qr,3214,2,110,16,3,-0.21209432716685564,0.008182507772612436
43004,learned_event_learned_qr,3218,2,110,1,1,-0.3335421365844336,0.005650812871661138
43004,learned_event_learned_qr,3218,2,110,4,1,-0.3335421365844336,0.005650812871661138
43004,learned_event_learned_qr,3218,2,110,8,1,-0.3335421365844336,0.005650812871661138
43004,learned_event_learned_qr,3218,2,110,16,1,-0.3335421365844336,0.005650812871661138
43004,learned_event_learned_qr,3220,2,110,1,1,-0.07679258593493289,0.034650650246123876
43004,learned_event_learned_qr,3220,2,110,4,4,0.6157718854528713,0.041844559668099204
43004,learned_event_learned_qr,3220,2,110,8,8,0.26810501488644906,0.043647033152217046
43004,learned_event_learned_qr,3220,2,110,16,16,0.6122866164504555,0.05050733251311315
43004,learned_event_learned_qr,3238,2,110,1,1,0.10970734600471217,0.011311249730842552
43004,learned_event_learned_qr,3238,2,110,4,4,0.21578179517158907,0.03385027893862509
43004,learned_event_learned_qr,3238,2,110,8,8,0.2373214597727945,0.01798483997367096
43004,learned_event_learned_qr,3238,2,110,16,16,0.10080778238703583,0.01685981427254183
43004,learned_event_learned_qr,3459,3,101,1,1,6.2028602014080585,1.368215630169433
43004,learned_event_learned_qr,3459,3,101,4,4,3.6287854792536836,0.431216385333474
43004,learned_event_learned_qr,3459,3,101,8,8,2.775405765309263,0.3280248006368953
43004,learned_event_learned_qr,3459,3,101,16,16,1.7835203775273634,0.1907249685130531
43004,learned_event_learned_qr,3500,3,101,1,1,0.37210437773297494,0.02151911088541314
43004,learned_event_learned_qr,3500,3,101,4,4,0.5966018118418541,0.14707528189831137
43004,learned_event_learned_qr,3500,3,101,8,8,0.4694663058197854,0.11524533899075937
43004,learned_event_learned_qr,3500,3,101,16,13,0.5023387465787195,0.07819886768850631
43004,learned_event_learned_qr,3515,3,101,1,1,0.3955077348763355,0.005631204169468021
43004,learned_event_learned_qr,3515,3,101,4,3,0.587404940013515,0.04312293624611327
43004,learned_event_learned_qr,3515,3,101,8,3,0.587404940013515,0.04312293624611327
43004,learned_event_learned_qr,3515,3,101,16,3,0.587404940013515,0.04312293624611327
43004,learned_event_learned_qr,3519,3,101,1,1,0.1904300386353478,0.004380001992155763
43004,learned_event_learned_qr,3519,3,101,4,4,0.12230285649874843,0.012805513617135458
43004,learned_event_learned_qr,3519,3,101,8,7,0.18858268649400234,0.02201821017728503
43004,learned_event_learned_qr,3519,3,101,16,7,0.18858268649400234,0.02201821017728503
43004,learned_event_learned_qr,3527,3,101,1,1,2.931722206995851,0.17489954680416073
43004,learned_event_learned_qr,3527,3,101,4,4,1.9438903304956303,0.07351352459194867
43004,learned_event_learned_qr,3527,3,101,8,8,1.1083022814243815,0.042832887343514106
43004,learned_event_learned_qr,3527,3,101,16,16,0.7997030942474695,0.026677237723581493
43004,learned_event_learned_qr,3569,3,101,1,1,0.47141033100954133,0.2559909464437423
43004,learned_event_learned_qr,3569,3,101,4,4,0.508507696692052,0.09131138854208541
43004,learned_event_learned_qr,3569,3,101,8,8,0.48117455803762466,0.0495127512224841
43004,learned_event_learned_qr,3569,3,101,16,12,0.4392126982849975,0.08161851945012824
43004,learned_event_learned_qr,3582,3,101,1,1,0.2322418033186489,0.31007902394854225
43004,learned_event_learned_qr,3582,3,101,4,4,0.31441216847714826,0.20496901321055558
43004,learned_event_learned_qr,3582,3,101,8,8,0.8093212470218114,0.13180567255695322
43004,learned_event_learned_qr,3582,3,101,16,16,0.7070280280720245,0.08370491139139208
43004,learned_event_learned_qr,3606,3,101,1,1,0.4710184795048908,0.16183213847691025
43004,learned_event_learned_qr,3606,3,101,4,4,0.4901298464568005,0.13115566178447438
43004,learned_event_learned_qr,3606,3,101,8,8,0.7075796643584982,0.08995182186389095
43004,learned_event_learned_qr,3606,3,101,16,15,0.7280884447452437,0.0679045273623519
43004,learned_event_learned_qr,3622,3,111,1,1,2.327922208292657,0.1517615634712304
43004,learned_event_learned_qr,3622,3,111,4,4,0.9927941407276888,0.05668290183613843
43004,learned_event_learned_qr,3622,3,111,8,8,0.810954170331299,0.05594774285059438
43004,learned_event_learned_qr,3622,3,111,16,13,0.9795640011605578,0.04922606318694337
43004,learned_event_learned_qr,3636,3,111,1,1,0.7759546625213645,0.0027898951323240798
43004,learned_event_learned_qr,3636,3,111,4,4,0.5733451093152377,0.020531344490857098
43004,learned_event_learned_qr,3636,3,111,8,8,0.6039752408542026,0.03501921179683941
43004,learned_event_learned_qr,3636,3,111,16,16,0.5436514975098191,0.08934944714865001
43004,learned_event_learned_qr,3655,3,111,1,1,0.7990150464023725,0.07865953530434634
43004,learned_event_learned_qr,3655,3,111,4,4,0.5732412835091569,0.06211937261474071
43004,learned_event_learned_qr,3655,3,111,8,6,0.6265691766345051,0.054656726884923255
43004,learned_event_learned_qr,3655,3,111,16,6,0.6265691766345051,0.054656726884923255
43004,learned_event_learned_qr,3662,3,111,1,1,0.7102618910291548,0.1456930296017248
43004,learned_event_learned_qr,3662,3,111,4,4,1.299661003453095,0.04811363630884342
43004,learned_event_learned_qr,3662,3,111,8,8,0.9239510327609548,0.07633885875431115
43004,learned_event_learned_qr,3662,3,111,16,16,0.6505908901151289,0.04912966531175379
43004,learned_event_learned_qr,3680,3,111,1,1,1.775937747587559,0.10788018781244992
43004,learned_event_learned_qr,3680,3,111,4,4,0.8979130724448504,0.10905547676453872
43004,learned_event_learned_qr,3680,3,111,8,8,0.905029530261291,0.11324001174601672
43004,learned_event_learned_qr,3680,3,111,16,16,0.9727359315780074,0.07130062343520227
43004,learned_event_learned_qr,3714,3,111,1,1,0.8813909953392003,0.0027712363492603982
43004,learned_event_learned_qr,3714,3,111,4,4,0.7760757181278244,0.06539566359814417
43004,learned_event_learned_qr,3714,3,111,8,8,0.862088002281653,0.057657894871129
43004,learned_event_learned_qr,3714,3,111,16,16,0.8532364321733314,0.037259667204137814
43004,learned_event_learned_qr,3765,3,111,1,1,2.0637932588621437,0.10217804367167352
43004,learned_event_learned_qr,3765,3,111,4,1,2.0637932588621437,0.10217804367167352
43004,learned_event_learned_qr,3765,3,111,8,1,2.0637932588621437,0.10217804367167352
43004,learned_event_learned_qr,3765,3,111,16,1,2.0637932588621437,0.10217804367167352
43004,learned_event_learned_qr,3767,3,111,1,1,0.6650588597232614,0.20576593633545892
43004,learned_event_learned_qr,3767,3,111,4,4,0.954695872207824,0.2424554948816079
43004,learned_event_learned_qr,3767,3,111,8,8,0.7666948114022862,0.14134442916020373
43004,learned_event_learned_qr,3767,3,111,16,12,0.7679242837701562,0.11828308950825688
43004,learned_event_learned_qr,3780,3,111,1,1,1.0378732470680065,0.09438154873332216
43004,learned_event_learned_qr,3780,3,111,4,4,0.7130046256393473,0.08935791975410262
43004,learned_event_learned_qr,3780,3,111,8,8,0.6688648112587117,0.050771358420594534
43004,learned_event_learned_qr,3780,3,111,16,16,0.7513098065883658,0.08610533506598156
43004,learned_event_learned_qr,3883,3,111,1,1,0.5635940312473176,0.04237492574902663
43004,learned_event_learned_qr,3883,3,111,4,4,0.758784786551071,0.022866583112798648
43004,learned_event_learned_qr,3883,3,111,8,5,0.6682873662601907,0.024349576456186135
43004,learned_event_learned_qr,3883,3,111,16,5,0.6682873662601907,0.024349576456186135
43004,learned_event_learned_qr,3889,3,111,1,1,0.2482758184124858,0.028349062147308937
43004,learned_event_learned_qr,3889,3,111,4,4,0.41646708498414486,0.024658356982047033
43004,learned_event_learned_qr,3889,3,111,8,8,0.7221586178600568,0.037534000698775306
43004,learned_event_learned_qr,3889,3,111,16,14,0.5593469007764326,0.03309184573219343
43004,learned_event_learned_qr,3904,3,111,1,1,0.8292757219264646,0.0003130659692388531
43004,learned_event_learned_qr,3904,3,111,4,4,1.0369907834650995,0.07964735625888253
43004,learned_event_learned_qr,3904,3,111,8,8,1.0330181009456594,0.07624059975073744
43004,learned_event_learned_qr,3904,3,111,16,16,0.9891362104421926,0.04685692525592047
43004,learned_event_learned_qr,3966,3,111,1,1,2.111626112757304,0.0004950921408312803
43004,learned_event_learned_qr,3966,3,111,4,4,0.879059744819922,0.006089379522926227
43004,learned_event_learned_qr,3966,3,111,8,8,0.5481730875498867,0.017989022911663977
43004,learned_event_learned_qr,3966,3,111,16,16,0.2944082157464347,0.013668733240577949
43004,learned_event_learned_qr,3990,3,110,1,1,0.3964594562133511,6.61010981589769e-05
43004,learned_event_learned_qr,3990,3,110,4,4,0.23884371145444075,0.009097212428835344
43004,learned_event_learned_qr,3990,3,110,8,8,0.4364033561501307,0.04881545047140015
43004,learned_event_learned_qr,3990,3,110,16,16,0.5296102099203395,0.04729677633653852
43004,learned_event_learned_qr,4129,3,101,1,1,1.9416587990999463,0.04634967739064758
43004,learned_event_learned_qr,4129,3,101,4,4,0.7378063844013479,0.0371364728190888
43004,learned_event_learned_qr,4129,3,101,8,8,0.5813993931573532,0.018829590838439027
43004,learned_event_learned_qr,4129,3,101,16,16,0.702000475715344,0.039936555281352315
43004,learned_event_learned_qr,4156,3,101,1,1,1.074677106838303,0.0415790698377777
43004,learned_event_learned_qr,4156,3,101,4,4,0.9241114841172321,0.026133557414982352
43004,learned_event_learned_qr,4156,3,101,8,8,0.5614521820075452,0.019778515910026787
43004,learned_event_learned_qr,4156,3,101,16,16,0.4055901392387317,0.01598125025267131
43004,learned_event_learned_qr,4207,3,101,1,1,0.49297074907995053,0.030732038986986326
43004,learned_event_learned_qr,4207,3,101,4,4,0.7776476135640353,0.016418935608079617
43004,learned_event_learned_qr,4207,3,101,8,8,0.44114603540043684,0.037561429317176015
43004,learned_event_learned_qr,4207,3,101,16,15,0.7722860931412199,0.0653541988679245
43004,learned_event_learned_qr,4223,3,101,1,1,0.4331488949920994,0.36671238093076
43004,learned_event_learned_qr,4223,3,101,4,4,0.46503852285755504,0.19903049202025852
43004,learned_event_learned_qr,4223,3,101,8,7,0.5475334668103479,0.12395496040429231
43004,learned_event_learned_qr,4223,3,101,16,7,0.5475334668103479,0.12395496040429231
43004,learned_event_learned_qr,4231,3,101,1,1,1.4543801644520664,0.0068255725918178155
43004,learned_event_learned_qr,4231,3,101,4,4,0.6133546974289035,0.0036618224394513984
43004,learned_event_learned_qr,4231,3,101,8,8,0.49637522399697165,0.015225494913205193
43004,learned_event_learned_qr,4231,3,101,16,16,0.8722811030864472,0.02553936075478784
43004,learned_event_learned_qr,4266,3,110,1,1,1.0518427614331174,0.05898533725492731
43004,learned_event_learned_qr,4266,3,110,4,4,0.49351001015638263,0.031140482550813926
43004,learned_event_learned_qr,4266,3,110,8,8,0.275561270557368,0.02185631391559386
43004,learned_event_learned_qr,4266,3,110,16,8,0.275561270557368,0.02185631391559386
43004,learned_event_learned_qr,4275,3,110,1,1,0.2116198419641488,0.0002921942262907499
43004,learned_event_learned_qr,4275,3,110,4,1,0.2116198419641488,0.0002921942262907499
43004,learned_event_learned_qr,4275,3,110,8,1,0.2116198419641488,0.0002921942262907499
43004,learned_event_learned_qr,4275,3,110,16,1,0.2116198419641488,0.0002921942262907499
43004,learned_event_learned_qr,4277,3,110,1,1,0.07934744684132317,0.0001577375324256273
43004,learned_event_learned_qr,4277,3,110,4,4,0.9207637439065854,0.04741559712491874
43004,learned_event_learned_qr,4277,3,110,8,8,0.6665496995586635,0.04546860859397918
43004,learned_event_learned_qr,4277,3,110,16,11,0.5124384615122711,0.0375417463813109
43004,learned_event_learned_qr,4289,3,110,1,1,0.5168023713605788,0.0016846890944158472
43004,learned_event_learned_qr,4289,3,110,4,4,0.29800395499556104,0.02187863489530996
43004,learned_event_learned_qr,4289,3,110,8,8,0.5262727317865468,0.04390344768753791
43004,learned_event_learned_qr,4289,3,110,16,11,0.41553882064002073,0.04664554629822159
43004,learned_event_learned_qr,4301,3,110,1,1,0.5938094874917291,0.019323141982144524
43004,learned_event_learned_qr,4301,3,110,4,4,0.3116643802726633,0.007997901296520468
43004,learned_event_learned_qr,4301,3,110,8,8,0.22114325721948125,0.02176205674378757
43004,learned_event_learned_qr,4301,3,110,16,16,0.25889568884060904,0.028660027154852503
43004,learned_event_learned_qr,4318,3,110,1,1,0.06472724842085618,0.024325891129975474
43004,learned_event_learned_qr,4318,3,110,4,4,-0.02118409853325161,0.024189587460122987
43004,learned_event_learned_qr,4318,3,110,8,8,0.07243985015810289,0.037613013963584074
43004,learned_event_learned_qr,4318,3,110,16,8,0.07243985015810289,0.037613013963584074
43004,learned_event_learned_qr,4327,3,110,1,1,-0.11085645850630998,0.0011384763046995634
43004,learned_event_learned_qr,4327,3,110,4,4,-0.20663568999164778,0.002929505919876833
43004,learned_event_learned_qr,4327,3,110,8,8,0.03145566210147935,0.016702374369302952
43004,learned_event_learned_qr,4327,3,110,16,16,-0.1499929739908989,0.014140655623618041
43004,learned_event_learned_qr,4349,3,110,1,1,-0.3011834771741264,0.0005183580175368264
43004,learned_event_learned_qr,4349,3,110,4,4,-0.3067237217670628,0.003603018137832704
43004,learned_event_learned_qr,4349,3,110,8,8,-0.4268252964254432,0.013853185569914118
43004,learned_event_learned_qr,4349,3,110,16,16,-0.00024757241452184886,0.018066137747462366
43004,learned_event_learned_qr,4379,3,110,1,1,0.23988154689660543,0.024940573258043355
43004,learned_event_learned_qr,4379,3,110,4,4,0.3833690615930889,0.026474296492001153
43004,learned_event_learned_qr,4379,3,110,8,8,0.3417199955500833,0.045029148293185474
43004,learned_event_learned_qr,4379,3,110,16,16,0.5198939677680936,0.0526269413943406
43004,learned_event_learned_qr,4430,3,110,1,1,0.02078701797331826,0.004923074368298272
43004,learned_event_learned_qr,4430,3,110,4,4,0.2984645601429068,0.050062513378783084
43004,learned_event_learned_qr,4430,3,110,8,8,0.1844436458544706,0.0358793648350796
43004,learned_event_learned_qr,4430,3,110,16,16,-0.04351636105949254,0.026043381353839407
43004,learned_event_learned_qr,4447,3,110,1,1,-0.3050991490130182,0.0018635426331478895
43004,learned_event_learned_qr,4447,3,110,4,4,-0.31929848373420194,0.009892962899769014
43004,learned_event_learned_qr,4447,3,110,8,8,-0.005633965505661309,0.024425781635796825
43004,learned_event_learned_qr,4447,3,110,16,16,0.19901999601673276,0.02900156407515459
43004,learned_event_learned_qr,4475,3,110,1,1,0.5143311513083587,0.03170253107637886
43004,learned_event_learned_qr,4475,3,110,4,3,0.6374454568804616,0.05061472780274089
43004,learned_event_learned_qr,4475,3,110,8,3,0.6374454568804616,0.05061472780274089
43004,learned_event_learned_qr,4475,3,110,16,3,0.6374454568804616,0.05061472780274089
43004,learned_event_learned_qr,4479,3,110,1,1,0.5024526842221692,0.013958835751808991
43004,learned_event_learned_qr,4479,3,110,4,4,0.1547140630955791,0.06865488763556193
43004,learned_event_learned_qr,4479,3,110,8,8,0.804644115644408,0.04319487181341032
43004,learned_event_learned_qr,4479,3,110,16,16,1.1008198021627127,0.08259829023537436
43004,learned_event_learned_qr,4512,3,011,1,1,0.8511662019479934,0.22924826585861413
43004,learned_event_learned_qr,4512,3,011,4,4,1.036323390532355,0.1540268411129035
43004,learned_event_learned_qr,4512,3,011,8,8,1.3715832115195195,0.08344935604916227
43004,learned_event_learned_qr,4512,3,011,16,16,1.0004563288733568,0.10397791641954873
43004,oracle_event_learned_qr,27,0,110,1,1,-0.09328866511128261,0.006075962571135688
43004,oracle_event_learned_qr,27,0,110,4,4,-0.15117497808556166,0.0030912358355935626
43004,oracle_event_learned_qr,27,0,110,8,4,-0.15117497808556166,0.0030912358355935626
43004,oracle_event_learned_qr,27,0,110,16,4,-0.15117497808556166,0.0030912358355935626
43004,oracle_event_learned_qr,32,0,110,1,1,0.038769541828272615,0.0034728197504565917
43004,oracle_event_learned_qr,32,0,110,4,4,0.08581542639109778,0.026910645755469795
43004,oracle_event_learned_qr,32,0,110,8,8,0.019798506357699926,0.029787043535648036
43004,oracle_event_learned_qr,32,0,110,16,11,0.14002904082684783,0.03549300795127966
43004,oracle_event_learned_qr,44,0,110,1,1,-0.08130825715832034,0.011094642315718795
43004,oracle_event_learned_qr,44,0,110,4,4,0.3685800866708564,0.015101095935812754
43004,oracle_event_learned_qr,44,0,110,8,8,0.46820062480077274,0.019520741516586324
43004,oracle_event_learned_qr,44,0,110,16,11,0.32465991923804344,0.015225770191662668
43004,oracle_event_learned_qr,56,0,110,1,1,0.2123559257148475,0.0005221155025872433
43004,oracle_event_learned_qr,56,0,110,4,4,0.054770959347682564,0.006285153953962207
43004,oracle_event_learned_qr,56,0,110,8,8,0.3837186706089616,0.043184310866671245
43004,oracle_event_learned_qr,56,0,110,16,8,0.3837186706089616,0.043184310866671245
43004,oracle_event_learned_qr,65,0,110,1,1,0.08877711055190526,0.013151608259966334
43004,oracle_event_learned_qr,65,0,110,4,2,0.1896446578437066,0.018694847863692667
43004,oracle_event_learned_qr,65,0,110,8,2,0.1896446578437066,0.018694847863692667
43004,oracle_event_learned_qr,65,0,110,16,2,0.1896446578437066,0.018694847863692667
43004,oracle_event_learned_qr,68,0,110,1,1,-0.019166790022538214,0.0007268329175192777
43004,oracle_event_learned_qr,68,0,110,4,4,-0.08064317275535263,0.0032086050285953195
43004,oracle_event_learned_qr,68,0,110,8,8,0.16041697730867677,0.036965012422511656
43004,oracle_event_learned_qr,68,0,110,16,16,0.11127508286667456,0.029409073938255665
43004,oracle_event_learned_qr,88,0,110,1,1,0.7611841637920874,0.017120510124019783
43004,oracle_event_learned_qr,88,0,110,4,4,0.27100420021038174,0.01762985144779576
43004,oracle_event_learned_qr,88,0,110,8,8,0.04719957038386276,0.011147008790842109
43004,oracle_event_learned_qr,88,0,110,16,16,-0.13071875235250296,0.0074389016487080685
43004,oracle_event_learned_qr,119,0,110,1,1,0.11457808915458453,0.05079714207980839
43004,oracle_event_learned_qr,119,0,110,4,4,0.5182631009377275,0.026559056242670614
43004,oracle_event_learned_qr,119,0,110,8,7,0.21968214786275383,0.016339214715824463
43004,oracle_event_learned_qr,119,0,110,16,7,0.21968214786275383,0.016339214715824463
43004,oracle_event_learned_qr,127,0,110,1,1,-0.041142303582975305,0.008390126996126944
43004,oracle_event_learned_qr,127,0,110,4,4,0.11642784879330928,0.017702477008531187
43004,oracle_event_learned_qr,127,0,110,8,8,1.2020629242539682,0.025579525886617813
43004,oracle_event_learned_qr,127,0,110,16,16,1.0018353045987167,0.05243131482142827
43004,oracle_event_learned_qr,153,0,011,1,1,0.30839364215582166,0.07551171830376181
43004,oracle_event_learned_qr,153,0,011,4,4,1.4540004894744285,0.03914205427097732
43004,oracle_event_learned_qr,153,0,011,8,8,1.3604099630669024,0.033100603201963105
43004,oracle_event_learned_qr,153,0,011,16,16,1.286856463560412,0.08445169368979448
43004,oracle_event_learned_qr,276,0,110,1,1,0.21632339965535183,0.027438110258936145
43004,oracle_event_learned_qr,276,0,110,4,4,0.005218955591678828,0.010991591342082491
43004,oracle_event_learned_qr,276,0,110,8,8,0.053127640462777244,0.021755727482858027
43004,oracle_event_learned_qr,276,0,110,16,16,0.04707446749965492,0.018684631586371465
43004,oracle_event_learned_qr,311,0,110,1,1,-0.32813953084496805,0.01993320741023503
43004,oracle_event_learned_qr,311,0,110,4,4,-0.14848884148217992,0.008300338060688067
43004,oracle_event_learned_qr,311,0,110,8,8,0.05394848996689454,0.00880587268476837
43004,oracle_event_learned_qr,311,0,110,16,11,-0.013008458672176225,0.009861535846042851
43004,oracle_event_learned_qr,323,0,110,1,1,-0.13083350674854446,0.0066723381393629265
43004,oracle_event_learned_qr,323,0,110,4,2,-0.2555658421284213,0.004638020043003961
43004,oracle_event_learned_qr,323,0,110,8,2,-0.2555658421284213,0.004638020043003961
43004,oracle_event_learned_qr,323,0,110,16,2,-0.2555658421284213,0.004638020043003961
43004,oracle_event_learned_qr,326,0,110,1,1,0.6618866866516675,0.03996624522390543
43004,oracle_event_learned_qr,326,0,110,4,4,-0.17258470582669133,0.014406797539038115
43004,oracle_event_learned_qr,326,0,110,8,6,-0.2898131711284964,0.011141483178282586
43004,oracle_event_learned_qr,326,0,110,16,6,-0.2898131711284964,0.011141483178282586
43004,oracle_event_learned_qr,333,0,110,1,1,0.7380878025263921,0.015025188656981433
43004,oracle_event_learned_qr,333,0,110,4,4,-0.12302033481781839,0.009565194642330778
43004,oracle_event_learned_qr,333,0,110,8,5,-0.10650486354964714,0.018537504001655804
43004,oracle_event_learned_qr,333,0,110,16,5,-0.10650486354964714,0.018537504001655804
43004,oracle_event_learned_qr,339,0,110,1,1,-0.35374094331694433,0.00010563340622904733
43004,oracle_event_learned_qr,339,0,110,4,4,-0.4471772742494699,0.008514885936383568
43004,oracle_event_learned_qr,339,0,110,8,4,-0.4471772742494699,0.008514885936383568
43004,oracle_event_learned_qr,339,0,110,16,4,-0.4471772742494699,0.008514885936383568
43004,oracle_event_learned_qr,344,0,110,1,1,-0.47903009831296056,0.01851543486776441
43004,oracle_event_learned_qr,344,0,110,4,4,1.0969103134384544,0.041020999195399595
43004,oracle_event_learned_qr,344,0,110,8,8,0.7105526075264532,0.030928324378856217
43004,oracle_event_learned_qr,344,0,110,16,16,0.582058130008867,0.018973375954187136
43004,oracle_event_learned_qr,396,0,101,1,1,0.7875841602569927,0.2624382338235842
43004,oracle_event_learned_qr,396,0,101,4,2,1.7275118188953658,0.13202067466691214
43004,oracle_event_learned_qr,396,0,101,8,2,1.7275118188953658,0.13202067466691214
43004,oracle_event_learned_qr,396,0,101,16,2,1.7275118188953658,0.13202067466691214
43004,oracle_event_learned_qr,399,0,101,1,1,0.30181137034863686,0.0898644430279497
43004,oracle_event_learned_qr,399,0,101,4,4,0.31137991825928657,0.08292777538032944
43004,oracle_event_learned_qr,399,0,101,8,8,0.24724867239352977,0.04521763574630783
43004,oracle_event_learned_qr,399,0,101,16,16,0.5620766584581278,0.035298892514235534
43004,oracle_event_learned_qr,434,0,101,1,1,0.12396521174363619,0.4825831640989785
43004,oracle_event_learned_qr,434,0,101,4,4,2.3401693159768833,0.13571355960110038
43004,oracle_event_learned_qr,434,0,101,8,4,2.3401693159768833,0.13571355960110038
43004,oracle_event_learned_qr,434,0,101,16,4,2.3401693159768833,0.13571355960110038
43004,oracle_event_learned_qr,439,0,101,1,1,1.8061107835467403,0.1291746447231904
43004,oracle_event_learned_qr,439,0,101,4,4,1.0309825148123226,0.04889390927508466
43004,oracle_event_learned_qr,439,0,101,8,8,0.7275002021073985,0.029635153810519017
43004,oracle_event_learned_qr,439,0,101,16,16,0.47325098939507493,0.018688480777920957
43004,oracle_event_learned_qr,463,0,101,1,1,0.2531190466781676,0.002839085469651293
43004,oracle_event_learned_qr,463,0,101,4,4,1.182119987104372,0.030660242104934364
43004,oracle_event_learned_qr,463,0,101,8,8,0.8599704470472898,0.02633444131538965
43004,oracle_event_learned_qr,463,0,101,16,11,1.0217998829853525,0.030522700125675775
43004,oracle_event_learned_qr,475,0,101,1,1,2.8342420533847172,0.02121690093667666
43004,oracle_event_learned_qr,475,0,101,4,4,1.303523610650876,0.06364291265177097
43004,oracle_event_learned_qr,475,0,101,8,8,1.1864133737215363,0.07364038654272839
43004,oracle_event_learned_qr,475,0,101,16,10,1.1367711537127758,0.061087020360242675
43004,oracle_event_learned_qr,486,0,101,1,1,1.5977896492905543,0.10781743427723275
43004,oracle_event_learned_qr,486,0,101,4,4,1.0828631860461424,0.04420450682950212
43004,oracle_event_learned_qr,486,0,101,8,8,0.9650132183143678,0.08042888390774684
43004,oracle_event_learned_qr,486,0,101,16,16,0.8768532499867432,0.056141861877937294
43004,oracle_event_learned_qr,504,0,101,1,1,1.2566754265879885,0.06651881840835176
43004,oracle_event_learned_qr,504,0,101,4,4,0.6453965786789726,0.023946076750162464
43004,oracle_event_learned_qr,504,0,101,8,8,0.7654415352317051,0.03725480266832886
43004,oracle_event_learned_qr,504,0,101,16,9,0.8538250368172494,0.03472557038053323
43004,oracle_event_learned_qr,514,0,101,1,1,0.7333803756200917,0.06982581698798387
43004,oracle_event_learned_qr,514,0,101,4,4,0.7661591641580676,0.023022224781775923
43004,oracle_event_learned_qr,514,0,101,8,8,0.6798267500486901,0.04183643663603619
43004,oracle_event_learned_qr,514,0,101,16,16,0.7827936794490038,0.06630289990482993
43004,oracle_event_learned_qr,535,0,101,1,1,1.02515307536517,0.17542588190202732
43004,oracle_event_learned_qr,535,0,101,4,4,0.6889927113912897,0.1375238400477648
43004,oracle_event_learned_qr,535,0,101,8,8,0.5773594992851586,0.10939559434096732
43004,oracle_event_learned_qr,535,0,101,16,13,0.4806895245274508,0.08298242668150643
43004,oracle_event_learned_qr,549,0,101,1,1,0.5719611736909461,0.061632278133695956
43004,oracle_event_learned_qr,549,0,101,4,4,0.4344063006669696,0.030239903938906035
43004,oracle_event_learned_qr,549,0,101,8,8,0.7248943173758862,0.039834875713754575
43004,oracle_event_learned_qr,549,0,101,16,10,0.6431808842202619,0.03553260060434075
43004,oracle_event_learned_qr,561,0,101,1,1,3.771593488474706,0.0023981357192813736
43004,oracle_event_learned_qr,561,0,101,4,4,1.8434233399604072,0.03632359450156479
43004,oracle_event_learned_qr,561,0,101,8,8,1.3052693273937157,0.047310911824787895
43004,oracle_event_learned_qr,561,0,101,16,16,1.0166934054966295,0.06772065913895695
43004,oracle_event_learned_qr,585,0,101,1,1,0.9222331999640196,0.12432609947191947
43004,oracle_event_learned_qr,585,0,101,4,2,0.7428724797505261,0.18541307241633426
43004,oracle_event_learned_qr,585,0,101,8,2,0.7428724797505261,0.18541307241633426
43004,oracle_event_learned_qr,585,0,101,16,2,0.7428724797505261,0.18541307241633426
43004,oracle_event_learned_qr,588,0,101,1,1,0.7370901559995744,0.020101014670855986
43004,oracle_event_learned_qr,588,0,101,4,3,0.5339860524759393,0.00811945225918533
43004,oracle_event_learned_qr,588,0,101,8,3,0.5339860524759393,0.00811945225918533
43004,oracle_event_learned_qr,588,0,101,16,3,0.5339860524759393,0.00811945225918533
43004,oracle_event_learned_qr,592,0,101,1,1,0.6699094901307359,0.018433225562287225
43004,oracle_event_learned_qr,592,0,101,4,4,0.6971264949257971,0.034715820468267954
43004,oracle_event_learned_qr,592,0,101,8,8,0.6094451223369721,0.024912321051383152
43004,oracle_event_learned_qr,592,0,101,16,16,0.7388596465776627,0.04470024219586827
43004,oracle_event_learned_qr,611,0,101,1,1,0.820210704195785,0.02974067187862746
43004,oracle_event_learned_qr,611,0,101,4,4,0.5464662532534359,0.014733694792959055
43004,oracle_event_learned_qr,611,0,101,8,8,0.5527329815521492,0.03129811381554597
43004,oracle_event_learned_qr,611,0,101,16,13,0.44950985173721886,0.02806460261747928
43004,oracle_event_learned_qr,625,0,101,1,1,1.1964585670805263,0.4979786034898623
43004,oracle_event_learned_qr,625,0,101,4,4,0.7623339669996813,0.23789272236906386
43004,oracle_event_learned_qr,625,0,101,8,8,0.6620794247476776,0.17220414590409863
43004,oracle_event_learned_qr,625,0,101,16,16,0.8804087926378441,0.09611032279048468
43004,oracle_event_learned_qr,644,0,111,1,1,0.6377865441537657,0.05816720275262769
43004,oracle_event_learned_qr,644,0,111,4,4,0.5679492926553174,0.02282428115363732
43004,oracle_event_learned_qr,644,0,111,8,8,0.8186337714023733,0.018359152938493453
43004,oracle_event_learned_qr,644,0,111,16,16,0.8784291331448983,0.026090144082007157
43004,oracle_event_learned_qr,682,0,111,1,1,0.6584003940784025,0.7359526692425793
43004,oracle_event_learned_qr,682,0,111,4,4,0.8484727594929937,0.2629941572153209
43004,oracle_event_learned_qr,682,0,111,8,8,0.6660341557235545,0.1395552054636584
43004,oracle_event_learned_qr,682,0,111,16,16,0.6588782140245129,0.10741833603800935
43004,oracle_event_learned_qr,706,0,111,1,1,0.4332804252455706,0.8194702935925138
43004,oracle_event_learned_qr,706,0,111,4,4,1.1548090068152967,0.5920149222159136
43004,oracle_event_learned_qr,706,0,111,8,8,1.194571345701406,0.31793517740917104
43004,oracle_event_learned_qr,706,0,111,16,11,1.1210466026198127,0.25391437805670014
43004,oracle_event_learned_qr,718,0,111,1,1,0.5686209354975471,0.03797737583434381
43004,oracle_event_learned_qr,718,0,111,4,4,0.9665844835240683,0.04862482784926224
43004,oracle_event_learned_qr,718,0,111,8,8,0.7222859243015718,0.05390309295915734
43004,oracle_event_learned_qr,718,0,111,16,16,0.7161001257838847,0.05407011683814177
43004,oracle_event_learned_qr,740,0,111,1,1,0.4796627882104461,0.027522968956376577
43004,oracle_event_learned_qr,740,0,111,4,4,0.6992266298522883,0.08952463839768282
43004,oracle_event_learned_qr,740,0,111,8,8,1.0908220299490727,0.06836008284753303
43004,oracle_event_learned_qr,740,0,111,16,16,1.0776125724936876,0.04763987947645914
43004,oracle_event_learned_qr,758,0,111,1,1,0.8701854078706037,0.31279477337909006
43004,oracle_event_learned_qr,758,0,111,4,4,1.3192760452321501,0.12861082955151118
43004,oracle_event_learned_qr,758,0,111,8,8,1.1228361336281678,0.09979705113233883
43004,oracle_event_learned_qr,758,0,111,16,16,0.934246987330614,0.061998217681632155
43004,oracle_event_learned_qr,937,0,111,1,1,0.9074131094246248,0.004312366914796583
43004,oracle_event_learned_qr,937,0,111,4,4,0.6135503701561262,0.00624005963871427
43004,oracle_event_learned_qr,937,0,111,8,8,0.6762792536847647,0.03710699715939338
43004,oracle_event_learned_qr,937,0,111,16,16,0.785762689429499,0.04046264081450345
43004,oracle_event_learned_qr,987,0,111,1,1,0.8836917523552121,0.07174896550386334
43004,oracle_event_learned_qr,987,0,111,4,4,0.454531236704786,0.10364109161483878
43004,oracle_event_learned_qr,987,0,111,8,8,0.41288336311975016,0.06146293230117903
43004,oracle_event_learned_qr,987,0,111,16,16,0.9666467125167775,0.04545195811097005
43004,oracle_event_learned_qr,1049,0,111,1,1,0.6222431333474313,0.07885905995096244
43004,oracle_event_learned_qr,1049,0,111,4,4,0.7784458950133707,0.06071612522718227
43004,oracle_event_learned_qr,1049,0,111,8,8,0.5732812642019245,0.03831794903645096
43004,oracle_event_learned_qr,1049,0,111,16,15,0.6751301552655472,0.11552760579922426
43004,oracle_event_learned_qr,1065,0,111,1,1,0.7162087487131712,0.04743600363571169
43004,oracle_event_learned_qr,1065,0,111,4,4,1.0033435357849274,0.016348091594254203
43004,oracle_event_learned_qr,1065,0,111,8,8,0.8137820067473087,0.0459254698966064
43004,oracle_event_learned_qr,1065,0,111,16,15,0.8400847662632771,0.038324643888491355
43004,oracle_event_learned_qr,1082,0,111,1,1,0.6951592854141319,0.007122927677399614
43004,oracle_event_learned_qr,1082,0,111,4,4,0.6098036787813387,0.06716744778393184
43004,oracle_event_learned_qr,1082,0,111,8,8,0.3958143699654779,0.043470909749277815
43004,oracle_event_learned_qr,1082,0,111,16,16,0.24151692748959175,0.029031365057866822
43004,oracle_event_learned_qr,1115,0,110,1,1,0.22152562955540667,0.00011808128071740986
43004,oracle_event_learned_qr,1115,0,110,4,4,0.32557609177195684,0.005118205320662172
43004,oracle_event_learned_qr,1115,0,110,8,8,0.3207784759808414,0.01612678024906827
43004,oracle_event_learned_qr,1115,0,110,16,13,0.3960094852179604,0.024105827667897775
43004,oracle_event_learned_qr,1129,0,110,1,1,0.13978125790191412,0.0022266190922390237
43004,oracle_event_learned_qr,1129,0,110,4,4,0.10249911059470128,0.044680436091927886
43004,oracle_event_learned_qr,1129,0,110,8,5,0.1467444469433569,0.041028627537356165
43004,oracle_event_learned_qr,1129,0,110,16,5,0.1467444469433569,0.041028627537356165
43004,oracle_event_learned_qr,1135,0,110,1,1,0.4418042805520482,0.0005602629315049893
43004,oracle_event_learned_qr,1135,0,110,4,4,0.30471673500975377,0.019308632245589406
43004,oracle_event_learned_qr,1135,0,110,8,6,0.2985656609380107,0.03117762777516517
43004,oracle_event_learned_qr,1135,0,110,16,6,0.2985656609380107,0.03117762777516517
43004,oracle_event_learned_qr,1142,0,110,1,1,0.13723490315165615,0.029134617842215892
43004,oracle_event_learned_qr,1142,0,110,4,4,0.21631819423998733,0.015441564659746628
43004,oracle_event_learned_qr,1142,0,110,8,8,0.1588000214986222,0.01949948874945621
43004,oracle_event_learned_qr,1142,0,110,16,9,0.11907127350597728,0.0173401256749897
43004,oracle_event_learned_qr,1165,1,111,1,1,0.20702909272317907,0.025297382020367142
43004,oracle_event_learned_qr,1165,1,111,4,4,0.33837856804333416,0.027884072988584366
43004,oracle_event_learned_qr,1165,1,111,8,8,0.8817598115294694,0.05873660030929301
43004,oracle_event_learned_qr,1165,1,111,16,16,0.7970331324263716,0.0667092998076948
43004,oracle_event_learned_qr,1208,1,111,1,1,6.062453076927313,0.03319313186055811
43004,oracle_event_learned_qr,1208,1,111,4,4,2.1312633666819227,0.1080516186109695
43004,oracle_event_learned_qr,1208,1,111,8,8,1.2273551099322335,0.08383475751886992
43004,oracle_event_learned_qr,1208,1,111,16,16,0.9359027986496676,0.07247976976541592
43004,oracle_event_learned_qr,1234,1,111,1,1,0.4362154574868712,0.22671921350967386
43004,oracle_event_learned_qr,1234,1,111,4,4,0.5774311925405373,0.11098290823793598
43004,oracle_event_learned_qr,1234,1,111,8,8,0.4761039477745588,0.06416992338386038
43004,oracle_event_learned_qr,1234,1,111,16,16,0.4602400287004653,0.052913532373242415
43004,oracle_event_learned_qr,1268,1,111,1,1,0.543433020500499,0.0846506402405984
43004,oracle_event_learned_qr,1268,1,111,4,4,0.8558847645726141,0.059137165178417384
43004,oracle_event_learned_qr,1268,1,111,8,8,0.7056870176388421,0.04512761427916931
43004,oracle_event_learned_qr,1268,1,111,16,16,0.6741503113703846,0.03913780354433151
43004,oracle_event_learned_qr,1290,1,111,1,1,0.5709327452332794,0.11271484172405992
43004,oracle_event_learned_qr,1290,1,111,4,4,0.6834146113332769,0.09135708380601171
43004,oracle_event_learned_qr,1290,1,111,8,8,0.6286801441884743,0.06806697565853673
43004,oracle_event_learned_qr,1290,1,111,16,10,0.5808228460162249,0.060144700935295246
43004,oracle_event_learned_qr,1301,1,111,1,1,0.44152934053112797,0.0501465591620813
43004,oracle_event_learned_qr,1301,1,111,4,4,0.3344437231553583,0.16609281740627996
43004,oracle_event_learned_qr,1301,1,111,8,8,0.6620003928182081,0.12559350202589317
43004,oracle_event_learned_qr,1301,1,111,16,16,0.7909212725514942,0.13913066306362698
43004,oracle_event_learned_qr,1346,1,111,1,1,0.645473966775674,0.010902758304617535
43004,oracle_event_learned_qr,1346,1,111,4,1,0.645473966775674,0.010902758304617535
43004,oracle_event_learned_qr,1346,1,111,8,1,0.645473966775674,0.010902758304617535
43004,oracle_event_learned_qr,1346,1,111,16,1,0.645473966775674,0.010902758304617535
43004,oracle_event_learned_qr,1348,1,111,1,1,0.7373183314523014,0.04162779015681639
43004,oracle_event_learned_qr,1348,1,111,4,4,0.7244816012323978,0.07257607326624661
43004,oracle_event_learned_qr,1348,1,111,8,8,0.654342481651311,0.05421679841546213
43004,oracle_event_learned_qr,1348,1,111,16,13,0.5499663979726873,0.03770363511839758
43004,oracle_event_learned_qr,1362,1,111,1,1,0.46424039172054604,0.002644801353524073
43004,oracle_event_learned_qr,1362,1,111,4,4,0.6658916382303625,0.003332761737561884
43004,oracle_event_learned_qr,1362,1,111,8,8,0.8816994927538814,0.019145602420092004
43004,oracle_event_learned_qr,1362,1,111,16,16,0.6790598812597194,0.032056942880972564
43004,oracle_event_learned_qr,1410,1,011,1,1,1.1410003132063458,0.08830314890054447
43004,oracle_event_learned_qr,1410,1,011,4,4,1.3373570131388253,0.0664467152927074
43004,oracle_event_learned_qr,1410,1,011,8,8,0.9930232500424752,0.05253018431915579
43004,oracle_event_learned_qr,1410,1,011,16,16,0.8581141038126298,0.045651186951333605
43004,oracle_event_learned_qr,1550,1,101,1,1,0.10341110923465191,0.3162708356509194
43004,oracle_event_learned_qr,1550,1,101,4,4,1.8569778339813987,0.210262757049923
43004,oracle_event_learned_qr,1550,1,101,8,8,1.069744104639697,0.10899513634473261
43004,oracle_event_learned_qr,1550,1,101,16,16,0.9767496517964132,0.0704678857910076
43004,oracle_event_learned_qr,1568,1,101,1,1,0.5869892617609461,0.0013030655643095235
43004,oracle_event_learned_qr,1568,1,101,4,3,0.41004424590472316,0.008623733082490904
43004,oracle_event_learned_qr,1568,1,101,8,3,0.41004424590472316,0.008623733082490904
43004,oracle_event_learned_qr,1568,1,101,16,3,0.41004424590472316,0.008623733082490904
43004,oracle_event_learned_qr,1572,1,101,1,1,0.6850176773654144,0.001718300153637699
43004,oracle_event_learned_qr,1572,1,101,4,4,0.5894489131729367,0.030970102090982436
43004,oracle_event_learned_qr,1572,1,101,8,8,0.4169082679121221,0.019141208492219897
43004,oracle_event_learned_qr,1572,1,101,16,16,0.4539774843758043,0.01494008662124062
43004,oracle_event_learned_qr,1590,1,101,1,1,0.5485692879955507,0.0017770907431519161
43004,oracle_event_learned_qr,1590,1,101,4,4,0.7761694296164002,0.0565410183617592
43004,oracle_event_learned_qr,1590,1,101,8,5,0.7018757138656537,0.04685937120112858
43004,oracle_event_learned_qr,1590,1,101,16,5,0.7018757138656537,0.04685937120112858
43004,oracle_event_learned_qr,1596,1,101,1,1,0.28602623869425076,0.05383145633021771
43004,oracle_event_learned_qr,1596,1,101,4,4,0.3250065059250436,0.020419542802506054
43004,oracle_event_learned_qr,1596,1,101,8,4,0.3250065059250436,0.020419542802506054
43004,oracle_event_learned_qr,1596,1,101,16,4,0.3250065059250436,0.020419542802506054
43004,oracle_event_learned_qr,1601,1,101,1,1,0.47470412648435456,0.0018523963823408552
43004,oracle_event_learned_qr,1601,1,101,4,4,0.5950117203879932,0.051019842764729706
43004,oracle_event_learned_qr,1601,1,101,8,8,0.8209328183790577,0.029360343213258436
43004,oracle_event_learned_qr,1601,1,101,16,16,0.9175452225580893,0.04084467969688403
43004,oracle_event_learned_qr,1628,1,101,1,1,0.3314144401612476,0.03844365494495059
43004,oracle_event_learned_qr,1628,1,101,4,4,0.9658426701260913,0.030281025422221018
43004,oracle_event_learned_qr,1628,1,101,8,8,0.6402359937022315,0.019995287847569147
43004,oracle_event_learned_qr,1628,1,101,16,16,0.5562222254706577,0.026907465973245122
43004,oracle_event_learned_qr,1659,1,101,1,1,0.30424352167619323,0.3492802369123424
43004,oracle_event_learned_qr,1659,1,101,4,4,0.8384779708195415,0.10947771959596922
43004,oracle_event_learned_qr,1659,1,101,8,8,0.8694865861417242,0.08043434363735667
43004,oracle_event_learned_qr,1659,1,101,16,16,0.8115609972866837,0.05095568489939612
43004,oracle_event_learned_qr,1678,1,101,1,1,0.3863659248554764,0.03129349824287411
43004,oracle_event_learned_qr,1678,1,101,4,4,0.6957764563860824,0.04226272307098797
43004,oracle_event_learned_qr,1678,1,101,8,8,0.7557972361246954,0.03293462309810595
43004,oracle_event_learned_qr,1678,1,101,16,16,0.7960642337133563,0.030492769639433176
43004,oracle_event_learned_qr,1695,1,101,1,1,0.37784297778736603,0.014650749765885615
43004,oracle_event_learned_qr,1695,1,101,4,4,0.34839478369838023,0.010554306565909412
43004,oracle_event_learned_qr,1695,1,101,8,8,0.2527061369459307,0.01182368841029825
43004,oracle_event_learned_qr,1695,1,101,16,15,0.25816507247848225,0.017429700184732673
43004,oracle_event_learned_qr,1711,1,110,1,1,0.14750383614560555,0.018864020620571874
43004,oracle_event_learned_qr,1711,1,110,4,4,0.02644235071347908,0.009924571184666643
43004,oracle_event_learned_qr,1711,1,110,8,8,0.1835408613339107,0.021071707544758424
43004,oracle_event_learned_qr,1711,1,110,16,16,0.11460744581373424,0.0196558292559739
43004,oracle_event_learned_qr,1734,1,110,1,1,0.1509357015277331,0.010451951867074287
43004,oracle_event_learned_qr,1734,1,110,4,4,0.1738737140676227,0.02873325818167398
43004,oracle_event_learned_qr,1734,1,110,8,6,0.13044021182780582,0.022603672377867756
43004,oracle_event_learned_qr,1734,1,110,16,6,0.13044021182780582,0.022603672377867756
43004,oracle_event_learned_qr,1741,1,110,1,1,0.176381470502287,0.03338105346421968
43004,oracle_event_learned_qr,1741,1,110,4,1,0.176381470502287,0.03338105346421968
43004,oracle_event_learned_qr,1741,1,110,8,1,0.176381470502287,0.03338105346421968
43004,oracle_event_learned_qr,1741,1,110,16,1,0.176381470502287,0.03338105346421968
43004,oracle_event_learned_qr,1743,1,110,1,1,0.12656766493735477,0.0013717168833275893
43004,oracle_event_learned_qr,1743,1,110,4,4,0.1145845629134998,0.02723804743683683
43004,oracle_event_learned_qr,1743,1,110,8,8,0.06960664973162645,0.01675643131360376
43004,oracle_event_learned_qr,1743,1,110,16,15,0.29808662359437516,0.0309342869641845
43004,oracle_event_learned_qr,1760,1,110,1,1,0.17727606862831935,0.006521296678692254
43004,oracle_event_learned_qr,1760,1,110,4,4,0.8250307385165496,0.14284648946649597
43004,oracle_event_learned_qr,1760,1,110,8,8,0.8265308940140184,0.14846159548580007
43004,oracle_event_learned_qr,1760,1,110,16,15,0.5421170694582298,0.08267821612420793
43004,oracle_event_learned_qr,1777,1,110,1,1,0.22229400495252732,4.807031565298596e-05
43004,oracle_event_learned_qr,1777,1,110,4,4,0.2903568948276404,0.026609231050368727
43004,oracle_event_learned_qr,1777,1,110,8,8,0.17578151785865295,0.0159395441504889
43004,oracle_event_learned_qr,1777,1,110,16,16,0.1731680649598698,0.011928590576878503
43004,oracle_event_learned_qr,1832,1,101,1,1,1.4468520950209203,0.0015819775088944195
43004,oracle_event_learned_qr,1832,1,101,4,4,0.8341668969881069,0.073196946865378
43004,oracle_event_learned_qr,1832,1,101,8,6,0.5392847414634395,0.10415562431813226
43004,oracle_event_learned_qr,1832,1,101,16,6,0.5392847414634395,0.10415562431813226
43004,oracle_event_learned_qr,1839,1,101,1,1,-0.16581998648344648,0.013252084719302159
43004,oracle_event_learned_qr,1839,1,101,4,4,0.9190891123455697,0.024170676244520607
43004,oracle_event_learned_qr,1839,1,101,8,8,1.2019396339947004,0.017770551676190523
43004,oracle_event_learned_qr,1839,1,101,16,16,1.0167749080583373,0.0400594794879595
43004,oracle_event_learned_qr,1877,1,101,1,1,1.5761325636781611,0.03200727655704703
43004,oracle_event_learned_qr,1877,1,101,4,4,0.9915515476908201,0.02940596920209547
43004,oracle_event_learned_qr,1877,1,101,8,8,0.7666394258171779,0.03118843902965044
43004,oracle_event_learned_qr,1877,1,101,16,16,0.6505543179941728,0.03693428811545196
43004,oracle_event_learned_qr,1902,1,101,1,1,0.4899317148728512,0.12051480923392516
43004,oracle_event_learned_qr,1902,1,101,4,4,0.5836339618016565,0.06224283370231939
43004,oracle_event_learned_qr,1902,1,101,8,8,0.48885192772275776,0.048634223128729774
43004,oracle_event_learned_qr,1902,1,101,16,15,0.6133762049635614,0.035895833140772895
43004,oracle_event_learned_qr,1918,1,101,1,1,0.5970398278282275,0.01740431733097311
43004,oracle_event_learned_qr,1918,1,101,4,4,1.016165862378244,0.030575769557892075
43004,oracle_event_learned_qr,1918,1,101,8,8,1.0977696593460222,0.04420074840048077
43004,oracle_event_learned_qr,1918,1,101,16,16,0.7875709683103167,0.02785126935653872
43004,oracle_event_learned_qr,2081,1,110,1,1,0.5599003816254954,0.006399513635680344
43004,oracle_event_learned_qr,2081,1,110,4,1,0.5599003816254954,0.006399513635680344
43004,oracle_event_learned_qr,2081,1,110,8,1,0.5599003816254954,0.006399513635680344
43004,oracle_event_learned_qr,2081,1,110,16,1,0.5599003816254954,0.006399513635680344
43004,oracle_event_learned_qr,2083,1,110,1,1,0.4616380889767751,0.009726989362092906
43004,oracle_event_learned_qr,2083,1,110,4,4,0.5096554302506058,0.08433624802032536
43004,oracle_event_learned_qr,2083,1,110,8,8,0.3369235127522102,0.05410875106688228
43004,oracle_event_learned_qr,2083,1,110,16,16,0.4294982617240197,0.058132005961469974
43004,oracle_event_learned_qr,2141,1,110,1,1,-0.03956539055643159,0.01863703607884115
43004,oracle_event_learned_qr,2141,1,110,4,2,0.398093764424601,0.06746459549054896
43004,oracle_event_learned_qr,2141,1,110,8,2,0.398093764424601,0.06746459549054896
43004,oracle_event_learned_qr,2141,1,110,16,2,0.398093764424601,0.06746459549054896
43004,oracle_event_learned_qr,2144,1,110,1,1,0.12546845670212248,0.039447851471916665
43004,oracle_event_learned_qr,2144,1,110,4,4,-0.022510205532667846,0.015682428648803287
43004,oracle_event_learned_qr,2144,1,110,8,8,0.6053899269296963,0.052434342942471596
43004,oracle_event_learned_qr,2144,1,110,16,16,0.31975050971274643,0.032613407843740304
43004,oracle_event_learned_qr,2168,1,110,1,1,0.3277519505194722,0.0028002290378265613
43004,oracle_event_learned_qr,2168,1,110,4,4,-0.16132168263858604,0.006460417971554109
43004,oracle_event_learned_qr,2168,1,110,8,8,0.3058566827300127,0.011145723278530202
43004,oracle_event_learned_qr,2168,1,110,16,16,0.826345752674895,0.1003325689520822
43004,oracle_event_learned_qr,2209,1,111,1,1,0.6118290714914413,2.769058558034413e-05
43004,oracle_event_learned_qr,2209,1,111,4,4,0.5101585621507749,0.029928682975987397
43004,oracle_event_learned_qr,2209,1,111,8,8,0.787512768321522,0.06565988221892037
43004,oracle_event_learned_qr,2209,1,111,16,12,0.7035155287111672,0.09616883859697743
43004,oracle_event_learned_qr,2222,1,111,1,1,0.620983000199147,0.003219459241320368
43004,oracle_event_learned_qr,2222,1,111,4,1,0.620983000199147,0.003219459241320368
43004,oracle_event_learned_qr,2222,1,111,8,1,0.620983000199147,0.003219459241320368
43004,oracle_event_learned_qr,2222,1,111,16,1,0.620983000199147,0.003219459241320368
43004,oracle_event_learned_qr,2224,1,111,1,1,1.1808924367133793,0.3580948211922837
43004,oracle_event_learned_qr,2224,1,111,4,4,1.3316832509311738,0.23352317022540572
43004,oracle_event_learned_qr,2224,1,111,8,5,1.1850312689964695,0.1888952741696766
43004,oracle_event_learned_qr,2224,1,111,16,5,1.1850312689964695,0.1888952741696766
43004,oracle_event_learned_qr,2230,1,111,1,1,0.6450523744601737,0.13044174073954473
43004,oracle_event_learned_qr,2230,1,111,4,4,0.7533005179320016,0.09234347918264924
43004,oracle_event_learned_qr,2230,1,111,8,8,0.866444828747012,0.07553329761724331
43004,oracle_event_learned_qr,2230,1,111,16,16,0.6236177471569195,0.04793068474397506
43004,oracle_event_learned_qr,2247,1,110,1,1,0.33125889090554006,0.009747907426987968
43004,oracle_event_learned_qr,2247,1,110,4,4,0.30528303050568356,0.008516651464834098
43004,oracle_event_learned_qr,2247,1,110,8,8,0.20158854732506476,0.0064476244034218835
43004,oracle_event_learned_qr,2247,1,110,16,16,0.17750276669807258,0.01342410086160279
43004,oracle_event_learned_qr,2281,1,110,1,1,0.08264505855721044,0.0006713269627939695
43004,oracle_event_learned_qr,2281,1,110,4,4,0.12401632974540899,0.010763314111483275
43004,oracle_event_learned_qr,2281,1,110,8,4,0.12401632974540899,0.010763314111483275
43004,oracle_event_learned_qr,2281,1,110,16,4,0.12401632974540899,0.010763314111483275
43004,oracle_event_learned_qr,2286,1,110,1,1,0.44180590688217525,0.05532702112435376
43004,oracle_event_learned_qr,2286,1,110,4,4,0.2898107621921994,0.02186678337432136
43004,oracle_event_learned_qr,2286,1,110,8,8,0.3244418117148525,0.05153312227022312
43004,oracle_event_learned_qr,2286,1,110,16,16,0.30537942015286873,0.04919998239332821
43004,oracle_event_learned_qr,2307,2,111,1,1,1.704621301425803,0.020603871204635762
43004,oracle_event_learned_qr,2307,2,111,4,3,1.0038187407647612,0.029346422950477107
43004,oracle_event_learned_qr,2307,2,111,8,3,1.0038187407647612,0.029346422950477107
43004,oracle_event_learned_qr,2307,2,111,16,3,1.0038187407647612,0.029346422950477107
43004,oracle_event_learned_qr,2311,2,111,1,1,0.8535987016769799,0.00398434307451526
43004,oracle_event_learned_qr,2311,2,111,4,4,0.48212745245220096,0.02227272222124461
43004,oracle_event_learned_qr,2311,2,111,8,8,0.8550205673564902,0.03612372665137274
43004,oracle_event_learned_qr,2311,2,111,16,15,0.9090913294612645,0.033243388017886996
43004,oracle_event_learned_qr,2327,2,111,1,1,0.6606456377013659,0.0382052301035348
43004,oracle_event_learned_qr,2327,2,111,4,1,0.6606456377013659,0.0382052301035348
43004,oracle_event_learned_qr,2327,2,111,8,1,0.6606456377013659,0.0382052301035348
43004,oracle_event_learned_qr,2327,2,111,16,1,0.6606456377013659,0.0382052301035348
43004,oracle_event_learned_qr,2329,2,111,1,1,0.7257031382941156,0.022539868979537293
43004,oracle_event_learned_qr,2329,2,111,4,4,0.5669682551071852,0.019554510753462432
43004,oracle_event_learned_qr,2329,2,111,8,8,0.48102097969933694,0.02054103239492834
43004,oracle_event_learned_qr,2329,2,111,16,16,0.5527615049773491,0.038341155779359454
43004,oracle_event_learned_qr,2389,2,111,1,1,0.9439547186369837,0.14949300634166027
43004,oracle_event_learned_qr,2389,2,111,4,4,2.0164948292640825,0.09942360830306637
43004,oracle_event_learned_qr,2389,2,111,8,8,1.254527118121195,0.0758204975093883
43004,oracle_event_learned_qr,2389,2,111,16,16,1.043649029863924,0.05095207336210897
43004,oracle_event_learned_qr,2410,2,111,1,1,0.5079907045475551,2.5536514144379097e-05
43004,oracle_event_learned_qr,2410,2,111,4,3,0.5245267492594647,0.024630880714213477
43004,oracle_event_learned_qr,2410,2,111,8,3,0.5245267492594647,0.024630880714213477
43004,oracle_event_learned_qr,2410,2,111,16,3,0.5245267492594647,0.024630880714213477
43004,oracle_event_learned_qr,2414,2,111,1,1,1.4655534492265707,0.00014607343123837987
43004,oracle_event_learned_qr,2414,2,111,4,4,0.6761070921582069,0.01563685248123614
43004,oracle_event_learned_qr,2414,2,111,8,7,0.6948124128545405,0.01817738937268388
43004,oracle_event_learned_qr,2414,2,111,16,7,0.6948124128545405,0.01817738937268388
43004,oracle_event_learned_qr,2422,2,111,1,1,1.7949879598413316,0.0678767808296166
43004,oracle_event_learned_qr,2422,2,111,4,4,0.8235928446525357,0.04714390981450861
43004,oracle_event_learned_qr,2422,2,111,8,8,0.9064353656257752,0.06527860117570967
43004,oracle_event_learned_qr,2422,2,111,16,16,0.7474776948718846,0.04074263115377397
43004,oracle_event_learned_qr,2459,2,101,1,1,1.7806255950999883,0.04952347072064233
43004,oracle_event_learned_qr,2459,2,101,4,4,0.9563611684103397,0.031341922711223553
43004,oracle_event_learned_qr,2459,2,101,8,4,0.9563611684103397,0.031341922711223553
43004,oracle_event_learned_qr,2459,2,101,16,4,0.9563611684103397,0.031341922711223553
43004,oracle_event_learned_qr,2464,2,101,1,1,1.1873470018450778,0.09580443543016481
43004,oracle_event_learned_qr,2464,2,101,4,1,1.1873470018450778,0.09580443543016481
43004,oracle_event_learned_qr,2464,2,101,8,1,1.1873470018450778,0.09580443543016481
43004,oracle_event_learned_qr,2464,2,101,16,1,1.1873470018450778,0.09580443543016481
43004,oracle_event_learned_qr,2466,2,101,1,1,0.5123090193457519,0.010669104011160313
43004,oracle_event_learned_qr,2466,2,101,4,4,0.9264101645304432,0.05546472935896454
43004,oracle_event_learned_qr,2466,2,101,8,6,0.8637331591532198,0.042819933152008466
43004,oracle_event_learned_qr,2466,2,101,16,6,0.8637331591532198,0.042819933152008466
43004,oracle_event_learned_qr,2473,2,101,1,1,0.5367613731661207,0.05858412396173549
43004,oracle_event_learned_qr,2473,2,101,4,4,0.7043745137678342,0.042155336857564896
43004,oracle_event_learned_qr,2473,2,101,8,8,0.5544811201589115,0.03406705817305863
43004,oracle_event_learned_qr,2473,2,101,16,16,0.6249183573899231,0.025331299755437957
43004,oracle_event_learned_qr,2494,2,101,1,1,0.5564164854252138,0.031093593246403563
43004,oracle_event_learned_qr,2494,2,101,4,4,0.5230690120430974,0.018066256452036657
43004,oracle_event_learned_qr,2494,2,101,8,8,0.6576495165219107,0.03369697961513571
43004,oracle_event_learned_qr,2494,2,101,16,14,0.5500936549435098,0.025554437031621798
43004,oracle_event_learned_qr,2509,2,101,1,1,0.579770416437773,0.011547408397327336
43004,oracle_event_learned_qr,2509,2,101,4,1,0.579770416437773,0.011547408397327336
43004,oracle_event_learned_qr,2509,2,101,8,1,0.579770416437773,0.011547408397327336
43004,oracle_event_learned_qr,2509,2,101,16,1,0.579770416437773,0.011547408397327336
43004,oracle_event_learned_qr,2512,2,101,1,1,1.5680913690589529,0.2438330899442405
43004,oracle_event_learned_qr,2512,2,101,4,2,1.0513475320823775,0.16465068013672524
43004,oracle_event_learned_qr,2512,2,101,8,2,1.0513475320823775,0.16465068013672524
43004,oracle_event_learned_qr,2512,2,101,16,2,1.0513475320823775,0.16465068013672524
43004,oracle_event_learned_qr,2515,2,101,1,1,0.9991210689376934,0.0005813788899803535
43004,oracle_event_learned_qr,2515,2,101,4,4,0.48066645278251985,0.001320433188253027
43004,oracle_event_learned_qr,2515,2,101,8,8,0.6083585621094509,0.007343348031973503
43004,oracle_event_learned_qr,2515,2,101,16,16,0.6311717562128691,0.018019613038015813
43004,oracle_event_learned_qr,2610,2,111,1,1,1.6104241908519774,0.06377409686126521
43004,oracle_event_learned_qr,2610,2,111,4,4,1.3907938202010004,0.08999306920896029
43004,oracle_event_learned_qr,2610,2,111,8,8,1.085159097174226,0.0766624046500842
43004,oracle_event_learned_qr,2610,2,111,16,16,1.2086442508180824,0.09471419108886472
43004,oracle_event_learned_qr,2631,2,111,1,1,0.9014659398206253,0.11732999149893825
43004,oracle_event_learned_qr,2631,2,111,4,4,0.7722966431225196,0.03851171317973801
43004,oracle_event_learned_qr,2631,2,111,8,8,0.7263960317106953,0.04724730510152944
43004,oracle_event_learned_qr,2631,2,111,16,10,0.7510655927383023,0.04032604109877226
43004,oracle_event_learned_qr,2643,2,111,1,1,0.7096147981968771,0.12365879863549588
43004,oracle_event_learned_qr,2643,2,111,4,4,0.6178622540115231,0.06838286554845119
43004,oracle_event_learned_qr,2643,2,111,8,8,0.5420821676769447,0.05748330606526309
43004,oracle_event_learned_qr,2643,2,111,16,16,0.44449097805356486,0.03850454546236114
43004,oracle_event_learned_qr,2708,2,011,1,1,0.3651626104602506,0.010196149683101816
43004,oracle_event_learned_qr,2708,2,011,4,4,1.0439800216194903,0.13822962559020205
43004,oracle_event_learned_qr,2708,2,011,8,8,0.7729538356610377,0.09405485659562635
43004,oracle_event_learned_qr,2708,2,011,16,16,0.7152801787641946,0.09231939667274722
43004,oracle_event_learned_qr,2762,2,011,1,1,0.27876034599634664,0.09947924709449533
43004,oracle_event_learned_qr,2762,2,011,4,4,1.3997161078583957,0.04888940192299185
43004,oracle_event_learned_qr,2762,2,011,8,8,1.5984389401991295,0.0560363375961351
43004,oracle_event_learned_qr,2762,2,011,16,16,1.1347213930959767,0.045894425859999
43004,oracle_event_learned_qr,2794,2,110,1,1,0.19056594051547224,3.9258619975799014e-05
43004,oracle_event_learned_qr,2794,2,110,4,2,0.28469397662464824,0.006172306147229094
43004,oracle_event_learned_qr,2794,2,110,8,2,0.28469397662464824,0.006172306147229094
43004,oracle_event_learned_qr,2794,2,110,16,2,0.28469397662464824,0.006172306147229094
43004,oracle_event_learned_qr,2797,2,110,1,1,0.5623627436233581,0.025959349328693107
43004,oracle_event_learned_qr,2797,2,110,4,4,0.2403422257505838,0.009612365874753675
43004,oracle_event_learned_qr,2797,2,110,8,8,0.2549102691546046,0.01597691800481625
43004,oracle_event_learned_qr,2797,2,110,16,8,0.2549102691546046,0.01597691800481625
43004,oracle_event_learned_qr,2807,2,110,1,1,0.2080563867973659,0.0016007470885294375
43004,oracle_event_learned_qr,2807,2,110,4,4,0.25497013272248076,0.020568999123737986
43004,oracle_event_learned_qr,2807,2,110,8,8,0.21049128796702737,0.014389944669345033
43004,oracle_event_learned_qr,2807,2,110,16,16,0.08222749783004253,0.013976933820424618
43004,oracle_event_learned_qr,2836,2,110,1,1,0.771600328004638,0.021848181460204848
43004,oracle_event_learned_qr,2836,2,110,4,4,0.90736677791153,0.032953453636242906
43004,oracle_event_learned_qr,2836,2,110,8,8,0.405552594954634,0.023822810507858866
43004,oracle_event_learned_qr,2836,2,110,16,16,0.4374992405949394,0.03902136199810925
43004,oracle_event_learned_qr,2863,2,110,1,1,-0.060430195835524295,0.007199316994766715
43004,oracle_event_learned_qr,2863,2,110,4,4,0.01526164003106159,0.017838559682603845
43004,oracle_event_learned_qr,2863,2,110,8,8,-0.15123206568120595,0.020041469543020975
43004,oracle_event_learned_qr,2863,2,110,16,16,0.03417547372823432,0.021341067193002536
43004,oracle_event_learned_qr,2884,2,110,1,1,0.03752118388122025,0.007136116050580416
43004,oracle_event_learned_qr,2884,2,110,4,4,-0.22890506279277273,0.007921295931382653
43004,oracle_event_learned_qr,2884,2,110,8,8,-0.10053346605515223,0.01523598041214263
43004,oracle_event_learned_qr,2884,2,110,16,15,0.2129433231931129,0.027194753425767753
43004,oracle_event_learned_qr,2900,2,110,1,1,0.051117595391368426,0.00023422051654148346
43004,oracle_event_learned_qr,2900,2,110,4,4,0.36138904454244053,0.08029557087958356
43004,oracle_event_learned_qr,2900,2,110,8,8,0.3426287791058962,0.053587891452955186
43004,oracle_event_learned_qr,2900,2,110,16,16,0.17181856150740252,0.03172240903799692
43004,oracle_event_learned_qr,2934,2,110,1,1,0.09487658038126394,0.005518838056725335
43004,oracle_event_learned_qr,2934,2,110,4,4,-0.009781397967149493,0.0036653437256351277
43004,oracle_event_learned_qr,2934,2,110,8,8,0.3283167183928513,0.03154169287373954
43004,oracle_event_learned_qr,2934,2,110,16,10,0.5470642760444033,0.038625368226401294
43004,oracle_event_learned_qr,2945,2,101,1,1,0.23595931981082968,0.0017127434648778308
43004,oracle_event_learned_qr,2945,2,101,4,4,0.472497383727957,0.008455651415187984
43004,oracle_event_learned_qr,2945,2,101,8,8,0.29568007254297646,0.020153294802017312
43004,oracle_event_learned_qr,2945,2,101,16,16,0.38931760630062706,0.03593022667010985
43004,oracle_event_learned_qr,2968,2,101,1,1,0.5720567672967285,0.007966781375565363
43004,oracle_event_learned_qr,2968,2,101,4,1,0.5720567672967285,0.007966781375565363
43004,oracle_event_learned_qr,2968,2,101,8,1,0.5720567672967285,0.007966781375565363
43004,oracle_event_learned_qr,2968,2,101,16,1,0.5720567672967285,0.007966781375565363
43004,oracle_event_learned_qr,2971,2,101,1,1,1.5383887979407933,0.10586962679394675
43004,oracle_event_learned_qr,2971,2,101,4,4,0.9114169226622016,0.042246696374543626
43004,oracle_event_learned_qr,2971,2,101,8,8,0.6370480477052662,0.02619339397347443
43004,oracle_event_learned_qr,2971,2,101,16,16,0.5761724751466049,0.024879532322248966
43004,oracle_event_learned_qr,3034,2,101,1,1,0.4824547011986343,0.03051068785294001
43004,oracle_event_learned_qr,3034,2,101,4,4,0.5648203309867419,0.029902521596411775
43004,oracle_event_learned_qr,3034,2,101,8,8,0.6731115066735185,0.048519433042879784
43004,oracle_event_learned_qr,3034,2,101,16,16,0.8113056839888881,0.032138090282557624
43004,oracle_event_learned_qr,3065,2,101,1,1,0.5005830499925505,0.41930023279185236
43004,oracle_event_learned_qr,3065,2,101,4,4,0.513203798973252,0.15516556156113878
43004,oracle_event_learned_qr,3065,2,101,8,7,0.4081552437161669,0.09218454735360307
43004,oracle_event_learned_qr,3065,2,101,16,7,0.4081552437161669,0.09218454735360307
43004,oracle_event_learned_qr,3073,2,101,1,1,0.5752711359318928,0.03651054421945081
43004,oracle_event_learned_qr,3073,2,101,4,4,1.2422002852654002,0.08458762068402764
43004,oracle_event_learned_qr,3073,2,101,8,8,0.9167509102179332,0.04637707484954766
43004,oracle_event_learned_qr,3073,2,101,16,16,0.8740706618414276,0.05681526808677186
43004,oracle_event_learned_qr,3094,2,101,1,1,0.7474542596836956,0.005947934630449707
43004,oracle_event_learned_qr,3094,2,101,4,4,0.4792390693542883,0.0026822298426014907
43004,oracle_event_learned_qr,3094,2,101,8,8,0.5759596228235416,0.013736598510496759
43004,oracle_event_learned_qr,3094,2,101,16,12,0.7779270319699144,0.026700319657183044
43004,oracle_event_learned_qr,3107,2,101,1,1,1.7236959331627433,0.22762393945498097
43004,oracle_event_learned_qr,3107,2,101,4,4,1.0036304022329174,0.0717067030581513
43004,oracle_event_learned_qr,3107,2,101,8,8,0.6545645688688214,0.039558402255672316
43004,oracle_event_learned_qr,3107,2,101,16,16,0.5518305074279228,0.024847196324343082
43004,oracle_event_learned_qr,3177,2,110,1,1,-0.12974260202468996,0.003703385046361595
43004,oracle_event_learned_qr,3177,2,110,4,4,0.03989690918353897,0.019166284502732465
43004,oracle_event_learned_qr,3177,2,110,8,8,0.08506534555841937,0.01490242374077162
43004,oracle_event_learned_qr,3177,2,110,16,16,0.31333731849043267,0.03305193939304972
43004,oracle_event_learned_qr,3203,2,110,1,1,0.31569238036671216,0.07402140951400686
43004,oracle_event_learned_qr,3203,2,110,4,4,-0.004312567051203656,0.031172664931084736
43004,oracle_event_learned_qr,3203,2,110,8,4,-0.004312567051203656,0.031172664931084736
43004,oracle_event_learned_qr,3203,2,110,16,4,-0.004312567051203656,0.031172664931084736
43004,oracle_event_learned_qr,3208,2,110,1,1,-0.06867460538434941,0.01781915383402697
43004,oracle_event_learned_qr,3208,2,110,4,4,0.02313772908930825,0.03670733120362855
43004,oracle_event_learned_qr,3208,2,110,8,5,-0.01466159085453953,0.031415907396646535
43004,oracle_event_learned_qr,3208,2,110,16,5,-0.01466159085453953,0.031415907396646535
43004,oracle_event_learned_qr,3214,2,110,1,1,-0.16157025162961156,0.01645543888603515
43004,oracle_event_learned_qr,3214,2,110,4,3,-0.12425547251289577,0.00826964667547808
43004,oracle_event_learned_qr,3214,2,110,8,3,-0.12425547251289577,0.00826964667547808
43004,oracle_event_learned_qr,3214,2,110,16,3,-0.12425547251289577,0.00826964667547808
43004,oracle_event_learned_qr,3218,2,110,1,1,-0.21054692421933663,0.005063750653907034
43004,oracle_event_learned_qr,3218,2,110,4,1,-0.21054692421933663,0.005063750653907034
43004,oracle_event_learned_qr,3218,2,110,8,1,-0.21054692421933663,0.005063750653907034
43004,oracle_event_learned_qr,3218,2,110,16,1,-0.21054692421933663,0.005063750653907034
43004,oracle_event_learned_qr,3220,2,110,1,1,-0.017642992464786775,0.035155885998742115
43004,oracle_event_learned_qr,3220,2,110,4,4,0.5561351640245977,0.046486047789624264
43004,oracle_event_learned_qr,3220,2,110,8,8,0.27410431147422254,0.04854901773152391
43004,oracle_event_learned_qr,3220,2,110,16,16,0.5963072180980034,0.059239354775619785
43004,oracle_event_learned_qr,3238,2,110,1,1,0.20198555620048236,0.011049079150285645
43004,oracle_event_learned_qr,3238,2,110,4,4,0.2695917224591349,0.035214561460968935
43004,oracle_event_learned_qr,3238,2,110,8,8,0.277730665118716,0.018731789256517972
43004,oracle_event_learned_qr,3238,2,110,16,16,0.14309563080958076,0.017418353416038476
43004,oracle_event_learned_qr,3459,3,101,1,1,4.896318451950941,0.5003276856241429
43004,oracle_event_learned_qr,3459,3,101,4,4,2.4954731983620606,0.210552370142238
43004,oracle_event_learned_qr,3459,3,101,8,8,2.1092839959967318,0.23179948835848208
43004,oracle_event_learned_qr,3459,3,101,16,16,1.4497205594894331,0.14204997915691822
43004,oracle_event_learned_qr,3500,3,101,1,1,0.36552963916086156,0.02121913030609032
43004,oracle_event_learned_qr,3500,3,101,4,4,0.5956749565350778,0.14306176565651757
43004,oracle_event_learned_qr,3500,3,101,8,8,0.46465642891543,0.11353060471145841
43004,oracle_event_learned_qr,3500,3,101,16,13,0.49762088420706274,0.07688218553127721
43004,oracle_event_learned_qr,3515,3,101,1,1,0.39609312458240825,0.0064315301142095545
43004,oracle_event_learned_qr,3515,3,101,4,3,0.5809597922399002,0.04338857249353762
43004,oracle_event_learned_qr,3515,3,101,8,3,0.5809597922399002,0.04338857249353762
43004,oracle_event_learned_qr,3515,3,101,16,3,0.5809597922399002,0.04338857249353762
43004,oracle_event_learned_qr,3519,3,101,1,1,0.1903488001288283,0.004358042769917973
43004,oracle_event_learned_qr,3519,3,101,4,4,0.12075553653252806,0.012765068634685135
43004,oracle_event_learned_qr,3519,3,101,8,7,0.18640295855015657,0.021945545125083264
43004,oracle_event_learned_qr,3519,3,101,16,7,0.18640295855015657,0.021945545125083264
43004,oracle_event_learned_qr,3527,3,101,1,1,1.2075134652527748,0.04931465961205807
43004,oracle_event_learned_qr,3527,3,101,4,4,1.347726226845939,0.0352464608745211
43004,oracle_event_learned_qr,3527,3,101,8,8,0.7653308351021824,0.022582609473691985
43004,oracle_event_learned_qr,3527,3,101,16,16,0.6218493254773374,0.016102374367244383
43004,oracle_event_learned_qr,3569,3,101,1,1,0.5527397042681258,0.4638407647246912
43004,oracle_event_learned_qr,3569,3,101,4,4,0.6207304504715213,0.15861755514499706
43004,oracle_event_learned_qr,3569,3,101,8,8,0.5450280256262803,0.08317577915597665
43004,oracle_event_learned_qr,3569,3,101,16,12,0.4856666037052071,0.10400448181649008
43004,oracle_event_learned_qr,3582,3,101,1,1,0.8798534128879952,0.11546622188845253
43004,oracle_event_learned_qr,3582,3,101,4,4,0.4539751841311388,0.11342524152392382
43004,oracle_event_learned_qr,3582,3,101,8,8,0.8272341482674378,0.07887946043885459
43004,oracle_event_learned_qr,3582,3,101,16,16,0.7179039072853897,0.05618302156648185
43004,oracle_event_learned_qr,3606,3,101,1,1,1.2257931296675728,0.06156420238691202
43004,oracle_event_learned_qr,3606,3,101,4,4,0.6993213101967406,0.08093943625075538
43004,oracle_event_learned_qr,3606,3,101,8,8,0.8073029621184676,0.06358528967446306
43004,oracle_event_learned_qr,3606,3,101,16,15,0.7806809201150774,0.05296543997903674
43004,oracle_event_learned_qr,3622,3,111,1,1,1.278243513043494,0.023585483816508043
43004,oracle_event_learned_qr,3622,3,111,4,4,0.6542481021105147,0.031802545144700885
43004,oracle_event_learned_qr,3622,3,111,8,8,0.615384337257083,0.04208081642418995
43004,oracle_event_learned_qr,3622,3,111,16,13,0.8693100848248256,0.038248472310037245
43004,oracle_event_learned_qr,3636,3,111,1,1,0.7691733986687631,0.0032967633194819924
43004,oracle_event_learned_qr,3636,3,111,4,4,0.5539200681225056,0.0201005997511318
43004,oracle_event_learned_qr,3636,3,111,8,8,0.588689101928189,0.03443165710082348
43004,oracle_event_learned_qr,3636,3,111,16,16,0.5300086465460625,0.08966996230432064
43004,oracle_event_learned_qr,3655,3,111,1,1,0.7993945375421563,0.08012250608482968
43004,oracle_event_learned_qr,3655,3,111,4,4,0.57333930389899,0.06399084419073137
43004,oracle_event_learned_qr,3655,3,111,8,6,0.6321240810623229,0.05697882650580203
43004,oracle_event_learned_qr,3655,3,111,16,6,0.6321240810623229,0.05697882650580203
43004,oracle_event_learned_qr,3662,3,111,1,1,0.3779751310314652,0.03909193037392811
43004,oracle_event_learned_qr,3662,3,111,4,4,0.8944165838841122,0.017365620974482816
43004,oracle_event_learned_qr,3662,3,111,8,8,0.7057832614390733,0.06140174307364987
43004,oracle_event_learned_qr,3662,3,111,16,16,0.5249071905686514,0.04211253842209291
43004,oracle_event_learned_qr,3680,3,111,1,1,2.0042803848746416,0.08385378448209899
43004,oracle_event_learned_qr,3680,3,111,4,4,0.939170892284774,0.09410094392689526
43004,oracle_event_learned_qr,3680,3,111,8,8,0.9408606005726147,0.1074961715714375
43004,oracle_event_learned_qr,3680,3,111,16,16,0.9997394376429583,0.0706521366916636
43004,oracle_event_learned_qr,3714,3,111,1,1,0.6123621833907592,0.0033289677545561007
43004,oracle_event_learned_qr,3714,3,111,4,4,0.7040020893816215,0.05209076098596517
43004,oracle_event_learned_qr,3714,3,111,8,8,0.8230501742171135,0.05146806318117454
43004,oracle_event_learned_qr,3714,3,111,16,16,0.8348305097013174,0.033522864577042386
43004,oracle_event_learned_qr,3765,3,111,1,1,1.263007209735308,0.32096125854211166
43004,oracle_event_learned_qr,3765,3,111,4,1,1.263007209735308,0.32096125854211166
43004,oracle_event_learned_qr,3765,3,111,8,1,1.263007209735308,0.32096125854211166
43004,oracle_event_learned_qr,3765,3,111,16,1,1.263007209735308,0.32096125854211166
43004,oracle_event_learned_qr,3767,3,111,1,1,0.9970732677865948,0.0037274734363823233
43004,oracle_event_learned_qr,3767,3,111,4,4,0.8910665125975297,0.10946272735416782
43004,oracle_event_learned_qr,3767,3,111,8,8,0.7122651253369805,0.07761975859663622
43004,oracle_event_learned_qr,3767,3,111,16,12,0.7282904900368748,0.07610719139112145
43004,oracle_event_learned_qr,3780,3,111,1,1,0.5404335904086751,0.003176712314401732
43004,oracle_event_learned_qr,3780,3,111,4,4,0.6815148398831337,0.02068768139933481
43004,oracle_event_learned_qr,3780,3,111,8,8,0.6197282674790494,0.016780967387141237
43004,oracle_event_learned_qr,3780,3,111,16,16,0.7257382636181189,0.06882419423753669
43004,oracle_event_learned_qr,3883,3,111,1,1,0.5628616446651636,0.042809015070786965
43004,oracle_event_learned_qr,3883,3,111,4,4,0.7563597855193861,0.02235079211142996
43004,oracle_event_learned_qr,3883,3,111,8,5,0.6674188550921704,0.023388641586537466
43004,oracle_event_learned_qr,3883,3,111,16,5,0.6674188550921704,0.023388641586537466
43004,oracle_event_learned_qr,3889,3,111,1,1,0.24832930969561218,0.028415102216882326
43004,oracle_event_learned_qr,3889,3,111,4,4,0.4147574440817661,0.024781533196513918
43004,oracle_event_learned_qr,3889,3,111,8,8,0.7111642580617167,0.0349551652485234
43004,oracle_event_learned_qr,3889,3,111,16,14,0.5494879234428394,0.031586978563859704
43004,oracle_event_learned_qr,3904,3,111,1,1,0.8280544252913772,0.000295170640165732
43004,oracle_event_learned_qr,3904,3,111,4,4,1.0236357963535891,0.08300198110001093
43004,oracle_event_learned_qr,3904,3,111,8,8,1.0214625612808765,0.07811857876656884
43004,oracle_event_learned_qr,3904,3,111,16,16,0.9771559843506148,0.04697586764614692
43004,oracle_event_learned_qr,3966,3,111,1,1,2.1270102976687726,0.001469244865527424
43004,oracle_event_learned_qr,3966,3,111,4,4,0.8906816132219749,0.008511498739288016
43004,oracle_event_learned_qr,3966,3,111,8,8,0.5508959872758775,0.019112031551084697
43004,oracle_event_learned_qr,3966,3,111,16,16,0.293775751815638,0.014354405740622038
43004,oracle_event_learned_qr,3990,3,110,1,1,0.3943726080725339,6.307267222607683e-05
43004,oracle_event_learned_qr,3990,3,110,4,4,0.23685841860021584,0.00918929418478735
43004,oracle_event_learned_qr,3990,3,110,8,8,0.4382799718698313,0.05020460427729937
43004,oracle_event_learned_qr,3990,3,110,16,16,0.5338939285038994,0.048645826984626946
43004,oracle_event_learned_qr,4129,3,101,1,1,1.708750904791599,0.11699460247807197
43004,oracle_event_learned_qr,4129,3,101,4,4,0.708083241282192,0.06621675548255081
43004,oracle_event_learned_qr,4129,3,101,8,8,0.5718098474083388,0.03364628995863983
43004,oracle_event_learned_qr,4129,3,101,16,16,0.697626243396478,0.047243603115943125
43004,oracle_event_learned_qr,4156,3,101,1,1,0.6220239600608153,0.0009104422437249812
43004,oracle_event_learned_qr,4156,3,101,4,4,0.6733682064427946,0.04270956928837986
43004,oracle_event_learned_qr,4156,3,101,8,8,0.4084369312337158,0.03065603636377887
43004,oracle_event_learned_qr,4156,3,101,16,16,0.31580180710322653,0.021353651727788518
43004,oracle_event_learned_qr,4207,3,101,1,1,0.17216182286245432,0.001598954266150709
43004,oracle_event_learned_qr,4207,3,101,4,4,0.4546552993186118,0.01924838788301752
43004,oracle_event_learned_qr,4207,3,101,8,8,0.25855691026047184,0.043571851431986136
43004,oracle_event_learned_qr,4207,3,101,16,15,0.7667537232469926,0.07856475039329981
43004,oracle_event_learned_qr,4223,3,101,1,1,0.647483504926474,0.07027024309174935
43004,oracle_event_learned_qr,4223,3,101,4,4,0.41223158522377007,0.06018779734782001
43004,oracle_event_learned_qr,4223,3,101,8,7,0.48821611057072856,0.04681427343913914
43004,oracle_event_learned_qr,4223,3,101,16,7,0.48821611057072856,0.04681427343913914
43004,oracle_event_learned_qr,4231,3,101,1,1,1.057697251342045,0.0621329269972209
43004,oracle_event_learned_qr,4231,3,101,4,4,0.5469710167740203,0.023273955059921442
43004,oracle_event_learned_qr,4231,3,101,8,8,0.4495661312847211,0.026410153466393263
43004,oracle_event_learned_qr,4231,3,101,16,16,0.8562111810608357,0.029152946887695753
43004,oracle_event_learned_qr,4266,3,110,1,1,0.5357705459280385,0.002917830399062759
43004,oracle_event_learned_qr,4266,3,110,4,4,0.48104558389039154,0.034011157682513705
43004,oracle_event_learned_qr,4266,3,110,8,8,0.2682265341674586,0.02445534100304651
43004,oracle_event_learned_qr,4266,3,110,16,8,0.2682265341674586,0.02445534100304651
43004,oracle_event_learned_qr,4275,3,110,1,1,0.20601570316108428,0.000277964584288059
43004,oracle_event_learned_qr,4275,3,110,4,1,0.20601570316108428,0.000277964584288059
43004,oracle_event_learned_qr,4275,3,110,8,1,0.20601570316108428,0.000277964584288059
43004,oracle_event_learned_qr,4275,3,110,16,1,0.20601570316108428,0.000277964584288059
43004,oracle_event_learned_qr,4277,3,110,1,1,0.07382892986120135,0.00016590574911050588
43004,oracle_event_learned_qr,4277,3,110,4,4,0.9261727877869874,0.05552558189905714
43004,oracle_event_learned_qr,4277,3,110,8,8,0.7365426645568396,0.06237971978346159
43004,oracle_event_learned_qr,4277,3,110,16,11,0.5786271610745365,0.050862464972132385
43004,oracle_event_learned_qr,4289,3,110,1,1,0.2931515512528306,0.0015310186592298808
43004,oracle_event_learned_qr,4289,3,110,4,4,0.25239038598689173,0.022791607323728338
43004,oracle_event_learned_qr,4289,3,110,8,8,0.48824348349713487,0.04600934892114353
43004,oracle_event_learned_qr,4289,3,110,16,11,0.3909715961139934,0.048038137294436074
43004,oracle_event_learned_qr,4301,3,110,1,1,0.2162112403679691,0.0075918951531006255
43004,oracle_event_learned_qr,4301,3,110,4,4,0.202025082230455,0.004891178107648398
43004,oracle_event_learned_qr,4301,3,110,8,8,0.1761721949562528,0.020990896158989535
43004,oracle_event_learned_qr,4301,3,110,16,16,0.23718804605266994,0.029086366711659768
43004,oracle_event_learned_qr,4318,3,110,1,1,0.08155155915642234,0.024548615575322456
43004,oracle_event_learned_qr,4318,3,110,4,4,-0.006989800274314895,0.024370672720327037
43004,oracle_event_learned_qr,4318,3,110,8,8,0.08049022588083418,0.03793811924496419
43004,oracle_event_learned_qr,4318,3,110,16,8,0.08049022588083418,0.03793811924496419
43004,oracle_event_learned_qr,4327,3,110,1,1,-0.09685842103487526,0.0011452492730376941
43004,oracle_event_learned_qr,4327,3,110,4,4,-0.1946735542436211,0.002953447592819172
43004,oracle_event_learned_qr,4327,3,110,8,8,0.03454180375955694,0.01709895253791704
43004,oracle_event_learned_qr,4327,3,110,16,16,-0.14581877219379868,0.014368110813423134
43004,oracle_event_learned_qr,4349,3,110,1,1,-0.2963086385944325,0.0005279126996727
43004,oracle_event_learned_qr,4349,3,110,4,4,-0.3042921117261054,0.003622270192007144
43004,oracle_event_learned_qr,4349,3,110,8,8,-0.423484089645073,0.013925195924689446
43004,oracle_event_learned_qr,4349,3,110,16,16,0.03880306826002426,0.020386950611724054
43004,oracle_event_learned_qr,4379,3,110,1,1,-0.097632464470124,0.014911635944150712
43004,oracle_event_learned_qr,4379,3,110,4,4,0.31042970432994066,0.02821343453372043
43004,oracle_event_learned_qr,4379,3,110,8,8,0.33565709192076637,0.05060049764532591
43004,oracle_event_learned_qr,4379,3,110,16,16,0.5238381068341782,0.05968104644571809
43004,oracle_event_learned_qr,4430,3,110,1,1,0.06303786192312752,0.004980467532824313
43004,oracle_event_learned_qr,4430,3,110,4,4,0.3031499766270783,0.05143933090134325
43004,oracle_event_learned_qr,4430,3,110,8,8,0.19336678151274989,0.036929517413548295
43004,oracle_event_learned_qr,4430,3,110,16,16,-0.026561300124977948,0.02653791659370139
43004,oracle_event_learned_qr,4447,3,110,1,1,-0.08961018653324238,0.001201616709675812
43004,oracle_event_learned_qr,4447,3,110,4,4,-0.2351836749755238,0.00930736041562123
43004,oracle_event_learned_qr,4447,3,110,8,8,0.02194123491592026,0.027238171524576263
43004,oracle_event_learned_qr,4447,3,110,16,16,0.2696827317567473,0.03782840997161159
43004,oracle_event_learned_qr,4475,3,110,1,1,-0.029413902168618097,0.020368278460787082
43004,oracle_event_learned_qr,4475,3,110,4,3,0.413494787268941,0.05337583939582252
43004,oracle_event_learned_qr,4475,3,110,8,3,0.413494787268941,0.05337583939582252
43004,oracle_event_learned_qr,4475,3,110,16,3,0.413494787268941,0.05337583939582252
43004,oracle_event_learned_qr,4479,3,110,1,1,0.1601399687636018,0.015937543307624338
43004,oracle_event_learned_qr,4479,3,110,4,4,0.07984325822737237,0.06835327276191742
43004,oracle_event_learned_qr,4479,3,110,8,8,0.7882159871367678,0.04140187206350625
43004,oracle_event_learned_qr,4479,3,110,16,16,0.9866516060441977,0.039123795532404686
43004,oracle_event_learned_qr,4512,3,011,1,1,0.8419756120782105,0.23177039545195685
43004,oracle_event_learned_qr,4512,3,011,4,4,1.0066027317779649,0.1541851983482354
43004,oracle_event_learned_qr,4512,3,011,8,8,1.337909297125507,0.08575396378114661
43004,oracle_event_learned_qr,4512,3,011,16,16,0.9890068488780052,0.10791551347261502
43004,learned_event_oracle_qr,27,0,110,1,1,-0.29299257859564026,0.006140386812832681
43004,learned_event_oracle_qr,27,0,110,4,4,-0.34354541444129905,0.00212680151090441
43004,learned_event_oracle_qr,27,0,110,8,4,-0.34354541444129905,0.00212680151090441
43004,learned_event_oracle_qr,27,0,110,16,4,-0.34354541444129905,0.00212680151090441
43004,learned_event_oracle_qr,32,0,110,1,1,0.0033390022793058707,0.012671085403463395
43004,learned_event_oracle_qr,32,0,110,4,4,-0.05896402102860775,0.01956737041725456
43004,learned_event_oracle_qr,32,0,110,8,8,-0.21858511229167954,0.018175511468444736
43004,learned_event_oracle_qr,32,0,110,16,11,-0.15030746113989055,0.015250846495355208
43004,learned_event_oracle_qr,44,0,110,1,1,-0.4563764453421298,0.011560632552779244
43004,learned_event_oracle_qr,44,0,110,4,4,0.6248799124887983,0.020038837645707734
43004,learned_event_oracle_qr,44,0,110,8,8,0.42377318201717273,0.012682081421958194
43004,learned_event_oracle_qr,44,0,110,16,11,0.2775755858400923,0.011224653015124072
43004,learned_event_oracle_qr,56,0,110,1,1,0.35859704835792205,0.007155567567327692
43004,learned_event_oracle_qr,56,0,110,4,4,-0.06353454319499988,0.005795418831590439
43004,learned_event_oracle_qr,56,0,110,8,8,0.21114388698033748,0.008898463603880552
43004,learned_event_oracle_qr,56,0,110,16,8,0.21114388698033748,0.008898463603880552
43004,learned_event_oracle_qr,65,0,110,1,1,-0.15492769545277985,0.026881284344383798
43004,learned_event_oracle_qr,65,0,110,4,2,0.257771428271905,0.01503384584327425
43004,learned_event_oracle_qr,65,0,110,8,2,0.257771428271905,0.01503384584327425
43004,learned_event_oracle_qr,65,0,110,16,2,0.257771428271905,0.01503384584327425
43004,learned_event_oracle_qr,68,0,110,1,1,-0.33388733862035425,1.625176238488764e-05
43004,learned_event_oracle_qr,68,0,110,4,4,-0.28766743667174216,0.002107681642863329
43004,learned_event_oracle_qr,68,0,110,8,8,-0.16525354901909586,0.010579043111422742
43004,learned_event_oracle_qr,68,0,110,16,16,-0.08935679688525618,0.010776455992116931
43004,learned_event_oracle_qr,88,0,110,1,1,1.148724499000903,5.350120089436452e-07
43004,learned_event_oracle_qr,88,0,110,4,4,0.33588867976750325,0.008902878042020024
43004,learned_event_oracle_qr,88,0,110,8,8,-0.04108206655367147,0.006910240760308453
43004,learned_event_oracle_qr,88,0,110,16,16,-0.17800535840625892,0.005005819926375169
43004,learned_event_oracle_qr,119,0,110,1,1,0.030038631336671583,0.025911107900040364
43004,learned_event_oracle_qr,119,0,110,4,4,0.34014504794325484,0.009469986064002019
43004,learned_event_oracle_qr,119,0,110,8,7,0.03995594380039351,0.008562892428004098
43004,learned_event_oracle_qr,119,0,110,16,7,0.03995594380039351,0.008562892428004098
43004,learned_event_oracle_qr,127,0,110,1,1,0.23462448880052186,0.00044002206024169443
43004,learned_event_oracle_qr,127,0,110,4,4,0.39402058468925716,0.004541787099466078
43004,learned_event_oracle_qr,127,0,110,8,8,0.7645030525768803,0.018321195401448925
43004,learned_event_oracle_qr,127,0,110,16,16,0.7500898871468165,0.04996711090415283
43004,learned_event_oracle_qr,153,0,011,1,1,0.4880188125365013,0.07039744612429487
43004,learned_event_oracle_qr,153,0,011,4,4,1.1737759971894144,0.038384266292698574
43004,learned_event_oracle_qr,153,0,011,8,8,1.160483614482855,0.03482380354610699
43004,learned_event_oracle_qr,153,0,011,16,16,1.2125411134505846,0.07451193265334528
43004,learned_event_oracle_qr,276,0,110,1,1,-0.08340147434321274,0.008234121403039023
43004,learned_event_oracle_qr,276,0,110,4,4,-0.2692946567756078,0.0040578365793979936
43004,learned_event_oracle_qr,276,0,110,8,8,-0.1570681320449,0.01048937953602138
43004,learned_event_oracle_qr,276,0,110,16,16,-0.0007967168730575458,0.007657166054598458
43004,learned_event_oracle_qr,311,0,110,1,1,-0.4658994454608223,0.018420679238362478
43004,learned_event_oracle_qr,311,0,110,4,4,-0.09343419937095407,0.009312046693117823
43004,learned_event_oracle_qr,311,0,110,8,8,0.007614106365274861,0.00865225971487336
43004,learned_event_oracle_qr,311,0,110,16,11,-0.06858869684878906,0.007007155284310219
43004,learned_event_oracle_qr,323,0,110,1,1,-0.24805019133333947,0.0006787264297740411
43004,learned_event_oracle_qr,323,0,110,4,2,-0.35565513454400527,0.0003396517778790721
43004,learned_event_oracle_qr,323,0,110,8,2,-0.35565513454400527,0.0003396517778790721
43004,learned_event_oracle_qr,323,0,110,16,2,-0.35565513454400527,0.0003396517778790721
43004,learned_event_oracle_qr,326,0,110,1,1,0.727869508770293,0.007632169545260623
43004,learned_event_oracle_qr,326,0,110,4,4,-0.0787828551420163,0.004020278910884224
43004,learned_event_oracle_qr,326,0,110,8,6,-0.18099755268895354,0.003893903609188828
43004,learned_event_oracle_qr,326,0,110,16,6,-0.18099755268895354,0.003893903609188828
43004,learned_event_oracle_qr,333,0,110,1,1,1.2503386710828546,0.00013492200761638392
43004,learned_event_oracle_qr,333,0,110,4,4,-0.039637260190352366,0.00886036310668617
43004,learned_event_oracle_qr,333,0,110,8,5,-0.010507394339280381,0.010842092464901117
43004,learned_event_oracle_qr,333,0,110,16,5,-0.010507394339280381,0.010842092464901117
43004,learned_event_oracle_qr,339,0,110,1,1,-0.38199407292837356,0.0004498387898478116
43004,learned_event_oracle_qr,339,0,110,4,4,-0.3774100248457976,0.013160630423395677
43004,learned_event_oracle_qr,339,0,110,8,4,-0.3774100248457976,0.013160630423395677
43004,learned_event_oracle_qr,339,0,110,16,4,-0.3774100248457976,0.013160630423395677
43004,learned_event_oracle_qr,344,0,110,1,1,-0.3067703619309765,0.020165498060015465
43004,learned_event_oracle_qr,344,0,110,4,4,0.6981018154362487,0.01247100716064373
43004,learned_event_oracle_qr,344,0,110,8,8,0.23812494942855472,0.012696052970480341
43004,learned_event_oracle_qr,344,0,110,16,16,0.3075509859807756,0.008413978603388727
43004,learned_event_oracle_qr,396,0,101,1,1,0.8572049129535693,0.31338925388741296
43004,learned_event_oracle_qr,396,0,101,4,2,1.5690030815852598,0.16867931850398515
43004,learned_event_oracle_qr,396,0,101,8,2,1.5690030815852598,0.16867931850398515
43004,learned_event_oracle_qr,396,0,101,16,2,1.5690030815852598,0.16867931850398515
43004,learned_event_oracle_qr,399,0,101,1,1,0.37754609970518194,0.09018120890615762
43004,learned_event_oracle_qr,399,0,101,4,4,0.35527295224561584,0.08380764224253016
43004,learned_event_oracle_qr,399,0,101,8,8,0.3103275245327972,0.05108501502337616
43004,learned_event_oracle_qr,399,0,101,16,16,0.49587738934148345,0.02939518663102164
43004,learned_event_oracle_qr,434,0,101,1,1,1.0134639946566422,0.7443663385613992
43004,learned_event_oracle_qr,434,0,101,4,4,2.3141389792933125,0.21978001400530583
43004,learned_event_oracle_qr,434,0,101,8,4,2.3141389792933125,0.21978001400530583
43004,learned_event_oracle_qr,434,0,101,16,4,2.3141389792933125,0.21978001400530583
43004,learned_event_oracle_qr,439,0,101,1,1,1.5569624774554514,0.11307403536160457
43004,learned_event_oracle_qr,439,0,101,4,4,0.9948859892560185,0.03742216268032306
43004,learned_event_oracle_qr,439,0,101,8,8,0.6649562553239116,0.020787717978345534
43004,learned_event_oracle_qr,439,0,101,16,16,0.4634113639393035,0.015120404645608286
43004,learned_event_oracle_qr,463,0,101,1,1,0.5240310838117698,0.08166121052190074
43004,learned_event_oracle_qr,463,0,101,4,4,0.8960376532441048,0.06668389039526938
43004,learned_event_oracle_qr,463,0,101,8,8,0.6786858199643508,0.041408454800268744
43004,learned_event_oracle_qr,463,0,101,16,11,0.8736021142883906,0.033634328373195604
43004,learned_event_oracle_qr,475,0,101,1,1,5.769796621388847,0.009269454681425244
43004,learned_event_oracle_qr,475,0,101,4,4,1.9492053574098656,0.14459187112095295
43004,learned_event_oracle_qr,475,0,101,8,8,1.718035617232077,0.11905865936659117
43004,learned_event_oracle_qr,475,0,101,16,10,1.514588357338574,0.09610400264848912
43004,learned_event_oracle_qr,486,0,101,1,1,0.2794641122351016,0.002930038029740748
43004,learned_event_oracle_qr,486,0,101,4,4,0.47804252853967644,0.014742133255881876
43004,learned_event_oracle_qr,486,0,101,8,8,0.7345075563581993,0.04319995087628923
43004,learned_event_oracle_qr,486,0,101,16,16,0.7838136845743496,0.028878829268347093
43004,learned_event_oracle_qr,504,0,101,1,1,1.3496304448043783,0.0530342263777121
43004,learned_event_oracle_qr,504,0,101,4,4,0.5572684383571319,0.021386293646483968
43004,learned_event_oracle_qr,504,0,101,8,8,0.8274423597610334,0.01628879265514241
43004,learned_event_oracle_qr,504,0,101,16,9,0.893768681835852,0.01544571307379087
43004,learned_event_oracle_qr,514,0,101,1,1,0.5282964640118631,0.4016664958313832
43004,learned_event_oracle_qr,514,0,101,4,4,1.0674359880275859,0.11212692048776206
43004,learned_event_oracle_qr,514,0,101,8,8,0.8234200102203829,0.06362821368223058
43004,learned_event_oracle_qr,514,0,101,16,16,0.8459216333156816,0.05435579640537283
43004,learned_event_oracle_qr,535,0,101,1,1,2.9108966722348137,0.005544698233681974
43004,learned_event_oracle_qr,535,0,101,4,4,1.175679805083456,0.02500580287489743
43004,learned_event_oracle_qr,535,0,101,8,8,0.7449114549774435,0.0482166657886444
43004,learned_event_oracle_qr,535,0,101,16,13,0.5611958370802337,0.0439724121195808
43004,learned_event_oracle_qr,549,0,101,1,1,0.7027714709504956,0.0074023210039067975
43004,learned_event_oracle_qr,549,0,101,4,4,0.5043911143010675,0.009240402218155455
43004,learned_event_oracle_qr,549,0,101,8,8,0.7031262867160958,0.014553364176617073
43004,learned_event_oracle_qr,549,0,101,16,10,0.6056792145609716,0.014069787883927575
43004,learned_event_oracle_qr,561,0,101,1,1,3.474924352616544,4.547287386154619e-05
43004,learned_event_oracle_qr,561,0,101,4,4,1.8303267060050699,0.022941873364383875
43004,learned_event_oracle_qr,561,0,101,8,8,1.2513728261394002,0.025450035388852304
43004,learned_event_oracle_qr,561,0,101,16,16,0.97391102732619,0.05514683939548562
43004,learned_event_oracle_qr,585,0,101,1,1,0.3372596416150274,0.6780226775025446
43004,learned_event_oracle_qr,585,0,101,4,2,0.2728255698220949,0.6558146940907151
43004,learned_event_oracle_qr,585,0,101,8,2,0.2728255698220949,0.6558146940907151
43004,learned_event_oracle_qr,585,0,101,16,2,0.2728255698220949,0.6558146940907151
43004,learned_event_oracle_qr,588,0,101,1,1,0.6579281151945389,0.016961575717521188
43004,learned_event_oracle_qr,588,0,101,4,3,0.41879932096480793,0.006377518238600735
43004,learned_event_oracle_qr,588,0,101,8,3,0.41879932096480793,0.006377518238600735
43004,learned_event_oracle_qr,588,0,101,16,3,0.41879932096480793,0.006377518238600735
43004,learned_event_oracle_qr,592,0,101,1,1,0.4770157183452861,0.08794121109523836
43004,learned_event_oracle_qr,592,0,101,4,4,0.3370061004887957,0.1072778416112907
43004,learned_event_oracle_qr,592,0,101,8,8,0.40749575701591384,0.07114130615802125
43004,learned_event_oracle_qr,592,0,101,16,16,0.6061227001069175,0.05006693468748031
43004,learned_event_oracle_qr,611,0,101,1,1,0.780545068290482,0.027248352475539507
43004,learned_event_oracle_qr,611,0,101,4,4,0.4468268318858619,0.0107876415156599
43004,learned_event_oracle_qr,611,0,101,8,8,0.5061971364441371,0.012933096242975796
43004,learned_event_oracle_qr,611,0,101,16,13,0.3876054220474495,0.017496493910108154
43004,learned_event_oracle_qr,625,0,101,1,1,0.46487519493368096,0.5029125807732825
43004,learned_event_oracle_qr,625,0,101,4,4,0.6559827000774329,0.3520541212946275
43004,learned_event_oracle_qr,625,0,101,8,8,0.695277598169106,0.2837088488054413
43004,learned_event_oracle_qr,625,0,101,16,16,0.8459459591313165,0.1581919609888688
43004,learned_event_oracle_qr,644,0,111,1,1,0.6534102695533761,0.06559447508567612
43004,learned_event_oracle_qr,644,0,111,4,4,0.6025982609336163,0.025612310729380448
43004,learned_event_oracle_qr,644,0,111,8,8,0.7931782551148231,0.021149658881702907
43004,learned_event_oracle_qr,644,0,111,16,16,0.8514431321297227,0.027342381502369166
43004,learned_event_oracle_qr,682,0,111,1,1,0.6736169642053397,0.7144925138691177
43004,learned_event_oracle_qr,682,0,111,4,4,0.8054790836830684,0.24312476918518972
43004,learned_event_oracle_qr,682,0,111,8,8,0.6575810726400502,0.12921338460290877
43004,learned_event_oracle_qr,682,0,111,16,16,0.6677365763540654,0.10177669300550196
43004,learned_event_oracle_qr,706,0,111,1,1,0.5218452253296082,0.837942482823292
43004,learned_event_oracle_qr,706,0,111,4,4,1.0827494561734066,0.566505269741954
43004,learned_event_oracle_qr,706,0,111,8,8,1.1089100984163007,0.29904217107075615
43004,learned_event_oracle_qr,706,0,111,16,11,1.0538412388105785,0.24274575448644117
43004,learned_event_oracle_qr,718,0,111,1,1,0.49700042205879874,0.038179659680971124
43004,learned_event_oracle_qr,718,0,111,4,4,0.9938159792372165,0.049165931611356795
43004,learned_event_oracle_qr,718,0,111,8,8,0.7175381104945315,0.057550623863366734
43004,learned_event_oracle_qr,718,0,111,16,16,0.7187919678458874,0.05610664833939036
43004,learned_event_oracle_qr,740,0,111,1,1,0.7244631429151877,0.01691345440290203
43004,learned_event_oracle_qr,740,0,111,4,4,0.6366210367257232,0.04665174317827062
43004,learned_event_oracle_qr,740,0,111,8,8,1.1653742782413634,0.06466806684235646
43004,learned_event_oracle_qr,740,0,111,16,16,1.1370701217932622,0.043180795017077944
43004,learned_event_oracle_qr,758,0,111,1,1,0.32472566501456795,0.10098326226283018
43004,learned_event_oracle_qr,758,0,111,4,4,1.340436639330373,0.13688624169715427
43004,learned_event_oracle_qr,758,0,111,8,8,1.2027659226769911,0.13299783337890758
43004,learned_event_oracle_qr,758,0,111,16,16,0.9172907903041919,0.08331894384888272
43004,learned_event_oracle_qr,937,0,111,1,1,0.9115990981505072,0.0052301723524832595
43004,learned_event_oracle_qr,937,0,111,4,4,0.590383783876052,0.007235446976532029
43004,learned_event_oracle_qr,937,0,111,8,8,0.6636880518550977,0.035284053230748146
43004,learned_event_oracle_qr,937,0,111,16,16,0.7517987171560832,0.04101728817534735
43004,learned_event_oracle_qr,987,0,111,1,1,0.8893500988431075,0.07608916254419053
43004,learned_event_oracle_qr,987,0,111,4,4,0.46090879273898805,0.1058092297814914
43004,learned_event_oracle_qr,987,0,111,8,8,0.4487790849985122,0.06237622475416986
43004,learned_event_oracle_qr,987,0,111,16,16,0.9742969030962251,0.05143887588008503
43004,learned_event_oracle_qr,1049,0,111,1,1,0.6575089533352199,0.08174307559649995
43004,learned_event_oracle_qr,1049,0,111,4,4,0.7572229749259572,0.06792955614195519
43004,learned_event_oracle_qr,1049,0,111,8,8,0.6011770142219979,0.04225398057402903
43004,learned_event_oracle_qr,1049,0,111,16,15,0.6726822272283692,0.11764919315224703
43004,learned_event_oracle_qr,1065,0,111,1,1,0.759853418915185,0.046321625110582916
43004,learned_event_oracle_qr,1065,0,111,4,4,0.9457654924526406,0.01896597733148675
43004,learned_event_oracle_qr,1065,0,111,8,8,0.7833883178965713,0.052454600083228164
43004,learned_event_oracle_qr,1065,0,111,16,15,0.8104655182313064,0.04250137290536983
43004,learned_event_oracle_qr,1082,0,111,1,1,0.7031852809128144,0.006395158588486093
43004,learned_event_oracle_qr,1082,0,111,4,4,0.6237954417331917,0.06584548278916871
43004,learned_event_oracle_qr,1082,0,111,8,8,0.2318454713312841,0.04267008353582801
43004,learned_event_oracle_qr,1082,0,111,16,16,0.03519958850615923,0.027318688842080437
43004,learned_event_oracle_qr,1115,0,110,1,1,-0.23093954915000492,0.0014493209960067866
43004,learned_event_oracle_qr,1115,0,110,4,4,0.13953851443032267,0.014407384912637732
43004,learned_event_oracle_qr,1115,0,110,8,8,0.2997422468909883,0.008414914583706912
43004,learned_event_oracle_qr,1115,0,110,16,13,0.14135847271621457,0.0062070236199668095
43004,learned_event_oracle_qr,1129,0,110,1,1,-0.41373980716064335,0.0010277669750581734
43004,learned_event_oracle_qr,1129,0,110,4,4,-0.3212933928105134,0.018381501379816603
43004,learned_event_oracle_qr,1129,0,110,8,5,-0.2854845359605829,0.01471497971015005
43004,learned_event_oracle_qr,1129,0,110,16,5,-0.2854845359605829,0.01471497971015005
43004,learned_event_oracle_qr,1135,0,110,1,1,0.5300681642585302,0.007177552723325299
43004,learned_event_oracle_qr,1135,0,110,4,4,0.3686894590270186,0.004336070432251158
43004,learned_event_oracle_qr,1135,0,110,8,6,0.190094419543566,0.005813309068824525
43004,learned_event_oracle_qr,1135,0,110,16,6,0.190094419543566,0.005813309068824525
43004,learned_event_oracle_qr,1142,0,110,1,1,-0.17055147653669128,0.012135981137353887
43004,learned_event_oracle_qr,1142,0,110,4,4,0.148694041606606,0.009623817475692565
43004,learned_event_oracle_qr,1142,0,110,8,8,0.18300831887459035,0.008279506917064632
43004,learned_event_oracle_qr,1142,0,110,16,9,0.1255019208926531,0.007436208654038666
43004,learned_event_oracle_qr,1165,1,111,1,1,0.49254072841661356,0.04253599847084019
43004,learned_event_oracle_qr,1165,1,111,4,4,0.5013410703670627,0.040331081083844665
43004,learned_event_oracle_qr,1165,1,111,8,8,0.7427757472318808,0.03737679505081705
43004,learned_event_oracle_qr,1165,1,111,16,16,0.6902733022588213,0.04439755175688319
43004,learned_event_oracle_qr,1208,1,111,1,1,4.485208136326666,0.07698002117432783
43004,learned_event_oracle_qr,1208,1,111,4,4,1.7196340210783982,0.12538289039532013
43004,learned_event_oracle_qr,1208,1,111,8,8,1.1070719871703625,0.08130794584265064
43004,learned_event_oracle_qr,1208,1,111,16,16,0.8586034951044609,0.0636143259775234
43004,learned_event_oracle_qr,1234,1,111,1,1,0.5445358175976999,0.20832596738096584
43004,learned_event_oracle_qr,1234,1,111,4,4,0.6169579565007326,0.1265597500676477
43004,learned_event_oracle_qr,1234,1,111,8,8,0.53544066576723,0.07297358028614473
43004,learned_event_oracle_qr,1234,1,111,16,16,0.5291473816574035,0.05526872808852261
43004,learned_event_oracle_qr,1268,1,111,1,1,1.0977924653783517,0.10510506533810607
43004,learned_event_oracle_qr,1268,1,111,4,4,0.9376337371083605,0.06333322178050887
43004,learned_event_oracle_qr,1268,1,111,8,8,0.761036660921985,0.04910623030016895
43004,learned_event_oracle_qr,1268,1,111,16,16,0.7271462843294574,0.045429620756827764
43004,learned_event_oracle_qr,1290,1,111,1,1,0.62658096058255,0.11083604193572255
43004,learned_event_oracle_qr,1290,1,111,4,4,0.6794241612235389,0.08794801242832423
43004,learned_event_oracle_qr,1290,1,111,8,8,0.6386906442814142,0.063025922937522
43004,learned_event_oracle_qr,1290,1,111,16,10,0.6015755070902216,0.05631482771601974
43004,learned_event_oracle_qr,1301,1,111,1,1,1.1261957106120948,0.082551158919228
43004,learned_event_oracle_qr,1301,1,111,4,4,0.6144369953467834,0.18871921247723766
43004,learned_event_oracle_qr,1301,1,111,8,8,0.7454752574832398,0.14279398645783437
43004,learned_event_oracle_qr,1301,1,111,16,16,0.7999202046181175,0.14712500361828573
43004,learned_event_oracle_qr,1346,1,111,1,1,1.8137861052433708,0.09592548368307768
43004,learned_event_oracle_qr,1346,1,111,4,1,1.8137861052433708,0.09592548368307768
43004,learned_event_oracle_qr,1346,1,111,8,1,1.8137861052433708,0.09592548368307768
43004,learned_event_oracle_qr,1346,1,111,16,1,1.8137861052433708,0.09592548368307768
43004,learned_event_oracle_qr,1348,1,111,1,1,0.5727303477625514,0.040874423733345364
43004,learned_event_oracle_qr,1348,1,111,4,4,0.6375397104999321,0.08884945864989235
43004,learned_event_oracle_qr,1348,1,111,8,8,0.5812754892465568,0.06625782705883262
43004,learned_event_oracle_qr,1348,1,111,16,13,0.49791507371937005,0.045666894985310735
43004,learned_event_oracle_qr,1362,1,111,1,1,0.5391270212291831,0.001472837186766759
43004,learned_event_oracle_qr,1362,1,111,4,4,0.683468056750405,0.002577194176242311
43004,learned_event_oracle_qr,1362,1,111,8,8,0.8552608075062024,0.01811892567942701
43004,learned_event_oracle_qr,1362,1,111,16,16,0.6759859737543171,0.03103474824701001
43004,learned_event_oracle_qr,1410,1,011,1,1,1.0568015142390073,0.0843280085276086
43004,learned_event_oracle_qr,1410,1,011,4,4,1.2551422575832953,0.0661391221571506
43004,learned_event_oracle_qr,1410,1,011,8,8,0.9435760091786494,0.05288733523022323
43004,learned_event_oracle_qr,1410,1,011,16,16,0.82904614366957,0.04579344339921401
43004,learned_event_oracle_qr,1550,1,101,1,1,0.36124243070520967,0.306761240136011
43004,learned_event_oracle_qr,1550,1,101,4,4,1.4508259383168352,0.21190329224861157
43004,learned_event_oracle_qr,1550,1,101,8,8,0.8779282142477326,0.11073325258686505
43004,learned_event_oracle_qr,1550,1,101,16,16,0.816823273410908,0.06373140242011546
43004,learned_event_oracle_qr,1568,1,101,1,1,2.5389352933038705,0.33112826677859497
43004,learned_event_oracle_qr,1568,1,101,4,3,1.5350065169972578,0.14975789200392817
43004,learned_event_oracle_qr,1568,1,101,8,3,1.5350065169972578,0.14975789200392817
43004,learned_event_oracle_qr,1568,1,101,16,3,1.5350065169972578,0.14975789200392817
43004,learned_event_oracle_qr,1572,1,101,1,1,2.3184971352810884,0.04233010002720165
43004,learned_event_oracle_qr,1572,1,101,4,4,1.105904094424187,0.01580825658524164
43004,learned_event_oracle_qr,1572,1,101,8,8,0.6472722861967587,0.008643415548223076
43004,learned_event_oracle_qr,1572,1,101,16,16,0.5289716899086184,0.005499063214313153
43004,learned_event_oracle_qr,1590,1,101,1,1,0.6570115549692057,0.005950524234735037
43004,learned_event_oracle_qr,1590,1,101,4,4,0.7099982526013631,0.05181110228343082
43004,learned_event_oracle_qr,1590,1,101,8,5,0.6775369753887721,0.04150803698486348
43004,learned_event_oracle_qr,1590,1,101,16,5,0.6775369753887721,0.04150803698486348
43004,learned_event_oracle_qr,1596,1,101,1,1,1.2584650987753918,0.3048718227146015
43004,learned_event_oracle_qr,1596,1,101,4,4,0.8212498645747026,0.1006166531313099
43004,learned_event_oracle_qr,1596,1,101,8,4,0.8212498645747026,0.1006166531313099
43004,learned_event_oracle_qr,1596,1,101,16,4,0.8212498645747026,0.1006166531313099
43004,learned_event_oracle_qr,1601,1,101,1,1,1.345655798080124,0.1968551187505658
43004,learned_event_oracle_qr,1601,1,101,4,4,1.5712064492710212,0.08351603363132715
43004,learned_event_oracle_qr,1601,1,101,8,8,1.0616256718669435,0.04657046418207388
43004,learned_event_oracle_qr,1601,1,101,16,16,1.0037677608160578,0.03708508042911913
43004,learned_event_oracle_qr,1628,1,101,1,1,0.5490249845185371,0.3690894924770214
43004,learned_event_oracle_qr,1628,1,101,4,4,1.717580933594258,0.15629228218497182
43004,learned_event_oracle_qr,1628,1,101,8,8,1.0136480315139778,0.08007094815594112
43004,learned_event_oracle_qr,1628,1,101,16,16,0.7488232669605751,0.04479744772848967
43004,learned_event_oracle_qr,1659,1,101,1,1,0.5345838120292574,0.2990565832351799
43004,learned_event_oracle_qr,1659,1,101,4,4,0.7099987087196632,0.10704349928287088
43004,learned_event_oracle_qr,1659,1,101,8,8,0.6970609002539101,0.06416715007251723
43004,learned_event_oracle_qr,1659,1,101,16,16,0.6790361693276705,0.04567878654619699
43004,learned_event_oracle_qr,1678,1,101,1,1,0.2442373141389686,0.22593654426370702
43004,learned_event_oracle_qr,1678,1,101,4,4,1.1773421447232808,0.17852060755242236
43004,learned_event_oracle_qr,1678,1,101,8,8,1.0339025201551042,0.10246062621302492
43004,learned_event_oracle_qr,1678,1,101,16,16,0.878452533793457,0.0705641032859485
43004,learned_event_oracle_qr,1695,1,101,1,1,0.149858392094733,0.012727043996384003
43004,learned_event_oracle_qr,1695,1,101,4,4,0.0645354958671313,0.0034576289320356014
43004,learned_event_oracle_qr,1695,1,101,8,8,-0.05474126279242351,0.004262240338124964
43004,learned_event_oracle_qr,1695,1,101,16,15,0.17213216178908697,0.006360566527417121
43004,learned_event_oracle_qr,1711,1,110,1,1,-0.25510766067944185,0.008369943519248158
43004,learned_event_oracle_qr,1711,1,110,4,4,-0.2976748197582995,0.006810968680337965
43004,learned_event_oracle_qr,1711,1,110,8,8,0.21785303361928393,0.008288314386491523
43004,learned_event_oracle_qr,1711,1,110,16,16,0.07505785036867042,0.008810397630180605
43004,learned_event_oracle_qr,1734,1,110,1,1,-0.2963646493019136,0.005210988362013211
43004,learned_event_oracle_qr,1734,1,110,4,4,-0.0065812641416593265,0.017459697459885425
43004,learned_event_oracle_qr,1734,1,110,8,6,-0.14264782002434692,0.01490259817779084
43004,learned_event_oracle_qr,1734,1,110,16,6,-0.14264782002434692,0.01490259817779084
43004,learned_event_oracle_qr,1741,1,110,1,1,-0.32337485138542854,0.01029934329607165
43004,learned_event_oracle_qr,1741,1,110,4,1,-0.32337485138542854,0.01029934329607165
43004,learned_event_oracle_qr,1741,1,110,8,1,-0.32337485138542854,0.01029934329607165
43004,learned_event_oracle_qr,1741,1,110,16,1,-0.32337485138542854,0.01029934329607165
43004,learned_event_oracle_qr,1743,1,110,1,1,-0.39694455361841435,0.003655793154721607
43004,learned_event_oracle_qr,1743,1,110,4,4,-0.2751257646950159,0.0117511188604332
43004,learned_event_oracle_qr,1743,1,110,8,8,-0.1282367130997371,0.008124495329031357
43004,learned_event_oracle_qr,1743,1,110,16,15,-0.011186691282643876,0.0070506762601850554
43004,learned_event_oracle_qr,1760,1,110,1,1,-0.4419582439110805,0.002863624014965994
43004,learned_event_oracle_qr,1760,1,110,4,4,0.6719788486446039,0.01912365469409534
43004,learned_event_oracle_qr,1760,1,110,8,8,0.36119562070753897,0.014783421551831159
43004,learned_event_oracle_qr,1760,1,110,16,15,0.14283240435512023,0.009873420624265189
43004,learned_event_oracle_qr,1777,1,110,1,1,-0.3559329547422768,0.00225638229528892
43004,learned_event_oracle_qr,1777,1,110,4,4,-0.10927924570280298,0.003328487761784202
43004,learned_event_oracle_qr,1777,1,110,8,8,-0.08825658880548364,0.004047935356229519
43004,learned_event_oracle_qr,1777,1,110,16,16,0.02552349418686381,0.005826854612450958
43004,learned_event_oracle_qr,1832,1,101,1,1,0.8620278703011262,7.884512596037047e-05
43004,learned_event_oracle_qr,1832,1,101,4,4,0.6266040912891013,0.04957738785425374
43004,learned_event_oracle_qr,1832,1,101,8,6,0.5221779034938437,0.06653869463384968
43004,learned_event_oracle_qr,1832,1,101,16,6,0.5221779034938437,0.06653869463384968
43004,learned_event_oracle_qr,1839,1,101,1,1,0.800944582881883,0.0016955220566541884
43004,learned_event_oracle_qr,1839,1,101,4,4,0.6844421685591586,0.024777015255850465
43004,learned_event_oracle_qr,1839,1,101,8,8,0.7967463628278504,0.014241254613067073
43004,learned_event_oracle_qr,1839,1,101,16,16,0.7718426170761381,0.02903379986917873
43004,learned_event_oracle_qr,1877,1,101,1,1,1.5229706897226425,0.04087520954152214
43004,learned_event_oracle_qr,1877,1,101,4,4,0.9965829737843881,0.031199866677565167
43004,learned_event_oracle_qr,1877,1,101,8,8,0.7510562380154111,0.019994107408817234
43004,learned_event_oracle_qr,1877,1,101,16,16,0.6229879185572039,0.01651658736897491
43004,learned_event_oracle_qr,1902,1,101,1,1,0.5005497351048058,0.12536144593137857
43004,learned_event_oracle_qr,1902,1,101,4,4,0.598265944335886,0.0656531199569472
43004,learned_event_oracle_qr,1902,1,101,8,8,0.4997552495778132,0.04202630174857184
43004,learned_event_oracle_qr,1902,1,101,16,15,0.5730009970916236,0.028145680149472593
43004,learned_event_oracle_qr,1918,1,101,1,1,1.7091223821437924,0.3253247421940784
43004,learned_event_oracle_qr,1918,1,101,4,4,2.0159722741325448,0.18149459710676014
43004,learned_event_oracle_qr,1918,1,101,8,8,1.6577890225266156,0.1254795518876076
43004,learned_event_oracle_qr,1918,1,101,16,16,1.0435964726932587,0.06580808200786314
43004,learned_event_oracle_qr,2081,1,110,1,1,0.3805172988969129,0.03619417887094079
43004,learned_event_oracle_qr,2081,1,110,4,1,0.3805172988969129,0.03619417887094079
43004,learned_event_oracle_qr,2081,1,110,8,1,0.3805172988969129,0.03619417887094079
43004,learned_event_oracle_qr,2081,1,110,16,1,0.3805172988969129,0.03619417887094079
43004,learned_event_oracle_qr,2083,1,110,1,1,-0.16868834496339408,0.0018123609590113483
43004,learned_event_oracle_qr,2083,1,110,4,4,0.02378271235408004,0.0192947406347962
43004,learned_event_oracle_qr,2083,1,110,8,8,-0.11668884322960724,0.018229241950710073
43004,learned_event_oracle_qr,2083,1,110,16,16,-0.027818320369058874,0.011877422290306975
43004,learned_event_oracle_qr,2141,1,110,1,1,-0.12247100173454888,0.006945434106307418
43004,learned_event_oracle_qr,2141,1,110,4,2,0.28188820084056376,0.01685433313336198
43004,learned_event_oracle_qr,2141,1,110,8,2,0.28188820084056376,0.01685433313336198
43004,learned_event_oracle_qr,2141,1,110,16,2,0.28188820084056376,0.01685433313336198
43004,learned_event_oracle_qr,2144,1,110,1,1,0.018109653065557788,0.01473821578876555
43004,learned_event_oracle_qr,2144,1,110,4,4,-0.1067252482809792,0.008468054321100302
43004,learned_event_oracle_qr,2144,1,110,8,8,0.1206644273930512,0.004803004024549271
43004,learned_event_oracle_qr,2144,1,110,16,16,-0.014799433277606099,0.005872202004118688
43004,learned_event_oracle_qr,2168,1,110,1,1,1.0080412084781247,0.0009395132208105434
43004,learned_event_oracle_qr,2168,1,110,4,4,-0.06328029671896186,0.004763597313677201
43004,learned_event_oracle_qr,2168,1,110,8,8,0.023602928080856095,0.0073224425441850705
43004,learned_event_oracle_qr,2168,1,110,16,16,0.4542080399431692,0.10422048529158645
43004,learned_event_oracle_qr,2209,1,111,1,1,0.7901822938840808,0.0012449294632161602
43004,learned_event_oracle_qr,2209,1,111,4,4,0.4665090646833995,0.02705878830497028
43004,learned_event_oracle_qr,2209,1,111,8,8,0.7833104260233319,0.059591569459905305
43004,learned_event_oracle_qr,2209,1,111,16,12,0.6771042781433305,0.08485409324312472
43004,learned_event_oracle_qr,2222,1,111,1,1,0.6015695933020353,0.0034445270109038054
43004,learned_event_oracle_qr,2222,1,111,4,1,0.6015695933020353,0.0034445270109038054
43004,learned_event_oracle_qr,2222,1,111,8,1,0.6015695933020353,0.0034445270109038054
43004,learned_event_oracle_qr,2222,1,111,16,1,0.6015695933020353,0.0034445270109038054
43004,learned_event_oracle_qr,2224,1,111,1,1,0.3605181457353866,0.7331919403661171
43004,learned_event_oracle_qr,2224,1,111,4,4,1.438228358840842,0.3665352759744471
43004,learned_event_oracle_qr,2224,1,111,8,5,1.2899357682569055,0.29711599258115545
43004,learned_event_oracle_qr,2224,1,111,16,5,1.2899357682569055,0.29711599258115545
43004,learned_event_oracle_qr,2230,1,111,1,1,0.5496222929209967,0.12741842611528342
43004,learned_event_oracle_qr,2230,1,111,4,4,0.6995837854734497,0.09230743348038979
43004,learned_event_oracle_qr,2230,1,111,8,8,0.8356786489365678,0.07426370804008064
43004,learned_event_oracle_qr,2230,1,111,16,16,0.3817562577942632,0.044864246895223614
43004,learned_event_oracle_qr,2247,1,110,1,1,-0.46480672036229603,0.005741206191452122
43004,learned_event_oracle_qr,2247,1,110,4,4,0.1352975742819523,0.0028181719459710766
43004,learned_event_oracle_qr,2247,1,110,8,8,-0.05623588972274857,0.008062283219331648
43004,learned_event_oracle_qr,2247,1,110,16,16,0.02151546527409752,0.00634793101710227
43004,learned_event_oracle_qr,2281,1,110,1,1,-0.31716831894875885,0.0011482823971595295
43004,learned_event_oracle_qr,2281,1,110,4,4,-0.12600899448990616,0.0005360758297173088
43004,learned_event_oracle_qr,2281,1,110,8,4,-0.12600899448990616,0.0005360758297173088
43004,learned_event_oracle_qr,2281,1,110,16,4,-0.12600899448990616,0.0005360758297173088
43004,learned_event_oracle_qr,2286,1,110,1,1,0.5465632513840496,0.015820939770451604
43004,learned_event_oracle_qr,2286,1,110,4,4,0.3602124030079389,0.005858257265499639
43004,learned_event_oracle_qr,2286,1,110,8,8,0.13203514686643092,0.011269436850630853
43004,learned_event_oracle_qr,2286,1,110,16,16,-0.07595224926031247,0.0085122080597134
43004,learned_event_oracle_qr,2307,2,111,1,1,0.8343785288897618,0.04256891683215869
43004,learned_event_oracle_qr,2307,2,111,4,3,0.7526544052580891,0.020823845683057705
43004,learned_event_oracle_qr,2307,2,111,8,3,0.7526544052580891,0.020823845683057705
43004,learned_event_oracle_qr,2307,2,111,16,3,0.7526544052580891,0.020823845683057705
43004,learned_event_oracle_qr,2311,2,111,1,1,0.7463817247871987,0.009659877074239468
43004,learned_event_oracle_qr,2311,2,111,4,4,0.548820629861338,0.0299371481144049
43004,learned_event_oracle_qr,2311,2,111,8,8,0.7390345491017244,0.020614225270205254
43004,learned_event_oracle_qr,2311,2,111,16,15,0.7585478057889425,0.02280096812209341
43004,learned_event_oracle_qr,2327,2,111,1,1,0.6448503413791188,0.024639943961958337
43004,learned_event_oracle_qr,2327,2,111,4,1,0.6448503413791188,0.024639943961958337
43004,learned_event_oracle_qr,2327,2,111,8,1,0.6448503413791188,0.024639943961958337
43004,learned_event_oracle_qr,2327,2,111,16,1,0.6448503413791188,0.024639943961958337
43004,learned_event_oracle_qr,2329,2,111,1,1,2.027756092079196,0.3936588877740644
43004,learned_event_oracle_qr,2329,2,111,4,4,1.3834895349075234,0.2571347344788081
43004,learned_event_oracle_qr,2329,2,111,8,8,0.9974264388192419,0.16274947132147266
43004,learned_event_oracle_qr,2329,2,111,16,16,0.8346790692396772,0.11499182671148758
43004,learned_event_oracle_qr,2389,2,111,1,1,0.9347941249336429,0.13601085232113116
43004,learned_event_oracle_qr,2389,2,111,4,4,1.8689789258863703,0.11974830064846773
43004,learned_event_oracle_qr,2389,2,111,8,8,1.1379493347210152,0.09420371999975038
43004,learned_event_oracle_qr,2389,2,111,16,16,0.9387484286166068,0.05723213442588966
43004,learned_event_oracle_qr,2410,2,111,1,1,0.5379151619958001,0.00020769155827059276
43004,learned_event_oracle_qr,2410,2,111,4,3,0.5295236059292656,0.019154303357197346
43004,learned_event_oracle_qr,2410,2,111,8,3,0.5295236059292656,0.019154303357197346
43004,learned_event_oracle_qr,2410,2,111,16,3,0.5295236059292656,0.019154303357197346
43004,learned_event_oracle_qr,2414,2,111,1,1,1.329297012755929,1.0367722839353742e-05
43004,learned_event_oracle_qr,2414,2,111,4,4,0.6510565613796576,0.015089211569363187
43004,learned_event_oracle_qr,2414,2,111,8,7,0.6656810205323235,0.017464311074812014
43004,learned_event_oracle_qr,2414,2,111,16,7,0.6656810205323235,0.017464311074812014
43004,learned_event_oracle_qr,2422,2,111,1,1,3.67920007693524,0.033214226753261786
43004,learned_event_oracle_qr,2422,2,111,4,4,1.273822910056418,0.0328845294318649
43004,learned_event_oracle_qr,2422,2,111,8,8,1.130335706985088,0.0503712440898575
43004,learned_event_oracle_qr,2422,2,111,16,16,0.8040047531780556,0.02731372622113615
43004,learned_event_oracle_qr,2459,2,101,1,1,1.8417108508065758,0.02785331221751039
43004,learned_event_oracle_qr,2459,2,101,4,4,0.931690055651608,0.013060962896138922
43004,learned_event_oracle_qr,2459,2,101,8,4,0.931690055651608,0.013060962896138922
43004,learned_event_oracle_qr,2459,2,101,16,4,0.931690055651608,0.013060962896138922
43004,learned_event_oracle_qr,2464,2,101,1,1,1.3770693405558887,0.0035128860096579144
43004,learned_event_oracle_qr,2464,2,101,4,1,1.3770693405558887,0.0035128860096579144
43004,learned_event_oracle_qr,2464,2,101,8,1,1.3770693405558887,0.0035128860096579144
43004,learned_event_oracle_qr,2464,2,101,16,1,1.3770693405558887,0.0035128860096579144
43004,learned_event_oracle_qr,2466,2,101,1,1,1.793299292562764,0.43988823666754656
43004,learned_event_oracle_qr,2466,2,101,4,4,2.2319180382221213,0.12113783805981367
43004,learned_event_oracle_qr,2466,2,101,8,6,1.664931814940589,0.08293066618555453
43004,learned_event_oracle_qr,2466,2,101,16,6,1.664931814940589,0.08293066618555453
43004,learned_event_oracle_qr,2473,2,101,1,1,0.42343299855995875,0.0663311132595592
43004,learned_event_oracle_qr,2473,2,101,4,4,0.6443258863250344,0.028616442059320884
43004,learned_event_oracle_qr,2473,2,101,8,8,0.4540333931832364,0.020944581464043235
43004,learned_event_oracle_qr,2473,2,101,16,16,0.5308675380062762,0.021053430418392787
43004,learned_event_oracle_qr,2494,2,101,1,1,0.5925732209397336,0.006470014592971485
43004,learned_event_oracle_qr,2494,2,101,4,4,0.48422646046562035,0.007718261158807372
43004,learned_event_oracle_qr,2494,2,101,8,8,0.6342869563172305,0.0068585643461775685
43004,learned_event_oracle_qr,2494,2,101,16,14,0.4946832388725252,0.005614163468429012
43004,learned_event_oracle_qr,2509,2,101,1,1,0.6379467495514445,0.019342924230316815
43004,learned_event_oracle_qr,2509,2,101,4,1,0.6379467495514445,0.019342924230316815
43004,learned_event_oracle_qr,2509,2,101,8,1,0.6379467495514445,0.019342924230316815
43004,learned_event_oracle_qr,2509,2,101,16,1,0.6379467495514445,0.019342924230316815
43004,learned_event_oracle_qr,2512,2,101,1,1,1.454097154851182,0.1958937206083783
43004,learned_event_oracle_qr,2512,2,101,4,2,0.9662123139507455,0.14123855564731325
43004,learned_event_oracle_qr,2512,2,101,8,2,0.9662123139507455,0.14123855564731325
43004,learned_event_oracle_qr,2512,2,101,16,2,0.9662123139507455,0.14123855564731325
43004,learned_event_oracle_qr,2515,2,101,1,1,0.24560371863799754,0.15494282549260274
43004,learned_event_oracle_qr,2515,2,101,4,4,0.318752700585168,0.0730646835904949
43004,learned_event_oracle_qr,2515,2,101,8,8,0.4561941506238578,0.04130736509320589
43004,learned_event_oracle_qr,2515,2,101,16,16,0.5191860685096608,0.03475012751273649
43004,learned_event_oracle_qr,2610,2,111,1,1,1.9986249625521697,0.11828117262534117
43004,learned_event_oracle_qr,2610,2,111,4,4,1.5850921240353497,0.10307911661191604
43004,learned_event_oracle_qr,2610,2,111,8,8,1.172500841953159,0.08489352034090092
43004,learned_event_oracle_qr,2610,2,111,16,16,1.3508061928202937,0.10483080252346372
43004,learned_event_oracle_qr,2631,2,111,1,1,0.9365552557366367,0.10309583781576061
43004,learned_event_oracle_qr,2631,2,111,4,4,0.7201904627152944,0.03527752042291499
43004,learned_event_oracle_qr,2631,2,111,8,8,0.6787084528327627,0.04602123538127614
43004,learned_event_oracle_qr,2631,2,111,16,10,0.7138245271846041,0.03929623936171605
43004,learned_event_oracle_qr,2643,2,111,1,1,0.5687058127882038,0.134139500868077
43004,learned_event_oracle_qr,2643,2,111,4,4,0.48453636466292305,0.07273731274097303
43004,learned_event_oracle_qr,2643,2,111,8,8,0.4377547077832872,0.05912348100868478
43004,learned_event_oracle_qr,2643,2,111,16,16,0.4131605429218735,0.03931383974552752
43004,learned_event_oracle_qr,2708,2,011,1,1,0.8792538298743516,0.037361424220281644
43004,learned_event_oracle_qr,2708,2,011,4,4,1.3862032751620241,0.11920957651917789
43004,learned_event_oracle_qr,2708,2,011,8,8,0.9429400954890225,0.0810005587655702
43004,learned_event_oracle_qr,2708,2,011,16,16,0.8008572654607546,0.09079379043996255
43004,learned_event_oracle_qr,2762,2,011,1,1,0.5026178040216044,0.1068880640245031
43004,learned_event_oracle_qr,2762,2,011,4,4,1.1341917580312288,0.05471578845497617
43004,learned_event_oracle_qr,2762,2,011,8,8,1.4307116438853478,0.09871510786184912
43004,learned_event_oracle_qr,2762,2,011,16,16,1.069782491151086,0.06972961913954936
43004,learned_event_oracle_qr,2794,2,110,1,1,-0.3307495745453066,0.0005041423091387812
43004,learned_event_oracle_qr,2794,2,110,4,2,0.09883360164296101,0.00043700025587896385
43004,learned_event_oracle_qr,2794,2,110,8,2,0.09883360164296101,0.00043700025587896385
43004,learned_event_oracle_qr,2794,2,110,16,2,0.09883360164296101,0.00043700025587896385
43004,learned_event_oracle_qr,2797,2,110,1,1,0.4017774615947897,0.00046988037695023545
43004,learned_event_oracle_qr,2797,2,110,4,4,-0.07723745321901504,0.005800269138469852
43004,learned_event_oracle_qr,2797,2,110,8,8,0.06518902896366341,0.008175532299787527
43004,learned_event_oracle_qr,2797,2,110,16,8,0.06518902896366341,0.008175532299787527
43004,learned_event_oracle_qr,2807,2,110,1,1,-0.27279517072687465,0.011270579414539017
43004,learned_event_oracle_qr,2807,2,110,4,4,0.3430133225477411,0.016874273179381647
43004,learned_event_oracle_qr,2807,2,110,8,8,0.05147147539455163,0.010776894134791421
43004,learned_event_oracle_qr,2807,2,110,16,16,-0.0034862345241589363,0.007710720004211968
43004,learned_event_oracle_qr,2836,2,110,1,1,0.771623029702048,0.0010336411331461474
43004,learned_event_oracle_qr,2836,2,110,4,4,0.6639896570484924,0.00907783017728585
43004,learned_event_oracle_qr,2836,2,110,8,8,0.257248992167884,0.0061890243568551735
43004,learned_event_oracle_qr,2836,2,110,16,16,0.07168069344819142,0.0067182600615828345
43004,learned_event_oracle_qr,2863,2,110,1,1,-0.2712404364751244,0.0021241390743760775
43004,learned_event_oracle_qr,2863,2,110,4,4,-0.05716231224307132,0.005249071255382346
43004,learned_event_oracle_qr,2863,2,110,8,8,-0.2471040393651182,0.011314160539533128
43004,learned_event_oracle_qr,2863,2,110,16,16,0.16425832346551794,0.009873578097332872
43004,learned_event_oracle_qr,2884,2,110,1,1,-0.3536846314356189,4.8370804633782833e-05
43004,learned_event_oracle_qr,2884,2,110,4,4,-0.38892826368149547,0.007257743378965582
43004,learned_event_oracle_qr,2884,2,110,8,8,-0.17313294605797525,0.007534917054820355
43004,learned_event_oracle_qr,2884,2,110,16,15,0.17809696772453687,0.007297803565855634
43004,learned_event_oracle_qr,2900,2,110,1,1,-0.08466730393975437,0.004304307032866888
43004,learned_event_oracle_qr,2900,2,110,4,4,0.15311389466025851,0.021817032820063396
43004,learned_event_oracle_qr,2900,2,110,8,8,0.1125493025648566,0.01591785743203212
43004,learned_event_oracle_qr,2900,2,110,16,16,0.04085570118447596,0.012181734498202838
43004,learned_event_oracle_qr,2934,2,110,1,1,-0.18251953424655315,0.000749279800901271
43004,learned_event_oracle_qr,2934,2,110,4,4,-0.32688452792226774,0.0018813564648484703
43004,learned_event_oracle_qr,2934,2,110,8,8,0.03799337218327972,0.0020327994750829613
43004,learned_event_oracle_qr,2934,2,110,16,10,0.1352770577468812,0.0017670939165080426
43004,learned_event_oracle_qr,2945,2,101,1,1,0.4012850480853138,0.000591106525418453
43004,learned_event_oracle_qr,2945,2,101,4,4,0.5027085448638757,0.005559606660715619
43004,learned_event_oracle_qr,2945,2,101,8,8,0.3586628519265622,0.013943010033485083
43004,learned_event_oracle_qr,2945,2,101,16,16,0.4134624292605622,0.024380868857482446
43004,learned_event_oracle_qr,2968,2,101,1,1,0.6627660337951784,0.0027319760314530065
43004,learned_event_oracle_qr,2968,2,101,4,1,0.6627660337951784,0.0027319760314530065
43004,learned_event_oracle_qr,2968,2,101,8,1,0.6627660337951784,0.0027319760314530065
43004,learned_event_oracle_qr,2968,2,101,16,1,0.6627660337951784,0.0027319760314530065
43004,learned_event_oracle_qr,2971,2,101,1,1,0.7627985877183947,0.18116181671852472
43004,learned_event_oracle_qr,2971,2,101,4,4,0.7581825675087098,0.08189365292397542
43004,learned_event_oracle_qr,2971,2,101,8,8,0.5554768648665982,0.04160519165953724
43004,learned_event_oracle_qr,2971,2,101,16,16,0.501226595102684,0.025723118920008947
43004,learned_event_oracle_qr,3034,2,101,1,1,0.6371187561187643,0.04757162403015639
43004,learned_event_oracle_qr,3034,2,101,4,4,0.6041652552303289,0.0351718118675152
43004,learned_event_oracle_qr,3034,2,101,8,8,0.6251281720471212,0.04969706985306366
43004,learned_event_oracle_qr,3034,2,101,16,16,0.7234913524466284,0.026800085336197755
43004,learned_event_oracle_qr,3065,2,101,1,1,1.3488486567371643,1.0794104124144284
43004,learned_event_oracle_qr,3065,2,101,4,4,1.0706491372039981,0.41910334860900134
43004,learned_event_oracle_qr,3065,2,101,8,7,0.7330310011210718,0.25430028424764084
43004,learned_event_oracle_qr,3065,2,101,16,7,0.7330310011210718,0.25430028424764084
43004,learned_event_oracle_qr,3073,2,101,1,1,0.5983090408167216,0.04272346345657345
43004,learned_event_oracle_qr,3073,2,101,4,4,1.18134302326094,0.07770219354364234
43004,learned_event_oracle_qr,3073,2,101,8,8,0.8756845480089641,0.041060346385241114
43004,learned_event_oracle_qr,3073,2,101,16,16,0.8242534489107876,0.04227306312431395
43004,learned_event_oracle_qr,3094,2,101,1,1,1.0315634777562472,0.003181420215337587
43004,learned_event_oracle_qr,3094,2,101,4,4,0.5068438105851572,0.0014940318423978492
43004,learned_event_oracle_qr,3094,2,101,8,8,0.5706573793221932,0.004657018431845868
43004,learned_event_oracle_qr,3094,2,101,16,12,0.7874336388340927,0.024240810926234955
43004,learned_event_oracle_qr,3107,2,101,1,1,1.68272318609661,0.2358653980701191
43004,learned_event_oracle_qr,3107,2,101,4,4,0.9731016909964738,0.07698130814059033
43004,learned_event_oracle_qr,3107,2,101,8,8,0.614694511213883,0.04016055485199376
43004,learned_event_oracle_qr,3107,2,101,16,16,0.499751538947504,0.021877622400567155
43004,learned_event_oracle_qr,3177,2,110,1,1,-0.43986991421670807,0.004540075775577981
43004,learned_event_oracle_qr,3177,2,110,4,4,-0.20400021895541476,0.0028339815246701187
43004,learned_event_oracle_qr,3177,2,110,8,8,-0.01744896382301553,0.00759936159213982
43004,learned_event_oracle_qr,3177,2,110,16,16,0.041110040032156764,0.007439920855129836
43004,learned_event_oracle_qr,3203,2,110,1,1,0.3067280788462179,0.03207159899766426
43004,learned_event_oracle_qr,3203,2,110,4,4,-0.18350732196055608,0.012039793319973574
43004,learned_event_oracle_qr,3203,2,110,8,4,-0.18350732196055608,0.012039793319973574
43004,learned_event_oracle_qr,3203,2,110,16,4,-0.18350732196055608,0.012039793319973574
43004,learned_event_oracle_qr,3208,2,110,1,1,-0.2769993006052502,0.02325254544482122
43004,learned_event_oracle_qr,3208,2,110,4,4,-0.05934189021923622,0.017127654532364374
43004,learned_event_oracle_qr,3208,2,110,8,5,-0.13887468187653268,0.013702349030575328
43004,learned_event_oracle_qr,3208,2,110,16,5,-0.13887468187653268,0.013702349030575328
43004,learned_event_oracle_qr,3214,2,110,1,1,-0.43530938365846444,0.011629302282009712
43004,learned_event_oracle_qr,3214,2,110,4,3,-0.2855095846037239,0.017998884358489068
43004,learned_event_oracle_qr,3214,2,110,8,3,-0.2855095846037239,0.017998884358489068
43004,learned_event_oracle_qr,3214,2,110,16,3,-0.2855095846037239,0.017998884358489068
43004,learned_event_oracle_qr,3218,2,110,1,1,-0.43526321904269766,0.008719644518721675
43004,learned_event_oracle_qr,3218,2,110,4,1,-0.43526321904269766,0.008719644518721675
43004,learned_event_oracle_qr,3218,2,110,8,1,-0.43526321904269766,0.008719644518721675
43004,learned_event_oracle_qr,3218,2,110,16,1,-0.43526321904269766,0.008719644518721675
43004,learned_event_oracle_qr,3220,2,110,1,1,-0.11071358902666098,0.016144567278993806
43004,learned_event_oracle_qr,3220,2,110,4,4,0.10078582319488356,0.006257966932084437
43004,learned_event_oracle_qr,3220,2,110,8,8,-0.15212336536610646,0.008224149149586694
43004,learned_event_oracle_qr,3220,2,110,16,16,0.1857356887614549,0.006061967099967492
43004,learned_event_oracle_qr,3238,2,110,1,1,-0.4322624614180382,0.014916163239817141
43004,learned_event_oracle_qr,3238,2,110,4,4,-0.12308783851808501,0.007592090051804881
43004,learned_event_oracle_qr,3238,2,110,8,8,0.08129628412600709,0.012160595017850627
43004,learned_event_oracle_qr,3238,2,110,16,16,-0.03910475993936598,0.011101892359741895
43004,learned_event_oracle_qr,3459,3,101,1,1,5.9151122636963835,0.6688133068181237
43004,learned_event_oracle_qr,3459,3,101,4,4,2.4221352808814447,0.21481955329373437
43004,learned_event_oracle_qr,3459,3,101,8,8,2.0412092784513405,0.13636045091903626
43004,learned_event_oracle_qr,3459,3,101,16,16,1.2945913789431471,0.07251892883967587
43004,learned_event_oracle_qr,3500,3,101,1,1,0.36874078407657207,0.013989001700476235
43004,learned_event_oracle_qr,3500,3,101,4,4,0.7153712878884848,0.04480685974702989
43004,learned_event_oracle_qr,3500,3,101,8,8,0.4275052458870404,0.054888356264292226
43004,learned_event_oracle_qr,3500,3,101,16,13,0.475970453097639,0.04107914782321917
43004,learned_event_oracle_qr,3515,3,101,1,1,0.5420843247991147,0.0004579108042779045
43004,learned_event_oracle_qr,3515,3,101,4,3,0.6065424946924137,0.028606932658865866
43004,learned_event_oracle_qr,3515,3,101,8,3,0.6065424946924137,0.028606932658865866
43004,learned_event_oracle_qr,3515,3,101,16,3,0.6065424946924137,0.028606932658865866
43004,learned_event_oracle_qr,3519,3,101,1,1,0.362603632077166,0.0019538943399473397
43004,learned_event_oracle_qr,3519,3,101,4,4,0.2542368554287614,0.008962638600451564
43004,learned_event_oracle_qr,3519,3,101,8,7,0.2722035219509511,0.015504408775253742
43004,learned_event_oracle_qr,3519,3,101,16,7,0.2722035219509511,0.015504408775253742
43004,learned_event_oracle_qr,3527,3,101,1,1,3.1945332076882695,0.6558800102948457
43004,learned_event_oracle_qr,3527,3,101,4,4,2.238810260189617,0.18612943047628172
43004,learned_event_oracle_qr,3527,3,101,8,8,1.2751925021324846,0.10042827929621914
43004,learned_event_oracle_qr,3527,3,101,16,16,0.8213723528834055,0.05237716014520386
43004,learned_event_oracle_qr,3569,3,101,1,1,0.8707939405871404,0.03185245511586284
43004,learned_event_oracle_qr,3569,3,101,4,4,0.3466563911346342,0.0205347767290143
43004,learned_event_oracle_qr,3569,3,101,8,8,0.3357838690990412,0.01202009706698955
43004,learned_event_oracle_qr,3569,3,101,16,12,0.41369092615249065,0.01692872381554256
43004,learned_event_oracle_qr,3582,3,101,1,1,0.4538527239745409,0.5892429921951177
43004,learned_event_oracle_qr,3582,3,101,4,4,0.5210633340292334,0.3977451851802979
43004,learned_event_oracle_qr,3582,3,101,8,8,0.989236238987947,0.2309615313098901
43004,learned_event_oracle_qr,3582,3,101,16,16,0.7812572421660526,0.12916875857864185
43004,learned_event_oracle_qr,3606,3,101,1,1,0.16584879706964795,0.33313912970410914
43004,learned_event_oracle_qr,3606,3,101,4,4,0.4604566641972972,0.2629839767940727
43004,learned_event_oracle_qr,3606,3,101,8,8,0.6459834230304902,0.16767936497659539
43004,learned_event_oracle_qr,3606,3,101,16,15,0.6632786898085308,0.10538916606388363
43004,learned_event_oracle_qr,3622,3,111,1,1,2.3367913091102905,0.1861180117163121
43004,learned_event_oracle_qr,3622,3,111,4,4,0.9818234894766782,0.06364516702965028
43004,learned_event_oracle_qr,3622,3,111,8,8,0.8044590327678909,0.06470477201810608
43004,learned_event_oracle_qr,3622,3,111,16,13,0.9558095070991246,0.05263218073724167
43004,learned_event_oracle_qr,3636,3,111,1,1,0.7602866568122505,0.004493766873425853
43004,learned_event_oracle_qr,3636,3,111,4,4,0.5294453536867195,0.0189005568432159
43004,learned_event_oracle_qr,3636,3,111,8,8,0.566335156537904,0.03190462632373994
43004,learned_event_oracle_qr,3636,3,111,16,16,0.5361834234898919,0.08895620186339807
43004,learned_event_oracle_qr,3655,3,111,1,1,0.7964359664263422,0.07790054499910251
43004,learned_event_oracle_qr,3655,3,111,4,4,0.610552782101046,0.06443061485467613
43004,learned_event_oracle_qr,3655,3,111,8,6,0.6570134389527454,0.057972618822349616
43004,learned_event_oracle_qr,3655,3,111,16,6,0.6570134389527454,0.057972618822349616
43004,learned_event_oracle_qr,3662,3,111,1,1,0.7375356674677229,0.15783409138636928
43004,learned_event_oracle_qr,3662,3,111,4,4,1.195102550852997,0.05716774257324443
43004,learned_event_oracle_qr,3662,3,111,8,8,0.8748774198275442,0.08550348021117468
43004,learned_event_oracle_qr,3662,3,111,16,16,0.66245334170571,0.05476090402267879
43004,learned_event_oracle_qr,3680,3,111,1,1,1.4125090405354273,0.11629593311995425
43004,learned_event_oracle_qr,3680,3,111,4,4,0.8284091897767811,0.11333747449355236
43004,learned_event_oracle_qr,3680,3,111,8,8,0.8143075316341345,0.11727365495927299
43004,learned_event_oracle_qr,3680,3,111,16,16,0.8978823433970499,0.07357713866773705
43004,learned_event_oracle_qr,3714,3,111,1,1,0.557080292519953,0.0007620848447147221
43004,learned_event_oracle_qr,3714,3,111,4,4,0.629770032712732,0.05694957146746242
43004,learned_event_oracle_qr,3714,3,111,8,8,0.786300329739817,0.05221840134982976
43004,learned_event_oracle_qr,3714,3,111,16,16,0.8051769722110843,0.03388937895863989
43004,learned_event_oracle_qr,3765,3,111,1,1,2.249705179913684,0.09997697116420858
43004,learned_event_oracle_qr,3765,3,111,4,1,2.249705179913684,0.09997697116420858
43004,learned_event_oracle_qr,3765,3,111,8,1,2.249705179913684,0.09997697116420858
43004,learned_event_oracle_qr,3765,3,111,16,1,2.249705179913684,0.09997697116420858
43004,learned_event_oracle_qr,3767,3,111,1,1,0.5420334282531069,0.14956778788831243
43004,learned_event_oracle_qr,3767,3,111,4,4,0.9142698629637948,0.2105464555886975
43004,learned_event_oracle_qr,3767,3,111,8,8,0.6685357107146266,0.12699460764856682
43004,learned_event_oracle_qr,3767,3,111,16,12,0.6941935676860287,0.10830587464494162
43004,learned_event_oracle_qr,3780,3,111,1,1,1.060732930514106,0.0742750571860448
43004,learned_event_oracle_qr,3780,3,111,4,4,0.64996751453429,0.07844522741312836
43004,learned_event_oracle_qr,3780,3,111,8,8,0.6066841936547309,0.04532230782474218
43004,learned_event_oracle_qr,3780,3,111,16,16,0.7177279815423725,0.08374914886410995
43004,learned_event_oracle_qr,3883,3,111,1,1,0.6636012188174895,0.043274421375749515
43004,learned_event_oracle_qr,3883,3,111,4,4,0.743000492274338,0.02367893234344562
43004,learned_event_oracle_qr,3883,3,111,8,5,0.6784493168800597,0.026017267510984626
43004,learned_event_oracle_qr,3883,3,111,16,5,0.6784493168800597,0.026017267510984626
43004,learned_event_oracle_qr,3889,3,111,1,1,0.43167204482283034,0.02283426161161489
43004,learned_event_oracle_qr,3889,3,111,4,4,0.5195803907315684,0.02245035032757017
43004,learned_event_oracle_qr,3889,3,111,8,8,0.6909762397599437,0.03722781082007967
43004,learned_event_oracle_qr,3889,3,111,16,14,0.5899835759075948,0.033029111335876105
43004,learned_event_oracle_qr,3904,3,111,1,1,0.8762424357695096,2.1765578849774878e-05
43004,learned_event_oracle_qr,3904,3,111,4,4,0.9112510228277602,0.07771497687878715
43004,learned_event_oracle_qr,3904,3,111,8,8,0.8964100354371338,0.07564348319101671
43004,learned_event_oracle_qr,3904,3,111,16,16,0.8913553872282145,0.04694457839100956
43004,learned_event_oracle_qr,3966,3,111,1,1,1.839488178753797,0.00032452447350009837
43004,learned_event_oracle_qr,3966,3,111,4,4,0.7127332827264727,0.006449265635443988
43004,learned_event_oracle_qr,3966,3,111,8,8,0.2225242033579869,0.009757775645535396
43004,learned_event_oracle_qr,3966,3,111,16,16,-0.040238129662854796,0.007292387399583259
43004,learned_event_oracle_qr,3990,3,110,1,1,0.3380293570050265,0.013325162440479666
43004,learned_event_oracle_qr,3990,3,110,4,4,0.18995516368068074,0.00963224893256967
43004,learned_event_oracle_qr,3990,3,110,8,8,0.41728046065097835,0.012817331902935287
43004,learned_event_oracle_qr,3990,3,110,16,16,0.5290450484334289,0.009328867532648309
43004,learned_event_oracle_qr,4129,3,101,1,1,1.9470478902194137,0.00913779057833925
43004,learned_event_oracle_qr,4129,3,101,4,4,0.665047201884512,0.012980486427562752
43004,learned_event_oracle_qr,4129,3,101,8,8,0.5017981946860979,0.009500246813292089
43004,learned_event_oracle_qr,4129,3,101,16,16,0.6211010429441877,0.011835457804911659
43004,learned_event_oracle_qr,4156,3,101,1,1,1.2421176872805382,0.155761651368923
43004,learned_event_oracle_qr,4156,3,101,4,4,1.1797180914370642,0.04888190994780736
43004,learned_event_oracle_qr,4156,3,101,8,8,0.7065609411255633,0.0261388715293478
43004,learned_event_oracle_qr,4156,3,101,16,16,0.4875231647995485,0.017611296862463346
43004,learned_event_oracle_qr,4207,3,101,1,1,0.6805894566592685,0.10554165611670448
43004,learned_event_oracle_qr,4207,3,101,4,4,1.1471927638794042,0.06540439206737267
43004,learned_event_oracle_qr,4207,3,101,8,8,0.688121778872545,0.04111072588537916
43004,learned_event_oracle_qr,4207,3,101,16,15,0.8304704587486796,0.05674669961626884
43004,learned_event_oracle_qr,4223,3,101,1,1,0.49986636540300744,0.5398587363222591
43004,learned_event_oracle_qr,4223,3,101,4,4,0.6271181052166389,0.3523513565235021
43004,learned_event_oracle_qr,4223,3,101,8,7,0.763968419310794,0.21056798659255155
43004,learned_event_oracle_qr,4223,3,101,16,7,0.763968419310794,0.21056798659255155
43004,learned_event_oracle_qr,4231,3,101,1,1,2.2462614439275574,0.03568846935715631
43004,learned_event_oracle_qr,4231,3,101,4,4,0.8201642476796597,0.021887174570267617
43004,learned_event_oracle_qr,4231,3,101,8,8,0.6057543180569267,0.014209998972781636
43004,learned_event_oracle_qr,4231,3,101,16,16,0.8594304973317476,0.011634532001492278
43004,learned_event_oracle_qr,4266,3,110,1,1,1.0677303013322779,0.0027015834611828363
43004,learned_event_oracle_qr,4266,3,110,4,4,0.5117368003473615,0.006335077341072873
43004,learned_event_oracle_qr,4266,3,110,8,8,0.1558986856022694,0.005606134908882057
43004,learned_event_oracle_qr,4266,3,110,16,8,0.1558986856022694,0.005606134908882057
43004,learned_event_oracle_qr,4275,3,110,1,1,-0.32589173551275896,0.003386010307498974
43004,learned_event_oracle_qr,4275,3,110,4,1,-0.32589173551275896,0.003386010307498974
43004,learned_event_oracle_qr,4275,3,110,8,1,-0.32589173551275896,0.003386010307498974
43004,learned_event_oracle_qr,4275,3,110,16,1,-0.32589173551275896,0.003386010307498974
43004,learned_event_oracle_qr,4277,3,110,1,1,-0.42268872022924203,1.3221369924080005e-05
43004,learned_event_oracle_qr,4277,3,110,4,4,1.2045340028408162,0.011156403882280392
43004,learned_event_oracle_qr,4277,3,110,8,8,0.46266483499239297,0.009209552361980563
43004,learned_event_oracle_qr,4277,3,110,16,11,0.22502550226701004,0.0076590949840556555
43004,learned_event_oracle_qr,4289,3,110,1,1,0.11703673799349641,0.01312801352013441
43004,learned_event_oracle_qr,4289,3,110,4,4,0.030057619897235974,0.006961288425736696
43004,learned_event_oracle_qr,4289,3,110,8,8,0.5742083514561209,0.010431964454675762
43004,learned_event_oracle_qr,4289,3,110,16,11,0.42405022864533937,0.012606855708956154
43004,learned_event_oracle_qr,4301,3,110,1,1,-0.3355685608903954,0.0017002724273381116
43004,learned_event_oracle_qr,4301,3,110,4,4,0.0494878680802366,0.006297895893130994
43004,learned_event_oracle_qr,4301,3,110,8,8,-0.02151774752789753,0.0067215706272363614
43004,learned_event_oracle_qr,4301,3,110,16,16,0.24925556209132227,0.005339981698746815
43004,learned_event_oracle_qr,4318,3,110,1,1,-0.35206503974139364,0.011985644632511384
43004,learned_event_oracle_qr,4318,3,110,4,4,-0.2956148671344764,0.014627491564427856
43004,learned_event_oracle_qr,4318,3,110,8,8,-0.06422806558847219,0.012863183397060014
43004,learned_event_oracle_qr,4318,3,110,16,8,-0.06422806558847219,0.012863183397060014
43004,learned_event_oracle_qr,4327,3,110,1,1,-0.4622173673827246,0.000961091487829579
43004,learned_event_oracle_qr,4327,3,110,4,4,-0.39860476694625013,0.0022800854372945017
43004,learned_event_oracle_qr,4327,3,110,8,8,0.0939900742480557,0.005746564961744883
43004,learned_event_oracle_qr,4327,3,110,16,16,-0.10986594331331245,0.005725107867132694
43004,learned_event_oracle_qr,4349,3,110,1,1,-0.36183880094519894,0.00012001219578928974
43004,learned_event_oracle_qr,4349,3,110,4,4,-0.28306022439961376,0.0031733962751873224
43004,learned_event_oracle_qr,4349,3,110,8,8,-0.3696226887034604,0.011170816298669768
43004,learned_event_oracle_qr,4349,3,110,16,16,-0.21643288738757666,0.008279644729006929
43004,learned_event_oracle_qr,4379,3,110,1,1,-0.41839654672618254,0.009018883722253263
43004,learned_event_oracle_qr,4379,3,110,4,4,0.23434296235671026,0.00440699488676907
43004,learned_event_oracle_qr,4379,3,110,8,8,0.01759687432767311,0.006611928028778651
43004,learned_event_oracle_qr,4379,3,110,16,16,0.22735257706438597,0.006134427877515768
43004,learned_event_oracle_qr,4430,3,110,1,1,-0.34842454272015816,0.0012809624299427406
43004,learned_event_oracle_qr,4430,3,110,4,4,0.5028134812018827,0.012828039719725324
43004,learned_event_oracle_qr,4430,3,110,8,8,0.2867027973225853,0.007133646575006852
43004,learned_event_oracle_qr,4430,3,110,16,16,-0.023368511679264476,0.01145319521301976
43004,learned_event_oracle_qr,4447,3,110,1,1,-0.19973377075050106,0.00032147696373484156
43004,learned_event_oracle_qr,4447,3,110,4,4,-0.2886690105828835,0.0015707625009848416
43004,learned_event_oracle_qr,4447,3,110,8,8,-0.169836032959807,0.010153353283809185
43004,learned_event_oracle_qr,4447,3,110,16,16,-0.14410388284618364,0.006900640413133267
43004,learned_event_oracle_qr,4475,3,110,1,1,-0.18339919436077204,0.007408062872254148
43004,learned_event_oracle_qr,4475,3,110,4,3,0.20051228059844273,0.005738176878885019
43004,learned_event_oracle_qr,4475,3,110,8,3,0.20051228059844273,0.005738176878885019
43004,learned_event_oracle_qr,4475,3,110,16,3,0.20051228059844273,0.005738176878885019
43004,learned_event_oracle_qr,4479,3,110,1,1,0.2970924844674017,0.0041250374006054
43004,learned_event_oracle_qr,4479,3,110,4,4,0.3188577507615092,0.0654218847807241
43004,learned_event_oracle_qr,4479,3,110,8,8,0.6423490520858346,0.037523461073293775
43004,learned_event_oracle_qr,4479,3,110,16,16,0.8223396093619002,0.04226305808296661
43004,learned_event_oracle_qr,4512,3,011,1,1,0.8708996047968175,0.23966747513729383
43004,learned_event_oracle_qr,4512,3,011,4,4,0.8833385092573159,0.16188690987644705
43004,learned_event_oracle_qr,4512,3,011,8,8,1.0994408067277974,0.08711348587921353
43004,learned_event_oracle_qr,4512,3,011,16,16,0.8706754472012059,0.10781985211610087
43004,oracle_event_oracle_qr,27,0,110,1,1,-0.43497709217282676,0.008532385075838858
43004,oracle_event_oracle_qr,27,0,110,4,4,-0.3663987330147862,0.002710633066642754
43004,oracle_event_oracle_qr,27,0,110,8,4,-0.3663987330147862,0.002710633066642754
43004,oracle_event_oracle_qr,27,0,110,16,4,-0.3663987330147862,0.002710633066642754
43004,oracle_event_oracle_qr,32,0,110,1,1,0.003648159625500029,0.012652062510735728
43004,oracle_event_oracle_qr,32,0,110,4,4,-0.05891270350290429,0.019564151374222287
43004,oracle_event_oracle_qr,32,0,110,8,8,-0.21854950263370018,0.01817369642913806
43004,oracle_event_oracle_qr,32,0,110,16,11,-0.15026993522021292,0.015250168749054556
43004,oracle_event_oracle_qr,44,0,110,1,1,-0.46265245844871555,0.011645621740740856
43004,oracle_event_oracle_qr,44,0,110,4,4,0.6236895464951956,0.020008778587560564
43004,oracle_event_oracle_qr,44,0,110,8,8,0.4233839652003031,0.01265274031270925
43004,oracle_event_oracle_qr,44,0,110,16,11,0.2770735727170764,0.011202937815540222
43004,oracle_event_oracle_qr,56,0,110,1,1,0.26642322882240177,0.007856779397586312
43004,oracle_event_oracle_qr,56,0,110,4,4,-0.08845062000773588,0.005963376346944964
43004,oracle_event_oracle_qr,56,0,110,8,8,0.1990195295501192,0.009022203636854405
43004,oracle_event_oracle_qr,56,0,110,16,8,0.1990195295501192,0.009022203636854405
43004,oracle_event_oracle_qr,65,0,110,1,1,-0.15492803503932245,0.026854116780239558
43004,oracle_event_oracle_qr,65,0,110,4,2,0.25754980436468033,0.015039961005994439
43004,oracle_event_oracle_qr,65,0,110,8,2,0.25754980436468033,0.015039961005994439
43004,oracle_event_oracle_qr,65,0,110,16,2,0.25754980436468033,0.015039961005994439
43004,oracle_event_oracle_qr,68,0,110,1,1,-0.3283498014146285,2.4563498760218742e-05
43004,oracle_event_oracle_qr,68,0,110,4,4,-0.2858947628759437,0.0021118266628401996
43004,oracle_event_oracle_qr,68,0,110,8,8,-0.16416653480411106,0.010590006456363559
43004,oracle_event_oracle_qr,68,0,110,16,16,-0.08885298946897609,0.010779045142125243
43004,oracle_event_oracle_qr,88,0,110,1,1,1.1487244305879645,3.1863409856585293e-07
43004,oracle_event_oracle_qr,88,0,110,4,4,0.33573972023192733,0.008901656288584024
43004,oracle_event_oracle_qr,88,0,110,8,8,-0.04116350041912464,0.006909757085102938
43004,oracle_event_oracle_qr,88,0,110,16,16,-0.1780631230777193,0.005005207128593175
43004,oracle_event_oracle_qr,119,0,110,1,1,0.030038576559471158,0.025958950780084186
43004,oracle_event_oracle_qr,119,0,110,4,4,0.34081752125997417,0.009328527738035193
43004,oracle_event_oracle_qr,119,0,110,8,7,0.040296057715378863,0.008480219596462914
43004,oracle_event_oracle_qr,119,0,110,16,7,0.040296057715378863,0.008480219596462914
43004,oracle_event_oracle_qr,127,0,110,1,1,0.22148218616268564,0.0013139601812326312
43004,oracle_event_oracle_qr,127,0,110,4,4,0.38123598067332176,0.005390804841442316
43004,oracle_event_oracle_qr,127,0,110,8,8,0.7552427895456233,0.01845121800118662
43004,oracle_event_oracle_qr,127,0,110,16,16,0.736786168086391,0.05175897193166326
43004,oracle_event_oracle_qr,153,0,011,1,1,0.4880084738443759,0.07079902335068863
43004,oracle_event_oracle_qr,153,0,011,4,4,1.1885620337189584,0.04020956689416502
43004,oracle_event_oracle_qr,153,0,011,8,8,1.1592337604326035,0.034063943587950174
43004,oracle_event_oracle_qr,153,0,011,16,16,1.218842960666647,0.06558347795323503
43004,oracle_event_oracle_qr,276,0,110,1,1,-0.0767831726802042,0.00808359406086201
43004,oracle_event_oracle_qr,276,0,110,4,4,-0.2679823551755161,0.004016898361625208
43004,oracle_event_oracle_qr,276,0,110,8,8,-0.15649063093760496,0.010467256017443001
43004,oracle_event_oracle_qr,276,0,110,16,16,-0.0007368568073313347,0.007637656282217209
43004,oracle_event_oracle_qr,311,0,110,1,1,-0.47151446167018213,0.018588180266788445
43004,oracle_event_oracle_qr,311,0,110,4,4,-0.09604022343720095,0.00934160271514181
43004,oracle_event_oracle_qr,311,0,110,8,8,0.0063265928594115756,0.008668672694819721
43004,oracle_event_oracle_qr,311,0,110,16,11,-0.06952567489829403,0.007018505091474347
43004,oracle_event_oracle_qr,323,0,110,1,1,-0.24803749338542147,0.0006795057178889419
43004,oracle_event_oracle_qr,323,0,110,4,2,-0.3556427914970798,0.00034004349972257213
43004,oracle_event_oracle_qr,323,0,110,8,2,-0.3556427914970798,0.00034004349972257213
43004,oracle_event_oracle_qr,323,0,110,16,2,-0.3556427914970798,0.00034004349972257213
43004,oracle_event_oracle_qr,326,0,110,1,1,0.7278786687115244,0.0077002835586839225
43004,oracle_event_oracle_qr,326,0,110,4,4,-0.0791195703732917,0.00403847859992948
43004,oracle_event_oracle_qr,326,0,110,8,6,-0.18123128623020632,0.003906768732927818
43004,oracle_event_oracle_qr,326,0,110,16,6,-0.18123128623020632,0.003906768732927818
43004,oracle_event_oracle_qr,333,0,110,1,1,0.7247908507505438,3.3201330668065707e-06
43004,oracle_event_oracle_qr,333,0,110,4,4,-0.17342974675148148,0.008975089458892214
43004,oracle_event_oracle_qr,333,0,110,8,5,-0.11746740335058718,0.010943071490971953
43004,oracle_event_oracle_qr,333,0,110,16,5,-0.11746740335058718,0.010943071490971953
43004,oracle_event_oracle_qr,339,0,110,1,1,-0.3819888491375139,0.0004483134932103806
43004,oracle_event_oracle_qr,339,0,110,4,4,-0.37741208356003986,0.013156748117778623
43004,oracle_event_oracle_qr,339,0,110,8,4,-0.37741208356003986,0.013156748117778623
43004,oracle_event_oracle_qr,339,0,110,16,4,-0.37741208356003986,0.013156748117778623
43004,oracle_event_oracle_qr,344,0,110,1,1,-0.4568512268324223,0.015765576704572595
43004,oracle_event_oracle_qr,344,0,110,4,4,0.6630346804209699,0.011967294774686086
43004,oracle_event_oracle_qr,344,0,110,8,8,0.22187675832517229,0.012450129339503447
43004,oracle_event_oracle_qr,344,0,110,16,16,0.29808191107290816,0.008718002051001848
43004,oracle_event_oracle_qr,396,0,101,1,1,0.857214073251646,0.3137936152606222
43004,oracle_event_oracle_qr,396,0,101,4,2,1.5705107687379212,0.16942739048715239
43004,oracle_event_oracle_qr,396,0,101,8,2,1.5705107687379212,0.16942739048715239
43004,oracle_event_oracle_qr,396,0,101,16,2,1.5705107687379212,0.16942739048715239
43004,oracle_event_oracle_qr,399,0,101,1,1,0.37745974477428623,0.09050193808366384
43004,oracle_event_oracle_qr,399,0,101,4,4,0.3542741366968807,0.08430809003945845
43004,oracle_event_oracle_qr,399,0,101,8,8,0.3085726268698953,0.05234461164187622
43004,oracle_event_oracle_qr,399,0,101,16,16,0.48213170377699816,0.029210432817668632
43004,oracle_event_oracle_qr,434,0,101,1,1,0.36862766402373,0.5138180925238487
43004,oracle_event_oracle_qr,434,0,101,4,4,1.9635142963465142,0.1623212177950283
43004,oracle_event_oracle_qr,434,0,101,8,4,1.9635142963465142,0.1623212177950283
43004,oracle_event_oracle_qr,434,0,101,16,4,1.9635142963465142,0.1623212177950283
43004,oracle_event_oracle_qr,439,0,101,1,1,1.5569643358645824,0.10542807663662515
43004,oracle_event_oracle_qr,439,0,101,4,4,1.0003072810973077,0.035255125171433414
43004,oracle_event_oracle_qr,439,0,101,8,8,0.6581638313018202,0.019478433753579435
43004,oracle_event_oracle_qr,439,0,101,16,16,0.4587634008089566,0.01510353043255897
43004,oracle_event_oracle_qr,463,0,101,1,1,0.36585718659869676,0.003571879559532508
43004,oracle_event_oracle_qr,463,0,101,4,4,1.115956212097653,0.008496630084456452
43004,oracle_event_oracle_qr,463,0,101,8,8,0.760737893604092,0.008101307897764694
43004,oracle_event_oracle_qr,463,0,101,16,11,0.9266665627519117,0.00731218811837715
43004,oracle_event_oracle_qr,475,0,101,1,1,3.1467776087912105,0.006227707696841045
43004,oracle_event_oracle_qr,475,0,101,4,4,1.311831484312132,0.04627433121746972
43004,oracle_event_oracle_qr,475,0,101,8,8,1.3712911228934925,0.05397853957896552
43004,oracle_event_oracle_qr,475,0,101,16,10,1.2203148986256849,0.04461200191262411
43004,oracle_event_oracle_qr,486,0,101,1,1,1.884819410989924,0.11294858277045519
43004,oracle_event_oracle_qr,486,0,101,4,4,1.2012060957427744,0.03928586093959274
43004,oracle_event_oracle_qr,486,0,101,8,8,0.9770623031562797,0.046028623289286336
43004,oracle_event_oracle_qr,486,0,101,16,16,0.9105052060339289,0.031099219878611296
43004,oracle_event_oracle_qr,504,0,101,1,1,1.3495086430708125,0.049518303239893716
43004,oracle_event_oracle_qr,504,0,101,4,4,0.5492586739897453,0.020672714857741296
43004,oracle_event_oracle_qr,504,0,101,8,8,0.8436635287593757,0.011145584393165344
43004,oracle_event_oracle_qr,504,0,101,16,9,0.8715112522814787,0.011433864745693285
43004,oracle_event_oracle_qr,514,0,101,1,1,0.641439024067733,0.06695167276852594
43004,oracle_event_oracle_qr,514,0,101,4,4,0.6875213801293858,0.01766869477404026
43004,oracle_event_oracle_qr,514,0,101,8,8,0.5930622191380832,0.018326851881612052
43004,oracle_event_oracle_qr,514,0,101,16,16,0.7160826009349002,0.021699027435474666
43004,oracle_event_oracle_qr,535,0,101,1,1,1.0429558134615888,0.1476792763750959
43004,oracle_event_oracle_qr,535,0,101,4,4,0.6257418276544172,0.12335551470490727
43004,oracle_event_oracle_qr,535,0,101,8,8,0.5293009029926716,0.12957133992939007
43004,oracle_event_oracle_qr,535,0,101,16,13,0.42475401970898435,0.10302356083714288
43004,oracle_event_oracle_qr,549,0,101,1,1,0.5708729776654339,0.05475145675523914
43004,oracle_event_oracle_qr,549,0,101,4,4,0.41015551725097676,0.02465502936483191
43004,oracle_event_oracle_qr,549,0,101,8,8,0.7889796364316621,0.012962401509723036
43004,oracle_event_oracle_qr,549,0,101,16,10,0.6697242096560473,0.010597534428526784
43004,oracle_event_oracle_qr,561,0,101,1,1,3.4755512880575354,0.0005586191537343465
43004,oracle_event_oracle_qr,561,0,101,4,4,1.8131850348575842,0.009861872641748329
43004,oracle_event_oracle_qr,561,0,101,8,8,1.1885641006292151,0.021950045456214224
43004,oracle_event_oracle_qr,561,0,101,16,16,0.9381761949372847,0.054359876202322854
43004,oracle_event_oracle_qr,585,0,101,1,1,0.9058942306128583,0.11913314926472819
43004,oracle_event_oracle_qr,585,0,101,4,2,0.686196995459998,0.16744327218736924
43004,oracle_event_oracle_qr,585,0,101,8,2,0.686196995459998,0.16744327218736924
43004,oracle_event_oracle_qr,585,0,101,16,2,0.686196995459998,0.16744327218736924
43004,oracle_event_oracle_qr,588,0,101,1,1,0.6572287605222341,0.01678995658107545
43004,oracle_event_oracle_qr,588,0,101,4,3,0.41658691976022055,0.006272996061327728
43004,oracle_event_oracle_qr,588,0,101,8,3,0.41658691976022055,0.006272996061327728
43004,oracle_event_oracle_qr,588,0,101,16,3,0.41658691976022055,0.006272996061327728
43004,oracle_event_oracle_qr,592,0,101,1,1,0.6096844191954375,0.020340233974363343
43004,oracle_event_oracle_qr,592,0,101,4,4,0.660922227338054,0.019072122355249098
43004,oracle_event_oracle_qr,592,0,101,8,8,0.5404242249201883,0.013514755453621923
43004,oracle_event_oracle_qr,592,0,101,16,16,0.676399766011625,0.01436792984010012
43004,oracle_event_oracle_qr,611,0,101,1,1,0.7871592346910545,0.022933956497827975
43004,oracle_event_oracle_qr,611,0,101,4,4,0.44187757520497084,0.009209721391577075
43004,oracle_event_oracle_qr,611,0,101,8,8,0.5074046646912154,0.00946036490137981
43004,oracle_event_oracle_qr,611,0,101,16,13,0.3785734718507791,0.013958151012775909
43004,oracle_event_oracle_qr,625,0,101,1,1,1.1009589494500174,0.45153306483721856
43004,oracle_event_oracle_qr,625,0,101,4,4,0.6975857151551116,0.24958666798611157
43004,oracle_event_oracle_qr,625,0,101,8,8,0.665672541313648,0.20869090718378325
43004,oracle_event_oracle_qr,625,0,101,16,16,0.8218413152979716,0.12484060616993627
43004,oracle_event_oracle_qr,644,0,111,1,1,0.6526813310704467,0.06492549481063921
43004,oracle_event_oracle_qr,644,0,111,4,4,0.6011960388025727,0.025353861243152635
43004,oracle_event_oracle_qr,644,0,111,8,8,0.7920111610040357,0.020894177695193535
43004,oracle_event_oracle_qr,644,0,111,16,16,0.8508945988586102,0.027314942394115714
43004,oracle_event_oracle_qr,682,0,111,1,1,0.6729962725935698,0.7177032630489302
43004,oracle_event_oracle_qr,682,0,111,4,4,0.8041515862983082,0.25050719242403313
43004,oracle_event_oracle_qr,682,0,111,8,8,0.6582596917388739,0.1330321892448867
43004,oracle_event_oracle_qr,682,0,111,16,16,0.6638342869920184,0.10398174227026258
43004,oracle_event_oracle_qr,706,0,111,1,1,0.5210947384746827,0.8378748639559425
43004,oracle_event_oracle_qr,706,0,111,4,4,1.0822316884956427,0.5667114041095078
43004,oracle_event_oracle_qr,706,0,111,8,8,1.108359829887284,0.29916817740007706
43004,oracle_event_oracle_qr,706,0,111,16,11,1.0532556822205124,0.24283221252829376
43004,oracle_event_oracle_qr,718,0,111,1,1,0.49648413207141984,0.03764526975555943
43004,oracle_event_oracle_qr,718,0,111,4,4,0.9816899734977178,0.04873145642090681
43004,oracle_event_oracle_qr,718,0,111,8,8,0.7084678093020874,0.05595283484464746
43004,oracle_event_oracle_qr,718,0,111,16,16,0.7108050834006185,0.05539965069225061
43004,oracle_event_oracle_qr,740,0,111,1,1,0.42790239897207,0.02694166131468281
43004,oracle_event_oracle_qr,740,0,111,4,4,0.6667297865345068,0.0881484561433085
43004,oracle_event_oracle_qr,740,0,111,8,8,1.1231356419278302,0.07077441416531255
43004,oracle_event_oracle_qr,740,0,111,16,16,1.1143907477784083,0.04690458131222087
43004,oracle_event_oracle_qr,758,0,111,1,1,0.6970271435643857,0.28822237683076174
43004,oracle_event_oracle_qr,758,0,111,4,4,1.4834252576894635,0.12726615195454427
43004,oracle_event_oracle_qr,758,0,111,8,8,1.201186727687825,0.10412386598941002
43004,oracle_event_oracle_qr,758,0,111,16,16,0.9193428273421306,0.0665918955372394
43004,oracle_event_oracle_qr,937,0,111,1,1,0.9112113099992957,0.004625177634031211
43004,oracle_event_oracle_qr,937,0,111,4,4,0.5865161365590891,0.006894496873298081
43004,oracle_event_oracle_qr,937,0,111,8,8,0.6592132237122936,0.03570846108160001
43004,oracle_event_oracle_qr,937,0,111,16,16,0.7477380299470573,0.040014738993450566
43004,oracle_event_oracle_qr,987,0,111,1,1,0.8898963644524709,0.07358607972299408
43004,oracle_event_oracle_qr,987,0,111,4,4,0.45876342785330587,0.1044165049254953
43004,oracle_event_oracle_qr,987,0,111,8,8,0.4462805859026016,0.06166038962916456
43004,oracle_event_oracle_qr,987,0,111,16,16,0.9683604230560555,0.04835886988127347
43004,oracle_event_oracle_qr,1049,0,111,1,1,0.6571129245079139,0.08066904596508855
43004,oracle_event_oracle_qr,1049,0,111,4,4,0.7598606345357545,0.06472636582285783
43004,oracle_event_oracle_qr,1049,0,111,8,8,0.5982966322168484,0.04042030552073153
43004,oracle_event_oracle_qr,1049,0,111,16,15,0.6706541683927739,0.11654435675477354
43004,oracle_event_oracle_qr,1065,0,111,1,1,0.7515871761783365,0.047339033613666176
43004,oracle_event_oracle_qr,1065,0,111,4,4,0.9521898898389349,0.018639793411156867
43004,oracle_event_oracle_qr,1065,0,111,8,8,0.7869642227848923,0.05170296335073403
43004,oracle_event_oracle_qr,1065,0,111,16,15,0.8066432627665983,0.04156700951419959
43004,oracle_event_oracle_qr,1082,0,111,1,1,0.7026427117065461,0.006426579805486057
43004,oracle_event_oracle_qr,1082,0,111,4,4,0.6227347046291604,0.06625835702603955
43004,oracle_event_oracle_qr,1082,0,111,8,8,0.23022395684438138,0.042981001848792826
43004,oracle_event_oracle_qr,1082,0,111,16,16,0.03404282299968728,0.027473157564688898
43004,oracle_event_oracle_qr,1115,0,110,1,1,-0.24484683942403374,0.001464669960633374
43004,oracle_event_oracle_qr,1115,0,110,4,4,0.13680434036558053,0.01433944079139456
43004,oracle_event_oracle_qr,1115,0,110,8,8,0.29828355113491006,0.008475811782635312
43004,oracle_event_oracle_qr,1115,0,110,16,13,0.1434311000011831,0.006232304001249231
43004,oracle_event_oracle_qr,1129,0,110,1,1,-0.4142203363335678,0.0010317371450988702
43004,oracle_event_oracle_qr,1129,0,110,4,4,-0.321693943193427,0.018411818611559494
43004,oracle_event_oracle_qr,1129,0,110,8,5,-0.2857916547666853,0.014738662683019052
43004,oracle_event_oracle_qr,1129,0,110,16,5,-0.2857916547666853,0.014738662683019052
43004,oracle_event_oracle_qr,1135,0,110,1,1,0.5296676962481481,0.007082947119599384
43004,oracle_event_oracle_qr,1135,0,110,4,4,0.3661822016089813,0.004381283475839716
43004,oracle_event_oracle_qr,1135,0,110,8,6,0.18868073958891995,0.005856317182180062
43004,oracle_event_oracle_qr,1135,0,110,16,6,0.18868073958891995,0.005856317182180062
43004,oracle_event_oracle_qr,1142,0,110,1,1,-0.17101723084701076,0.012170385202400016
43004,oracle_event_oracle_qr,1142,0,110,4,4,0.14678519215935942,0.009553169712089684
43004,oracle_event_oracle_qr,1142,0,110,8,8,0.1816079378313185,0.008246516201568008
43004,oracle_event_oracle_qr,1142,0,110,16,9,0.12420858389288497,0.007406169788961279
43004,oracle_event_oracle_qr,1165,1,111,1,1,0.4925351196978853,0.04254929081086224
43004,oracle_event_oracle_qr,1165,1,111,4,4,0.5011049747319234,0.04037112005750145
43004,oracle_event_oracle_qr,1165,1,111,8,8,0.7428312533842835,0.03677583648002172
43004,oracle_event_oracle_qr,1165,1,111,16,16,0.6897330756292033,0.04417658753251683
43004,oracle_event_oracle_qr,1208,1,111,1,1,4.485215441806817,0.01758375842162653
43004,oracle_event_oracle_qr,1208,1,111,4,4,1.641182638506317,0.09596655795143275
43004,oracle_event_oracle_qr,1208,1,111,8,8,1.0664129577069825,0.06646717879150746
43004,oracle_event_oracle_qr,1208,1,111,16,16,0.8380015424051045,0.05597483464800253
43004,oracle_event_oracle_qr,1234,1,111,1,1,0.5427355164515225,0.20770845603290117
43004,oracle_event_oracle_qr,1234,1,111,4,4,0.6165126347595177,0.12786229441084765
43004,oracle_event_oracle_qr,1234,1,111,8,8,0.5348081420037697,0.0737786100035238
43004,oracle_event_oracle_qr,1234,1,111,16,16,0.5293033382906575,0.05534797344845012
43004,oracle_event_oracle_qr,1268,1,111,1,1,0.6358198621227689,0.09391430087801986
43004,oracle_event_oracle_qr,1268,1,111,4,4,0.8042376107376517,0.05685722370792115
43004,oracle_event_oracle_qr,1268,1,111,8,8,0.6938221802734297,0.04571582851244431
43004,oracle_event_oracle_qr,1268,1,111,16,16,0.6957775693009767,0.04438263853601272
43004,oracle_event_oracle_qr,1290,1,111,1,1,0.6265774896646729,0.1099310545851155
43004,oracle_event_oracle_qr,1290,1,111,4,4,0.6768506511218134,0.08699253084222691
43004,oracle_event_oracle_qr,1290,1,111,8,8,0.6371284359070128,0.06218186044486523
43004,oracle_event_oracle_qr,1290,1,111,16,10,0.599797969204251,0.05564889636915665
43004,oracle_event_oracle_qr,1301,1,111,1,1,0.5628733329287986,0.053548181703004565
43004,oracle_event_oracle_qr,1301,1,111,4,4,0.4534343146923832,0.17010239496782487
43004,oracle_event_oracle_qr,1301,1,111,8,8,0.6607047877719556,0.13376256280241594
43004,oracle_event_oracle_qr,1301,1,111,16,16,0.7599418958133087,0.14678041599981745
43004,oracle_event_oracle_qr,1346,1,111,1,1,0.47192584688555306,0.008962414127178301
43004,oracle_event_oracle_qr,1346,1,111,4,1,0.47192584688555306,0.008962414127178301
43004,oracle_event_oracle_qr,1346,1,111,8,1,0.47192584688555306,0.008962414127178301
43004,oracle_event_oracle_qr,1346,1,111,16,1,0.47192584688555306,0.008962414127178301
43004,oracle_event_oracle_qr,1348,1,111,1,1,0.5727475731507623,0.040967506765367506
43004,oracle_event_oracle_qr,1348,1,111,4,4,0.6380331101645738,0.08960404506703473
43004,oracle_event_oracle_qr,1348,1,111,8,8,0.5819058702229455,0.06678920773546262
43004,oracle_event_oracle_qr,1348,1,111,16,13,0.4979273444567387,0.04597801718415425
43004,oracle_event_oracle_qr,1362,1,111,1,1,0.5248183863356887,0.0031605515777961574
43004,oracle_event_oracle_qr,1362,1,111,4,4,0.669238120855413,0.003135171524402881
43004,oracle_event_oracle_qr,1362,1,111,8,8,0.8460677607876981,0.01673301065897919
43004,oracle_event_oracle_qr,1362,1,111,16,16,0.6700787841172111,0.030546693930741588
43004,oracle_event_oracle_qr,1410,1,011,1,1,1.0568618131512217,0.08676988426886503
43004,oracle_event_oracle_qr,1410,1,011,4,4,1.2519911062131048,0.06724912919480054
43004,oracle_event_oracle_qr,1410,1,011,8,8,0.9426362641343622,0.05219295508785788
43004,oracle_event_oracle_qr,1410,1,011,16,16,0.8258521722449624,0.04508698340739598
43004,oracle_event_oracle_qr,1550,1,101,1,1,0.36043011067259034,0.30712711805599807
43004,oracle_event_oracle_qr,1550,1,101,4,4,1.6629092791169344,0.23473869821237184
43004,oracle_event_oracle_qr,1550,1,101,8,8,1.0358092586539764,0.1234091728428122
43004,oracle_event_oracle_qr,1550,1,101,16,16,0.8946484752391768,0.06343223988683866
43004,oracle_event_oracle_qr,1568,1,101,1,1,0.604861058666676,0.0024726034777915657
43004,oracle_event_oracle_qr,1568,1,101,4,3,0.4009936100317442,0.005654902067823056
43004,oracle_event_oracle_qr,1568,1,101,8,3,0.4009936100317442,0.005654902067823056
43004,oracle_event_oracle_qr,1568,1,101,16,3,0.4009936100317442,0.005654902067823056
43004,oracle_event_oracle_qr,1572,1,101,1,1,0.6981232641787598,0.001053698112645292
43004,oracle_event_oracle_qr,1572,1,101,4,4,0.5463924525903759,0.020666719945299984
43004,oracle_event_oracle_qr,1572,1,101,8,8,0.3575167998787774,0.012849004089300797
43004,oracle_event_oracle_qr,1572,1,101,16,16,0.38273851004769377,0.008239745629574871
43004,oracle_event_oracle_qr,1590,1,101,1,1,0.6567029532537855,0.006023004486409574
43004,oracle_event_oracle_qr,1590,1,101,4,4,0.7048678788595657,0.05046438621297032
43004,oracle_event_oracle_qr,1590,1,101,8,5,0.6741464799709022,0.04048656873218906
43004,oracle_event_oracle_qr,1590,1,101,16,5,0.6741464799709022,0.04048656873218906
43004,oracle_event_oracle_qr,1596,1,101,1,1,0.36517979039915704,0.050672496585213105
43004,oracle_event_oracle_qr,1596,1,101,4,4,0.37164491188146287,0.015293723699807847
43004,oracle_event_oracle_qr,1596,1,101,8,4,0.37164491188146287,0.015293723699807847
43004,oracle_event_oracle_qr,1596,1,101,16,4,0.37164491188146287,0.015293723699807847
43004,oracle_event_oracle_qr,1601,1,101,1,1,0.5440127614980479,0.0037063463558719345
43004,oracle_event_oracle_qr,1601,1,101,4,4,0.687926339504564,0.01942007564670314
43004,oracle_event_oracle_qr,1601,1,101,8,8,0.7401278192662222,0.0179341495531175
43004,oracle_event_oracle_qr,1601,1,101,16,16,0.8491432378216595,0.014216079797527764
43004,oracle_event_oracle_qr,1628,1,101,1,1,0.39809004321901936,0.034774936679039734
43004,oracle_event_oracle_qr,1628,1,101,4,4,0.8969612233239479,0.015177506020849307
43004,oracle_event_oracle_qr,1628,1,101,8,8,0.5707755826034208,0.00882131593700321
43004,oracle_event_oracle_qr,1628,1,101,16,16,0.524050603902197,0.007663187114099818
43004,oracle_event_oracle_qr,1659,1,101,1,1,0.5330602486684833,0.2990376933985499
43004,oracle_event_oracle_qr,1659,1,101,4,4,0.7028218961171111,0.109476205504027
43004,oracle_event_oracle_qr,1659,1,101,8,8,0.6894546851658018,0.06538959482278967
43004,oracle_event_oracle_qr,1659,1,101,16,16,0.6738777037535413,0.04777947592845694
43004,oracle_event_oracle_qr,1678,1,101,1,1,0.46625830653570816,0.02358840550079479
43004,oracle_event_oracle_qr,1678,1,101,4,4,0.737610270723762,0.03277417505831174
43004,oracle_event_oracle_qr,1678,1,101,8,8,0.7387918280695426,0.022383134674737074
43004,oracle_event_oracle_qr,1678,1,101,16,16,0.6960703090165001,0.02201334533259878
43004,oracle_event_oracle_qr,1695,1,101,1,1,0.14838377072223546,0.012724099819118751
43004,oracle_event_oracle_qr,1695,1,101,4,4,0.06301900001799811,0.003455981820958318
43004,oracle_event_oracle_qr,1695,1,101,8,8,-0.05632190589558573,0.004264435527783911
43004,oracle_event_oracle_qr,1695,1,101,16,15,0.16998198636282216,0.0063183393851838215
43004,oracle_event_oracle_qr,1711,1,110,1,1,-0.25645014288551277,0.00839018734189995
43004,oracle_event_oracle_qr,1711,1,110,4,4,-0.2990215670600498,0.006818908450076865
43004,oracle_event_oracle_qr,1711,1,110,8,8,0.21548124752150027,0.008326810311280804
43004,oracle_event_oracle_qr,1711,1,110,16,16,0.07274393609541194,0.008852830469316274
43004,oracle_event_oracle_qr,1734,1,110,1,1,-0.2977122350357806,0.0052247278012907405
43004,oracle_event_oracle_qr,1734,1,110,4,4,-0.007876655195744264,0.017481640586248206
43004,oracle_event_oracle_qr,1734,1,110,8,6,-0.1441104995373014,0.014910867176193715
43004,oracle_event_oracle_qr,1734,1,110,16,6,-0.1441104995373014,0.014910867176193715
43004,oracle_event_oracle_qr,1741,1,110,1,1,-0.16498266443601972,0.013219728338107105
43004,oracle_event_oracle_qr,1741,1,110,4,1,-0.16498266443601972,0.013219728338107105
43004,oracle_event_oracle_qr,1741,1,110,8,1,-0.16498266443601972,0.013219728338107105
43004,oracle_event_oracle_qr,1741,1,110,16,1,-0.16498266443601972,0.013219728338107105
43004,oracle_event_oracle_qr,1743,1,110,1,1,-0.39829017884411605,0.0036480738425919788
43004,oracle_event_oracle_qr,1743,1,110,4,4,-0.27633959134655417,0.011765756390030803
43004,oracle_event_oracle_qr,1743,1,110,8,8,-0.12975701506295811,0.008124295785589857
43004,oracle_event_oracle_qr,1743,1,110,16,15,-0.01205277189772076,0.006982507526823169
43004,oracle_event_oracle_qr,1760,1,110,1,1,-0.4433267515021436,0.0028647686109549986
43004,oracle_event_oracle_qr,1760,1,110,4,4,0.6756472286796407,0.01950907475512469
43004,oracle_event_oracle_qr,1760,1,110,8,8,0.36313712256604164,0.015028102722837411
43004,oracle_event_oracle_qr,1760,1,110,16,15,0.143020108135733,0.009999402383243322
43004,oracle_event_oracle_qr,1777,1,110,1,1,-0.35731403723602334,0.0022538653719084674
43004,oracle_event_oracle_qr,1777,1,110,4,4,-0.11053574284662887,0.003333238459823386
43004,oracle_event_oracle_qr,1777,1,110,8,8,-0.08973342676095941,0.004042851709450518
43004,oracle_event_oracle_qr,1777,1,110,16,16,0.024119894572289982,0.005815601126896261
43004,oracle_event_oracle_qr,1832,1,101,1,1,0.8612402290944363,3.174436321595037e-05
43004,oracle_event_oracle_qr,1832,1,101,4,4,0.6302544461273878,0.045377185693138804
43004,oracle_event_oracle_qr,1832,1,101,8,6,0.5281702504874858,0.060526216217166605
43004,oracle_event_oracle_qr,1832,1,101,16,6,0.5281702504874858,0.060526216217166605
43004,oracle_event_oracle_qr,1839,1,101,1,1,0.37860502394444684,0.011315040205773268
43004,oracle_event_oracle_qr,1839,1,101,4,4,0.6951931519405656,0.008084705447164872
43004,oracle_event_oracle_qr,1839,1,101,8,8,0.7593125644673113,0.007429060685143756
43004,oracle_event_oracle_qr,1839,1,101,16,16,0.7556125199269599,0.01606944709463499
43004,oracle_event_oracle_qr,1877,1,101,1,1,1.5221443193007427,0.043592112406571536
43004,oracle_event_oracle_qr,1877,1,101,4,4,1.0034379846464025,0.03354743940516379
43004,oracle_event_oracle_qr,1877,1,101,8,8,0.7525406975021478,0.01852379181785906
43004,oracle_event_oracle_qr,1877,1,101,16,16,0.6228733210203995,0.013012983778535357
43004,oracle_event_oracle_qr,1902,1,101,1,1,0.49917475479823464,0.1263960333819977
43004,oracle_event_oracle_qr,1902,1,101,4,4,0.5992247869904554,0.06688500078180981
43004,oracle_event_oracle_qr,1902,1,101,8,8,0.49939661707834204,0.040981507523055315
43004,oracle_event_oracle_qr,1902,1,101,16,15,0.5557493965059667,0.026988590940137155
43004,oracle_event_oracle_qr,1918,1,101,1,1,0.6144236043323891,0.02174475460479689
43004,oracle_event_oracle_qr,1918,1,101,4,4,1.1049874278777867,0.01603481410556081
43004,oracle_event_oracle_qr,1918,1,101,8,8,1.0884818275859258,0.015470746309879432
43004,oracle_event_oracle_qr,1918,1,101,16,16,0.7255788592712864,0.01029084546171667
43004,oracle_event_oracle_qr,2081,1,110,1,1,0.4495044866482116,0.034762509080647465
43004,oracle_event_oracle_qr,2081,1,110,4,1,0.4495044866482116,0.034762509080647465
43004,oracle_event_oracle_qr,2081,1,110,8,1,0.4495044866482116,0.034762509080647465
43004,oracle_event_oracle_qr,2081,1,110,16,1,0.4495044866482116,0.034762509080647465
43004,oracle_event_oracle_qr,2083,1,110,1,1,-0.15682043440706947,0.0017853470572468681
43004,oracle_event_oracle_qr,2083,1,110,4,4,0.02587787302165509,0.019355777105790856
43004,oracle_event_oracle_qr,2083,1,110,8,8,-0.11678635638986783,0.018246687460423596
43004,oracle_event_oracle_qr,2083,1,110,16,16,-0.028086214524151026,0.011893550362294801
43004,oracle_event_oracle_qr,2141,1,110,1,1,-0.12405530423895973,0.006972933524195495
43004,oracle_event_oracle_qr,2141,1,110,4,2,0.28109416536664195,0.016993278036467593
43004,oracle_event_oracle_qr,2141,1,110,8,2,0.28109416536664195,0.016993278036467593
43004,oracle_event_oracle_qr,2141,1,110,16,2,0.28109416536664195,0.016993278036467593
43004,oracle_event_oracle_qr,2144,1,110,1,1,0.016469083559948593,0.014769111313799405
43004,oracle_event_oracle_qr,2144,1,110,4,4,-0.1083253115353551,0.008472621580204242
43004,oracle_event_oracle_qr,2144,1,110,8,8,0.12106087180731322,0.004828367768034286
43004,oracle_event_oracle_qr,2144,1,110,16,16,-0.01528544172296313,0.005892019495143384
43004,oracle_event_oracle_qr,2168,1,110,1,1,0.4979066331024108,0.001965863166464108
43004,oracle_event_oracle_qr,2168,1,110,4,4,-0.18437252192440434,0.004955139789467891
43004,oracle_event_oracle_qr,2168,1,110,8,8,-0.037619795684117954,0.007367428721739318
43004,oracle_event_oracle_qr,2168,1,110,16,16,0.4222029715446535,0.10223442801946289
43004,oracle_event_oracle_qr,2209,1,111,1,1,0.47123618320146765,3.6975652559361495e-06
43004,oracle_event_oracle_qr,2209,1,111,4,4,0.38013194463314204,0.02902389131736472
43004,oracle_event_oracle_qr,2209,1,111,8,8,0.7457558357319054,0.06316847724656156
43004,oracle_event_oracle_qr,2209,1,111,16,12,0.651971695095001,0.09053337153090053
43004,oracle_event_oracle_qr,2222,1,111,1,1,0.6001167244233455,0.0035634179546692292
43004,oracle_event_oracle_qr,2222,1,111,4,1,0.6001167244233455,0.0035634179546692292
43004,oracle_event_oracle_qr,2222,1,111,8,1,0.6001167244233455,0.0035634179546692292
43004,oracle_event_oracle_qr,2222,1,111,16,1,0.6001167244233455,0.0035634179546692292
43004,oracle_event_oracle_qr,2224,1,111,1,1,1.186626197483897,0.38727414988244724
43004,oracle_event_oracle_qr,2224,1,111,4,4,1.3977761750936855,0.23585509886579997
43004,oracle_event_oracle_qr,2224,1,111,8,5,1.2295044299763271,0.19096833098052907
43004,oracle_event_oracle_qr,2224,1,111,16,5,1.2295044299763271,0.19096833098052907
43004,oracle_event_oracle_qr,2230,1,111,1,1,0.5483841142319842,0.12615624026135558
43004,oracle_event_oracle_qr,2230,1,111,4,4,0.7002629943023256,0.09174017157062178
43004,oracle_event_oracle_qr,2230,1,111,8,8,0.8458617217324297,0.07443954536752742
43004,oracle_event_oracle_qr,2230,1,111,16,16,0.3818615459155214,0.04411359365270867
43004,oracle_event_oracle_qr,2247,1,110,1,1,-0.4571425947315262,0.0053445190145738715
43004,oracle_event_oracle_qr,2247,1,110,4,4,0.13568717790084325,0.0027158615221859507
43004,oracle_event_oracle_qr,2247,1,110,8,8,-0.05684640078337741,0.008000115744606594
43004,oracle_event_oracle_qr,2247,1,110,16,16,0.020569048298949122,0.006322042453420313
43004,oracle_event_oracle_qr,2281,1,110,1,1,-0.318750980523934,0.001148486817342579
43004,oracle_event_oracle_qr,2281,1,110,4,4,-0.12759092631651214,0.0005361462585865765
43004,oracle_event_oracle_qr,2281,1,110,8,4,-0.12759092631651214,0.0005361462585865765
43004,oracle_event_oracle_qr,2281,1,110,16,4,-0.12759092631651214,0.0005361462585865765
43004,oracle_event_oracle_qr,2286,1,110,1,1,0.5453998442474799,0.015948171526684488
43004,oracle_event_oracle_qr,2286,1,110,4,4,0.3598557248007671,0.005880138579011209
43004,oracle_event_oracle_qr,2286,1,110,8,8,0.1316285587099385,0.011309635558080077
43004,oracle_event_oracle_qr,2286,1,110,16,16,-0.07661622521092756,0.008536335752756943
43004,oracle_event_oracle_qr,2307,2,111,1,1,0.9227139580158575,0.016382743299530125
43004,oracle_event_oracle_qr,2307,2,111,4,3,0.7204084246695793,0.01486611106380611
43004,oracle_event_oracle_qr,2307,2,111,8,3,0.7204084246695793,0.01486611106380611
43004,oracle_event_oracle_qr,2307,2,111,16,3,0.7204084246695793,0.01486611106380611
43004,oracle_event_oracle_qr,2311,2,111,1,1,0.7463854424307619,0.009921051133347418
43004,oracle_event_oracle_qr,2311,2,111,4,4,0.5482839170505904,0.03040113698023726
43004,oracle_event_oracle_qr,2311,2,111,8,8,0.7380862042289267,0.020350132089319104
43004,oracle_event_oracle_qr,2311,2,111,16,15,0.7571894288723521,0.023132629155857756
43004,oracle_event_oracle_qr,2327,2,111,1,1,0.6486581405875463,0.01574178686979714
43004,oracle_event_oracle_qr,2327,2,111,4,1,0.6486581405875463,0.01574178686979714
43004,oracle_event_oracle_qr,2327,2,111,8,1,0.6486581405875463,0.01574178686979714
43004,oracle_event_oracle_qr,2327,2,111,16,1,0.6486581405875463,0.01574178686979714
43004,oracle_event_oracle_qr,2329,2,111,1,1,0.7400971371398435,0.07996266804254079
43004,oracle_event_oracle_qr,2329,2,111,4,4,0.6713399940465625,0.09198964616125814
43004,oracle_event_oracle_qr,2329,2,111,8,8,0.6068197479845896,0.07423180376459557
43004,oracle_event_oracle_qr,2329,2,111,16,16,0.6421926638190274,0.07152974015305388
43004,oracle_event_oracle_qr,2389,2,111,1,1,0.9660293291322977,0.11680379093071425
43004,oracle_event_oracle_qr,2389,2,111,4,4,2.208052146058077,0.09400735680944791
43004,oracle_event_oracle_qr,2389,2,111,8,8,1.2575610880980037,0.0642518526304697
43004,oracle_event_oracle_qr,2389,2,111,16,16,0.9942357318914807,0.04102141489371933
43004,oracle_event_oracle_qr,2410,2,111,1,1,0.5379723338075654,0.0002090603134725485
43004,oracle_event_oracle_qr,2410,2,111,4,3,0.5290018314957131,0.019071913471231005
43004,oracle_event_oracle_qr,2410,2,111,8,3,0.5290018314957131,0.019071913471231005
43004,oracle_event_oracle_qr,2410,2,111,16,3,0.5290018314957131,0.019071913471231005
43004,oracle_event_oracle_qr,2414,2,111,1,1,1.32933576952798,5.15197608504737e-05
43004,oracle_event_oracle_qr,2414,2,111,4,4,0.64849546920963,0.014931677051908326
43004,oracle_event_oracle_qr,2414,2,111,8,7,0.6629151842026477,0.017523804530472194
43004,oracle_event_oracle_qr,2414,2,111,16,7,0.6629151842026477,0.017523804530472194
43004,oracle_event_oracle_qr,2422,2,111,1,1,1.7520178138130693,0.06799039747934765
43004,oracle_event_oracle_qr,2422,2,111,4,4,0.7715409722084068,0.04203047617323695
43004,oracle_event_oracle_qr,2422,2,111,8,8,0.8691699676005302,0.05463308109745094
43004,oracle_event_oracle_qr,2422,2,111,16,16,0.6693037889419446,0.029335406183195696
43004,oracle_event_oracle_qr,2459,2,101,1,1,1.8417044530748463,0.023812434694519137
43004,oracle_event_oracle_qr,2459,2,101,4,4,0.9240158568901049,0.011296289547600263
43004,oracle_event_oracle_qr,2459,2,101,8,4,0.9240158568901049,0.011296289547600263
43004,oracle_event_oracle_qr,2459,2,101,16,4,0.9240158568901049,0.011296289547600263
43004,oracle_event_oracle_qr,2464,2,101,1,1,1.2068682328935048,0.0638764137832663
43004,oracle_event_oracle_qr,2464,2,101,4,1,1.2068682328935048,0.0638764137832663
43004,oracle_event_oracle_qr,2464,2,101,8,1,1.2068682328935048,0.0638764137832663
43004,oracle_event_oracle_qr,2464,2,101,16,1,1.2068682328935048,0.0638764137832663
43004,oracle_event_oracle_qr,2466,2,101,1,1,0.40618491146872465,0.01294994933938983
43004,oracle_event_oracle_qr,2466,2,101,4,4,0.8937234065698876,0.02455609605938367
43004,oracle_event_oracle_qr,2466,2,101,8,6,0.8321119319956857,0.025355000848909928
43004,oracle_event_oracle_qr,2466,2,101,16,6,0.8321119319956857,0.025355000848909928
43004,oracle_event_oracle_qr,2473,2,101,1,1,0.422895240194405,0.06679131038300513
43004,oracle_event_oracle_qr,2473,2,101,4,4,0.6363930604157254,0.02775989255706394
43004,oracle_event_oracle_qr,2473,2,101,8,8,0.44464956084909074,0.01964886968060559
43004,oracle_event_oracle_qr,2473,2,101,16,16,0.5187051110404264,0.02247150742613085
43004,oracle_event_oracle_qr,2494,2,101,1,1,0.5039899783373804,0.0317848783264199
43004,oracle_event_oracle_qr,2494,2,101,4,4,0.4311430488354841,0.012035752446141626
43004,oracle_event_oracle_qr,2494,2,101,8,8,0.5922948956258899,0.00835400254511888
43004,oracle_event_oracle_qr,2494,2,101,16,14,0.46761566862828224,0.006396019114268438
43004,oracle_event_oracle_qr,2509,2,101,1,1,0.6374544527606009,0.01954642390753051
43004,oracle_event_oracle_qr,2509,2,101,4,1,0.6374544527606009,0.01954642390753051
43004,oracle_event_oracle_qr,2509,2,101,8,1,0.6374544527606009,0.01954642390753051
43004,oracle_event_oracle_qr,2509,2,101,16,1,0.6374544527606009,0.01954642390753051
43004,oracle_event_oracle_qr,2512,2,101,1,1,1.4537719939838563,0.19165780135361296
43004,oracle_event_oracle_qr,2512,2,101,4,2,0.9610450801441741,0.13952653025955158
43004,oracle_event_oracle_qr,2512,2,101,8,2,0.9610450801441741,0.13952653025955158
43004,oracle_event_oracle_qr,2512,2,101,16,2,0.9610450801441741,0.13952653025955158
43004,oracle_event_oracle_qr,2515,2,101,1,1,0.9462283730293327,0.0008077446075759058
43004,oracle_event_oracle_qr,2515,2,101,4,4,0.405506647842929,0.0010278650414848566
43004,oracle_event_oracle_qr,2515,2,101,8,8,0.5008348834908016,0.002159246445247457
43004,oracle_event_oracle_qr,2515,2,101,16,16,0.5357005165253623,0.010910203355613888
43004,oracle_event_oracle_qr,2610,2,111,1,1,1.6357959514568272,0.07698370327216807
43004,oracle_event_oracle_qr,2610,2,111,4,4,1.465899697824776,0.09236802026812153
43004,oracle_event_oracle_qr,2610,2,111,8,8,1.1110567814728418,0.07899734761176214
43004,oracle_event_oracle_qr,2610,2,111,16,16,1.3189222322195546,0.09798278626343267
43004,oracle_event_oracle_qr,2631,2,111,1,1,0.9361368410813059,0.10157286037987165
43004,oracle_event_oracle_qr,2631,2,111,4,4,0.7173239957503215,0.035089343405526635
43004,oracle_event_oracle_qr,2631,2,111,8,8,0.676088825778388,0.044815279085392186
43004,oracle_event_oracle_qr,2631,2,111,16,10,0.7113382825137828,0.03840313667053178
43004,oracle_event_oracle_qr,2643,2,111,1,1,0.5683032852557517,0.13568961106053984
43004,oracle_event_oracle_qr,2643,2,111,4,4,0.48435850921920265,0.07345462186426494
43004,oracle_event_oracle_qr,2643,2,111,8,8,0.4354711587743324,0.05956813626073665
43004,oracle_event_oracle_qr,2643,2,111,16,16,0.4108093659001345,0.03953291948054441
43004,oracle_event_oracle_qr,2708,2,011,1,1,0.4813689256324654,0.01028920419970249
43004,oracle_event_oracle_qr,2708,2,011,4,4,1.0171063738604433,0.14190613071943559
43004,oracle_event_oracle_qr,2708,2,011,8,8,0.7665261387300946,0.09520792360654558
43004,oracle_event_oracle_qr,2708,2,011,16,16,0.7125388867395301,0.09675312426255102
43004,oracle_event_oracle_qr,2762,2,011,1,1,0.49314064452419226,0.10121737791569256
43004,oracle_event_oracle_qr,2762,2,011,4,4,1.1233753198368834,0.05099186085735641
43004,oracle_event_oracle_qr,2762,2,011,8,8,1.39175890838049,0.06448619808270428
43004,oracle_event_oracle_qr,2762,2,011,16,16,1.0326909837915506,0.05169577506840332
43004,oracle_event_oracle_qr,2794,2,110,1,1,-0.4364858559539154,0.0009306534371385993
43004,oracle_event_oracle_qr,2794,2,110,4,2,0.07001082973449368,0.0006123708645833154
43004,oracle_event_oracle_qr,2794,2,110,8,2,0.07001082973449368,0.0006123708645833154
43004,oracle_event_oracle_qr,2794,2,110,16,2,0.07001082973449368,0.0006123708645833154
43004,oracle_event_oracle_qr,2797,2,110,1,1,0.9238657475786534,0.0012716874674490058
43004,oracle_event_oracle_qr,2797,2,110,4,4,0.05513600775198915,0.00583140009621251
43004,oracle_event_oracle_qr,2797,2,110,8,8,0.13103766926634275,0.008204194110110445
43004,oracle_event_oracle_qr,2797,2,110,16,8,0.13103766926634275,0.008204194110110445
43004,oracle_event_oracle_qr,2807,2,110,1,1,-0.27339044249068367,0.01126420386050576
43004,oracle_event_oracle_qr,2807,2,110,4,4,0.34149199055300805,0.01679098150093571
43004,oracle_event_oracle_qr,2807,2,110,8,8,0.050485598438682305,0.010732100703088266
43004,oracle_event_oracle_qr,2807,2,110,16,16,-0.0043068200788442396,0.007689856537466127
43004,oracle_event_oracle_qr,2836,2,110,1,1,0.7711656509645465,0.0010627164762863986
43004,oracle_event_oracle_qr,2836,2,110,4,4,0.6615420031135392,0.008986720452111458
43004,oracle_event_oracle_qr,2836,2,110,8,8,0.25572611988308436,0.00613972440989284
43004,oracle_event_oracle_qr,2836,2,110,16,16,0.07089186717669224,0.006706177806868547
43004,oracle_event_oracle_qr,2863,2,110,1,1,-0.3099071661938328,0.002014452520237092
43004,oracle_event_oracle_qr,2863,2,110,4,4,-0.0651829252234196,0.005269896040962828
43004,oracle_event_oracle_qr,2863,2,110,8,8,-0.25140788411865345,0.011322609406657278
43004,oracle_event_oracle_qr,2863,2,110,16,16,0.1590481224875684,0.009861869490338843
43004,oracle_event_oracle_qr,2884,2,110,1,1,-0.09262213927431301,6.930635697424144e-05
43004,oracle_event_oracle_qr,2884,2,110,4,4,-0.33329007840542413,0.007237707122853964
43004,oracle_event_oracle_qr,2884,2,110,8,8,-0.14547808342488883,0.0075327734292293756
43004,oracle_event_oracle_qr,2884,2,110,16,15,0.1933843178814096,0.007288834013476623
43004,oracle_event_oracle_qr,2900,2,110,1,1,-0.08515565698705208,0.004286221108284075
43004,oracle_event_oracle_qr,2900,2,110,4,4,0.1528024387660922,0.02185626721261115
43004,oracle_event_oracle_qr,2900,2,110,8,8,0.11222261909465145,0.015927267435298847
43004,oracle_event_oracle_qr,2900,2,110,16,16,0.040469318113194416,0.012151788633752679
43004,oracle_event_oracle_qr,2934,2,110,1,1,-0.27392800935557815,0.0005860270699828084
43004,oracle_event_oracle_qr,2934,2,110,4,4,-0.35254765591788717,0.0018500866976912343
43004,oracle_event_oracle_qr,2934,2,110,8,8,0.024439305182041626,0.0020439186265992174
43004,oracle_event_oracle_qr,2934,2,110,16,10,0.12500101224376395,0.0017926259027851743
43004,oracle_event_oracle_qr,2945,2,101,1,1,0.40082892665026437,0.0006245317485455616
43004,oracle_event_oracle_qr,2945,2,101,4,4,0.500905597672221,0.005407682344542746
43004,oracle_event_oracle_qr,2945,2,101,8,8,0.3555855109519892,0.013295295734074893
43004,oracle_event_oracle_qr,2945,2,101,16,16,0.4081470207699196,0.024119556162018493
43004,oracle_event_oracle_qr,2968,2,101,1,1,0.6622934184697495,0.0027320406776805994
43004,oracle_event_oracle_qr,2968,2,101,4,1,0.6622934184697495,0.0027320406776805994
43004,oracle_event_oracle_qr,2968,2,101,8,1,0.6622934184697495,0.0027320406776805994
43004,oracle_event_oracle_qr,2968,2,101,16,1,0.6622934184697495,0.0027320406776805994
43004,oracle_event_oracle_qr,2971,2,101,1,1,1.5269649312405265,0.08123713953632654
43004,oracle_event_oracle_qr,2971,2,101,4,4,0.8598511953993468,0.035331223717886016
43004,oracle_event_oracle_qr,2971,2,101,8,8,0.5816486010647103,0.019527553691430565
43004,oracle_event_oracle_qr,2971,2,101,16,16,0.5075961088225105,0.01443849242036569
43004,oracle_event_oracle_qr,3034,2,101,1,1,0.6367263008564409,0.04758075739322781
43004,oracle_event_oracle_qr,3034,2,101,4,4,0.6036551774880202,0.03507913104129315
43004,oracle_event_oracle_qr,3034,2,101,8,8,0.623732582312029,0.04960350122499614
43004,oracle_event_oracle_qr,3034,2,101,16,16,0.7209609397098273,0.02676879328650583
43004,oracle_event_oracle_qr,3065,2,101,1,1,0.4417231447500868,0.4145456698578917
43004,oracle_event_oracle_qr,3065,2,101,4,4,0.4636833906995033,0.17303998608071525
43004,oracle_event_oracle_qr,3065,2,101,8,7,0.3560250078755391,0.10804292758744485
43004,oracle_event_oracle_qr,3065,2,101,16,7,0.3560250078755391,0.10804292758744485
43004,oracle_event_oracle_qr,3073,2,101,1,1,0.5980459963841088,0.04361889771319105
43004,oracle_event_oracle_qr,3073,2,101,4,4,1.1581967335283772,0.0759400981834969
43004,oracle_event_oracle_qr,3073,2,101,8,8,0.860624677615671,0.04166300273803725
43004,oracle_event_oracle_qr,3073,2,101,16,16,0.7922299616332266,0.042093767917484676
43004,oracle_event_oracle_qr,3094,2,101,1,1,0.730468350353085,0.007857559768665022
43004,oracle_event_oracle_qr,3094,2,101,4,4,0.4182259556818912,0.0029304917901518783
43004,oracle_event_oracle_qr,3094,2,101,8,8,0.5324479251244167,0.00455905088815649
43004,oracle_event_oracle_qr,3094,2,101,16,12,0.6995176817815705,0.006517860989322798
43004,oracle_event_oracle_qr,3107,2,101,1,1,1.7568535690980243,0.1915230587935467
43004,oracle_event_oracle_qr,3107,2,101,4,4,0.9558956341584318,0.07048073237366136
43004,oracle_event_oracle_qr,3107,2,101,8,8,0.6085755991707691,0.037386035514562065
43004,oracle_event_oracle_qr,3107,2,101,16,16,0.48473983377992347,0.019856622024836776
43004,oracle_event_oracle_qr,3177,2,110,1,1,-0.4402725455968377,0.004534766622631431
43004,oracle_event_oracle_qr,3177,2,110,4,4,-0.20427262570113366,0.0028430650474212957
43004,oracle_event_oracle_qr,3177,2,110,8,8,-0.018039678359296346,0.007601424228534184
43004,oracle_event_oracle_qr,3177,2,110,16,16,0.0434328334765976,0.00748681456369668
43004,oracle_event_oracle_qr,3203,2,110,1,1,0.30639345846010857,0.0322376611920828
43004,oracle_event_oracle_qr,3203,2,110,4,4,-0.18382947492518864,0.01209525984330979
43004,oracle_event_oracle_qr,3203,2,110,8,4,-0.18382947492518864,0.01209525984330979
43004,oracle_event_oracle_qr,3203,2,110,16,4,-0.18382947492518864,0.01209525984330979
43004,oracle_event_oracle_qr,3208,2,110,1,1,-0.277427583683275,0.02324614965923898
43004,oracle_event_oracle_qr,3208,2,110,4,4,-0.05978684972575102,0.01713182820840694
43004,oracle_event_oracle_qr,3208,2,110,8,5,-0.13933089985918715,0.013705684927503004
43004,oracle_event_oracle_qr,3208,2,110,16,5,-0.13933089985918715,0.013705684927503004
43004,oracle_event_oracle_qr,3214,2,110,1,1,-0.4357145049056617,0.011628980271428243
43004,oracle_event_oracle_qr,3214,2,110,4,3,-0.2859710142941299,0.017984703047584264
43004,oracle_event_oracle_qr,3214,2,110,8,3,-0.2859710142941299,0.017984703047584264
43004,oracle_event_oracle_qr,3214,2,110,16,3,-0.2859710142941299,0.017984703047584264
43004,oracle_event_oracle_qr,3218,2,110,1,1,-0.43568268890191403,0.008720475454079262
43004,oracle_event_oracle_qr,3218,2,110,4,1,-0.43568268890191403,0.008720475454079262
43004,oracle_event_oracle_qr,3218,2,110,8,1,-0.43568268890191403,0.008720475454079262
43004,oracle_event_oracle_qr,3218,2,110,16,1,-0.43568268890191403,0.008720475454079262
43004,oracle_event_oracle_qr,3220,2,110,1,1,-0.11106966918951144,0.016208005071293975
43004,oracle_event_oracle_qr,3220,2,110,4,4,0.10182809439925361,0.006291438823580887
43004,oracle_event_oracle_qr,3220,2,110,8,8,-0.15181022678508363,0.008246851686811378
43004,oracle_event_oracle_qr,3220,2,110,16,16,0.18681314215974582,0.00609467894629999
43004,oracle_event_oracle_qr,3238,2,110,1,1,-0.43262495623095637,0.014909143645424516
43004,oracle_event_oracle_qr,3238,2,110,4,4,-0.12322973316403003,0.007649808138220597
43004,oracle_event_oracle_qr,3238,2,110,8,8,0.08033019542569139,0.012128277560573913
43004,oracle_event_oracle_qr,3238,2,110,16,16,-0.040310416609686095,0.011079339263366687
43004,oracle_event_oracle_qr,3459,3,101,1,1,2.599999612660446,0.33365782323733484
43004,oracle_event_oracle_qr,3459,3,101,4,4,1.7850909298588231,0.09867001865540927
43004,oracle_event_oracle_qr,3459,3,101,8,8,1.6629356342121815,0.056473786962634775
43004,oracle_event_oracle_qr,3459,3,101,16,16,1.0707794216380555,0.029342656948758632
43004,oracle_event_oracle_qr,3500,3,101,1,1,0.3673441890909065,0.014005371657204424
43004,oracle_event_oracle_qr,3500,3,101,4,4,0.7142294875725622,0.04462251728821186
43004,oracle_event_oracle_qr,3500,3,101,8,8,0.42565682113385894,0.05475266302515092
43004,oracle_event_oracle_qr,3500,3,101,16,13,0.47422073086850297,0.04135807634981043
43004,oracle_event_oracle_qr,3515,3,101,1,1,0.49775620750152044,0.011467167629688356
43004,oracle_event_oracle_qr,3515,3,101,4,3,0.5530423248434585,0.04141135265412486
43004,oracle_event_oracle_qr,3515,3,101,8,3,0.5530423248434585,0.04141135265412486
43004,oracle_event_oracle_qr,3515,3,101,16,3,0.5530423248434585,0.04141135265412486
43004,oracle_event_oracle_qr,3519,3,101,1,1,0.3613094393934648,0.001970096417156026
43004,oracle_event_oracle_qr,3519,3,101,4,4,0.25237593954365634,0.009012180610468528
43004,oracle_event_oracle_qr,3519,3,101,8,7,0.27005597971463924,0.015596002298010002
43004,oracle_event_oracle_qr,3519,3,101,16,7,0.27005597971463924,0.015596002298010002
43004,oracle_event_oracle_qr,3527,3,101,1,1,0.9018616484646346,0.061009206387780374
43004,oracle_event_oracle_qr,3527,3,101,4,4,0.9852177951123479,0.020580136600769322
43004,oracle_event_oracle_qr,3527,3,101,8,8,0.6074800444104362,0.012667806298417243
43004,oracle_event_oracle_qr,3527,3,101,16,16,0.4865583889699387,0.00955475509868267
43004,oracle_event_oracle_qr,3569,3,101,1,1,0.4210040948219493,0.48967253602462557
43004,oracle_event_oracle_qr,3569,3,101,4,4,0.655875676196697,0.2344411382390909
43004,oracle_event_oracle_qr,3569,3,101,8,8,0.5631825427851609,0.13123223459417743
43004,oracle_event_oracle_qr,3569,3,101,16,12,0.6225802113873576,0.09181701010434068
43004,oracle_event_oracle_qr,3582,3,101,1,1,0.8843429939935128,0.09341452173887725
43004,oracle_event_oracle_qr,3582,3,101,4,4,0.411849842485749,0.10399131885527649
43004,oracle_event_oracle_qr,3582,3,101,8,8,0.7301061051238933,0.06757227486387013
43004,oracle_event_oracle_qr,3582,3,101,16,16,0.6322039990491862,0.042080405373535426
43004,oracle_event_oracle_qr,3606,3,101,1,1,1.2397450575183098,0.04211752712215299
43004,oracle_event_oracle_qr,3606,3,101,4,4,0.6329928933892568,0.06809543607725867
43004,oracle_event_oracle_qr,3606,3,101,8,8,0.7092774504152348,0.04755371244051945
43004,oracle_event_oracle_qr,3606,3,101,16,15,0.7122092974388166,0.03949803494821534
43004,oracle_event_oracle_qr,3622,3,111,1,1,1.2799398225304424,0.02840667948607466
43004,oracle_event_oracle_qr,3622,3,111,4,4,0.6478957956528413,0.02932205713796015
43004,oracle_event_oracle_qr,3622,3,111,8,8,0.6139803280181475,0.04404788234387931
43004,oracle_event_oracle_qr,3622,3,111,16,13,0.8316957249683387,0.03832407597784101
43004,oracle_event_oracle_qr,3636,3,111,1,1,0.758630255266309,0.004692953777089676
43004,oracle_event_oracle_qr,3636,3,111,4,4,0.5269892082182907,0.01863853429266633
43004,oracle_event_oracle_qr,3636,3,111,8,8,0.5631278939519005,0.031493506734931905
43004,oracle_event_oracle_qr,3636,3,111,16,16,0.5332627695235246,0.08939813226164223
43004,oracle_event_oracle_qr,3655,3,111,1,1,0.7963751282388247,0.08011897080654412
43004,oracle_event_oracle_qr,3655,3,111,4,4,0.6133639239818693,0.06695212541710716
43004,oracle_event_oracle_qr,3655,3,111,8,6,0.6631668786106958,0.060952594663921035
43004,oracle_event_oracle_qr,3655,3,111,16,6,0.6631668786106958,0.060952594663921035
43004,oracle_event_oracle_qr,3662,3,111,1,1,0.48663254026352903,0.040460704100699844
43004,oracle_event_oracle_qr,3662,3,111,4,4,0.8461432927388555,0.018158494724730016
43004,oracle_event_oracle_qr,3662,3,111,8,8,0.6964361366484493,0.06426851276266099
43004,oracle_event_oracle_qr,3662,3,111,16,16,0.5719784838145213,0.04434443115865136
43004,oracle_event_oracle_qr,3680,3,111,1,1,1.5405832331310982,0.0941769369431982
43004,oracle_event_oracle_qr,3680,3,111,4,4,0.8529817224564531,0.09911669189221133
43004,oracle_event_oracle_qr,3680,3,111,8,8,0.8246204401358914,0.1100939766285075
43004,oracle_event_oracle_qr,3680,3,111,16,16,0.9006936014059319,0.07071315322400898
43004,oracle_event_oracle_qr,3714,3,111,1,1,0.41524716332576206,0.0037491894713332797
43004,oracle_event_oracle_qr,3714,3,111,4,4,0.5867481112001226,0.05298962376636758
43004,oracle_event_oracle_qr,3714,3,111,8,8,0.7623719734243872,0.05040030627517975
43004,oracle_event_oracle_qr,3714,3,111,16,16,0.7940809214800901,0.03213916406341208
43004,oracle_event_oracle_qr,3765,3,111,1,1,1.2883083469337124,0.3272322168589447
43004,oracle_event_oracle_qr,3765,3,111,4,1,1.2883083469337124,0.3272322168589447
43004,oracle_event_oracle_qr,3765,3,111,8,1,1.2883083469337124,0.3272322168589447
43004,oracle_event_oracle_qr,3765,3,111,16,1,1.2883083469337124,0.3272322168589447
43004,oracle_event_oracle_qr,3767,3,111,1,1,0.9916967560542234,0.00867291565324097
43004,oracle_event_oracle_qr,3767,3,111,4,4,0.8825525457382992,0.11704605199355075
43004,oracle_event_oracle_qr,3767,3,111,8,8,0.6488440806600344,0.0810713558618433
43004,oracle_event_oracle_qr,3767,3,111,16,12,0.6816024769972322,0.07815161470411092
43004,oracle_event_oracle_qr,3780,3,111,1,1,0.4224035268814128,0.003795669422714874
43004,oracle_event_oracle_qr,3780,3,111,4,4,0.6265261921864832,0.020335063669780617
43004,oracle_event_oracle_qr,3780,3,111,8,8,0.568124316702892,0.01669347868089557
43004,oracle_event_oracle_qr,3780,3,111,16,16,0.6966327051277154,0.06911361530854808
43004,oracle_event_oracle_qr,3883,3,111,1,1,0.6627540189107328,0.04372385911638195
43004,oracle_event_oracle_qr,3883,3,111,4,4,0.7412129993366439,0.023252182263527068
43004,oracle_event_oracle_qr,3883,3,111,8,5,0.6771561458779591,0.025225381346019555
43004,oracle_event_oracle_qr,3883,3,111,16,5,0.6771561458779591,0.025225381346019555
43004,oracle_event_oracle_qr,3889,3,111,1,1,0.43057196554674726,0.022963278859510224
43004,oracle_event_oracle_qr,3889,3,111,4,4,0.5177093638203158,0.022628716678504048
43004,oracle_event_oracle_qr,3889,3,111,8,8,0.6864822932429662,0.03579551708688864
43004,oracle_event_oracle_qr,3889,3,111,16,14,0.5854973758878902,0.032185196410958114
43004,oracle_event_oracle_qr,3904,3,111,1,1,0.8752173351354782,1.6555922468345352e-05
43004,oracle_event_oracle_qr,3904,3,111,4,4,0.9043951899288198,0.07916286798974453
43004,oracle_event_oracle_qr,3904,3,111,8,8,0.8898617241249586,0.0761434089737196
43004,oracle_event_oracle_qr,3904,3,111,16,16,0.883532343888493,0.046794791014763804
43004,oracle_event_oracle_qr,3966,3,111,1,1,1.8445884592965311,0.0009884074731136832
43004,oracle_event_oracle_qr,3966,3,111,4,4,0.7302557850387458,0.006368072009456578
43004,oracle_event_oracle_qr,3966,3,111,8,8,0.23083110629581188,0.009722718259435577
43004,oracle_event_oracle_qr,3966,3,111,16,16,-0.036646462677770636,0.007271371258808857
43004,oracle_event_oracle_qr,3990,3,110,1,1,0.3370340510949425,0.013300409991643565
43004,oracle_event_oracle_qr,3990,3,110,4,4,0.18921619169148574,0.00962964054994485
43004,oracle_event_oracle_qr,3990,3,110,8,8,0.4168134214994103,0.01283185888784467
43004,oracle_event_oracle_qr,3990,3,110,16,16,0.5283976575047424,0.009334764539393251
43004,oracle_event_oracle_qr,4129,3,101,1,1,1.711727556393475,0.08559874791593411
43004,oracle_event_oracle_qr,4129,3,101,4,4,0.6550742425051328,0.05445573883522558
43004,oracle_event_oracle_qr,4129,3,101,8,8,0.5364317285113974,0.03441830890538488
43004,oracle_event_oracle_qr,4129,3,101,16,16,0.6431336735122529,0.023277013668756938
43004,oracle_event_oracle_qr,4156,3,101,1,1,0.6324366689066379,0.001966210338517268
43004,oracle_event_oracle_qr,4156,3,101,4,4,0.6406570713079475,0.034619471102983815
43004,oracle_event_oracle_qr,4156,3,101,8,8,0.4288689914645221,0.032561959897410814
43004,oracle_event_oracle_qr,4156,3,101,16,16,0.34352184333256686,0.019928492184866614
43004,oracle_event_oracle_qr,4207,3,101,1,1,0.3626855560615776,0.00177924345938129
43004,oracle_event_oracle_qr,4207,3,101,4,4,0.5069631353064846,0.008357333561146237
43004,oracle_event_oracle_qr,4207,3,101,8,8,0.3322956655054905,0.0324742134433696
43004,oracle_event_oracle_qr,4207,3,101,16,15,0.7505268189886626,0.09054676129714509
43004,oracle_event_oracle_qr,4223,3,101,1,1,0.6291239919842834,0.0715344530245962
43004,oracle_event_oracle_qr,4223,3,101,4,4,0.3444506446769131,0.06591097049277209
43004,oracle_event_oracle_qr,4223,3,101,8,7,0.4450677921854326,0.03988652353477088
43004,oracle_event_oracle_qr,4223,3,101,16,7,0.4450677921854326,0.03988652353477088
43004,oracle_event_oracle_qr,4231,3,101,1,1,1.043013153587526,0.04454891081664727
43004,oracle_event_oracle_qr,4231,3,101,4,4,0.523448287892992,0.018672284302727347
43004,oracle_event_oracle_qr,4231,3,101,8,8,0.4169129349781408,0.022669471787793934
43004,oracle_event_oracle_qr,4231,3,101,16,16,0.7649177794004751,0.015051005918095444
43004,oracle_event_oracle_qr,4266,3,110,1,1,0.6670952317258911,0.003942327522252326
43004,oracle_event_oracle_qr,4266,3,110,4,4,0.4275081923295689,0.006802594545602852
43004,oracle_event_oracle_qr,4266,3,110,8,8,0.11320399486161786,0.005841380232910665
43004,oracle_event_oracle_qr,4266,3,110,16,8,0.11320399486161786,0.005841380232910665
43004,oracle_event_oracle_qr,4275,3,110,1,1,-0.3267836559309675,0.0033857550873260425
43004,oracle_event_oracle_qr,4275,3,110,4,1,-0.3267836559309675,0.0033857550873260425
43004,oracle_event_oracle_qr,4275,3,110,8,1,-0.3267836559309675,0.0033857550873260425
43004,oracle_event_oracle_qr,4275,3,110,16,1,-0.3267836559309675,0.0033857550873260425
43004,oracle_event_oracle_qr,4277,3,110,1,1,-0.4234995593553396,1.3469373669134225e-05
43004,oracle_event_oracle_qr,4277,3,110,4,4,1.2092748521281116,0.00995957812984583
43004,oracle_event_oracle_qr,4277,3,110,8,8,0.47646264297412355,0.008298422655076049
43004,oracle_event_oracle_qr,4277,3,110,16,11,0.2348203928717685,0.006996432704634276
43004,oracle_event_oracle_qr,4289,3,110,1,1,0.1163139696902467,0.013077063303565525
43004,oracle_event_oracle_qr,4289,3,110,4,4,0.0293363038986295,0.006964130537688229
43004,oracle_event_oracle_qr,4289,3,110,8,8,0.5706030030199395,0.010719077611795075
43004,oracle_event_oracle_qr,4289,3,110,16,11,0.42019413614264417,0.012824592218775915
43004,oracle_event_oracle_qr,4301,3,110,1,1,-0.3398622226244171,0.0016964620184878978
43004,oracle_event_oracle_qr,4301,3,110,4,4,0.04706891182915858,0.006255089802230879
43004,oracle_event_oracle_qr,4301,3,110,8,8,-0.023042794680246705,0.006732760377865982
43004,oracle_event_oracle_qr,4301,3,110,16,16,0.24675371820928288,0.005404517690002485
43004,oracle_event_oracle_qr,4318,3,110,1,1,-0.35286903274022513,0.011992515555169423
43004,oracle_event_oracle_qr,4318,3,110,4,4,-0.2964449865979942,0.014622461752814238
43004,oracle_event_oracle_qr,4318,3,110,8,8,-0.06501211137539523,0.012872434767531032
43004,oracle_event_oracle_qr,4318,3,110,16,8,-0.06501211137539523,0.012872434767531032
43004,oracle_event_oracle_qr,4327,3,110,1,1,-0.46297893282739205,0.0009606199404684398
43004,oracle_event_oracle_qr,4327,3,110,4,4,-0.3994261530646168,0.002277920851591526
43004,oracle_event_oracle_qr,4327,3,110,8,8,0.09302255603080534,0.005774649560819866
43004,oracle_event_oracle_qr,4327,3,110,16,16,-0.11078450758202008,0.005743166628353834
43004,oracle_event_oracle_qr,4349,3,110,1,1,-0.3625730940980109,0.00011877651267215991
43004,oracle_event_oracle_qr,4349,3,110,4,4,-0.28377622249623236,0.0031708846213425613
43004,oracle_event_oracle_qr,4349,3,110,8,8,-0.3703826239382926,0.011170592242480331
43004,oracle_event_oracle_qr,4349,3,110,16,16,-0.2169978379018436,0.008277373698457408
43004,oracle_event_oracle_qr,4379,3,110,1,1,-0.4198173769550484,0.009019387120693412
43004,oracle_event_oracle_qr,4379,3,110,4,4,0.23547744317501423,0.004531243784316228
43004,oracle_event_oracle_qr,4379,3,110,8,8,0.018408821309811918,0.006698115404214878
43004,oracle_event_oracle_qr,4379,3,110,16,16,0.22980849372320342,0.006207599205819987
43004,oracle_event_oracle_qr,4430,3,110,1,1,-0.3490609074944329,0.001286665175167439
43004,oracle_event_oracle_qr,4430,3,110,4,4,0.4994450844282975,0.013028108458564044
43004,oracle_event_oracle_qr,4430,3,110,8,8,0.2845964877207037,0.007260823261504434
43004,oracle_event_oracle_qr,4430,3,110,16,16,-0.024817205414471584,0.011517826228165096
43004,oracle_event_oracle_qr,4447,3,110,1,1,-0.17349313862183985,0.0003074210311108745
43004,oracle_event_oracle_qr,4447,3,110,4,4,-0.28278350520034634,0.0015720664725394889
43004,oracle_event_oracle_qr,4447,3,110,8,8,-0.1673851833257216,0.010130676600588154
43004,oracle_event_oracle_qr,4447,3,110,16,16,-0.14277690637082835,0.006898495377468463
43004,oracle_event_oracle_qr,4475,3,110,1,1,-0.2213085483890784,0.007262630024702747
43004,oracle_event_oracle_qr,4475,3,110,4,3,0.18594899338629023,0.005766244785561809
43004,oracle_event_oracle_qr,4475,3,110,8,3,0.18594899338629023,0.005766244785561809
43004,oracle_event_oracle_qr,4475,3,110,16,3,0.18594899338629023,0.005766244785561809
43004,oracle_event_oracle_qr,4479,3,110,1,1,0.272694110808988,0.005684322230454439
43004,oracle_event_oracle_qr,4479,3,110,4,4,0.31109247580443455,0.06555658862610457
43004,oracle_event_oracle_qr,4479,3,110,8,8,0.6447621140506552,0.038404134587251046
43004,oracle_event_oracle_qr,4479,3,110,16,16,0.814060143299113,0.038886796081554105
43004,oracle_event_oracle_qr,4512,3,011,1,1,0.8657644340627674,0.24221364061330006
43004,oracle_event_oracle_qr,4512,3,011,4,4,0.8807911861824095,0.16223584716349457
43004,oracle_event_oracle_qr,4512,3,011,8,8,1.0971371535195127,0.08815013616840214
43004,oracle_event_oracle_qr,4512,3,011,16,16,0.8696880269322749,0.10891407407552245
43004,h_plus_total_variance,27,0,110,1,1,0.7190143995860515,0.016309246300905786
43004,h_plus_total_variance,27,0,110,4,4,-0.20544334881366244,0.005877318041130834
43004,h_plus_total_variance,27,0,110,8,4,-0.20544334881366244,0.005877318041130834
43004,h_plus_total_variance,27,0,110,16,4,-0.20544334881366244,0.005877318041130834
43004,h_plus_total_variance,32,0,110,1,1,-0.034290871644670415,0.0024348126145963844
43004,h_plus_total_variance,32,0,110,4,4,0.12581954215462904,0.03027812676606953
43004,h_plus_total_variance,32,0,110,8,8,0.10404458439287276,0.03766240446687667
43004,h_plus_total_variance,32,0,110,16,11,0.4325371553780336,0.047173873634532695
43004,h_plus_total_variance,44,0,110,1,1,-0.5549059342767363,0.009947534105896215
43004,h_plus_total_variance,44,0,110,4,4,0.6983016857705784,0.015233593443986325
43004,h_plus_total_variance,44,0,110,8,8,1.1036645636124827,0.029609536348123057
43004,h_plus_total_variance,44,0,110,16,11,0.704868405309374,0.022174792219490043
43004,h_plus_total_variance,56,0,110,1,1,0.7145964970792368,0.005877024463098831
43004,h_plus_total_variance,56,0,110,4,4,0.3616370532217965,0.018373412410903758
43004,h_plus_total_variance,56,0,110,8,8,0.8352932940304137,0.047683294590253625
43004,h_plus_total_variance,56,0,110,16,8,0.8352932940304137,0.047683294590253625
43004,h_plus_total_variance,65,0,110,1,1,-0.1329175839175508,0.011800338591534704
43004,h_plus_total_variance,65,0,110,4,2,0.122249681839795,0.020262923583561555
43004,h_plus_total_variance,65,0,110,8,2,0.122249681839795,0.020262923583561555
43004,h_plus_total_variance,65,0,110,16,2,0.122249681839795,0.020262923583561555
43004,h_plus_total_variance,68,0,110,1,1,-0.5090285550628377,0.00021994092940583036
43004,h_plus_total_variance,68,0,110,4,4,-0.34130074200181526,0.0044473944025988765
43004,h_plus_total_variance,68,0,110,8,8,0.2845296741952588,0.04395095428234377
43004,h_plus_total_variance,68,0,110,16,16,0.20101941774020493,0.03481249199506795
43004,h_plus_total_variance,88,0,110,1,1,1.0553440620644319,0.01748755502492842
43004,h_plus_total_variance,88,0,110,4,4,0.2960283426315453,0.019377659408188166
43004,h_plus_total_variance,88,0,110,8,8,-0.06271351059931451,0.01223382618557644
43004,h_plus_total_variance,88,0,110,16,16,-0.2850902945706836,0.008115719967345862
43004,h_plus_total_variance,119,0,110,1,1,0.034544007793537605,0.052832800270423225
43004,h_plus_total_variance,119,0,110,4,4,0.9225768604840116,0.01664881163629785
43004,h_plus_total_variance,119,0,110,8,7,0.2842407063785656,0.01114696093805816
43004,h_plus_total_variance,119,0,110,16,7,0.2842407063785656,0.01114696093805816
43004,h_plus_total_variance,127,0,110,1,1,0.005255912530562748,0.0007186310389590322
43004,h_plus_total_variance,127,0,110,4,4,0.5899053102373695,0.00918804809805787
43004,h_plus_total_variance,127,0,110,8,8,2.126394423911406,0.11471383094849265
43004,h_plus_total_variance,127,0,110,16,16,1.802539194283542,0.12692579134059653
43004,h_plus_total_variance,153,0,011,1,1,0.1722034020436501,0.082002004114962
43004,h_plus_total_variance,153,0,011,4,4,1.9845173460424816,0.038955075981287585
43004,h_plus_total_variance,153,0,011,8,8,1.9003624491219504,0.05021265944775675
43004,h_plus_total_variance,153,0,011,16,16,1.6286127332766696,0.08628751474729082
43004,h_plus_total_variance,276,0,110,1,1,0.1612261255407371,0.04392054648567949
43004,h_plus_total_variance,276,0,110,4,4,0.023206270123519404,0.017981261860289754
43004,h_plus_total_variance,276,0,110,8,8,0.0574852771903183,0.024206996444405583
43004,h_plus_total_variance,276,0,110,16,16,0.05952305385065389,0.019753033392755925
43004,h_plus_total_variance,311,0,110,1,1,-0.472798220883808,0.019434490494484806
43004,h_plus_total_variance,311,0,110,4,4,-0.17532686679281956,0.008146406377006291
43004,h_plus_total_variance,311,0,110,8,8,0.08734122342884046,0.008180621285846689
43004,h_plus_total_variance,311,0,110,16,11,0.0014857049286193448,0.009275777883892512
43004,h_plus_total_variance,323,0,110,1,1,-0.2173063156323147,0.0060525890918391966
43004,h_plus_total_variance,323,0,110,4,2,-0.35343084643452316,0.004210463775234759
43004,h_plus_total_variance,323,0,110,8,2,-0.35343084643452316,0.004210463775234759
43004,h_plus_total_variance,323,0,110,16,2,-0.35343084643452316,0.004210463775234759
43004,h_plus_total_variance,326,0,110,1,1,0.8515463440868689,0.03834518836085751
43004,h_plus_total_variance,326,0,110,4,4,-0.20629527325441144,0.01391079888163095
43004,h_plus_total_variance,326,0,110,8,6,-0.3439717582327189,0.010818165081377519
43004,h_plus_total_variance,326,0,110,16,6,-0.3439717582327189,0.010818165081377519
43004,h_plus_total_variance,333,0,110,1,1,3.939814922317437,0.06348419762863161
43004,h_plus_total_variance,333,0,110,4,4,0.7950474361236961,0.021457834180872132
43004,h_plus_total_variance,333,0,110,8,5,0.6346557041336301,0.027543974770472313
43004,h_plus_total_variance,333,0,110,16,5,0.6346557041336301,0.027543974770472313
43004,h_plus_total_variance,339,0,110,1,1,-0.43774026913557945,8.168257076129801e-05
43004,h_plus_total_variance,339,0,110,4,4,-0.5123503640677228,0.00860599566243078
43004,h_plus_total_variance,339,0,110,8,4,-0.5123503640677228,0.00860599566243078
43004,h_plus_total_variance,339,0,110,16,4,-0.5123503640677228,0.00860599566243078
43004,h_plus_total_variance,344,0,110,1,1,-0.5262167015897686,0.019283085789579112
43004,h_plus_total_variance,344,0,110,4,4,0.8799596990335425,0.009898569742513082
43004,h_plus_total_variance,344,0,110,8,8,0.3061733636581122,0.00851661446541212
43004,h_plus_total_variance,344,0,110,16,16,0.5313123970112845,0.014310367391189014
43004,h_plus_total_variance,396,0,101,1,1,0.8068026048606483,0.2644070921757506
43004,h_plus_total_variance,396,0,101,4,2,1.650587996842153,0.13268363080785642
43004,h_plus_total_variance,396,0,101,8,2,1.650587996842153,0.13268363080785642
43004,h_plus_total_variance,396,0,101,16,2,1.650587996842153,0.13268363080785642
43004,h_plus_total_variance,399,0,101,1,1,0.2851694884456592,0.08980068162997132
43004,h_plus_total_variance,399,0,101,4,4,0.31049553811303954,0.08255338209264873
43004,h_plus_total_variance,399,0,101,8,8,0.2518763741279498,0.04481021331470652
43004,h_plus_total_variance,399,0,101,16,16,0.5670487494412314,0.03805741048074581
43004,h_plus_total_variance,434,0,101,1,1,0.5032562797940253,0.5836293326335492
43004,h_plus_total_variance,434,0,101,4,4,2.545404364154925,0.23716487872917974
43004,h_plus_total_variance,434,0,101,8,4,2.545404364154925,0.23716487872917974
43004,h_plus_total_variance,434,0,101,16,4,2.545404364154925,0.23716487872917974
43004,h_plus_total_variance,439,0,101,1,1,1.4818489914485686,0.14637345431875043
43004,h_plus_total_variance,439,0,101,4,4,0.9519870222016759,0.05507005290116502
43004,h_plus_total_variance,439,0,101,8,8,0.7278059239458988,0.03305212438882135
43004,h_plus_total_variance,439,0,101,16,16,0.5152680568318023,0.020596664997696367
43004,h_plus_total_variance,463,0,101,1,1,0.4872914755688565,0.03101997894064859
43004,h_plus_total_variance,463,0,101,4,4,0.986069491983471,0.06224463336450475
43004,h_plus_total_variance,463,0,101,8,8,0.8053711312084901,0.04470553723554884
43004,h_plus_total_variance,463,0,101,16,11,0.9435407604029348,0.046385316848119425
43004,h_plus_total_variance,475,0,101,1,1,3.6540371546996555,0.0037369529664646847
43004,h_plus_total_variance,475,0,101,4,4,1.440945405523238,0.11019763332070835
43004,h_plus_total_variance,475,0,101,8,8,1.2544631770202892,0.10384372752641949
43004,h_plus_total_variance,475,0,101,16,10,1.1993248563871206,0.08520540245978968
43004,h_plus_total_variance,486,0,101,1,1,0.6516998506377896,4.160668251529586e-05
43004,h_plus_total_variance,486,0,101,4,4,0.7329251521783134,0.026920962076034928
43004,h_plus_total_variance,486,0,101,8,8,0.8179133599753254,0.07324702242128822
43004,h_plus_total_variance,486,0,101,16,16,0.8084008010584467,0.053235998752677274
43004,h_plus_total_variance,504,0,101,1,1,1.2191058755073916,0.08299873706495453
43004,h_plus_total_variance,504,0,101,4,4,0.6712585658232204,0.02853014845404436
43004,h_plus_total_variance,504,0,101,8,8,0.7712111122637368,0.045398180151928584
43004,h_plus_total_variance,504,0,101,16,9,0.8605800563516005,0.04258217147231307
43004,h_plus_total_variance,514,0,101,1,1,0.46005456781082954,0.3231489639482321
43004,h_plus_total_variance,514,0,101,4,4,0.9260940777910113,0.08486018411977464
43004,h_plus_total_variance,514,0,101,8,8,0.7588776926888425,0.07175632715031513
43004,h_plus_total_variance,514,0,101,16,16,0.8352925470022008,0.08673324517039832
43004,h_plus_total_variance,535,0,101,1,1,1.743931632586136,0.04094439920657688
43004,h_plus_total_variance,535,0,101,4,4,0.8462573976096204,0.07342607461765441
43004,h_plus_total_variance,535,0,101,8,8,0.6613564843211295,0.07160620744564118
43004,h_plus_total_variance,535,0,101,16,13,0.5544182308373827,0.05968947968827887
43004,h_plus_total_variance,549,0,101,1,1,0.5129294113196671,0.0003712618144373659
43004,h_plus_total_variance,549,0,101,4,4,0.46706026755529395,0.010393294464843024
43004,h_plus_total_variance,549,0,101,8,8,0.6867073920891528,0.04204862160718621
43004,h_plus_total_variance,549,0,101,16,10,0.6198590184406896,0.037763163867327074
43004,h_plus_total_variance,561,0,101,1,1,3.6075620613215174,0.009165613474680452
43004,h_plus_total_variance,561,0,101,4,4,1.8678129980473381,0.06485560450615897
43004,h_plus_total_variance,561,0,101,8,8,1.3827766301579723,0.05519991255148066
43004,h_plus_total_variance,561,0,101,16,16,1.0634831711901434,0.0710717693939009
43004,h_plus_total_variance,585,0,101,1,1,0.4179339720751071,0.4566200321807498
43004,h_plus_total_variance,585,0,101,4,2,0.40384720303399513,0.46159717913874265
43004,h_plus_total_variance,585,0,101,8,2,0.40384720303399513,0.46159717913874265
43004,h_plus_total_variance,585,0,101,16,2,0.40384720303399513,0.46159717913874265
43004,h_plus_total_variance,588,0,101,1,1,0.7425738383291919,0.02080756666923756
43004,h_plus_total_variance,588,0,101,4,3,0.5507629482066015,0.008428854873272745
43004,h_plus_total_variance,588,0,101,8,3,0.5507629482066015,0.008428854873272745
43004,h_plus_total_variance,588,0,101,16,3,0.5507629482066015,0.008428854873272745
43004,h_plus_total_variance,592,0,101,1,1,0.44144758595796063,0.029058679780450018
43004,h_plus_total_variance,592,0,101,4,4,0.4775284854955855,0.0792129177752216
43004,h_plus_total_variance,592,0,101,8,8,0.508921748298143,0.048813661352956055
43004,h_plus_total_variance,592,0,101,16,16,0.6981793397591938,0.059175961102376454
43004,h_plus_total_variance,611,0,101,1,1,0.8099432169568209,0.048789315592971186
43004,h_plus_total_variance,611,0,101,4,4,0.5817752909262183,0.020691480365538358
43004,h_plus_total_variance,611,0,101,8,8,0.5813995136737808,0.037040551922042295
43004,h_plus_total_variance,611,0,101,16,13,0.48276876050221545,0.031332147576972474
43004,h_plus_total_variance,625,0,101,1,1,0.7415229674654215,0.5269666772063031
43004,h_plus_total_variance,625,0,101,4,4,0.7100359480829017,0.25471635191744996
43004,h_plus_total_variance,625,0,101,8,8,0.6417901582267052,0.18024011676726753
43004,h_plus_total_variance,625,0,101,16,16,0.8485060324250356,0.10213193383963196
43004,h_plus_total_variance,644,0,111,1,1,0.6607638960830147,0.06472027922258271
43004,h_plus_total_variance,644,0,111,4,4,0.609983031122215,0.02531730821397705
43004,h_plus_total_variance,644,0,111,8,8,0.8163775172022056,0.019497695285588514
43004,h_plus_total_variance,644,0,111,16,16,0.8699464029996458,0.026478460082212472
43004,h_plus_total_variance,682,0,111,1,1,0.6745281833241434,0.7207267137596074
43004,h_plus_total_variance,682,0,111,4,4,0.8198807677983792,0.24571191280915314
43004,h_plus_total_variance,682,0,111,8,8,0.652779328585072,0.13047398642798086
43004,h_plus_total_variance,682,0,111,16,16,0.6773265093165937,0.10255843695839602
43004,h_plus_total_variance,706,0,111,1,1,0.5457803622163931,0.8462026380496186
43004,h_plus_total_variance,706,0,111,4,4,1.1067857020679783,0.5862166587467041
43004,h_plus_total_variance,706,0,111,8,8,1.1579549900696242,0.3108488303620106
43004,h_plus_total_variance,706,0,111,16,11,1.0930696283768055,0.24980944117585138
43004,h_plus_total_variance,718,0,111,1,1,0.5613453317175277,0.03880634563890515
43004,h_plus_total_variance,718,0,111,4,4,0.9872705742907916,0.04837989566122238
43004,h_plus_total_variance,718,0,111,8,8,0.7666790217157116,0.055849419460760004
43004,h_plus_total_variance,718,0,111,16,16,0.7572014122197793,0.05479781981258356
43004,h_plus_total_variance,740,0,111,1,1,0.7265846154444403,0.017181433161559997
43004,h_plus_total_variance,740,0,111,4,4,0.6437204479316405,0.04663179065494324
43004,h_plus_total_variance,740,0,111,8,8,1.182919160297065,0.06839188440699749
43004,h_plus_total_variance,740,0,111,16,16,1.1329147909510535,0.0458335657084041
43004,h_plus_total_variance,758,0,111,1,1,0.5401089936217198,0.07745840070891025
43004,h_plus_total_variance,758,0,111,4,4,1.2707771937534382,0.11172278264712111
43004,h_plus_total_variance,758,0,111,8,8,1.1436325167992085,0.11004358804103276
43004,h_plus_total_variance,758,0,111,16,16,0.9385908886546366,0.0709303422354636
43004,h_plus_total_variance,937,0,111,1,1,0.9170092675638546,0.005694890769949465
43004,h_plus_total_variance,937,0,111,4,4,0.6644243036209145,0.0069319828252656325
43004,h_plus_total_variance,937,0,111,8,8,0.7176607667054371,0.03616133606716604
43004,h_plus_total_variance,937,0,111,16,16,0.7967735613467887,0.0418662262415269
43004,h_plus_total_variance,987,0,111,1,1,0.8981879267142081,0.07379534411034647
43004,h_plus_total_variance,987,0,111,4,4,0.4340848794176644,0.10476017977477613
43004,h_plus_total_variance,987,0,111,8,8,0.3981254302293338,0.06187764776435971
43004,h_plus_total_variance,987,0,111,16,16,0.9965289385160141,0.05173087863027454
43004,h_plus_total_variance,1049,0,111,1,1,0.5929703043193312,0.08144252847222246
43004,h_plus_total_variance,1049,0,111,4,4,0.7787486677338863,0.06808038150557964
43004,h_plus_total_variance,1049,0,111,8,8,0.5634477246627312,0.04233913494707076
43004,h_plus_total_variance,1049,0,111,16,15,0.6749354036279865,0.11727945442768958
43004,h_plus_total_variance,1065,0,111,1,1,0.6774834909945258,0.043359859366401174
43004,h_plus_total_variance,1065,0,111,4,4,1.0365594493056296,0.01771292845397146
43004,h_plus_total_variance,1065,0,111,8,8,0.8257861274410331,0.051128844020521466
43004,h_plus_total_variance,1065,0,111,16,15,0.9110028208018425,0.04480494459169326
43004,h_plus_total_variance,1082,0,111,1,1,0.623041927866731,0.004917982739792513
43004,h_plus_total_variance,1082,0,111,4,4,0.5763606377664142,0.06636373930569361
43004,h_plus_total_variance,1082,0,111,8,8,0.3606315056958513,0.04290189357254138
43004,h_plus_total_variance,1082,0,111,16,16,0.22028498617115885,0.028659912120276496
43004,h_plus_total_variance,1115,0,110,1,1,-0.034430032415213335,2.2204873980244502e-05
43004,h_plus_total_variance,1115,0,110,4,4,0.23786672357186056,0.004945132315796811
43004,h_plus_total_variance,1115,0,110,8,8,0.29001562116678836,0.01374739888927712
43004,h_plus_total_variance,1115,0,110,16,13,0.3538119002075877,0.015849766427291082
43004,h_plus_total_variance,1129,0,110,1,1,-0.2610964655769089,0.0025004133451020324
43004,h_plus_total_variance,1129,0,110,4,4,-0.17537965072106892,0.043084583581995226
43004,h_plus_total_variance,1129,0,110,8,5,-0.055982261260000964,0.03895471088190021
43004,h_plus_total_variance,1129,0,110,16,5,-0.055982261260000964,0.03895471088190021
43004,h_plus_total_variance,1135,0,110,1,1,0.5005490768496326,0.00021711667689024313
43004,h_plus_total_variance,1135,0,110,4,4,0.37695878916858494,0.01637937285046174
43004,h_plus_total_variance,1135,0,110,8,6,0.3452931938203551,0.026024015060922487
43004,h_plus_total_variance,1135,0,110,16,6,0.3452931938203551,0.026024015060922487
43004,h_plus_total_variance,1142,0,110,1,1,-0.11640313045188985,0.02710691928042641
43004,h_plus_total_variance,1142,0,110,4,4,0.20385799563923432,0.013908329559438937
43004,h_plus_total_variance,1142,0,110,8,8,0.13731386472861298,0.017993443641496416
43004,h_plus_total_variance,1142,0,110,16,9,0.07726274314652236,0.016004342825812087
43004,h_plus_total_variance,1165,1,111,1,1,0.3624199549206629,0.03922215161883588
43004,h_plus_total_variance,1165,1,111,4,4,0.4108350574115443,0.038590033420217086
43004,h_plus_total_variance,1165,1,111,8,8,0.7872396182736641,0.032881745829692895
43004,h_plus_total_variance,1165,1,111,16,16,0.7134572680567975,0.04204921884332794
43004,h_plus_total_variance,1208,1,111,1,1,5.798842897402807,0.5165313184486978
43004,h_plus_total_variance,1208,1,111,4,4,2.2923664189393906,0.2711459925388047
43004,h_plus_total_variance,1208,1,111,8,8,1.3691390537772263,0.15209969766129505
43004,h_plus_total_variance,1208,1,111,16,16,0.9787762521695209,0.0974385830114832
43004,h_plus_total_variance,1234,1,111,1,1,0.4964035584035724,0.20747634340623
43004,h_plus_total_variance,1234,1,111,4,4,0.6011978276852806,0.1290434179544478
43004,h_plus_total_variance,1234,1,111,8,8,0.5031366852660992,0.07453877310004559
43004,h_plus_total_variance,1234,1,111,16,16,0.4928292246373209,0.05616296569303749
43004,h_plus_total_variance,1268,1,111,1,1,0.7840702488284403,0.09033989720555953
43004,h_plus_total_variance,1268,1,111,4,4,0.8778375342359246,0.056942052565471614
43004,h_plus_total_variance,1268,1,111,8,8,0.725409653237806,0.046452107635068345
43004,h_plus_total_variance,1268,1,111,16,16,0.7146923263312938,0.044658082723273616
43004,h_plus_total_variance,1290,1,111,1,1,0.5838662488961147,0.10742155762978725
43004,h_plus_total_variance,1290,1,111,4,4,0.6569193811700008,0.08539208422592856
43004,h_plus_total_variance,1290,1,111,8,8,0.6243921020887242,0.06048509191066249
43004,h_plus_total_variance,1290,1,111,16,10,0.5799017294712193,0.05410615861542891
43004,h_plus_total_variance,1301,1,111,1,1,0.7561266282526947,0.05629291687789863
43004,h_plus_total_variance,1301,1,111,4,4,0.46300740335110857,0.17226242426247435
43004,h_plus_total_variance,1301,1,111,8,8,0.7037887256715365,0.13415446540665202
43004,h_plus_total_variance,1301,1,111,16,16,0.8022460949947606,0.14572466293349162
43004,h_plus_total_variance,1346,1,111,1,1,1.6850866392497905,0.13589926082828113
43004,h_plus_total_variance,1346,1,111,4,1,1.6850866392497905,0.13589926082828113
43004,h_plus_total_variance,1346,1,111,8,1,1.6850866392497905,0.13589926082828113
43004,h_plus_total_variance,1346,1,111,16,1,1.6850866392497905,0.13589926082828113
43004,h_plus_total_variance,1348,1,111,1,1,0.6908807312940651,0.04690039354448653
43004,h_plus_total_variance,1348,1,111,4,4,0.709097719680329,0.0945456933819663
43004,h_plus_total_variance,1348,1,111,8,8,0.6287146528993155,0.06996563210687401
43004,h_plus_total_variance,1348,1,111,16,13,0.510668961191461,0.048049454240406866
43004,h_plus_total_variance,1362,1,111,1,1,0.42286930259302674,0.002735647076016807
43004,h_plus_total_variance,1362,1,111,4,4,0.6560977035222205,0.002999271517513761
43004,h_plus_total_variance,1362,1,111,8,8,0.8743666776769199,0.016990591151822623
43004,h_plus_total_variance,1362,1,111,16,16,0.6859119818921594,0.030389638410498337
43004,h_plus_total_variance,1410,1,011,1,1,1.073518656227855,0.08680954743008844
43004,h_plus_total_variance,1410,1,011,4,4,1.2716878728851695,0.06960941197330757
43004,h_plus_total_variance,1410,1,011,8,8,0.9692439309444232,0.05324327128764877
43004,h_plus_total_variance,1410,1,011,16,16,0.8448364510604234,0.04508535144110246
43004,h_plus_total_variance,1550,1,101,1,1,0.18742897948601958,0.31412935008957904
43004,h_plus_total_variance,1550,1,101,4,4,1.3921625069438812,0.2207683889261013
43004,h_plus_total_variance,1550,1,101,8,8,0.8647494786074108,0.1275745738490007
43004,h_plus_total_variance,1550,1,101,16,16,0.8708782171566676,0.08364210684365114
43004,h_plus_total_variance,1568,1,101,1,1,1.572432327417423,0.11965687394646239
43004,h_plus_total_variance,1568,1,101,4,3,0.919561950075675,0.041552490434166325
43004,h_plus_total_variance,1568,1,101,8,3,0.919561950075675,0.041552490434166325
43004,h_plus_total_variance,1568,1,101,16,3,0.919561950075675,0.041552490434166325
43004,h_plus_total_variance,1572,1,101,1,1,2.271634616263548,0.09883937939629255
43004,h_plus_total_variance,1572,1,101,4,4,1.2082241793241517,0.029417583907153096
43004,h_plus_total_variance,1572,1,101,8,8,0.7167942514814832,0.0174686191712304
43004,h_plus_total_variance,1572,1,101,16,16,0.598793765162852,0.014269861099224852
43004,h_plus_total_variance,1590,1,101,1,1,0.543634332877151,0.0016342449346483019
43004,h_plus_total_variance,1590,1,101,4,4,0.7791432249780703,0.058670962863742813
43004,h_plus_total_variance,1590,1,101,8,5,0.7060269083420241,0.04872722873225188
43004,h_plus_total_variance,1590,1,101,16,5,0.7060269083420241,0.04872722873225188
43004,h_plus_total_variance,1596,1,101,1,1,0.6732320327388961,0.13192139071286196
43004,h_plus_total_variance,1596,1,101,4,4,0.4917453974188899,0.043029091506176155
43004,h_plus_total_variance,1596,1,101,8,4,0.4917453974188899,0.043029091506176155
43004,h_plus_total_variance,1596,1,101,16,4,0.4917453974188899,0.043029091506176155
43004,h_plus_total_variance,1601,1,101,1,1,1.3157565805715623,0.09720505950774921
43004,h_plus_total_variance,1601,1,101,4,4,1.0849590507124505,0.06286409142227918
43004,h_plus_total_variance,1601,1,101,8,8,1.0793584086048613,0.03625974711597297
43004,h_plus_total_variance,1601,1,101,16,16,1.0408652955910747,0.04928627073023161
43004,h_plus_total_variance,1628,1,101,1,1,0.4579875446550086,0.22266862304981783
43004,h_plus_total_variance,1628,1,101,4,4,1.4067429092021104,0.0820811202303777
43004,h_plus_total_variance,1628,1,101,8,8,0.8837495361827733,0.046270217229237534
43004,h_plus_total_variance,1628,1,101,16,16,0.6850188683233684,0.04102718289376012
43004,h_plus_total_variance,1659,1,101,1,1,0.23084139529881276,0.35785697244678466
43004,h_plus_total_variance,1659,1,101,4,4,0.9252378377176936,0.10703873953641661
43004,h_plus_total_variance,1659,1,101,8,8,0.9221455625586843,0.07947364449860173
43004,h_plus_total_variance,1659,1,101,16,16,0.8300615559351154,0.05057256136725445
43004,h_plus_total_variance,1678,1,101,1,1,0.27000599111255397,0.12095892426615241
43004,h_plus_total_variance,1678,1,101,4,4,0.7502915085799968,0.08424197179388113
43004,h_plus_total_variance,1678,1,101,8,8,0.7831720889199952,0.05460515813387131
43004,h_plus_total_variance,1678,1,101,16,16,0.8094210621403204,0.04401578786169877
43004,h_plus_total_variance,1695,1,101,1,1,0.5262285776164701,0.01852911871552698
43004,h_plus_total_variance,1695,1,101,4,4,0.4876841324536443,0.01218796871753259
43004,h_plus_total_variance,1695,1,101,8,8,0.40020789339597695,0.01233279634564348
43004,h_plus_total_variance,1695,1,101,16,15,0.3776429587053463,0.017248924945677094
43004,h_plus_total_variance,1711,1,110,1,1,0.29596443293063707,0.018609297875688966
43004,h_plus_total_variance,1711,1,110,4,4,0.1854698413949708,0.009814048593295233
43004,h_plus_total_variance,1711,1,110,8,8,0.27673904687908024,0.019945844730192498
43004,h_plus_total_variance,1711,1,110,16,16,0.1952433850977754,0.018291426301893496
43004,h_plus_total_variance,1734,1,110,1,1,-0.030121758583025484,0.0111498465896144
43004,h_plus_total_variance,1734,1,110,4,4,0.06938669020230027,0.02816670023123362
43004,h_plus_total_variance,1734,1,110,8,6,0.02079631825806086,0.021938450311913413
43004,h_plus_total_variance,1734,1,110,16,6,0.02079631825806086,0.021938450311913413
43004,h_plus_total_variance,1741,1,110,1,1,0.03033426437867656,0.0007913196459616263
43004,h_plus_total_variance,1741,1,110,4,1,0.03033426437867656,0.0007913196459616263
43004,h_plus_total_variance,1741,1,110,8,1,0.03033426437867656,0.0007913196459616263
43004,h_plus_total_variance,1741,1,110,16,1,0.03033426437867656,0.0007913196459616263
43004,h_plus_total_variance,1743,1,110,1,1,-0.04675982568279507,0.0015069838512022542
43004,h_plus_total_variance,1743,1,110,4,4,-0.014494783318089552,0.026472083554505126
43004,h_plus_total_variance,1743,1,110,8,8,-0.04651514088659118,0.016338279371647623
43004,h_plus_total_variance,1743,1,110,16,15,0.28909969332837787,0.02172094930973957
43004,h_plus_total_variance,1760,1,110,1,1,-0.2777820887683075,0.004991259101776605
43004,h_plus_total_variance,1760,1,110,4,4,1.3261342047002924,0.11093518153453857
43004,h_plus_total_variance,1760,1,110,8,8,1.069109895307001,0.0925321903563581
43004,h_plus_total_variance,1760,1,110,16,15,0.5161772711171154,0.051368454614826434
43004,h_plus_total_variance,1777,1,110,1,1,-0.2167903936194235,9.076001386726918e-05
43004,h_plus_total_variance,1777,1,110,4,4,0.17090217541370575,0.02408046997946653
43004,h_plus_total_variance,1777,1,110,8,8,-0.005151406660790406,0.014258051246770662
43004,h_plus_total_variance,1777,1,110,16,16,0.08350793738495102,0.011006373132033054
43004,h_plus_total_variance,1832,1,101,1,1,1.9181044767105635,0.002796216880669845
43004,h_plus_total_variance,1832,1,101,4,4,1.0023066001806096,0.09952774978654597
43004,h_plus_total_variance,1832,1,101,8,6,0.585283095347333,0.1297893310332677
43004,h_plus_total_variance,1832,1,101,16,6,0.585283095347333,0.1297893310332677
43004,h_plus_total_variance,1839,1,101,1,1,-0.41239223286575577,0.013554667613830302
43004,h_plus_total_variance,1839,1,101,4,4,1.07642079039247,0.09792465261497703
43004,h_plus_total_variance,1839,1,101,8,8,2.0728865944253414,0.12822854792002977
43004,h_plus_total_variance,1839,1,101,16,16,1.6074124447243157,0.1075158305363822
43004,h_plus_total_variance,1877,1,101,1,1,1.4796316305270893,0.025982112723131733
43004,h_plus_total_variance,1877,1,101,4,4,0.961969003355581,0.027697478853096223
43004,h_plus_total_variance,1877,1,101,8,8,0.7626970806341584,0.032973879357173046
43004,h_plus_total_variance,1877,1,101,16,16,0.6589474911903729,0.039505426841149986
43004,h_plus_total_variance,1902,1,101,1,1,0.47836544939927866,0.11483509497012637
43004,h_plus_total_variance,1902,1,101,4,4,0.5749650891919175,0.06057740535625591
43004,h_plus_total_variance,1902,1,101,8,8,0.48249937203645604,0.04954466172450238
43004,h_plus_total_variance,1902,1,101,16,15,0.6189966829948906,0.037748543590142604
43004,h_plus_total_variance,1918,1,101,1,1,1.3900223392076507,0.15177468810494324
43004,h_plus_total_variance,1918,1,101,4,4,1.4323031725482438,0.09169303646635144
43004,h_plus_total_variance,1918,1,101,8,8,1.3832084149554362,0.10806075629306065
43004,h_plus_total_variance,1918,1,101,16,16,0.9485367516559445,0.06132959182560481
43004,h_plus_total_variance,2081,1,110,1,1,0.4417532617721062,0.1405187949424216
43004,h_plus_total_variance,2081,1,110,4,1,0.4417532617721062,0.1405187949424216
43004,h_plus_total_variance,2081,1,110,8,1,0.4417532617721062,0.1405187949424216
43004,h_plus_total_variance,2081,1,110,16,1,0.4417532617721062,0.1405187949424216
43004,h_plus_total_variance,2083,1,110,1,1,0.3076017774437285,0.002970003743225205
43004,h_plus_total_variance,2083,1,110,4,4,0.45539098125768596,0.07637531633783406
43004,h_plus_total_variance,2083,1,110,8,8,0.3262880981215463,0.04946979445710237
43004,h_plus_total_variance,2083,1,110,16,16,0.4175435825302908,0.0501234572616214
43004,h_plus_total_variance,2141,1,110,1,1,-0.14103487839065315,0.01897519564818759
43004,h_plus_total_variance,2141,1,110,4,2,0.5845134968076409,0.06521831568938981
43004,h_plus_total_variance,2141,1,110,8,2,0.5845134968076409,0.06521831568938981
43004,h_plus_total_variance,2141,1,110,16,2,0.5845134968076409,0.06521831568938981
43004,h_plus_total_variance,2144,1,110,1,1,0.056927427468389795,0.03725124841684664
43004,h_plus_total_variance,2144,1,110,4,4,-0.09464004183107715,0.015029026313620774
43004,h_plus_total_variance,2144,1,110,8,8,0.6228344044662922,0.027526293390785574
43004,h_plus_total_variance,2144,1,110,16,16,0.3208104021868399,0.02174812309065914
43004,h_plus_total_variance,2168,1,110,1,1,2.5166794360491584,0.054772635696508074
43004,h_plus_total_variance,2168,1,110,4,4,0.34314558881743895,0.02487171125218729
43004,h_plus_total_variance,2168,1,110,8,8,0.6255911503413671,0.02988653230755963
43004,h_plus_total_variance,2168,1,110,16,16,1.1331470636427534,0.13899883206693764
43004,h_plus_total_variance,2209,1,111,1,1,0.8933941025744015,0.00318673932044089
43004,h_plus_total_variance,2209,1,111,4,4,0.5365427892479073,0.027142469684437696
43004,h_plus_total_variance,2209,1,111,8,8,0.8210398222770878,0.059792850089017066
43004,h_plus_total_variance,2209,1,111,16,12,0.7040951098417526,0.08587970391696848
43004,h_plus_total_variance,2222,1,111,1,1,0.5925502489628794,0.00418977896322433
43004,h_plus_total_variance,2222,1,111,4,1,0.5925502489628794,0.00418977896322433
43004,h_plus_total_variance,2222,1,111,8,1,0.5925502489628794,0.00418977896322433
43004,h_plus_total_variance,2222,1,111,16,1,0.5925502489628794,0.00418977896322433
43004,h_plus_total_variance,2224,1,111,1,1,0.3351594975411839,0.738374872764029
43004,h_plus_total_variance,2224,1,111,4,4,1.428928479536667,0.3728608625066185
43004,h_plus_total_variance,2224,1,111,8,5,1.2913107253209324,0.30164790487223814
43004,h_plus_total_variance,2224,1,111,16,5,1.2913107253209324,0.30164790487223814
43004,h_plus_total_variance,2230,1,111,1,1,0.662597883923155,0.13372566068324274
43004,h_plus_total_variance,2230,1,111,4,4,0.765640919501952,0.09480552311208885
43004,h_plus_total_variance,2230,1,111,8,8,0.8599768832086527,0.07506298023948871
43004,h_plus_total_variance,2230,1,111,16,16,0.6030973061825058,0.04979129475947601
43004,h_plus_total_variance,2247,1,110,1,1,0.14370160525590348,0.019332271876173875
43004,h_plus_total_variance,2247,1,110,4,4,0.2114974472474243,0.009687753211758597
43004,h_plus_total_variance,2247,1,110,8,8,0.14123926475553705,0.007003608563425594
43004,h_plus_total_variance,2247,1,110,16,16,0.14604828749532203,0.0130122555364751
43004,h_plus_total_variance,2281,1,110,1,1,-0.19969019546339806,0.002509433947943514
43004,h_plus_total_variance,2281,1,110,4,4,-0.06626836053952387,0.009382390237079303
43004,h_plus_total_variance,2281,1,110,8,4,-0.06626836053952387,0.009382390237079303
43004,h_plus_total_variance,2281,1,110,16,4,-0.06626836053952387,0.009382390237079303
43004,h_plus_total_variance,2286,1,110,1,1,0.46696509119999247,0.05174121518452321
43004,h_plus_total_variance,2286,1,110,4,4,0.3091718005484385,0.020070069822827972
43004,h_plus_total_variance,2286,1,110,8,8,0.37057640502856787,0.04477426055560177
43004,h_plus_total_variance,2286,1,110,16,16,0.22423122323501482,0.034993253612507866
43004,h_plus_total_variance,2307,2,111,1,1,1.6283747119033392,0.0104785839942995
43004,h_plus_total_variance,2307,2,111,4,3,0.9895913952390614,0.012978422020773627
43004,h_plus_total_variance,2307,2,111,8,3,0.9895913952390614,0.012978422020773627
43004,h_plus_total_variance,2307,2,111,16,3,0.9895913952390614,0.012978422020773627
43004,h_plus_total_variance,2311,2,111,1,1,0.7693146105348442,0.0113659466467225
43004,h_plus_total_variance,2311,2,111,4,4,0.44447520360495746,0.03162418092997305
43004,h_plus_total_variance,2311,2,111,8,8,0.8669362175189562,0.020813891126361467
43004,h_plus_total_variance,2311,2,111,16,15,0.8469310067851538,0.026428497157348345
43004,h_plus_total_variance,2327,2,111,1,1,0.6581844273880963,0.027630769703890955
43004,h_plus_total_variance,2327,2,111,4,1,0.6581844273880963,0.027630769703890955
43004,h_plus_total_variance,2327,2,111,8,1,0.6581844273880963,0.027630769703890955
43004,h_plus_total_variance,2327,2,111,16,1,0.6581844273880963,0.027630769703890955
43004,h_plus_total_variance,2329,2,111,1,1,1.8227798664486026,0.4692302469599171
43004,h_plus_total_variance,2329,2,111,4,4,1.3634829768707721,0.30552053174269317
43004,h_plus_total_variance,2329,2,111,8,8,0.9860079349612629,0.18918971146706526
43004,h_plus_total_variance,2329,2,111,16,16,0.8253415881551363,0.1287637873087963
43004,h_plus_total_variance,2389,2,111,1,1,0.9514100960700779,0.12285920182900831
43004,h_plus_total_variance,2389,2,111,4,4,1.8863730462972539,0.12786528312775564
43004,h_plus_total_variance,2389,2,111,8,8,1.157992140806249,0.10183741202870616
43004,h_plus_total_variance,2389,2,111,16,16,0.9720137686866761,0.0614084468092028
43004,h_plus_total_variance,2410,2,111,1,1,0.5704520158532377,0.00040434747941232364
43004,h_plus_total_variance,2410,2,111,4,3,0.5488521949673095,0.018728472663658846
43004,h_plus_total_variance,2410,2,111,8,3,0.5488521949673095,0.018728472663658846
43004,h_plus_total_variance,2410,2,111,16,3,0.5488521949673095,0.018728472663658846
43004,h_plus_total_variance,2414,2,111,1,1,1.311625752939375,3.53756691623661e-05
43004,h_plus_total_variance,2414,2,111,4,4,0.6511238547901628,0.014900058570837803
43004,h_plus_total_variance,2414,2,111,8,7,0.6702000309131348,0.017318687570790258
43004,h_plus_total_variance,2414,2,111,16,7,0.6702000309131348,0.017318687570790258
43004,h_plus_total_variance,2422,2,111,1,1,3.297605841443394,0.015610839838353615
43004,h_plus_total_variance,2422,2,111,4,4,1.2205507861034524,0.02616795121725661
43004,h_plus_total_variance,2422,2,111,8,8,1.098649213456211,0.04605168557912129
43004,h_plus_total_variance,2422,2,111,16,16,0.8365183123968121,0.028501083828121568
43004,h_plus_total_variance,2459,2,101,1,1,1.5048446427736129,0.048722033105317586
43004,h_plus_total_variance,2459,2,101,4,4,0.917056436681062,0.026323390514647757
43004,h_plus_total_variance,2459,2,101,8,4,0.917056436681062,0.026323390514647757
43004,h_plus_total_variance,2459,2,101,16,4,0.917056436681062,0.026323390514647757
43004,h_plus_total_variance,2464,2,101,1,1,1.0536565766952541,0.04704817461512782
43004,h_plus_total_variance,2464,2,101,4,1,1.0536565766952541,0.04704817461512782
43004,h_plus_total_variance,2464,2,101,8,1,1.0536565766952541,0.04704817461512782
43004,h_plus_total_variance,2464,2,101,16,1,1.0536565766952541,0.04704817461512782
43004,h_plus_total_variance,2466,2,101,1,1,1.1825571400006636,0.25959981037706364
43004,h_plus_total_variance,2466,2,101,4,4,1.356454181028884,0.07216311459560559
43004,h_plus_total_variance,2466,2,101,8,6,1.1332527133460577,0.05141965466587034
43004,h_plus_total_variance,2466,2,101,16,6,1.1332527133460577,0.05141965466587034
43004,h_plus_total_variance,2473,2,101,1,1,0.6436074056287464,0.058671522699019096
43004,h_plus_total_variance,2473,2,101,4,4,0.7486478851651894,0.03757608832141784
43004,h_plus_total_variance,2473,2,101,8,8,0.6204433168665731,0.030219683133599115
43004,h_plus_total_variance,2473,2,101,16,16,0.6598245977785787,0.022987638070466256
43004,h_plus_total_variance,2494,2,101,1,1,0.7689574100738331,0.013152827413002168
43004,h_plus_total_variance,2494,2,101,4,4,0.6532949339379053,0.021189556018915878
43004,h_plus_total_variance,2494,2,101,8,8,0.7262574218779942,0.0292316012438925
43004,h_plus_total_variance,2494,2,101,16,14,0.6042584979676577,0.022294047411820724
43004,h_plus_total_variance,2509,2,101,1,1,0.6307544088687573,0.013504925922211617
43004,h_plus_total_variance,2509,2,101,4,1,0.6307544088687573,0.013504925922211617
43004,h_plus_total_variance,2509,2,101,8,1,0.6307544088687573,0.013504925922211617
43004,h_plus_total_variance,2509,2,101,16,1,0.6307544088687573,0.013504925922211617
43004,h_plus_total_variance,2512,2,101,1,1,1.4657343737917985,0.236398903918001
43004,h_plus_total_variance,2512,2,101,4,2,1.0040817700819515,0.1592880768313095
43004,h_plus_total_variance,2512,2,101,8,2,1.0040817700819515,0.1592880768313095
43004,h_plus_total_variance,2512,2,101,16,2,1.0040817700819515,0.1592880768313095
43004,h_plus_total_variance,2515,2,101,1,1,0.35214061655528095,0.09797532739840524
43004,h_plus_total_variance,2515,2,101,4,4,0.39578615107190696,0.03795722469467048
43004,h_plus_total_variance,2515,2,101,8,8,0.5570387833142618,0.02554712794546
43004,h_plus_total_variance,2515,2,101,16,16,0.610164322830821,0.0263449943550612
43004,h_plus_total_variance,2610,2,111,1,1,2.1693086849409173,0.06118448503427293
43004,h_plus_total_variance,2610,2,111,4,4,1.4920876922721242,0.10244514989093742
43004,h_plus_total_variance,2610,2,111,8,8,1.145572121315427,0.0819701812356819
43004,h_plus_total_variance,2610,2,111,16,16,1.238785978818719,0.09941919960327114
43004,h_plus_total_variance,2631,2,111,1,1,0.8990931909826005,0.12050228466612732
43004,h_plus_total_variance,2631,2,111,4,4,0.7863544663265785,0.0392180303100793
43004,h_plus_total_variance,2631,2,111,8,8,0.7470120067937548,0.047100227679481854
43004,h_plus_total_variance,2631,2,111,16,10,0.768917868849492,0.04047599540750365
43004,h_plus_total_variance,2643,2,111,1,1,0.7334238918257707,0.1200392232521654
43004,h_plus_total_variance,2643,2,111,4,4,0.6515649804439924,0.06648869789681817
43004,h_plus_total_variance,2643,2,111,8,8,0.5805113457721172,0.05672038269978435
43004,h_plus_total_variance,2643,2,111,16,16,0.4856313363271706,0.03816438782435652
43004,h_plus_total_variance,2708,2,011,1,1,0.6805750105922226,0.0068059889756225764
43004,h_plus_total_variance,2708,2,011,4,4,1.2835338146688693,0.13074338289174398
43004,h_plus_total_variance,2708,2,011,8,8,0.906261178118637,0.08892010245947032
43004,h_plus_total_variance,2708,2,011,16,16,0.7839562855293682,0.09281477169369476
43004,h_plus_total_variance,2762,2,011,1,1,0.3114070729533965,0.10041225620881997
43004,h_plus_total_variance,2762,2,011,4,4,1.3117369937972505,0.05327336407353
43004,h_plus_total_variance,2762,2,011,8,8,1.6702415124039136,0.14231117549165992
43004,h_plus_total_variance,2762,2,011,16,16,1.1936963246640384,0.08986573990242741
43004,h_plus_total_variance,2794,2,110,1,1,0.8548783022574262,0.0747893619430116
43004,h_plus_total_variance,2794,2,110,4,2,0.4581745049240917,0.03859519298068653
43004,h_plus_total_variance,2794,2,110,8,2,0.4581745049240917,0.03859519298068653
43004,h_plus_total_variance,2794,2,110,16,2,0.4581745049240917,0.03859519298068653
43004,h_plus_total_variance,2797,2,110,1,1,0.06630980160875716,0.0008848206734757197
43004,h_plus_total_variance,2797,2,110,4,4,0.06335449100227691,0.007473915465059097
43004,h_plus_total_variance,2797,2,110,8,8,0.14824376297262037,0.0142825439449037
43004,h_plus_total_variance,2797,2,110,16,8,0.14824376297262037,0.0142825439449037
43004,h_plus_total_variance,2807,2,110,1,1,0.17176394357180344,0.0018469038436043992
43004,h_plus_total_variance,2807,2,110,4,4,0.2447700174276301,0.02032197767023375
43004,h_plus_total_variance,2807,2,110,8,8,0.1872907175796087,0.01375099445026531
43004,h_plus_total_variance,2807,2,110,16,16,0.05960322720890938,0.01342421935910385
43004,h_plus_total_variance,2836,2,110,1,1,0.7334547977954564,0.021146243193544335
43004,h_plus_total_variance,2836,2,110,4,4,0.8845641190886372,0.026569701802273245
43004,h_plus_total_variance,2836,2,110,8,8,0.37008450224447476,0.01894525942184127
43004,h_plus_total_variance,2836,2,110,16,16,0.4052496912017298,0.028068372676479554
43004,h_plus_total_variance,2863,2,110,1,1,-0.399985839431482,0.0065522802246560175
43004,h_plus_total_variance,2863,2,110,4,4,-0.07214628322760716,0.01661573958886129
43004,h_plus_total_variance,2863,2,110,8,8,-0.38906780708905486,0.019096063546637045
43004,h_plus_total_variance,2863,2,110,16,16,0.01690040951235599,0.020242596356103065
43004,h_plus_total_variance,2884,2,110,1,1,-0.24549565062821255,0.00856799828031346
43004,h_plus_total_variance,2884,2,110,4,4,-0.28343304362936084,0.017853272647967038
43004,h_plus_total_variance,2884,2,110,8,8,-0.13362514302069983,0.0191439781951996
43004,h_plus_total_variance,2884,2,110,16,15,0.22694729807872213,0.02562929031604191
43004,h_plus_total_variance,2900,2,110,1,1,-0.05703883582580353,0.00020325825990147404
43004,h_plus_total_variance,2900,2,110,4,4,0.4175631594262712,0.07671448777120253
43004,h_plus_total_variance,2900,2,110,8,8,0.36873550922303344,0.04853488450652448
43004,h_plus_total_variance,2900,2,110,16,16,0.14641696250483338,0.028644847351748923
43004,h_plus_total_variance,2934,2,110,1,1,0.2829863528397992,0.008801746123647931
43004,h_plus_total_variance,2934,2,110,4,4,-0.1792425770864609,0.004253179745287074
43004,h_plus_total_variance,2934,2,110,8,8,0.4229631052045212,0.008737085373999524
43004,h_plus_total_variance,2934,2,110,16,10,0.5918044302628364,0.009866238108445561
43004,h_plus_total_variance,2945,2,101,1,1,-0.030982288363426255,0.003840879874053632
43004,h_plus_total_variance,2945,2,101,4,4,0.8183411015230813,0.009597768270676653
43004,h_plus_total_variance,2945,2,101,8,8,0.4125519487817432,0.020901454486936574
43004,h_plus_total_variance,2945,2,101,16,16,0.5018846235025035,0.03775606673965351
43004,h_plus_total_variance,2968,2,101,1,1,0.4146828805132671,0.013396600566388877
43004,h_plus_total_variance,2968,2,101,4,1,0.4146828805132671,0.013396600566388877
43004,h_plus_total_variance,2968,2,101,8,1,0.4146828805132671,0.013396600566388877
43004,h_plus_total_variance,2968,2,101,16,1,0.4146828805132671,0.013396600566388877
43004,h_plus_total_variance,2971,2,101,1,1,0.6322832828490774,0.22718368588316504
43004,h_plus_total_variance,2971,2,101,4,4,0.827791618842088,0.09008644845328863
43004,h_plus_total_variance,2971,2,101,8,8,0.5993452198735684,0.04888566156347299
43004,h_plus_total_variance,2971,2,101,16,16,0.570060185383412,0.037091901016984036
43004,h_plus_total_variance,3034,2,101,1,1,0.44246040424656014,0.02773884405531649
43004,h_plus_total_variance,3034,2,101,4,4,0.5548790937055594,0.029524255291968768
43004,h_plus_total_variance,3034,2,101,8,8,0.7008573349663044,0.048693145139738214
43004,h_plus_total_variance,3034,2,101,16,16,0.8361452079203842,0.03336790041044134
43004,h_plus_total_variance,3065,2,101,1,1,1.0779740269981832,1.2848317128944646
43004,h_plus_total_variance,3065,2,101,4,4,1.066161696570411,0.4761163745075848
43004,h_plus_total_variance,3065,2,101,8,7,0.7545537565902362,0.27809365296084365
43004,h_plus_total_variance,3065,2,101,16,7,0.7545537565902362,0.27809365296084365
43004,h_plus_total_variance,3073,2,101,1,1,0.601399490689982,0.035302041825192754
43004,h_plus_total_variance,3073,2,101,4,4,1.211100032479001,0.08781092712154137
43004,h_plus_total_variance,3073,2,101,8,8,0.9342356861223469,0.04899356691116622
43004,h_plus_total_variance,3073,2,101,16,16,0.8952085212131601,0.060798805626973124
43004,h_plus_total_variance,3094,2,101,1,1,1.3624306225161453,0.023869901557069872
43004,h_plus_total_variance,3094,2,101,4,4,0.7827139382308883,0.007388086921791934
43004,h_plus_total_variance,3094,2,101,8,8,0.753036855865562,0.017969781521885768
43004,h_plus_total_variance,3094,2,101,16,12,0.8795925874855387,0.03905881715698882
43004,h_plus_total_variance,3107,2,101,1,1,1.1520798505680216,0.431685675229112
43004,h_plus_total_variance,3107,2,101,4,4,0.9988753664348993,0.12759278157303686
43004,h_plus_total_variance,3107,2,101,8,8,0.7518668370042991,0.06785807621256378
43004,h_plus_total_variance,3107,2,101,16,16,0.6497224966833892,0.03979495955779282
43004,h_plus_total_variance,3177,2,110,1,1,-0.20821881964121397,0.0036384000910303954
43004,h_plus_total_variance,3177,2,110,4,4,0.009219110972294109,0.018029359297560894
43004,h_plus_total_variance,3177,2,110,8,8,0.05996501808789695,0.013966889705682108
43004,h_plus_total_variance,3177,2,110,16,16,0.2021974531238993,0.016160410248174523
43004,h_plus_total_variance,3203,2,110,1,1,0.31633182285560313,0.07069657803716026
43004,h_plus_total_variance,3203,2,110,4,4,-0.22718037340207278,0.029934930796238914
43004,h_plus_total_variance,3203,2,110,8,4,-0.22718037340207278,0.029934930796238914
43004,h_plus_total_variance,3203,2,110,16,4,-0.22718037340207278,0.029934930796238914
43004,h_plus_total_variance,3208,2,110,1,1,-0.3550392475206794,0.014219442367046722
43004,h_plus_total_variance,3208,2,110,4,4,-0.05490475692661795,0.034536012966720625
43004,h_plus_total_variance,3208,2,110,8,5,-0.12092580542578557,0.02945410982946343
43004,h_plus_total_variance,3208,2,110,16,5,-0.12092580542578557,0.02945410982946343
43004,h_plus_total_variance,3214,2,110,1,1,-0.5033493285738906,0.014723553636806982
43004,h_plus_total_variance,3214,2,110,4,3,-0.332239633595538,0.008061805438631187
43004,h_plus_total_variance,3214,2,110,8,3,-0.332239633595538,0.008061805438631187
43004,h_plus_total_variance,3214,2,110,16,3,-0.332239633595538,0.008061805438631187
43004,h_plus_total_variance,3218,2,110,1,1,-0.5293650073438467,0.006430569915067379
43004,h_plus_total_variance,3218,2,110,4,1,-0.5293650073438467,0.006430569915067379
43004,h_plus_total_variance,3218,2,110,8,1,-0.5293650073438467,0.006430569915067379
43004,h_plus_total_variance,3218,2,110,16,1,-0.5293650073438467,0.006430569915067379
43004,h_plus_total_variance,3220,2,110,1,1,-0.1301234613561837,0.034052759943506775
43004,h_plus_total_variance,3220,2,110,4,4,0.8107354846403418,0.03601655279345033
43004,h_plus_total_variance,3220,2,110,8,8,0.2915064316176041,0.0365075370608528
43004,h_plus_total_variance,3220,2,110,16,16,0.918985544803185,0.033080551626489915
43004,h_plus_total_variance,3238,2,110,1,1,-0.44044840029943266,0.01216470442729821
43004,h_plus_total_variance,3238,2,110,4,4,0.11226301486301674,0.031288374377572765
43004,h_plus_total_variance,3238,2,110,8,8,0.2589117087334727,0.016703781390083928
43004,h_plus_total_variance,3238,2,110,16,16,0.02817170697577217,0.016028249653610334
43004,h_plus_total_variance,3459,3,101,1,1,6.036722247735821,0.9381838570574992
43004,h_plus_total_variance,3459,3,101,4,4,2.580774417068032,0.2714290193702755
43004,h_plus_total_variance,3459,3,101,8,8,2.062571250403411,0.1626944801206981
43004,h_plus_total_variance,3459,3,101,16,16,1.4095493387886315,0.08850636542789159
43004,h_plus_total_variance,3500,3,101,1,1,0.5350592576392145,0.011266213250320662
43004,h_plus_total_variance,3500,3,101,4,4,0.7094053120234627,0.08683262113339998
43004,h_plus_total_variance,3500,3,101,8,8,0.5332811436288928,0.08568886427018689
43004,h_plus_total_variance,3500,3,101,16,13,0.5426144698579688,0.057192420755860965
43004,h_plus_total_variance,3515,3,101,1,1,0.5174307725848007,0.0008559408169613138
43004,h_plus_total_variance,3515,3,101,4,3,0.6199634137690931,0.03302922449341462
43004,h_plus_total_variance,3515,3,101,8,3,0.6199634137690931,0.03302922449341462
43004,h_plus_total_variance,3515,3,101,16,3,0.6199634137690931,0.03302922449341462
43004,h_plus_total_variance,3519,3,101,1,1,0.37091613102025617,0.002483425547841341
43004,h_plus_total_variance,3519,3,101,4,4,0.28158271920856304,0.01041173354617625
43004,h_plus_total_variance,3519,3,101,8,7,0.303805619627419,0.01925436125997201
43004,h_plus_total_variance,3519,3,101,16,7,0.303805619627419,0.01925436125997201
43004,h_plus_total_variance,3527,3,101,1,1,2.6481324047450827,0.2559446983827301
43004,h_plus_total_variance,3527,3,101,4,4,1.924055284587427,0.08613090586565837
43004,h_plus_total_variance,3527,3,101,8,8,1.0794378222488799,0.048483439512166854
43004,h_plus_total_variance,3527,3,101,16,16,0.7640530480538044,0.02816190601667244
43004,h_plus_total_variance,3569,3,101,1,1,0.556914994892375,0.15160045971223732
43004,h_plus_total_variance,3569,3,101,4,4,0.48389923214660824,0.06603157665671486
43004,h_plus_total_variance,3569,3,101,8,8,0.46508736134383866,0.035411965114212685
43004,h_plus_total_variance,3569,3,101,16,12,0.43744424293229023,0.06390561377595887
43004,h_plus_total_variance,3582,3,101,1,1,0.20504697530431173,0.35459736347892545
43004,h_plus_total_variance,3582,3,101,4,4,0.3271229529609071,0.23855112412187338
43004,h_plus_total_variance,3582,3,101,8,8,0.8021819525216554,0.14416907344617175
43004,h_plus_total_variance,3582,3,101,16,16,0.6986342611933394,0.0868610034153911
43004,h_plus_total_variance,3606,3,101,1,1,0.3704554218782159,0.17980528283119054
43004,h_plus_total_variance,3606,3,101,4,4,0.45461226073484934,0.14228166340350717
43004,h_plus_total_variance,3606,3,101,8,8,0.6705717625209046,0.09318051969215474
43004,h_plus_total_variance,3606,3,101,16,15,0.6966645040766125,0.06619574750162502
43004,h_plus_total_variance,3622,3,111,1,1,2.451326343716726,0.22332729477604626
43004,h_plus_total_variance,3622,3,111,4,4,1.0267241174537836,0.07406898785171462
43004,h_plus_total_variance,3622,3,111,8,8,0.8323938317210053,0.0720236571152708
43004,h_plus_total_variance,3622,3,111,16,13,0.9952058705308295,0.057095230393680654
43004,h_plus_total_variance,3636,3,111,1,1,0.7681288592201818,0.003731766845780629
43004,h_plus_total_variance,3636,3,111,4,4,0.5641303886715421,0.01864059993179748
43004,h_plus_total_variance,3636,3,111,8,8,0.5908645165421226,0.031494576270036864
43004,h_plus_total_variance,3636,3,111,16,16,0.5411025224746837,0.09064414978911761
43004,h_plus_total_variance,3655,3,111,1,1,0.7971695338997755,0.08219383442275292
43004,h_plus_total_variance,3655,3,111,4,4,0.5812121909041654,0.067924068193867
43004,h_plus_total_variance,3655,3,111,8,6,0.651898850285757,0.06095286351156245
43004,h_plus_total_variance,3655,3,111,16,6,0.651898850285757,0.06095286351156245
43004,h_plus_total_variance,3662,3,111,1,1,0.8042510101154927,0.16133383965505774
43004,h_plus_total_variance,3662,3,111,4,4,1.501442915429271,0.046664386664883976
43004,h_plus_total_variance,3662,3,111,8,8,0.9999818320658362,0.07511560772257786
43004,h_plus_total_variance,3662,3,111,16,16,0.6487932672025948,0.0498060969498864
43004,h_plus_total_variance,3680,3,111,1,1,2.21543918734999,0.11266113441533235
43004,h_plus_total_variance,3680,3,111,4,4,1.0249626912132388,0.11319429342816867
43004,h_plus_total_variance,3680,3,111,8,8,0.9920051600763806,0.11414751207302762
43004,h_plus_total_variance,3680,3,111,16,16,1.021234461644106,0.07131645831671782
43004,h_plus_total_variance,3714,3,111,1,1,0.8141624166779337,0.0007220485081317926
43004,h_plus_total_variance,3714,3,111,4,4,0.7368779858626853,0.06344894219287586
43004,h_plus_total_variance,3714,3,111,8,8,0.8418927554361355,0.05511693331485411
43004,h_plus_total_variance,3714,3,111,16,16,0.8404192245030524,0.03466381241063508
43004,h_plus_total_variance,3765,3,111,1,1,2.232422567803904,0.09094729302389665
43004,h_plus_total_variance,3765,3,111,4,1,2.232422567803904,0.09094729302389665
43004,h_plus_total_variance,3765,3,111,8,1,2.232422567803904,0.09094729302389665
43004,h_plus_total_variance,3765,3,111,16,1,2.232422567803904,0.09094729302389665
43004,h_plus_total_variance,3767,3,111,1,1,0.6302141842834168,0.16845006144258912
43004,h_plus_total_variance,3767,3,111,4,4,0.9279856897893664,0.2239452931261212
43004,h_plus_total_variance,3767,3,111,8,8,0.7263560314527789,0.131972183641651
43004,h_plus_total_variance,3767,3,111,16,12,0.7373027738543589,0.11232369438127988
43004,h_plus_total_variance,3780,3,111,1,1,1.087030381278175,0.08741982169309612
43004,h_plus_total_variance,3780,3,111,4,4,0.6553819449851808,0.08526017776674051
43004,h_plus_total_variance,3780,3,111,8,8,0.6199989210548985,0.04873506121793343
43004,h_plus_total_variance,3780,3,111,16,16,0.7246054184401808,0.08623971648124686
43004,h_plus_total_variance,3883,3,111,1,1,0.5768944484626578,0.042388092080328725
43004,h_plus_total_variance,3883,3,111,4,4,0.7410324864484641,0.022807088705142347
43004,h_plus_total_variance,3883,3,111,8,5,0.6548637832464868,0.024653262970871493
43004,h_plus_total_variance,3883,3,111,16,5,0.6548637832464868,0.024653262970871493
43004,h_plus_total_variance,3889,3,111,1,1,0.24266267500977798,0.028409271077354255
43004,h_plus_total_variance,3889,3,111,4,4,0.4176389995889833,0.025187046309434136
43004,h_plus_total_variance,3889,3,111,8,8,0.6998130793319469,0.03715667549064477
43004,h_plus_total_variance,3889,3,111,16,14,0.5610915081671053,0.032947533594125715
43004,h_plus_total_variance,3904,3,111,1,1,0.8329087900126398,0.00020761867936136728
43004,h_plus_total_variance,3904,3,111,4,4,0.9833856026390737,0.07920032117635832
43004,h_plus_total_variance,3904,3,111,8,8,0.9587075950889106,0.07556764890667547
43004,h_plus_total_variance,3904,3,111,16,16,0.9295268009336211,0.0458076183870193
43004,h_plus_total_variance,3966,3,111,1,1,1.8344308863876226,0.0005692268284528453
43004,h_plus_total_variance,3966,3,111,4,4,0.8293937013816868,0.005321426561234187
43004,h_plus_total_variance,3966,3,111,8,8,0.5429270998731226,0.017409563145948867
43004,h_plus_total_variance,3966,3,111,16,16,0.3122688890553162,0.013180383951683791
43004,h_plus_total_variance,3990,3,110,1,1,0.42464695989466544,4.3772865693965176e-05
43004,h_plus_total_variance,3990,3,110,4,4,0.26233217196642367,0.008635323659378039
43004,h_plus_total_variance,3990,3,110,8,8,0.41869795814936167,0.046069792513912654
43004,h_plus_total_variance,3990,3,110,16,16,0.5205926568567565,0.04369453032089471
43004,h_plus_total_variance,4129,3,101,1,1,1.731562243594675,0.048888694636593046
43004,h_plus_total_variance,4129,3,101,4,4,0.7459379267442894,0.03797287507414696
43004,h_plus_total_variance,4129,3,101,8,8,0.6215941093015954,0.0191879369096744
43004,h_plus_total_variance,4129,3,101,16,16,0.7106806842462723,0.040240083706459324
43004,h_plus_total_variance,4156,3,101,1,1,0.9660729340447703,0.03815781324336942
43004,h_plus_total_variance,4156,3,101,4,4,0.8421979544933345,0.027714827121545937
43004,h_plus_total_variance,4156,3,101,8,8,0.5403310799114498,0.020815344205365148
43004,h_plus_total_variance,4156,3,101,16,16,0.4199216585052374,0.016706182867151725
43004,h_plus_total_variance,4207,3,101,1,1,0.5075208327954142,0.029834168544215525
43004,h_plus_total_variance,4207,3,101,4,4,0.7328934602040253,0.01692172363064716
43004,h_plus_total_variance,4207,3,101,8,8,0.44610786978334277,0.03832828341831872
43004,h_plus_total_variance,4207,3,101,16,15,0.751529658322532,0.06708684145386459
43004,h_plus_total_variance,4223,3,101,1,1,0.44280073493648575,0.3791721704832071
43004,h_plus_total_variance,4223,3,101,4,4,0.4822638987144012,0.2037262862637116
43004,h_plus_total_variance,4223,3,101,8,7,0.5564124654739306,0.1272910370341979
43004,h_plus_total_variance,4223,3,101,16,7,0.5564124654739306,0.1272910370341979
43004,h_plus_total_variance,4231,3,101,1,1,1.407266740818189,0.007739325934645036
43004,h_plus_total_variance,4231,3,101,4,4,0.6138912785690953,0.003923688936949063
43004,h_plus_total_variance,4231,3,101,8,8,0.5154740401309299,0.015510091700562008
43004,h_plus_total_variance,4231,3,101,16,16,0.8556949785097958,0.025882647718564286
43004,h_plus_total_variance,4266,3,110,1,1,0.9917836476677534,0.0539772751962821
43004,h_plus_total_variance,4266,3,110,4,4,0.4893122033128957,0.029751641804736443
43004,h_plus_total_variance,4266,3,110,8,8,0.2815454433722765,0.020909876623407726
43004,h_plus_total_variance,4266,3,110,16,8,0.2815454433722765,0.020909876623407726
43004,h_plus_total_variance,4275,3,110,1,1,0.2402909742225916,0.0003279819867096582
43004,h_plus_total_variance,4275,3,110,4,1,0.2402909742225916,0.0003279819867096582
43004,h_plus_total_variance,4275,3,110,8,1,0.2402909742225916,0.0003279819867096582
43004,h_plus_total_variance,4275,3,110,16,1,0.2402909742225916,0.0003279819867096582
43004,h_plus_total_variance,4277,3,110,1,1,0.12444137745842065,0.00012411692615203637
43004,h_plus_total_variance,4277,3,110,4,4,0.8527401300746849,0.048123627046799164
43004,h_plus_total_variance,4277,3,110,8,8,0.6233520415391811,0.04489413070688515
43004,h_plus_total_variance,4277,3,110,16,11,0.4619215034055881,0.03654269594894789
43004,h_plus_total_variance,4289,3,110,1,1,0.2626784588596576,0.002411494859815545
43004,h_plus_total_variance,4289,3,110,4,4,0.18159816128260015,0.021039438834971377
43004,h_plus_total_variance,4289,3,110,8,8,0.5263925193450733,0.041601663412687256
43004,h_plus_total_variance,4289,3,110,16,11,0.39400100612796113,0.044931577980999324
43004,h_plus_total_variance,4301,3,110,1,1,0.09184075789585609,0.006944145542768169
43004,h_plus_total_variance,4301,3,110,4,4,0.058697078515600486,0.004322244950223642
43004,h_plus_total_variance,4301,3,110,8,8,0.04287388615086961,0.019656405849751073
43004,h_plus_total_variance,4301,3,110,16,16,0.17737269028414004,0.026674314910786062
43004,h_plus_total_variance,4318,3,110,1,1,-0.05318073282961877,0.023002194742960756
43004,h_plus_total_variance,4318,3,110,4,4,-0.11510862149886598,0.023269160807789162
43004,h_plus_total_variance,4318,3,110,8,8,0.02324189622343533,0.03617822147977358
43004,h_plus_total_variance,4318,3,110,16,8,0.02324189622343533,0.03617822147977358
43004,h_plus_total_variance,4327,3,110,1,1,-0.22901089996276044,0.0010730181185075096
43004,h_plus_total_variance,4327,3,110,4,4,-0.2992450960734695,0.002938242208139081
43004,h_plus_total_variance,4327,3,110,8,8,0.003790275770204188,0.01648627864915479
43004,h_plus_total_variance,4327,3,110,16,16,-0.17646506208309412,0.013948842734034218
43004,h_plus_total_variance,4349,3,110,1,1,-0.31617646055593823,0.0004888913461791416
43004,h_plus_total_variance,4349,3,110,4,4,-0.3117074284281285,0.0035463840363733445
43004,h_plus_total_variance,4349,3,110,8,8,-0.43420033149519016,0.013591719489500982
43004,h_plus_total_variance,4349,3,110,16,16,0.008783400731441508,0.01630827981846092
43004,h_plus_total_variance,4379,3,110,1,1,-0.3947537007509833,0.013711715015985412
43004,h_plus_total_variance,4379,3,110,4,4,0.4593665883272603,0.022759010574626554
43004,h_plus_total_variance,4379,3,110,8,8,0.39317289676738737,0.03816769832262579
43004,h_plus_total_variance,4379,3,110,16,16,0.7260516141004648,0.040655409611606734
43004,h_plus_total_variance,4430,3,110,1,1,-0.30322290797243245,0.004770197229216808
43004,h_plus_total_variance,4430,3,110,4,4,0.39289169427405146,0.04809830991181273
43004,h_plus_total_variance,4430,3,110,8,8,0.20923404621661698,0.03468799846783176
43004,h_plus_total_variance,4430,3,110,16,16,-0.10726375951426709,0.025490821145867607
43004,h_plus_total_variance,4447,3,110,1,1,-0.381998426204979,0.0017559999989771554
43004,h_plus_total_variance,4447,3,110,4,4,-0.38652902896773994,0.009556425176459531
43004,h_plus_total_variance,4447,3,110,8,8,-0.02368245560325291,0.019793455393099298
43004,h_plus_total_variance,4447,3,110,16,16,0.15928658752657102,0.017738741132084884
43004,h_plus_total_variance,4475,3,110,1,1,-0.17561840121087602,0.01699222786968438
43004,h_plus_total_variance,4475,3,110,4,3,0.6156744475944776,0.039301025811721006
43004,h_plus_total_variance,4475,3,110,8,3,0.6156744475944776,0.039301025811721006
43004,h_plus_total_variance,4475,3,110,16,3,0.6156744475944776,0.039301025811721006
43004,h_plus_total_variance,4479,3,110,1,1,-0.05965777248436788,0.01985592760960216
43004,h_plus_total_variance,4479,3,110,4,4,-0.04324018509795208,0.06939757764859066
43004,h_plus_total_variance,4479,3,110,8,8,0.9759385718416849,0.07661345630949007
43004,h_plus_total_variance,4479,3,110,16,16,1.3332381169861498,0.12846332523849063
43004,h_plus_total_variance,4512,3,011,1,1,1.132716600468833,0.21720613822627427
43004,h_plus_total_variance,4512,3,011,4,4,1.586763925989843,0.15564522917214368
43004,h_plus_total_variance,4512,3,011,8,8,1.886100683426631,0.13720987559205533
43004,h_plus_total_variance,4512,3,011,16,16,1.2785522029198622,0.12768720979688522
43004,generator_supported_seen_mode_imm,27,0,110,1,1,-0.2835339940801493,0.005528504599236874
43004,generator_supported_seen_mode_imm,27,0,110,4,4,-0.35167030774886876,0.0019839576420110265
43004,generator_supported_seen_mode_imm,27,0,110,8,4,-0.35167030774886876,0.0019839576420110265
43004,generator_supported_seen_mode_imm,27,0,110,16,4,-0.35167030774886876,0.0019839576420110265
43004,generator_supported_seen_mode_imm,32,0,110,1,1,0.23782860684428125,0.013014804237043364
43004,generator_supported_seen_mode_imm,32,0,110,4,4,0.11454328340506872,0.02257158573706228
43004,generator_supported_seen_mode_imm,32,0,110,8,8,-0.13421265009985445,0.019783139062157194
43004,generator_supported_seen_mode_imm,32,0,110,16,11,-0.08615610959222857,0.016479912311035374
43004,generator_supported_seen_mode_imm,44,0,110,1,1,0.20469848576824906,0.0026008411631897907
43004,generator_supported_seen_mode_imm,44,0,110,4,4,0.7936586844886258,0.022734733637731243
43004,generator_supported_seen_mode_imm,44,0,110,8,8,0.5357797025304529,0.014640594011922383
43004,generator_supported_seen_mode_imm,44,0,110,16,11,0.3570807323791025,0.012630202950196895
43004,generator_supported_seen_mode_imm,56,0,110,1,1,0.37935013653193617,0.006697599271508187
43004,generator_supported_seen_mode_imm,56,0,110,4,4,-0.061101447186811715,0.0056251535387247765
43004,generator_supported_seen_mode_imm,56,0,110,8,8,0.2133093275489368,0.00928105597084867
43004,generator_supported_seen_mode_imm,56,0,110,16,8,0.2133093275489368,0.00928105597084867
43004,generator_supported_seen_mode_imm,65,0,110,1,1,-0.12792492045577458,0.027082404708508867
43004,generator_supported_seen_mode_imm,65,0,110,4,2,0.2935276320358645,0.015568979183148436
43004,generator_supported_seen_mode_imm,65,0,110,8,2,0.2935276320358645,0.015568979183148436
43004,generator_supported_seen_mode_imm,65,0,110,16,2,0.2935276320358645,0.015568979183148436
43004,generator_supported_seen_mode_imm,68,0,110,1,1,-0.3638352944499406,3.760528744798823e-06
43004,generator_supported_seen_mode_imm,68,0,110,4,4,-0.3001695777530069,0.002005002798643249
43004,generator_supported_seen_mode_imm,68,0,110,8,8,-0.16309929002581616,0.010950057160655247
43004,generator_supported_seen_mode_imm,68,0,110,16,16,-0.09004593606262899,0.010838042323177397
43004,generator_supported_seen_mode_imm,88,0,110,1,1,1.2547994296512142,0.00029832286451697977
43004,generator_supported_seen_mode_imm,88,0,110,4,4,0.3707610408461912,0.008811391054423962
43004,generator_supported_seen_mode_imm,88,0,110,8,8,-0.03210147952744069,0.0067616963694933216
43004,generator_supported_seen_mode_imm,88,0,110,16,16,-0.24254334099917882,0.004935791767883852
43004,generator_supported_seen_mode_imm,119,0,110,1,1,0.0951219504623485,0.0297721334284137
43004,generator_supported_seen_mode_imm,119,0,110,4,4,0.387166417257688,0.009857854638211068
43004,generator_supported_seen_mode_imm,119,0,110,8,7,0.038816401960535755,0.008628884519227394
43004,generator_supported_seen_mode_imm,119,0,110,16,7,0.038816401960535755,0.008628884519227394
43004,generator_supported_seen_mode_imm,127,0,110,1,1,-0.042470465327881984,0.01256206014320606
43004,generator_supported_seen_mode_imm,127,0,110,4,4,0.32101720909597653,0.03872847982703974
43004,generator_supported_seen_mode_imm,127,0,110,8,8,1.2375674602153133,0.0575251174996547
43004,generator_supported_seen_mode_imm,127,0,110,16,16,0.9711279410254074,0.0981163195577732
43004,generator_supported_seen_mode_imm,153,0,011,1,1,0.5131815604874272,0.0764930144675031
43004,generator_supported_seen_mode_imm,153,0,011,4,4,1.5811188187392302,0.07921248495799588
43004,generator_supported_seen_mode_imm,153,0,011,8,8,1.2623265380853805,0.06275544601179853
43004,generator_supported_seen_mode_imm,153,0,011,16,16,1.6686889589843694,0.08212342321576359
43004,generator_supported_seen_mode_imm,276,0,110,1,1,0.05768924811735304,0.020635233339470104
43004,generator_supported_seen_mode_imm,276,0,110,4,4,-0.21010090210333768,0.00750528535916339
43004,generator_supported_seen_mode_imm,276,0,110,8,8,-0.12258147475898742,0.012188312218248162
43004,generator_supported_seen_mode_imm,276,0,110,16,16,0.015077966188548123,0.008443944322997365
43004,generator_supported_seen_mode_imm,311,0,110,1,1,-0.6216863893456739,0.01706556377020883
43004,generator_supported_seen_mode_imm,311,0,110,4,4,0.01667102471234025,0.0074539593848947485
43004,generator_supported_seen_mode_imm,311,0,110,8,8,0.15610994549696738,0.006526612090922299
43004,generator_supported_seen_mode_imm,311,0,110,16,11,0.037357555263830194,0.005463766810960676
43004,generator_supported_seen_mode_imm,323,0,110,1,1,-0.2828916799251984,0.0017749418628790576
43004,generator_supported_seen_mode_imm,323,0,110,4,2,-0.4398467194643174,0.0010690556722079934
43004,generator_supported_seen_mode_imm,323,0,110,8,2,-0.4398467194643174,0.0010690556722079934
43004,generator_supported_seen_mode_imm,323,0,110,16,2,-0.4398467194643174,0.0010690556722079934
43004,generator_supported_seen_mode_imm,326,0,110,1,1,2.010529244805061,0.026481343461473423
43004,generator_supported_seen_mode_imm,326,0,110,4,4,-0.04503748841014822,0.010558181168947313
43004,generator_supported_seen_mode_imm,326,0,110,8,6,-0.29890118882905786,0.008592445172097302
43004,generator_supported_seen_mode_imm,326,0,110,16,6,-0.29890118882905786,0.008592445172097302
43004,generator_supported_seen_mode_imm,333,0,110,1,1,2.3522024957047223,0.010170510913894423
43004,generator_supported_seen_mode_imm,333,0,110,4,4,0.1985334120454041,0.010178831036528085
43004,generator_supported_seen_mode_imm,333,0,110,8,5,0.21693237235565133,0.01309118494850644
43004,generator_supported_seen_mode_imm,333,0,110,16,5,0.21693237235565133,0.01309118494850644
43004,generator_supported_seen_mode_imm,339,0,110,1,1,-0.6514185712321825,1.1879998901612799e-05
43004,generator_supported_seen_mode_imm,339,0,110,4,4,-0.6679534615511418,0.008976130930562135
43004,generator_supported_seen_mode_imm,339,0,110,8,4,-0.6679534615511418,0.008976130930562135
43004,generator_supported_seen_mode_imm,339,0,110,16,4,-0.6679534615511418,0.008976130930562135
43004,generator_supported_seen_mode_imm,344,0,110,1,1,-0.7869881598484525,0.01947095554718193
43004,generator_supported_seen_mode_imm,344,0,110,4,4,0.5631221681670574,0.010761253539913463
43004,generator_supported_seen_mode_imm,344,0,110,8,8,0.15169420163385416,0.009098533902473852
43004,generator_supported_seen_mode_imm,344,0,110,16,16,0.5022060973675542,0.012464089303677074
43004,generator_supported_seen_mode_imm,396,0,101,1,1,0.9325414875421539,0.30886007246457126
43004,generator_supported_seen_mode_imm,396,0,101,4,2,1.6146613879670595,0.16662861736517728
43004,generator_supported_seen_mode_imm,396,0,101,8,2,1.6146613879670595,0.16662861736517728
43004,generator_supported_seen_mode_imm,396,0,101,16,2,1.6146613879670595,0.16662861736517728
43004,generator_supported_seen_mode_imm,399,0,101,1,1,0.26652138158149147,0.0898243732194129
43004,generator_supported_seen_mode_imm,399,0,101,4,4,0.34368556081322177,0.0855097029793082
43004,generator_supported_seen_mode_imm,399,0,101,8,8,0.2983931724281027,0.051938289059075084
43004,generator_supported_seen_mode_imm,399,0,101,16,16,0.4791759443336978,0.029109661366774793
43004,generator_supported_seen_mode_imm,434,0,101,1,1,2.235935955488048,1.4379163799758752
43004,generator_supported_seen_mode_imm,434,0,101,4,4,3.503292624941001,0.4920375437712728
43004,generator_supported_seen_mode_imm,434,0,101,8,4,3.503292624941001,0.4920375437712728
43004,generator_supported_seen_mode_imm,434,0,101,16,4,3.503292624941001,0.4920375437712728
43004,generator_supported_seen_mode_imm,439,0,101,1,1,1.629023701929591,0.10744804145680316
43004,generator_supported_seen_mode_imm,439,0,101,4,4,1.0065009444540516,0.03584177291395228
43004,generator_supported_seen_mode_imm,439,0,101,8,8,0.6553956056773131,0.019960497358601968
43004,generator_supported_seen_mode_imm,439,0,101,16,16,0.44740453583757983,0.014716030237961239
43004,generator_supported_seen_mode_imm,463,0,101,1,1,0.535243957611313,0.0994069353888442
43004,generator_supported_seen_mode_imm,463,0,101,4,4,0.8722538757109575,0.07626612740601779
43004,generator_supported_seen_mode_imm,463,0,101,8,8,0.647590336986193,0.04630415624580489
43004,generator_supported_seen_mode_imm,463,0,101,16,11,0.8472420672451922,0.036046649617399826
43004,generator_supported_seen_mode_imm,475,0,101,1,1,7.4660297099331085,0.08524942417424389
43004,generator_supported_seen_mode_imm,475,0,101,4,4,2.296875281275007,0.2190115073262241
43004,generator_supported_seen_mode_imm,475,0,101,8,8,1.991248145909443,0.16729720818307692
43004,generator_supported_seen_mode_imm,475,0,101,16,10,1.7169430569179511,0.13603414656424456
43004,generator_supported_seen_mode_imm,486,0,101,1,1,0.13987722429555519,0.001684688717389897
43004,generator_supported_seen_mode_imm,486,0,101,4,4,0.4273401343426025,0.006158253800770743
43004,generator_supported_seen_mode_imm,486,0,101,8,8,0.6885865987919295,0.013708001447431912
43004,generator_supported_seen_mode_imm,486,0,101,16,16,0.7260983766146005,0.01030969335340127
43004,generator_supported_seen_mode_imm,504,0,101,1,1,1.4790663146108047,0.05148922250323081
43004,generator_supported_seen_mode_imm,504,0,101,4,4,0.5597840013568136,0.021105717718734866
43004,generator_supported_seen_mode_imm,504,0,101,8,8,0.8568013919112202,0.01160947831122494
43004,generator_supported_seen_mode_imm,504,0,101,16,9,0.8902426163519864,0.011720006928009381
43004,generator_supported_seen_mode_imm,514,0,101,1,1,0.7929739311780021,0.7645290232938745
43004,generator_supported_seen_mode_imm,514,0,101,4,4,1.8323627026429872,0.2989767508995096
43004,generator_supported_seen_mode_imm,514,0,101,8,8,1.3099830661414542,0.15498459963732647
43004,generator_supported_seen_mode_imm,514,0,101,16,16,1.0426902228212107,0.09924908679739655
43004,generator_supported_seen_mode_imm,535,0,101,1,1,3.328341492351876,0.04103795645927986
43004,generator_supported_seen_mode_imm,535,0,101,4,4,1.4273525722266127,0.018457688728028335
43004,generator_supported_seen_mode_imm,535,0,101,8,8,0.8148434386000132,0.023398556257430092
43004,generator_supported_seen_mode_imm,535,0,101,16,13,0.5997948745886746,0.022691716919247134
43004,generator_supported_seen_mode_imm,549,0,101,1,1,1.1296161583259254,0.17736235110820991
43004,generator_supported_seen_mode_imm,549,0,101,4,4,0.9220063684919633,0.10560909132972487
43004,generator_supported_seen_mode_imm,549,0,101,8,8,0.7585410014787669,0.07658845658989147
43004,generator_supported_seen_mode_imm,549,0,101,16,10,0.6411152481054676,0.06565380618352509
43004,generator_supported_seen_mode_imm,561,0,101,1,1,4.01397071924114,0.0007733419212431744
43004,generator_supported_seen_mode_imm,561,0,101,4,4,1.9762576641815301,0.0112234376715591
43004,generator_supported_seen_mode_imm,561,0,101,8,8,1.2602384950213636,0.022548474410892826
43004,generator_supported_seen_mode_imm,561,0,101,16,16,0.971847377214716,0.05499480288736383
43004,generator_supported_seen_mode_imm,585,0,101,1,1,0.2753941712390048,0.7654760354351807
43004,generator_supported_seen_mode_imm,585,0,101,4,2,0.21820340850753545,0.7458271296705163
43004,generator_supported_seen_mode_imm,585,0,101,8,2,0.21820340850753545,0.7458271296705163
43004,generator_supported_seen_mode_imm,585,0,101,16,2,0.21820340850753545,0.7458271296705163
43004,generator_supported_seen_mode_imm,588,0,101,1,1,0.8375630353701338,0.020366025573798262
43004,generator_supported_seen_mode_imm,588,0,101,4,3,0.48509884952595866,0.007540208761612126
43004,generator_supported_seen_mode_imm,588,0,101,8,3,0.48509884952595866,0.007540208761612126
43004,generator_supported_seen_mode_imm,588,0,101,16,3,0.48509884952595866,0.007540208761612126
43004,generator_supported_seen_mode_imm,592,0,101,1,1,0.48915115949246524,0.1299803154250504
43004,generator_supported_seen_mode_imm,592,0,101,4,4,0.28835321862239194,0.13309491780949745
43004,generator_supported_seen_mode_imm,592,0,101,8,8,0.37452622434313465,0.09287299838727554
43004,generator_supported_seen_mode_imm,592,0,101,16,16,0.5779107195865791,0.06270348907512027
43004,generator_supported_seen_mode_imm,611,0,101,1,1,0.8127682794562884,0.0391117054171411
43004,generator_supported_seen_mode_imm,611,0,101,4,4,0.4477968331668877,0.014667209507261456
43004,generator_supported_seen_mode_imm,611,0,101,8,8,0.5103472120107742,0.012635269055882536
43004,generator_supported_seen_mode_imm,611,0,101,16,13,0.3548105050360913,0.015372928672455282
43004,generator_supported_seen_mode_imm,625,0,101,1,1,0.5959667289501831,0.4969366792179508
43004,generator_supported_seen_mode_imm,625,0,101,4,4,0.6927690568761289,0.38344227531651603
43004,generator_supported_seen_mode_imm,625,0,101,8,8,0.7790279492153718,0.3319651922274154
43004,generator_supported_seen_mode_imm,625,0,101,16,16,0.9593582648216279,0.20546399249916236
43004,generator_supported_seen_mode_imm,644,0,111,1,1,0.8825096127900932,0.05536156302701144
43004,generator_supported_seen_mode_imm,644,0,111,4,4,0.6534638369790859,0.02468419087756233
43004,generator_supported_seen_mode_imm,644,0,111,8,8,0.8854068241135973,0.025252110097986852
43004,generator_supported_seen_mode_imm,644,0,111,16,16,0.9420994949102137,0.04206330678364876
43004,generator_supported_seen_mode_imm,682,0,111,1,1,1.1544879698288137,0.7504300916553446
43004,generator_supported_seen_mode_imm,682,0,111,4,4,0.9784983874794658,0.3052103651348171
43004,generator_supported_seen_mode_imm,682,0,111,8,8,0.7803199565627688,0.1769924960148846
43004,generator_supported_seen_mode_imm,682,0,111,16,16,0.646186234348025,0.1439343569801877
43004,generator_supported_seen_mode_imm,706,0,111,1,1,0.1523532853759636,0.794984074642225
43004,generator_supported_seen_mode_imm,706,0,111,4,4,1.3806627809637178,0.7473328002099784
43004,generator_supported_seen_mode_imm,706,0,111,8,8,1.5792007401677908,0.48659563063021394
43004,generator_supported_seen_mode_imm,706,0,111,16,11,1.6655223496336973,0.3751569807469302
43004,generator_supported_seen_mode_imm,718,0,111,1,1,0.4175256486586577,0.03422983900774846
43004,generator_supported_seen_mode_imm,718,0,111,4,4,0.9455631318161428,0.043522731014032666
43004,generator_supported_seen_mode_imm,718,0,111,8,8,0.6143023103234401,0.03761000785636524
43004,generator_supported_seen_mode_imm,718,0,111,16,16,0.604834139045318,0.04285709835528957
43004,generator_supported_seen_mode_imm,740,0,111,1,1,1.5810131919677701,0.026828418902600813
43004,generator_supported_seen_mode_imm,740,0,111,4,4,0.9634832812291929,0.07512880088929945
43004,generator_supported_seen_mode_imm,740,0,111,8,8,1.4863649508959023,0.10088469065039254
43004,generator_supported_seen_mode_imm,740,0,111,16,16,1.6229173202073315,0.10411020270034835
43004,generator_supported_seen_mode_imm,758,0,111,1,1,0.41397339689362644,0.002241698382761517
43004,generator_supported_seen_mode_imm,758,0,111,4,4,1.8302138742632412,0.12934934213918634
43004,generator_supported_seen_mode_imm,758,0,111,8,8,1.4224841540284452,0.17804186391559917
43004,generator_supported_seen_mode_imm,758,0,111,16,16,1.259105034741461,0.10246648522102725
43004,generator_supported_seen_mode_imm,937,0,111,1,1,0.9773483866726379,0.0014962388366461814
43004,generator_supported_seen_mode_imm,937,0,111,4,4,0.5171547868502571,0.0036315938219939874
43004,generator_supported_seen_mode_imm,937,0,111,8,8,0.5811761450289171,0.04380802787240037
43004,generator_supported_seen_mode_imm,937,0,111,16,16,0.7040892088133731,0.04598502273539254
43004,generator_supported_seen_mode_imm,987,0,111,1,1,1.2173733741766868,0.06086504934886772
43004,generator_supported_seen_mode_imm,987,0,111,4,4,0.40562376426459057,0.09726237876934657
43004,generator_supported_seen_mode_imm,987,0,111,8,8,0.35868938953190277,0.05977698809636138
43004,generator_supported_seen_mode_imm,987,0,111,16,16,0.9820571512315495,0.04903882607039846
43004,generator_supported_seen_mode_imm,1049,0,111,1,1,0.6691487723711598,0.07255600580010044
43004,generator_supported_seen_mode_imm,1049,0,111,4,4,0.8527294171079446,0.03897313446246629
43004,generator_supported_seen_mode_imm,1049,0,111,8,8,0.6102225671734434,0.030877723710167733
43004,generator_supported_seen_mode_imm,1049,0,111,16,15,0.6835892507490688,0.11707817751773435
43004,generator_supported_seen_mode_imm,1065,0,111,1,1,0.8158430543517595,0.04977443750841669
43004,generator_supported_seen_mode_imm,1065,0,111,4,4,1.1256273027416155,0.016537594948562453
43004,generator_supported_seen_mode_imm,1065,0,111,8,8,0.873447104872683,0.02688943795330915
43004,generator_supported_seen_mode_imm,1065,0,111,16,15,0.9547939963806961,0.05353474489380022
43004,generator_supported_seen_mode_imm,1082,0,111,1,1,1.1408142733076618,0.0026523818891061816
43004,generator_supported_seen_mode_imm,1082,0,111,4,4,0.8988797408230749,0.06515100295934285
43004,generator_supported_seen_mode_imm,1082,0,111,8,8,0.4567362336859096,0.04406995456302798
43004,generator_supported_seen_mode_imm,1082,0,111,16,16,0.12839183920815866,0.029065984506620127
43004,generator_supported_seen_mode_imm,1115,0,110,1,1,0.16092124883609268,0.00021418610118947954
43004,generator_supported_seen_mode_imm,1115,0,110,4,4,0.26147513664398897,0.014167686985089401
43004,generator_supported_seen_mode_imm,1115,0,110,8,8,0.3566268288281038,0.00874370923262591
43004,generator_supported_seen_mode_imm,1115,0,110,16,13,0.17516906265303878,0.00634663606716213
43004,generator_supported_seen_mode_imm,1129,0,110,1,1,-0.5624099103623511,0.0015436191835285493
43004,generator_supported_seen_mode_imm,1129,0,110,4,4,-0.32463492267503746,0.024190162673225008
43004,generator_supported_seen_mode_imm,1129,0,110,8,5,-0.25205166397551027,0.019352232882520425
43004,generator_supported_seen_mode_imm,1129,0,110,16,5,-0.25205166397551027,0.019352232882520425
43004,generator_supported_seen_mode_imm,1135,0,110,1,1,0.9464506119681069,0.0037149687484937066
43004,generator_supported_seen_mode_imm,1135,0,110,4,4,0.516946468860785,0.0034180444008134773
43004,generator_supported_seen_mode_imm,1135,0,110,8,6,0.28667504421831025,0.005478286773477391
43004,generator_supported_seen_mode_imm,1135,0,110,16,6,0.28667504421831025,0.005478286773477391
43004,generator_supported_seen_mode_imm,1142,0,110,1,1,-0.18429416032813495,0.017549458016514464
43004,generator_supported_seen_mode_imm,1142,0,110,4,4,0.2535748943691193,0.011332276860853287
43004,generator_supported_seen_mode_imm,1142,0,110,8,8,0.22693466025435663,0.009240999856595263
43004,generator_supported_seen_mode_imm,1142,0,110,16,9,0.16095062676562705,0.00827915092637772
43004,generator_supported_seen_mode_imm,1165,1,111,1,1,0.334564149378624,0.04280654336217235
43004,generator_supported_seen_mode_imm,1165,1,111,4,4,0.4797857979019282,0.049644348172475844
43004,generator_supported_seen_mode_imm,1165,1,111,8,8,0.7471222190010856,0.0265960620413693
43004,generator_supported_seen_mode_imm,1165,1,111,16,16,0.6568146158606248,0.024913979059458035
43004,generator_supported_seen_mode_imm,1208,1,111,1,1,4.883095595505797,0.38376586034746746
43004,generator_supported_seen_mode_imm,1208,1,111,4,4,1.9902846341399971,0.1807884364419373
43004,generator_supported_seen_mode_imm,1208,1,111,8,8,1.3053964280419779,0.09652271621043655
43004,generator_supported_seen_mode_imm,1208,1,111,16,16,0.9228361276226096,0.05384134664214801
43004,generator_supported_seen_mode_imm,1234,1,111,1,1,0.5065486765345374,0.19680641489572406
43004,generator_supported_seen_mode_imm,1234,1,111,4,4,0.6260888559567026,0.16148313040233495
43004,generator_supported_seen_mode_imm,1234,1,111,8,8,0.5498015626597358,0.1075080562715991
43004,generator_supported_seen_mode_imm,1234,1,111,16,16,0.7171647041838214,0.09428042978450757
43004,generator_supported_seen_mode_imm,1268,1,111,1,1,1.3088214436127985,0.09007269654527253
43004,generator_supported_seen_mode_imm,1268,1,111,4,4,1.0472838348844917,0.0529126442109214
43004,generator_supported_seen_mode_imm,1268,1,111,8,8,0.7842158919985835,0.05079998734738203
43004,generator_supported_seen_mode_imm,1268,1,111,16,16,1.0646370316862832,0.0754560427280073
43004,generator_supported_seen_mode_imm,1290,1,111,1,1,1.4101171012293112,0.10188270083307857
43004,generator_supported_seen_mode_imm,1290,1,111,4,4,0.847641983002325,0.07425922404929965
43004,generator_supported_seen_mode_imm,1290,1,111,8,8,0.7468009346121713,0.053257088543678326
43004,generator_supported_seen_mode_imm,1290,1,111,16,10,0.6596370269365892,0.04843335092878299
43004,generator_supported_seen_mode_imm,1301,1,111,1,1,1.4179211740113917,0.07803420429424261
43004,generator_supported_seen_mode_imm,1301,1,111,4,4,0.6728011623200847,0.19753721774381738
43004,generator_supported_seen_mode_imm,1301,1,111,8,8,0.8596729637381897,0.20964845576507887
43004,generator_supported_seen_mode_imm,1301,1,111,16,16,1.040878857713017,0.279237408889763
43004,generator_supported_seen_mode_imm,1346,1,111,1,1,3.508450094100185,0.2546099797933207
43004,generator_supported_seen_mode_imm,1346,1,111,4,1,3.508450094100185,0.2546099797933207
43004,generator_supported_seen_mode_imm,1346,1,111,8,1,3.508450094100185,0.2546099797933207
43004,generator_supported_seen_mode_imm,1346,1,111,16,1,3.508450094100185,0.2546099797933207
43004,generator_supported_seen_mode_imm,1348,1,111,1,1,0.5188543407171444,0.0326019456263142
43004,generator_supported_seen_mode_imm,1348,1,111,4,4,0.8629959748493284,0.10173359295061893
43004,generator_supported_seen_mode_imm,1348,1,111,8,8,0.7555313611286787,0.08926358291927439
43004,generator_supported_seen_mode_imm,1348,1,111,16,13,0.516175366225008,0.06266004042509853
43004,generator_supported_seen_mode_imm,1362,1,111,1,1,0.20683201019511332,2.85817146394151e-05
43004,generator_supported_seen_mode_imm,1362,1,111,4,4,1.0213586833149169,0.004335797117580293
43004,generator_supported_seen_mode_imm,1362,1,111,8,8,1.0515502736383493,0.008758215776738798
43004,generator_supported_seen_mode_imm,1362,1,111,16,16,0.7016616917420788,0.02345295656372909
43004,generator_supported_seen_mode_imm,1410,1,011,1,1,1.2654799743337974,0.10691636846349127
43004,generator_supported_seen_mode_imm,1410,1,011,4,4,1.363779204083437,0.09038445732710028
43004,generator_supported_seen_mode_imm,1410,1,011,8,8,1.0451147299937524,0.055702324503661936
43004,generator_supported_seen_mode_imm,1410,1,011,16,16,0.8391460204926813,0.0510290680198982
43004,generator_supported_seen_mode_imm,1550,1,101,1,1,-0.5421327621503342,0.3214280228531854
43004,generator_supported_seen_mode_imm,1550,1,101,4,4,1.062853976843711,0.26708733073732077
43004,generator_supported_seen_mode_imm,1550,1,101,8,8,1.086153869655045,0.15405886004572839
43004,generator_supported_seen_mode_imm,1550,1,101,16,16,0.9212071147004443,0.08233738603650434
43004,generator_supported_seen_mode_imm,1568,1,101,1,1,3.669969737394724,0.6697392947504233
43004,generator_supported_seen_mode_imm,1568,1,101,4,3,2.464797604253705,0.3355119137582377
43004,generator_supported_seen_mode_imm,1568,1,101,8,3,2.464797604253705,0.3355119137582377
43004,generator_supported_seen_mode_imm,1568,1,101,16,3,2.464797604253705,0.3355119137582377
43004,generator_supported_seen_mode_imm,1572,1,101,1,1,2.0570747820252477,0.002682283714518885
43004,generator_supported_seen_mode_imm,1572,1,101,4,4,1.3341495523760158,0.030927806104842005
43004,generator_supported_seen_mode_imm,1572,1,101,8,8,0.6644018844785031,0.01982764279306129
43004,generator_supported_seen_mode_imm,1572,1,101,16,16,0.5825220721871934,0.011985799282188505
43004,generator_supported_seen_mode_imm,1590,1,101,1,1,0.8256223770606798,0.003920697428887577
43004,generator_supported_seen_mode_imm,1590,1,101,4,4,0.7824855539402025,0.050332894645553926
43004,generator_supported_seen_mode_imm,1590,1,101,8,5,0.7321088465420795,0.04034160228660784
43004,generator_supported_seen_mode_imm,1590,1,101,16,5,0.7321088465420795,0.04034160228660784
43004,generator_supported_seen_mode_imm,1596,1,101,1,1,2.4012873576203693,0.8780251181074076
43004,generator_supported_seen_mode_imm,1596,1,101,4,4,1.6887083819334725,0.31637600572122393
43004,generator_supported_seen_mode_imm,1596,1,101,8,4,1.6887083819334725,0.31637600572122393
43004,generator_supported_seen_mode_imm,1596,1,101,16,4,1.6887083819334725,0.31637600572122393
43004,generator_supported_seen_mode_imm,1601,1,101,1,1,0.712891405300629,0.08121506733458497
43004,generator_supported_seen_mode_imm,1601,1,101,4,4,1.166889615426757,0.03452626699317554
43004,generator_supported_seen_mode_imm,1601,1,101,8,8,0.8534340185745795,0.019826683186190318
43004,generator_supported_seen_mode_imm,1601,1,101,16,16,0.8858160253660803,0.016897559070004318
43004,generator_supported_seen_mode_imm,1628,1,101,1,1,0.5004112155882453,0.3705981553384062
43004,generator_supported_seen_mode_imm,1628,1,101,4,4,1.9747493749428089,0.09773601314504853
43004,generator_supported_seen_mode_imm,1628,1,101,8,8,1.1137284801937697,0.0519592621536017
43004,generator_supported_seen_mode_imm,1628,1,101,16,16,0.7894092065555051,0.030041650883197185
43004,generator_supported_seen_mode_imm,1659,1,101,1,1,0.11825249951955807,0.39402573793973494
43004,generator_supported_seen_mode_imm,1659,1,101,4,4,0.8535745446837942,0.1320424359177334
43004,generator_supported_seen_mode_imm,1659,1,101,8,8,0.7618353653290069,0.07665220585797099
43004,generator_supported_seen_mode_imm,1659,1,101,16,16,0.7053294614688571,0.0528990609907368
43004,generator_supported_seen_mode_imm,1678,1,101,1,1,0.23569057387766823,0.2477409989023938
43004,generator_supported_seen_mode_imm,1678,1,101,4,4,1.3202196324788247,0.21135826221544735
43004,generator_supported_seen_mode_imm,1678,1,101,8,8,1.202108365319928,0.14843973796124857
43004,generator_supported_seen_mode_imm,1678,1,101,16,16,0.9594472230516979,0.10573628462837764
43004,generator_supported_seen_mode_imm,1695,1,101,1,1,-0.24190159100490694,0.009481141445886907
43004,generator_supported_seen_mode_imm,1695,1,101,4,4,0.19502383957207386,0.010020384989561402
43004,generator_supported_seen_mode_imm,1695,1,101,8,8,-0.03545660360195854,0.011412746463005064
43004,generator_supported_seen_mode_imm,1695,1,101,16,15,0.2739561961868461,0.014089533065268323
43004,generator_supported_seen_mode_imm,1711,1,110,1,1,0.015785468929962354,0.016129590941787942
43004,generator_supported_seen_mode_imm,1711,1,110,4,4,-0.21281610252753075,0.008613799619248338
43004,generator_supported_seen_mode_imm,1711,1,110,8,8,0.2981837931699839,0.011933007540020975
43004,generator_supported_seen_mode_imm,1711,1,110,16,16,0.15993256551011653,0.014182191343854098
43004,generator_supported_seen_mode_imm,1734,1,110,1,1,-0.34368332928307455,0.00630983564169635
43004,generator_supported_seen_mode_imm,1734,1,110,4,4,0.006143970772393925,0.016941465297007265
43004,generator_supported_seen_mode_imm,1734,1,110,8,6,-0.14288883876029077,0.014440173500835138
43004,generator_supported_seen_mode_imm,1734,1,110,16,6,-0.14288883876029077,0.014440173500835138
43004,generator_supported_seen_mode_imm,1741,1,110,1,1,-0.26802831026207397,0.0033193563727192624
43004,generator_supported_seen_mode_imm,1741,1,110,4,1,-0.26802831026207397,0.0033193563727192624
43004,generator_supported_seen_mode_imm,1741,1,110,8,1,-0.26802831026207397,0.0033193563727192624
43004,generator_supported_seen_mode_imm,1741,1,110,16,1,-0.26802831026207397,0.0033193563727192624
43004,generator_supported_seen_mode_imm,1743,1,110,1,1,-0.6075319339594347,0.0019522288103360759
43004,generator_supported_seen_mode_imm,1743,1,110,4,4,-0.16065011861708256,0.020354658679743537
43004,generator_supported_seen_mode_imm,1743,1,110,8,8,-0.055583043389530684,0.01227445058983534
43004,generator_supported_seen_mode_imm,1743,1,110,16,15,0.05846872338670585,0.009824695135487279
43004,generator_supported_seen_mode_imm,1760,1,110,1,1,-0.5259388973970527,0.003144354283479878
43004,generator_supported_seen_mode_imm,1760,1,110,4,4,0.6991565692550723,0.020890129157923036
43004,generator_supported_seen_mode_imm,1760,1,110,8,8,0.36871822754096195,0.01590150702898633
43004,generator_supported_seen_mode_imm,1760,1,110,16,15,0.13589238241108176,0.010406830248894657
43004,generator_supported_seen_mode_imm,1777,1,110,1,1,-0.40476602607640527,0.0018638649066669562
43004,generator_supported_seen_mode_imm,1777,1,110,4,4,-0.10613821631648757,0.003980795317849851
43004,generator_supported_seen_mode_imm,1777,1,110,8,8,-0.09980958389456482,0.004276465106140571
43004,generator_supported_seen_mode_imm,1777,1,110,16,16,0.00982287141177595,0.005761805253231642
43004,generator_supported_seen_mode_imm,1832,1,101,1,1,1.947736072927157,0.028185939695732007
43004,generator_supported_seen_mode_imm,1832,1,101,4,4,0.6924460475844904,0.15170018979367728
43004,generator_supported_seen_mode_imm,1832,1,101,8,6,0.37118856745984247,0.18526203642721528
43004,generator_supported_seen_mode_imm,1832,1,101,16,6,0.37118856745984247,0.18526203642721528
43004,generator_supported_seen_mode_imm,1839,1,101,1,1,-0.5437755787677225,0.015576889937866677
43004,generator_supported_seen_mode_imm,1839,1,101,4,4,1.0912232092168634,0.0981546574369701
43004,generator_supported_seen_mode_imm,1839,1,101,8,8,1.1252528907833548,0.05023261562378247
43004,generator_supported_seen_mode_imm,1839,1,101,16,16,0.92443073159808,0.04254738558195328
43004,generator_supported_seen_mode_imm,1877,1,101,1,1,1.6818190185277393,0.04265884646081276
43004,generator_supported_seen_mode_imm,1877,1,101,4,4,1.032442694686651,0.032831556729516195
43004,generator_supported_seen_mode_imm,1877,1,101,8,8,0.7555724922795208,0.018363045006164574
43004,generator_supported_seen_mode_imm,1877,1,101,16,16,0.6159197194586287,0.013296050532771816
43004,generator_supported_seen_mode_imm,1902,1,101,1,1,0.488881521682569,0.1228393781692982
43004,generator_supported_seen_mode_imm,1902,1,101,4,4,0.6044621433045141,0.06424581550520204
43004,generator_supported_seen_mode_imm,1902,1,101,8,8,0.4943536806205306,0.03949797916065514
43004,generator_supported_seen_mode_imm,1902,1,101,16,15,0.5509087526831489,0.026176412592478212
43004,generator_supported_seen_mode_imm,1918,1,101,1,1,1.8824389509178288,0.4261631894946953
43004,generator_supported_seen_mode_imm,1918,1,101,4,4,2.7061551821979295,0.2766663379962009
43004,generator_supported_seen_mode_imm,1918,1,101,8,8,2.016805771806348,0.1565981391938777
43004,generator_supported_seen_mode_imm,1918,1,101,16,16,1.1898581379968831,0.07994019600833892
43004,generator_supported_seen_mode_imm,2081,1,110,1,1,0.515198094009229,0.3415325247765727
43004,generator_supported_seen_mode_imm,2081,1,110,4,1,0.515198094009229,0.3415325247765727
43004,generator_supported_seen_mode_imm,2081,1,110,8,1,0.515198094009229,0.3415325247765727
43004,generator_supported_seen_mode_imm,2081,1,110,16,1,0.515198094009229,0.3415325247765727
43004,generator_supported_seen_mode_imm,2083,1,110,1,1,0.11453593500966189,0.014252219117145517
43004,generator_supported_seen_mode_imm,2083,1,110,4,4,0.27581746415567615,0.08900790701287095
43004,generator_supported_seen_mode_imm,2083,1,110,8,8,0.1399766856458637,0.0635832243489077
43004,generator_supported_seen_mode_imm,2083,1,110,16,16,0.19125152982443464,0.03879014500798939
43004,generator_supported_seen_mode_imm,2141,1,110,1,1,-0.08612045888033171,0.011949004847317802
43004,generator_supported_seen_mode_imm,2141,1,110,4,2,0.5760904364367413,0.020877790461559846
43004,generator_supported_seen_mode_imm,2141,1,110,8,2,0.5760904364367413,0.020877790461559846
43004,generator_supported_seen_mode_imm,2141,1,110,16,2,0.5760904364367413,0.020877790461559846
43004,generator_supported_seen_mode_imm,2144,1,110,1,1,0.17340724710556066,0.023322504383985396
43004,generator_supported_seen_mode_imm,2144,1,110,4,4,-0.006874077709641158,0.010427191994522932
43004,generator_supported_seen_mode_imm,2144,1,110,8,8,0.2006350026016608,0.00593312975763569
43004,generator_supported_seen_mode_imm,2144,1,110,16,16,0.012319814967637906,0.0064348680846471416
43004,generator_supported_seen_mode_imm,2168,1,110,1,1,1.0239326429694453,0.00010347629555043543
43004,generator_supported_seen_mode_imm,2168,1,110,4,4,-0.07683601229750839,0.004751141363167878
43004,generator_supported_seen_mode_imm,2168,1,110,8,8,0.2574161329684292,0.027491669675125143
43004,generator_supported_seen_mode_imm,2168,1,110,16,16,0.8507686307610207,0.14691527293148862
43004,generator_supported_seen_mode_imm,2209,1,111,1,1,0.5133884336189435,1.610043138746458e-05
43004,generator_supported_seen_mode_imm,2209,1,111,4,4,0.22360687040693883,0.03217432760488435
43004,generator_supported_seen_mode_imm,2209,1,111,8,8,0.7789575018742914,0.0739494245692578
43004,generator_supported_seen_mode_imm,2209,1,111,16,12,0.6816650674712509,0.13915767732937856
43004,generator_supported_seen_mode_imm,2222,1,111,1,1,0.9358441345382584,0.005875273621389314
43004,generator_supported_seen_mode_imm,2222,1,111,4,1,0.9358441345382584,0.005875273621389314
43004,generator_supported_seen_mode_imm,2222,1,111,8,1,0.9358441345382584,0.005875273621389314
43004,generator_supported_seen_mode_imm,2222,1,111,16,1,0.9358441345382584,0.005875273621389314
43004,generator_supported_seen_mode_imm,2224,1,111,1,1,0.16344092284582631,0.8340633464959555
43004,generator_supported_seen_mode_imm,2224,1,111,4,4,2.041503656129197,0.6266337861441967
43004,generator_supported_seen_mode_imm,2224,1,111,8,5,1.7058014391855871,0.5230677147565773
43004,generator_supported_seen_mode_imm,2224,1,111,16,5,1.7058014391855871,0.5230677147565773
43004,generator_supported_seen_mode_imm,2230,1,111,1,1,0.5559460782440753,0.11693788057346144
43004,generator_supported_seen_mode_imm,2230,1,111,4,4,0.780337524071792,0.08856633266301667
43004,generator_supported_seen_mode_imm,2230,1,111,8,8,1.0505175241374936,0.09568275332810619
43004,generator_supported_seen_mode_imm,2230,1,111,16,16,0.6038693899161105,0.053216205316320285
43004,generator_supported_seen_mode_imm,2247,1,110,1,1,-0.3941683317362523,0.017552544788120735
43004,generator_supported_seen_mode_imm,2247,1,110,4,4,0.1753198429023382,0.004984031397521708
43004,generator_supported_seen_mode_imm,2247,1,110,8,8,-0.040877476301985544,0.00614336069341335
43004,generator_supported_seen_mode_imm,2247,1,110,16,16,0.05283840583847675,0.005962699915478979
43004,generator_supported_seen_mode_imm,2281,1,110,1,1,-0.48061185739391116,0.0033231949505710496
43004,generator_supported_seen_mode_imm,2281,1,110,4,4,-0.06434083724682393,0.002290297619380595
43004,generator_supported_seen_mode_imm,2281,1,110,8,4,-0.06434083724682393,0.002290297619380595
43004,generator_supported_seen_mode_imm,2281,1,110,16,4,-0.06434083724682393,0.002290297619380595
43004,generator_supported_seen_mode_imm,2286,1,110,1,1,1.5982066744730907,0.04123928170910972
43004,generator_supported_seen_mode_imm,2286,1,110,4,4,0.9902558780030067,0.011915372298440644
43004,generator_supported_seen_mode_imm,2286,1,110,8,8,0.47714484938627727,0.01572757600746342
43004,generator_supported_seen_mode_imm,2286,1,110,16,16,0.0769176450729269,0.010607328640381745
43004,generator_supported_seen_mode_imm,2307,2,111,1,1,1.3863710495128705,0.017789844354169748
43004,generator_supported_seen_mode_imm,2307,2,111,4,3,0.8781244894559045,0.008426174442328422
43004,generator_supported_seen_mode_imm,2307,2,111,8,3,0.8781244894559045,0.008426174442328422
43004,generator_supported_seen_mode_imm,2307,2,111,16,3,0.8781244894559045,0.008426174442328422
43004,generator_supported_seen_mode_imm,2311,2,111,1,1,0.8713142012948263,0.015019275996101753
43004,generator_supported_seen_mode_imm,2311,2,111,4,4,0.5321104917041446,0.04139081765662506
43004,generator_supported_seen_mode_imm,2311,2,111,8,8,0.864486028660446,0.03123133996128173
43004,generator_supported_seen_mode_imm,2311,2,111,16,15,0.9174221897966882,0.08122238937995137
43004,generator_supported_seen_mode_imm,2327,2,111,1,1,0.7648111748700732,0.023724421783903882
43004,generator_supported_seen_mode_imm,2327,2,111,4,1,0.7648111748700732,0.023724421783903882
43004,generator_supported_seen_mode_imm,2327,2,111,8,1,0.7648111748700732,0.023724421783903882
43004,generator_supported_seen_mode_imm,2327,2,111,16,1,0.7648111748700732,0.023724421783903882
43004,generator_supported_seen_mode_imm,2329,2,111,1,1,2.8080252847377656,0.6996287412230031
43004,generator_supported_seen_mode_imm,2329,2,111,4,4,2.1735378454582945,0.4446937291181477
43004,generator_supported_seen_mode_imm,2329,2,111,8,8,1.6047494351513683,0.24306700014756902
43004,generator_supported_seen_mode_imm,2329,2,111,16,16,1.3426887559366385,0.16002441474694146
43004,generator_supported_seen_mode_imm,2389,2,111,1,1,0.9841763666958465,0.13610478554171782
43004,generator_supported_seen_mode_imm,2389,2,111,4,4,2.398297806710633,0.13099652838461717
43004,generator_supported_seen_mode_imm,2389,2,111,8,8,1.3286521223447103,0.09080016888073023
43004,generator_supported_seen_mode_imm,2389,2,111,16,16,0.9762596149528913,0.051684550925031034
43004,generator_supported_seen_mode_imm,2410,2,111,1,1,0.02602748023284146,0.000522158911553844
43004,generator_supported_seen_mode_imm,2410,2,111,4,3,0.8806811353150993,0.013211366410902226
43004,generator_supported_seen_mode_imm,2410,2,111,8,3,0.8806811353150993,0.013211366410902226
43004,generator_supported_seen_mode_imm,2410,2,111,16,3,0.8806811353150993,0.013211366410902226
43004,generator_supported_seen_mode_imm,2414,2,111,1,1,2.4323110907542373,0.0009738725704380968
43004,generator_supported_seen_mode_imm,2414,2,111,4,4,0.8391188926663588,0.013442483327690404
43004,generator_supported_seen_mode_imm,2414,2,111,8,7,0.7524496202073669,0.021844276182604514
43004,generator_supported_seen_mode_imm,2414,2,111,16,7,0.7524496202073669,0.021844276182604514
43004,generator_supported_seen_mode_imm,2422,2,111,1,1,3.9521895056084317,0.04548729025298319
43004,generator_supported_seen_mode_imm,2422,2,111,4,4,1.2842873090086895,0.029247891879891963
43004,generator_supported_seen_mode_imm,2422,2,111,8,8,1.1359892940249674,0.03636842389896254
43004,generator_supported_seen_mode_imm,2422,2,111,16,16,0.8436958765539078,0.032742526213046144
43004,generator_supported_seen_mode_imm,2459,2,101,1,1,1.9319515817335506,0.025075946916722578
43004,generator_supported_seen_mode_imm,2459,2,101,4,4,0.9404473148165824,0.011878728325082981
43004,generator_supported_seen_mode_imm,2459,2,101,8,4,0.9404473148165824,0.011878728325082981
43004,generator_supported_seen_mode_imm,2459,2,101,16,4,0.9404473148165824,0.011878728325082981
43004,generator_supported_seen_mode_imm,2464,2,101,1,1,1.423832497868113,0.0014017513051195179
43004,generator_supported_seen_mode_imm,2464,2,101,4,1,1.423832497868113,0.0014017513051195179
43004,generator_supported_seen_mode_imm,2464,2,101,8,1,1.423832497868113,0.0014017513051195179
43004,generator_supported_seen_mode_imm,2464,2,101,16,1,1.423832497868113,0.0014017513051195179
43004,generator_supported_seen_mode_imm,2466,2,101,1,1,2.0389266697071076,0.5671695003354587
43004,generator_supported_seen_mode_imm,2466,2,101,4,4,2.7000540082835087,0.19208132341506304
43004,generator_supported_seen_mode_imm,2466,2,101,8,6,1.9287716013307952,0.12910302469365134
43004,generator_supported_seen_mode_imm,2466,2,101,16,6,1.9287716013307952,0.12910302469365134
43004,generator_supported_seen_mode_imm,2473,2,101,1,1,0.35479649255110923,0.06479953303714524
43004,generator_supported_seen_mode_imm,2473,2,101,4,4,0.667715791384561,0.0272284665559847
43004,generator_supported_seen_mode_imm,2473,2,101,8,8,0.4427751842989166,0.01959910501133371
43004,generator_supported_seen_mode_imm,2473,2,101,16,16,0.5232836219434492,0.022164113846497566
43004,generator_supported_seen_mode_imm,2494,2,101,1,1,0.8110120617808689,0.00037196248064243074
43004,generator_supported_seen_mode_imm,2494,2,101,4,4,0.5804252327844733,0.010354995306197361
43004,generator_supported_seen_mode_imm,2494,2,101,8,8,0.6878938002066857,0.007310355517610619
43004,generator_supported_seen_mode_imm,2494,2,101,16,14,0.5124175887340167,0.006042819238397211
43004,generator_supported_seen_mode_imm,2509,2,101,1,1,0.712192458180352,0.017082049174546882
43004,generator_supported_seen_mode_imm,2509,2,101,4,1,0.712192458180352,0.017082049174546882
43004,generator_supported_seen_mode_imm,2509,2,101,8,1,0.712192458180352,0.017082049174546882
43004,generator_supported_seen_mode_imm,2509,2,101,16,1,0.712192458180352,0.017082049174546882
43004,generator_supported_seen_mode_imm,2512,2,101,1,1,3.0163281741065173,0.23264630596702657
43004,generator_supported_seen_mode_imm,2512,2,101,4,2,1.7896089226275946,0.15932319529052247
43004,generator_supported_seen_mode_imm,2512,2,101,8,2,1.7896089226275946,0.15932319529052247
43004,generator_supported_seen_mode_imm,2512,2,101,16,2,1.7896089226275946,0.15932319529052247
43004,generator_supported_seen_mode_imm,2515,2,101,1,1,0.17375925931710373,0.19043170612448063
43004,generator_supported_seen_mode_imm,2515,2,101,4,4,0.31674162162794617,0.10019539866565998
43004,generator_supported_seen_mode_imm,2515,2,101,8,8,0.4585780563510764,0.058014065198876905
43004,generator_supported_seen_mode_imm,2515,2,101,16,16,0.5058127328722162,0.04453071400454446
43004,generator_supported_seen_mode_imm,2610,2,111,1,1,4.484215382590656,0.03732066872537451
43004,generator_supported_seen_mode_imm,2610,2,111,4,4,2.406395213889363,0.15331221302458525
43004,generator_supported_seen_mode_imm,2610,2,111,8,8,1.574564669678938,0.10750441497824134
43004,generator_supported_seen_mode_imm,2610,2,111,16,16,1.639181547044853,0.07061771603542516
43004,generator_supported_seen_mode_imm,2631,2,111,1,1,1.1544713996374738,0.08303447869077794
43004,generator_supported_seen_mode_imm,2631,2,111,4,4,0.6859987174441939,0.0339603292480622
43004,generator_supported_seen_mode_imm,2631,2,111,8,8,0.6347743008350232,0.023424997135672893
43004,generator_supported_seen_mode_imm,2631,2,111,16,10,0.6896373610533876,0.032335251596879055
43004,generator_supported_seen_mode_imm,2643,2,111,1,1,0.7801398143497245,0.14690239451491638
43004,generator_supported_seen_mode_imm,2643,2,111,4,4,0.50695786733338,0.08088379467727105
43004,generator_supported_seen_mode_imm,2643,2,111,8,8,0.34022089402547795,0.06859568309313657
43004,generator_supported_seen_mode_imm,2643,2,111,16,16,0.2870816647762371,0.045932920053648366
43004,generator_supported_seen_mode_imm,2708,2,011,1,1,1.6348763210115398,0.11070963595957138
43004,generator_supported_seen_mode_imm,2708,2,011,4,4,2.265194128354619,0.09944355820115999
43004,generator_supported_seen_mode_imm,2708,2,011,8,8,1.3126746803262193,0.06704488947442311
43004,generator_supported_seen_mode_imm,2708,2,011,16,16,1.0387759707673652,0.045748558521901975
43004,generator_supported_seen_mode_imm,2762,2,011,1,1,0.40221076416929147,0.11131138377121896
43004,generator_supported_seen_mode_imm,2762,2,011,4,4,1.2094666970328074,0.04451300101013752
43004,generator_supported_seen_mode_imm,2762,2,011,8,8,1.4908055874908774,0.03181056159782328
43004,generator_supported_seen_mode_imm,2762,2,011,16,16,1.049918271760634,0.024806358735982987
43004,generator_supported_seen_mode_imm,2794,2,110,1,1,1.6546687033606977,0.26468534956503414
43004,generator_supported_seen_mode_imm,2794,2,110,4,2,1.0242462580860956,0.17556477786407326
43004,generator_supported_seen_mode_imm,2794,2,110,8,2,1.0242462580860956,0.17556477786407326
43004,generator_supported_seen_mode_imm,2794,2,110,16,2,1.0242462580860956,0.17556477786407326
43004,generator_supported_seen_mode_imm,2797,2,110,1,1,0.24677307712135904,0.030513275286784387
43004,generator_supported_seen_mode_imm,2797,2,110,4,4,0.12315480078617336,0.011063921898346474
43004,generator_supported_seen_mode_imm,2797,2,110,8,8,0.25808529339915565,0.024297080546713097
43004,generator_supported_seen_mode_imm,2797,2,110,16,8,0.25808529339915565,0.024297080546713097
43004,generator_supported_seen_mode_imm,2807,2,110,1,1,-0.36835074258226563,0.004059482818002047
43004,generator_supported_seen_mode_imm,2807,2,110,4,4,0.7754424090337942,0.0201955850359922
43004,generator_supported_seen_mode_imm,2807,2,110,8,8,0.4173538497357219,0.01295365420336381
43004,generator_supported_seen_mode_imm,2807,2,110,16,16,0.17782525001297542,0.009378313662611819
43004,generator_supported_seen_mode_imm,2836,2,110,1,1,2.103512096386105,0.012248561930212341
43004,generator_supported_seen_mode_imm,2836,2,110,4,4,1.3322422715840727,0.015272162640875764
43004,generator_supported_seen_mode_imm,2836,2,110,8,8,0.5868041443846957,0.009299368416889966
43004,generator_supported_seen_mode_imm,2836,2,110,16,16,0.23053105321633444,0.008400545314232455
43004,generator_supported_seen_mode_imm,2863,2,110,1,1,-0.04943134249111891,0.006432623793823395
43004,generator_supported_seen_mode_imm,2863,2,110,4,4,0.08722315225388569,0.00643281798984322
43004,generator_supported_seen_mode_imm,2863,2,110,8,8,-0.34223728792601854,0.012314482173625477
43004,generator_supported_seen_mode_imm,2863,2,110,16,16,0.1758902752819505,0.017285479441218124
43004,generator_supported_seen_mode_imm,2884,2,110,1,1,-0.2661788301040146,0.0018282425854531676
43004,generator_supported_seen_mode_imm,2884,2,110,4,4,-0.35997025441034247,0.00862715197830627
43004,generator_supported_seen_mode_imm,2884,2,110,8,8,-0.15929454596735287,0.008039915067933686
43004,generator_supported_seen_mode_imm,2884,2,110,16,15,0.18030538372491717,0.007891251498144038
43004,generator_supported_seen_mode_imm,2900,2,110,1,1,1.0264726789218626,0.21922621618062024
43004,generator_supported_seen_mode_imm,2900,2,110,4,4,0.7259994684627349,0.09468492456091178
43004,generator_supported_seen_mode_imm,2900,2,110,8,8,0.3873667049681986,0.05221501258132573
43004,generator_supported_seen_mode_imm,2900,2,110,16,16,0.16739137793407388,0.030018494278756188
43004,generator_supported_seen_mode_imm,2934,2,110,1,1,0.02340340731421553,0.008036242563994829
43004,generator_supported_seen_mode_imm,2934,2,110,4,4,-0.37060479667217894,0.0033056281438855447
43004,generator_supported_seen_mode_imm,2934,2,110,8,8,0.16696277063814324,0.003709737636970919
43004,generator_supported_seen_mode_imm,2934,2,110,16,10,0.26007965281031636,0.008397325190143665
43004,generator_supported_seen_mode_imm,2945,2,101,1,1,0.020670645791115938,6.285188300070283e-05
43004,generator_supported_seen_mode_imm,2945,2,101,4,4,0.859117771551803,0.03671866979669994
43004,generator_supported_seen_mode_imm,2945,2,101,8,8,0.5769961549540938,0.042455275100509254
43004,generator_supported_seen_mode_imm,2945,2,101,16,16,0.5848515968901122,0.04367710946212887
43004,generator_supported_seen_mode_imm,2968,2,101,1,1,0.32497878432278426,0.020189374870584337
43004,generator_supported_seen_mode_imm,2968,2,101,4,1,0.32497878432278426,0.020189374870584337
43004,generator_supported_seen_mode_imm,2968,2,101,8,1,0.32497878432278426,0.020189374870584337
43004,generator_supported_seen_mode_imm,2968,2,101,16,1,0.32497878432278426,0.020189374870584337
43004,generator_supported_seen_mode_imm,2971,2,101,1,1,1.5656826121236105,0.23542001136106802
43004,generator_supported_seen_mode_imm,2971,2,101,4,4,0.9834313028701955,0.10517655391179327
43004,generator_supported_seen_mode_imm,2971,2,101,8,8,0.6570703699593962,0.05304444568307732
43004,generator_supported_seen_mode_imm,2971,2,101,16,16,0.5321584684845703,0.03147401080376255
43004,generator_supported_seen_mode_imm,3034,2,101,1,1,0.4201911596883814,0.02247553200520982
43004,generator_supported_seen_mode_imm,3034,2,101,4,4,0.7381820664411083,0.02737123444671193
43004,generator_supported_seen_mode_imm,3034,2,101,8,8,0.6835005482635954,0.050985585972201874
43004,generator_supported_seen_mode_imm,3034,2,101,16,16,0.7379663921318509,0.02751398169303406
43004,generator_supported_seen_mode_imm,3065,2,101,1,1,2.8249668039684823,2.1861822426778708
43004,generator_supported_seen_mode_imm,3065,2,101,4,4,1.7641667031948616,0.7104473330588432
43004,generator_supported_seen_mode_imm,3065,2,101,8,7,0.599144163631242,0.40807396850000865
43004,generator_supported_seen_mode_imm,3065,2,101,16,7,0.599144163631242,0.40807396850000865
43004,generator_supported_seen_mode_imm,3073,2,101,1,1,1.9931082848411226,0.028091083754111585
43004,generator_supported_seen_mode_imm,3073,2,101,4,4,2.4662604944704265,0.15983664047076165
43004,generator_supported_seen_mode_imm,3073,2,101,8,8,1.5281785934492602,0.08715174306868856
43004,generator_supported_seen_mode_imm,3073,2,101,16,16,1.1162346184821739,0.0682474840743346
43004,generator_supported_seen_mode_imm,3094,2,101,1,1,2.7539834604027873,0.0801406427906286
43004,generator_supported_seen_mode_imm,3094,2,101,4,4,0.9727980134390268,0.022712919434346664
43004,generator_supported_seen_mode_imm,3094,2,101,8,8,0.8743747321185243,0.01701177792704229
43004,generator_supported_seen_mode_imm,3094,2,101,16,12,0.9515624987463621,0.015120110761932511
43004,generator_supported_seen_mode_imm,3107,2,101,1,1,1.8035543612118614,0.21176542538702264
43004,generator_supported_seen_mode_imm,3107,2,101,4,4,0.9655780463099681,0.07608596130592421
43004,generator_supported_seen_mode_imm,3107,2,101,8,8,0.5861238849171857,0.04005988231760815
43004,generator_supported_seen_mode_imm,3107,2,101,16,16,0.4721767541095815,0.021283312054214867
43004,generator_supported_seen_mode_imm,3177,2,110,1,1,-0.6561773861396778,0.0038863568402737548
43004,generator_supported_seen_mode_imm,3177,2,110,4,4,-0.12980040270419999,0.005140366656301044
43004,generator_supported_seen_mode_imm,3177,2,110,8,8,0.01516869917500406,0.008646081624091093
43004,generator_supported_seen_mode_imm,3177,2,110,16,16,0.05190290538810652,0.008319164486733534
43004,generator_supported_seen_mode_imm,3203,2,110,1,1,0.36520118330759155,0.03438049492673311
43004,generator_supported_seen_mode_imm,3203,2,110,4,4,-0.20678340864028313,0.01335617122368377
43004,generator_supported_seen_mode_imm,3203,2,110,8,4,-0.20678340864028313,0.01335617122368377
43004,generator_supported_seen_mode_imm,3203,2,110,16,4,-0.20678340864028313,0.01335617122368377
43004,generator_supported_seen_mode_imm,3208,2,110,1,1,-0.4358594883999021,0.014631319191513267
43004,generator_supported_seen_mode_imm,3208,2,110,4,4,0.09031910709425861,0.023170755450269243
43004,generator_supported_seen_mode_imm,3208,2,110,8,5,-0.02119032523394594,0.01889490581089192
43004,generator_supported_seen_mode_imm,3208,2,110,16,5,-0.02119032523394594,0.01889490581089192
43004,generator_supported_seen_mode_imm,3214,2,110,1,1,-0.8739567422529153,0.01372310758625602
43004,generator_supported_seen_mode_imm,3214,2,110,4,3,-0.40032590907602006,0.008578447975933972
43004,generator_supported_seen_mode_imm,3214,2,110,8,3,-0.40032590907602006,0.008578447975933972
43004,generator_supported_seen_mode_imm,3214,2,110,16,3,-0.40032590907602006,0.008578447975933972
43004,generator_supported_seen_mode_imm,3218,2,110,1,1,-0.8972333157119553,0.0073327660823206894
43004,generator_supported_seen_mode_imm,3218,2,110,4,1,-0.8972333157119553,0.0073327660823206894
43004,generator_supported_seen_mode_imm,3218,2,110,8,1,-0.8972333157119553,0.0073327660823206894
43004,generator_supported_seen_mode_imm,3218,2,110,16,1,-0.8972333157119553,0.0073327660823206894
43004,generator_supported_seen_mode_imm,3220,2,110,1,1,-0.03051599224084281,0.033221016077141605
43004,generator_supported_seen_mode_imm,3220,2,110,4,4,1.003590896068194,0.01713611647594413
43004,generator_supported_seen_mode_imm,3220,2,110,8,8,0.2658461137357221,0.02068750878199378
43004,generator_supported_seen_mode_imm,3220,2,110,16,16,0.4940250714849893,0.012541593201926509
43004,generator_supported_seen_mode_imm,3238,2,110,1,1,-0.5203796512314498,0.01451410599565253
43004,generator_supported_seen_mode_imm,3238,2,110,4,4,-0.13383120681069677,0.007957331072894615
43004,generator_supported_seen_mode_imm,3238,2,110,8,8,0.0615544058279478,0.012046919544062656
43004,generator_supported_seen_mode_imm,3238,2,110,16,16,-0.06676652008870382,0.011026818339274953
43004,generator_supported_seen_mode_imm,3459,3,101,1,1,6.706521085494512,0.1782498761844569
43004,generator_supported_seen_mode_imm,3459,3,101,4,4,2.4614239754345517,0.11650717340962546
43004,generator_supported_seen_mode_imm,3459,3,101,8,8,2.0851466896840147,0.07414248313402048
43004,generator_supported_seen_mode_imm,3459,3,101,16,16,1.3033295731181944,0.03994887326416004
43004,generator_supported_seen_mode_imm,3500,3,101,1,1,-0.16032103853220325,0.024175205625027858
43004,generator_supported_seen_mode_imm,3500,3,101,4,4,0.7871859991881527,0.053464566044228376
43004,generator_supported_seen_mode_imm,3500,3,101,8,8,0.44313376022047174,0.05906588868891142
43004,generator_supported_seen_mode_imm,3500,3,101,16,13,0.4973242662184813,0.043186430363409606
43004,generator_supported_seen_mode_imm,3515,3,101,1,1,0.9994223030993741,0.00024227125270478582
43004,generator_supported_seen_mode_imm,3515,3,101,4,3,1.1251380004279548,0.021028607536240498
43004,generator_supported_seen_mode_imm,3515,3,101,8,3,1.1251380004279548,0.021028607536240498
43004,generator_supported_seen_mode_imm,3515,3,101,16,3,1.1251380004279548,0.021028607536240498
43004,generator_supported_seen_mode_imm,3519,3,101,1,1,0.019599299667470205,0.003834318867255694
43004,generator_supported_seen_mode_imm,3519,3,101,4,4,-0.22255891255430915,0.012172208947102314
43004,generator_supported_seen_mode_imm,3519,3,101,8,7,0.21524772027766245,0.02047964378542399
43004,generator_supported_seen_mode_imm,3519,3,101,16,7,0.21524772027766245,0.02047964378542399
43004,generator_supported_seen_mode_imm,3527,3,101,1,1,3.6830889076977673,0.48018194516076673
43004,generator_supported_seen_mode_imm,3527,3,101,4,4,2.8980016044402457,0.2140668029870787
43004,generator_supported_seen_mode_imm,3527,3,101,8,8,1.6027985583799529,0.11646628557011733
43004,generator_supported_seen_mode_imm,3527,3,101,16,16,0.990912480478414,0.06032954833122384
43004,generator_supported_seen_mode_imm,3569,3,101,1,1,0.9934791847550397,0.009955017247488086
43004,generator_supported_seen_mode_imm,3569,3,101,4,4,0.3058153018476826,0.006871765768109694
43004,generator_supported_seen_mode_imm,3569,3,101,8,8,0.30596524383515517,0.004356181431710865
43004,generator_supported_seen_mode_imm,3569,3,101,16,12,0.37863721247504173,0.015561251294871866
43004,generator_supported_seen_mode_imm,3582,3,101,1,1,0.5796583043138535,0.8313873088378038
43004,generator_supported_seen_mode_imm,3582,3,101,4,4,0.7781893481893917,0.5465666471619661
43004,generator_supported_seen_mode_imm,3582,3,101,8,8,1.3516099445338798,0.316674528581117
43004,generator_supported_seen_mode_imm,3582,3,101,16,16,0.9683369526559347,0.17628555941255322
43004,generator_supported_seen_mode_imm,3606,3,101,1,1,0.10510192503356611,0.4139783707697343
43004,generator_supported_seen_mode_imm,3606,3,101,4,4,0.5239700530371563,0.3390082021636647
43004,generator_supported_seen_mode_imm,3606,3,101,8,8,0.7046737115031646,0.22762887996207176
43004,generator_supported_seen_mode_imm,3606,3,101,16,15,0.6362566499338431,0.1335494175665717
43004,generator_supported_seen_mode_imm,3622,3,111,1,1,4.250578786208725,0.7265028041318596
43004,generator_supported_seen_mode_imm,3622,3,111,4,4,1.8651625784191879,0.26134196930430575
43004,generator_supported_seen_mode_imm,3622,3,111,8,8,1.5649050937449127,0.2708786947148017
43004,generator_supported_seen_mode_imm,3622,3,111,16,13,1.5743328791215214,0.21387781214088086
43004,generator_supported_seen_mode_imm,3636,3,111,1,1,0.8133369913886842,0.0086729595690724
43004,generator_supported_seen_mode_imm,3636,3,111,4,4,0.4738803094308767,0.013777893810727615
43004,generator_supported_seen_mode_imm,3636,3,111,8,8,0.4813184425969912,0.020675347498471053
43004,generator_supported_seen_mode_imm,3636,3,111,16,16,0.4485420834151377,0.11442901075640162
43004,generator_supported_seen_mode_imm,3655,3,111,1,1,0.9537780272580262,0.0927848502307128
43004,generator_supported_seen_mode_imm,3655,3,111,4,4,0.6535694884530627,0.09402743814712505
43004,generator_supported_seen_mode_imm,3655,3,111,8,6,0.7218551966676566,0.07426279356121679
43004,generator_supported_seen_mode_imm,3655,3,111,16,6,0.7218551966676566,0.07426279356121679
43004,generator_supported_seen_mode_imm,3662,3,111,1,1,0.12984851605224476,0.022675463604944615
43004,generator_supported_seen_mode_imm,3662,3,111,4,4,1.7351370333674208,0.046901142099799537
43004,generator_supported_seen_mode_imm,3662,3,111,8,8,1.2804380741123635,0.05650045705495879
43004,generator_supported_seen_mode_imm,3662,3,111,16,16,0.7977233360023143,0.03722923008189871
43004,generator_supported_seen_mode_imm,3680,3,111,1,1,4.637512960570323,0.04458738603521833
43004,generator_supported_seen_mode_imm,3680,3,111,4,4,1.8204436114338736,0.0878801699218131
43004,generator_supported_seen_mode_imm,3680,3,111,8,8,1.3037630967834892,0.13457820633579265
43004,generator_supported_seen_mode_imm,3680,3,111,16,16,1.2225051874521773,0.1303899551571317
43004,generator_supported_seen_mode_imm,3714,3,111,1,1,-0.10367050125113753,0.003916349300478032
43004,generator_supported_seen_mode_imm,3714,3,111,4,4,0.6101195356026607,0.06511398464238453
43004,generator_supported_seen_mode_imm,3714,3,111,8,8,0.7681278182541023,0.04618927195054826
43004,generator_supported_seen_mode_imm,3714,3,111,16,16,0.9059604962060416,0.04064206835334819
43004,generator_supported_seen_mode_imm,3765,3,111,1,1,4.164856529541791,0.00019319865395392175
43004,generator_supported_seen_mode_imm,3765,3,111,4,1,4.164856529541791,0.00019319865395392175
43004,generator_supported_seen_mode_imm,3765,3,111,8,1,4.164856529541791,0.00019319865395392175
43004,generator_supported_seen_mode_imm,3765,3,111,16,1,4.164856529541791,0.00019319865395392175
43004,generator_supported_seen_mode_imm,3767,3,111,1,1,0.28412974644089506,0.3397850208211808
43004,generator_supported_seen_mode_imm,3767,3,111,4,4,1.5025378412393091,0.4202557368636843
43004,generator_supported_seen_mode_imm,3767,3,111,8,8,0.9650244200720772,0.2210370095321524
43004,generator_supported_seen_mode_imm,3767,3,111,16,12,0.9513481828059627,0.19889791068938145
43004,generator_supported_seen_mode_imm,3780,3,111,1,1,1.474648612432866,0.01253915920250618
43004,generator_supported_seen_mode_imm,3780,3,111,4,4,0.9477343524177084,0.08605286986537562
43004,generator_supported_seen_mode_imm,3780,3,111,8,8,0.7567962468888725,0.06193497549119324
43004,generator_supported_seen_mode_imm,3780,3,111,16,16,0.9476608585121005,0.16117154531830552
43004,generator_supported_seen_mode_imm,3883,3,111,1,1,0.7261147022809139,0.051308134998278264
43004,generator_supported_seen_mode_imm,3883,3,111,4,4,0.7476706340801479,0.017643285845355225
43004,generator_supported_seen_mode_imm,3883,3,111,8,5,0.6858336923179923,0.014978905731051892
43004,generator_supported_seen_mode_imm,3883,3,111,16,5,0.6858336923179923,0.014978905731051892
43004,generator_supported_seen_mode_imm,3889,3,111,1,1,0.26205442688872715,0.026174858212772874
43004,generator_supported_seen_mode_imm,3889,3,111,4,4,0.4728207918268347,0.026524155568842217
43004,generator_supported_seen_mode_imm,3889,3,111,8,8,0.7327946416841578,0.018257591540377146
43004,generator_supported_seen_mode_imm,3889,3,111,16,14,0.5329972101037901,0.02297290237846932
43004,generator_supported_seen_mode_imm,3904,3,111,1,1,0.9414849981811173,0.00048515021736454255
43004,generator_supported_seen_mode_imm,3904,3,111,4,4,0.8809606213125564,0.09016189290201068
43004,generator_supported_seen_mode_imm,3904,3,111,8,8,0.879257223290779,0.0813730291886262
43004,generator_supported_seen_mode_imm,3904,3,111,16,16,0.8438144249171329,0.05091794391691476
43004,generator_supported_seen_mode_imm,3966,3,111,1,1,2.3003463611722172,0.005064315429226691
43004,generator_supported_seen_mode_imm,3966,3,111,4,4,0.938075559583787,0.013203578177160195
43004,generator_supported_seen_mode_imm,3966,3,111,8,8,0.5504798497902071,0.02455246254914622
43004,generator_supported_seen_mode_imm,3966,3,111,16,16,0.147433818234202,0.018635029237146855
43004,generator_supported_seen_mode_imm,3990,3,110,1,1,0.5184588250834472,0.004176555623495378
43004,generator_supported_seen_mode_imm,3990,3,110,4,4,0.2857946181394711,0.0055910410529465444
43004,generator_supported_seen_mode_imm,3990,3,110,8,8,0.46049503838028927,0.026658642692865706
43004,generator_supported_seen_mode_imm,3990,3,110,16,16,0.5528283018295327,0.016969150754650456
43004,generator_supported_seen_mode_imm,4129,3,101,1,1,2.2554575822955494,1.2760839552745334e-05
43004,generator_supported_seen_mode_imm,4129,3,101,4,4,0.7288348167097621,0.002425264529883679
43004,generator_supported_seen_mode_imm,4129,3,101,8,8,0.4887141543919012,0.002236919547833471
43004,generator_supported_seen_mode_imm,4129,3,101,16,16,0.6055571222519146,0.0077371945286990925
43004,generator_supported_seen_mode_imm,4156,3,101,1,1,1.3097691747599494,0.16206389044044014
43004,generator_supported_seen_mode_imm,4156,3,101,4,4,1.2309177447940298,0.05868220849170522
43004,generator_supported_seen_mode_imm,4156,3,101,8,8,0.7264986369491186,0.03016934474422546
43004,generator_supported_seen_mode_imm,4156,3,101,16,16,0.500555448458555,0.0217888594804674
43004,generator_supported_seen_mode_imm,4207,3,101,1,1,0.722015466381598,0.12320993941508823
43004,generator_supported_seen_mode_imm,4207,3,101,4,4,1.3094854068562418,0.09258590337928098
43004,generator_supported_seen_mode_imm,4207,3,101,8,8,0.798432758418932,0.053403205062275985
43004,generator_supported_seen_mode_imm,4207,3,101,16,15,0.9204234656885432,0.06247205823026071
43004,generator_supported_seen_mode_imm,4223,3,101,1,1,0.4742691781494004,0.6434600933046727
43004,generator_supported_seen_mode_imm,4223,3,101,4,4,0.812415335621754,0.4794335779979053
43004,generator_supported_seen_mode_imm,4223,3,101,8,7,1.0583960744698357,0.2942016311712294
43004,generator_supported_seen_mode_imm,4223,3,101,16,7,1.0583960744698357,0.2942016311712294
43004,generator_supported_seen_mode_imm,4231,3,101,1,1,3.064483551720611,0.0971866168072272
43004,generator_supported_seen_mode_imm,4231,3,101,4,4,1.146763225806154,0.07172658725732746
43004,generator_supported_seen_mode_imm,4231,3,101,8,8,0.8270813334168563,0.04015763747955604
43004,generator_supported_seen_mode_imm,4231,3,101,16,16,0.9643149899545732,0.02437425513204819
43004,generator_supported_seen_mode_imm,4266,3,110,1,1,1.3432857020166915,0.0021942231047566096
43004,generator_supported_seen_mode_imm,4266,3,110,4,4,0.568640991152046,0.003781724151266536
43004,generator_supported_seen_mode_imm,4266,3,110,8,8,0.19300320131490967,0.004395533699817557
43004,generator_supported_seen_mode_imm,4266,3,110,16,8,0.19300320131490967,0.004395533699817557
43004,generator_supported_seen_mode_imm,4275,3,110,1,1,-0.3972709630182412,0.0016557889735582484
43004,generator_supported_seen_mode_imm,4275,3,110,4,1,-0.3972709630182412,0.0016557889735582484
43004,generator_supported_seen_mode_imm,4275,3,110,8,1,-0.3972709630182412,0.0016557889735582484
43004,generator_supported_seen_mode_imm,4275,3,110,16,1,-0.3972709630182412,0.0016557889735582484
43004,generator_supported_seen_mode_imm,4277,3,110,1,1,-0.7787564719052212,0.0005437810003914575
43004,generator_supported_seen_mode_imm,4277,3,110,4,4,0.9926712876424058,0.010585142806696769
43004,generator_supported_seen_mode_imm,4277,3,110,8,8,0.2858032971581834,0.010262192355085298
43004,generator_supported_seen_mode_imm,4277,3,110,16,11,0.10449914634667436,0.009931712273737738
43004,generator_supported_seen_mode_imm,4289,3,110,1,1,0.6257472294510786,0.00186518974753948
43004,generator_supported_seen_mode_imm,4289,3,110,4,4,0.6929865150720437,0.013390989960292424
43004,generator_supported_seen_mode_imm,4289,3,110,8,8,0.9467053410597916,0.0318366157384269
43004,generator_supported_seen_mode_imm,4289,3,110,16,11,0.7254283498044534,0.03773444449750665
43004,generator_supported_seen_mode_imm,4301,3,110,1,1,2.132324350870887,0.10113089945443839
43004,generator_supported_seen_mode_imm,4301,3,110,4,4,0.8388370246170243,0.030710374790844285
43004,generator_supported_seen_mode_imm,4301,3,110,8,8,0.4160377448343371,0.019972833443420563
43004,generator_supported_seen_mode_imm,4301,3,110,16,16,0.4661391508394932,0.014544741693206045
43004,generator_supported_seen_mode_imm,4318,3,110,1,1,-0.29955211658118935,0.013987673765093744
43004,generator_supported_seen_mode_imm,4318,3,110,4,4,-0.29586898104872433,0.015320950605160488
43004,generator_supported_seen_mode_imm,4318,3,110,8,8,-0.04544407408911372,0.013880852309692835
43004,generator_supported_seen_mode_imm,4318,3,110,16,8,-0.04544407408911372,0.013880852309692835
43004,generator_supported_seen_mode_imm,4327,3,110,1,1,-0.5587067263737511,0.0009545207775475203
43004,generator_supported_seen_mode_imm,4327,3,110,4,4,-0.540984563417803,0.002237962803321126
43004,generator_supported_seen_mode_imm,4327,3,110,8,8,0.0901528637081207,0.006055787994862017
43004,generator_supported_seen_mode_imm,4327,3,110,16,16,-0.16097598580240827,0.006487726227166755
43004,generator_supported_seen_mode_imm,4349,3,110,1,1,-0.6112235261940688,0.000244815268533644
43004,generator_supported_seen_mode_imm,4349,3,110,4,4,-0.399353587705281,0.003072180715955348
43004,generator_supported_seen_mode_imm,4349,3,110,8,8,-0.6013319374734574,0.013170081193552558
43004,generator_supported_seen_mode_imm,4349,3,110,16,16,-0.1469669707070884,0.009867579775436536
43004,generator_supported_seen_mode_imm,4379,3,110,1,1,0.5369365593610272,0.07126899937548922
43004,generator_supported_seen_mode_imm,4379,3,110,4,4,0.48928796516476314,0.018929280003764152
43004,generator_supported_seen_mode_imm,4379,3,110,8,8,0.18093533901709657,0.017552918361668616
43004,generator_supported_seen_mode_imm,4379,3,110,16,16,0.3115274901451025,0.011962966912103894
43004,generator_supported_seen_mode_imm,4430,3,110,1,1,-0.43532910062449764,0.0020811100685196454
43004,generator_supported_seen_mode_imm,4430,3,110,4,4,0.5510614743750848,0.01395348941007554
43004,generator_supported_seen_mode_imm,4430,3,110,8,8,0.30302980413958946,0.008175611311411209
43004,generator_supported_seen_mode_imm,4430,3,110,16,16,-0.06298616272264462,0.012033522842777419
43004,generator_supported_seen_mode_imm,4447,3,110,1,1,-0.36061857996831415,0.0004950199291990649
43004,generator_supported_seen_mode_imm,4447,3,110,4,4,-0.40400593719040356,0.006578498901101903
43004,generator_supported_seen_mode_imm,4447,3,110,8,8,-0.08394989713785025,0.012445956561765517
43004,generator_supported_seen_mode_imm,4447,3,110,16,16,-0.10372221926458702,0.008006827747641334
43004,generator_supported_seen_mode_imm,4475,3,110,1,1,0.6700477727682366,0.03874206909063406
43004,generator_supported_seen_mode_imm,4475,3,110,4,3,0.5909479370810719,0.017652020400431866
43004,generator_supported_seen_mode_imm,4475,3,110,8,3,0.5909479370810719,0.017652020400431866
43004,generator_supported_seen_mode_imm,4475,3,110,16,3,0.5909479370810719,0.017652020400431866
43004,generator_supported_seen_mode_imm,4479,3,110,1,1,0.40849232749574627,0.027945064416207335
43004,generator_supported_seen_mode_imm,4479,3,110,4,4,0.24803889753408592,0.09825255170005774
43004,generator_supported_seen_mode_imm,4479,3,110,8,8,1.0447501477438648,0.056334103455122644
43004,generator_supported_seen_mode_imm,4479,3,110,16,16,1.10650315772572,0.049069319041191016
43004,generator_supported_seen_mode_imm,4512,3,011,1,1,1.9212345439420138,0.18981771389823549
43004,generator_supported_seen_mode_imm,4512,3,011,4,4,1.2696045950397323,0.1496376579382756
43004,generator_supported_seen_mode_imm,4512,3,011,8,8,1.462438762047398,0.11594735036709791
43004,generator_supported_seen_mode_imm,4512,3,011,16,16,1.2516253923554213,0.15942111930657055
43004,selected_fixed_jump,27,0,110,1,1,0.29538197663022814,0.002826747409112798
43004,selected_fixed_jump,27,0,110,4,4,-0.16279899690912164,0.0014349563375304158
43004,selected_fixed_jump,27,0,110,8,4,-0.16279899690912164,0.0014349563375304158
43004,selected_fixed_jump,27,0,110,16,4,-0.16279899690912164,0.0014349563375304158
43004,selected_fixed_jump,32,0,110,1,1,0.016048688950042432,0.005824945500216794
43004,selected_fixed_jump,32,0,110,4,4,0.07694798406091147,0.02663166332735418
43004,selected_fixed_jump,32,0,110,8,8,-0.006757503584303888,0.02697382063383836
43004,selected_fixed_jump,32,0,110,16,11,0.08507920716344676,0.0298415893902494
43004,selected_fixed_jump,44,0,110,1,1,0.28976216182950065,0.002110637179322464
43004,selected_fixed_jump,44,0,110,4,4,0.4574180481984974,0.012231344878994958
43004,selected_fixed_jump,44,0,110,8,8,0.5547733300743203,0.01634386760328306
43004,selected_fixed_jump,44,0,110,16,11,0.343295813636554,0.013207187803611171
43004,selected_fixed_jump,56,0,110,1,1,0.38714809905329484,0.0009711047417387857
43004,selected_fixed_jump,56,0,110,4,4,0.1093499362567051,0.007385314150226311
43004,selected_fixed_jump,56,0,110,8,8,0.3877773710878439,0.03454401659011026
43004,selected_fixed_jump,56,0,110,16,8,0.3877773710878439,0.03454401659011026
43004,selected_fixed_jump,65,0,110,1,1,-0.0354887823066,0.014028394779000367
43004,selected_fixed_jump,65,0,110,4,2,0.13643041489526903,0.017825051418758286
43004,selected_fixed_jump,65,0,110,8,2,0.13643041489526903,0.017825051418758286
43004,selected_fixed_jump,65,0,110,16,2,0.13643041489526903,0.017825051418758286
43004,selected_fixed_jump,68,0,110,1,1,-0.2805142845347691,0.0003543156423045938
43004,selected_fixed_jump,68,0,110,4,4,-0.19746230757050012,0.0028378886661776723
43004,selected_fixed_jump,68,0,110,8,8,0.04385609917299309,0.02743051925928385
43004,selected_fixed_jump,68,0,110,16,16,0.03002456937588681,0.021583735667128994
43004,selected_fixed_jump,88,0,110,1,1,0.8494957562263182,0.012439768559344777
43004,selected_fixed_jump,88,0,110,4,4,0.23287545336662846,0.014999113981467492
43004,selected_fixed_jump,88,0,110,8,8,-0.015847730073463018,0.009811247132699284
43004,selected_fixed_jump,88,0,110,16,16,-0.1301091540566442,0.006569954556976008
43004,selected_fixed_jump,119,0,110,1,1,0.06699074969410607,0.04708929186741742
43004,selected_fixed_jump,119,0,110,4,4,0.46791710050327695,0.01781001685638851
43004,selected_fixed_jump,119,0,110,8,7,0.153405055058845,0.011956039097230241
43004,selected_fixed_jump,119,0,110,16,7,0.153405055058845,0.011956039097230241
43004,selected_fixed_jump,127,0,110,1,1,-0.03812589686259388,0.0033265227264028846
43004,selected_fixed_jump,127,0,110,4,4,0.1743438196992123,0.015573039380434174
43004,selected_fixed_jump,127,0,110,8,8,1.386407859859661,0.044486019319510746
43004,selected_fixed_jump,127,0,110,16,16,1.3732316544321117,0.07123255496049219
43004,selected_fixed_jump,153,0,011,1,1,0.16130534143022968,0.07497254174849947
43004,selected_fixed_jump,153,0,011,4,4,2.1941173307887585,0.04193268116138611
43004,selected_fixed_jump,153,0,011,8,8,2.5223645159186523,0.07439785181003464
43004,selected_fixed_jump,153,0,011,16,16,2.4722128068646265,0.2546412348992972
43004,selected_fixed_jump,276,0,110,1,1,0.006604595276192152,0.02901260029092761
43004,selected_fixed_jump,276,0,110,4,4,-0.1374399086698042,0.01095628252680175
43004,selected_fixed_jump,276,0,110,8,8,-0.05766893795142389,0.016844765754654947
43004,selected_fixed_jump,276,0,110,16,16,0.0042328817104666,0.013614497820364741
43004,selected_fixed_jump,311,0,110,1,1,0.10286448970303103,0.009130981250517808
43004,selected_fixed_jump,311,0,110,4,4,0.04866256238335312,0.005331280826325373
43004,selected_fixed_jump,311,0,110,8,8,0.0954854514968668,0.0054511509217855855
43004,selected_fixed_jump,311,0,110,16,11,0.03464316818364802,0.005909893091949127
43004,selected_fixed_jump,323,0,110,1,1,-0.05108685656070904,0.005417712174245099
43004,selected_fixed_jump,323,0,110,4,2,-0.15364949513180579,0.0034290427894558854
43004,selected_fixed_jump,323,0,110,8,2,-0.15364949513180579,0.0034290427894558854
43004,selected_fixed_jump,323,0,110,16,2,-0.15364949513180579,0.0034290427894558854
43004,selected_fixed_jump,326,0,110,1,1,0.5298820717441235,0.03241395540297284
43004,selected_fixed_jump,326,0,110,4,4,-0.07282975192544681,0.011691200256461922
43004,selected_fixed_jump,326,0,110,8,6,-0.1416050905506457,0.009335339733641515
43004,selected_fixed_jump,326,0,110,16,6,-0.1416050905506457,0.009335339733641515
43004,selected_fixed_jump,333,0,110,1,1,1.7411426114818254,0.049053257900833896
43004,selected_fixed_jump,333,0,110,4,4,0.32967915394139263,0.017946540767302233
43004,selected_fixed_jump,333,0,110,8,5,0.2641197408556614,0.023012953266319386
43004,selected_fixed_jump,333,0,110,16,5,0.2641197408556614,0.023012953266319386
43004,selected_fixed_jump,339,0,110,1,1,-0.16556897299588585,3.438969797015461e-05
43004,selected_fixed_jump,339,0,110,4,4,-0.2265468645250839,0.00968175136450472
43004,selected_fixed_jump,339,0,110,8,4,-0.2265468645250839,0.00968175136450472
43004,selected_fixed_jump,339,0,110,16,4,-0.2265468645250839,0.00968175136450472
43004,selected_fixed_jump,344,0,110,1,1,0.6115173785932613,0.08992785311158155
43004,selected_fixed_jump,344,0,110,4,4,0.7223521117090331,0.03871762683347888
43004,selected_fixed_jump,344,0,110,8,8,0.3376631022094726,0.0237215149277226
43004,selected_fixed_jump,344,0,110,16,16,0.3749843179551274,0.0196460304688522
43004,selected_fixed_jump,396,0,101,1,1,0.8814657809600579,0.21754468066544805
43004,selected_fixed_jump,396,0,101,4,2,2.7033018646289304,0.11192191535043927
43004,selected_fixed_jump,396,0,101,8,2,2.7033018646289304,0.11192191535043927
43004,selected_fixed_jump,396,0,101,16,2,2.7033018646289304,0.11192191535043927
43004,selected_fixed_jump,399,0,101,1,1,-0.15074945515374558,0.09069374871417307
43004,selected_fixed_jump,399,0,101,4,4,0.07047281139108896,0.08406797054073233
43004,selected_fixed_jump,399,0,101,8,8,0.035426565685344316,0.045324160643205054
43004,selected_fixed_jump,399,0,101,16,16,0.7347651097277639,0.0486724172567533
43004,selected_fixed_jump,434,0,101,1,1,-0.20799263274718943,0.4714672942645757
43004,selected_fixed_jump,434,0,101,4,4,4.798879533624245,0.4236036247643286
43004,selected_fixed_jump,434,0,101,8,4,4.798879533624245,0.4236036247643286
43004,selected_fixed_jump,434,0,101,16,4,4.798879533624245,0.4236036247643286
43004,selected_fixed_jump,439,0,101,1,1,3.9114014049506487,0.18836478413132277
43004,selected_fixed_jump,439,0,101,4,4,1.7543392884893392,0.07816718288390735
43004,selected_fixed_jump,439,0,101,8,8,1.1693678646021988,0.04752520364197059
43004,selected_fixed_jump,439,0,101,16,16,0.60684564143985,0.02956121886450032
43004,selected_fixed_jump,463,0,101,1,1,0.20444629659991603,0.009597125522634649
43004,selected_fixed_jump,463,0,101,4,4,2.0133100274467726,0.12207642748443731
43004,selected_fixed_jump,463,0,101,8,8,1.4921107100515303,0.07836577251702673
43004,selected_fixed_jump,463,0,101,16,11,1.9656107579708475,0.10539510211998424
43004,selected_fixed_jump,475,0,101,1,1,7.155519536426217,0.3681346294966353
43004,selected_fixed_jump,475,0,101,4,4,3.2251807387711406,0.20777629089371447
43004,selected_fixed_jump,475,0,101,8,8,2.503198773111639,0.18858264113342382
43004,selected_fixed_jump,475,0,101,16,10,2.642300232964373,0.1592357983608597
43004,selected_fixed_jump,486,0,101,1,1,1.8937748903902065,0.0011777710077742656
43004,selected_fixed_jump,486,0,101,4,4,1.1911716505849286,0.04425300540556842
43004,selected_fixed_jump,486,0,101,8,8,1.4151354109562821,0.19328320935941715
43004,selected_fixed_jump,486,0,101,16,16,1.3389605624679883,0.1297897695475134
43004,selected_fixed_jump,504,0,101,1,1,2.9299713370124407,0.0993472859816304
43004,selected_fixed_jump,504,0,101,4,4,0.8178837089514855,0.030644161860960285
43004,selected_fixed_jump,504,0,101,8,8,1.1775128680874638,0.07014066540402754
43004,selected_fixed_jump,504,0,101,16,9,1.5351610392902002,0.07056620337090926
43004,selected_fixed_jump,514,0,101,1,1,-0.11067910791407334,0.17456773829797612
43004,selected_fixed_jump,514,0,101,4,4,1.2865741867569496,0.058254392625529144
43004,selected_fixed_jump,514,0,101,8,8,0.93456127238937,0.07304815649054389
43004,selected_fixed_jump,514,0,101,16,16,1.3438786566876633,0.1046049085161533
43004,selected_fixed_jump,535,0,101,1,1,3.8745945950658247,0.11709057579773893
43004,selected_fixed_jump,535,0,101,4,4,1.4551313607679586,0.11252432926133196
43004,selected_fixed_jump,535,0,101,8,8,0.9285300979278683,0.08636022367589782
43004,selected_fixed_jump,535,0,101,16,13,0.651169541955579,0.07066617493976919
43004,selected_fixed_jump,549,0,101,1,1,0.5601213625168341,0.04047757423951025
43004,selected_fixed_jump,549,0,101,4,4,0.27903904811853975,0.026508841101341926
43004,selected_fixed_jump,549,0,101,8,8,0.9967348156453226,0.07762323699395654
43004,selected_fixed_jump,549,0,101,16,10,0.8106064861759309,0.06579054221685875
43004,selected_fixed_jump,561,0,101,1,1,7.353461215967961,0.3148778429008514
43004,selected_fixed_jump,561,0,101,4,4,3.762866100712972,0.3407315220496444
43004,selected_fixed_jump,561,0,101,8,8,2.919374436390373,0.21556982513860445
43004,selected_fixed_jump,561,0,101,16,16,2.0695811115484157,0.1565521753471452
43004,selected_fixed_jump,585,0,101,1,1,-0.11156870036372514,0.35429357517423254
43004,selected_fixed_jump,585,0,101,4,2,-0.18564743493376273,0.3862343269996232
43004,selected_fixed_jump,585,0,101,8,2,-0.18564743493376273,0.3862343269996232
43004,selected_fixed_jump,585,0,101,16,2,-0.18564743493376273,0.3862343269996232
43004,selected_fixed_jump,588,0,101,1,1,0.4443935731372383,0.03962482672900519
43004,selected_fixed_jump,588,0,101,4,3,0.1993640047809618,0.014622213036701819
43004,selected_fixed_jump,588,0,101,8,3,0.1993640047809618,0.014622213036701819
43004,selected_fixed_jump,588,0,101,16,3,0.1993640047809618,0.014622213036701819
43004,selected_fixed_jump,592,0,101,1,1,-0.10509122677732731,0.003651980947017468
43004,selected_fixed_jump,592,0,101,4,4,0.31064682010211886,0.07677706079563208
43004,selected_fixed_jump,592,0,101,8,8,0.42595695488571095,0.05045449888173873
43004,selected_fixed_jump,592,0,101,16,16,1.0551421618365069,0.0734675553729491
43004,selected_fixed_jump,611,0,101,1,1,1.1471519117136786,0.04188519346920653
43004,selected_fixed_jump,611,0,101,4,4,0.3823736777298979,0.02144917079940298
43004,selected_fixed_jump,611,0,101,8,8,0.48448210110838386,0.04896325396530626
43004,selected_fixed_jump,611,0,101,16,13,0.30074483436526295,0.03731286734378844
43004,selected_fixed_jump,625,0,101,1,1,1.4331408439430726,0.5699033533810375
43004,selected_fixed_jump,625,0,101,4,4,1.133214350620828,0.2336075072949961
43004,selected_fixed_jump,625,0,101,8,8,0.9047162878665174,0.16268783805106074
43004,selected_fixed_jump,625,0,101,16,16,1.296605059187343,0.12703203012962358
43004,selected_fixed_jump,644,0,111,1,1,1.0168219267682994,0.05555115609525038
43004,selected_fixed_jump,644,0,111,4,4,0.6074875930733287,0.025097277304580678
43004,selected_fixed_jump,644,0,111,8,8,1.3360404306155602,0.027995722733895063
43004,selected_fixed_jump,644,0,111,16,16,1.5308916071545957,0.03482114144428662
43004,selected_fixed_jump,682,0,111,1,1,1.0170148090859013,0.7348427950372183
43004,selected_fixed_jump,682,0,111,4,4,1.414672701522647,0.21558807309579478
43004,selected_fixed_jump,682,0,111,8,8,0.88985977345583,0.11485773520900736
43004,selected_fixed_jump,682,0,111,16,16,1.0303853042768916,0.09745362160214288
43004,selected_fixed_jump,706,0,111,1,1,-0.17217892435927018,0.7112038119910417
43004,selected_fixed_jump,706,0,111,4,4,1.6203629075255375,0.43108716414739684
43004,selected_fixed_jump,706,0,111,8,8,1.9713154198737652,0.223521363787016
43004,selected_fixed_jump,706,0,111,16,11,1.8707728056870445,0.1991025565929637
43004,selected_fixed_jump,718,0,111,1,1,0.09459659218167173,0.0380683626111407
43004,selected_fixed_jump,718,0,111,4,4,2.148327423535998,0.05879080706338016
43004,selected_fixed_jump,718,0,111,8,8,1.208854774912341,0.06879987446378918
43004,selected_fixed_jump,718,0,111,16,16,1.2370741185283483,0.06365244049159918
43004,selected_fixed_jump,740,0,111,1,1,0.17496349282265045,0.003375236222846846
43004,selected_fixed_jump,740,0,111,4,4,0.7978689503241044,0.06944179316695352
43004,selected_fixed_jump,740,0,111,8,8,2.6813629011565276,0.24243475424974997
43004,selected_fixed_jump,740,0,111,16,16,2.4423315609613163,0.1390822472370856
43004,selected_fixed_jump,758,0,111,1,1,0.26673909392831024,0.23120813835379195
43004,selected_fixed_jump,758,0,111,4,4,1.9796589424815956,0.3386805662048614
43004,selected_fixed_jump,758,0,111,8,8,2.4849501121855093,0.30561778208475787
43004,selected_fixed_jump,758,0,111,16,16,1.5821090767498527,0.18153162270299728
43004,selected_fixed_jump,937,0,111,1,1,1.7273686785883322,0.007614574402608958
43004,selected_fixed_jump,937,0,111,4,4,0.6913477397699291,0.011267811677167235
43004,selected_fixed_jump,937,0,111,8,8,0.9750046518018638,0.0358417178429269
43004,selected_fixed_jump,937,0,111,16,16,1.0697483341194518,0.08535649795509295
43004,selected_fixed_jump,987,0,111,1,1,1.8474539948567965,0.07596403884721867
43004,selected_fixed_jump,987,0,111,4,4,0.2622713798467916,0.10419610504613502
43004,selected_fixed_jump,987,0,111,8,8,0.2469438466202355,0.060603351905999345
43004,selected_fixed_jump,987,0,111,16,16,1.6416046249202876,0.12643794673645653
43004,selected_fixed_jump,1049,0,111,1,1,0.5965284182299799,0.09435007099866104
43004,selected_fixed_jump,1049,0,111,4,4,1.0659919397590056,0.09231709413649443
43004,selected_fixed_jump,1049,0,111,8,8,0.680731285664114,0.05568044401462244
43004,selected_fixed_jump,1049,0,111,16,15,0.932549723813555,0.12983286657775658
43004,selected_fixed_jump,1065,0,111,1,1,0.6911923003376711,0.029463758153960018
43004,selected_fixed_jump,1065,0,111,4,4,1.3811742720199565,0.029649680229601398
43004,selected_fixed_jump,1065,0,111,8,8,1.0495691484632461,0.06815423109526494
43004,selected_fixed_jump,1065,0,111,16,15,1.2776180793604972,0.06441031384167982
43004,selected_fixed_jump,1082,0,111,1,1,0.37264027108912456,0.0004417242630017855
43004,selected_fixed_jump,1082,0,111,4,4,0.6529562305680547,0.06475185578953939
43004,selected_fixed_jump,1082,0,111,8,8,0.1710022443928485,0.04130798682455679
43004,selected_fixed_jump,1082,0,111,16,16,0.0018507016903068774,0.027324931655551405
43004,selected_fixed_jump,1115,0,110,1,1,0.3985536634624429,0.000524257992643394
43004,selected_fixed_jump,1115,0,110,4,4,0.24114544340856642,0.005897169185478345
43004,selected_fixed_jump,1115,0,110,8,8,0.26258313997815697,0.011525069659494302
43004,selected_fixed_jump,1115,0,110,16,13,0.2537936891127551,0.01054727346671833
43004,selected_fixed_jump,1129,0,110,1,1,-0.20429204158968337,0.0021823412175629047
43004,selected_fixed_jump,1129,0,110,4,4,-0.1523677211057067,0.035132768658629375
43004,selected_fixed_jump,1129,0,110,8,5,-0.09067888786441175,0.030084498609077626
43004,selected_fixed_jump,1129,0,110,16,5,-0.09067888786441175,0.030084498609077626
43004,selected_fixed_jump,1135,0,110,1,1,0.39583960023786763,2.1404554088142477e-07
43004,selected_fixed_jump,1135,0,110,4,4,0.25385684718999735,0.01227990096649573
43004,selected_fixed_jump,1135,0,110,8,6,0.19765921065219752,0.01802477115517862
43004,selected_fixed_jump,1135,0,110,16,6,0.19765921065219752,0.01802477115517862
43004,selected_fixed_jump,1142,0,110,1,1,-0.041678309314094455,0.024489732588967788
43004,selected_fixed_jump,1142,0,110,4,4,0.11228024063062876,0.011777753058701872
43004,selected_fixed_jump,1142,0,110,8,8,0.08969129011003214,0.01325685695598795
43004,selected_fixed_jump,1142,0,110,16,9,0.052179807374298615,0.01179855963687042
43004,selected_fixed_jump,1165,1,111,1,1,-0.06604512840359508,0.028267248940030347
43004,selected_fixed_jump,1165,1,111,4,4,0.25753532155352565,0.03009072354159112
43004,selected_fixed_jump,1165,1,111,8,8,1.1647596289797488,0.05514288914188215
43004,selected_fixed_jump,1165,1,111,16,16,1.0823594573936484,0.057842197904028655
43004,selected_fixed_jump,1208,1,111,1,1,6.533166726245083,0.8712119392833174
43004,selected_fixed_jump,1208,1,111,4,4,3.7937750439320483,0.42060329941153995
43004,selected_fixed_jump,1208,1,111,8,8,2.0515399032779946,0.24049038029791617
43004,selected_fixed_jump,1208,1,111,16,16,1.466339900076091,0.15229518202667702
43004,selected_fixed_jump,1234,1,111,1,1,0.22015298002965494,0.22551937957972637
43004,selected_fixed_jump,1234,1,111,4,4,0.7062448114970858,0.11229053039979746
43004,selected_fixed_jump,1234,1,111,8,8,0.49482980205871313,0.06517530730625422
43004,selected_fixed_jump,1234,1,111,16,16,0.45151469408647005,0.05787405810116952
43004,selected_fixed_jump,1268,1,111,1,1,0.4771197577572443,0.07615686085365862
43004,selected_fixed_jump,1268,1,111,4,4,1.352260165026261,0.06854618376454834
43004,selected_fixed_jump,1268,1,111,8,8,1.029213148542,0.05078185334897839
43004,selected_fixed_jump,1268,1,111,16,16,0.9396902161937305,0.04113236679681575
43004,selected_fixed_jump,1290,1,111,1,1,0.6673292059319833,0.11467839582083396
43004,selected_fixed_jump,1290,1,111,4,4,1.0615484691425583,0.09681176865530776
43004,selected_fixed_jump,1290,1,111,8,8,0.8943978296258746,0.07556559008042707
43004,selected_fixed_jump,1290,1,111,16,10,0.7886556943395845,0.0659087183025389
43004,selected_fixed_jump,1301,1,111,1,1,0.26538815405533395,0.04402438179207395
43004,selected_fixed_jump,1301,1,111,4,4,0.1725526111317874,0.15946230164091119
43004,selected_fixed_jump,1301,1,111,8,8,0.9183915889051523,0.1217860740734082
43004,selected_fixed_jump,1301,1,111,16,16,1.1698295164136154,0.11923511274415777
43004,selected_fixed_jump,1346,1,111,1,1,0.3859093606179862,0.00828747562563004
43004,selected_fixed_jump,1346,1,111,4,1,0.3859093606179862,0.00828747562563004
43004,selected_fixed_jump,1346,1,111,8,1,0.3859093606179862,0.00828747562563004
43004,selected_fixed_jump,1346,1,111,16,1,0.3859093606179862,0.00828747562563004
43004,selected_fixed_jump,1348,1,111,1,1,0.14510408530249116,0.026082507259478693
43004,selected_fixed_jump,1348,1,111,4,4,0.5760185740606645,0.0573502622276447
43004,selected_fixed_jump,1348,1,111,8,8,0.4842457251195344,0.04640773568861721
43004,selected_fixed_jump,1348,1,111,16,13,0.2794404226514127,0.03238489641934568
43004,selected_fixed_jump,1362,1,111,1,1,0.09668993411697337,0.001055510732890639
43004,selected_fixed_jump,1362,1,111,4,4,1.000342674354034,0.004304633614358988
43004,selected_fixed_jump,1362,1,111,8,8,1.6027319337377184,0.04279142857898283
43004,selected_fixed_jump,1362,1,111,16,16,1.0319506154393443,0.043483272294126546
43004,selected_fixed_jump,1410,1,011,1,1,2.3578129882931935,0.07410402944342381
43004,selected_fixed_jump,1410,1,011,4,4,3.082193938895532,0.07027240027964811
43004,selected_fixed_jump,1410,1,011,8,8,1.9592729536817077,0.063948675021227
43004,selected_fixed_jump,1410,1,011,16,16,1.5994333893147301,0.056677228808136006
43004,selected_fixed_jump,1550,1,101,1,1,-0.2228003013965149,0.32041722346553825
43004,selected_fixed_jump,1550,1,101,4,4,1.5045319375376036,0.3056422398594142
43004,selected_fixed_jump,1550,1,101,8,8,0.9789659965950305,0.17911991962584642
43004,selected_fixed_jump,1550,1,101,16,16,1.2168420666830235,0.13410849398425823
43004,selected_fixed_jump,1568,1,101,1,1,2.309461549974148,0.025610708798087595
43004,selected_fixed_jump,1568,1,101,4,3,0.9050042157494181,0.012834825103328203
43004,selected_fixed_jump,1568,1,101,8,3,0.9050042157494181,0.012834825103328203
43004,selected_fixed_jump,1568,1,101,16,3,0.9050042157494181,0.012834825103328203
43004,selected_fixed_jump,1572,1,101,1,1,0.8895533182515197,0.016417034326915155
43004,selected_fixed_jump,1572,1,101,4,4,0.5870940519611838,0.05894588911268715
43004,selected_fixed_jump,1572,1,101,8,8,0.18806157612909738,0.03446612253015623
43004,selected_fixed_jump,1572,1,101,16,16,0.4174377029378929,0.02745447177823162
43004,selected_fixed_jump,1590,1,101,1,1,0.4480205472369073,4.405429763628059e-05
43004,selected_fixed_jump,1590,1,101,4,4,1.229344462629674,0.06893015177820692
43004,selected_fixed_jump,1590,1,101,8,5,1.018017037960062,0.06070195804388506
43004,selected_fixed_jump,1590,1,101,16,5,1.018017037960062,0.06070195804388506
43004,selected_fixed_jump,1596,1,101,1,1,-0.22006258654491712,0.0590417823468334
43004,selected_fixed_jump,1596,1,101,4,4,0.027888581901462504,0.02723078758395787
43004,selected_fixed_jump,1596,1,101,8,4,0.027888581901462504,0.02723078758395787
43004,selected_fixed_jump,1596,1,101,16,4,0.027888581901462504,0.02723078758395787
43004,selected_fixed_jump,1601,1,101,1,1,2.0995575979861045,0.03564062421092925
43004,selected_fixed_jump,1601,1,101,4,4,1.303335534386023,0.08031878085019042
43004,selected_fixed_jump,1601,1,101,8,8,1.7104539502789884,0.0989197011388066
43004,selected_fixed_jump,1601,1,101,16,16,1.9053387899426872,0.12266745249112285
43004,selected_fixed_jump,1628,1,101,1,1,0.08067809161641734,0.14528225491747956
43004,selected_fixed_jump,1628,1,101,4,4,2.280475549404547,0.25051040084769305
43004,selected_fixed_jump,1628,1,101,8,8,1.2337012219154233,0.13281244322050814
43004,selected_fixed_jump,1628,1,101,16,16,0.8708136040547902,0.09269834927090605
43004,selected_fixed_jump,1659,1,101,1,1,0.013065625821770715,0.38901519152630953
43004,selected_fixed_jump,1659,1,101,4,4,1.265740656528053,0.10616676950876291
43004,selected_fixed_jump,1659,1,101,8,8,1.384276258371595,0.08841639665461226
43004,selected_fixed_jump,1659,1,101,16,16,1.326201202422828,0.05814802599902274
43004,selected_fixed_jump,1678,1,101,1,1,-0.30527610666875993,0.09938612148929057
43004,selected_fixed_jump,1678,1,101,4,4,0.9312931781863247,0.08413625947447047
43004,selected_fixed_jump,1678,1,101,8,8,1.2443941562864298,0.0671607092375658
43004,selected_fixed_jump,1678,1,101,16,16,1.4774011290780527,0.09553730982264715
43004,selected_fixed_jump,1695,1,101,1,1,-0.21257428769312922,0.008367270676709672
43004,selected_fixed_jump,1695,1,101,4,4,-0.051687458018143714,0.005190157074000466
43004,selected_fixed_jump,1695,1,101,8,8,-0.11518750666726625,0.007974200681266329
43004,selected_fixed_jump,1695,1,101,16,15,0.03820271968512868,0.012030063585882171
43004,selected_fixed_jump,1711,1,110,1,1,-0.1005159609551137,0.01653421447553384
43004,selected_fixed_jump,1711,1,110,4,4,-0.17416645520725546,0.009275447244032066
43004,selected_fixed_jump,1711,1,110,8,8,0.11823239232117765,0.015412761217331226
43004,selected_fixed_jump,1711,1,110,16,16,0.03835731747870008,0.013847999926999647
43004,selected_fixed_jump,1734,1,110,1,1,-0.1388127208681867,0.010302518921851661
43004,selected_fixed_jump,1734,1,110,4,4,0.007856842475793185,0.024630855883237615
43004,selected_fixed_jump,1734,1,110,8,6,-0.05752618234242186,0.01869685333623564
43004,selected_fixed_jump,1734,1,110,16,6,-0.05752618234242186,0.01869685333623564
43004,selected_fixed_jump,1741,1,110,1,1,-0.13313122026348773,2.8503456033790233e-05
43004,selected_fixed_jump,1741,1,110,4,1,-0.13313122026348773,2.8503456033790233e-05
43004,selected_fixed_jump,1741,1,110,8,1,-0.13313122026348773,2.8503456033790233e-05
43004,selected_fixed_jump,1741,1,110,16,1,-0.13313122026348773,2.8503456033790233e-05
43004,selected_fixed_jump,1743,1,110,1,1,-0.1902067524674234,0.0017282994250059553
43004,selected_fixed_jump,1743,1,110,4,4,-0.11686904005628082,0.021526491076053374
43004,selected_fixed_jump,1743,1,110,8,8,-0.09074838002252238,0.013645598708006124
43004,selected_fixed_jump,1743,1,110,16,15,0.1234012454049713,0.016910649632045423
43004,selected_fixed_jump,1760,1,110,1,1,-0.21019675585286962,0.004670234844716773
43004,selected_fixed_jump,1760,1,110,4,4,0.9670123229540537,0.08827099091761872
43004,selected_fixed_jump,1760,1,110,8,8,0.765495410843974,0.07414704413965843
43004,selected_fixed_jump,1760,1,110,16,15,0.35924810910095595,0.040814588502399364
43004,selected_fixed_jump,1777,1,110,1,1,-0.14403152698213972,0.0002168589952095366
43004,selected_fixed_jump,1777,1,110,4,4,0.07092599560595221,0.015493779753401951
43004,selected_fixed_jump,1777,1,110,8,8,-0.02486029731086034,0.008607711296065702
43004,selected_fixed_jump,1777,1,110,16,16,0.03713223642754195,0.007018389792998257
43004,selected_fixed_jump,1832,1,101,1,1,1.2788688826342063,0.005029165605648251
43004,selected_fixed_jump,1832,1,101,4,4,0.6199713991024478,0.10815092962915182
43004,selected_fixed_jump,1832,1,101,8,6,0.3607130295375039,0.1432053718345694
43004,selected_fixed_jump,1832,1,101,16,6,0.3607130295375039,0.1432053718345694
43004,selected_fixed_jump,1839,1,101,1,1,-0.19799906111334623,0.014277171454721927
43004,selected_fixed_jump,1839,1,101,4,4,0.8023752459370582,0.0496530443583796
43004,selected_fixed_jump,1839,1,101,8,8,1.5603738464862154,0.05533404790612054
43004,selected_fixed_jump,1839,1,101,16,16,1.3954001933079558,0.07713101044066419
43004,selected_fixed_jump,1877,1,101,1,1,4.368198815898631,0.01891353447063677
43004,selected_fixed_jump,1877,1,101,4,4,1.983287175152785,0.03222001378452738
43004,selected_fixed_jump,1877,1,101,8,8,1.3360469152636183,0.04336519804996289
43004,selected_fixed_jump,1877,1,101,16,16,1.006895950674618,0.052528038285304564
43004,selected_fixed_jump,1902,1,101,1,1,0.18218788137706093,0.10455490680400743
43004,selected_fixed_jump,1902,1,101,4,4,0.5641959353631477,0.060890580777387064
43004,selected_fixed_jump,1902,1,101,8,8,0.44929827720694454,0.05505894497794184
43004,selected_fixed_jump,1902,1,101,16,15,0.841229020742323,0.04547572892630528
43004,selected_fixed_jump,1918,1,101,1,1,2.6660831215424543,0.07776833984318594
43004,selected_fixed_jump,1918,1,101,4,4,2.2921856027208514,0.11570545067045845
43004,selected_fixed_jump,1918,1,101,8,8,2.5045865798696667,0.22348406720004416
43004,selected_fixed_jump,1918,1,101,16,16,1.547514191460972,0.12407512297219173
43004,selected_fixed_jump,2081,1,110,1,1,-0.04502968938909738,0.05563438193637979
43004,selected_fixed_jump,2081,1,110,4,1,-0.04502968938909738,0.05563438193637979
43004,selected_fixed_jump,2081,1,110,8,1,-0.04502968938909738,0.05563438193637979
43004,selected_fixed_jump,2081,1,110,16,1,-0.04502968938909738,0.05563438193637979
43004,selected_fixed_jump,2083,1,110,1,1,-0.15747557408447163,0.008206016469848785
43004,selected_fixed_jump,2083,1,110,4,4,0.25953363167949395,0.06010670450057054
43004,selected_fixed_jump,2083,1,110,8,8,0.002258366481555363,0.038951297467139205
43004,selected_fixed_jump,2083,1,110,16,16,0.1785115224239876,0.03362705376819093
43004,selected_fixed_jump,2141,1,110,1,1,-0.042703104689471326,0.015992801466750466
43004,selected_fixed_jump,2141,1,110,4,2,0.32807877830975196,0.05200915131727439
43004,selected_fixed_jump,2141,1,110,8,2,0.32807877830975196,0.05200915131727439
43004,selected_fixed_jump,2141,1,110,16,2,0.32807877830975196,0.05200915131727439
43004,selected_fixed_jump,2144,1,110,1,1,0.09680967541702154,0.033607023043012205
43004,selected_fixed_jump,2144,1,110,4,4,-0.027927736451893927,0.013198964128804579
43004,selected_fixed_jump,2144,1,110,8,8,0.35736207508396123,0.02306041029129573
43004,selected_fixed_jump,2144,1,110,16,16,0.1611877029625493,0.017068002853589864
43004,selected_fixed_jump,2168,1,110,1,1,1.485098815813249,0.027791913759163744
43004,selected_fixed_jump,2168,1,110,4,4,0.13606041737828528,0.014932657915195102
43004,selected_fixed_jump,2168,1,110,8,8,0.3504793661108456,0.01849210673267176
43004,selected_fixed_jump,2168,1,110,16,16,1.0456384274119022,0.11758717156069776
43004,selected_fixed_jump,2209,1,111,1,1,-0.020786843929218254,4.478010577283443e-05
43004,selected_fixed_jump,2209,1,111,4,4,-0.12537127605440676,0.02310775439763524
43004,selected_fixed_jump,2209,1,111,8,8,1.0020695430050708,0.040193957910555245
43004,selected_fixed_jump,2209,1,111,16,12,0.7584039069466119,0.057032591850536406
43004,selected_fixed_jump,2222,1,111,1,1,0.8025163774017136,0.006925335759534445
43004,selected_fixed_jump,2222,1,111,4,1,0.8025163774017136,0.006925335759534445
43004,selected_fixed_jump,2222,1,111,8,1,0.8025163774017136,0.006925335759534445
43004,selected_fixed_jump,2222,1,111,16,1,0.8025163774017136,0.006925335759534445
43004,selected_fixed_jump,2224,1,111,1,1,0.08253943083641853,0.7223511697652898
43004,selected_fixed_jump,2224,1,111,4,4,2.7746247479754933,0.30933348975767494
43004,selected_fixed_jump,2224,1,111,8,5,3.074006250597274,0.24759254160740968
43004,selected_fixed_jump,2224,1,111,16,5,3.074006250597274,0.24759254160740968
43004,selected_fixed_jump,2230,1,111,1,1,0.36396309115181297,0.12397967201098826
43004,selected_fixed_jump,2230,1,111,4,4,0.8252470032184838,0.0954025192844029
43004,selected_fixed_jump,2230,1,111,8,8,1.2836619332289188,0.0750643201317594
43004,selected_fixed_jump,2230,1,111,16,16,0.6256298126397724,0.051207260581678515
43004,selected_fixed_jump,2247,1,110,1,1,-0.29794561557645066,0.011991289664142079
43004,selected_fixed_jump,2247,1,110,4,4,-0.017498377261955182,0.006414964006554202
43004,selected_fixed_jump,2247,1,110,8,8,-0.10627200874743273,0.00624913091270475
43004,selected_fixed_jump,2247,1,110,16,16,-0.026642860672983548,0.010070037468731858
43004,selected_fixed_jump,2281,1,110,1,1,-0.18846010920706108,0.0021631142262311448
43004,selected_fixed_jump,2281,1,110,4,4,-0.07054278593179852,0.005509341579430763
43004,selected_fixed_jump,2281,1,110,8,4,-0.07054278593179852,0.005509341579430763
43004,selected_fixed_jump,2281,1,110,16,4,-0.07054278593179852,0.005509341579430763
43004,selected_fixed_jump,2286,1,110,1,1,0.41012037974962756,0.0445422476718732
43004,selected_fixed_jump,2286,1,110,4,4,0.2638960622682925,0.015498821730033713
43004,selected_fixed_jump,2286,1,110,8,8,0.21204474807499804,0.031116669763318124
43004,selected_fixed_jump,2286,1,110,16,16,0.0952558207240997,0.02376285184202744
43004,selected_fixed_jump,2307,2,111,1,1,2.060700887090956,0.017543968509787726
43004,selected_fixed_jump,2307,2,111,4,3,1.1825928646831512,0.024143385104930193
43004,selected_fixed_jump,2307,2,111,8,3,1.1825928646831512,0.024143385104930193
43004,selected_fixed_jump,2307,2,111,16,3,1.1825928646831512,0.024143385104930193
43004,selected_fixed_jump,2311,2,111,1,1,1.1073433020757144,0.007107424418250413
43004,selected_fixed_jump,2311,2,111,4,4,0.5461074702954396,0.024996534581987598
43004,selected_fixed_jump,2311,2,111,8,8,1.2149987249232195,0.028737088633341297
43004,selected_fixed_jump,2311,2,111,16,15,1.3099187879786724,0.024583125420036267
43004,selected_fixed_jump,2327,2,111,1,1,0.8490709251199078,0.01583693536404785
43004,selected_fixed_jump,2327,2,111,4,1,0.8490709251199078,0.01583693536404785
43004,selected_fixed_jump,2327,2,111,8,1,0.8490709251199078,0.01583693536404785
43004,selected_fixed_jump,2327,2,111,16,1,0.8490709251199078,0.01583693536404785
43004,selected_fixed_jump,2329,2,111,1,1,1.5205881817954499,0.0605498392851409
43004,selected_fixed_jump,2329,2,111,4,4,0.824885175580004,0.05645325994203167
43004,selected_fixed_jump,2329,2,111,8,8,0.611294333766681,0.04518978279818048
43004,selected_fixed_jump,2329,2,111,16,16,0.7669881652728441,0.051155947805837196
43004,selected_fixed_jump,2389,2,111,1,1,1.4078819877025532,0.1572049223654884
43004,selected_fixed_jump,2389,2,111,4,4,2.1225041923081136,0.28757828599003143
43004,selected_fixed_jump,2389,2,111,8,8,1.3119601575993431,0.18646112654901986
43004,selected_fixed_jump,2389,2,111,16,16,1.3742172412961693,0.13347747440121677
43004,selected_fixed_jump,2410,2,111,1,1,0.004840958783711642,0.001006768912970147
43004,selected_fixed_jump,2410,2,111,4,3,0.34989737930061465,0.02589764876331638
43004,selected_fixed_jump,2410,2,111,8,3,0.34989737930061465,0.02589764876331638
43004,selected_fixed_jump,2410,2,111,16,3,0.34989737930061465,0.02589764876331638
43004,selected_fixed_jump,2414,2,111,1,1,3.762485015232345,0.00020667308017363123
43004,selected_fixed_jump,2414,2,111,4,4,1.0710549970577599,0.014780631252643039
43004,selected_fixed_jump,2414,2,111,8,7,1.094225706067736,0.01779012654188446
43004,selected_fixed_jump,2414,2,111,16,7,1.094225706067736,0.01779012654188446
43004,selected_fixed_jump,2422,2,111,1,1,4.621008771857795,0.14746245789053905
43004,selected_fixed_jump,2422,2,111,4,4,1.3898763772419207,0.0727885728822853
43004,selected_fixed_jump,2422,2,111,8,8,1.7337750830734953,0.08840411308676502
43004,selected_fixed_jump,2422,2,111,16,16,1.2059426221202185,0.05465094844910012
43004,selected_fixed_jump,2459,2,101,1,1,4.9880127627287285,0.10640419699563824
43004,selected_fixed_jump,2459,2,101,4,4,2.0766191750031537,0.05507782141056219
43004,selected_fixed_jump,2459,2,101,8,4,2.0766191750031537,0.05507782141056219
43004,selected_fixed_jump,2459,2,101,16,4,2.0766191750031537,0.05507782141056219
43004,selected_fixed_jump,2464,2,101,1,1,2.4182904499014883,0.08909458690754708
43004,selected_fixed_jump,2464,2,101,4,1,2.4182904499014883,0.08909458690754708
43004,selected_fixed_jump,2464,2,101,8,1,2.4182904499014883,0.08909458690754708
43004,selected_fixed_jump,2464,2,101,16,1,2.4182904499014883,0.08909458690754708
43004,selected_fixed_jump,2466,2,101,1,1,0.07332570801278238,0.006925452540835252
43004,selected_fixed_jump,2466,2,101,4,4,1.7843386331705335,0.07449772072653951
43004,selected_fixed_jump,2466,2,101,8,6,1.553745614548804,0.055994990587051235
43004,selected_fixed_jump,2466,2,101,16,6,1.553745614548804,0.055994990587051235
43004,selected_fixed_jump,2473,2,101,1,1,0.013554938717063834,0.06070841058481907
43004,selected_fixed_jump,2473,2,101,4,4,0.9425134532554731,0.04929182372149899
43004,selected_fixed_jump,2473,2,101,8,8,0.4865461466276155,0.03952762200715264
43004,selected_fixed_jump,2473,2,101,16,16,0.7780439414105897,0.03756960028826453
43004,selected_fixed_jump,2494,2,101,1,1,0.4181551260259878,0.029329181117923955
43004,selected_fixed_jump,2494,2,101,4,4,0.40616141702688896,0.020918167182460357
43004,selected_fixed_jump,2494,2,101,8,8,0.9064218887246973,0.04494197327649094
43004,selected_fixed_jump,2494,2,101,16,14,0.6139098947333871,0.035468901777594104
43004,selected_fixed_jump,2509,2,101,1,1,0.43016286148842087,0.005639112879753131
43004,selected_fixed_jump,2509,2,101,4,1,0.43016286148842087,0.005639112879753131
43004,selected_fixed_jump,2509,2,101,8,1,0.43016286148842087,0.005639112879753131
43004,selected_fixed_jump,2509,2,101,16,1,0.43016286148842087,0.005639112879753131
43004,selected_fixed_jump,2512,2,101,1,1,2.9062198759649744,0.2986522509627513
43004,selected_fixed_jump,2512,2,101,4,2,1.8835769802767075,0.18814795564435885
43004,selected_fixed_jump,2512,2,101,8,2,1.8835769802767075,0.18814795564435885
43004,selected_fixed_jump,2512,2,101,16,2,1.8835769802767075,0.18814795564435885
43004,selected_fixed_jump,2515,2,101,1,1,0.8648254740944183,0.04103829780381409
43004,selected_fixed_jump,2515,2,101,4,4,0.1103560819170895,0.014172674160406587
43004,selected_fixed_jump,2515,2,101,8,8,0.6806574222124021,0.01815116231541154
43004,selected_fixed_jump,2515,2,101,16,16,0.8229700476794481,0.029431576447295684
43004,selected_fixed_jump,2610,2,111,1,1,3.250993344115017,0.13232777157136952
43004,selected_fixed_jump,2610,2,111,4,4,3.370234168653503,0.10801731030889873
43004,selected_fixed_jump,2610,2,111,8,8,2.289801980241044,0.08896706465290735
43004,selected_fixed_jump,2610,2,111,16,16,2.9396778920688558,0.1675362720358884
43004,selected_fixed_jump,2631,2,111,1,1,2.2174883374089154,0.09815975904827516
43004,selected_fixed_jump,2631,2,111,4,4,1.2678974966079264,0.033783158995839634
43004,selected_fixed_jump,2631,2,111,8,8,1.0894209227077376,0.056085652173077497
43004,selected_fixed_jump,2631,2,111,16,10,1.1576974838182443,0.04520045534833213
43004,selected_fixed_jump,2643,2,111,1,1,0.48971929180143897,0.1404229328034359
43004,selected_fixed_jump,2643,2,111,4,4,0.2575736158857265,0.07651695911652444
43004,selected_fixed_jump,2643,2,111,8,8,0.16930121978966967,0.056944413863879675
43004,selected_fixed_jump,2643,2,111,16,16,0.11191732189418364,0.03781917678549382
43004,selected_fixed_jump,2708,2,011,1,1,-0.11330006553326262,0.0045940002568967304
43004,selected_fixed_jump,2708,2,011,4,4,2.3178401853597665,0.19716391176034392
43004,selected_fixed_jump,2708,2,011,8,8,1.3547888416546572,0.11894963016780154
43004,selected_fixed_jump,2708,2,011,16,16,1.0911267194342376,0.130274017782113
43004,selected_fixed_jump,2762,2,011,1,1,0.052227049904429154,0.1071141125835496
43004,selected_fixed_jump,2762,2,011,4,4,2.266998844538315,0.12832786588480205
43004,selected_fixed_jump,2762,2,011,8,8,2.685542025373591,0.34342496734212824
43004,selected_fixed_jump,2762,2,011,16,16,2.0785211966833077,0.20061320245693512
43004,selected_fixed_jump,2794,2,110,1,1,0.7243544154026804,0.021591859138570202
43004,selected_fixed_jump,2794,2,110,4,2,0.2941111748430493,0.010818709313632893
43004,selected_fixed_jump,2794,2,110,8,2,0.2941111748430493,0.010818709313632893
43004,selected_fixed_jump,2794,2,110,16,2,0.2941111748430493,0.010818709313632893
43004,selected_fixed_jump,2797,2,110,1,1,-0.2198944461579496,0.0010699051852754609
43004,selected_fixed_jump,2797,2,110,4,4,-0.211834630746996,0.006857794028605755
43004,selected_fixed_jump,2797,2,110,8,8,-0.025887067000714636,0.012072115185704883
43004,selected_fixed_jump,2797,2,110,16,8,-0.025887067000714636,0.012072115185704883
43004,selected_fixed_jump,2807,2,110,1,1,-0.08165942788042539,0.003975199325823198
43004,selected_fixed_jump,2807,2,110,4,4,0.1763160117489051,0.01685053313828287
43004,selected_fixed_jump,2807,2,110,8,8,0.07579759760515864,0.009774793483223633
43004,selected_fixed_jump,2807,2,110,16,16,-0.010849399904273381,0.00981349506676828
43004,selected_fixed_jump,2836,2,110,1,1,0.5705752548745255,0.01643338835076173
43004,selected_fixed_jump,2836,2,110,4,4,0.5244160421580719,0.019080549079083405
43004,selected_fixed_jump,2836,2,110,8,8,0.21188219140542836,0.012940946326455649
43004,selected_fixed_jump,2836,2,110,16,16,0.17523049255064546,0.018714475509513627
43004,selected_fixed_jump,2863,2,110,1,1,0.7837877273235326,0.027364555257721274
43004,selected_fixed_jump,2863,2,110,4,4,0.0860035551336649,0.014875098779338678
43004,selected_fixed_jump,2863,2,110,8,8,-0.11595527702145514,0.01641497952660912
43004,selected_fixed_jump,2863,2,110,16,16,0.05067305387241886,0.015312463642506602
43004,selected_fixed_jump,2884,2,110,1,1,-0.2755419604428021,0.005112372706450813
43004,selected_fixed_jump,2884,2,110,4,4,-0.23873359225587976,0.012734281856374163
43004,selected_fixed_jump,2884,2,110,8,8,-0.1091560460070467,0.013825398597804368
43004,selected_fixed_jump,2884,2,110,16,15,0.13591874519516353,0.016742055112673217
43004,selected_fixed_jump,2900,2,110,1,1,-0.03670149455331348,0.000847109870109421
43004,selected_fixed_jump,2900,2,110,4,4,0.27449573928588555,0.05813380530931529
43004,selected_fixed_jump,2900,2,110,8,8,0.2103934083094418,0.03385478312970419
43004,selected_fixed_jump,2900,2,110,16,16,0.07912159152705492,0.019546588109827075
43004,selected_fixed_jump,2934,2,110,1,1,0.9524086867232311,0.039565312364397816
43004,selected_fixed_jump,2934,2,110,4,4,0.19786311332615322,0.013473337319165389
43004,selected_fixed_jump,2934,2,110,8,8,0.3740159689123558,0.01969273096314704
43004,selected_fixed_jump,2934,2,110,16,10,0.5193727054372282,0.019737046746013887
43004,selected_fixed_jump,2945,2,101,1,1,0.004517824415570218,0.002326605842011107
43004,selected_fixed_jump,2945,2,101,4,4,0.5238749856777666,0.013968184826036081
43004,selected_fixed_jump,2945,2,101,8,8,0.2591356568715565,0.02817742283281545
43004,selected_fixed_jump,2945,2,101,16,16,0.4047473031562421,0.04635892375449738
43004,selected_fixed_jump,2968,2,101,1,1,0.1345550238868039,0.024822891730660903
43004,selected_fixed_jump,2968,2,101,4,1,0.1345550238868039,0.024822891730660903
43004,selected_fixed_jump,2968,2,101,8,1,0.1345550238868039,0.024822891730660903
43004,selected_fixed_jump,2968,2,101,16,1,0.1345550238868039,0.024822891730660903
43004,selected_fixed_jump,2971,2,101,1,1,0.9019955868274326,0.25465984500814304
43004,selected_fixed_jump,2971,2,101,4,4,1.381288601446601,0.0909320169954623
43004,selected_fixed_jump,2971,2,101,8,8,0.8201325749210824,0.0529642134931754
43004,selected_fixed_jump,2971,2,101,16,16,0.7642431683096766,0.04527034455359576
43004,selected_fixed_jump,3034,2,101,1,1,0.14965651521424533,0.015549044354907669
43004,selected_fixed_jump,3034,2,101,4,4,0.598506926628267,0.032297272661096846
43004,selected_fixed_jump,3034,2,101,8,8,0.9324769036664005,0.05611123813617315
43004,selected_fixed_jump,3034,2,101,16,16,1.3798162078591583,0.05088232054812847
43004,selected_fixed_jump,3065,2,101,1,1,-0.01612887487749338,0.5531818754425843
43004,selected_fixed_jump,3065,2,101,4,4,0.3191617213727054,0.17826295051888932
43004,selected_fixed_jump,3065,2,101,8,7,0.05128663679760592,0.10447888473143899
43004,selected_fixed_jump,3065,2,101,16,7,0.05128663679760592,0.10447888473143899
43004,selected_fixed_jump,3073,2,101,1,1,0.46361767116766023,0.027263928097425404
43004,selected_fixed_jump,3073,2,101,4,4,2.838720360766496,0.1267147266345767
43004,selected_fixed_jump,3073,2,101,8,8,1.869811114314802,0.07424418274181867
43004,selected_fixed_jump,3073,2,101,16,16,1.7552032714206387,0.08619112333874811
43004,selected_fixed_jump,3094,2,101,1,1,0.8125246746670893,0.0008589895665593676
43004,selected_fixed_jump,3094,2,101,4,4,0.1875307729375302,0.0038831786089732192
43004,selected_fixed_jump,3094,2,101,8,8,0.6212069618425233,0.025597734182379598
43004,selected_fixed_jump,3094,2,101,16,12,1.301414232768332,0.13269941630276536
43004,selected_fixed_jump,3107,2,101,1,1,4.4473899839601785,0.34651049120674177
43004,selected_fixed_jump,3107,2,101,4,4,2.0501705448958356,0.08891614129555081
43004,selected_fixed_jump,3107,2,101,8,8,0.9521665112250097,0.050447749324792936
43004,selected_fixed_jump,3107,2,101,16,16,0.7263512050509016,0.03497906000859003
43004,selected_fixed_jump,3177,2,110,1,1,-0.22117260247225007,0.003765774510757155
43004,selected_fixed_jump,3177,2,110,4,4,-0.044859191463476084,0.011765657822472762
43004,selected_fixed_jump,3177,2,110,8,8,0.013368032655549516,0.01018321620127223
43004,selected_fixed_jump,3177,2,110,16,16,0.14804424951448422,0.018174089558045697
43004,selected_fixed_jump,3203,2,110,1,1,0.2498266740264051,0.06379816991655432
43004,selected_fixed_jump,3203,2,110,4,4,-0.10344057886428672,0.026008152943955948
43004,selected_fixed_jump,3203,2,110,8,4,-0.10344057886428672,0.026008152943955948
43004,selected_fixed_jump,3203,2,110,16,4,-0.10344057886428672,0.026008152943955948
43004,selected_fixed_jump,3208,2,110,1,1,-0.1653862401733225,0.017576068582127086
43004,selected_fixed_jump,3208,2,110,4,4,-0.041388327266694336,0.029800479990524778
43004,selected_fixed_jump,3208,2,110,8,5,-0.08445160670517929,0.024491203665555027
43004,selected_fixed_jump,3208,2,110,16,5,-0.08445160670517929,0.024491203665555027
43004,selected_fixed_jump,3214,2,110,1,1,-0.210919852784916,0.015222749358886218
43004,selected_fixed_jump,3214,2,110,4,3,-0.1537016353402434,0.010143680661133058
43004,selected_fixed_jump,3214,2,110,8,3,-0.1537016353402434,0.010143680661133058
43004,selected_fixed_jump,3214,2,110,16,3,-0.1537016353402434,0.010143680661133058
43004,selected_fixed_jump,3218,2,110,1,1,-0.20829227275693243,0.005653460759482723
43004,selected_fixed_jump,3218,2,110,4,1,-0.20829227275693243,0.005653460759482723
43004,selected_fixed_jump,3218,2,110,8,1,-0.20829227275693243,0.005653460759482723
43004,selected_fixed_jump,3218,2,110,16,1,-0.20829227275693243,0.005653460759482723
43004,selected_fixed_jump,3220,2,110,1,1,-0.014916153092978765,0.030998007460160744
43004,selected_fixed_jump,3220,2,110,4,4,0.33176935410232156,0.026019916432528004
43004,selected_fixed_jump,3220,2,110,8,8,0.06426097688606222,0.025263468810967124
43004,selected_fixed_jump,3220,2,110,16,16,0.3741894711853462,0.027683298755117745
43004,selected_fixed_jump,3238,2,110,1,1,-0.21682175902098438,0.0124246932147623
43004,selected_fixed_jump,3238,2,110,4,4,0.02526375322786734,0.02315970856726849
43004,selected_fixed_jump,3238,2,110,8,8,0.0846211700415493,0.013479693259597782
43004,selected_fixed_jump,3238,2,110,16,16,-0.027042070564840457,0.012902343420182852
43004,selected_fixed_jump,3459,3,101,1,1,6.223341113240264,1.4043159439881188
43004,selected_fixed_jump,3459,3,101,4,4,4.29206487683671,0.472224384103121
43004,selected_fixed_jump,3459,3,101,8,8,3.9672471920333825,0.4794063162774287
43004,selected_fixed_jump,3459,3,101,16,16,2.4975195449891703,0.2647325414294895
43004,selected_fixed_jump,3500,3,101,1,1,-0.22291997727363136,0.029222847719349805
43004,selected_fixed_jump,3500,3,101,4,4,0.6866741755671841,0.13298317627306896
43004,selected_fixed_jump,3500,3,101,8,8,0.36081950344603675,0.10948888059236606
43004,selected_fixed_jump,3500,3,101,16,13,0.49747257072153034,0.07438622150919869
43004,selected_fixed_jump,3515,3,101,1,1,0.25921171493691264,0.006260269211311117
43004,selected_fixed_jump,3515,3,101,4,3,0.7577629398063004,0.0437344294987923
43004,selected_fixed_jump,3515,3,101,8,3,0.7577629398063004,0.0437344294987923
43004,selected_fixed_jump,3515,3,101,16,3,0.7577629398063004,0.0437344294987923
43004,selected_fixed_jump,3519,3,101,1,1,-0.21838029076704615,0.006356904201580328
43004,selected_fixed_jump,3519,3,101,4,4,-0.21086988505466528,0.014097142771605113
43004,selected_fixed_jump,3519,3,101,8,7,-0.024045519801964264,0.02332172566535875
43004,selected_fixed_jump,3519,3,101,16,7,-0.024045519801964264,0.02332172566535875
43004,selected_fixed_jump,3527,3,101,1,1,4.314245328901633,0.11185693582119073
43004,selected_fixed_jump,3527,3,101,4,4,2.8711597548901038,0.10688299343872999
43004,selected_fixed_jump,3527,3,101,8,8,1.408107330101007,0.05961045863456128
43004,selected_fixed_jump,3527,3,101,16,16,0.993475519504359,0.03650971860883552
43004,selected_fixed_jump,3569,3,101,1,1,-0.10085515363384132,0.3275748435743834
43004,selected_fixed_jump,3569,3,101,4,4,0.2671128310057312,0.11359651208656979
43004,selected_fixed_jump,3569,3,101,8,8,0.24347632425705684,0.0613240171207621
43004,selected_fixed_jump,3569,3,101,16,12,0.19797468744175742,0.09275096302757695
43004,selected_fixed_jump,3582,3,101,1,1,0.024343370443623374,0.2816485311081882
43004,selected_fixed_jump,3582,3,101,4,4,0.07930551251040349,0.18370181156457044
43004,selected_fixed_jump,3582,3,101,8,8,1.336902907185611,0.19465361277441104
43004,selected_fixed_jump,3582,3,101,16,16,1.0591224938578738,0.12050721315131402
43004,selected_fixed_jump,3606,3,101,1,1,0.625302578127671,0.16868037622800192
43004,selected_fixed_jump,3606,3,101,4,4,0.5205439056416498,0.13342232056209594
43004,selected_fixed_jump,3606,3,101,8,8,1.2071075293051725,0.09651971534175022
43004,selected_fixed_jump,3606,3,101,16,15,1.1814766385998603,0.0863607158807991
43004,selected_fixed_jump,3622,3,111,1,1,4.442503515934867,0.03653199620092566
43004,selected_fixed_jump,3622,3,111,4,4,1.29838879481894,0.04072588470601919
43004,selected_fixed_jump,3622,3,111,8,8,1.0173957217274334,0.042307314917192945
43004,selected_fixed_jump,3622,3,111,16,13,1.7940776513993504,0.09900819364260732
43004,selected_fixed_jump,3636,3,111,1,1,1.4093666238345262,0.005327850367215263
43004,selected_fixed_jump,3636,3,111,4,4,0.5611448769942019,0.0218428591395896
43004,selected_fixed_jump,3636,3,111,8,8,0.7135919285007684,0.03979429635038489
43004,selected_fixed_jump,3636,3,111,16,16,0.6017280384781802,0.08714835373840273
43004,selected_fixed_jump,3655,3,111,1,1,1.3206642248893325,0.07207663264634573
43004,selected_fixed_jump,3655,3,111,4,4,0.6337517562538909,0.04768558505570826
43004,selected_fixed_jump,3655,3,111,8,6,0.6967763378496082,0.03804958607506533
43004,selected_fixed_jump,3655,3,111,16,6,0.6967763378496082,0.03804958607506533
43004,selected_fixed_jump,3662,3,111,1,1,0.6855856505519162,0.08927420000327019
43004,selected_fixed_jump,3662,3,111,4,4,1.7162968087684063,0.07405813454436597
43004,selected_fixed_jump,3662,3,111,8,8,1.1520798564436112,0.07466934653899077
43004,selected_fixed_jump,3662,3,111,16,16,0.6869277842320295,0.045092347558231764
43004,selected_fixed_jump,3680,3,111,1,1,3.3555596506425256,0.07034498784627259
43004,selected_fixed_jump,3680,3,111,4,4,1.464253203753576,0.08620082540754138
43004,selected_fixed_jump,3680,3,111,8,8,1.4442083427879382,0.08851847982751221
43004,selected_fixed_jump,3680,3,111,16,16,1.737996566566553,0.05891779358225592
43004,selected_fixed_jump,3714,3,111,1,1,-0.2257929886536027,0.004734198053464992
43004,selected_fixed_jump,3714,3,111,4,4,0.6405356710624477,0.04906679134466285
43004,selected_fixed_jump,3714,3,111,8,8,1.2059691276811981,0.0680006911716162
43004,selected_fixed_jump,3714,3,111,16,16,1.286409990797591,0.05193865987830092
43004,selected_fixed_jump,3765,3,111,1,1,5.356053888566444,0.2842931602916729
43004,selected_fixed_jump,3765,3,111,4,1,5.356053888566444,0.2842931602916729
43004,selected_fixed_jump,3765,3,111,8,1,5.356053888566444,0.2842931602916729
43004,selected_fixed_jump,3765,3,111,16,1,5.356053888566444,0.2842931602916729
43004,selected_fixed_jump,3767,3,111,1,1,1.7440831135158104,0.018016220689234395
43004,selected_fixed_jump,3767,3,111,4,4,1.5851421031106443,0.14487813001741862
43004,selected_fixed_jump,3767,3,111,8,8,0.8692103111466001,0.09937274620023745
43004,selected_fixed_jump,3767,3,111,16,12,0.9648397973492756,0.08624802842824542
43004,selected_fixed_jump,3780,3,111,1,1,0.3650079497968414,1.6834725480948026e-05
43004,selected_fixed_jump,3780,3,111,4,4,0.7212719876475581,0.04125628228472471
43004,selected_fixed_jump,3780,3,111,8,8,0.6933909056698713,0.029673405852264186
43004,selected_fixed_jump,3780,3,111,16,16,1.137811670000053,0.07380143510955757
43004,selected_fixed_jump,3883,3,111,1,1,0.5751966016160921,0.032182116194384124
43004,selected_fixed_jump,3883,3,111,4,4,1.1276365345014556,0.03057149763119016
43004,selected_fixed_jump,3883,3,111,8,5,0.8989494342689852,0.03643558152325298
43004,selected_fixed_jump,3883,3,111,16,5,0.8989494342689852,0.03643558152325298
43004,selected_fixed_jump,3889,3,111,1,1,-0.077481844825292,0.03263006427996349
43004,selected_fixed_jump,3889,3,111,4,4,0.46663917071533395,0.026199596110308775
43004,selected_fixed_jump,3889,3,111,8,8,1.0660084803116066,0.055086961804027265
43004,selected_fixed_jump,3889,3,111,16,14,0.7683253719968024,0.04528426248575521
43004,selected_fixed_jump,3904,3,111,1,1,1.01194670194173,0.003793192089759941
43004,selected_fixed_jump,3904,3,111,4,4,1.7368890046383894,0.07552715178395616
43004,selected_fixed_jump,3904,3,111,8,8,1.7632378025831261,0.08760136893956888
43004,selected_fixed_jump,3904,3,111,16,16,1.8091488170090935,0.06798256824345546
43004,selected_fixed_jump,3966,3,111,1,1,4.7135530011421505,0.009517167032872588
43004,selected_fixed_jump,3966,3,111,4,4,1.3171204849461455,0.004129189212958942
43004,selected_fixed_jump,3966,3,111,8,8,0.6041003574518778,0.014159060985990592
43004,selected_fixed_jump,3966,3,111,16,16,0.1952515914421956,0.010164369437705505
43004,selected_fixed_jump,3990,3,110,1,1,0.3214713961225912,0.0011968708553160563
43004,selected_fixed_jump,3990,3,110,4,4,0.19013675364485885,0.0074587648278395665
43004,selected_fixed_jump,3990,3,110,8,8,0.39594013135933936,0.029781376882503107
43004,selected_fixed_jump,3990,3,110,16,16,0.4852729153861709,0.025784523367073976
43004,selected_fixed_jump,4129,3,101,1,1,4.775688437131064,0.15273211397493225
43004,selected_fixed_jump,4129,3,101,4,4,1.3251016891383622,0.06592118538519738
43004,selected_fixed_jump,4129,3,101,8,8,0.8694885200646345,0.033197748933188886
43004,selected_fixed_jump,4129,3,101,16,16,1.170120838704125,0.057683074574681456
43004,selected_fixed_jump,4156,3,101,1,1,1.6504332600367575,0.01284924819601432
43004,selected_fixed_jump,4156,3,101,4,4,1.3735855229764895,0.04226609973365721
43004,selected_fixed_jump,4156,3,101,8,8,0.6450440319400139,0.028398867165231684
43004,selected_fixed_jump,4156,3,101,16,16,0.44180469601914557,0.022557047794439247
43004,selected_fixed_jump,4207,3,101,1,1,0.38253388280535067,0.008911927005471046
43004,selected_fixed_jump,4207,3,101,4,4,0.8815892106734884,0.025228941559281706
43004,selected_fixed_jump,4207,3,101,8,8,0.39583656618981067,0.046098162886296506
43004,selected_fixed_jump,4207,3,101,16,15,0.9190256097156724,0.08677101980263169
43004,selected_fixed_jump,4223,3,101,1,1,0.47178077813522856,0.12360455265997408
43004,selected_fixed_jump,4223,3,101,4,4,0.08432376278266238,0.07994958111468002
43004,selected_fixed_jump,4223,3,101,8,7,0.4155910901715009,0.06637024430586512
43004,selected_fixed_jump,4223,3,101,16,7,0.4155910901715009,0.06637024430586512
43004,selected_fixed_jump,4231,3,101,1,1,2.8624070172307827,0.03893071488149298
43004,selected_fixed_jump,4231,3,101,4,4,0.8896793083212662,0.014763495667718611
43004,selected_fixed_jump,4231,3,101,8,8,0.6423130750298819,0.024611771585591805
43004,selected_fixed_jump,4231,3,101,16,16,1.666431407389203,0.0826587814352789
43004,selected_fixed_jump,4266,3,110,1,1,1.4733232568419345,0.02036986150238027
43004,selected_fixed_jump,4266,3,110,4,4,0.5636846515044523,0.018782923883281104
43004,selected_fixed_jump,4266,3,110,8,8,0.17855578693367552,0.013758838071436944
43004,selected_fixed_jump,4266,3,110,16,8,0.17855578693367552,0.013758838071436944
43004,selected_fixed_jump,4275,3,110,1,1,-0.08992591673870964,0.00020358948396679882
43004,selected_fixed_jump,4275,3,110,4,1,-0.08992591673870964,0.00020358948396679882
43004,selected_fixed_jump,4275,3,110,8,1,-0.08992591673870964,0.00020358948396679882
43004,selected_fixed_jump,4275,3,110,16,1,-0.08992591673870964,0.00020358948396679882
43004,selected_fixed_jump,4277,3,110,1,1,-0.2058887710278364,0.0002679350151219642
43004,selected_fixed_jump,4277,3,110,4,4,1.0919474352614644,0.02644995387802427
43004,selected_fixed_jump,4277,3,110,8,8,0.5781964587759373,0.01928421846151536
43004,selected_fixed_jump,4277,3,110,16,11,0.3618811396518838,0.015767531777305176
43004,selected_fixed_jump,4289,3,110,1,1,0.10694322238354871,0.003167905685145142
43004,selected_fixed_jump,4289,3,110,4,4,0.07576953985168051,0.015014503125592549
43004,selected_fixed_jump,4289,3,110,8,8,0.5229738405993462,0.029868444920312466
43004,selected_fixed_jump,4289,3,110,16,11,0.3864797192064742,0.03378340664803308
43004,selected_fixed_jump,4301,3,110,1,1,-0.0382165264621802,0.005562414139363688
43004,selected_fixed_jump,4301,3,110,4,4,0.009427212193836049,0.0035649420374443234
43004,selected_fixed_jump,4301,3,110,8,8,-0.007044162564501025,0.013923805563360567
43004,selected_fixed_jump,4301,3,110,16,16,0.12985607426421963,0.017971766533036226
43004,selected_fixed_jump,4318,3,110,1,1,-0.14086633207377908,0.0202637221432605
43004,selected_fixed_jump,4318,3,110,4,4,-0.16477481655953852,0.01900320519708447
43004,selected_fixed_jump,4318,3,110,8,8,-0.0153206714752641,0.02673826140823693
43004,selected_fixed_jump,4318,3,110,16,8,-0.0153206714752641,0.02673826140823693
43004,selected_fixed_jump,4327,3,110,1,1,-0.2257576536058522,0.0010477278382374686
43004,selected_fixed_jump,4327,3,110,4,4,-0.25573706194385437,0.002445727300806053
43004,selected_fixed_jump,4327,3,110,8,8,0.011554804156161114,0.012509590471081836
43004,selected_fixed_jump,4327,3,110,16,16,-0.1144997750768601,0.011131804118589649
43004,selected_fixed_jump,4349,3,110,1,1,-0.157948259280062,0.0003047144127708688
43004,selected_fixed_jump,4349,3,110,4,4,-0.16460815359955905,0.0031943419444777333
43004,selected_fixed_jump,4349,3,110,8,8,-0.23203563679913486,0.012213212740506551
43004,selected_fixed_jump,4349,3,110,16,16,-0.07314569373778211,0.011388829457101821
43004,selected_fixed_jump,4379,3,110,1,1,0.2767249481845858,0.024943926429480498
43004,selected_fixed_jump,4379,3,110,4,4,0.36658832720067874,0.01886711830886655
43004,selected_fixed_jump,4379,3,110,8,8,0.22210000395555834,0.026732370295351672
43004,selected_fixed_jump,4379,3,110,16,16,0.42109902740249894,0.028573812035404954
43004,selected_fixed_jump,4430,3,110,1,1,-0.15687982982795715,0.004031182531556378
43004,selected_fixed_jump,4430,3,110,4,4,0.27851085429711503,0.037998206322326436
43004,selected_fixed_jump,4430,3,110,8,8,0.14800394813561418,0.025350891688748288
43004,selected_fixed_jump,4430,3,110,16,16,-0.05247203273108035,0.0210917136439026
43004,selected_fixed_jump,4447,3,110,1,1,-0.18072288886404034,0.0008907276917285608
43004,selected_fixed_jump,4447,3,110,4,4,-0.20144653750450284,0.006242360340681355
43004,selected_fixed_jump,4447,3,110,8,8,-0.06615236921094428,0.015267979038363815
43004,selected_fixed_jump,4447,3,110,16,16,0.03260658252301878,0.01663524849397755
43004,selected_fixed_jump,4475,3,110,1,1,1.017580594358582,0.05238252078193532
43004,selected_fixed_jump,4475,3,110,4,3,0.9280520145230104,0.050824301274901236
43004,selected_fixed_jump,4475,3,110,8,3,0.9280520145230104,0.050824301274901236
43004,selected_fixed_jump,4475,3,110,16,3,0.9280520145230104,0.050824301274901236
43004,selected_fixed_jump,4479,3,110,1,1,0.6140389496354953,0.01609734807800243
43004,selected_fixed_jump,4479,3,110,4,4,0.14052061250369832,0.07516424953276993
43004,selected_fixed_jump,4479,3,110,8,8,0.9561327747866846,0.04840793820737933
43004,selected_fixed_jump,4479,3,110,16,16,1.3758240284404009,0.10229436688169447
43004,selected_fixed_jump,4512,3,011,1,1,1.0573519652931058,0.19537429236721784
43004,selected_fixed_jump,4512,3,011,4,4,1.505547744633291,0.157144855459731
43004,selected_fixed_jump,4512,3,011,8,8,2.1439991080314265,0.14839430023298808
43004,selected_fixed_jump,4512,3,011,16,16,1.4922995420067589,0.1382301703217568
43004,dynamic_parameter_oracle,27,0,110,1,1,-0.2535758429581724,0.006261058979553689
43004,dynamic_parameter_oracle,27,0,110,4,4,-0.29868276479669864,0.002157962093107368
43004,dynamic_parameter_oracle,27,0,110,8,4,-0.29868276479669864,0.002157962093107368
43004,dynamic_parameter_oracle,27,0,110,16,4,-0.29868276479669864,0.002157962093107368
43004,dynamic_parameter_oracle,32,0,110,1,1,0.04793299463475242,0.012725960987983296
43004,dynamic_parameter_oracle,32,0,110,4,4,-0.013308847374319628,0.01957174677988766
43004,dynamic_parameter_oracle,32,0,110,8,8,-0.17185315837105689,0.018178614977517396
43004,dynamic_parameter_oracle,32,0,110,16,11,-0.10335460428584303,0.015250229187684055
43004,dynamic_parameter_oracle,44,0,110,1,1,-0.4163207511490614,0.01164050863757762
43004,dynamic_parameter_oracle,44,0,110,4,4,0.6618636756580061,0.02023392320635372
43004,dynamic_parameter_oracle,44,0,110,8,8,0.46043230734988355,0.012832299153286063
43004,dynamic_parameter_oracle,44,0,110,16,11,0.3166142195196666,0.011335114953426881
43004,dynamic_parameter_oracle,56,0,110,1,1,0.3955003647429788,0.007268441195256238
43004,dynamic_parameter_oracle,56,0,110,4,4,-0.023074971206647255,0.005846097097133306
43004,dynamic_parameter_oracle,56,0,110,8,8,0.24692557181483543,0.008778689882115108
43004,dynamic_parameter_oracle,56,0,110,16,8,0.24692557181483543,0.008778689882115108
43004,dynamic_parameter_oracle,65,0,110,1,1,-0.11621550828654045,0.02696793300899472
43004,dynamic_parameter_oracle,65,0,110,4,2,0.29215234427727566,0.015015765445992282
43004,dynamic_parameter_oracle,65,0,110,8,2,0.29215234427727566,0.015015765445992282
43004,dynamic_parameter_oracle,65,0,110,16,2,0.29215234427727566,0.015015765445992282
43004,dynamic_parameter_oracle,68,0,110,1,1,-0.2932923116323078,1.735658209409644e-05
43004,dynamic_parameter_oracle,68,0,110,4,4,-0.24778995358659342,0.0021170345252337786
43004,dynamic_parameter_oracle,68,0,110,8,8,-0.1268841432612563,0.010555459020706428
43004,dynamic_parameter_oracle,68,0,110,16,16,-0.05117139817802793,0.010774417780252609
43004,dynamic_parameter_oracle,88,0,110,1,1,1.186825946316917,1.4325904047972261e-06
43004,dynamic_parameter_oracle,88,0,110,4,4,0.3776603658292995,0.008906389149169995
43004,dynamic_parameter_oracle,88,0,110,8,8,0.001834081278052735,0.006911623336982017
43004,dynamic_parameter_oracle,88,0,110,16,16,-0.13447205613144264,0.005007580347788511
43004,dynamic_parameter_oracle,119,0,110,1,1,0.06510117079664418,0.025789570615056354
43004,dynamic_parameter_oracle,119,0,110,4,4,0.35784332043785655,0.00981031069085571
43004,dynamic_parameter_oracle,119,0,110,8,7,0.06647139355851041,0.008762017365101469
43004,dynamic_parameter_oracle,119,0,110,16,7,0.06647139355851041,0.008762017365101469
43004,dynamic_parameter_oracle,127,0,110,1,1,0.22317645686901558,0.0004240000864812518
43004,dynamic_parameter_oracle,127,0,110,4,4,0.3823900495002251,0.004343328415447207
43004,dynamic_parameter_oracle,127,0,110,8,8,0.7530535762417999,0.01799154031312986
43004,dynamic_parameter_oracle,127,0,110,16,16,0.7354311411196655,0.05128888793817885
43004,dynamic_parameter_oracle,153,0,011,1,1,0.47563077105279694,0.07072214693916838
43004,dynamic_parameter_oracle,153,0,011,4,4,1.1833151767749468,0.03991483372260058
43004,dynamic_parameter_oracle,153,0,011,8,8,1.1545464262615606,0.03415438117656947
43004,dynamic_parameter_oracle,153,0,011,16,16,1.2131732681628966,0.06692372511118844
43004,dynamic_parameter_oracle,276,0,110,1,1,-0.04250716041162409,0.008212230327223518
43004,dynamic_parameter_oracle,276,0,110,4,4,-0.2278380052866421,0.0040552421957509265
43004,dynamic_parameter_oracle,276,0,110,8,8,-0.11660054922199657,0.01049275139435952
43004,dynamic_parameter_oracle,276,0,110,16,16,0.03851357738094113,0.007681756834647299
43004,dynamic_parameter_oracle,311,0,110,1,1,-0.4305097766592682,0.0185496388428079
43004,dynamic_parameter_oracle,311,0,110,4,4,-0.05789953869155568,0.009387816151681216
43004,dynamic_parameter_oracle,311,0,110,8,8,0.043583896587663463,0.008686222743242721
43004,dynamic_parameter_oracle,311,0,110,16,11,-0.031896564272154884,0.0070333576347190955
43004,dynamic_parameter_oracle,323,0,110,1,1,-0.20768817484264926,0.000677021878478491
43004,dynamic_parameter_oracle,323,0,110,4,2,-0.31509451955245865,0.00033879498935196955
43004,dynamic_parameter_oracle,323,0,110,8,2,-0.31509451955245865,0.00033879498935196955
43004,dynamic_parameter_oracle,323,0,110,16,2,-0.31509451955245865,0.00033879498935196955
43004,dynamic_parameter_oracle,326,0,110,1,1,0.7556156247534475,0.007505419693591652
43004,dynamic_parameter_oracle,326,0,110,4,4,-0.04442426230220346,0.003986334931786663
43004,dynamic_parameter_oracle,326,0,110,8,6,-0.14611218575982812,0.0038698740778607237
43004,dynamic_parameter_oracle,326,0,110,16,6,-0.14611218575982812,0.0038698740778607237
43004,dynamic_parameter_oracle,333,0,110,1,1,1.2618700991040968,0.0001021041407831443
43004,dynamic_parameter_oracle,333,0,110,4,4,-0.008668847479640945,0.008867768742550814
43004,dynamic_parameter_oracle,333,0,110,8,5,0.021164731744958736,0.010831470762017178
43004,dynamic_parameter_oracle,333,0,110,16,5,0.021164731744958736,0.010831470762017178
43004,dynamic_parameter_oracle,339,0,110,1,1,-0.3478358463239013,0.0004524351684178502
43004,dynamic_parameter_oracle,339,0,110,4,4,-0.34322864565650113,0.013167255366257714
43004,dynamic_parameter_oracle,339,0,110,8,4,-0.34322864565650113,0.013167255366257714
43004,dynamic_parameter_oracle,339,0,110,16,4,-0.34322864565650113,0.013167255366257714
43004,dynamic_parameter_oracle,344,0,110,1,1,-0.31277434243772495,0.018890706603013018
43004,dynamic_parameter_oracle,344,0,110,4,4,0.6491414205511054,0.011959414126003137
43004,dynamic_parameter_oracle,344,0,110,8,8,0.22896168604758804,0.012423993974665967
43004,dynamic_parameter_oracle,344,0,110,16,16,0.3191901523817749,0.007851675255987085
43004,dynamic_parameter_oracle,396,0,101,1,1,0.8908772492612227,0.31274751145189295
43004,dynamic_parameter_oracle,396,0,101,4,2,1.5981272036372243,0.1675272398671443
43004,dynamic_parameter_oracle,396,0,101,8,2,1.5981272036372243,0.1675272398671443
43004,dynamic_parameter_oracle,396,0,101,16,2,1.5981272036372243,0.1675272398671443
43004,dynamic_parameter_oracle,399,0,101,1,1,0.40359194798420234,0.08973180945272073
43004,dynamic_parameter_oracle,399,0,101,4,4,0.38275912341446294,0.0831371381644836
43004,dynamic_parameter_oracle,399,0,101,8,8,0.33934988800327914,0.049588987556497675
43004,dynamic_parameter_oracle,399,0,101,16,16,0.5343323605943748,0.030205455153337724
43004,dynamic_parameter_oracle,434,0,101,1,1,0.8202132103723576,0.6569577608283989
43004,dynamic_parameter_oracle,434,0,101,4,4,2.215695926621068,0.20667886344169367
43004,dynamic_parameter_oracle,434,0,101,8,4,2.215695926621068,0.20667886344169367
43004,dynamic_parameter_oracle,434,0,101,16,4,2.215695926621068,0.20667886344169367
43004,dynamic_parameter_oracle,439,0,101,1,1,1.560593320452131,0.12224433326066989
43004,dynamic_parameter_oracle,439,0,101,4,4,1.00839825829794,0.040246718194925736
43004,dynamic_parameter_oracle,439,0,101,8,8,0.6946020954475289,0.022447758928412286
43004,dynamic_parameter_oracle,439,0,101,16,16,0.4939274084727936,0.015475183401717402
43004,dynamic_parameter_oracle,463,0,101,1,1,0.5213013843201707,0.06323610858856103
43004,dynamic_parameter_oracle,463,0,101,4,4,0.933301146809761,0.05984975377822614
43004,dynamic_parameter_oracle,463,0,101,8,8,0.7259358870567316,0.03854528393563235
43004,dynamic_parameter_oracle,463,0,101,16,11,0.9141258975542269,0.03418341061858319
43004,dynamic_parameter_oracle,475,0,101,1,1,4.9060849397202535,0.01909524617931448
43004,dynamic_parameter_oracle,475,0,101,4,4,1.760806825334525,0.13227341766671147
43004,dynamic_parameter_oracle,475,0,101,8,8,1.5777755184271447,0.11035895411648411
43004,dynamic_parameter_oracle,475,0,101,16,10,1.4242926583288285,0.08931523745176644
43004,dynamic_parameter_oracle,486,0,101,1,1,0.4560480613137947,0.001844107554128321
43004,dynamic_parameter_oracle,486,0,101,4,4,0.5627699204621542,0.018419029381321894
43004,dynamic_parameter_oracle,486,0,101,8,8,0.7884018905527765,0.06583548118063842
43004,dynamic_parameter_oracle,486,0,101,16,16,0.8364851904078916,0.04288432135896597
43004,dynamic_parameter_oracle,504,0,101,1,1,1.3590117388264051,0.056980923805772916
43004,dynamic_parameter_oracle,504,0,101,4,4,0.5853594434566542,0.022184472096900564
43004,dynamic_parameter_oracle,504,0,101,8,8,0.8312180113156589,0.022949934594334493
43004,dynamic_parameter_oracle,504,0,101,16,9,0.9118827864937745,0.02144677044855797
43004,dynamic_parameter_oracle,514,0,101,1,1,0.4913088127668616,0.3138741595060283
43004,dynamic_parameter_oracle,514,0,101,4,4,0.9614809298698759,0.08223900962860556
43004,dynamic_parameter_oracle,514,0,101,8,8,0.7652026896430777,0.0521460424084736
43004,dynamic_parameter_oracle,514,0,101,16,16,0.8336805662464442,0.056420879258474874
43004,dynamic_parameter_oracle,535,0,101,1,1,2.6189857071491307,0.000589453729706528
43004,dynamic_parameter_oracle,535,0,101,4,4,1.0955248357847762,0.03487873497749967
43004,dynamic_parameter_oracle,535,0,101,8,8,0.7358050279030985,0.058149916044963924
43004,dynamic_parameter_oracle,535,0,101,16,13,0.5696493575315517,0.05101176010492236
43004,dynamic_parameter_oracle,549,0,101,1,1,0.660595608742916,0.00012373584774994376
43004,dynamic_parameter_oracle,549,0,101,4,4,0.4941704340491948,0.005389115337955003
43004,dynamic_parameter_oracle,549,0,101,8,8,0.7132843069205425,0.017549504275355277
43004,dynamic_parameter_oracle,549,0,101,16,10,0.6240305495376779,0.01726584654121833
43004,dynamic_parameter_oracle,561,0,101,1,1,3.4530622901447434,0.001268296730298279
43004,dynamic_parameter_oracle,561,0,101,4,4,1.8348450706612474,0.03904721115026032
43004,dynamic_parameter_oracle,561,0,101,8,8,1.2936251061632262,0.0348359537432297
43004,dynamic_parameter_oracle,561,0,101,16,16,1.0101487717757358,0.059868763108500325
43004,dynamic_parameter_oracle,585,0,101,1,1,0.38084946411171167,0.5877749253932367
43004,dynamic_parameter_oracle,585,0,101,4,2,0.31264384555295804,0.5726954223180082
43004,dynamic_parameter_oracle,585,0,101,8,2,0.31264384555295804,0.5726954223180082
43004,dynamic_parameter_oracle,585,0,101,16,2,0.31264384555295804,0.5726954223180082
43004,dynamic_parameter_oracle,588,0,101,1,1,0.6827497423691166,0.0171299645187087
43004,dynamic_parameter_oracle,588,0,101,4,3,0.44558321560503433,0.006482042130964581
43004,dynamic_parameter_oracle,588,0,101,8,3,0.44558321560503433,0.006482042130964581
43004,dynamic_parameter_oracle,588,0,101,16,3,0.44558321560503433,0.006482042130964581
43004,dynamic_parameter_oracle,592,0,101,1,1,0.4806022124760583,0.060876656374377135
43004,dynamic_parameter_oracle,592,0,101,4,4,0.38433154524759633,0.09214688830518188
43004,dynamic_parameter_oracle,592,0,101,8,8,0.444337686093752,0.05973230844016793
43004,dynamic_parameter_oracle,592,0,101,16,16,0.6419290475921329,0.045223657563448566
43004,dynamic_parameter_oracle,611,0,101,1,1,0.7973642325843316,0.027885890275102396
43004,dynamic_parameter_oracle,611,0,101,4,4,0.4695533535302057,0.011159842915375473
43004,dynamic_parameter_oracle,611,0,101,8,8,0.5227501951819138,0.015572438526492883
43004,dynamic_parameter_oracle,611,0,101,16,13,0.4132890571454488,0.019912665482858024
43004,dynamic_parameter_oracle,625,0,101,1,1,0.5054142560818902,0.5073109802812423
43004,dynamic_parameter_oracle,625,0,101,4,4,0.6690295868389324,0.3275111148573796
43004,dynamic_parameter_oracle,625,0,101,8,8,0.6800074931071491,0.25442805856094575
43004,dynamic_parameter_oracle,625,0,101,16,16,0.8324264581047462,0.14039648285940562
43004,dynamic_parameter_oracle,644,0,111,1,1,0.6777424215783268,0.06616303948113238
43004,dynamic_parameter_oracle,644,0,111,4,4,0.6287760120365432,0.025832360471638408
43004,dynamic_parameter_oracle,644,0,111,8,8,0.8189243233846334,0.021372032331258263
43004,dynamic_parameter_oracle,644,0,111,16,16,0.8758730417319425,0.027426572105683264
43004,dynamic_parameter_oracle,682,0,111,1,1,0.6959674250490742,0.7117396925771077
43004,dynamic_parameter_oracle,682,0,111,4,4,0.8240400620991137,0.23757016941678324
43004,dynamic_parameter_oracle,682,0,111,8,8,0.6764953083428702,0.1263573056160234
43004,dynamic_parameter_oracle,682,0,111,16,16,0.6908175414298309,0.10014456446540951
43004,dynamic_parameter_oracle,706,0,111,1,1,0.548799547767729,0.8379974934997709
43004,dynamic_parameter_oracle,706,0,111,4,4,1.1096998807980458,0.5663370126841603
43004,dynamic_parameter_oracle,706,0,111,8,8,1.1361008003868718,0.2989393216562405
43004,dynamic_parameter_oracle,706,0,111,16,11,1.0812060614444503,0.24267527058821836
43004,dynamic_parameter_oracle,718,0,111,1,1,0.5150356127055941,0.038575517331759526
43004,dynamic_parameter_oracle,718,0,111,4,4,1.0137580341214216,0.049642662844306754
43004,dynamic_parameter_oracle,718,0,111,8,8,0.7388285729987238,0.058690191263555264
43004,dynamic_parameter_oracle,718,0,111,16,16,0.7400222220926709,0.05661758677815519
43004,dynamic_parameter_oracle,740,0,111,1,1,0.7050101700264069,0.010732437619885493
43004,dynamic_parameter_oracle,740,0,111,4,4,0.6542141655218096,0.04859295638985984
43004,dynamic_parameter_oracle,740,0,111,8,8,1.1830388230978268,0.07342242775171573
43004,dynamic_parameter_oracle,740,0,111,16,16,1.1505688363961983,0.047194268758780966
43004,dynamic_parameter_oracle,758,0,111,1,1,0.3595120472814888,0.1249987300612971
43004,dynamic_parameter_oracle,758,0,111,4,4,1.300900690986783,0.16610167890900418
43004,dynamic_parameter_oracle,758,0,111,8,8,1.2204566551339782,0.14458495062449375
43004,dynamic_parameter_oracle,758,0,111,16,16,0.9208307231442008,0.08764819546852651
43004,dynamic_parameter_oracle,937,0,111,1,1,0.9271412089630404,0.005816575493084731
43004,dynamic_parameter_oracle,937,0,111,4,4,0.6132828936298385,0.007563578824940198
43004,dynamic_parameter_oracle,937,0,111,8,8,0.6865204681593828,0.03496810601537269
43004,dynamic_parameter_oracle,937,0,111,16,16,0.7695521442854931,0.042433986870237986
43004,dynamic_parameter_oracle,987,0,111,1,1,0.9089684348461907,0.07754968737127212
43004,dynamic_parameter_oracle,987,0,111,4,4,0.4853204488636482,0.10669018926262432
43004,dynamic_parameter_oracle,987,0,111,8,8,0.4738247903184358,0.06282535485381827
43004,dynamic_parameter_oracle,987,0,111,16,16,0.9879607644916949,0.05498610586922887
43004,dynamic_parameter_oracle,1049,0,111,1,1,0.6762867332566014,0.08274553410381645
43004,dynamic_parameter_oracle,1049,0,111,4,4,0.7712915682295255,0.07086143814114923
43004,dynamic_parameter_oracle,1049,0,111,8,8,0.6220231495848014,0.04392094734974394
43004,dynamic_parameter_oracle,1049,0,111,16,15,0.6919818924895634,0.11882192001851469
43004,dynamic_parameter_oracle,1065,0,111,1,1,0.7777818395420328,0.04626769514985622
43004,dynamic_parameter_oracle,1065,0,111,4,4,0.9642287730796308,0.01935263159761952
43004,dynamic_parameter_oracle,1065,0,111,8,8,0.8041544019964781,0.05299607089690227
43004,dynamic_parameter_oracle,1065,0,111,16,15,0.8330478865464221,0.04338814965604345
43004,dynamic_parameter_oracle,1082,0,111,1,1,0.7259164193725424,0.006373427386466435
43004,dynamic_parameter_oracle,1082,0,111,4,4,0.6468019258905803,0.06555784367745844
43004,dynamic_parameter_oracle,1082,0,111,8,8,0.2559870358258945,0.04245411237733878
43004,dynamic_parameter_oracle,1082,0,111,16,16,0.05967677401959855,0.027211428218077326
43004,dynamic_parameter_oracle,1115,0,110,1,1,-0.21558801232554958,0.0014695029946231216
43004,dynamic_parameter_oracle,1115,0,110,4,4,0.1575883574541751,0.01445961858951516
43004,dynamic_parameter_oracle,1115,0,110,8,8,0.3109464848498752,0.008399378778468627
43004,dynamic_parameter_oracle,1115,0,110,16,13,0.15487324782175646,0.00620650898343467
43004,dynamic_parameter_oracle,1129,0,110,1,1,-0.3930514240883793,0.0010252421469273514
43004,dynamic_parameter_oracle,1129,0,110,4,4,-0.30075472244328155,0.018362045142524024
43004,dynamic_parameter_oracle,1129,0,110,8,5,-0.26504220617427116,0.01469979226438986
43004,dynamic_parameter_oracle,1129,0,110,16,5,-0.26504220617427116,0.01469979226438986
43004,dynamic_parameter_oracle,1135,0,110,1,1,0.546218195641341,0.007231049127064968
43004,dynamic_parameter_oracle,1135,0,110,4,4,0.3832092443619599,0.00431543312735357
43004,dynamic_parameter_oracle,1135,0,110,8,6,0.20578420895748292,0.00579241389218172
43004,dynamic_parameter_oracle,1135,0,110,16,6,0.20578420895748292,0.00579241389218172
43004,dynamic_parameter_oracle,1142,0,110,1,1,-0.1530175885379518,0.012118696276030084
43004,dynamic_parameter_oracle,1142,0,110,4,4,0.16514183242296276,0.009659103370374615
43004,dynamic_parameter_oracle,1142,0,110,8,8,0.1993028793786639,0.008296244054871222
43004,dynamic_parameter_oracle,1142,0,110,16,9,0.14204557790801964,0.007451461529982865
43004,dynamic_parameter_oracle,1165,1,111,1,1,0.5343773425019518,0.04247952190880925
43004,dynamic_parameter_oracle,1165,1,111,4,4,0.5448092674556083,0.04016418720325247
43004,dynamic_parameter_oracle,1165,1,111,8,8,0.7826368713004821,0.03989640283101807
43004,dynamic_parameter_oracle,1165,1,111,16,16,0.7335845870459983,0.045326450924149206
43004,dynamic_parameter_oracle,1208,1,111,1,1,4.0410366829173725,0.30273428885004333
43004,dynamic_parameter_oracle,1208,1,111,4,4,1.7382636884776712,0.20579518473655126
43004,dynamic_parameter_oracle,1208,1,111,8,8,1.1404142536983763,0.12174159382741798
43004,dynamic_parameter_oracle,1208,1,111,16,16,0.8966275304596885,0.08457292862841215
43004,dynamic_parameter_oracle,1234,1,111,1,1,0.5747530397724534,0.2098613135852666
43004,dynamic_parameter_oracle,1234,1,111,4,4,0.6460223004539299,0.12294935512327937
43004,dynamic_parameter_oracle,1234,1,111,8,8,0.5671954974611677,0.07080262147689827
43004,dynamic_parameter_oracle,1234,1,111,16,16,0.5594169511895344,0.05513420093794198
43004,dynamic_parameter_oracle,1268,1,111,1,1,0.8265215626388508,0.09158279966976839
43004,dynamic_parameter_oracle,1268,1,111,4,4,0.8824483476714634,0.05940786213964056
43004,dynamic_parameter_oracle,1268,1,111,8,8,0.7504447608787004,0.046848476622950205
43004,dynamic_parameter_oracle,1268,1,111,16,16,0.7293032072240755,0.04279053262975433
43004,dynamic_parameter_oracle,1290,1,111,1,1,0.6540997264631754,0.11281507888063572
43004,dynamic_parameter_oracle,1290,1,111,4,4,0.71246944703821,0.09004017965645197
43004,dynamic_parameter_oracle,1290,1,111,8,8,0.6708043964248865,0.0648881500842606
43004,dynamic_parameter_oracle,1290,1,111,16,10,0.634648798847498,0.057764362372933975
43004,dynamic_parameter_oracle,1301,1,111,1,1,0.8626291727288282,0.06050415673418576
43004,dynamic_parameter_oracle,1301,1,111,4,4,0.5657596051674634,0.17452654039744664
43004,dynamic_parameter_oracle,1301,1,111,8,8,0.7324368421944266,0.13385321018116159
43004,dynamic_parameter_oracle,1301,1,111,16,16,0.8021984990166928,0.1374031358913399
43004,dynamic_parameter_oracle,1346,1,111,1,1,1.4753991792794372,0.034790208752658015
43004,dynamic_parameter_oracle,1346,1,111,4,1,1.4753991792794372,0.034790208752658015
43004,dynamic_parameter_oracle,1346,1,111,8,1,1.4753991792794372,0.034790208752658015
43004,dynamic_parameter_oracle,1346,1,111,16,1,1.4753991792794372,0.034790208752658015
43004,dynamic_parameter_oracle,1348,1,111,1,1,0.6055295033700197,0.040699951528194014
43004,dynamic_parameter_oracle,1348,1,111,4,4,0.6700297079969829,0.08746023660612053
43004,dynamic_parameter_oracle,1348,1,111,8,8,0.6144869554788417,0.06530833776571585
43004,dynamic_parameter_oracle,1348,1,111,16,13,0.5331417702693925,0.04511496916599414
43004,dynamic_parameter_oracle,1362,1,111,1,1,0.5569307104018311,0.002355008476335051
43004,dynamic_parameter_oracle,1362,1,111,4,4,0.7071622436686142,0.0031741763980951544
43004,dynamic_parameter_oracle,1362,1,111,8,8,0.8817913535553316,0.02097108227869001
43004,dynamic_parameter_oracle,1362,1,111,16,16,0.6972686921602917,0.03231858722494945
43004,dynamic_parameter_oracle,1410,1,011,1,1,1.0461027070704263,0.08631531939951476
43004,dynamic_parameter_oracle,1410,1,011,4,4,1.2447081287500112,0.06705102960763601
43004,dynamic_parameter_oracle,1410,1,011,8,8,0.9324254597343709,0.05223067562790541
43004,dynamic_parameter_oracle,1410,1,011,16,16,0.8147274743519888,0.045142726842292646
43004,dynamic_parameter_oracle,1550,1,101,1,1,0.39025888189067826,0.3064348746657065
43004,dynamic_parameter_oracle,1550,1,101,4,4,1.2980726395966626,0.21178906935496594
43004,dynamic_parameter_oracle,1550,1,101,8,8,0.8342278802415013,0.12061598303060525
43004,dynamic_parameter_oracle,1550,1,101,16,16,0.8119098209985678,0.07316356296929553
43004,dynamic_parameter_oracle,1568,1,101,1,1,1.910958873140898,0.1834300289906675
43004,dynamic_parameter_oracle,1568,1,101,4,3,1.1348091587159164,0.07289216767436381
43004,dynamic_parameter_oracle,1568,1,101,8,3,1.1348091587159164,0.07289216767436381
43004,dynamic_parameter_oracle,1568,1,101,16,3,1.1348091587159164,0.07289216767436381
43004,dynamic_parameter_oracle,1572,1,101,1,1,1.9672930362565149,0.022116677868167952
43004,dynamic_parameter_oracle,1572,1,101,4,4,1.0017293017207536,0.014853118637631831
43004,dynamic_parameter_oracle,1572,1,101,8,8,0.6125129953205922,0.008539551482011444
43004,dynamic_parameter_oracle,1572,1,101,16,16,0.5336584140663592,0.005847135473555112
43004,dynamic_parameter_oracle,1590,1,101,1,1,0.6883818839810965,0.005835416034585143
43004,dynamic_parameter_oracle,1590,1,101,4,4,0.7461679529796259,0.053957436073621204
43004,dynamic_parameter_oracle,1590,1,101,8,5,0.7118359959128816,0.043176335684133024
43004,dynamic_parameter_oracle,1590,1,101,16,5,0.7118359959128816,0.043176335684133024
43004,dynamic_parameter_oracle,1596,1,101,1,1,0.9432034266254798,0.17458505115856923
43004,dynamic_parameter_oracle,1596,1,101,4,4,0.6479732574700209,0.054303340296171024
43004,dynamic_parameter_oracle,1596,1,101,8,4,0.6479732574700209,0.054303340296171024
43004,dynamic_parameter_oracle,1596,1,101,16,4,0.6479732574700209,0.054303340296171024
43004,dynamic_parameter_oracle,1601,1,101,1,1,1.450997295960427,0.19245547681567568
43004,dynamic_parameter_oracle,1601,1,101,4,4,1.4712743961825336,0.07652217975940956
43004,dynamic_parameter_oracle,1601,1,101,8,8,1.0742532120047126,0.04253585716207327
43004,dynamic_parameter_oracle,1601,1,101,16,16,1.0368104467402912,0.04259048536514268
43004,dynamic_parameter_oracle,1628,1,101,1,1,0.585646533185039,0.3396474864483894
43004,dynamic_parameter_oracle,1628,1,101,4,4,1.5398826879555048,0.19326844417281852
43004,dynamic_parameter_oracle,1628,1,101,8,8,0.9488114095371056,0.09886363773481534
43004,dynamic_parameter_oracle,1628,1,101,16,16,0.7291350113088808,0.05581165945013603
43004,dynamic_parameter_oracle,1659,1,101,1,1,0.5687665004312873,0.2990837567854825
43004,dynamic_parameter_oracle,1659,1,101,4,4,0.7482549763159339,0.10392174080952106
43004,dynamic_parameter_oracle,1659,1,101,8,8,0.7368806003417988,0.06264623403569303
43004,dynamic_parameter_oracle,1659,1,101,16,16,0.7153620857293634,0.04342572815061113
43004,dynamic_parameter_oracle,1678,1,101,1,1,0.26532017951565673,0.2041065369852355
43004,dynamic_parameter_oracle,1678,1,101,4,4,1.0741999934120785,0.14971279397171064
43004,dynamic_parameter_oracle,1678,1,101,8,8,0.9650993511911863,0.0816112041911228
43004,dynamic_parameter_oracle,1678,1,101,16,16,0.8642747543969314,0.05837893538926513
43004,dynamic_parameter_oracle,1695,1,101,1,1,0.18177825830042843,0.012731061130625615
43004,dynamic_parameter_oracle,1695,1,101,4,4,0.09709015094576552,0.003459890975065068
43004,dynamic_parameter_oracle,1695,1,101,8,8,-0.021741570822782004,0.004259179623078696
43004,dynamic_parameter_oracle,1695,1,101,16,15,0.20365371902127935,0.006418650581312704
43004,dynamic_parameter_oracle,1711,1,110,1,1,-0.22641729483977469,0.008344742571656467
43004,dynamic_parameter_oracle,1711,1,110,4,4,-0.2687256483976579,0.00680102379966723
43004,dynamic_parameter_oracle,1711,1,110,8,8,0.23878787955752973,0.008251524356245068
43004,dynamic_parameter_oracle,1711,1,110,16,16,0.09790669772111003,0.008767990038963246
43004,dynamic_parameter_oracle,1734,1,110,1,1,-0.26774732376662563,0.005195147714558145
43004,dynamic_parameter_oracle,1734,1,110,4,4,0.019568685468171976,0.017435300868044436
43004,dynamic_parameter_oracle,1734,1,110,8,6,-0.11513547040969825,0.014893495864213286
43004,dynamic_parameter_oracle,1734,1,110,16,6,-0.11513547040969825,0.014893495864213286
43004,dynamic_parameter_oracle,1741,1,110,1,1,-0.24334653409247226,0.011156618506062796
43004,dynamic_parameter_oracle,1741,1,110,4,1,-0.24334653409247226,0.011156618506062796
43004,dynamic_parameter_oracle,1741,1,110,8,1,-0.24334653409247226,0.011156618506062796
43004,dynamic_parameter_oracle,1741,1,110,16,1,-0.24334653409247226,0.011156618506062796
43004,dynamic_parameter_oracle,1743,1,110,1,1,-0.3707546227383335,0.003663292469280234
43004,dynamic_parameter_oracle,1743,1,110,4,4,-0.24943371289047084,0.011736770559441919
43004,dynamic_parameter_oracle,1743,1,110,8,8,-0.10315480027958705,0.008124650141282334
43004,dynamic_parameter_oracle,1743,1,110,16,15,0.009922167686433702,0.007116031867319406
43004,dynamic_parameter_oracle,1760,1,110,1,1,-0.41581796040215335,0.0028625941166573825
43004,dynamic_parameter_oracle,1760,1,110,4,4,0.6842789273523346,0.018796829350919204
43004,dynamic_parameter_oracle,1760,1,110,8,8,0.3778485593111283,0.014574991207763647
43004,dynamic_parameter_oracle,1760,1,110,16,15,0.16303517745179605,0.00976639741287486
43004,dynamic_parameter_oracle,1777,1,110,1,1,-0.33010282518085304,0.002258472785352347
43004,dynamic_parameter_oracle,1777,1,110,4,4,-0.08375814033290391,0.0033245269397877354
43004,dynamic_parameter_oracle,1777,1,110,8,8,-0.06240177147279512,0.004052282407213608
43004,dynamic_parameter_oracle,1777,1,110,16,16,0.051540858490620685,0.005836575317028074
43004,dynamic_parameter_oracle,1832,1,101,1,1,0.8790444263212952,0.00013811568520434898
43004,dynamic_parameter_oracle,1832,1,101,4,4,0.6425003436137667,0.05313506059942921
43004,dynamic_parameter_oracle,1832,1,101,8,6,0.5376824540855375,0.07147334355830424
43004,dynamic_parameter_oracle,1832,1,101,16,6,0.5376824540855375,0.07147334355830424
43004,dynamic_parameter_oracle,1839,1,101,1,1,0.6727714088677953,0.00418676612782024
43004,dynamic_parameter_oracle,1839,1,101,4,4,0.6899100279782663,0.022929865052043127
43004,dynamic_parameter_oracle,1839,1,101,8,8,0.8154110187494779,0.014443868829739505
43004,dynamic_parameter_oracle,1839,1,101,16,16,0.7904427175473965,0.03234892328541081
43004,dynamic_parameter_oracle,1877,1,101,1,1,1.5402597376588723,0.03880042908093202
43004,dynamic_parameter_oracle,1877,1,101,4,4,1.010428266579925,0.029683135850916413
43004,dynamic_parameter_oracle,1877,1,101,8,8,0.7712454413275478,0.021342134054733015
43004,dynamic_parameter_oracle,1877,1,101,16,16,0.645915965782752,0.019016380268599958
43004,dynamic_parameter_oracle,1902,1,101,1,1,0.5185827315255715,0.12459158178967215
43004,dynamic_parameter_oracle,1902,1,101,4,4,0.6132138658590958,0.06486923980164742
43004,dynamic_parameter_oracle,1902,1,101,8,8,0.5177662032900021,0.04289695167307929
43004,dynamic_parameter_oracle,1902,1,101,16,15,0.5993846597409669,0.029121679918449713
43004,dynamic_parameter_oracle,1918,1,101,1,1,1.62246719430184,0.27332247964560213
43004,dynamic_parameter_oracle,1918,1,101,4,4,1.7836831179663313,0.1514412490751631
43004,dynamic_parameter_oracle,1918,1,101,8,8,1.5493757099846492,0.12525825082854966
43004,dynamic_parameter_oracle,1918,1,101,16,16,1.005597999988157,0.06621904106219653
43004,dynamic_parameter_oracle,2081,1,110,1,1,0.4347322714649353,0.03578051371888866
43004,dynamic_parameter_oracle,2081,1,110,4,1,0.4347322714649353,0.03578051371888866
43004,dynamic_parameter_oracle,2081,1,110,8,1,0.4347322714649353,0.03578051371888866
43004,dynamic_parameter_oracle,2081,1,110,16,1,0.4347322714649353,0.03578051371888866
43004,dynamic_parameter_oracle,2083,1,110,1,1,-0.14353051168018424,0.0018016052632418623
43004,dynamic_parameter_oracle,2083,1,110,4,4,0.046867455664163366,0.019222717357012985
43004,dynamic_parameter_oracle,2083,1,110,8,8,-0.09228082231483671,0.018205637719801434
43004,dynamic_parameter_oracle,2083,1,110,16,16,-0.004343442446318402,0.0118588961752803
43004,dynamic_parameter_oracle,2141,1,110,1,1,-0.09635226667006688,0.006917873227846956
43004,dynamic_parameter_oracle,2141,1,110,4,2,0.30415491761863267,0.01671698727239198
43004,dynamic_parameter_oracle,2141,1,110,8,2,0.30415491761863267,0.01671698727239198
43004,dynamic_parameter_oracle,2141,1,110,16,2,0.30415491761863267,0.01671698727239198
43004,dynamic_parameter_oracle,2144,1,110,1,1,0.04356848049496324,0.014710766186814458
43004,dynamic_parameter_oracle,2144,1,110,4,4,-0.08082588598269613,0.008463968196857333
43004,dynamic_parameter_oracle,2144,1,110,8,8,0.14237583137744697,0.004781600381878681
43004,dynamic_parameter_oracle,2144,1,110,16,16,0.008676948712347907,0.00585517040550361
43004,dynamic_parameter_oracle,2168,1,110,1,1,1.014115177248087,0.0010230242629292166
43004,dynamic_parameter_oracle,2168,1,110,4,4,-0.04073193501077485,0.004778541764974647
43004,dynamic_parameter_oracle,2168,1,110,8,8,0.04693276333626989,0.007385718394106418
43004,dynamic_parameter_oracle,2168,1,110,16,16,0.4760060423597813,0.1059852625986893
43004,dynamic_parameter_oracle,2209,1,111,1,1,0.7007675036654075,0.00043144116468534264
43004,dynamic_parameter_oracle,2209,1,111,4,4,0.4609427792270222,0.027038314296580226
43004,dynamic_parameter_oracle,2209,1,111,8,8,0.784446435989331,0.05672593248409222
43004,dynamic_parameter_oracle,2209,1,111,16,12,0.6847917780403102,0.08030392237094154
43004,dynamic_parameter_oracle,2222,1,111,1,1,0.6269588195546654,0.0033417397422777946
43004,dynamic_parameter_oracle,2222,1,111,4,1,0.6269588195546654,0.0033417397422777946
43004,dynamic_parameter_oracle,2222,1,111,8,1,0.6269588195546654,0.0033417397422777946
43004,dynamic_parameter_oracle,2222,1,111,16,1,0.6269588195546654,0.0033417397422777946
43004,dynamic_parameter_oracle,2224,1,111,1,1,0.40077013863019284,0.7276906797306928
43004,dynamic_parameter_oracle,2224,1,111,4,4,1.4230786804256137,0.34629174183230077
43004,dynamic_parameter_oracle,2224,1,111,8,5,1.3055941799074988,0.2803730831775256
43004,dynamic_parameter_oracle,2224,1,111,16,5,1.3055941799074988,0.2803730831775256
43004,dynamic_parameter_oracle,2230,1,111,1,1,0.5687261143449418,0.1283916020215908
43004,dynamic_parameter_oracle,2230,1,111,4,4,0.7180206274647999,0.09274244469053437
43004,dynamic_parameter_oracle,2230,1,111,8,8,0.845138655940788,0.07423707454396337
43004,dynamic_parameter_oracle,2230,1,111,16,16,0.40065573602402205,0.045405007713196846
43004,dynamic_parameter_oracle,2247,1,110,1,1,-0.4397173491613854,0.005739908241826779
43004,dynamic_parameter_oracle,2247,1,110,4,4,0.15815378372312971,0.0028299321504733537
43004,dynamic_parameter_oracle,2247,1,110,8,8,-0.03242465743556015,0.008077443018054447
43004,dynamic_parameter_oracle,2247,1,110,16,16,0.043862573066354445,0.006352124022072728
43004,dynamic_parameter_oracle,2281,1,110,1,1,-0.28996943784953205,0.0011481163127401996
43004,dynamic_parameter_oracle,2281,1,110,4,4,-0.09869525132318066,0.000536018742454101
43004,dynamic_parameter_oracle,2281,1,110,8,4,-0.09869525132318066,0.000536018742454101
43004,dynamic_parameter_oracle,2281,1,110,16,4,-0.09869525132318066,0.000536018742454101
43004,dynamic_parameter_oracle,2286,1,110,1,1,0.5653835972693291,0.01573044766535181
43004,dynamic_parameter_oracle,2286,1,110,4,4,0.37774227022411544,0.005843744995456307
43004,dynamic_parameter_oracle,2286,1,110,8,8,0.151086535969913,0.0112409880484509
43004,dynamic_parameter_oracle,2286,1,110,16,16,-0.05559796013534936,0.00849516130109193
43004,dynamic_parameter_oracle,2307,2,111,1,1,0.9314614693981379,0.023678811293127197
43004,dynamic_parameter_oracle,2307,2,111,4,3,0.7704395927446285,0.01697790390825836
43004,dynamic_parameter_oracle,2307,2,111,8,3,0.7704395927446285,0.01697790390825836
43004,dynamic_parameter_oracle,2307,2,111,16,3,0.7704395927446285,0.01697790390825836
43004,dynamic_parameter_oracle,2311,2,111,1,1,0.7747031724789527,0.008777320587794882
43004,dynamic_parameter_oracle,2311,2,111,4,4,0.5820379018651047,0.028422577259771917
43004,dynamic_parameter_oracle,2311,2,111,8,8,0.769002806324603,0.021651051990185716
43004,dynamic_parameter_oracle,2311,2,111,16,15,0.7900913625543577,0.022141392212477583
43004,dynamic_parameter_oracle,2327,2,111,1,1,0.679155531212148,0.018997851340740904
43004,dynamic_parameter_oracle,2327,2,111,4,1,0.679155531212148,0.018997851340740904
43004,dynamic_parameter_oracle,2327,2,111,8,1,0.679155531212148,0.018997851340740904
43004,dynamic_parameter_oracle,2327,2,111,16,1,0.679155531212148,0.018997851340740904
43004,dynamic_parameter_oracle,2329,2,111,1,1,1.9210637495192349,0.339298761705079
43004,dynamic_parameter_oracle,2329,2,111,4,4,1.3028447244340544,0.21984924337339598
43004,dynamic_parameter_oracle,2329,2,111,8,8,0.9681850520724775,0.1417181965301467
43004,dynamic_parameter_oracle,2329,2,111,16,16,0.8399553973867901,0.10369444324083432
43004,dynamic_parameter_oracle,2389,2,111,1,1,0.9928023307319629,0.12307642899434641
43004,dynamic_parameter_oracle,2389,2,111,4,4,1.6283776193698882,0.16257663035733466
43004,dynamic_parameter_oracle,2389,2,111,8,8,1.0677439105097057,0.12283699236784743
43004,dynamic_parameter_oracle,2389,2,111,16,16,0.9247307498745196,0.07354909800212961
43004,dynamic_parameter_oracle,2410,2,111,1,1,0.5744291721600404,0.0002048313935136365
43004,dynamic_parameter_oracle,2410,2,111,4,3,0.5670420196574574,0.019329367696014035
43004,dynamic_parameter_oracle,2410,2,111,8,3,0.5670420196574574,0.019329367696014035
43004,dynamic_parameter_oracle,2410,2,111,16,3,0.5670420196574574,0.019329367696014035
43004,dynamic_parameter_oracle,2414,2,111,1,1,1.3529227374373012,1.5295216651063885e-05
43004,dynamic_parameter_oracle,2414,2,111,4,4,0.6879142528479844,0.015394128340782944
43004,dynamic_parameter_oracle,2414,2,111,8,7,0.7019029639813175,0.017408596621776178
43004,dynamic_parameter_oracle,2414,2,111,16,7,0.7019029639813175,0.017408596621776178
43004,dynamic_parameter_oracle,2422,2,111,1,1,2.668403800302179,0.0969185363001681
43004,dynamic_parameter_oracle,2422,2,111,4,4,1.0595965555094335,0.053355605915285445
43004,dynamic_parameter_oracle,2422,2,111,8,8,1.0310840081071855,0.06478813371351894
43004,dynamic_parameter_oracle,2422,2,111,16,16,0.774860965663542,0.034837510493664944
43004,dynamic_parameter_oracle,2459,2,101,1,1,1.8426870648643194,0.03469353123486845
43004,dynamic_parameter_oracle,2459,2,101,4,4,0.9640416244837696,0.015946660391632707
43004,dynamic_parameter_oracle,2459,2,101,8,4,0.9640416244837696,0.015946660391632707
43004,dynamic_parameter_oracle,2459,2,101,16,4,0.9640416244837696,0.015946660391632707
43004,dynamic_parameter_oracle,2464,2,101,1,1,1.343809891850413,0.008655451761885986
43004,dynamic_parameter_oracle,2464,2,101,4,1,1.343809891850413,0.008655451761885986
43004,dynamic_parameter_oracle,2464,2,101,8,1,1.343809891850413,0.008655451761885986
43004,dynamic_parameter_oracle,2464,2,101,16,1,1.343809891850413,0.008655451761885986
43004,dynamic_parameter_oracle,2466,2,101,1,1,1.530562130673229,0.30804923603582673
43004,dynamic_parameter_oracle,2466,2,101,4,4,1.88654297892956,0.0851165254194084
43004,dynamic_parameter_oracle,2466,2,101,8,6,1.4527098686908013,0.05940126644943979
43004,dynamic_parameter_oracle,2466,2,101,16,6,1.4527098686908013,0.05940126644943979
43004,dynamic_parameter_oracle,2473,2,101,1,1,0.448761212488239,0.06569357482770868
43004,dynamic_parameter_oracle,2473,2,101,4,4,0.6732492484557684,0.029957217425373075
43004,dynamic_parameter_oracle,2473,2,101,8,8,0.487877273378516,0.022563056350163417
43004,dynamic_parameter_oracle,2473,2,101,16,16,0.5645029018621379,0.020363896289502168
43004,dynamic_parameter_oracle,2494,2,101,1,1,0.5803187613460258,0.010606345475556129
43004,dynamic_parameter_oracle,2494,2,101,4,4,0.4959745162249951,0.008311236975182008
43004,dynamic_parameter_oracle,2494,2,101,8,8,0.6525341512138085,0.008457435381953936
43004,dynamic_parameter_oracle,2494,2,101,16,14,0.5227453704948856,0.00673335007627743
43004,dynamic_parameter_oracle,2509,2,101,1,1,0.6642257360957485,0.01910369240669381
43004,dynamic_parameter_oracle,2509,2,101,4,1,0.6642257360957485,0.01910369240669381
43004,dynamic_parameter_oracle,2509,2,101,8,1,0.6642257360957485,0.01910369240669381
43004,dynamic_parameter_oracle,2509,2,101,16,1,0.6642257360957485,0.01910369240669381
43004,dynamic_parameter_oracle,2512,2,101,1,1,1.4704471241719468,0.20029561542624624
43004,dynamic_parameter_oracle,2512,2,101,4,2,0.9909476105285976,0.1430069027024472
43004,dynamic_parameter_oracle,2512,2,101,8,2,0.9909476105285976,0.1430069027024472
43004,dynamic_parameter_oracle,2512,2,101,16,2,0.9909476105285976,0.1430069027024472
43004,dynamic_parameter_oracle,2515,2,101,1,1,0.31480903701695706,0.13074846654731928
43004,dynamic_parameter_oracle,2515,2,101,4,4,0.33876922539481047,0.05743252971768868
43004,dynamic_parameter_oracle,2515,2,101,8,8,0.4804171898790699,0.03223065449494267
43004,dynamic_parameter_oracle,2515,2,101,16,16,0.5473427149844708,0.029285105904828572
43004,dynamic_parameter_oracle,2610,2,111,1,1,1.8158008689754415,0.11344152645425622
43004,dynamic_parameter_oracle,2610,2,111,4,4,1.5550427149102206,0.1012277734630338
43004,dynamic_parameter_oracle,2610,2,111,8,8,1.1718390705207127,0.08409848306002979
43004,dynamic_parameter_oracle,2610,2,111,16,16,1.3619439489544554,0.10909284751295198
43004,dynamic_parameter_oracle,2631,2,111,1,1,0.9617847672515136,0.10482045641065173
43004,dynamic_parameter_oracle,2631,2,111,4,4,0.7505903391921289,0.035495095615749366
43004,dynamic_parameter_oracle,2631,2,111,8,8,0.7084872474899415,0.047369157203079354
43004,dynamic_parameter_oracle,2631,2,111,16,10,0.7437282818242724,0.04029163708352391
43004,dynamic_parameter_oracle,2643,2,111,1,1,0.5909057837254175,0.13313907610616957
43004,dynamic_parameter_oracle,2643,2,111,4,4,0.5070389185951947,0.07226654348936414
43004,dynamic_parameter_oracle,2643,2,111,8,8,0.4629504210455185,0.05879033713988799
43004,dynamic_parameter_oracle,2643,2,111,16,16,0.4390267743212713,0.0391524420192611
43004,dynamic_parameter_oracle,2708,2,011,1,1,1.2466462580503512,0.16354189546845327
43004,dynamic_parameter_oracle,2708,2,011,4,4,1.808154440309727,0.10124948811848294
43004,dynamic_parameter_oracle,2708,2,011,8,8,1.1212053158601616,0.06741674659162754
43004,dynamic_parameter_oracle,2708,2,011,16,16,0.8798551195061477,0.08311640964212992
43004,dynamic_parameter_oracle,2762,2,011,1,1,0.5658194712561723,0.1428986349183819
43004,dynamic_parameter_oracle,2762,2,011,4,4,1.1713280330315863,0.06123437102434783
43004,dynamic_parameter_oracle,2762,2,011,8,8,1.4417749643693145,0.07257446794657557
43004,dynamic_parameter_oracle,2762,2,011,16,16,1.0535318253206332,0.05570913231756239
43004,dynamic_parameter_oracle,2794,2,110,1,1,-0.3467084581540743,0.0006736647075292222
43004,dynamic_parameter_oracle,2794,2,110,4,2,0.11169078095651494,0.0005228089876049466
43004,dynamic_parameter_oracle,2794,2,110,8,2,0.11169078095651494,0.0005228089876049466
43004,dynamic_parameter_oracle,2794,2,110,16,2,0.11169078095651494,0.0005228089876049466
43004,dynamic_parameter_oracle,2797,2,110,1,1,0.4432863694209235,0.0004604627430075097
43004,dynamic_parameter_oracle,2797,2,110,4,4,-0.04633166766933618,0.005797556347558596
43004,dynamic_parameter_oracle,2797,2,110,8,8,0.0917767513606626,0.008160096344538823
43004,dynamic_parameter_oracle,2797,2,110,16,8,0.0917767513606626,0.008160096344538823
43004,dynamic_parameter_oracle,2807,2,110,1,1,-0.24586519667753365,0.011276155660865093
43004,dynamic_parameter_oracle,2807,2,110,4,4,0.36837378226878426,0.016946372906404293
43004,dynamic_parameter_oracle,2807,2,110,8,8,0.07780098628337319,0.010815719737976754
43004,dynamic_parameter_oracle,2807,2,110,16,16,0.023412904981744826,0.007728736977289913
43004,dynamic_parameter_oracle,2836,2,110,1,1,0.7932096522938047,0.0010092391139820015
43004,dynamic_parameter_oracle,2836,2,110,4,4,0.6860142274256255,0.009155166932043666
43004,dynamic_parameter_oracle,2836,2,110,8,8,0.2813235916743975,0.006230976692334291
43004,dynamic_parameter_oracle,2836,2,110,16,16,0.09584243132487527,0.006728439960517656
43004,dynamic_parameter_oracle,2863,2,110,1,1,-0.26476717860179877,0.002059209382379381
43004,dynamic_parameter_oracle,2863,2,110,4,4,-0.03716440588498769,0.005207785754776707
43004,dynamic_parameter_oracle,2863,2,110,8,8,-0.22441198145617403,0.011295269325251732
43004,dynamic_parameter_oracle,2863,2,110,16,16,0.1851263895769829,0.009883185520929674
43004,dynamic_parameter_oracle,2884,2,110,1,1,-0.3185407288523353,4.257617894185451e-05
43004,dynamic_parameter_oracle,2884,2,110,4,4,-0.3610538722767206,0.0072549150859123335
43004,dynamic_parameter_oracle,2884,2,110,8,8,-0.14748663373240883,0.007526598513474933
43004,dynamic_parameter_oracle,2884,2,110,16,15,0.19874717339000927,0.00730316423346697
43004,dynamic_parameter_oracle,2900,2,110,1,1,-0.05997219285146608,0.004319135552188351
43004,dynamic_parameter_oracle,2900,2,110,4,4,0.17759971316263584,0.021784692167141063
43004,dynamic_parameter_oracle,2900,2,110,8,8,0.13765318928776776,0.015910291966398527
43004,dynamic_parameter_oracle,2900,2,110,16,16,0.06582234624469269,0.01220743626372671
43004,dynamic_parameter_oracle,2934,2,110,1,1,-0.19684214698087438,0.0006713203961748168
43004,dynamic_parameter_oracle,2934,2,110,4,4,-0.3146468450072338,0.0018703847250342036
43004,dynamic_parameter_oracle,2934,2,110,8,8,0.05090599495778653,0.002013444684909543
43004,dynamic_parameter_oracle,2934,2,110,16,10,0.1491325650446243,0.0017402709447456057
43004,dynamic_parameter_oracle,2945,2,101,1,1,0.4230362867566172,0.0005693942647987809
43004,dynamic_parameter_oracle,2945,2,101,4,4,0.5253592011018772,0.005663520925328646
43004,dynamic_parameter_oracle,2945,2,101,8,8,0.3824591969382486,0.014376248292678181
43004,dynamic_parameter_oracle,2945,2,101,16,16,0.4384156130955279,0.024853068483614047
43004,dynamic_parameter_oracle,2968,2,101,1,1,0.684223560079233,0.002731940151348638
43004,dynamic_parameter_oracle,2968,2,101,4,1,0.684223560079233,0.002731940151348638
43004,dynamic_parameter_oracle,2968,2,101,8,1,0.684223560079233,0.002731940151348638
43004,dynamic_parameter_oracle,2968,2,101,16,1,0.684223560079233,0.002731940151348638
43004,dynamic_parameter_oracle,2971,2,101,1,1,0.75630955554375,0.18303614798942663
43004,dynamic_parameter_oracle,2971,2,101,4,4,0.7732250973483042,0.08273605979754195
43004,dynamic_parameter_oracle,2971,2,101,8,8,0.5742491104523948,0.04213788697008703
43004,dynamic_parameter_oracle,2971,2,101,16,16,0.5229390595816921,0.026194552787859544
43004,dynamic_parameter_oracle,3034,2,101,1,1,0.658558739996727,0.04756643505634201
43004,dynamic_parameter_oracle,3034,2,101,4,4,0.6257645711611055,0.0352258572634106
43004,dynamic_parameter_oracle,3034,2,101,8,8,0.6474013055642693,0.04975401783471668
43004,dynamic_parameter_oracle,3034,2,101,16,16,0.746700493184119,0.026829899439217538
43004,dynamic_parameter_oracle,3065,2,101,1,1,1.1660580496430093,0.9189817527494184
43004,dynamic_parameter_oracle,3065,2,101,4,4,0.9237547546110376,0.34694604229843773
43004,dynamic_parameter_oracle,3065,2,101,8,7,0.6441793694197564,0.20919430245753956
43004,dynamic_parameter_oracle,3065,2,101,16,7,0.6441793694197564,0.20919430245753956
43004,dynamic_parameter_oracle,3073,2,101,1,1,0.6131507797243902,0.04221337707373978
43004,dynamic_parameter_oracle,3073,2,101,4,4,1.200477302118583,0.0790732100114195
43004,dynamic_parameter_oracle,3073,2,101,8,8,0.8949913837997123,0.04167517833238457
43004,dynamic_parameter_oracle,3073,2,101,16,16,0.8491075942435149,0.04432135749635746
43004,dynamic_parameter_oracle,3094,2,101,1,1,0.940304625784325,0.0036321607879055543
43004,dynamic_parameter_oracle,3094,2,101,4,4,0.49381588104211244,0.0015558252764873953
43004,dynamic_parameter_oracle,3094,2,101,8,8,0.5739940846030644,0.005269194283494364
43004,dynamic_parameter_oracle,3094,2,101,16,12,0.7916329608940282,0.03544607625571004
43004,dynamic_parameter_oracle,3107,2,101,1,1,1.6907585382888766,0.24149595865902768
43004,dynamic_parameter_oracle,3107,2,101,4,4,0.986972615978109,0.07590768817572247
43004,dynamic_parameter_oracle,3107,2,101,8,8,0.6283091398096591,0.03951594681227456
43004,dynamic_parameter_oracle,3107,2,101,16,16,0.5186745956454117,0.021848014222358034
43004,dynamic_parameter_oracle,3177,2,110,1,1,-0.4220783572964933,0.004542709032575329
43004,dynamic_parameter_oracle,3177,2,110,4,4,-0.1866666271021421,0.00282948597230313
43004,dynamic_parameter_oracle,3177,2,110,8,8,-0.000396295390678314,0.007598368072606158
43004,dynamic_parameter_oracle,3177,2,110,16,16,0.054242466698213754,0.007425826500910988
43004,dynamic_parameter_oracle,3203,2,110,1,1,0.3218300315667104,0.03199235148278986
43004,dynamic_parameter_oracle,3203,2,110,4,4,-0.16669842030651272,0.012013215300801287
43004,dynamic_parameter_oracle,3203,2,110,8,4,-0.16669842030651272,0.012013215300801287
43004,dynamic_parameter_oracle,3203,2,110,16,4,-0.16669842030651272,0.012013215300801287
43004,dynamic_parameter_oracle,3208,2,110,1,1,-0.2591768603322499,0.023255266741921403
43004,dynamic_parameter_oracle,3208,2,110,4,4,-0.041428712556375286,0.017125830621693212
43004,dynamic_parameter_oracle,3208,2,110,8,5,-0.12088146724923836,0.013700891220627764
43004,dynamic_parameter_oracle,3208,2,110,16,5,-0.12088146724923836,0.013700891220627764
43004,dynamic_parameter_oracle,3214,2,110,1,1,-0.4197543312187837,0.011629422802894692
43004,dynamic_parameter_oracle,3214,2,110,4,3,-0.26993331074894483,0.018004216761891987
43004,dynamic_parameter_oracle,3214,2,110,8,3,-0.26993331074894483,0.018004216761891987
43004,dynamic_parameter_oracle,3214,2,110,16,3,-0.26993331074894483,0.018004216761891987
43004,dynamic_parameter_oracle,3218,2,110,1,1,-0.4207654921249467,0.008719375969336965
43004,dynamic_parameter_oracle,3218,2,110,4,1,-0.4207654921249467,0.008719375969336965
43004,dynamic_parameter_oracle,3218,2,110,8,1,-0.4207654921249467,0.008719375969336965
43004,dynamic_parameter_oracle,3218,2,110,16,1,-0.4207654921249467,0.008719375969336965
43004,dynamic_parameter_oracle,3220,2,110,1,1,-0.09998353453328908,0.01612757973217028
43004,dynamic_parameter_oracle,3220,2,110,4,4,0.11064617599243927,0.00624914424863585
43004,dynamic_parameter_oracle,3220,2,110,8,8,-0.14120422642259708,0.008218074703573518
43004,dynamic_parameter_oracle,3220,2,110,16,16,0.19618352115089516,0.00605287902871897
43004,dynamic_parameter_oracle,3238,2,110,1,1,-0.4215422410736953,0.014917935023137572
43004,dynamic_parameter_oracle,3238,2,110,4,4,-0.11308738516807298,0.007577641111824759
43004,dynamic_parameter_oracle,3238,2,110,8,8,0.09117596308817347,0.012169467541552216
43004,dynamic_parameter_oracle,3238,2,110,16,16,-0.028559622966486106,0.01110811742622652
43004,dynamic_parameter_oracle,3459,3,101,1,1,4.357698741100373,1.1699512477427831
43004,dynamic_parameter_oracle,3459,3,101,4,4,2.3653808447803724,0.3260270903021944
43004,dynamic_parameter_oracle,3459,3,101,8,8,1.99289072707574,0.22300996014763647
43004,dynamic_parameter_oracle,3459,3,101,16,16,1.3000629891713544,0.11664996511733529
43004,dynamic_parameter_oracle,3500,3,101,1,1,0.4146678699129983,0.013927491485018704
43004,dynamic_parameter_oracle,3500,3,101,4,4,0.7601981425335218,0.045502920132570984
43004,dynamic_parameter_oracle,3500,3,101,8,8,0.47548934968675205,0.05538862692199313
43004,dynamic_parameter_oracle,3500,3,101,16,13,0.5229622569965302,0.04033902502787245
43004,dynamic_parameter_oracle,3515,3,101,1,1,0.5373048075813226,0.005820039067376326
43004,dynamic_parameter_oracle,3515,3,101,4,3,0.6039174661574869,0.03617406702638524
43004,dynamic_parameter_oracle,3515,3,101,8,3,0.6039174661574869,0.03617406702638524
43004,dynamic_parameter_oracle,3515,3,101,16,3,0.6039174661574869,0.03617406702638524
43004,dynamic_parameter_oracle,3519,3,101,1,1,0.40046465168658785,0.0019161946185819014
43004,dynamic_parameter_oracle,3519,3,101,4,4,0.29410371356642406,0.008846268274914294
43004,dynamic_parameter_oracle,3519,3,101,8,7,0.31261520117603353,0.015292043061864078
43004,dynamic_parameter_oracle,3519,3,101,16,7,0.31261520117603353,0.015292043061864078
43004,dynamic_parameter_oracle,3527,3,101,1,1,2.9488197293519045,0.45205800207032126
43004,dynamic_parameter_oracle,3527,3,101,4,4,1.8400297695581274,0.14135445734641303
43004,dynamic_parameter_oracle,3527,3,101,8,8,1.075447138019799,0.07469381001429054
43004,dynamic_parameter_oracle,3527,3,101,16,16,0.7476123182351533,0.039913870504050965
43004,dynamic_parameter_oracle,3569,3,101,1,1,0.717687531772831,0.09346170289429885
43004,dynamic_parameter_oracle,3569,3,101,4,4,0.4123831439395372,0.050037640117297055
43004,dynamic_parameter_oracle,3569,3,101,8,8,0.3991965162870581,0.027535851340514058
43004,dynamic_parameter_oracle,3569,3,101,16,12,0.4485211421737758,0.033793485884570505
43004,dynamic_parameter_oracle,3582,3,101,1,1,0.4421978528892042,0.43567617950861914
43004,dynamic_parameter_oracle,3582,3,101,4,4,0.4537265421490258,0.2945556657935045
43004,dynamic_parameter_oracle,3582,3,101,8,8,0.897901002661734,0.18437059377721665
43004,dynamic_parameter_oracle,3582,3,101,16,16,0.7469580235001203,0.10411890264695985
43004,dynamic_parameter_oracle,3606,3,101,1,1,0.30476474932061476,0.2626658487108903
43004,dynamic_parameter_oracle,3606,3,101,4,4,0.47717968738809374,0.20568980007373483
43004,dynamic_parameter_oracle,3606,3,101,8,8,0.665752658522424,0.12754750977742094
43004,dynamic_parameter_oracle,3606,3,101,16,15,0.6958306429166031,0.08560818149875325
43004,dynamic_parameter_oracle,3622,3,111,1,1,2.159964711066958,0.1360062861514066
43004,dynamic_parameter_oracle,3622,3,111,4,4,0.943645422593741,0.051533008449877196
43004,dynamic_parameter_oracle,3622,3,111,8,8,0.7942340372940346,0.05596844541443359
43004,dynamic_parameter_oracle,3622,3,111,16,13,0.9633556937219683,0.05164416142411721
43004,dynamic_parameter_oracle,3636,3,111,1,1,0.7918470487281527,0.0040737279780262495
43004,dynamic_parameter_oracle,3636,3,111,4,4,0.5648632143296566,0.019479800984535365
43004,dynamic_parameter_oracle,3636,3,111,8,8,0.6034493640747661,0.03281007299666361
43004,dynamic_parameter_oracle,3636,3,111,16,16,0.5727232237997868,0.08802495390644302
43004,dynamic_parameter_oracle,3655,3,111,1,1,0.8207247263984421,0.07600347841789733
43004,dynamic_parameter_oracle,3655,3,111,4,4,0.6323709155663599,0.06110284860977186
43004,dynamic_parameter_oracle,3655,3,111,8,6,0.6720275793758904,0.0536893197564047
43004,dynamic_parameter_oracle,3655,3,111,16,6,0.6720275793758904,0.0536893197564047
43004,dynamic_parameter_oracle,3662,3,111,1,1,0.7313797175216692,0.14364397187630323
43004,dynamic_parameter_oracle,3662,3,111,4,4,1.1479902266240336,0.045095787692200955
43004,dynamic_parameter_oracle,3662,3,111,8,8,0.8654723697576908,0.0749063957713209
43004,dynamic_parameter_oracle,3662,3,111,16,16,0.6733885973005709,0.04877546487025375
43004,dynamic_parameter_oracle,3680,3,111,1,1,1.4329733737122798,0.11106670178064006
43004,dynamic_parameter_oracle,3680,3,111,4,4,0.855894241707807,0.11005421569798948
43004,dynamic_parameter_oracle,3680,3,111,8,8,0.8426609477449676,0.11436422921377132
43004,dynamic_parameter_oracle,3680,3,111,16,16,0.9274935821778227,0.07117155578445161
43004,dynamic_parameter_oracle,3714,3,111,1,1,0.5069941370616095,0.0020072053820312224
43004,dynamic_parameter_oracle,3714,3,111,4,4,0.6341060523490414,0.053958986767549025
43004,dynamic_parameter_oracle,3714,3,111,8,8,0.7960114593420016,0.051007796549110196
43004,dynamic_parameter_oracle,3714,3,111,16,16,0.8170528682668183,0.03485518325492595
43004,dynamic_parameter_oracle,3765,3,111,1,1,2.2284911599094936,0.11554637563241381
43004,dynamic_parameter_oracle,3765,3,111,4,1,2.2284911599094936,0.11554637563241381
43004,dynamic_parameter_oracle,3765,3,111,8,1,2.2284911599094936,0.11554637563241381
43004,dynamic_parameter_oracle,3765,3,111,16,1,2.2284911599094936,0.11554637563241381
43004,dynamic_parameter_oracle,3767,3,111,1,1,0.6634041363038833,0.10105154026887041
43004,dynamic_parameter_oracle,3767,3,111,4,4,0.9094385413269276,0.18309511087957914
43004,dynamic_parameter_oracle,3767,3,111,8,8,0.682059835236437,0.11546810087207479
43004,dynamic_parameter_oracle,3767,3,111,16,12,0.7089173405853484,0.0994958414387641
43004,dynamic_parameter_oracle,3780,3,111,1,1,0.948594810024989,0.04440342185670359
43004,dynamic_parameter_oracle,3780,3,111,4,4,0.6604691985308037,0.06319196714026062
43004,dynamic_parameter_oracle,3780,3,111,8,8,0.6243139776630997,0.03796909823236432
43004,dynamic_parameter_oracle,3780,3,111,16,16,0.7397092172950994,0.07942650066374271
43004,dynamic_parameter_oracle,3883,3,111,1,1,0.689914869284092,0.04247958458393288
43004,dynamic_parameter_oracle,3883,3,111,4,4,0.7694863147884551,0.02446901747172549
43004,dynamic_parameter_oracle,3883,3,111,8,5,0.7047590506837279,0.02744861800559021
43004,dynamic_parameter_oracle,3883,3,111,16,5,0.7047590506837279,0.02744861800559021
43004,dynamic_parameter_oracle,3889,3,111,1,1,0.46459155390832174,0.022630136847475977
43004,dynamic_parameter_oracle,3889,3,111,4,4,0.5528666926762243,0.02217632347680087
43004,dynamic_parameter_oracle,3889,3,111,8,8,0.7235752318310564,0.039461618882941876
43004,dynamic_parameter_oracle,3889,3,111,16,14,0.6243642329264126,0.034349309535782295
43004,dynamic_parameter_oracle,3904,3,111,1,1,0.9063634188608858,3.0483621370986416e-05
43004,dynamic_parameter_oracle,3904,3,111,4,4,0.9446715709846834,0.0758409663375185
43004,dynamic_parameter_oracle,3904,3,111,8,8,0.9303703576023198,0.07508215137153137
43004,dynamic_parameter_oracle,3904,3,111,16,16,0.9271789375207442,0.04722431748459491
43004,dynamic_parameter_oracle,3966,3,111,1,1,1.8388753628549517,9.290965481267328e-06
43004,dynamic_parameter_oracle,3966,3,111,4,4,0.715286039143338,0.006644923006883419
43004,dynamic_parameter_oracle,3966,3,111,8,8,0.23921530527921794,0.009847489072905048
43004,dynamic_parameter_oracle,3966,3,111,16,16,-0.016170214952185194,0.007342473536959539
43004,dynamic_parameter_oracle,3990,3,110,1,1,0.36976124963307827,0.013358214284346862
43004,dynamic_parameter_oracle,3990,3,110,4,4,0.22136767533627744,0.009635772163547501
43004,dynamic_parameter_oracle,3990,3,110,8,8,0.4460958968829669,0.012800634463373609
43004,dynamic_parameter_oracle,3990,3,110,16,16,0.5590777688969498,0.009322811997454706
43004,dynamic_parameter_oracle,4129,3,101,1,1,1.9430209748383125,0.016547810743962915
43004,dynamic_parameter_oracle,4129,3,101,4,4,0.7157873019232273,0.017695693798259714
43004,dynamic_parameter_oracle,4129,3,101,8,8,0.5554007931536807,0.011539859979105394
43004,dynamic_parameter_oracle,4129,3,101,16,16,0.6662731132124002,0.014992901216032153
43004,dynamic_parameter_oracle,4156,3,101,1,1,1.2315546688611567,0.1334717557476734
43004,dynamic_parameter_oracle,4156,3,101,4,4,1.1374262361404717,0.03853558793498155
43004,dynamic_parameter_oracle,4156,3,101,8,8,0.7042517389560127,0.024008798125316373
43004,dynamic_parameter_oracle,4156,3,101,16,16,0.5085200302382116,0.016170019718516858
43004,dynamic_parameter_oracle,4207,3,101,1,1,0.6555505727189013,0.07900678307675452
43004,dynamic_parameter_oracle,4207,3,101,4,4,0.9841469068476537,0.03660059631687733
43004,dynamic_parameter_oracle,4207,3,101,8,8,0.6093114158984566,0.03448046767965951
43004,dynamic_parameter_oracle,4207,3,101,16,15,0.7626613392498054,0.05158990065908584
43004,dynamic_parameter_oracle,4223,3,101,1,1,0.539029920497291,0.35297974763145806
43004,dynamic_parameter_oracle,4223,3,101,4,4,0.4916936508300744,0.20994938459121334
43004,dynamic_parameter_oracle,4223,3,101,8,7,0.5988243607881787,0.12362031221432955
43004,dynamic_parameter_oracle,4223,3,101,16,7,0.5988243607881787,0.12362031221432955
43004,dynamic_parameter_oracle,4231,3,101,1,1,1.834617253140278,0.0061752472444143195
43004,dynamic_parameter_oracle,4231,3,101,4,4,0.7179838645476558,0.004221846433282904
43004,dynamic_parameter_oracle,4231,3,101,8,8,0.5566147805831556,0.008382544839059721
43004,dynamic_parameter_oracle,4231,3,101,16,16,0.8612958954696194,0.014238572053687976
43004,dynamic_parameter_oracle,4266,3,110,1,1,1.0838312416220184,0.002877458224205949
43004,dynamic_parameter_oracle,4266,3,110,4,4,0.5384978961787747,0.006356017368972593
43004,dynamic_parameter_oracle,4266,3,110,8,8,0.18822306112497325,0.005612948248281079
43004,dynamic_parameter_oracle,4266,3,110,16,8,0.18822306112497325,0.005612948248281079
43004,dynamic_parameter_oracle,4275,3,110,1,1,-0.28408300581167073,0.0033865777751353756
43004,dynamic_parameter_oracle,4275,3,110,4,1,-0.28408300581167073,0.0033865777751353756
43004,dynamic_parameter_oracle,4275,3,110,8,1,-0.28408300581167073,0.0033865777751353756
43004,dynamic_parameter_oracle,4275,3,110,16,1,-0.28408300581167073,0.0033865777751353756
43004,dynamic_parameter_oracle,4277,3,110,1,1,-0.3864384213928117,1.2752509989302637e-05
43004,dynamic_parameter_oracle,4277,3,110,4,4,1.0703477438110611,0.01271051794353164
43004,dynamic_parameter_oracle,4277,3,110,8,8,0.4091131161960724,0.010119726368381814
43004,dynamic_parameter_oracle,4277,3,110,16,11,0.19629812135470773,0.008321110818833357
43004,dynamic_parameter_oracle,4289,3,110,1,1,0.14709092468610663,0.013209339598499624
43004,dynamic_parameter_oracle,4289,3,110,4,4,0.06035249129900423,0.006957029185719674
43004,dynamic_parameter_oracle,4289,3,110,8,8,0.5835392632302179,0.010167002874522987
43004,dynamic_parameter_oracle,4289,3,110,16,11,0.4401521627038738,0.012398766135931194
43004,dynamic_parameter_oracle,4301,3,110,1,1,-0.30684149750961603,0.0016866120079493175
43004,dynamic_parameter_oracle,4301,3,110,4,4,0.07770348228533058,0.0063545861766671
43004,dynamic_parameter_oracle,4301,3,110,8,8,0.006679778914295234,0.006704523373250403
43004,dynamic_parameter_oracle,4301,3,110,16,16,0.27382013125490556,0.005255525380324491
43004,dynamic_parameter_oracle,4318,3,110,1,1,-0.32052741513518196,0.011976809541145788
43004,dynamic_parameter_oracle,4318,3,110,4,4,-0.2640051070718166,0.014634078933856287
43004,dynamic_parameter_oracle,4318,3,110,8,8,-0.03373497067235562,0.012851402063981176
43004,dynamic_parameter_oracle,4318,3,110,16,8,-0.03373497067235562,0.012851402063981176
43004,dynamic_parameter_oracle,4327,3,110,1,1,-0.43334289665369546,0.0009616365240548949
43004,dynamic_parameter_oracle,4327,3,110,4,4,-0.3698871454737224,0.0022826210219880584
43004,dynamic_parameter_oracle,4327,3,110,8,8,0.11786705793777105,0.005716401412276225
43004,dynamic_parameter_oracle,4327,3,110,16,16,-0.08350428703508142,0.005705251509242544
43004,dynamic_parameter_oracle,4349,3,110,1,1,-0.33399633728115236,0.00012135423248592627
43004,dynamic_parameter_oracle,4349,3,110,4,4,-0.25553896703911677,0.0031761425086936136
43004,dynamic_parameter_oracle,4349,3,110,8,8,-0.3416697048222733,0.011171012336394184
43004,dynamic_parameter_oracle,4349,3,110,16,16,-0.18954384544815928,0.00828230444104561
43004,dynamic_parameter_oracle,4379,3,110,1,1,-0.3915220289483486,0.009007970293293645
43004,dynamic_parameter_oracle,4379,3,110,4,4,0.24843279753947686,0.0042955716124670595
43004,dynamic_parameter_oracle,4379,3,110,8,8,0.03713312239559137,0.006532383848094677
43004,dynamic_parameter_oracle,4379,3,110,16,16,0.24447878646858456,0.006065775267139169
43004,dynamic_parameter_oracle,4430,3,110,1,1,-0.32167327044926936,0.0012750591808857908
43004,dynamic_parameter_oracle,4430,3,110,4,4,0.5244141542184746,0.01263296253210416
43004,dynamic_parameter_oracle,4430,3,110,8,8,0.30784899090938506,0.007010956733633431
43004,dynamic_parameter_oracle,4430,3,110,16,16,0.0008306369335534802,0.01139074159766322
43004,dynamic_parameter_oracle,4447,3,110,1,1,-0.17284443442714711,0.0003269549992849986
43004,dynamic_parameter_oracle,4447,3,110,4,4,-0.26137975318537027,0.0015672204169325417
43004,dynamic_parameter_oracle,4447,3,110,8,8,-0.14371120119848968,0.010177311849019577
43004,dynamic_parameter_oracle,4447,3,110,16,16,-0.11825629189861032,0.00690283143492419
43004,dynamic_parameter_oracle,4475,3,110,1,1,-0.1767767310740929,0.007291607580729896
43004,dynamic_parameter_oracle,4475,3,110,4,3,0.21338562299619301,0.00561570859203071
43004,dynamic_parameter_oracle,4475,3,110,8,3,0.21338562299619301,0.00561570859203071
43004,dynamic_parameter_oracle,4475,3,110,16,3,0.21338562299619301,0.00561570859203071
43004,dynamic_parameter_oracle,4479,3,110,1,1,0.2623796236843478,0.004794895385742215
43004,dynamic_parameter_oracle,4479,3,110,4,4,0.29174961352299544,0.06534579683599062
43004,dynamic_parameter_oracle,4479,3,110,8,8,0.6277621812411813,0.03817555305387959
43004,dynamic_parameter_oracle,4479,3,110,16,16,0.8041181721547148,0.039074722365661584
43004,dynamic_parameter_oracle,4512,3,011,1,1,0.8974825577780039,0.22849635911490382
43004,dynamic_parameter_oracle,4512,3,011,4,4,0.8667357030811605,0.1549993249272688
43004,dynamic_parameter_oracle,4512,3,011,8,8,1.0778160652443805,0.08429414589668803
43004,dynamic_parameter_oracle,4512,3,011,16,16,0.8466264750811652,0.1068912197726383
