seed,method,block_id,sequence_id,previous_cell,cell,window,n_samples,nll,latent_mse
43004,learned_event_learned_qr,1,0,110,011,1,1,-0.005615583127644625,0.0011426767396061181
43004,learned_event_learned_qr,1,0,110,011,4,4,0.2278692530935383,0.009423833626630898
43004,learned_event_learned_qr,1,0,110,011,8,8,1.228942128556293,0.03963197455115432
43004,learned_event_learned_qr,1,0,110,011,16,16,1.089426795433655,0.056128014640477286
43004,learned_event_learned_qr,2,0,011,110,1,1,0.6920973014027516,0.054859581522394174
43004,learned_event_learned_qr,2,0,011,110,4,4,0.36016617347043217,0.02521612631896293
43004,learned_event_learned_qr,2,0,011,110,8,8,0.40100541802794293,0.02356533434518629
43004,learned_event_learned_qr,2,0,011,110,16,16,0.3207629490361215,0.020886935153219387
43004,learned_event_learned_qr,3,0,110,101,1,1,0.38569356192390297,0.00023690728239645766
43004,learned_event_learned_qr,3,0,110,101,4,4,0.3465541350090082,0.009082449569263816
43004,learned_event_learned_qr,3,0,110,101,8,8,0.1420386999191286,0.006705917283575364
43004,learned_event_learned_qr,3,0,110,101,16,16,0.7444472571377604,0.04170970545979198
43004,learned_event_learned_qr,4,0,101,101,1,1,0.14340732874968184,0.010157189773507791
43004,learned_event_learned_qr,4,0,101,101,4,4,0.22027151849597273,0.0037347304342815854
43004,learned_event_learned_qr,4,0,101,101,8,8,0.2325075276869455,0.007913400472177583
43004,learned_event_learned_qr,4,0,101,101,16,16,0.5094039812351707,0.04593627903861339
43004,learned_event_learned_qr,5,0,101,101,1,1,0.9941875536685008,0.04201750590003493
43004,learned_event_learned_qr,5,0,101,101,4,4,0.8361789863449103,0.02252121568263647
43004,learned_event_learned_qr,5,0,101,101,8,8,0.8882185721358347,0.028920412284790656
43004,learned_event_learned_qr,5,0,101,101,16,16,1.0875739930847172,0.10350731720651356
43004,learned_event_learned_qr,6,0,101,111,1,1,0.1368033813607637,0.01475363181462024
43004,learned_event_learned_qr,6,0,101,111,4,4,1.4357742905045463,0.036090784827838396
43004,learned_event_learned_qr,6,0,101,111,8,8,1.7199587657928204,0.031821458819115106
43004,learned_event_learned_qr,6,0,101,111,16,16,1.2586552600923062,0.021192375717389033
43004,learned_event_learned_qr,7,0,111,011,1,1,1.1019859761418276,0.02455733818012577
43004,learned_event_learned_qr,7,0,111,011,4,4,0.9370848562484151,0.018120625926851833
43004,learned_event_learned_qr,7,0,111,011,8,8,0.749184102794773,0.0291934205822446
43004,learned_event_learned_qr,7,0,111,011,16,16,0.6962654160950927,0.028944560159015652
43004,learned_event_learned_qr,8,0,011,011,1,1,2.3726144647050553,0.010000593716935227
43004,learned_event_learned_qr,8,0,011,011,4,4,0.950224375460957,0.012297594366450624
43004,learned_event_learned_qr,8,0,011,011,8,8,0.6883772789981069,0.07109270472623123
43004,learned_event_learned_qr,8,0,011,011,16,16,0.7911297092360889,0.07388186545196901
43004,learned_event_learned_qr,9,0,011,111,1,1,0.43898044074581427,0.022694696956113154
43004,learned_event_learned_qr,9,0,011,111,4,4,0.8643050073172538,0.1749972352738751
43004,learned_event_learned_qr,9,0,011,111,8,8,0.8414699118251134,0.09675256269417254
43004,learned_event_learned_qr,9,0,011,111,16,16,1.05711580482195,0.05329415480951095
43004,learned_event_learned_qr,10,0,111,111,1,1,0.31227553552791454,0.03347289043130421
43004,learned_event_learned_qr,10,0,111,111,4,4,0.3652518528225442,0.019295431007142025
43004,learned_event_learned_qr,10,0,111,111,8,8,0.9860785254668328,0.020890592469350384
43004,learned_event_learned_qr,10,0,111,111,16,16,1.062807764756938,0.03189620666906788
43004,learned_event_learned_qr,11,0,111,110,1,1,0.19707462982504834,0.004065184642170336
43004,learned_event_learned_qr,11,0,111,110,4,4,0.17411692256649425,0.00817220544796066
43004,learned_event_learned_qr,11,0,111,110,8,8,0.14620270244406725,0.008826663597730471
43004,learned_event_learned_qr,11,0,111,110,16,16,0.1606060088009986,0.01663011794313935
43004,learned_event_learned_qr,13,1,111,111,1,1,2.658312124080641,0.0022233384436264087
43004,learned_event_learned_qr,13,1,111,111,4,4,1.5341131117715205,0.08350136767330452
43004,learned_event_learned_qr,13,1,111,111,8,8,1.176692742704516,0.05165548760261056
43004,learned_event_learned_qr,13,1,111,111,16,16,0.7722628393007858,0.03826162884781935
43004,learned_event_learned_qr,14,1,111,011,1,1,0.32832393896057077,0.0240818505857257
43004,learned_event_learned_qr,14,1,111,011,4,4,0.3638328483749267,0.06500081415559125
43004,learned_event_learned_qr,14,1,111,011,8,8,0.47869554633521305,0.14005626530592796
43004,learned_event_learned_qr,14,1,111,011,16,16,0.39496775612131907,0.0783719563184408
43004,learned_event_learned_qr,15,1,011,011,1,1,4.577333728524791,0.3394995275679884
43004,learned_event_learned_qr,15,1,011,011,4,4,1.7347745081232624,0.09845354803221473
43004,learned_event_learned_qr,15,1,011,011,8,8,1.069620751434707,0.06499310555077142
43004,learned_event_learned_qr,15,1,011,011,16,16,0.948549591956082,0.05824304787200821
43004,learned_event_learned_qr,16,1,011,101,1,1,0.27993830544264336,0.06789736220241417
43004,learned_event_learned_qr,16,1,011,101,4,4,0.4385477665621651,0.03652950771997461
43004,learned_event_learned_qr,16,1,011,101,8,8,0.3688456977011591,0.01991488969069294
43004,learned_event_learned_qr,16,1,011,101,16,16,0.5907845394530746,0.05600883764188898
43004,learned_event_learned_qr,17,1,101,101,1,1,0.47004673812040326,0.012615297617230866
43004,learned_event_learned_qr,17,1,101,101,4,4,0.43388315758853463,0.010547993967877612
43004,learned_event_learned_qr,17,1,101,101,8,8,0.5522423362821137,0.027404059508690435
43004,learned_event_learned_qr,17,1,101,101,16,16,0.40847950937353494,0.03855458563545283
43004,learned_event_learned_qr,18,1,101,110,1,1,0.3881161371329449,0.01493945999278891
43004,learned_event_learned_qr,18,1,101,110,4,4,0.3576458249457858,0.010592896172179534
43004,learned_event_learned_qr,18,1,101,110,8,8,0.26233273993503403,0.011753275395627389
43004,learned_event_learned_qr,18,1,101,110,16,16,0.5723063473670946,0.017321507805627738
43004,learned_event_learned_qr,19,1,110,101,1,1,0.28893608778403707,3.151163201701751e-05
43004,learned_event_learned_qr,19,1,110,101,4,4,-0.042658754919460716,0.04122133170929545
43004,learned_event_learned_qr,19,1,110,101,8,8,0.10086846475365926,0.039676939056069296
43004,learned_event_learned_qr,19,1,110,101,16,16,0.8707091460654526,0.06525078538719345
43004,learned_event_learned_qr,20,1,101,011,1,1,0.6481466137221114,0.08501910592276686
43004,learned_event_learned_qr,20,1,101,011,4,4,0.5453388511826818,0.07199902155224698
43004,learned_event_learned_qr,20,1,101,011,8,8,0.8681548710438161,0.060146221996828654
43004,learned_event_learned_qr,20,1,101,011,16,16,0.8717610087570947,0.05241687560532535
43004,learned_event_learned_qr,21,1,011,110,1,1,0.24938652025536096,0.00039845766859700465
43004,learned_event_learned_qr,21,1,011,110,4,4,0.7933051956892769,0.11200744219704334
43004,learned_event_learned_qr,21,1,011,110,8,8,0.60870884319174,0.0953724663478705
43004,learned_event_learned_qr,21,1,011,110,16,16,0.3768038601284018,0.05971474555316103
43004,learned_event_learned_qr,22,1,110,111,1,1,3.172884483779116,0.01691231847164677
43004,learned_event_learned_qr,22,1,110,111,4,4,1.8916550615136434,0.30096027657063507
43004,learned_event_learned_qr,22,1,110,111,8,8,1.4464322184666396,0.22644510852286537
43004,learned_event_learned_qr,22,1,110,111,16,16,1.365102012756898,0.14916593748143717
43004,learned_event_learned_qr,23,1,111,110,1,1,0.621835276587148,0.03624427200379337
43004,learned_event_learned_qr,23,1,111,110,4,4,0.40648706572456017,0.011708986009697591
43004,learned_event_learned_qr,23,1,111,110,8,8,0.3737920186892611,0.013358787374498896
43004,learned_event_learned_qr,23,1,111,110,16,16,0.2738482818735608,0.010278955438451027
43004,learned_event_learned_qr,25,2,111,101,1,1,0.5771714270850197,0.006431647374415347
43004,learned_event_learned_qr,25,2,111,101,4,4,0.7932251856681922,0.017497184339000257
43004,learned_event_learned_qr,25,2,111,101,8,8,0.5717209535677268,0.02082108485049697
43004,learned_event_learned_qr,25,2,111,101,16,16,0.9582552281056516,0.031025993349098935
43004,learned_event_learned_qr,26,2,101,111,1,1,0.2968491193085841,0.03310049666359165
43004,learned_event_learned_qr,26,2,101,111,4,4,0.6316544326916478,0.028868422063807082
43004,learned_event_learned_qr,26,2,101,111,8,8,0.7571520450659249,0.018910874476342918
43004,learned_event_learned_qr,26,2,101,111,16,16,0.8192386317394055,0.024257745520007666
43004,learned_event_learned_qr,27,2,111,111,1,1,1.2277325211780583,0.2626553698403208
43004,learned_event_learned_qr,27,2,111,111,4,4,1.5666324319403035,0.0742505302729732
43004,learned_event_learned_qr,27,2,111,111,8,8,1.8410205828608592,0.05992071291093132
43004,learned_event_learned_qr,27,2,111,111,16,16,1.2843021422696195,0.05419256020467043
43004,learned_event_learned_qr,28,2,111,011,1,1,0.30904115076168176,0.0026774078248163434
43004,learned_event_learned_qr,28,2,111,011,4,4,0.5239938332744317,0.037359953501052666
43004,learned_event_learned_qr,28,2,111,011,8,8,0.685218083600192,0.03727896931193975
43004,learned_event_learned_qr,28,2,111,011,16,16,0.6243020661389761,0.022520140175849804
43004,learned_event_learned_qr,29,2,011,110,1,1,0.4555023079173883,0.04215799173411881
43004,learned_event_learned_qr,29,2,011,110,4,4,0.29093199297316524,0.026028062622708237
43004,learned_event_learned_qr,29,2,011,110,8,8,0.25328458136301296,0.019352200853937743
43004,learned_event_learned_qr,29,2,011,110,16,16,0.40909237995936776,0.03594654919686457
43004,learned_event_learned_qr,30,2,110,110,1,1,-0.3909035003944729,0.04976597533198244
43004,learned_event_learned_qr,30,2,110,110,4,4,0.7768797828187773,0.058522739936894025
43004,learned_event_learned_qr,30,2,110,110,8,8,0.5071442244253758,0.04442952435022661
43004,learned_event_learned_qr,30,2,110,110,16,16,0.5610977302773861,0.0395559936529902
43004,learned_event_learned_qr,31,2,110,101,1,1,1.2826695443070726,0.00820170479237962
43004,learned_event_learned_qr,31,2,110,101,4,4,1.9643308267074275,0.009380568232508234
43004,learned_event_learned_qr,31,2,110,101,8,8,1.2345435309478057,0.012459101269897363
43004,learned_event_learned_qr,31,2,110,101,16,16,0.8413024662656599,0.03644489040621715
43004,learned_event_learned_qr,32,2,101,101,1,1,0.2732209561680024,0.0005164748559246515
43004,learned_event_learned_qr,32,2,101,101,4,4,0.7364542928567821,0.02057519137819195
43004,learned_event_learned_qr,32,2,101,101,8,8,0.5009693153939215,0.014489760184618842
43004,learned_event_learned_qr,32,2,101,101,16,16,0.466287309219122,0.0135621656070836
43004,learned_event_learned_qr,33,2,101,110,1,1,0.2446639751413677,0.00914211617553403
43004,learned_event_learned_qr,33,2,101,110,4,4,0.24138279691595932,0.019463718873794535
43004,learned_event_learned_qr,33,2,101,110,8,8,0.41137901509364555,0.02602253220933436
43004,learned_event_learned_qr,33,2,101,110,16,16,0.33795912289892915,0.027775613923655115
43004,learned_event_learned_qr,34,2,110,011,1,1,3.2247653661037248,0.020462959868806693
43004,learned_event_learned_qr,34,2,110,011,4,4,1.697995420175388,0.08920679994236205
43004,learned_event_learned_qr,34,2,110,011,8,8,0.9103527019108753,0.09273744941963176
43004,learned_event_learned_qr,34,2,110,011,16,16,1.122634624012333,0.07134420764167804
43004,learned_event_learned_qr,35,2,011,011,1,1,0.38547685338083343,0.004601603437514962
43004,learned_event_learned_qr,35,2,011,011,4,4,0.7285001798439887,0.09435764794710694
43004,learned_event_learned_qr,35,2,011,011,8,8,0.7039290398172859,0.06108833003644053
43004,learned_event_learned_qr,35,2,011,011,16,16,0.7364557846855826,0.07533925645217762
43004,learned_event_learned_qr,37,3,101,101,1,1,0.8960068304501211,0.04734348717272887
43004,learned_event_learned_qr,37,3,101,101,4,4,0.4440065506827422,0.017476806501717672
43004,learned_event_learned_qr,37,3,101,101,8,8,0.8921206777709607,0.037890300175898756
43004,learned_event_learned_qr,37,3,101,101,16,16,0.8981916756057373,0.05622883222753473
43004,learned_event_learned_qr,38,3,101,111,1,1,0.39095301713883196,0.036948161762474514
43004,learned_event_learned_qr,38,3,101,111,4,4,0.29753941644635346,0.02185147547442175
43004,learned_event_learned_qr,38,3,101,111,8,8,0.9905181593916791,0.17139308183962196
43004,learned_event_learned_qr,38,3,101,111,16,16,0.7722289115826931,0.10796335564702776
43004,learned_event_learned_qr,39,3,111,111,1,1,0.252006445441982,0.41494764301857184
43004,learned_event_learned_qr,39,3,111,111,4,4,0.792617569344788,0.19061100367917536
43004,learned_event_learned_qr,39,3,111,111,8,8,0.5531276981465649,0.142178421548405
43004,learned_event_learned_qr,39,3,111,111,16,16,0.8979613861062363,0.09611160916771057
43004,learned_event_learned_qr,40,3,111,011,1,1,0.23418717698562042,0.13044904623506545
43004,learned_event_learned_qr,40,3,111,011,4,4,1.1065070007107045,0.12824248341743724
43004,learned_event_learned_qr,40,3,111,011,8,8,1.0542378220917277,0.1506355413146317
43004,learned_event_learned_qr,40,3,111,011,16,16,1.2115916701997715,0.14360258556512548
43004,learned_event_learned_qr,41,3,011,111,1,1,0.90954952455783,0.008598360414029041
43004,learned_event_learned_qr,41,3,011,111,4,4,0.3402833516164039,0.03480841404044719
43004,learned_event_learned_qr,41,3,011,111,8,8,0.2320198948202707,0.048377934972605785
43004,learned_event_learned_qr,41,3,011,111,16,16,0.8540579579941526,0.037106988769334354
43004,learned_event_learned_qr,42,3,111,110,1,1,0.7821713067173177,0.011688894207751767
43004,learned_event_learned_qr,42,3,111,110,4,4,0.3972678827630606,0.007008374781440755
43004,learned_event_learned_qr,42,3,111,110,8,8,0.3037383044341391,0.019805483991955218
43004,learned_event_learned_qr,42,3,111,110,16,16,0.20286592654261307,0.01753402902739431
43004,learned_event_learned_qr,43,3,110,011,1,1,0.15055550773084864,0.0029961737524472278
43004,learned_event_learned_qr,43,3,110,011,4,4,0.9783123238427461,0.09986247316130031
43004,learned_event_learned_qr,43,3,110,011,8,8,0.9789457624606901,0.1229405808245305
43004,learned_event_learned_qr,43,3,110,011,16,16,1.1591000148937427,0.10229140265772169
43004,learned_event_learned_qr,44,3,011,101,1,1,0.2934472801449501,0.021952095428151706
43004,learned_event_learned_qr,44,3,011,101,4,4,0.739578721349656,0.02326778319063115
43004,learned_event_learned_qr,44,3,011,101,8,8,0.5989580911011267,0.02212492522384393
43004,learned_event_learned_qr,44,3,011,101,16,16,0.6289553229779705,0.03352315756455812
43004,learned_event_learned_qr,45,3,101,110,1,1,0.5684227083289455,0.07944502274020696
43004,learned_event_learned_qr,45,3,101,110,4,4,0.8073391655411828,0.08442088592906542
43004,learned_event_learned_qr,45,3,101,110,8,8,0.5278419066055487,0.04858762857223524
43004,learned_event_learned_qr,45,3,101,110,16,16,0.4348523096631267,0.03878232317929264
43004,learned_event_learned_qr,46,3,110,110,1,1,0.49476783408056263,0.12708941699377346
43004,learned_event_learned_qr,46,3,110,110,4,4,0.3000709295070777,0.06358400009436978
43004,learned_event_learned_qr,46,3,110,110,8,8,0.30245464840105907,0.049408327213632836
43004,learned_event_learned_qr,46,3,110,110,16,16,0.7939812026874565,0.08438316179177956
43004,learned_event_learned_qr,47,3,110,011,1,1,0.5024526842221692,0.013958835751808991
43004,learned_event_learned_qr,47,3,110,011,4,4,0.1547140630955791,0.06865488763556193
43004,learned_event_learned_qr,47,3,110,011,8,8,0.804644115644408,0.04319487181341032
43004,learned_event_learned_qr,47,3,110,011,16,16,1.1008198021627127,0.08259829023537436
43004,oracle_event_learned_qr,1,0,110,011,1,1,-0.041142303582975305,0.008390126996126944
43004,oracle_event_learned_qr,1,0,110,011,4,4,0.11642784879330928,0.017702477008531187
43004,oracle_event_learned_qr,1,0,110,011,8,8,1.2020629242539682,0.025579525886617813
43004,oracle_event_learned_qr,1,0,110,011,16,16,1.0018353045987167,0.05243131482142827
43004,oracle_event_learned_qr,2,0,011,110,1,1,0.6990782451953363,0.05858866257350903
43004,oracle_event_learned_qr,2,0,011,110,4,4,0.36060978678357614,0.026752588013202322
43004,oracle_event_learned_qr,2,0,011,110,8,8,0.40100296193993235,0.024760311800274215
43004,oracle_event_learned_qr,2,0,011,110,16,16,0.3202056004976111,0.021582668456822822
43004,oracle_event_learned_qr,3,0,110,101,1,1,0.6130421491854511,0.0015663571007524329
43004,oracle_event_learned_qr,3,0,110,101,4,4,0.4449723357116384,0.0072759012999946806
43004,oracle_event_learned_qr,3,0,110,101,8,8,0.17279751480827896,0.005785350994132224
43004,oracle_event_learned_qr,3,0,110,101,16,16,0.7205452475414773,0.0171884008992451
43004,oracle_event_learned_qr,4,0,101,101,1,1,0.12067769130419126,0.010125479530265892
43004,oracle_event_learned_qr,4,0,101,101,4,4,0.2035190094332754,0.0036374407737557158
43004,oracle_event_learned_qr,4,0,101,101,8,8,0.2190017766827514,0.007741807745322892
43004,oracle_event_learned_qr,4,0,101,101,16,16,0.5025809458159627,0.03807318680783758
43004,oracle_event_learned_qr,5,0,101,101,1,1,0.9793215907468427,0.040947368307462935
43004,oracle_event_learned_qr,5,0,101,101,4,4,0.8319370893588259,0.02159974549447104
43004,oracle_event_learned_qr,5,0,101,101,8,8,0.8825971730899564,0.02767457817240405
43004,oracle_event_learned_qr,5,0,101,101,16,16,1.1369814848221762,0.039218102998747
43004,oracle_event_learned_qr,6,0,101,111,1,1,0.12922533049432844,0.01449083146157937
43004,oracle_event_learned_qr,6,0,101,111,4,4,1.2387918444459167,0.02164775930623386
43004,oracle_event_learned_qr,6,0,101,111,8,8,1.611136641547223,0.02447238367968351
43004,oracle_event_learned_qr,6,0,101,111,16,16,1.2089424122315273,0.017402063731980773
43004,oracle_event_learned_qr,7,0,111,011,1,1,1.0899601596736423,0.020986875016369564
43004,oracle_event_learned_qr,7,0,111,011,4,4,0.9551802021539575,0.013252940450384216
43004,oracle_event_learned_qr,7,0,111,011,8,8,0.7636754790301812,0.025065864556237362
43004,oracle_event_learned_qr,7,0,111,011,16,16,0.7049822224660856,0.026679898225078713
43004,oracle_event_learned_qr,8,0,011,011,1,1,2.348848582085208,0.006202151181157281
43004,oracle_event_learned_qr,8,0,011,011,4,4,0.9310030557688184,0.011463720977542642
43004,oracle_event_learned_qr,8,0,011,011,8,8,0.6806621969467819,0.069216919955558
43004,oracle_event_learned_qr,8,0,011,011,16,16,0.786923613569435,0.07178285495726323
43004,oracle_event_learned_qr,9,0,011,111,1,1,0.4265982258097896,0.019689184555839203
43004,oracle_event_learned_qr,9,0,011,111,4,4,0.8569968540320743,0.17221302197738764
43004,oracle_event_learned_qr,9,0,011,111,8,8,0.8382082155977835,0.09548997810770042
43004,oracle_event_learned_qr,9,0,011,111,16,16,1.0509395722140165,0.05234890679222012
43004,oracle_event_learned_qr,10,0,111,111,1,1,0.3207160495056897,0.03346404598170843
43004,oracle_event_learned_qr,10,0,111,111,4,4,0.3712354895347143,0.019284772987519284
43004,oracle_event_learned_qr,10,0,111,111,8,8,0.9867154413716516,0.01813217581127469
43004,oracle_event_learned_qr,10,0,111,111,16,16,1.0455301382818092,0.027207785680564006
43004,oracle_event_learned_qr,11,0,111,110,1,1,0.19813751106291352,0.0042539220055473415
43004,oracle_event_learned_qr,11,0,111,110,4,4,0.17499837313241665,0.008205051345777023
43004,oracle_event_learned_qr,11,0,111,110,8,8,0.1471265437084,0.00887383080383012
43004,oracle_event_learned_qr,11,0,111,110,16,16,0.1620237335268389,0.01683735549117442
43004,oracle_event_learned_qr,13,1,111,111,1,1,2.720170425760441,0.0007234487489406345
43004,oracle_event_learned_qr,13,1,111,111,4,4,1.5449074198200474,0.0828921286071781
43004,oracle_event_learned_qr,13,1,111,111,8,8,1.1652429954601042,0.050759906439037904
43004,oracle_event_learned_qr,13,1,111,111,16,16,0.7631100815000496,0.037756594322005316
43004,oracle_event_learned_qr,14,1,111,011,1,1,0.31975990597079357,0.02346502628192107
43004,oracle_event_learned_qr,14,1,111,011,4,4,0.3573096141847998,0.06596946683788846
43004,oracle_event_learned_qr,14,1,111,011,8,8,0.47433859884331264,0.14192800225670435
43004,oracle_event_learned_qr,14,1,111,011,16,16,0.39116611347830754,0.07911116936015763
43004,oracle_event_learned_qr,15,1,011,011,1,1,4.533050446981014,0.01821689255227522
43004,oracle_event_learned_qr,15,1,011,011,4,4,1.6689556240646077,0.012585099611955006
43004,oracle_event_learned_qr,15,1,011,011,8,8,1.0270480652396694,0.025886440219556217
43004,oracle_event_learned_qr,15,1,011,011,16,16,0.9224005593711639,0.03841938035528934
43004,oracle_event_learned_qr,16,1,011,101,1,1,0.2799492681074734,0.06734198806636693
43004,oracle_event_learned_qr,16,1,011,101,4,4,0.43674878395135264,0.036387257206946015
43004,oracle_event_learned_qr,16,1,011,101,8,8,0.36763493854399176,0.01996930407205521
43004,oracle_event_learned_qr,16,1,011,101,16,16,0.5903961175544785,0.05599158271631272
43004,oracle_event_learned_qr,17,1,101,101,1,1,0.303447684896671,0.012903117924785094
43004,oracle_event_learned_qr,17,1,101,101,4,4,0.33613720429169436,0.010047165820384923
43004,oracle_event_learned_qr,17,1,101,101,8,8,0.4984677368764645,0.025941475880346173
43004,oracle_event_learned_qr,17,1,101,101,16,16,0.3569320338140587,0.03728238503331875
43004,oracle_event_learned_qr,18,1,101,110,1,1,0.37784297778736603,0.014650749765885615
43004,oracle_event_learned_qr,18,1,101,110,4,4,0.34839478369838023,0.010554306565909412
43004,oracle_event_learned_qr,18,1,101,110,8,8,0.2527061369459307,0.01182368841029825
43004,oracle_event_learned_qr,18,1,101,110,16,16,0.5651601156571794,0.01749784282842542
43004,oracle_event_learned_qr,19,1,110,101,1,1,0.28686930451715864,6.088962328901966e-05
43004,oracle_event_learned_qr,19,1,110,101,4,4,-0.04206700293666827,0.04119050714205898
43004,oracle_event_learned_qr,19,1,110,101,8,8,0.09700308426513815,0.0396298254990687
43004,oracle_event_learned_qr,19,1,110,101,16,16,0.881166470199813,0.061189037306544215
43004,oracle_event_learned_qr,20,1,101,011,1,1,0.6304625890543125,0.08371353915085883
43004,oracle_event_learned_qr,20,1,101,011,4,4,0.5303319226280735,0.07041926863083753
43004,oracle_event_learned_qr,20,1,101,011,8,8,0.9081190465968605,0.06712643129648438
43004,oracle_event_learned_qr,20,1,101,011,16,16,0.8919956475060143,0.05861342145941799
43004,oracle_event_learned_qr,21,1,011,110,1,1,0.23947323414788355,0.000298954189740218
43004,oracle_event_learned_qr,21,1,011,110,4,4,0.8254311170654262,0.0033643420565468932
43004,oracle_event_learned_qr,21,1,011,110,8,8,0.6675432736580159,0.04385029503843613
43004,oracle_event_learned_qr,21,1,011,110,16,16,0.41147509118461645,0.03417512757622772
43004,oracle_event_learned_qr,22,1,110,111,1,1,3.8863874616935057,0.006291748723678631
43004,oracle_event_learned_qr,22,1,110,111,4,4,2.3102925816757596,0.2140057596171745
43004,oracle_event_learned_qr,22,1,110,111,8,8,1.6005882238870295,0.1889825832734246
43004,oracle_event_learned_qr,22,1,110,111,16,16,1.4499788392532498,0.1226228734769581
43004,oracle_event_learned_qr,23,1,111,110,1,1,0.5811170631957994,0.03217519196831334
43004,oracle_event_learned_qr,23,1,111,110,4,4,0.3880326855307832,0.010697289438117067
43004,oracle_event_learned_qr,23,1,111,110,8,8,0.36061439987231325,0.011313708191258067
43004,oracle_event_learned_qr,23,1,111,110,16,16,0.281101473598689,0.008880666297339974
43004,oracle_event_learned_qr,25,2,111,101,1,1,0.5509996929789501,0.006550249982265835
43004,oracle_event_learned_qr,25,2,111,101,4,4,0.7824368385818521,0.016103665924830163
43004,oracle_event_learned_qr,25,2,111,101,8,8,0.5590991448795508,0.019851329497138328
43004,oracle_event_learned_qr,25,2,111,101,16,16,0.941421698846051,0.025220948530351076
43004,oracle_event_learned_qr,26,2,101,111,1,1,0.30126539001630714,0.03241382349653236
43004,oracle_event_learned_qr,26,2,101,111,4,4,0.6324903303512823,0.027657503142623902
43004,oracle_event_learned_qr,26,2,101,111,8,8,0.7506914141480572,0.018014725086063596
43004,oracle_event_learned_qr,26,2,101,111,16,16,0.8128309468278835,0.02331701111722516
43004,oracle_event_learned_qr,27,2,111,111,1,1,1.1978688558127535,0.2604807792544549
43004,oracle_event_learned_qr,27,2,111,111,4,4,1.5517371751446145,0.07243270469535808
43004,oracle_event_learned_qr,27,2,111,111,8,8,1.8309241806340029,0.058320971842601835
43004,oracle_event_learned_qr,27,2,111,111,16,16,1.278660106172349,0.052784138472065645
43004,oracle_event_learned_qr,28,2,111,011,1,1,0.3130791954006007,0.0023278913770825886
43004,oracle_event_learned_qr,28,2,111,011,4,4,0.5246146237370659,0.03728244609358337
43004,oracle_event_learned_qr,28,2,111,011,8,8,0.6845574003944701,0.037095046942747005
43004,oracle_event_learned_qr,28,2,111,011,16,16,0.6228345098219452,0.02237931115123304
43004,oracle_event_learned_qr,29,2,011,110,1,1,0.4718886662228494,0.044060291781430595
43004,oracle_event_learned_qr,29,2,011,110,4,4,0.31686198595968373,0.027438105932285406
43004,oracle_event_learned_qr,29,2,011,110,8,8,0.27530102126772366,0.020284056875539493
43004,oracle_event_learned_qr,29,2,011,110,16,16,0.47098235395936316,0.01386583567502309
43004,oracle_event_learned_qr,30,2,110,110,1,1,-0.3811623933450748,0.0502744898489481
43004,oracle_event_learned_qr,30,2,110,110,4,4,0.8274296343552805,0.07161081058202817
43004,oracle_event_learned_qr,30,2,110,110,8,8,0.5521372237584458,0.053239726259090646
43004,oracle_event_learned_qr,30,2,110,110,16,16,0.5785102456950622,0.0376690359486668
43004,oracle_event_learned_qr,31,2,110,101,1,1,1.5576226587104514,0.018537672301651487
43004,oracle_event_learned_qr,31,2,110,101,4,4,2.031786801780771,0.012101526443047727
43004,oracle_event_learned_qr,31,2,110,101,8,8,1.2672013864110196,0.013608834784360396
43004,oracle_event_learned_qr,31,2,110,101,16,16,0.8578131382684054,0.036375088359750514
43004,oracle_event_learned_qr,32,2,101,101,1,1,0.2602304612801443,0.00013291117067306096
43004,oracle_event_learned_qr,32,2,101,101,4,4,0.725401249259657,0.020348664920557667
43004,oracle_event_learned_qr,32,2,101,101,8,8,0.493002540011627,0.014588106675607875
43004,oracle_event_learned_qr,32,2,101,101,16,16,0.46114224405676374,0.013325367070133064
43004,oracle_event_learned_qr,33,2,101,110,1,1,0.2149689226759421,0.008175584964510641
43004,oracle_event_learned_qr,33,2,101,110,4,4,0.22218866671454796,0.019580299709748464
43004,oracle_event_learned_qr,33,2,101,110,8,8,0.4023924373835288,0.027657003291623662
43004,oracle_event_learned_qr,33,2,101,110,16,16,0.3343960653483099,0.029586924399889716
43004,oracle_event_learned_qr,34,2,110,011,1,1,3.1135883923912067,8.827124918677116e-06
43004,oracle_event_learned_qr,34,2,110,011,4,4,1.5329052535149297,0.05947141018020327
43004,oracle_event_learned_qr,34,2,110,011,8,8,0.8485972828288921,0.0748705658799837
43004,oracle_event_learned_qr,34,2,110,011,16,16,1.0692998384354406,0.06192022631175978
43004,oracle_event_learned_qr,35,2,011,011,1,1,0.3374981320381895,0.004942782602355135
43004,oracle_event_learned_qr,35,2,011,011,4,4,0.7242914050373988,0.08092358888194355
43004,oracle_event_learned_qr,35,2,011,011,8,8,0.7017829770066544,0.05477345210631185
43004,oracle_event_learned_qr,35,2,011,011,16,16,0.7262007774414532,0.07209707613717316
43004,oracle_event_learned_qr,37,3,101,101,1,1,0.9046302696359294,0.04468057382578657
43004,oracle_event_learned_qr,37,3,101,101,4,4,0.42964903402475163,0.016810467596393135
43004,oracle_event_learned_qr,37,3,101,101,8,8,0.888531240405947,0.034976642622763246
43004,oracle_event_learned_qr,37,3,101,101,16,16,0.8957641065226439,0.052838075858386915
43004,oracle_event_learned_qr,38,3,101,111,1,1,0.4110411324769489,0.03664142408377512
43004,oracle_event_learned_qr,38,3,101,111,4,4,0.3187011766976258,0.021853794809584992
43004,oracle_event_learned_qr,38,3,101,111,8,8,0.8587813842451615,0.09782570737931731
43004,oracle_event_learned_qr,38,3,101,111,16,16,0.6705603945533924,0.07230125873659117
43004,oracle_event_learned_qr,39,3,111,111,1,1,0.20405363241253122,0.5350285847300408
43004,oracle_event_learned_qr,39,3,111,111,4,4,0.8062216123519301,0.20766956861307678
43004,oracle_event_learned_qr,39,3,111,111,8,8,0.5531819268781614,0.1486615487634401
43004,oracle_event_learned_qr,39,3,111,111,16,16,0.9220534621302026,0.10265645061347659
43004,oracle_event_learned_qr,40,3,111,011,1,1,0.22229884310402961,0.12830224651185926
43004,oracle_event_learned_qr,40,3,111,011,4,4,1.1665226870812588,0.10548187055631851
43004,oracle_event_learned_qr,40,3,111,011,8,8,1.061545567062092,0.13738817374405685
43004,oracle_event_learned_qr,40,3,111,011,16,16,1.1983654923660532,0.12590414597987706
43004,oracle_event_learned_qr,41,3,011,111,1,1,0.9070044356674368,0.008479126552202872
43004,oracle_event_learned_qr,41,3,011,111,4,4,0.33851376688096746,0.034821817430195946
43004,oracle_event_learned_qr,41,3,011,111,8,8,0.23030271568677174,0.04847906966661614
43004,oracle_event_learned_qr,41,3,011,111,16,16,0.8567068753232476,0.03682316398327096
43004,oracle_event_learned_qr,42,3,111,110,1,1,0.818877687971968,0.017168690677120978
43004,oracle_event_learned_qr,42,3,111,110,4,4,0.40265394728349285,0.00904483516921504
43004,oracle_event_learned_qr,42,3,111,110,8,8,0.3041840496425051,0.020891943877682922
43004,oracle_event_learned_qr,42,3,111,110,16,16,0.20137226224093474,0.018263911056073903
43004,oracle_event_learned_qr,43,3,110,011,1,1,0.2399815616339014,0.0006599182582405692
43004,oracle_event_learned_qr,43,3,110,011,4,4,0.9173433510786698,0.1016824756105458
43004,oracle_event_learned_qr,43,3,110,011,8,8,0.9490104821449777,0.12611098804760282
43004,oracle_event_learned_qr,43,3,110,011,16,16,1.1343986935472126,0.10423237508579786
43004,oracle_event_learned_qr,44,3,011,101,1,1,0.29623754025126586,0.021692164959291396
43004,oracle_event_learned_qr,44,3,011,101,4,4,0.7249510759187943,0.04771805905388262
43004,oracle_event_learned_qr,44,3,011,101,8,8,0.5919496291252089,0.03764365761230568
43004,oracle_event_learned_qr,44,3,011,101,16,16,0.6261207269450855,0.04056019241606281
43004,oracle_event_learned_qr,45,3,101,110,1,1,0.5611669785588599,0.08149683698949291
43004,oracle_event_learned_qr,45,3,101,110,4,4,0.8221355906988146,0.09010913715781688
43004,oracle_event_learned_qr,45,3,101,110,8,8,0.5318036276694103,0.05115256327360009
43004,oracle_event_learned_qr,45,3,101,110,16,16,0.43406549169298314,0.035899917778639656
43004,oracle_event_learned_qr,46,3,110,110,1,1,0.568729809258386,0.1430545494753594
43004,oracle_event_learned_qr,46,3,110,110,4,4,0.360884479511592,0.07298756075693139
43004,oracle_event_learned_qr,46,3,110,110,8,8,0.3477419856684161,0.056032936016530685
43004,oracle_event_learned_qr,46,3,110,110,16,16,0.887572324796868,0.11894983490754751
43004,oracle_event_learned_qr,47,3,110,011,1,1,0.1601399687636018,0.015937543307624338
43004,oracle_event_learned_qr,47,3,110,011,4,4,0.07984325822737237,0.06835327276191742
43004,oracle_event_learned_qr,47,3,110,011,8,8,0.7882159871367678,0.04140187206350625
43004,oracle_event_learned_qr,47,3,110,011,16,16,0.9866516060441977,0.039123795532404686
43004,learned_event_oracle_qr,1,0,110,011,1,1,0.23462448880052186,0.00044002206024169443
43004,learned_event_oracle_qr,1,0,110,011,4,4,0.39402058468925716,0.004541787099466078
43004,learned_event_oracle_qr,1,0,110,011,8,8,0.7645030525768803,0.018321195401448925
43004,learned_event_oracle_qr,1,0,110,011,16,16,0.7500898871468165,0.04996711090415283
43004,learned_event_oracle_qr,2,0,011,110,1,1,0.8768701761832913,7.006740956770265e-05
43004,learned_event_oracle_qr,2,0,011,110,4,4,-0.08725417532026447,0.009742432948936742
43004,learned_event_oracle_qr,2,0,011,110,8,8,0.3504123776188308,0.007401273056754639
43004,learned_event_oracle_qr,2,0,011,110,16,16,0.20369992833092512,0.00932983865879516
43004,learned_event_oracle_qr,3,0,110,101,1,1,0.29388153076084567,0.005259533105169629
43004,learned_event_oracle_qr,3,0,110,101,4,4,0.3229889873628522,0.0018303739851474633
43004,learned_event_oracle_qr,3,0,110,101,8,8,0.24679131402094287,0.004448265566000759
43004,learned_event_oracle_qr,3,0,110,101,16,16,0.5228284677481853,0.005441193922721792
43004,learned_event_oracle_qr,4,0,101,101,1,1,0.111287727536942,0.00380932526650347
43004,learned_event_oracle_qr,4,0,101,101,4,4,0.2225768075599871,0.0024724779441265055
43004,learned_event_oracle_qr,4,0,101,101,8,8,0.26186647255469553,0.009453091312871037
43004,learned_event_oracle_qr,4,0,101,101,16,16,0.43712601770792847,0.03401998208364619
43004,learned_event_oracle_qr,5,0,101,101,1,1,0.4580701104485935,0.08822745870071459
43004,learned_event_oracle_qr,5,0,101,101,4,4,0.8828473057019911,0.037732808194951686
43004,learned_event_oracle_qr,5,0,101,101,8,8,0.9584037802798049,0.022368922371384877
43004,learned_event_oracle_qr,5,0,101,101,16,16,1.1150775339035843,0.14121664744448822
43004,learned_event_oracle_qr,6,0,101,111,1,1,0.23708184615755434,0.007147783011864037
43004,learned_event_oracle_qr,6,0,101,111,4,4,1.1662217169659699,0.014715447740327306
43004,learned_event_oracle_qr,6,0,101,111,8,8,1.6085162067402843,0.021481497418336097
43004,learned_event_oracle_qr,6,0,101,111,16,16,1.1903965987686151,0.017004807446962252
43004,learned_event_oracle_qr,7,0,111,011,1,1,1.2370749387026312,0.028752627180682454
43004,learned_event_oracle_qr,7,0,111,011,4,4,0.9272295527133629,0.024842320338356698
43004,learned_event_oracle_qr,7,0,111,011,8,8,0.6783397003386417,0.03427272676019021
43004,learned_event_oracle_qr,7,0,111,011,16,16,0.649014665681052,0.03186277129924489
43004,learned_event_oracle_qr,8,0,011,011,1,1,2.0504725583530843,0.012268699878965379
43004,learned_event_oracle_qr,8,0,011,011,4,4,0.8948760674698721,0.012830188988110166
43004,learned_event_oracle_qr,8,0,011,011,8,8,0.6852536970640208,0.07408717336628007
43004,learned_event_oracle_qr,8,0,011,011,16,16,0.7579022055401243,0.0760350975062568
43004,learned_event_oracle_qr,9,0,011,111,1,1,0.3248130654915827,0.025617848711809176
43004,learned_event_oracle_qr,9,0,011,111,4,4,0.8458213322733097,0.17293215832725625
43004,learned_event_oracle_qr,9,0,011,111,8,8,0.8225483264316655,0.09346573449281381
43004,learned_event_oracle_qr,9,0,011,111,16,16,1.0392025437793975,0.05227114662371912
43004,learned_event_oracle_qr,10,0,111,111,1,1,0.3730753012280273,0.03221976789735873
43004,learned_event_oracle_qr,10,0,111,111,4,4,0.4366493772580364,0.018943219726848315
43004,learned_event_oracle_qr,10,0,111,111,8,8,0.9278495739793009,0.02090583836021702
43004,learned_event_oracle_qr,10,0,111,111,16,16,1.050279910736343,0.032522067494166834
43004,learned_event_oracle_qr,11,0,111,110,1,1,-0.12292724273860996,0.0012804719109157851
43004,learned_event_oracle_qr,11,0,111,110,4,4,-0.26964535825429425,0.0038361571997819967
43004,learned_event_oracle_qr,11,0,111,110,8,8,-0.15451491088428992,0.009347659999615891
43004,learned_event_oracle_qr,11,0,111,110,16,16,-0.08080584952259101,0.007896276546191412
43004,learned_event_oracle_qr,13,1,111,111,1,1,1.7720632180756255,0.0013557344163245772
43004,learned_event_oracle_qr,13,1,111,111,4,4,1.1355216938073482,0.07557240221584564
43004,learned_event_oracle_qr,13,1,111,111,8,8,0.9241044053403197,0.04832908324755039
43004,learned_event_oracle_qr,13,1,111,111,16,16,0.6765625091458308,0.0359895075382805
43004,learned_event_oracle_qr,14,1,111,011,1,1,0.3787481831667352,0.020591608072886743
43004,learned_event_oracle_qr,14,1,111,011,4,4,0.42240005025354066,0.06634657517139765
43004,learned_event_oracle_qr,14,1,111,011,8,8,0.515945050067798,0.14280244827705785
43004,learned_event_oracle_qr,14,1,111,011,16,16,0.47221291320460557,0.07923183117720466
43004,learned_event_oracle_qr,15,1,011,011,1,1,3.9284008192910527,0.11165559066217964
43004,learned_event_oracle_qr,15,1,011,011,4,4,1.538503736673812,0.03540104789105002
43004,learned_event_oracle_qr,15,1,011,011,8,8,0.9818698371828052,0.03446976051175789
43004,learned_event_oracle_qr,15,1,011,011,16,16,0.8794825785056388,0.04280516392671043
43004,learned_event_oracle_qr,16,1,011,101,1,1,0.21867401319736804,0.0623951839156457
43004,learned_event_oracle_qr,16,1,011,101,4,4,0.36804563093661136,0.03553233744657895
43004,learned_event_oracle_qr,16,1,011,101,8,8,0.31746593591213973,0.02590393980406646
43004,learned_event_oracle_qr,16,1,011,101,16,16,0.6257621670019331,0.0586909417301338
43004,learned_event_oracle_qr,17,1,101,101,1,1,0.39622469950842915,0.012505425165929578
43004,learned_event_oracle_qr,17,1,101,101,4,4,0.3701899277933868,0.005640191440446355
43004,learned_event_oracle_qr,17,1,101,101,8,8,0.47408401085848323,0.010370608225330827
43004,learned_event_oracle_qr,17,1,101,101,16,16,0.38151180732238227,0.013465328131699084
43004,learned_event_oracle_qr,18,1,101,110,1,1,0.149858392094733,0.012727043996384003
43004,learned_event_oracle_qr,18,1,101,110,4,4,0.0645354958671313,0.0034576289320356014
43004,learned_event_oracle_qr,18,1,101,110,8,8,-0.05474126279242351,0.004262240338124964
43004,learned_event_oracle_qr,18,1,101,110,16,16,0.49144690988390033,0.007109850055594415
43004,learned_event_oracle_qr,19,1,110,101,1,1,0.2425276325774642,0.00268078171131829
43004,learned_event_oracle_qr,19,1,110,101,4,4,0.20949330261830873,0.02244738481958738
43004,learned_event_oracle_qr,19,1,110,101,8,8,0.22475975788979632,0.02725092698465416
43004,learned_event_oracle_qr,19,1,110,101,16,16,0.9302664944026717,0.044413317938607116
43004,learned_event_oracle_qr,20,1,101,011,1,1,0.6000944357823849,0.0749665618861764
43004,learned_event_oracle_qr,20,1,101,011,4,4,0.5491208629135425,0.06933798358133919
43004,learned_event_oracle_qr,20,1,101,011,8,8,0.8114425216115152,0.05625895423943532
43004,learned_event_oracle_qr,20,1,101,011,16,16,0.836356769759673,0.04989097292892222
43004,learned_event_oracle_qr,21,1,011,110,1,1,-0.13510991519684448,0.0016537299042320064
43004,learned_event_oracle_qr,21,1,011,110,4,4,1.2048946322100897,0.01125809717856231
43004,learned_event_oracle_qr,21,1,011,110,8,8,0.6143386722820849,0.015276418906679256
43004,learned_event_oracle_qr,21,1,011,110,16,16,0.19965433104363725,0.013865485254957751
43004,learned_event_oracle_qr,22,1,110,111,1,1,1.1762713532313822,0.0016274574587214611
43004,learned_event_oracle_qr,22,1,110,111,4,4,0.9812255968835493,0.2569496539429937
43004,learned_event_oracle_qr,22,1,110,111,8,8,0.8714987219910157,0.20100247813546868
43004,learned_event_oracle_qr,22,1,110,111,16,16,0.9681058715083557,0.13016992620268278
43004,learned_event_oracle_qr,23,1,111,110,1,1,0.6292938455862759,0.0003530552218856301
43004,learned_event_oracle_qr,23,1,111,110,4,4,-0.08184144858328649,0.002436696574391995
43004,learned_event_oracle_qr,23,1,111,110,8,8,-0.15548907451839405,0.0017634622064376952
43004,learned_event_oracle_qr,23,1,111,110,16,16,-0.10586248212057131,0.004912872712884671
43004,learned_event_oracle_qr,25,2,111,101,1,1,0.3971151356518253,0.003363529693772921
43004,learned_event_oracle_qr,25,2,111,101,4,4,0.6543144637757815,0.004175594871424597
43004,learned_event_oracle_qr,25,2,111,101,8,8,0.4328409545121198,0.005364790932248349
43004,learned_event_oracle_qr,25,2,111,101,16,16,0.8299679652574354,0.00866063486005525
43004,learned_event_oracle_qr,26,2,101,111,1,1,0.4402497335857765,0.00578666938404921
43004,learned_event_oracle_qr,26,2,101,111,4,4,0.5924830667548779,0.026624876856638967
43004,learned_event_oracle_qr,26,2,101,111,8,8,0.7081004518060194,0.017757512914786736
43004,learned_event_oracle_qr,26,2,101,111,16,16,0.766371916101191,0.023017903950897055
43004,learned_event_oracle_qr,27,2,111,111,1,1,1.3853051566174441,0.26841616058031764
43004,learned_event_oracle_qr,27,2,111,111,4,4,1.8439351467797487,0.07905738082303136
43004,learned_event_oracle_qr,27,2,111,111,8,8,1.9138520542217443,0.06382614231912341
43004,learned_event_oracle_qr,27,2,111,111,16,16,1.2962802535272533,0.05492368885019977
43004,learned_event_oracle_qr,28,2,111,011,1,1,0.2797591032482433,0.0046610150653716
43004,learned_event_oracle_qr,28,2,111,011,4,4,0.522862111853184,0.03923057026217351
43004,learned_event_oracle_qr,28,2,111,011,8,8,0.669628359720347,0.03811761311862902
43004,learned_event_oracle_qr,28,2,111,011,16,16,0.6248476713884294,0.02302353199034049
43004,learned_event_oracle_qr,29,2,011,110,1,1,0.40229327633407397,0.0002869101770390624
43004,learned_event_oracle_qr,29,2,011,110,4,4,-0.21314507698845425,0.0018246902598650831
43004,learned_event_oracle_qr,29,2,011,110,8,8,-0.1046654893013573,0.004011257586436189
43004,learned_event_oracle_qr,29,2,011,110,16,16,0.4007618847640679,0.004614170534210486
43004,learned_event_oracle_qr,30,2,110,110,1,1,-0.45349036481625166,0.022041448256991336
43004,learned_event_oracle_qr,30,2,110,110,4,4,0.07431173856720245,0.008830172415274501
43004,learned_event_oracle_qr,30,2,110,110,8,8,0.07491187473754908,0.006782265462570371
43004,learned_event_oracle_qr,30,2,110,110,16,16,0.20200499732147187,0.007869131534366388
43004,learned_event_oracle_qr,31,2,110,101,1,1,0.3941879495184737,0.0005236385438504767
43004,learned_event_oracle_qr,31,2,110,101,4,4,1.8091714894190727,0.004145741131432618
43004,learned_event_oracle_qr,31,2,110,101,8,8,1.1351899730660437,0.007848446947691143
43004,learned_event_oracle_qr,31,2,110,101,16,16,0.8061683006791165,0.02148518656427019
43004,learned_event_oracle_qr,32,2,101,101,1,1,0.20817262002220976,0.011435441347785687
43004,learned_event_oracle_qr,32,2,101,101,4,4,0.6407423990702527,0.02627561350626503
43004,learned_event_oracle_qr,32,2,101,101,8,8,0.40747775198367225,0.022116139009159708
43004,learned_event_oracle_qr,32,2,101,101,16,16,0.42450308956816524,0.015524988698575033
43004,learned_event_oracle_qr,33,2,101,110,1,1,0.09101301110767429,1.8637774279568088e-05
43004,learned_event_oracle_qr,33,2,101,110,4,4,-0.10312558205300018,0.002850606530718897
43004,learned_event_oracle_qr,33,2,101,110,8,8,0.47161949031420025,0.00258048011940464
43004,learned_event_oracle_qr,33,2,101,110,16,16,0.25324278585647075,0.004526806903438717
43004,learned_event_oracle_qr,34,2,110,011,1,1,1.161753181993358,0.0072548588821062816
43004,learned_event_oracle_qr,34,2,110,011,4,4,0.9854657579717527,0.050008402338190705
43004,learned_event_oracle_qr,34,2,110,011,8,8,0.6779882199673936,0.07063837590957424
43004,learned_event_oracle_qr,34,2,110,011,16,16,0.8841863392347151,0.059000408419813695
43004,learned_event_oracle_qr,35,2,011,011,1,1,0.4624717177562516,0.003670868590604973
43004,learned_event_oracle_qr,35,2,011,011,4,4,0.7016572907536491,0.10002866384959425
43004,learned_event_oracle_qr,35,2,011,011,8,8,0.682889216876753,0.06310281633006384
43004,learned_event_oracle_qr,35,2,011,011,16,16,0.72072949227873,0.07683875666007446
43004,learned_event_oracle_qr,37,3,101,101,1,1,1.1597530576274395,0.0004372210471642339
43004,learned_event_oracle_qr,37,3,101,101,4,4,0.3734470184004198,0.0006861222577358005
43004,learned_event_oracle_qr,37,3,101,101,8,8,0.7432019110932158,0.0031468101562009756
43004,learned_event_oracle_qr,37,3,101,101,16,16,0.7815415730078875,0.009817168869366814
43004,learned_event_oracle_qr,38,3,101,111,1,1,0.4505383796843394,0.011509254704763973
43004,learned_event_oracle_qr,38,3,101,111,4,4,0.3361816798878287,0.01732402941224969
43004,learned_event_oracle_qr,38,3,101,111,8,8,0.9446256767461154,0.17423869072269016
43004,learned_event_oracle_qr,38,3,101,111,16,16,0.7471490495933786,0.11240008613517083
43004,learned_event_oracle_qr,39,3,111,111,1,1,0.4370915199508144,0.4244567654580865
43004,learned_event_oracle_qr,39,3,111,111,4,4,0.7710588273890913,0.19667023615725485
43004,learned_event_oracle_qr,39,3,111,111,8,8,0.5983143439401737,0.14519233868865447
43004,learned_event_oracle_qr,39,3,111,111,16,16,0.8387810300210446,0.09916373009702897
43004,learned_event_oracle_qr,40,3,111,011,1,1,0.31155597386860623,0.1358595155499227
43004,learned_event_oracle_qr,40,3,111,011,4,4,1.0418047360517455,0.13634007710596754
43004,learned_event_oracle_qr,40,3,111,011,8,8,1.023670545761059,0.15428283100822657
43004,learned_event_oracle_qr,40,3,111,011,16,16,1.2276495243467804,0.15473831668044216
43004,learned_event_oracle_qr,41,3,011,111,1,1,0.8576648787996859,0.009718712474324107
43004,learned_event_oracle_qr,41,3,011,111,4,4,0.44656297977680803,0.03513980076350322
43004,learned_event_oracle_qr,41,3,011,111,8,8,0.393164259111133,0.0482310216508734
43004,learned_event_oracle_qr,41,3,011,111,16,16,0.8925948209917492,0.03782818835993122
43004,learned_event_oracle_qr,42,3,111,110,1,1,0.8861487874341789,0.022651241342706404
43004,learned_event_oracle_qr,42,3,111,110,4,4,0.13622888820500312,0.006382264367473988
43004,learned_event_oracle_qr,42,3,111,110,8,8,-0.06672091743020364,0.009732799247262393
43004,learned_event_oracle_qr,42,3,111,110,16,16,-0.08370988919363145,0.007511367650410045
43004,learned_event_oracle_qr,43,3,110,011,1,1,0.1575491105984345,0.0471858392579959
43004,learned_event_oracle_qr,43,3,110,011,4,4,0.8450864385322825,0.1526493627439408
43004,learned_event_oracle_qr,43,3,110,011,8,8,0.8538074324983296,0.152147086441334
43004,learned_event_oracle_qr,43,3,110,011,16,16,0.9981575528789463,0.11700152026886233
43004,learned_event_oracle_qr,44,3,011,101,1,1,0.24410644095129372,0.0271495069869174
43004,learned_event_oracle_qr,44,3,011,101,4,4,0.6684250573926772,0.011218786082547411
43004,learned_event_oracle_qr,44,3,011,101,8,8,0.513386932668043,0.011315868201428669
43004,learned_event_oracle_qr,44,3,011,101,16,16,0.6052456541630094,0.010865749078348126
43004,learned_event_oracle_qr,45,3,101,110,1,1,0.8763025577367406,0.006102056665661883
43004,learned_event_oracle_qr,45,3,101,110,4,4,0.4723958126171488,0.005743222614721671
43004,learned_event_oracle_qr,45,3,101,110,8,8,0.38258457603466234,0.0056958599513785586
43004,learned_event_oracle_qr,45,3,101,110,16,16,0.2845641527252535,0.005796884890707558
43004,learned_event_oracle_qr,46,3,110,110,1,1,-0.15348752095336315,0.025152361784147932
43004,learned_event_oracle_qr,46,3,110,110,4,4,-0.19914921370136401,0.008816861170788231
43004,learned_event_oracle_qr,46,3,110,110,8,8,-0.10880599447211478,0.007880765929748308
43004,learned_event_oracle_qr,46,3,110,110,16,16,0.3580723975489734,0.008820430100351344
43004,learned_event_oracle_qr,47,3,110,011,1,1,0.2970924844674017,0.0041250374006054
43004,learned_event_oracle_qr,47,3,110,011,4,4,0.3188577507615092,0.0654218847807241
43004,learned_event_oracle_qr,47,3,110,011,8,8,0.6423490520858346,0.037523461073293775
43004,learned_event_oracle_qr,47,3,110,011,16,16,0.8223396093619002,0.04226305808296661
43004,oracle_event_oracle_qr,1,0,110,011,1,1,0.22148218616268564,0.0013139601812326312
43004,oracle_event_oracle_qr,1,0,110,011,4,4,0.38123598067332176,0.005390804841442316
43004,oracle_event_oracle_qr,1,0,110,011,8,8,0.7552427895456233,0.01845121800118662
43004,oracle_event_oracle_qr,1,0,110,011,16,16,0.736786168086391,0.05175897193166326
43004,oracle_event_oracle_qr,2,0,011,110,1,1,0.8933635856415865,5.218660284543764e-05
43004,oracle_event_oracle_qr,2,0,011,110,4,4,-0.08368290520299775,0.009732162324392604
43004,oracle_event_oracle_qr,2,0,011,110,8,8,0.3478333786746741,0.007358530451227228
43004,oracle_event_oracle_qr,2,0,011,110,16,16,0.20237921380235357,0.009306972302722344
43004,oracle_event_oracle_qr,3,0,110,101,1,1,0.29385903531659036,0.005412211013439729
43004,oracle_event_oracle_qr,3,0,110,101,4,4,0.3186116684417826,0.0019256023457465323
43004,oracle_event_oracle_qr,3,0,110,101,8,8,0.24011310930391092,0.004900975318440676
43004,oracle_event_oracle_qr,3,0,110,101,16,16,0.5000732402448036,0.004403107411067624
43004,oracle_event_oracle_qr,4,0,101,101,1,1,0.10119234978391257,0.0031284868810929557
43004,oracle_event_oracle_qr,4,0,101,101,4,4,0.21651176408521952,0.0027597360424166956
43004,oracle_event_oracle_qr,4,0,101,101,8,8,0.259362970316093,0.010728627111538502
43004,oracle_event_oracle_qr,4,0,101,101,16,16,0.42717040042444854,0.024705055563660292
43004,oracle_event_oracle_qr,5,0,101,101,1,1,0.3733710826162628,0.09893921636707007
43004,oracle_event_oracle_qr,5,0,101,101,4,4,0.9273959190164103,0.052446800075714575
43004,oracle_event_oracle_qr,5,0,101,101,8,8,1.036592346308951,0.03810425955979209
43004,oracle_event_oracle_qr,5,0,101,101,16,16,1.1888407403579337,0.04281189375032547
43004,oracle_event_oracle_qr,6,0,101,111,1,1,0.2351009290979424,0.001774109825941768
43004,oracle_event_oracle_qr,6,0,101,111,4,4,1.0562716118967768,0.017016775374708512
43004,oracle_event_oracle_qr,6,0,101,111,8,8,1.5561778661536783,0.022520424871489864
43004,oracle_event_oracle_qr,6,0,101,111,16,16,1.1637771295714858,0.017412831040533174
43004,oracle_event_oracle_qr,7,0,111,011,1,1,1.2202376057520812,0.024887797258731643
43004,oracle_event_oracle_qr,7,0,111,011,4,4,0.9509883774531274,0.019079330014849964
43004,oracle_event_oracle_qr,7,0,111,011,8,8,0.6841512659527766,0.029931141865152777
43004,oracle_event_oracle_qr,7,0,111,011,16,16,0.6487536186510703,0.029401905929885543
43004,oracle_event_oracle_qr,8,0,011,011,1,1,2.04955807188688,0.009242327997082266
43004,oracle_event_oracle_qr,8,0,011,011,4,4,0.8834149486492435,0.012079284406271172
43004,oracle_event_oracle_qr,8,0,011,011,8,8,0.6788443795817374,0.07282061939950328
43004,oracle_event_oracle_qr,8,0,011,011,16,16,0.7530238083148504,0.07481502051282088
43004,oracle_event_oracle_qr,9,0,011,111,1,1,0.3107079256206959,0.0232590727052802
43004,oracle_event_oracle_qr,9,0,011,111,4,4,0.8371534038547207,0.17110086385879633
43004,oracle_event_oracle_qr,9,0,011,111,8,8,0.8180654908968192,0.09268155974689231
43004,oracle_event_oracle_qr,9,0,011,111,16,16,1.03593938150601,0.05156234046074938
43004,oracle_event_oracle_qr,10,0,111,111,1,1,0.37012015115298325,0.032169131665679224
43004,oracle_event_oracle_qr,10,0,111,111,4,4,0.43379774395189735,0.018904274332833825
43004,oracle_event_oracle_qr,10,0,111,111,8,8,0.9270960229572608,0.01909583706568141
43004,oracle_event_oracle_qr,10,0,111,111,16,16,1.0409163517221323,0.029927279646120925
43004,oracle_event_oracle_qr,11,0,111,110,1,1,-0.12633349953270845,0.0012941632025090467
43004,oracle_event_oracle_qr,11,0,111,110,4,4,-0.271040722436995,0.0038408979314276787
43004,oracle_event_oracle_qr,11,0,111,110,8,8,-0.15560299489386112,0.00934757333578216
43004,oracle_event_oracle_qr,11,0,111,110,16,16,-0.08157959842454668,0.00789885327557774
43004,oracle_event_oracle_qr,13,1,111,111,1,1,1.7789687895250998,0.00206488549571405
43004,oracle_event_oracle_qr,13,1,111,111,4,4,1.133898161785559,0.07531742107516728
43004,oracle_event_oracle_qr,13,1,111,111,8,8,0.9175183386143211,0.04820949204114181
43004,oracle_event_oracle_qr,13,1,111,111,16,16,0.6720478816410841,0.03591405992461965
43004,oracle_event_oracle_qr,14,1,111,011,1,1,0.377620277746391,0.020252926346221892
43004,oracle_event_oracle_qr,14,1,111,011,4,4,0.42161189871041294,0.06715006784138913
43004,oracle_event_oracle_qr,14,1,111,011,8,8,0.5148524673000309,0.1443917523522551
43004,oracle_event_oracle_qr,14,1,111,011,16,16,0.4710449294061428,0.07983923049255626
43004,oracle_event_oracle_qr,15,1,011,011,1,1,3.90714325196166,0.01874204910572269
43004,oracle_event_oracle_qr,15,1,011,011,4,4,1.5033175668288283,0.012775769585450101
43004,oracle_event_oracle_qr,15,1,011,011,8,8,0.9561761145644473,0.026004904065749478
43004,oracle_event_oracle_qr,15,1,011,011,16,16,0.8641316549630234,0.038676221935835635
43004,oracle_event_oracle_qr,16,1,011,101,1,1,0.2160314451167333,0.0620165969089817
43004,oracle_event_oracle_qr,16,1,011,101,4,4,0.3639558825808958,0.03587769994908729
43004,oracle_event_oracle_qr,16,1,011,101,8,8,0.3145562429947083,0.027053851026508015
43004,oracle_event_oracle_qr,16,1,011,101,16,16,0.6261511516513778,0.06023103346615661
43004,oracle_event_oracle_qr,17,1,101,101,1,1,0.29573635268174164,0.0019055514865528409
43004,oracle_event_oracle_qr,17,1,101,101,4,4,0.28794614946489455,0.001743687598992499
43004,oracle_event_oracle_qr,17,1,101,101,8,8,0.42420830915584323,0.006271166006605744
43004,oracle_event_oracle_qr,17,1,101,101,16,16,0.3566251817573986,0.008974362194552086
43004,oracle_event_oracle_qr,18,1,101,110,1,1,0.14838377072223546,0.012724099819118751
43004,oracle_event_oracle_qr,18,1,101,110,4,4,0.06301900001799811,0.003455981820958318
43004,oracle_event_oracle_qr,18,1,101,110,8,8,-0.05632190589558573,0.004264435527783911
43004,oracle_event_oracle_qr,18,1,101,110,16,16,0.49333834337902227,0.007070262109750697
43004,oracle_event_oracle_qr,19,1,110,101,1,1,0.24139141419068508,0.002809085888538171
43004,oracle_event_oracle_qr,19,1,110,101,4,4,0.20642032017328638,0.02218012320092847
43004,oracle_event_oracle_qr,19,1,110,101,8,8,0.21956063556296818,0.027148396857291885
43004,oracle_event_oracle_qr,19,1,110,101,16,16,0.9339322040596681,0.038801694697148253
43004,oracle_event_oracle_qr,20,1,101,011,1,1,0.47403735930768537,0.09393131722292265
43004,oracle_event_oracle_qr,20,1,101,011,4,4,0.5119900331510774,0.07495464730097098
43004,oracle_event_oracle_qr,20,1,101,011,8,8,0.8158619241560395,0.06309241261333506
43004,oracle_event_oracle_qr,20,1,101,011,16,16,0.838835087460601,0.05354355413512067
43004,oracle_event_oracle_qr,21,1,011,110,1,1,-0.14336134210090498,0.0016316207744703486
43004,oracle_event_oracle_qr,21,1,011,110,4,4,1.2351116515221319,0.01105862936571473
43004,oracle_event_oracle_qr,21,1,011,110,8,8,0.6304947622718935,0.015207203235752793
43004,oracle_event_oracle_qr,21,1,011,110,16,16,0.20674574674874938,0.013830937743151011
43004,oracle_event_oracle_qr,22,1,110,111,1,1,1.175842681818505,0.0012183808287617075
43004,oracle_event_oracle_qr,22,1,110,111,4,4,0.9784758996316592,0.2435523318881537
43004,oracle_event_oracle_qr,22,1,110,111,8,8,0.8661760077573912,0.19678322201708026
43004,oracle_event_oracle_qr,22,1,110,111,16,16,0.9666939330440388,0.1269500817432445
43004,oracle_event_oracle_qr,23,1,111,110,1,1,0.5620720324719033,0.0003654222299086573
43004,oracle_event_oracle_qr,23,1,111,110,4,4,-0.09955445885811874,0.0024483426162638447
43004,oracle_event_oracle_qr,23,1,111,110,8,8,-0.16506076107007395,0.001587172660583554
43004,oracle_event_oracle_qr,23,1,111,110,16,16,-0.11095358092672569,0.004793644202595074
43004,oracle_event_oracle_qr,25,2,111,101,1,1,0.3769357066646227,0.003979750007988023
43004,oracle_event_oracle_qr,25,2,111,101,4,4,0.6437409188025968,0.004370941523102407
43004,oracle_event_oracle_qr,25,2,111,101,8,8,0.4225906602607824,0.005024658644558169
43004,oracle_event_oracle_qr,25,2,111,101,16,16,0.7747625865199954,0.005020326599184863
43004,oracle_event_oracle_qr,26,2,101,111,1,1,0.392453302857598,0.008153903714338412
43004,oracle_event_oracle_qr,26,2,101,111,4,4,0.5884797738385318,0.02452990531340173
43004,oracle_event_oracle_qr,26,2,101,111,8,8,0.6987762711275738,0.016556847250646684
43004,oracle_event_oracle_qr,26,2,101,111,16,16,0.7597136110530179,0.02207074887420755
43004,oracle_event_oracle_qr,27,2,111,111,1,1,1.3452112012254374,0.2661330163786153
43004,oracle_event_oracle_qr,27,2,111,111,4,4,1.8335942788049913,0.07520498820663205
43004,oracle_event_oracle_qr,27,2,111,111,8,8,1.9033787795510464,0.06066969129625497
43004,oracle_event_oracle_qr,27,2,111,111,16,16,1.2897338026647174,0.05274248519082358
43004,oracle_event_oracle_qr,28,2,111,011,1,1,0.27815146691338266,0.004345557267531159
43004,oracle_event_oracle_qr,28,2,111,011,4,4,0.5210973560104716,0.0393104683536427
43004,oracle_event_oracle_qr,28,2,111,011,8,8,0.6677501739665093,0.03797541260505988
43004,oracle_event_oracle_qr,28,2,111,011,16,16,0.6223182008904392,0.02289088576832175
43004,oracle_event_oracle_qr,29,2,011,110,1,1,0.40907342992151674,0.0003182507861853843
43004,oracle_event_oracle_qr,29,2,011,110,4,4,-0.21172556377679147,0.001836892475590204
43004,oracle_event_oracle_qr,29,2,011,110,8,8,-0.10387639042707146,0.003978397441416299
43004,oracle_event_oracle_qr,29,2,011,110,16,16,0.433289988865068,0.004057584740213546
43004,oracle_event_oracle_qr,30,2,110,110,1,1,-0.4542177185230291,0.022045899216439516
43004,oracle_event_oracle_qr,30,2,110,110,4,4,0.0745534133485242,0.008872343645943328
43004,oracle_event_oracle_qr,30,2,110,110,8,8,0.07494478130038702,0.006829732157947164
43004,oracle_event_oracle_qr,30,2,110,110,16,16,0.20291185172685822,0.0076757035005381585
43004,oracle_event_oracle_qr,31,2,110,101,1,1,0.39519537663693355,0.0006447653996938794
43004,oracle_event_oracle_qr,31,2,110,101,4,4,1.812595255454293,0.004153821409780302
43004,oracle_event_oracle_qr,31,2,110,101,8,8,1.1348972505532373,0.007657387568681088
43004,oracle_event_oracle_qr,31,2,110,101,16,16,0.8045683613404496,0.020609501734307964
43004,oracle_event_oracle_qr,32,2,101,101,1,1,0.20727862092048677,0.027330262308534692
43004,oracle_event_oracle_qr,32,2,101,101,4,4,0.6210309102268132,0.03739143826251196
43004,oracle_event_oracle_qr,32,2,101,101,8,8,0.39025939206375027,0.03521739025351021
43004,oracle_event_oracle_qr,32,2,101,101,16,16,0.42748297726333134,0.025764481309644923
43004,oracle_event_oracle_qr,33,2,101,110,1,1,-0.1038819412337268,1.4202765522794801e-05
43004,oracle_event_oracle_qr,33,2,101,110,4,4,-0.1530690666899178,0.002866540827814035
43004,oracle_event_oracle_qr,33,2,101,110,8,8,0.45570910869153164,0.002304842695940264
43004,oracle_event_oracle_qr,33,2,101,110,16,16,0.24469949261312168,0.004393179628307563
43004,oracle_event_oracle_qr,34,2,110,011,1,1,1.1687485373369413,0.004690046259859679
43004,oracle_event_oracle_qr,34,2,110,011,4,4,0.9643592953444803,0.046328714144791686
43004,oracle_event_oracle_qr,34,2,110,011,8,8,0.6662028877867849,0.06772504532432161
43004,oracle_event_oracle_qr,34,2,110,011,16,16,0.8764385053413632,0.05793511124312495
43004,oracle_event_oracle_qr,35,2,011,011,1,1,0.4376832827174381,0.0035060064295959156
43004,oracle_event_oracle_qr,35,2,011,011,4,4,0.6929047748595939,0.09217022516050852
43004,oracle_event_oracle_qr,35,2,011,011,8,8,0.6787394544786693,0.05956002307729753
43004,oracle_event_oracle_qr,35,2,011,011,16,16,0.7123059816208219,0.07504308121139648
43004,oracle_event_oracle_qr,37,3,101,101,1,1,1.2988859423377082,0.005875787975156358
43004,oracle_event_oracle_qr,37,3,101,101,4,4,0.38781867793847347,0.0018601451266247908
43004,oracle_event_oracle_qr,37,3,101,101,8,8,0.7400901216528358,0.002593492840480361
43004,oracle_event_oracle_qr,37,3,101,101,16,16,0.7753680728525224,0.005734755314433921
43004,oracle_event_oracle_qr,38,3,101,111,1,1,0.580869843469736,0.0018294143810583777
43004,oracle_event_oracle_qr,38,3,101,111,4,4,0.35924564187355024,0.019091447447171738
43004,oracle_event_oracle_qr,38,3,101,111,8,8,0.8262997468112916,0.0959070415300022
43004,oracle_event_oracle_qr,38,3,101,111,16,16,0.6584286109131653,0.07267888803415756
43004,oracle_event_oracle_qr,39,3,111,111,1,1,0.43514881416699475,0.5607983495624232
43004,oracle_event_oracle_qr,39,3,111,111,4,4,0.7872274456849446,0.21843595464891766
43004,oracle_event_oracle_qr,39,3,111,111,8,8,0.6101856284448741,0.15412826843542604
43004,oracle_event_oracle_qr,39,3,111,111,16,16,0.8427951977263854,0.10460867873808292
43004,oracle_event_oracle_qr,40,3,111,011,1,1,0.30986714397323517,0.13420060859472843
43004,oracle_event_oracle_qr,40,3,111,011,4,4,1.0748876127662315,0.1194754053858534
43004,oracle_event_oracle_qr,40,3,111,011,8,8,1.0251237163406275,0.1454176579854371
43004,oracle_event_oracle_qr,40,3,111,011,16,16,1.201202426943449,0.13147998926288892
43004,oracle_event_oracle_qr,41,3,011,111,1,1,0.8553623848542465,0.00961729312178178
43004,oracle_event_oracle_qr,41,3,011,111,4,4,0.44474319057022094,0.03521291113491346
43004,oracle_event_oracle_qr,41,3,011,111,8,8,0.3913596631660692,0.04842276922145736
43004,oracle_event_oracle_qr,41,3,011,111,16,16,0.8945197207312556,0.037692271806149355
43004,oracle_event_oracle_qr,42,3,111,110,1,1,0.9569907600307149,0.021730222520395345
43004,oracle_event_oracle_qr,42,3,111,110,4,4,0.1522059951360405,0.006135512263707016
43004,oracle_event_oracle_qr,42,3,111,110,8,8,-0.05918061580416961,0.009614936376493157
43004,oracle_event_oracle_qr,42,3,111,110,16,16,-0.08044334138567699,0.00745794863578311
43004,oracle_event_oracle_qr,43,3,110,011,1,1,0.15662708273249304,0.046947027167332116
43004,oracle_event_oracle_qr,43,3,110,011,4,4,0.8428816023775454,0.15546534598891887
43004,oracle_event_oracle_qr,43,3,110,011,8,8,0.8539946694786584,0.15463026590432916
43004,oracle_event_oracle_qr,43,3,110,011,16,16,0.996069269342404,0.11815573889733015
43004,oracle_event_oracle_qr,44,3,011,101,1,1,0.24000281675153215,0.026886462582802653
43004,oracle_event_oracle_qr,44,3,011,101,4,4,0.6758190732674397,0.04089113230294841
43004,oracle_event_oracle_qr,44,3,011,101,8,8,0.534929642617428,0.03561455788281036
43004,oracle_event_oracle_qr,44,3,011,101,16,16,0.6357808107157585,0.022995454279330425
43004,oracle_event_oracle_qr,45,3,101,110,1,1,1.2535345576180166,0.008329264425034169
43004,oracle_event_oracle_qr,45,3,101,110,4,4,0.5864192658746104,0.006373239390164361
43004,oracle_event_oracle_qr,45,3,101,110,8,8,0.43760930263763903,0.006115162535303298
43004,oracle_event_oracle_qr,45,3,101,110,16,16,0.290762834137154,0.005300667370900821
43004,oracle_event_oracle_qr,46,3,110,110,1,1,-0.15066511881314432,0.025269475690738778
43004,oracle_event_oracle_qr,46,3,110,110,4,4,-0.1986598005553904,0.008864987024113525
43004,oracle_event_oracle_qr,46,3,110,110,8,8,-0.1088804912972769,0.007906814119705053
43004,oracle_event_oracle_qr,46,3,110,110,16,16,0.3656242119875295,0.008720189097807004
43004,oracle_event_oracle_qr,47,3,110,011,1,1,0.272694110808988,0.005684322230454439
43004,oracle_event_oracle_qr,47,3,110,011,4,4,0.31109247580443455,0.06555658862610457
43004,oracle_event_oracle_qr,47,3,110,011,8,8,0.6447621140506552,0.038404134587251046
43004,oracle_event_oracle_qr,47,3,110,011,16,16,0.814060143299113,0.038886796081554105
43004,h_plus_total_variance,1,0,110,011,1,1,0.005255912530562748,0.0007186310389590322
43004,h_plus_total_variance,1,0,110,011,4,4,0.5899053102373695,0.00918804809805787
43004,h_plus_total_variance,1,0,110,011,8,8,2.126394423911406,0.11471383094849265
43004,h_plus_total_variance,1,0,110,011,16,16,1.802539194283542,0.12692579134059653
43004,h_plus_total_variance,2,0,011,110,1,1,0.722606113663537,0.06157778702162485
43004,h_plus_total_variance,2,0,011,110,4,4,0.3805137067942178,0.028117122709690412
43004,h_plus_total_variance,2,0,011,110,8,8,0.4195534780327605,0.02606664491531733
43004,h_plus_total_variance,2,0,011,110,16,16,0.3451274619672801,0.022324242511553474
43004,h_plus_total_variance,3,0,110,101,1,1,0.5478275366857877,0.0004814733406167341
43004,h_plus_total_variance,3,0,110,101,4,4,0.7552402495479027,0.011570319591754382
43004,h_plus_total_variance,3,0,110,101,8,8,0.2955006326362033,0.008000814419226069
43004,h_plus_total_variance,3,0,110,101,16,16,1.1434502127565578,0.07313027992621476
43004,h_plus_total_variance,4,0,101,101,1,1,0.23994770273930657,0.010113820029530079
43004,h_plus_total_variance,4,0,101,101,4,4,0.30066388405412103,0.0038489332913124665
43004,h_plus_total_variance,4,0,101,101,8,8,0.30273018971770577,0.008141205606571387
43004,h_plus_total_variance,4,0,101,101,16,16,0.5365618821912223,0.04690382911913428
43004,h_plus_total_variance,5,0,101,101,1,1,1.040777111064696,0.04615273479586351
43004,h_plus_total_variance,5,0,101,101,4,4,0.8512479596610463,0.02326298366182176
43004,h_plus_total_variance,5,0,101,101,8,8,0.9013128286023188,0.02968874002978167
43004,h_plus_total_variance,5,0,101,101,16,16,1.0842343471890699,0.10248751431161732
43004,h_plus_total_variance,6,0,101,111,1,1,0.21158213110862853,0.014129138077734393
43004,h_plus_total_variance,6,0,101,111,4,4,1.3199953998863398,0.026734509851501814
43004,h_plus_total_variance,6,0,101,111,8,8,1.6472509751819264,0.027415841762268793
43004,h_plus_total_variance,6,0,101,111,16,16,1.2224552792668093,0.01904592556555463
43004,h_plus_total_variance,7,0,111,011,1,1,1.1032483502721648,0.0268296722735205
43004,h_plus_total_variance,7,0,111,011,4,4,0.9341860592454388,0.02237536746710871
43004,h_plus_total_variance,7,0,111,011,8,8,0.7533676736402111,0.03266054095529362
43004,h_plus_total_variance,7,0,111,011,16,16,0.7161777261737221,0.0310340305536128
43004,h_plus_total_variance,8,0,011,011,1,1,2.2570652766970287,0.012430422221755366
43004,h_plus_total_variance,8,0,011,011,4,4,0.9475566808406521,0.013039396434450286
43004,h_plus_total_variance,8,0,011,011,8,8,0.7064661045125833,0.07232345678083663
43004,h_plus_total_variance,8,0,011,011,16,16,0.8032424122519168,0.0751900975302369
43004,h_plus_total_variance,9,0,011,111,1,1,0.520066248354713,0.024342946518705246
43004,h_plus_total_variance,9,0,011,111,4,4,0.8767598356650451,0.17456136291727742
43004,h_plus_total_variance,9,0,011,111,8,8,0.8560733519962936,0.09525944086752083
43004,h_plus_total_variance,9,0,011,111,16,16,1.0660435103526866,0.05274677297157333
43004,h_plus_total_variance,10,0,111,111,1,1,0.30123889706327045,0.032293622512521464
43004,h_plus_total_variance,10,0,111,111,4,4,0.36216598104100306,0.018995115753943293
43004,h_plus_total_variance,10,0,111,111,8,8,0.9767099856483015,0.02114412214795763
43004,h_plus_total_variance,10,0,111,111,16,16,1.0813788618318037,0.03345107294960825
43004,h_plus_total_variance,11,0,111,110,1,1,0.1612934688629055,0.003986501301773974
43004,h_plus_total_variance,11,0,111,110,4,4,0.1457517134880401,0.007980375769793586
43004,h_plus_total_variance,11,0,111,110,8,8,0.12701939425310388,0.008808130428265433
43004,h_plus_total_variance,11,0,111,110,16,16,0.15128560252994924,0.01597937877675572
43004,h_plus_total_variance,13,1,111,111,1,1,2.4845257248382553,0.0010965642895169423
43004,h_plus_total_variance,13,1,111,111,4,4,1.4400859295611637,0.07372752112978444
43004,h_plus_total_variance,13,1,111,111,8,8,1.0824990508664167,0.04719327014013957
43004,h_plus_total_variance,13,1,111,111,16,16,0.7318466128323547,0.03539431385070847
43004,h_plus_total_variance,14,1,111,011,1,1,0.38131713077755985,0.019532293112900955
43004,h_plus_total_variance,14,1,111,011,4,4,0.40401863385552145,0.06662510633192023
43004,h_plus_total_variance,14,1,111,011,8,8,0.49824950670893475,0.14475284210531747
43004,h_plus_total_variance,14,1,111,011,16,16,0.420446004267789,0.0800854741723566
43004,h_plus_total_variance,15,1,011,011,1,1,4.519629200024314,0.2864339956015369
43004,h_plus_total_variance,15,1,011,011,4,4,1.7157619409947205,0.0833441307940896
43004,h_plus_total_variance,15,1,011,011,8,8,1.070889167965301,0.05734308513229094
43004,h_plus_total_variance,15,1,011,011,16,16,0.9341905340683154,0.05399000997795456
43004,h_plus_total_variance,16,1,011,101,1,1,0.2715022408090379,0.06763366541033389
43004,h_plus_total_variance,16,1,011,101,4,4,0.43658092277038785,0.03658254086764668
43004,h_plus_total_variance,16,1,011,101,8,8,0.37826684140051264,0.02005211640152063
43004,h_plus_total_variance,16,1,011,101,16,16,0.6225896857056921,0.055624527531061604
43004,h_plus_total_variance,17,1,101,101,1,1,0.42960151620686127,0.011707389235013339
43004,h_plus_total_variance,17,1,101,101,4,4,0.39889078993398847,0.010339746941568941
43004,h_plus_total_variance,17,1,101,101,8,8,0.5342341300567617,0.027230664922361637
43004,h_plus_total_variance,17,1,101,101,16,16,0.39114219509288983,0.03867308607285004
43004,h_plus_total_variance,18,1,101,110,1,1,0.5262285776164701,0.01852911871552698
43004,h_plus_total_variance,18,1,101,110,4,4,0.4876841324536443,0.01218796871753259
43004,h_plus_total_variance,18,1,101,110,8,8,0.40020789339597695,0.01233279634564348
43004,h_plus_total_variance,18,1,101,110,16,16,0.6792032660278204,0.017333022048833156
43004,h_plus_total_variance,19,1,110,101,1,1,0.5640369605099539,1.606425567401049e-07
43004,h_plus_total_variance,19,1,110,101,4,4,0.012877512159578906,0.04136631230574987
43004,h_plus_total_variance,19,1,110,101,8,8,0.24122713906803442,0.039845436843254284
43004,h_plus_total_variance,19,1,110,101,16,16,0.9676183994723573,0.0708993414997946
43004,h_plus_total_variance,20,1,101,011,1,1,0.6654180374518232,0.08784577344889562
43004,h_plus_total_variance,20,1,101,011,4,4,0.5737965462483436,0.07383526416410918
43004,h_plus_total_variance,20,1,101,011,8,8,0.8487126394020919,0.059437938935724965
43004,h_plus_total_variance,20,1,101,011,16,16,0.8655889992210342,0.0516386080945625
43004,h_plus_total_variance,21,1,011,110,1,1,0.32422593758026974,0.00045948738509818713
43004,h_plus_total_variance,21,1,011,110,4,4,0.7792781580419573,0.10931807126302104
43004,h_plus_total_variance,21,1,011,110,8,8,0.6173345696498217,0.09284669380042755
43004,h_plus_total_variance,21,1,011,110,16,16,0.4050272836867138,0.058095949807677905
43004,h_plus_total_variance,22,1,110,111,1,1,4.534817738568943,0.07351513241157949
43004,h_plus_total_variance,22,1,110,111,4,4,2.545290655870956,0.41044093176740026
43004,h_plus_total_variance,22,1,110,111,8,8,1.9383724724342386,0.25716817055683683
43004,h_plus_total_variance,22,1,110,111,16,16,1.8037273412140697,0.205816235286997
43004,h_plus_total_variance,23,1,111,110,1,1,0.6258726689564871,0.038582822698875065
43004,h_plus_total_variance,23,1,111,110,4,4,0.3624874391445079,0.012257426107996714
43004,h_plus_total_variance,23,1,111,110,8,8,0.32845351081149327,0.013031045846870877
43004,h_plus_total_variance,23,1,111,110,16,16,0.23484638778351513,0.010017327205148235
43004,h_plus_total_variance,25,2,111,101,1,1,0.4524735710806715,0.008494642050845424
43004,h_plus_total_variance,25,2,111,101,4,4,0.731420319837711,0.010904353060765802
43004,h_plus_total_variance,25,2,111,101,8,8,0.5384748402785942,0.014860044575255037
43004,h_plus_total_variance,25,2,111,101,16,16,0.9056337913353159,0.01975267150817877
43004,h_plus_total_variance,26,2,101,111,1,1,0.401708708264674,0.028971940888399744
43004,h_plus_total_variance,26,2,101,111,4,4,0.650531409337521,0.02600550102113035
43004,h_plus_total_variance,26,2,101,111,8,8,0.7581323282180769,0.01744212711848485
43004,h_plus_total_variance,26,2,101,111,16,16,0.803702730724906,0.022443203876456846
43004,h_plus_total_variance,27,2,111,111,1,1,1.1985888901636006,0.2684295919603622
43004,h_plus_total_variance,27,2,111,111,4,4,1.5535163158222678,0.07473984373249068
43004,h_plus_total_variance,27,2,111,111,8,8,1.8383064488409848,0.062025361488897555
43004,h_plus_total_variance,27,2,111,111,16,16,1.2926592278173694,0.05456279458418971
43004,h_plus_total_variance,28,2,111,011,1,1,0.27703776624113485,0.0028703774324336665
43004,h_plus_total_variance,28,2,111,011,4,4,0.5099087989731161,0.03779559080289877
43004,h_plus_total_variance,28,2,111,011,8,8,0.6811714916394787,0.03741663534656289
43004,h_plus_total_variance,28,2,111,011,16,16,0.6212434696855162,0.022567834623077886
43004,h_plus_total_variance,29,2,011,110,1,1,0.48859349153593357,0.041159344190852744
43004,h_plus_total_variance,29,2,011,110,4,4,0.33354243796096694,0.024948159069957287
43004,h_plus_total_variance,29,2,011,110,8,8,0.2932050859617295,0.0186213741516423
43004,h_plus_total_variance,29,2,011,110,16,16,0.4186088262011004,0.035491750425894905
43004,h_plus_total_variance,30,2,110,110,1,1,-0.475189604225488,0.04622295602621124
43004,h_plus_total_variance,30,2,110,110,4,4,0.8699200482143385,0.04676600036062739
43004,h_plus_total_variance,30,2,110,110,8,8,0.6044401613116697,0.036922376673845986
43004,h_plus_total_variance,30,2,110,110,16,16,0.5926186392397692,0.028164837528924708
43004,h_plus_total_variance,31,2,110,101,1,1,1.6309108727201176,0.0002773297264860992
43004,h_plus_total_variance,31,2,110,101,4,4,1.8571469538769623,0.012323962786626869
43004,h_plus_total_variance,31,2,110,101,8,8,1.4399388143924625,0.014175713801305233
43004,h_plus_total_variance,31,2,110,101,16,16,0.9761521068724156,0.03821851169045788
43004,h_plus_total_variance,32,2,101,101,1,1,0.3182360710913012,0.0008958629362119402
43004,h_plus_total_variance,32,2,101,101,4,4,0.743158364204386,0.0211336212957575
43004,h_plus_total_variance,32,2,101,101,8,8,0.5284189266617683,0.014807759078614705
43004,h_plus_total_variance,32,2,101,101,16,16,0.4922171143975376,0.013996176740003337
43004,h_plus_total_variance,33,2,101,110,1,1,0.41918787858228324,0.007905878626840408
43004,h_plus_total_variance,33,2,101,110,4,4,0.4027894587632356,0.017899570699483575
43004,h_plus_total_variance,33,2,101,110,8,8,0.5031746059252205,0.02401165341087599
43004,h_plus_total_variance,33,2,101,110,16,16,0.419951528485042,0.025661361663904463
43004,h_plus_total_variance,34,2,110,011,1,1,4.543595203974775,0.25186641916707847
43004,h_plus_total_variance,34,2,110,011,4,4,3.5992761091790597,0.21493896860401313
43004,h_plus_total_variance,34,2,110,011,8,8,1.7545186951698784,0.15423921320229983
43004,h_plus_total_variance,34,2,110,011,16,16,1.8149128153903034,0.1279289684665914
43004,h_plus_total_variance,35,2,011,011,1,1,0.2931558113975598,0.0015456608080048218
43004,h_plus_total_variance,35,2,011,011,4,4,0.7241828558408319,0.10892299856513499
43004,h_plus_total_variance,35,2,011,011,8,8,0.7243831222499151,0.06828367999127688
43004,h_plus_total_variance,35,2,011,011,16,16,0.7763909716025912,0.07999087679318756
43004,h_plus_total_variance,37,3,101,101,1,1,0.8769781663702054,0.022347413260972677
43004,h_plus_total_variance,37,3,101,101,4,4,0.49502033499433346,0.011099011609628224
43004,h_plus_total_variance,37,3,101,101,8,8,0.8214871357934908,0.023112161186330495
43004,h_plus_total_variance,37,3,101,101,16,16,0.8410904320633259,0.03629979680760483
43004,h_plus_total_variance,38,3,101,111,1,1,0.42200552618723136,0.025350898861591507
43004,h_plus_total_variance,38,3,101,111,4,4,0.3003197082585941,0.018518360537164904
43004,h_plus_total_variance,38,3,101,111,8,8,0.9861494864118554,0.1872814729510008
43004,h_plus_total_variance,38,3,101,111,16,16,0.7717032493175356,0.12047837576207755
43004,h_plus_total_variance,39,3,111,111,1,1,0.10550838133190328,0.40857225935448815
43004,h_plus_total_variance,39,3,111,111,4,4,0.8814366207277922,0.1926921535437965
43004,h_plus_total_variance,39,3,111,111,8,8,0.5705239007303072,0.14247661770132372
43004,h_plus_total_variance,39,3,111,111,16,16,0.9411302529799896,0.09569534231787911
43004,h_plus_total_variance,40,3,111,011,1,1,0.25627520556618005,0.12903416705807585
43004,h_plus_total_variance,40,3,111,011,4,4,1.092633388157664,0.1291233241234383
43004,h_plus_total_variance,40,3,111,011,8,8,1.0588097239234382,0.1522161123140856
43004,h_plus_total_variance,40,3,111,011,16,16,1.2322160702225988,0.14871362092848295
43004,h_plus_total_variance,41,3,011,111,1,1,0.8918801421556787,0.008468539378819457
43004,h_plus_total_variance,41,3,011,111,4,4,0.35916950060265607,0.034641037188743964
43004,h_plus_total_variance,41,3,011,111,8,8,0.2604050718850728,0.048142462968095136
43004,h_plus_total_variance,41,3,011,111,16,16,0.8544808130741111,0.03701101237228502
43004,h_plus_total_variance,42,3,111,110,1,1,0.7847504865083718,0.010102120237845576
43004,h_plus_total_variance,42,3,111,110,4,4,0.4281225991266039,0.006242432648511428
43004,h_plus_total_variance,42,3,111,110,8,8,0.3373979286687095,0.019081410670963188
43004,h_plus_total_variance,42,3,111,110,16,16,0.23590337862164804,0.016933065128502227
43004,h_plus_total_variance,43,3,110,011,1,1,-0.009272618863901655,0.007968051299950015
43004,h_plus_total_variance,43,3,110,011,4,4,1.4841056468735205,0.0848291288296886
43004,h_plus_total_variance,43,3,110,011,8,8,1.293807413546856,0.10898103822366634
43004,h_plus_total_variance,43,3,110,011,16,16,1.3994288122959142,0.09535795711174759
43004,h_plus_total_variance,44,3,011,101,1,1,0.37443907961724726,0.021953029600577257
43004,h_plus_total_variance,44,3,011,101,4,4,0.7419349298755381,0.023952252956770698
43004,h_plus_total_variance,44,3,011,101,8,8,0.6305697795231104,0.022520192075066562
43004,h_plus_total_variance,44,3,011,101,16,16,0.6469046980376458,0.034829596271642185
43004,h_plus_total_variance,45,3,101,110,1,1,0.5936896303360428,0.07745070177575653
43004,h_plus_total_variance,45,3,101,110,4,4,0.7897080636810063,0.07880182005269602
43004,h_plus_total_variance,45,3,101,110,8,8,0.5313800237619064,0.046030728389482405
43004,h_plus_total_variance,45,3,101,110,16,16,0.4420651671134741,0.03691042032479627
43004,h_plus_total_variance,46,3,110,110,1,1,0.6957350246606191,0.11256740358040002
43004,h_plus_total_variance,46,3,110,110,4,4,0.32697920520751445,0.053576386070625016
43004,h_plus_total_variance,46,3,110,110,8,8,0.3827970291995695,0.0417418832258402
43004,h_plus_total_variance,46,3,110,110,16,16,0.9848108932653783,0.044928926733278064
43004,h_plus_total_variance,47,3,110,011,1,1,-0.05965777248436788,0.01985592760960216
43004,h_plus_total_variance,47,3,110,011,4,4,-0.04324018509795208,0.06939757764859066
43004,h_plus_total_variance,47,3,110,011,8,8,0.9759385718416849,0.07661345630949007
43004,h_plus_total_variance,47,3,110,011,16,16,1.3332381169861498,0.12846332523849063
43004,generator_supported_seen_mode_imm,1,0,110,011,1,1,-0.042470465327881984,0.01256206014320606
43004,generator_supported_seen_mode_imm,1,0,110,011,4,4,0.32101720909597653,0.03872847982703974
43004,generator_supported_seen_mode_imm,1,0,110,011,8,8,1.2375674602153133,0.0575251174996547
43004,generator_supported_seen_mode_imm,1,0,110,011,16,16,0.9711279410254074,0.0981163195577732
43004,generator_supported_seen_mode_imm,2,0,011,110,1,1,0.6325749072528657,0.1145493847127367
43004,generator_supported_seen_mode_imm,2,0,011,110,4,4,0.26184293644252,0.06960930280235116
43004,generator_supported_seen_mode_imm,2,0,011,110,8,8,0.4266395322435257,0.09147495050070245
43004,generator_supported_seen_mode_imm,2,0,011,110,16,16,0.35365931142584534,0.059273127142238605
43004,generator_supported_seen_mode_imm,3,0,110,101,1,1,1.2720783317638957,0.0012320228396740843
43004,generator_supported_seen_mode_imm,3,0,110,101,4,4,1.2974419638341286,0.022660599138802556
43004,generator_supported_seen_mode_imm,3,0,110,101,8,8,0.5855682768704742,0.015031132714100786
43004,generator_supported_seen_mode_imm,3,0,110,101,16,16,0.826271173661766,0.011820566560412905
43004,generator_supported_seen_mode_imm,4,0,101,101,1,1,0.060706811745936964,0.0033890346849502853
43004,generator_supported_seen_mode_imm,4,0,101,101,4,4,0.19258867079720682,0.0024190137625444467
43004,generator_supported_seen_mode_imm,4,0,101,101,8,8,0.2394134659978464,0.00947156311732051
43004,generator_supported_seen_mode_imm,4,0,101,101,16,16,0.4176435378709559,0.03618799134835376
43004,generator_supported_seen_mode_imm,5,0,101,101,1,1,0.36790895238357807,0.0978514743923975
43004,generator_supported_seen_mode_imm,5,0,101,101,4,4,0.905181250853103,0.04994258874214952
43004,generator_supported_seen_mode_imm,5,0,101,101,8,8,1.0101299010678384,0.03494950313381231
43004,generator_supported_seen_mode_imm,5,0,101,101,16,16,1.2648280232221405,0.16146771271862798
43004,generator_supported_seen_mode_imm,6,0,101,111,1,1,0.1823095602938397,0.00041057879844403646
43004,generator_supported_seen_mode_imm,6,0,101,111,4,4,1.1109660228491056,0.0372444162404642
43004,generator_supported_seen_mode_imm,6,0,101,111,8,8,1.872416614440623,0.03356644777499035
43004,generator_supported_seen_mode_imm,6,0,101,111,16,16,1.3596336229004544,0.02995880647686428
43004,generator_supported_seen_mode_imm,7,0,111,011,1,1,1.7877454445761591,0.0042679902636273545
43004,generator_supported_seen_mode_imm,7,0,111,011,4,4,1.909587476183206,0.03343622852962193
43004,generator_supported_seen_mode_imm,7,0,111,011,8,8,1.1328060222647007,0.028242959337759832
43004,generator_supported_seen_mode_imm,7,0,111,011,16,16,0.8117571821805991,0.03297988013497657
43004,generator_supported_seen_mode_imm,8,0,011,011,1,1,2.30026111513173,0.008030487936601811
43004,generator_supported_seen_mode_imm,8,0,011,011,4,4,0.8201002120034386,0.02887661761979638
43004,generator_supported_seen_mode_imm,8,0,011,011,8,8,0.7133569259219201,0.028468535918281527
43004,generator_supported_seen_mode_imm,8,0,011,011,16,16,0.7229850224193293,0.03560090859247321
43004,generator_supported_seen_mode_imm,9,0,011,111,1,1,0.07520963806207262,0.000521413324770665
43004,generator_supported_seen_mode_imm,9,0,011,111,4,4,0.745649005056709,0.1945108555332907
43004,generator_supported_seen_mode_imm,9,0,011,111,8,8,0.956060450065318,0.17249760627826036
43004,generator_supported_seen_mode_imm,9,0,011,111,16,16,1.2383342672691318,0.09040566893228813
43004,generator_supported_seen_mode_imm,10,0,111,111,1,1,0.17286550624200747,0.03960302690071736
43004,generator_supported_seen_mode_imm,10,0,111,111,4,4,0.311755014799215,0.02229159742337618
43004,generator_supported_seen_mode_imm,10,0,111,111,8,8,0.9074700552824239,0.02792875557489232
43004,generator_supported_seen_mode_imm,10,0,111,111,16,16,1.0220006860655104,0.03193796517382407
43004,generator_supported_seen_mode_imm,11,0,111,110,1,1,0.07803490769230684,0.007707833230655187
43004,generator_supported_seen_mode_imm,11,0,111,110,4,4,0.004680259160167101,0.010154695360927649
43004,generator_supported_seen_mode_imm,11,0,111,110,8,8,-0.033342877320804015,0.00889876811137725
43004,generator_supported_seen_mode_imm,11,0,111,110,16,16,0.10386491799165562,0.011477159490767747
43004,generator_supported_seen_mode_imm,13,1,111,111,1,1,3.6411905568747023,0.17236523156250394
43004,generator_supported_seen_mode_imm,13,1,111,111,4,4,1.7260589237634172,0.09203682065077015
43004,generator_supported_seen_mode_imm,13,1,111,111,8,8,1.259973613558673,0.068529025393126
43004,generator_supported_seen_mode_imm,13,1,111,111,16,16,0.7519049317857993,0.04878487126370826
43004,generator_supported_seen_mode_imm,14,1,111,011,1,1,0.3917288215016572,6.306506195913581e-06
43004,generator_supported_seen_mode_imm,14,1,111,011,4,4,0.2722606758076426,0.07285333798744084
43004,generator_supported_seen_mode_imm,14,1,111,011,8,8,0.42404112733599064,0.1954569294147095
43004,generator_supported_seen_mode_imm,14,1,111,011,16,16,0.425847586651878,0.10273337019788223
43004,generator_supported_seen_mode_imm,15,1,011,011,1,1,3.165015268270644,0.009698581864376542
43004,generator_supported_seen_mode_imm,15,1,011,011,4,4,1.363675789290228,0.04398645061704161
43004,generator_supported_seen_mode_imm,15,1,011,011,8,8,0.8168412721276727,0.0652836298250227
43004,generator_supported_seen_mode_imm,15,1,011,011,16,16,0.7751821392507365,0.08603912682393051
43004,generator_supported_seen_mode_imm,16,1,011,101,1,1,0.1009228858009873,0.04557736021741304
43004,generator_supported_seen_mode_imm,16,1,011,101,4,4,0.29385966342175984,0.03426017727595684
43004,generator_supported_seen_mode_imm,16,1,011,101,8,8,0.2725349803193039,0.028377648425089268
43004,generator_supported_seen_mode_imm,16,1,011,101,16,16,0.6268098087711281,0.0637095345680627
43004,generator_supported_seen_mode_imm,17,1,101,101,1,1,0.556142153393719,0.00023932845803991667
43004,generator_supported_seen_mode_imm,17,1,101,101,4,4,0.3515002544406173,0.0036425432098749896
43004,generator_supported_seen_mode_imm,17,1,101,101,8,8,0.4794628406934201,0.008189552445125765
43004,generator_supported_seen_mode_imm,17,1,101,101,16,16,0.3596198725029618,0.01425806700658644
43004,generator_supported_seen_mode_imm,18,1,101,110,1,1,-0.24190159100490694,0.009481141445886907
43004,generator_supported_seen_mode_imm,18,1,101,110,4,4,0.19502383957207386,0.010020384989561402
43004,generator_supported_seen_mode_imm,18,1,101,110,8,8,-0.03545660360195854,0.011412746463005064
43004,generator_supported_seen_mode_imm,18,1,101,110,16,16,0.7167349464118689,0.014368256829437119
43004,generator_supported_seen_mode_imm,19,1,110,101,1,1,0.05446906601857229,0.017836500756619824
43004,generator_supported_seen_mode_imm,19,1,110,101,4,4,-0.09558254085915524,0.08417738974336647
43004,generator_supported_seen_mode_imm,19,1,110,101,8,8,0.2352382132282089,0.06511658111348263
43004,generator_supported_seen_mode_imm,19,1,110,101,16,16,1.169131469541578,0.10389274277017034
43004,generator_supported_seen_mode_imm,20,1,101,011,1,1,0.4714932778381442,0.0621636138761236
43004,generator_supported_seen_mode_imm,20,1,101,011,4,4,0.40917652365625307,0.04932976640454925
43004,generator_supported_seen_mode_imm,20,1,101,011,8,8,1.1467053035506538,0.1147850537491493
43004,generator_supported_seen_mode_imm,20,1,101,011,16,16,1.093340021781157,0.0950146354104298
43004,generator_supported_seen_mode_imm,21,1,011,110,1,1,0.11936032932584902,0.007316878450411066
43004,generator_supported_seen_mode_imm,21,1,011,110,4,4,0.8123570845268813,0.24718825028624528
43004,generator_supported_seen_mode_imm,21,1,011,110,8,8,0.5440872743412787,0.1680980786495581
43004,generator_supported_seen_mode_imm,21,1,011,110,16,16,0.2793569468162516,0.09870621318281167
43004,generator_supported_seen_mode_imm,22,1,110,111,1,1,3.1965648005104703,0.16279678485826035
43004,generator_supported_seen_mode_imm,22,1,110,111,4,4,2.1714538623110586,0.2402920223436493
43004,generator_supported_seen_mode_imm,22,1,110,111,8,8,1.5118603205988614,0.2617410524074403
43004,generator_supported_seen_mode_imm,22,1,110,111,16,16,1.472221890125402,0.1473914807272652
43004,generator_supported_seen_mode_imm,23,1,111,110,1,1,0.18401260698318456,6.866154892684755e-05
43004,generator_supported_seen_mode_imm,23,1,111,110,4,4,0.07342778558813948,0.012047480500719673
43004,generator_supported_seen_mode_imm,23,1,111,110,8,8,0.06462062790237687,0.013233272047507388
43004,generator_supported_seen_mode_imm,23,1,111,110,16,16,0.011871575800195669,0.00968831637046037
43004,generator_supported_seen_mode_imm,25,2,111,101,1,1,0.0952422866789559,0.048175799762253675
43004,generator_supported_seen_mode_imm,25,2,111,101,4,4,0.6808197025057244,0.04008284879936191
43004,generator_supported_seen_mode_imm,25,2,111,101,8,8,0.46836709466586984,0.023941758851016008
43004,generator_supported_seen_mode_imm,25,2,111,101,16,16,0.7894136718218653,0.013904135147062267
43004,generator_supported_seen_mode_imm,26,2,101,111,1,1,0.4377480630219541,5.140562727875334e-05
43004,generator_supported_seen_mode_imm,26,2,101,111,4,4,0.5523326757053912,0.021722653898911187
43004,generator_supported_seen_mode_imm,26,2,101,111,8,8,0.5735632604266576,0.01618033514253369
43004,generator_supported_seen_mode_imm,26,2,101,111,16,16,0.6818083959136949,0.0275045357251361
43004,generator_supported_seen_mode_imm,27,2,111,111,1,1,0.5497057668607557,0.17009172752089916
43004,generator_supported_seen_mode_imm,27,2,111,111,4,4,1.624419982366467,0.04658960029182828
43004,generator_supported_seen_mode_imm,27,2,111,111,8,8,1.9913026068133557,0.05046539041374004
43004,generator_supported_seen_mode_imm,27,2,111,111,16,16,1.3130384538241895,0.03694519377470647
43004,generator_supported_seen_mode_imm,28,2,111,011,1,1,0.3174357477819565,0.006899438842712562
43004,generator_supported_seen_mode_imm,28,2,111,011,4,4,0.7026285004739083,0.015030597353491075
43004,generator_supported_seen_mode_imm,28,2,111,011,8,8,0.8873103810039067,0.02681576594159841
43004,generator_supported_seen_mode_imm,28,2,111,011,16,16,0.6402808351055567,0.019836113703881504
43004,generator_supported_seen_mode_imm,29,2,011,110,1,1,0.5304952781437104,0.11404411342266949
43004,generator_supported_seen_mode_imm,29,2,011,110,4,4,0.4118126567207963,0.09078611914886382
43004,generator_supported_seen_mode_imm,29,2,011,110,8,8,0.23430043915333246,0.049883519980348866
43004,generator_supported_seen_mode_imm,29,2,011,110,16,16,0.5005406390836643,0.08385109623918846
43004,generator_supported_seen_mode_imm,30,2,110,110,1,1,-0.4929155764026036,0.022470113339964005
43004,generator_supported_seen_mode_imm,30,2,110,110,4,4,0.06118682401735474,0.009011909399658461
43004,generator_supported_seen_mode_imm,30,2,110,110,8,8,0.05999238410640241,0.006972071654220709
43004,generator_supported_seen_mode_imm,30,2,110,110,16,16,0.25077606841334665,0.01527433814270804
43004,generator_supported_seen_mode_imm,31,2,110,101,1,1,0.5357875694251701,0.05266710042887587
43004,generator_supported_seen_mode_imm,31,2,110,101,4,4,2.202269909512928,0.027815113046913077
43004,generator_supported_seen_mode_imm,31,2,110,101,8,8,1.7811833144661975,0.03961098234952522
43004,generator_supported_seen_mode_imm,31,2,110,101,16,16,1.1463536315458793,0.045370821190794684
43004,generator_supported_seen_mode_imm,32,2,101,101,1,1,0.17217935840144277,0.025090637968209078
43004,generator_supported_seen_mode_imm,32,2,101,101,4,4,0.6004220298735596,0.03594543760329906
43004,generator_supported_seen_mode_imm,32,2,101,101,8,8,0.3448836941756099,0.0334827874148591
43004,generator_supported_seen_mode_imm,32,2,101,101,16,16,0.403361780424104,0.024138500745806424
43004,generator_supported_seen_mode_imm,33,2,101,110,1,1,0.1867761024491896,0.027321837718207665
43004,generator_supported_seen_mode_imm,33,2,101,110,4,4,0.24893084471100027,0.04650370961522702
43004,generator_supported_seen_mode_imm,33,2,101,110,8,8,0.4213764677442852,0.04322188024358331
43004,generator_supported_seen_mode_imm,33,2,101,110,16,16,0.40496719808366927,0.04445251213926955
43004,generator_supported_seen_mode_imm,34,2,110,011,1,1,3.0990490255626573,0.18220401407000986
43004,generator_supported_seen_mode_imm,34,2,110,011,4,4,2.0293309978082803,0.15032111727280859
43004,generator_supported_seen_mode_imm,34,2,110,011,8,8,1.0888260782744876,0.11808201782672056
43004,generator_supported_seen_mode_imm,34,2,110,011,16,16,1.1193617338516235,0.0939074775386074
43004,generator_supported_seen_mode_imm,35,2,011,011,1,1,0.32524196947337297,0.01969298160414678
43004,generator_supported_seen_mode_imm,35,2,011,011,4,4,0.929409228234835,0.012509579645648432
43004,generator_supported_seen_mode_imm,35,2,011,011,8,8,0.7418090071514606,0.02112230106598989
43004,generator_supported_seen_mode_imm,35,2,011,011,16,16,0.6776090369422938,0.06623929614406451
43004,generator_supported_seen_mode_imm,37,3,101,101,1,1,1.2615201870303803,0.003828246108388074
43004,generator_supported_seen_mode_imm,37,3,101,101,4,4,0.3436178430588011,0.001139450604209368
43004,generator_supported_seen_mode_imm,37,3,101,101,8,8,0.7360923533369524,0.002433941356924257
43004,generator_supported_seen_mode_imm,37,3,101,101,16,16,0.7740868524266091,0.006230992437952342
43004,generator_supported_seen_mode_imm,38,3,101,111,1,1,0.29374719229130447,0.009706024231775098
43004,generator_supported_seen_mode_imm,38,3,101,111,4,4,0.165013136247039,0.013535018645420074
43004,generator_supported_seen_mode_imm,38,3,101,111,8,8,1.1114183199178933,0.2822072032139726
43004,generator_supported_seen_mode_imm,38,3,101,111,16,16,1.1081186526832325,0.24791560221576275
43004,generator_supported_seen_mode_imm,39,3,111,111,1,1,-0.24348959294813377,0.4504503198636387
43004,generator_supported_seen_mode_imm,39,3,111,111,4,4,1.3215061740163223,0.16567584558539142
43004,generator_supported_seen_mode_imm,39,3,111,111,8,8,0.930722354701712,0.13689836841162745
43004,generator_supported_seen_mode_imm,39,3,111,111,16,16,1.118625488498186,0.1536750322354501
43004,generator_supported_seen_mode_imm,40,3,111,011,1,1,0.3529612357693275,0.03138321315460662
43004,generator_supported_seen_mode_imm,40,3,111,011,4,4,1.3842513594319579,0.0135378481142002
43004,generator_supported_seen_mode_imm,40,3,111,011,8,8,1.0414300260564264,0.08738613776067554
43004,generator_supported_seen_mode_imm,40,3,111,011,16,16,1.4114737544988234,0.14519909770325456
43004,generator_supported_seen_mode_imm,41,3,011,111,1,1,1.1323711387461617,0.010967039602780398
43004,generator_supported_seen_mode_imm,41,3,011,111,4,4,0.4042003732523405,0.030289829434803038
43004,generator_supported_seen_mode_imm,41,3,011,111,8,8,0.2562577276313024,0.03974599525189839
43004,generator_supported_seen_mode_imm,41,3,011,111,16,16,0.9397194756521234,0.028149577708627423
43004,generator_supported_seen_mode_imm,42,3,111,110,1,1,0.8514275787198744,0.028170273144391012
43004,generator_supported_seen_mode_imm,42,3,111,110,4,4,0.37763247057366917,0.012581833049414206
43004,generator_supported_seen_mode_imm,42,3,111,110,8,8,0.2751588155262342,0.027925820126456447
43004,generator_supported_seen_mode_imm,42,3,111,110,16,16,0.15774756564014875,0.019308450743222412
43004,generator_supported_seen_mode_imm,43,3,110,011,1,1,-0.5018210594363689,0.049687489250438484
43004,generator_supported_seen_mode_imm,43,3,110,011,4,4,1.7925652774586502,0.14984449026574564
43004,generator_supported_seen_mode_imm,43,3,110,011,8,8,1.4725480286015082,0.2576905866332492
43004,generator_supported_seen_mode_imm,43,3,110,011,16,16,1.526518921464605,0.2546343918205211
43004,generator_supported_seen_mode_imm,44,3,011,101,1,1,0.07710348738065632,0.012887630179645544
43004,generator_supported_seen_mode_imm,44,3,011,101,4,4,0.6347683239827567,0.004023769975298363
43004,generator_supported_seen_mode_imm,44,3,011,101,8,8,0.48134535818594426,0.0034809537981744377
43004,generator_supported_seen_mode_imm,44,3,011,101,16,16,0.5779232162341208,0.0057335794825378785
43004,generator_supported_seen_mode_imm,45,3,101,110,1,1,0.6310567737487524,0.17100706404824234
43004,generator_supported_seen_mode_imm,45,3,101,110,4,4,1.5243940008803794,0.3043309386426511
43004,generator_supported_seen_mode_imm,45,3,101,110,8,8,0.9328680858700781,0.1787668797525862
43004,generator_supported_seen_mode_imm,45,3,101,110,16,16,0.6400577914312029,0.09791392592489881
43004,generator_supported_seen_mode_imm,46,3,110,110,1,1,-0.04339147211719169,0.041709337610346585
43004,generator_supported_seen_mode_imm,46,3,110,110,4,4,-0.12741728713057002,0.01617655671957308
43004,generator_supported_seen_mode_imm,46,3,110,110,8,8,-0.07018714451760796,0.011948780562206572
43004,generator_supported_seen_mode_imm,46,3,110,110,16,16,0.38626545686411984,0.010816703049726664
43004,generator_supported_seen_mode_imm,47,3,110,011,1,1,0.40849232749574627,0.027945064416207335
43004,generator_supported_seen_mode_imm,47,3,110,011,4,4,0.24803889753408592,0.09825255170005774
43004,generator_supported_seen_mode_imm,47,3,110,011,8,8,1.0447501477438648,0.056334103455122644
43004,generator_supported_seen_mode_imm,47,3,110,011,16,16,1.10650315772572,0.049069319041191016
43004,selected_fixed_jump,1,0,110,011,1,1,-0.03812589686259388,0.0033265227264028846
43004,selected_fixed_jump,1,0,110,011,4,4,0.1743438196992123,0.015573039380434174
43004,selected_fixed_jump,1,0,110,011,8,8,1.386407859859661,0.044486019319510746
43004,selected_fixed_jump,1,0,110,011,16,16,1.3732316544321117,0.07123255496049219
43004,selected_fixed_jump,2,0,011,110,1,1,0.6910218478529123,0.020313383717690606
43004,selected_fixed_jump,2,0,011,110,4,4,-0.05133283496158268,0.012425306993188837
43004,selected_fixed_jump,2,0,011,110,8,8,0.17864366774816437,0.013068126889003603
43004,selected_fixed_jump,2,0,011,110,16,16,0.12617678092733497,0.013959950164196867
43004,selected_fixed_jump,3,0,110,101,1,1,0.21759183911161423,0.0021340336851124837
43004,selected_fixed_jump,3,0,110,101,4,4,0.3216322485148732,0.01731779613467746
43004,selected_fixed_jump,3,0,110,101,8,8,0.11216146955217195,0.011056626517369921
43004,selected_fixed_jump,3,0,110,101,16,16,0.8237221980695839,0.04824656168732898
43004,selected_fixed_jump,4,0,101,101,1,1,-0.2697923543376948,0.012218878681052219
43004,selected_fixed_jump,4,0,101,101,4,4,-0.033352681927623404,0.0062669133058933695
43004,selected_fixed_jump,4,0,101,101,8,8,0.0443234182775015,0.01159723408703005
43004,selected_fixed_jump,4,0,101,101,16,16,0.685755843112895,0.05545715236260525
43004,selected_fixed_jump,5,0,101,101,1,1,3.185833081722381,0.05335081078050977
43004,selected_fixed_jump,5,0,101,101,4,4,1.7864723634421573,0.04164337580214425
43004,selected_fixed_jump,5,0,101,101,8,8,1.9076624135763987,0.06798782317159857
43004,selected_fixed_jump,5,0,101,101,16,16,1.7087870074029685,0.10025291352549828
43004,selected_fixed_jump,6,0,101,111,1,1,-0.27214828627218596,0.012674391642257487
43004,selected_fixed_jump,6,0,101,111,4,4,2.6907906853984715,0.1507970078725783
43004,selected_fixed_jump,6,0,101,111,8,8,2.5016970422110867,0.09149370124028841
43004,selected_fixed_jump,6,0,101,111,16,16,1.899709655220465,0.058233525378910564
43004,selected_fixed_jump,7,0,111,011,1,1,2.8019179072155773,0.06452140009523498
43004,selected_fixed_jump,7,0,111,011,4,4,1.3775737148890286,0.0640675291467117
43004,selected_fixed_jump,7,0,111,011,8,8,0.8282939689982487,0.0598231080592858
43004,selected_fixed_jump,7,0,111,011,16,16,0.8634744546293565,0.04797671439412793
43004,selected_fixed_jump,8,0,011,011,1,1,5.345959901309786,0.08637066047180206
43004,selected_fixed_jump,8,0,011,011,4,4,1.855629262512678,0.03245234927376504
43004,selected_fixed_jump,8,0,011,011,8,8,1.070420415907158,0.09637696656812277
43004,selected_fixed_jump,8,0,011,011,16,16,1.2605245574239108,0.09918635166738798
43004,selected_fixed_jump,9,0,011,111,1,1,0.12460375051256035,0.04332081997733999
43004,selected_fixed_jump,9,0,011,111,4,4,1.6920692758915796,0.1607741093760732
43004,selected_fixed_jump,9,0,011,111,8,8,1.4554005252139395,0.084251690016494
43004,selected_fixed_jump,9,0,011,111,16,16,1.5972151491185222,0.05188867125603732
43004,selected_fixed_jump,10,0,111,111,1,1,-0.05794659052692898,0.022955911450384732
43004,selected_fixed_jump,10,0,111,111,4,4,0.23161631339367944,0.01701059876586366
43004,selected_fixed_jump,10,0,111,111,8,8,1.6809837627522508,0.07986759272558527
43004,selected_fixed_jump,10,0,111,111,16,16,1.9795622939117976,0.10955791432972212
43004,selected_fixed_jump,11,0,111,110,1,1,-0.3230692278685064,0.002696335057952604
43004,selected_fixed_jump,11,0,111,110,4,4,-0.26342691300699544,0.006333231862347583
43004,selected_fixed_jump,11,0,111,110,8,8,-0.20002357664120315,0.008687737580148241
43004,selected_fixed_jump,11,0,111,110,16,16,-0.08041697944922016,0.011985470032019108
43004,selected_fixed_jump,13,1,111,111,1,1,4.22709284777059,0.012620057362765507
43004,selected_fixed_jump,13,1,111,111,4,4,2.352818196676191,0.10110496681868092
43004,selected_fixed_jump,13,1,111,111,8,8,1.955105147526263,0.0636485957366178
43004,selected_fixed_jump,13,1,111,111,16,16,1.1166178547707677,0.044666323179857706
43004,selected_fixed_jump,14,1,111,011,1,1,-0.01974067324934029,0.031144824388152244
43004,selected_fixed_jump,14,1,111,011,4,4,0.15288593881802315,0.059693860306607276
43004,selected_fixed_jump,14,1,111,011,8,8,0.5000883578711379,0.1300525942300614
43004,selected_fixed_jump,14,1,111,011,16,16,0.33924755139808555,0.07488061428496236
43004,selected_fixed_jump,15,1,011,011,1,1,6.224114785481627,1.011487057875513
43004,selected_fixed_jump,15,1,011,011,4,4,2.9795932568401873,0.2988612626085364
43004,selected_fixed_jump,15,1,011,011,8,8,1.6431424560603176,0.16449677947146027
43004,selected_fixed_jump,15,1,011,011,16,16,1.5186507670830645,0.11862151143529764
43004,selected_fixed_jump,16,1,011,101,1,1,-0.26839378128671465,0.07709867567147584
43004,selected_fixed_jump,16,1,011,101,4,4,0.3449330745523639,0.04247413094643553
43004,selected_fixed_jump,16,1,011,101,8,8,0.2139196817187603,0.022226093096309442
43004,selected_fixed_jump,16,1,011,101,16,16,0.4624037133923593,0.059291357363513555
43004,selected_fixed_jump,17,1,101,101,1,1,-0.2684620078232244,0.048077253283664884
43004,selected_fixed_jump,17,1,101,101,4,4,0.11742756052025205,0.024198243056233096
43004,selected_fixed_jump,17,1,101,101,8,8,0.5963094226754535,0.04327697371239943
43004,selected_fixed_jump,17,1,101,101,16,16,0.26960697603716743,0.05183647398711034
43004,selected_fixed_jump,18,1,101,110,1,1,-0.21257428769312922,0.008367270676709672
43004,selected_fixed_jump,18,1,101,110,4,4,-0.051687458018143714,0.005190157074000466
43004,selected_fixed_jump,18,1,101,110,8,8,-0.11518750666726625,0.007974200681266329
43004,selected_fixed_jump,18,1,101,110,16,16,0.42471463895173117,0.012429550828126298
43004,selected_fixed_jump,19,1,110,101,1,1,0.134935424319281,0.0017733653502082388
43004,selected_fixed_jump,19,1,110,101,4,4,-0.02966890997472414,0.05136709582848099
43004,selected_fixed_jump,19,1,110,101,8,8,0.10649949062049668,0.044703203601539857
43004,selected_fixed_jump,19,1,110,101,16,16,0.9690778800975809,0.07837671526933722
43004,selected_fixed_jump,20,1,101,011,1,1,0.9210410117569181,0.11908577242224054
43004,selected_fixed_jump,20,1,101,011,4,4,0.7285007694220376,0.09301451463632526
43004,selected_fixed_jump,20,1,101,011,8,8,1.286601501499801,0.06379431595633729
43004,selected_fixed_jump,20,1,101,011,16,16,1.4095974329277705,0.06936674227115977
43004,selected_fixed_jump,21,1,011,110,1,1,-0.33310015956938566,0.0014175212359507732
43004,selected_fixed_jump,21,1,011,110,4,4,1.1448458858900972,0.03358182660131991
43004,selected_fixed_jump,21,1,011,110,8,8,0.7021897587847956,0.046844265550945216
43004,selected_fixed_jump,21,1,011,110,16,16,0.26094391377459336,0.0325881890547286
43004,selected_fixed_jump,22,1,110,111,1,1,2.7994400168090823,0.03541353081417213
43004,selected_fixed_jump,22,1,110,111,4,4,2.2805580134513725,0.3400915878353658
43004,selected_fixed_jump,22,1,110,111,8,8,1.7922523126298477,0.22063476204490912
43004,selected_fixed_jump,22,1,110,111,16,16,1.9951667827588073,0.20271699218638126
43004,selected_fixed_jump,23,1,111,110,1,1,1.123452526220275,0.03428368627788115
43004,selected_fixed_jump,23,1,111,110,4,4,0.0391940465247181,0.010825865797120285
43004,selected_fixed_jump,23,1,111,110,8,8,-0.01952619886333569,0.008787030899277421
43004,selected_fixed_jump,23,1,111,110,16,16,-0.0628991038053842,0.007518080905991086
43004,selected_fixed_jump,25,2,111,101,1,1,0.6671168502190878,0.0054194245288870044
43004,selected_fixed_jump,25,2,111,101,4,4,1.3768064733725633,0.021701567324733925
43004,selected_fixed_jump,25,2,111,101,8,8,0.6327465796586709,0.023708911673832406
43004,selected_fixed_jump,25,2,111,101,16,16,2.0315832559766993,0.12215609199715914
43004,selected_fixed_jump,26,2,101,111,1,1,-0.11685081932488739,0.04748548569749604
43004,selected_fixed_jump,26,2,101,111,4,4,0.8180750004356645,0.04269816611419167
43004,selected_fixed_jump,26,2,101,111,8,8,1.275442143539972,0.03347858780399079
43004,selected_fixed_jump,26,2,101,111,16,16,1.3678540618973731,0.043739634491286206
43004,selected_fixed_jump,27,2,111,111,1,1,4.352424744383534,0.21715068158919842
43004,selected_fixed_jump,27,2,111,111,4,4,4.549144808446792,0.22268926108481002
43004,selected_fixed_jump,27,2,111,111,8,8,3.4328736275419507,0.1376264577349889
43004,selected_fixed_jump,27,2,111,111,16,16,2.261147275124844,0.0968560549540332
43004,selected_fixed_jump,28,2,111,011,1,1,-0.24790243908063517,0.015826770393746917
43004,selected_fixed_jump,28,2,111,011,4,4,0.5413628972529153,0.037243531710079165
43004,selected_fixed_jump,28,2,111,011,8,8,0.9357223325402202,0.038042531517599835
43004,selected_fixed_jump,28,2,111,011,16,16,0.8740698276344593,0.024163238621642998
43004,selected_fixed_jump,29,2,011,110,1,1,0.31456691935853565,0.021564167422677964
43004,selected_fixed_jump,29,2,011,110,4,4,-0.04723231886431617,0.012367737574679549
43004,selected_fixed_jump,29,2,011,110,8,8,0.0035962850066813823,0.01001895024426629
43004,selected_fixed_jump,29,2,011,110,16,16,0.3370654781957921,0.02120961170570291
43004,selected_fixed_jump,30,2,110,110,1,1,-0.32156951621133406,0.031998901790838474
43004,selected_fixed_jump,30,2,110,110,4,4,0.3406943355680707,0.0312413065427173
43004,selected_fixed_jump,30,2,110,110,8,8,0.24943130706169264,0.02555939193632241
43004,selected_fixed_jump,30,2,110,110,16,16,0.38904799728133294,0.0328623172441328
43004,selected_fixed_jump,31,2,110,101,1,1,1.2267491097128842,0.0017343024245202103
43004,selected_fixed_jump,31,2,110,101,4,4,2.109999174171958,0.011990002610312637
43004,selected_fixed_jump,31,2,110,101,8,8,1.399425687607869,0.017935960682239828
43004,selected_fixed_jump,31,2,110,101,16,16,0.9193531851286652,0.04616164450444919
43004,selected_fixed_jump,32,2,101,101,1,1,-0.20762859854558935,0.005844940066637483
43004,selected_fixed_jump,32,2,101,101,4,4,1.339902392849363,0.0329882051815373
43004,selected_fixed_jump,32,2,101,101,8,8,0.5704538021993247,0.021812178740016095
43004,selected_fixed_jump,32,2,101,101,16,16,0.5023826680814591,0.02134349941431063
43004,selected_fixed_jump,33,2,101,110,1,1,-0.17855058115644287,0.002879715193735478
43004,selected_fixed_jump,33,2,101,110,4,4,-0.11469370787117684,0.01089010698687004
43004,selected_fixed_jump,33,2,101,110,8,8,0.3295547955251249,0.013891890422264328
43004,selected_fixed_jump,33,2,101,110,16,16,0.1927282459369367,0.014980582422255313
43004,selected_fixed_jump,34,2,110,011,1,1,3.7785764060719735,0.03782408026699571
43004,selected_fixed_jump,34,2,110,011,4,4,2.518749889386036,0.08466778479216426
43004,selected_fixed_jump,34,2,110,011,8,8,1.2003041908267276,0.0977640166764801
43004,selected_fixed_jump,34,2,110,011,16,16,1.591070175757524,0.10431486859173131
43004,selected_fixed_jump,35,2,011,011,1,1,-0.008167273728675924,0.00016684216022725293
43004,selected_fixed_jump,35,2,011,011,4,4,0.8072093284503088,0.14532763672710292
43004,selected_fixed_jump,35,2,011,011,8,8,0.8133874500468202,0.08391053611966014
43004,selected_fixed_jump,35,2,011,011,16,16,1.1077592414224093,0.0880333829918482
43004,selected_fixed_jump,37,3,101,101,1,1,1.6647121452881888,0.053983034470639346
43004,selected_fixed_jump,37,3,101,101,4,4,0.36197065831581177,0.019281463690180713
43004,selected_fixed_jump,37,3,101,101,8,8,1.6584294839524605,0.061191837178003604
43004,selected_fixed_jump,37,3,101,101,16,16,1.655563712959193,0.08293953599344439
43004,selected_fixed_jump,38,3,101,111,1,1,0.0021207659017027118,0.05509637531330171
43004,selected_fixed_jump,38,3,101,111,4,4,-0.0564535384456717,0.027780851469613316
43004,selected_fixed_jump,38,3,101,111,8,8,1.6074502174625025,0.14934737446676122
43004,selected_fixed_jump,38,3,101,111,16,16,1.0151732432770393,0.09653930132316879
43004,selected_fixed_jump,39,3,111,111,1,1,-0.1008992663257914,0.41224912121418833
43004,selected_fixed_jump,39,3,111,111,4,4,1.057240718010006,0.16581855010589777
43004,selected_fixed_jump,39,3,111,111,8,8,0.6827333693852139,0.13548059514627753
43004,selected_fixed_jump,39,3,111,111,16,16,1.5093106154132752,0.08458651487234464
43004,selected_fixed_jump,40,3,111,011,1,1,-0.2900148806220791,0.17289516602951452
43004,selected_fixed_jump,40,3,111,011,4,4,1.407120871735325,0.3198356173216357
43004,selected_fixed_jump,40,3,111,011,8,8,2.0186817702701374,0.2252255796894452
43004,selected_fixed_jump,40,3,111,011,16,16,2.3854194695406123,0.3047419141980696
43004,selected_fixed_jump,41,3,011,111,1,1,1.630754483755949,0.024543481047295906
43004,selected_fixed_jump,41,3,011,111,4,4,0.26039396997404807,0.03760534427481963
43004,selected_fixed_jump,41,3,011,111,8,8,0.07845980665337418,0.047017177652902316
43004,selected_fixed_jump,41,3,011,111,16,16,1.04178203837593,0.041943229765776774
43004,selected_fixed_jump,42,3,111,110,1,1,0.5452806055875161,0.0018876632042051434
43004,selected_fixed_jump,42,3,111,110,4,4,0.08187402812654926,0.002821609326085969
43004,selected_fixed_jump,42,3,111,110,8,8,-0.012012221661993505,0.013687293617644153
43004,selected_fixed_jump,42,3,111,110,16,16,-0.04790786385309456,0.01213416064274397
43004,selected_fixed_jump,43,3,110,011,1,1,-0.17732931838845925,0.021667193531899023
43004,selected_fixed_jump,43,3,110,011,4,4,1.3311929728628749,0.09623489748831607
43004,selected_fixed_jump,43,3,110,011,8,8,1.3917490999388296,0.09928015166535677
43004,selected_fixed_jump,43,3,110,011,16,16,2.031785656914372,0.10780218777291227
43004,selected_fixed_jump,44,3,011,101,1,1,-0.1313095036941159,0.021766985676636767
43004,selected_fixed_jump,44,3,011,101,4,4,1.3223724340629663,0.04938561973215276
43004,selected_fixed_jump,44,3,011,101,8,8,0.8902597948511498,0.0368506663765331
43004,selected_fixed_jump,44,3,011,101,16,16,0.886996838940032,0.056561257308757655
43004,selected_fixed_jump,45,3,101,110,1,1,0.9594259936383664,0.05763085388620191
43004,selected_fixed_jump,45,3,101,110,4,4,1.0561873877570132,0.039215508379396136
43004,selected_fixed_jump,45,3,101,110,8,8,0.49463103295574323,0.027624534183225975
43004,selected_fixed_jump,45,3,101,110,16,16,0.3584540704424814,0.023020764025271964
43004,selected_fixed_jump,46,3,110,110,1,1,0.2623360908560518,0.07796690993608676
43004,selected_fixed_jump,46,3,110,110,4,4,0.07761168071043795,0.0345976222818368
43004,selected_fixed_jump,46,3,110,110,8,8,0.09269560243847015,0.025446743801241435
43004,selected_fixed_jump,46,3,110,110,16,16,0.6908362819188729,0.039014155960569535
43004,selected_fixed_jump,47,3,110,011,1,1,0.6140389496354953,0.01609734807800243
43004,selected_fixed_jump,47,3,110,011,4,4,0.14052061250369832,0.07516424953276993
43004,selected_fixed_jump,47,3,110,011,8,8,0.9561327747866846,0.04840793820737933
43004,selected_fixed_jump,47,3,110,011,16,16,1.3758240284404009,0.10229436688169447
43004,dynamic_parameter_oracle,1,0,110,011,1,1,0.22317645686901558,0.0004240000864812518
43004,dynamic_parameter_oracle,1,0,110,011,4,4,0.3823900495002251,0.004343328415447207
43004,dynamic_parameter_oracle,1,0,110,011,8,8,0.7530535762417999,0.01799154031312986
43004,dynamic_parameter_oracle,1,0,110,011,16,16,0.7354311411196655,0.05128888793817885
43004,dynamic_parameter_oracle,2,0,011,110,1,1,0.9216580638718389,6.52940036962687e-05
43004,dynamic_parameter_oracle,2,0,011,110,4,4,-0.04602914185578484,0.009752267758376848
43004,dynamic_parameter_oracle,2,0,011,110,8,8,0.38069108562565934,0.00753151937780709
43004,dynamic_parameter_oracle,2,0,011,110,16,16,0.23773820040336419,0.009398943433619012
43004,dynamic_parameter_oracle,3,0,110,101,1,1,0.32415516647997034,0.0050134587782221735
43004,dynamic_parameter_oracle,3,0,110,101,4,4,0.35939523192468614,0.00171959940252274
43004,dynamic_parameter_oracle,3,0,110,101,8,8,0.28669564177735996,0.003871149976855768
43004,dynamic_parameter_oracle,3,0,110,101,16,16,0.5678473814406624,0.008261353430174322
43004,dynamic_parameter_oracle,4,0,101,101,1,1,0.14971467289718698,0.004425830900672364
43004,dynamic_parameter_oracle,4,0,101,101,4,4,0.25705999533662266,0.002294006314292752
43004,dynamic_parameter_oracle,4,0,101,101,8,8,0.2932527214980582,0.008502607875022519
43004,dynamic_parameter_oracle,4,0,101,101,16,16,0.47326284775466143,0.03469903159473676
43004,dynamic_parameter_oracle,5,0,101,101,1,1,0.5402221208573814,0.08364981096110088
43004,dynamic_parameter_oracle,5,0,101,101,4,4,0.8900152705464129,0.03181296743041701
43004,dynamic_parameter_oracle,5,0,101,101,8,8,0.9559235106789452,0.018286578484933813
43004,dynamic_parameter_oracle,5,0,101,101,16,16,1.0852391600524638,0.12367431139599742
43004,dynamic_parameter_oracle,6,0,101,111,1,1,0.265940036173532,0.011500901345558737
43004,dynamic_parameter_oracle,6,0,101,111,4,4,1.2057549282018263,0.02099862790557527
43004,dynamic_parameter_oracle,6,0,101,111,8,8,1.5565052625551368,0.024718113848824393
43004,dynamic_parameter_oracle,6,0,101,111,16,16,1.1774276671929695,0.018721625583500982
43004,dynamic_parameter_oracle,7,0,111,011,1,1,1.2096628954318924,0.027878491740270343
43004,dynamic_parameter_oracle,7,0,111,011,4,4,0.9220343166139133,0.021309085983777756
43004,dynamic_parameter_oracle,7,0,111,011,8,8,0.6595731353684384,0.031395798659162616
43004,dynamic_parameter_oracle,7,0,111,011,16,16,0.6267073498374482,0.030154171308005035
43004,dynamic_parameter_oracle,8,0,011,011,1,1,2.041478864346358,0.009444944792819343
43004,dynamic_parameter_oracle,8,0,011,011,4,4,0.8637020148623378,0.012128641609648175
43004,dynamic_parameter_oracle,8,0,011,011,8,8,0.6561108146405374,0.0729118449652251
43004,dynamic_parameter_oracle,8,0,011,011,16,16,0.7311870708405672,0.07490133180594144
43004,dynamic_parameter_oracle,9,0,011,111,1,1,0.342373956336691,0.023545939400497186
43004,dynamic_parameter_oracle,9,0,011,111,4,4,0.8681711060723767,0.1709407812626251
43004,dynamic_parameter_oracle,9,0,011,111,8,8,0.8478628316915873,0.09228949416604916
43004,dynamic_parameter_oracle,9,0,011,111,16,16,1.0193486466591415,0.051984809106216875
43004,dynamic_parameter_oracle,10,0,111,111,1,1,0.39932636324343834,0.03219378472574202
43004,dynamic_parameter_oracle,10,0,111,111,4,4,0.4623291317732233,0.0189605204450122
43004,dynamic_parameter_oracle,10,0,111,111,8,8,0.945249617773813,0.022643537046899982
43004,dynamic_parameter_oracle,10,0,111,111,16,16,1.0673424649296612,0.036122118337416874
43004,dynamic_parameter_oracle,11,0,111,110,1,1,-0.09687098180581007,0.0012711085823324776
43004,dynamic_parameter_oracle,11,0,111,110,4,4,-0.24464895943825668,0.0038328997081985227
43004,dynamic_parameter_oracle,11,0,111,110,8,8,-0.12970187959664792,0.009347825821168484
43004,dynamic_parameter_oracle,11,0,111,110,16,16,-0.05614179909346945,0.007894390620216305
43004,dynamic_parameter_oracle,13,1,111,111,1,1,1.7573458644057394,0.0001302120042300344
43004,dynamic_parameter_oracle,13,1,111,111,4,4,1.1516262176331686,0.07643902014405873
43004,dynamic_parameter_oracle,13,1,111,111,8,8,0.9629066807128143,0.04869747070184424
43004,dynamic_parameter_oracle,13,1,111,111,16,16,0.7163591500290939,0.03625131310627032
43004,dynamic_parameter_oracle,14,1,111,011,1,1,0.3646546452524339,0.020853326236554767
43004,dynamic_parameter_oracle,14,1,111,011,4,4,0.408492478566549,0.06728289947417601
43004,dynamic_parameter_oracle,14,1,111,011,8,8,0.5015588431028959,0.1443140148364736
43004,dynamic_parameter_oracle,14,1,111,011,16,16,0.45729166165284896,0.07982136284500332
43004,dynamic_parameter_oracle,15,1,011,011,1,1,4.109776917681647,0.02652549582601216
43004,dynamic_parameter_oracle,15,1,011,011,4,4,1.5471862168985973,0.013756965140315044
43004,dynamic_parameter_oracle,15,1,011,011,8,8,0.9722752793858709,0.025760474479071198
43004,dynamic_parameter_oracle,15,1,011,011,16,16,0.8672706436561344,0.03848955592380386
43004,dynamic_parameter_oracle,16,1,011,101,1,1,0.2502058853814815,0.06211010916748969
43004,dynamic_parameter_oracle,16,1,011,101,4,4,0.4036766092306303,0.034889953242601565
43004,dynamic_parameter_oracle,16,1,011,101,8,8,0.3535116900952433,0.024104322999800698
43004,dynamic_parameter_oracle,16,1,011,101,16,16,0.5882910641540064,0.056685024720483916
43004,dynamic_parameter_oracle,17,1,101,101,1,1,0.3706612516950228,0.021170106947577195
43004,dynamic_parameter_oracle,17,1,101,101,4,4,0.40338385164491863,0.008683363561588766
43004,dynamic_parameter_oracle,17,1,101,101,8,8,0.5035176955160652,0.01386688661006475
43004,dynamic_parameter_oracle,17,1,101,101,16,16,0.41029013169606376,0.017715208145777442
43004,dynamic_parameter_oracle,18,1,101,110,1,1,0.18177825830042843,0.012731061130625615
43004,dynamic_parameter_oracle,18,1,101,110,4,4,0.09709015094576552,0.003459890975065068
43004,dynamic_parameter_oracle,18,1,101,110,8,8,-0.021741570822782004,0.004259179623078696
43004,dynamic_parameter_oracle,18,1,101,110,16,16,0.46760713958741823,0.007164303856121523
43004,dynamic_parameter_oracle,19,1,110,101,1,1,0.2694079229802579,0.002555985871895629
43004,dynamic_parameter_oracle,19,1,110,101,4,4,0.2390810234399451,0.0227104679997421
43004,dynamic_parameter_oracle,19,1,110,101,8,8,0.25627396859139456,0.027343682211995967
43004,dynamic_parameter_oracle,19,1,110,101,16,16,0.8784440525980077,0.043428442510378806
43004,dynamic_parameter_oracle,20,1,101,011,1,1,0.6246496832005759,0.06820384235510099
43004,dynamic_parameter_oracle,20,1,101,011,4,4,0.5376540437816391,0.06622777173467387
43004,dynamic_parameter_oracle,20,1,101,011,8,8,0.8144678392379596,0.05745958254615441
43004,dynamic_parameter_oracle,20,1,101,011,16,16,0.8315330570134769,0.05060329896856523
43004,dynamic_parameter_oracle,21,1,011,110,1,1,-0.11492339211190805,0.001634622969229003
43004,dynamic_parameter_oracle,21,1,011,110,4,4,1.0670776130529485,0.01126140734206968
43004,dynamic_parameter_oracle,21,1,011,110,8,8,0.5569725343585559,0.015242062349541332
43004,dynamic_parameter_oracle,21,1,011,110,16,16,0.18364000943617603,0.01384821153784824
43004,dynamic_parameter_oracle,22,1,110,111,1,1,1.1938430819996275,0.002080664807098873
43004,dynamic_parameter_oracle,22,1,110,111,4,4,0.999607616621666,0.26883029978226514
43004,dynamic_parameter_oracle,22,1,110,111,8,8,0.8938017173788781,0.2046377693065691
43004,dynamic_parameter_oracle,22,1,110,111,16,16,0.9871841560768877,0.1333912691717694
43004,dynamic_parameter_oracle,23,1,111,110,1,1,0.6895607227270167,0.0003488291910922441
43004,dynamic_parameter_oracle,23,1,111,110,4,4,-0.04896798187574586,0.0024296134327825855
43004,dynamic_parameter_oracle,23,1,111,110,8,8,-0.12706059402098105,0.0017599914579197967
43004,dynamic_parameter_oracle,23,1,111,110,16,16,-0.07974262572827061,0.004918717237987123
43004,dynamic_parameter_oracle,25,2,111,101,1,1,0.4524046262428622,0.0028316863381469006
43004,dynamic_parameter_oracle,25,2,111,101,4,4,0.6957800964472121,0.004430673558289808
43004,dynamic_parameter_oracle,25,2,111,101,8,8,0.4764058348368854,0.006109375957640035
43004,dynamic_parameter_oracle,25,2,111,101,16,16,0.8818571717793937,0.01598789786478867
43004,dynamic_parameter_oracle,26,2,101,111,1,1,0.4435063540170932,0.009465688351965887
43004,dynamic_parameter_oracle,26,2,101,111,4,4,0.6213895244735612,0.027101665458642166
43004,dynamic_parameter_oracle,26,2,101,111,8,8,0.7390052677131944,0.01828244869313228
43004,dynamic_parameter_oracle,26,2,101,111,16,16,0.7952962938366972,0.023693285201754385
43004,dynamic_parameter_oracle,27,2,111,111,1,1,1.4557898940734253,0.270328132276447
43004,dynamic_parameter_oracle,27,2,111,111,4,4,1.8742709965844144,0.08437053486024841
43004,dynamic_parameter_oracle,27,2,111,111,8,8,1.8486081762827706,0.06766172821939626
43004,dynamic_parameter_oracle,27,2,111,111,16,16,1.2785477118863562,0.057515442711237805
43004,dynamic_parameter_oracle,28,2,111,011,1,1,0.25487526177934283,0.00504800664017639
43004,dynamic_parameter_oracle,28,2,111,011,4,4,0.5004159065242209,0.04009249056310079
43004,dynamic_parameter_oracle,28,2,111,011,8,8,0.6453352870868918,0.03834660420831591
43004,dynamic_parameter_oracle,28,2,111,011,16,16,0.599528798145124,0.023081281901240626
43004,dynamic_parameter_oracle,29,2,011,110,1,1,0.43214185707694985,0.0002975234316406808
43004,dynamic_parameter_oracle,29,2,011,110,4,4,-0.18406048736662728,0.0018260080190372425
43004,dynamic_parameter_oracle,29,2,011,110,8,8,-0.07858629879918835,0.004056587250176087
43004,dynamic_parameter_oracle,29,2,011,110,16,16,0.38990435176971916,0.004483773102275761
43004,dynamic_parameter_oracle,30,2,110,110,1,1,-0.4266681069735917,0.02203753495463546
43004,dynamic_parameter_oracle,30,2,110,110,4,4,0.09687130353375775,0.008794088623927044
43004,dynamic_parameter_oracle,30,2,110,110,8,8,0.09760779937769717,0.0067410100540947985
43004,dynamic_parameter_oracle,30,2,110,110,16,16,0.18744435637365967,0.007740681000378041
43004,dynamic_parameter_oracle,31,2,110,101,1,1,0.4141881380437111,0.0004422143519261742
43004,dynamic_parameter_oracle,31,2,110,101,4,4,1.6897975175234383,0.0041405811918678245
43004,dynamic_parameter_oracle,31,2,110,101,8,8,1.0876249713569581,0.007978240217037403
43004,dynamic_parameter_oracle,31,2,110,101,16,16,0.7941925709665951,0.02220168310964956
43004,dynamic_parameter_oracle,32,2,101,101,1,1,0.23233246256662365,0.007144059258885134
43004,dynamic_parameter_oracle,32,2,101,101,4,4,0.6692287211779409,0.02318930549624168
43004,dynamic_parameter_oracle,32,2,101,101,8,8,0.4357092599286351,0.018751463761383626
43004,dynamic_parameter_oracle,32,2,101,101,16,16,0.44574398869661347,0.0130940784362635
43004,dynamic_parameter_oracle,33,2,101,110,1,1,0.0877050276335286,5.179191537558681e-06
43004,dynamic_parameter_oracle,33,2,101,110,4,4,-0.09235439879261027,0.002833508856945793
43004,dynamic_parameter_oracle,33,2,101,110,8,8,0.45785185224318126,0.0027733276977701038
43004,dynamic_parameter_oracle,33,2,101,110,16,16,0.25478579699127835,0.004621894437003735
43004,dynamic_parameter_oracle,34,2,110,011,1,1,1.141660682638021,0.005175574525515047
43004,dynamic_parameter_oracle,34,2,110,011,4,4,0.9415243129458305,0.04626787300340551
43004,dynamic_parameter_oracle,34,2,110,011,8,8,0.6375018957857363,0.06769778179083105
43004,dynamic_parameter_oracle,34,2,110,011,16,16,0.8553900406272184,0.057845857789038405
43004,dynamic_parameter_oracle,35,2,011,011,1,1,0.4135853421254733,0.003760108018842047
43004,dynamic_parameter_oracle,35,2,011,011,4,4,0.6713070608810733,0.09230999178740926
43004,dynamic_parameter_oracle,35,2,011,011,8,8,0.6550871133282685,0.059586487728656864
43004,dynamic_parameter_oracle,35,2,011,011,16,16,0.6889502653262103,0.075054225100017
43004,dynamic_parameter_oracle,37,3,101,101,1,1,1.060333738444166,0.0015947638046380516
43004,dynamic_parameter_oracle,37,3,101,101,4,4,0.405785608057748,0.003191287586451925
43004,dynamic_parameter_oracle,37,3,101,101,8,8,0.7905114157079529,0.007624149393592455
43004,dynamic_parameter_oracle,37,3,101,101,16,16,0.8229999876093455,0.01999784093933486
43004,dynamic_parameter_oracle,38,3,101,111,1,1,0.5073046396149052,0.013309642982706725
43004,dynamic_parameter_oracle,38,3,101,111,4,4,0.38212594370188246,0.01771411705141063
43004,dynamic_parameter_oracle,38,3,101,111,8,8,0.9488444812200182,0.16331488812287634
43004,dynamic_parameter_oracle,38,3,101,111,16,16,0.7574114637846258,0.10547459509693323
43004,dynamic_parameter_oracle,39,3,111,111,1,1,0.4658712538249423,0.425660667561438
43004,dynamic_parameter_oracle,39,3,111,111,4,4,0.7947540454796291,0.19356418949018445
43004,dynamic_parameter_oracle,39,3,111,111,8,8,0.6284509994712175,0.14434660629675128
43004,dynamic_parameter_oracle,39,3,111,111,16,16,0.8662011002458674,0.09710227907825766
43004,dynamic_parameter_oracle,40,3,111,011,1,1,0.29598294341458586,0.13861948308566605
43004,dynamic_parameter_oracle,40,3,111,011,4,4,1.0681191051658574,0.12262933187904553
43004,dynamic_parameter_oracle,40,3,111,011,8,8,1.0184431288745626,0.14711863582508863
43004,dynamic_parameter_oracle,40,3,111,011,16,16,1.209695691204889,0.13522677984655818
43004,dynamic_parameter_oracle,41,3,011,111,1,1,0.8943219530048883,0.009815294289990813
43004,dynamic_parameter_oracle,41,3,011,111,4,4,0.48486654463848705,0.03492622924827014
43004,dynamic_parameter_oracle,41,3,011,111,8,8,0.43202660632890394,0.04780254397004072
43004,dynamic_parameter_oracle,41,3,011,111,16,16,0.8580380632203755,0.038070298919007935
43004,dynamic_parameter_oracle,42,3,111,110,1,1,0.8364785053831683,0.023667613401099612
43004,dynamic_parameter_oracle,42,3,111,110,4,4,0.14697063711505426,0.006656124886270955
43004,dynamic_parameter_oracle,42,3,111,110,8,8,-0.04593714102187432,0.009861656227157657
43004,dynamic_parameter_oracle,42,3,111,110,16,16,-0.05877699594355082,0.007568119971198552
43004,dynamic_parameter_oracle,43,3,110,011,1,1,0.13713428268566438,0.047265236940716666
43004,dynamic_parameter_oracle,43,3,110,011,4,4,0.8258966055413568,0.15539170910915237
43004,dynamic_parameter_oracle,43,3,110,011,8,8,0.8357240185535906,0.15450379837274875
43004,dynamic_parameter_oracle,43,3,110,011,16,16,0.9779823308473158,0.11810204803003058
43004,dynamic_parameter_oracle,44,3,011,101,1,1,0.2763452501807167,0.026868521932427
43004,dynamic_parameter_oracle,44,3,011,101,4,4,0.7122105347225095,0.013396644168403457
43004,dynamic_parameter_oracle,44,3,011,101,8,8,0.5642705191132931,0.013613566747395642
43004,dynamic_parameter_oracle,44,3,011,101,16,16,0.639436351857902,0.013990885564804503
43004,dynamic_parameter_oracle,45,3,101,110,1,1,0.7187505477904843,0.004593629921991446
43004,dynamic_parameter_oracle,45,3,101,110,4,4,0.43876363328474743,0.0053502598710541025
43004,dynamic_parameter_oracle,45,3,101,110,8,8,0.38021554333411095,0.005266684690506548
43004,dynamic_parameter_oracle,45,3,101,110,16,16,0.29924940041055964,0.0055731863626318915
43004,dynamic_parameter_oracle,46,3,110,110,1,1,-0.1308161182579518,0.025038889488766976
43004,dynamic_parameter_oracle,46,3,110,110,4,4,-0.17416655274829412,0.008769196083722295
43004,dynamic_parameter_oracle,46,3,110,110,8,8,-0.08388694806260386,0.007855157497127396
43004,dynamic_parameter_oracle,46,3,110,110,16,16,0.36670533428729524,0.008924527360579415
43004,dynamic_parameter_oracle,47,3,110,011,1,1,0.2623796236843478,0.004794895385742215
43004,dynamic_parameter_oracle,47,3,110,011,4,4,0.29174961352299544,0.06534579683599062
43004,dynamic_parameter_oracle,47,3,110,011,8,8,0.6277621812411813,0.03817555305387959
43004,dynamic_parameter_oracle,47,3,110,011,16,16,0.8041181721547148,0.039074722365661584
