seed,method,sequence_id,block_id,cell,h_high,q_high,r_high,heldout_composition,n_steps,mean_nll,latent_mse,early_nll,late_nll,mean_h_estimate,mean_q_estimate,mean_r_estimate,true_h,true_q,true_r,jump_count,test_tape_digest
39102,selected_fixed,0,0,010,0,1,0,False,96,0.2828572198699589,0.019546237165383503,0.6378535481200394,0.4340723611942515,0.03000000000000001,0.009999999999999998,0.039999999999999994,0.0025,0.04,0.01,1,94273bac657e725ecd9b0e7ff44d8ff564d8b6604609ab0d3fb1c2a3f938e87c
39102,selected_fixed,0,1,101,1,0,1,True,96,1.2988595090055388,0.06555618635615053,0.5388515218128976,1.8556045639187495,0.03000000000000001,0.009999999999999998,0.039999999999999994,0.06,0.0025,0.16,7,94273bac657e725ecd9b0e7ff44d8ff564d8b6604609ab0d3fb1c2a3f938e87c
39102,selected_fixed,0,2,001,0,0,1,False,96,0.8187995027043935,0.07695834643902037,1.0876451955314357,1.1459434139729558,0.03000000000000001,0.009999999999999998,0.039999999999999994,0.0025,0.0025,0.16,0,94273bac657e725ecd9b0e7ff44d8ff564d8b6604609ab0d3fb1c2a3f938e87c
39102,selected_fixed,0,3,011,0,1,1,True,96,1.4708979752926663,0.12936258671451165,1.6139818539942907,1.7790845143834297,0.03000000000000001,0.009999999999999998,0.039999999999999994,0.0025,0.04,0.16,0,94273bac657e725ecd9b0e7ff44d8ff564d8b6604609ab0d3fb1c2a3f938e87c
39102,selected_fixed,0,4,000,0,0,0,False,96,-0.2760870994731085,0.004010266886935661,-0.20535362446436942,-0.31948466689629224,0.03000000000000001,0.009999999999999998,0.039999999999999994,0.0025,0.0025,0.01,0,94273bac657e725ecd9b0e7ff44d8ff564d8b6604609ab0d3fb1c2a3f938e87c
39102,selected_fixed,0,5,100,1,0,0,False,96,0.033208689505761835,0.00895527021838667,0.2756054512621803,0.037756596401844256,0.03000000000000001,0.009999999999999998,0.039999999999999994,0.06,0.0025,0.01,5,94273bac657e725ecd9b0e7ff44d8ff564d8b6604609ab0d3fb1c2a3f938e87c
39102,selected_fixed,0,6,111,1,1,1,True,96,1.7009925378739659,0.10432682960238077,1.6491099333021801,1.474963807485583,0.03000000000000001,0.009999999999999998,0.039999999999999994,0.06,0.04,0.16,4,94273bac657e725ecd9b0e7ff44d8ff564d8b6604609ab0d3fb1c2a3f938e87c
39102,selected_fixed,0,7,110,1,1,0,True,96,0.20647082656802973,0.018877095603644305,0.22875904162671254,0.23399162774776006,0.03000000000000001,0.009999999999999998,0.039999999999999994,0.06,0.04,0.01,3,94273bac657e725ecd9b0e7ff44d8ff564d8b6604609ab0d3fb1c2a3f938e87c
39102,selected_fixed,0,8,111,1,1,1,True,96,1.904245497576791,0.11739342701893167,0.9319987491458319,1.8368956629438433,0.03000000000000001,0.009999999999999998,0.039999999999999994,0.06,0.04,0.16,7,94273bac657e725ecd9b0e7ff44d8ff564d8b6604609ab0d3fb1c2a3f938e87c
39102,selected_fixed,0,9,011,0,1,1,True,96,1.667664339569533,0.10093231438285334,1.7741196466413194,1.2942587249979907,0.03000000000000001,0.009999999999999998,0.039999999999999994,0.0025,0.04,0.16,0,94273bac657e725ecd9b0e7ff44d8ff564d8b6604609ab0d3fb1c2a3f938e87c
39102,selected_fixed,0,10,001,0,0,1,False,96,1.0659010799505537,0.04073878957457284,0.511665635266747,0.8848105075890269,0.03000000000000001,0.009999999999999998,0.039999999999999994,0.0025,0.0025,0.16,0,94273bac657e725ecd9b0e7ff44d8ff564d8b6604609ab0d3fb1c2a3f938e87c
39102,selected_fixed,0,11,100,1,0,0,False,96,-0.004405518520074277,0.002237025045624568,0.6070028227695303,0.007262760295015158,0.03000000000000001,0.009999999999999998,0.039999999999999994,0.06,0.0025,0.01,5,94273bac657e725ecd9b0e7ff44d8ff564d8b6604609ab0d3fb1c2a3f938e87c
39102,selected_fixed,0,12,110,1,1,0,True,96,0.47679179481387096,0.021739573957450926,0.7907246194412033,0.44298554012020885,0.03000000000000001,0.009999999999999998,0.039999999999999994,0.06,0.04,0.01,6,94273bac657e725ecd9b0e7ff44d8ff564d8b6604609ab0d3fb1c2a3f938e87c
39102,selected_fixed,0,13,101,1,0,1,True,96,1.2131344876650443,0.10590272535553329,1.1416068407687863,0.839617817873638,0.03000000000000001,0.009999999999999998,0.039999999999999994,0.06,0.0025,0.16,6,94273bac657e725ecd9b0e7ff44d8ff564d8b6604609ab0d3fb1c2a3f938e87c
39102,selected_fixed,0,14,000,0,0,0,False,96,-0.18595940292519622,0.003705547776332389,0.28210690253005805,-0.2546818462748571,0.03000000000000001,0.009999999999999998,0.039999999999999994,0.0025,0.0025,0.01,1,94273bac657e725ecd9b0e7ff44d8ff564d8b6604609ab0d3fb1c2a3f938e87c
39102,selected_fixed,0,15,010,0,1,0,False,96,0.23475443332710824,0.022224969817080328,0.09171618799632775,0.15846392588898495,0.03000000000000001,0.009999999999999998,0.039999999999999994,0.0025,0.04,0.01,0,94273bac657e725ecd9b0e7ff44d8ff564d8b6604609ab0d3fb1c2a3f938e87c
39102,selected_fixed,1,16,011,0,1,1,True,96,1.6102349231703352,0.10826419891936707,1.290393467564892,1.2824731208989533,0.03000000000000001,0.009999999999999998,0.039999999999999994,0.0025,0.04,0.16,0,94273bac657e725ecd9b0e7ff44d8ff564d8b6604609ab0d3fb1c2a3f938e87c
39102,selected_fixed,1,17,100,1,0,0,False,96,0.1081023089792202,0.005990078533207088,-0.2516272941121591,-0.2848916460130483,0.03000000000000001,0.009999999999999998,0.039999999999999994,0.06,0.0025,0.01,7,94273bac657e725ecd9b0e7ff44d8ff564d8b6604609ab0d3fb1c2a3f938e87c
39102,selected_fixed,1,18,101,1,0,1,True,96,1.2743991080583112,0.06663834717947746,1.445429110579689,1.3964167936955043,0.03000000000000001,0.009999999999999998,0.039999999999999994,0.06,0.0025,0.16,5,94273bac657e725ecd9b0e7ff44d8ff564d8b6604609ab0d3fb1c2a3f938e87c
39102,selected_fixed,1,19,110,1,1,0,True,96,0.22308333981322168,0.023138025224160863,-0.039229996054365446,-0.14331967685542388,0.03000000000000001,0.009999999999999998,0.039999999999999994,0.06,0.04,0.01,4,94273bac657e725ecd9b0e7ff44d8ff564d8b6604609ab0d3fb1c2a3f938e87c
39102,selected_fixed,1,20,000,0,0,0,False,96,-0.3265135651321616,0.0041722593260638255,-0.2933823017788056,-0.34231191653824944,0.03000000000000001,0.009999999999999998,0.039999999999999994,0.0025,0.0025,0.01,0,94273bac657e725ecd9b0e7ff44d8ff564d8b6604609ab0d3fb1c2a3f938e87c
39102,selected_fixed,1,21,010,0,1,0,False,96,0.22970218865218042,0.025810867254774744,-0.0838176009434964,-0.0019402180962640667,0.03000000000000001,0.009999999999999998,0.039999999999999994,0.0025,0.04,0.01,0,94273bac657e725ecd9b0e7ff44d8ff564d8b6604609ab0d3fb1c2a3f938e87c
39102,selected_fixed,1,22,111,1,1,1,True,96,1.887057811293488,0.12699323165552054,1.1806877883429456,1.5149418435430482,0.03000000000000001,0.009999999999999998,0.039999999999999994,0.06,0.04,0.16,10,94273bac657e725ecd9b0e7ff44d8ff564d8b6604609ab0d3fb1c2a3f938e87c
39102,selected_fixed,1,23,001,0,0,1,False,96,1.0886927728865443,0.09199305702456512,1.0322193728257132,1.5884845481909005,0.03000000000000001,0.009999999999999998,0.039999999999999994,0.0025,0.0025,0.16,0,94273bac657e725ecd9b0e7ff44d8ff564d8b6604609ab0d3fb1c2a3f938e87c
39102,selected_fixed,1,24,110,1,1,0,True,96,0.34531626379065194,0.02139359521973487,0.674481443744797,0.1878436235452069,0.03000000000000001,0.009999999999999998,0.039999999999999994,0.06,0.04,0.01,5,94273bac657e725ecd9b0e7ff44d8ff564d8b6604609ab0d3fb1c2a3f938e87c
39102,selected_fixed,1,25,101,1,0,1,True,96,1.3993851524500938,0.14544723685531066,0.6087604286215067,2.341870357646065,0.03000000000000001,0.009999999999999998,0.039999999999999994,0.06,0.0025,0.16,7,94273bac657e725ecd9b0e7ff44d8ff564d8b6604609ab0d3fb1c2a3f938e87c
39102,selected_fixed,1,26,100,1,0,0,False,96,0.036174001081650364,0.00479517772826473,0.21538583221392016,-0.3339839093241322,0.03000000000000001,0.009999999999999998,0.039999999999999994,0.06,0.0025,0.01,5,94273bac657e725ecd9b0e7ff44d8ff564d8b6604609ab0d3fb1c2a3f938e87c
39102,selected_fixed,1,27,011,0,1,1,True,96,0.8306914075937222,0.0680184944129592,0.2354604811955566,0.9541276709242157,0.03000000000000001,0.009999999999999998,0.039999999999999994,0.0025,0.04,0.16,0,94273bac657e725ecd9b0e7ff44d8ff564d8b6604609ab0d3fb1c2a3f938e87c
39102,selected_fixed,1,28,001,0,0,1,False,96,1.0554062335346914,0.09093859127716698,0.5667938477702533,1.8286491696475298,0.03000000000000001,0.009999999999999998,0.039999999999999994,0.0025,0.0025,0.16,0,94273bac657e725ecd9b0e7ff44d8ff564d8b6604609ab0d3fb1c2a3f938e87c
39102,selected_fixed,1,29,000,0,0,0,False,96,-0.2803448631652094,0.00418122802948061,-0.17610492949348389,-0.2786342476446263,0.03000000000000001,0.009999999999999998,0.039999999999999994,0.0025,0.0025,0.01,0,94273bac657e725ecd9b0e7ff44d8ff564d8b6604609ab0d3fb1c2a3f938e87c
39102,selected_fixed,1,30,111,1,1,1,True,96,1.3868399048568631,0.15301156941063562,1.8133887490130678,1.7079498899152645,0.03000000000000001,0.009999999999999998,0.039999999999999994,0.06,0.04,0.16,8,94273bac657e725ecd9b0e7ff44d8ff564d8b6604609ab0d3fb1c2a3f938e87c
39102,selected_fixed,1,31,010,0,1,0,False,96,0.17150390603314739,0.018325892212575415,0.1595397289952761,0.0592037037755285,0.03000000000000001,0.009999999999999998,0.039999999999999994,0.0025,0.04,0.01,1,94273bac657e725ecd9b0e7ff44d8ff564d8b6604609ab0d3fb1c2a3f938e87c
39102,selected_fixed,2,32,110,1,1,0,True,96,0.44005508261133314,0.029267735659190258,0.8671617127640601,0.05234314759070066,0.03000000000000001,0.009999999999999998,0.039999999999999994,0.06,0.04,0.01,6,94273bac657e725ecd9b0e7ff44d8ff564d8b6604609ab0d3fb1c2a3f938e87c
39102,selected_fixed,2,33,101,1,0,1,True,96,1.0009216424483427,0.0818370159399901,1.5649210258530095,0.8569990559721675,0.03000000000000001,0.009999999999999998,0.039999999999999994,0.06,0.0025,0.16,2,94273bac657e725ecd9b0e7ff44d8ff564d8b6604609ab0d3fb1c2a3f938e87c
39102,selected_fixed,2,34,111,1,1,1,True,96,1.4353537964197847,0.10711240002650939,1.4325013137573523,2.3831134105207954,0.03000000000000001,0.009999999999999998,0.039999999999999994,0.06,0.04,0.16,3,94273bac657e725ecd9b0e7ff44d8ff564d8b6604609ab0d3fb1c2a3f938e87c
39102,selected_fixed,2,35,000,0,0,0,False,96,-0.16403579874058347,0.005490404323911849,-0.30970560441733036,-0.31075227065803696,0.03000000000000001,0.009999999999999998,0.039999999999999994,0.0025,0.0025,0.01,3,94273bac657e725ecd9b0e7ff44d8ff564d8b6604609ab0d3fb1c2a3f938e87c
39102,selected_fixed,2,36,010,0,1,0,False,96,0.04142937686773221,0.0202479568680331,-0.042935999912914975,-0.0753174820561961,0.03000000000000001,0.009999999999999998,0.039999999999999994,0.0025,0.04,0.01,0,94273bac657e725ecd9b0e7ff44d8ff564d8b6604609ab0d3fb1c2a3f938e87c
39102,selected_fixed,2,37,100,1,0,0,False,96,-0.023999249822811486,0.009340738464386886,0.16286364053321378,-0.27910285227958365,0.03000000000000001,0.009999999999999998,0.039999999999999994,0.06,0.0025,0.01,4,94273bac657e725ecd9b0e7ff44d8ff564d8b6604609ab0d3fb1c2a3f938e87c
39102,selected_fixed,2,38,001,0,0,1,False,96,0.2773006780250919,0.023225140849576508,0.8405047194485755,0.29085701711633516,0.03000000000000001,0.009999999999999998,0.039999999999999994,0.0025,0.0025,0.16,0,94273bac657e725ecd9b0e7ff44d8ff564d8b6604609ab0d3fb1c2a3f938e87c
39102,selected_fixed,2,39,011,0,1,1,True,96,1.48540063181042,0.11842642781133467,1.5925728614721686,1.9751708375942993,0.03000000000000001,0.009999999999999998,0.039999999999999994,0.0025,0.04,0.16,0,94273bac657e725ecd9b0e7ff44d8ff564d8b6604609ab0d3fb1c2a3f938e87c
39102,selected_fixed,2,40,010,0,1,0,False,96,0.16612704383930765,0.02640015477396909,0.2038259360891601,0.014392954874200517,0.03000000000000001,0.009999999999999998,0.039999999999999994,0.0025,0.04,0.01,1,94273bac657e725ecd9b0e7ff44d8ff564d8b6604609ab0d3fb1c2a3f938e87c
39102,selected_fixed,2,41,000,0,0,0,False,96,-0.2845348098399913,0.003364556127297507,-0.28262319930642454,-0.314888397593464,0.03000000000000001,0.009999999999999998,0.039999999999999994,0.0025,0.0025,0.01,0,94273bac657e725ecd9b0e7ff44d8ff564d8b6604609ab0d3fb1c2a3f938e87c
39102,selected_fixed,2,42,100,1,0,0,False,96,-0.0007091808081727083,0.006984380499193639,0.0797477553581745,0.5997502233583613,0.03000000000000001,0.009999999999999998,0.039999999999999994,0.06,0.0025,0.01,7,94273bac657e725ecd9b0e7ff44d8ff564d8b6604609ab0d3fb1c2a3f938e87c
39102,selected_fixed,2,43,110,1,1,0,True,96,0.47988275684848264,0.029397175370153086,-0.011161564816201223,0.5751343079953009,0.03000000000000001,0.009999999999999998,0.039999999999999994,0.06,0.04,0.01,6,94273bac657e725ecd9b0e7ff44d8ff564d8b6604609ab0d3fb1c2a3f938e87c
39102,selected_fixed,2,44,011,0,1,1,True,96,1.1886697053616853,0.07068041694452659,1.6337350422461203,0.83200331875028,0.03000000000000001,0.009999999999999998,0.039999999999999994,0.0025,0.04,0.16,0,94273bac657e725ecd9b0e7ff44d8ff564d8b6604609ab0d3fb1c2a3f938e87c
39102,selected_fixed,2,45,101,1,0,1,True,96,1.4136642951583294,0.08737480478930319,0.6522141072259856,1.2153997181684266,0.03000000000000001,0.009999999999999998,0.039999999999999994,0.06,0.0025,0.16,3,94273bac657e725ecd9b0e7ff44d8ff564d8b6604609ab0d3fb1c2a3f938e87c
39102,selected_fixed,2,46,111,1,1,1,True,96,1.5607273577424188,0.1258960443914989,1.6733900006110933,1.3541938186638636,0.03000000000000001,0.009999999999999998,0.039999999999999994,0.06,0.04,0.16,2,94273bac657e725ecd9b0e7ff44d8ff564d8b6604609ab0d3fb1c2a3f938e87c
39102,selected_fixed,2,47,001,0,0,1,False,96,1.137302337851098,0.08741018635836074,0.49810956383838867,0.8050513784240996,0.03000000000000001,0.009999999999999998,0.039999999999999994,0.0025,0.0025,0.16,0,94273bac657e725ecd9b0e7ff44d8ff564d8b6604609ab0d3fb1c2a3f938e87c
39102,selected_fixed,3,48,001,0,0,1,False,96,0.963985572123539,0.06169291155578779,0.962198431582209,0.493066245167,0.03000000000000001,0.009999999999999998,0.039999999999999994,0.0025,0.0025,0.16,0,94273bac657e725ecd9b0e7ff44d8ff564d8b6604609ab0d3fb1c2a3f938e87c
39102,selected_fixed,3,49,110,1,1,0,True,96,0.19602334625501772,0.02702890829511867,-0.044166025592590835,0.2233507692958533,0.03000000000000001,0.009999999999999998,0.039999999999999994,0.06,0.04,0.01,5,94273bac657e725ecd9b0e7ff44d8ff564d8b6604609ab0d3fb1c2a3f938e87c
39102,selected_fixed,3,50,111,1,1,1,True,96,1.6196683738990927,0.1471026259977216,2.041343783369228,1.4413989574679116,0.03000000000000001,0.009999999999999998,0.039999999999999994,0.06,0.04,0.16,6,94273bac657e725ecd9b0e7ff44d8ff564d8b6604609ab0d3fb1c2a3f938e87c
39102,selected_fixed,3,51,010,0,1,0,False,96,0.2839847694089046,0.025881738979730746,0.30867502558581494,0.4282135668598524,0.03000000000000001,0.009999999999999998,0.039999999999999994,0.0025,0.04,0.01,0,94273bac657e725ecd9b0e7ff44d8ff564d8b6604609ab0d3fb1c2a3f938e87c
39102,selected_fixed,3,52,101,1,0,1,True,96,1.547996385437411,0.14393763902805992,1.553902583788655,1.6813067430518847,0.03000000000000001,0.009999999999999998,0.039999999999999994,0.06,0.0025,0.16,6,94273bac657e725ecd9b0e7ff44d8ff564d8b6604609ab0d3fb1c2a3f938e87c
39102,selected_fixed,3,53,100,1,0,0,False,96,0.20017171581746562,0.004964917461360441,0.03875188428816739,0.09419141186107508,0.03000000000000001,0.009999999999999998,0.039999999999999994,0.06,0.0025,0.01,8,94273bac657e725ecd9b0e7ff44d8ff564d8b6604609ab0d3fb1c2a3f938e87c
39102,selected_fixed,3,54,011,0,1,1,True,96,1.3936153191370622,0.07825565536898453,1.849364289522113,1.5510294313010686,0.03000000000000001,0.009999999999999998,0.039999999999999994,0.0025,0.04,0.16,0,94273bac657e725ecd9b0e7ff44d8ff564d8b6604609ab0d3fb1c2a3f938e87c
39102,selected_fixed,3,55,000,0,0,0,False,96,-0.32606699544812456,0.0054855898617065385,-0.301580279590322,-0.3301181319913278,0.03000000000000001,0.009999999999999998,0.039999999999999994,0.0025,0.0025,0.01,0,94273bac657e725ecd9b0e7ff44d8ff564d8b6604609ab0d3fb1c2a3f938e87c
39102,selected_fixed,3,56,100,1,0,0,False,96,0.06877515324832996,0.005458643377977447,0.03698421478328842,0.3278753048177032,0.03000000000000001,0.009999999999999998,0.039999999999999994,0.06,0.0025,0.01,6,94273bac657e725ecd9b0e7ff44d8ff564d8b6604609ab0d3fb1c2a3f938e87c
39102,selected_fixed,3,57,000,0,0,0,False,96,-0.2809584042784378,0.0032986822471796594,-0.28970641446727785,-0.293069261623473,0.03000000000000001,0.009999999999999998,0.039999999999999994,0.0025,0.0025,0.01,0,94273bac657e725ecd9b0e7ff44d8ff564d8b6604609ab0d3fb1c2a3f938e87c
39102,selected_fixed,3,58,010,0,1,0,False,96,0.12782706794370988,0.019271618047832884,0.22708924167780126,0.2943515546810561,0.03000000000000001,0.009999999999999998,0.039999999999999994,0.0025,0.04,0.01,0,94273bac657e725ecd9b0e7ff44d8ff564d8b6604609ab0d3fb1c2a3f938e87c
39102,selected_fixed,3,59,001,0,0,1,False,96,1.0040633592074222,0.08824950087153798,0.659313080877858,0.5411118688352086,0.03000000000000001,0.009999999999999998,0.039999999999999994,0.0025,0.0025,0.16,0,94273bac657e725ecd9b0e7ff44d8ff564d8b6604609ab0d3fb1c2a3f938e87c
39102,selected_fixed,3,60,101,1,0,1,True,96,1.1519367044322792,0.09302500802012992,1.6294036154025684,0.7475736627938702,0.03000000000000001,0.009999999999999998,0.039999999999999994,0.06,0.0025,0.16,3,94273bac657e725ecd9b0e7ff44d8ff564d8b6604609ab0d3fb1c2a3f938e87c
39102,selected_fixed,3,61,011,0,1,1,True,96,1.3887765952441466,0.11235754756936733,1.2274139265342776,1.4158441471828105,0.03000000000000001,0.009999999999999998,0.039999999999999994,0.0025,0.04,0.16,0,94273bac657e725ecd9b0e7ff44d8ff564d8b6604609ab0d3fb1c2a3f938e87c
39102,selected_fixed,3,62,110,1,1,0,True,96,0.43748486136654224,0.022616315377089777,0.10211029170324012,0.3017000572935159,0.03000000000000001,0.009999999999999998,0.039999999999999994,0.06,0.04,0.01,6,94273bac657e725ecd9b0e7ff44d8ff564d8b6604609ab0d3fb1c2a3f938e87c
39102,selected_fixed,3,63,111,1,1,1,True,96,1.4660426399012216,0.08929168006727302,1.0251012431336417,1.578300008986761,0.03000000000000001,0.009999999999999998,0.039999999999999994,0.06,0.04,0.16,9,94273bac657e725ecd9b0e7ff44d8ff564d8b6604609ab0d3fb1c2a3f938e87c
39102,seen_mode_imm,0,0,010,0,1,0,False,96,0.21747444030010757,0.009642876716999668,0.883787150440469,0.1033997381418434,0.009371829029938451,0.03236190646210326,0.017238565759516256,0.0025,0.04,0.01,1,94273bac657e725ecd9b0e7ff44d8ff564d8b6604609ab0d3fb1c2a3f938e87c
39102,seen_mode_imm,0,1,101,1,0,1,True,96,1.0821173011771832,0.08303006362618227,0.5643475716680981,1.7520527932755003,0.0037704235009288767,0.011607275147398123,0.1191584555505979,0.06,0.0025,0.16,7,94273bac657e725ecd9b0e7ff44d8ff564d8b6604609ab0d3fb1c2a3f938e87c
39102,seen_mode_imm,0,2,001,0,0,1,False,96,0.49723077053365,0.02236452450024312,0.7286257464178685,0.5593702098719973,0.004620652935299278,0.0040076908355445385,0.14189840028105913,0.0025,0.0025,0.16,0,94273bac657e725ecd9b0e7ff44d8ff564d8b6604609ab0d3fb1c2a3f938e87c
39102,seen_mode_imm,0,3,011,0,1,1,True,96,0.9289544937445463,0.06863803962941559,1.111913552899542,1.2932706238101694,0.0033931395516445546,0.003655017728478111,0.15199332118007472,0.0025,0.04,0.16,0,94273bac657e725ecd9b0e7ff44d8ff564d8b6604609ab0d3fb1c2a3f938e87c
39102,seen_mode_imm,0,4,000,0,0,0,False,96,-0.554326787364822,0.004701174309604703,-0.210351006043337,-0.7419634760672713,0.010475882832843043,0.003882006146564858,0.022562360457446803,0.0025,0.0025,0.01,0,94273bac657e725ecd9b0e7ff44d8ff564d8b6604609ab0d3fb1c2a3f938e87c
39102,seen_mode_imm,0,5,100,1,0,0,False,96,-0.21667211038080403,0.006799015913130359,0.1260211358735503,-0.3026381954514118,0.04167816338223371,0.0039050366610812338,0.011396964300567162,0.06,0.0025,0.01,5,94273bac657e725ecd9b0e7ff44d8ff564d8b6604609ab0d3fb1c2a3f938e87c
39102,seen_mode_imm,0,6,111,1,1,1,True,96,1.286040971633377,0.12473213038527607,1.3814287877468794,1.0708080973632896,0.005775020338703336,0.00441348609414289,0.14218219548211744,0.06,0.04,0.16,4,94273bac657e725ecd9b0e7ff44d8ff564d8b6604609ab0d3fb1c2a3f938e87c
39102,seen_mode_imm,0,7,110,1,1,0,True,96,0.2291799966482675,0.019570651824929165,0.27725533781575196,-0.043089477372370906,0.01842383777684552,0.024762734750954002,0.024476500640847016,0.06,0.04,0.01,3,94273bac657e725ecd9b0e7ff44d8ff564d8b6604609ab0d3fb1c2a3f938e87c
39102,seen_mode_imm,0,8,111,1,1,1,True,96,1.4038944127373505,0.09286680989883461,1.0902426519607071,1.5775676755934263,0.00589878870998741,0.0047206850681399065,0.14109318963366674,0.06,0.04,0.16,7,94273bac657e725ecd9b0e7ff44d8ff564d8b6604609ab0d3fb1c2a3f938e87c
39102,seen_mode_imm,0,9,011,0,1,1,True,96,1.130133101732726,0.13754155572889992,1.0285956365055349,1.0251276552824329,0.002948227063291196,0.007523329058480614,0.13773320592638177,0.0025,0.04,0.16,0,94273bac657e725ecd9b0e7ff44d8ff564d8b6604609ab0d3fb1c2a3f938e87c
39102,seen_mode_imm,0,10,001,0,0,1,False,96,0.5257465012879776,0.012344996478144002,0.3997214007633198,0.43261599100310744,0.0036167419385093186,0.0038602384524887754,0.14810703304856354,0.0025,0.0025,0.16,0,94273bac657e725ecd9b0e7ff44d8ff564d8b6604609ab0d3fb1c2a3f938e87c
39102,seen_mode_imm,0,11,100,1,0,0,False,96,-0.23295707964949477,0.0027298018196068273,0.5248287285640327,-0.47567398802128763,0.04635465611705839,0.005040715738086474,0.014738291548266301,0.06,0.0025,0.01,5,94273bac657e725ecd9b0e7ff44d8ff564d8b6604609ab0d3fb1c2a3f938e87c
39102,seen_mode_imm,0,12,110,1,1,0,True,96,0.47387347408155245,0.012755845689917097,0.6913470745459808,0.5270262289424318,0.019294395962113617,0.02612390153364651,0.018342798722658617,0.06,0.04,0.01,6,94273bac657e725ecd9b0e7ff44d8ff564d8b6604609ab0d3fb1c2a3f938e87c
39102,seen_mode_imm,0,13,101,1,0,1,True,96,0.988054141392615,0.09955998867814148,0.8406365679424637,1.0213105592798961,0.006412842846895732,0.004524670282283069,0.13995875537001076,0.06,0.0025,0.16,6,94273bac657e725ecd9b0e7ff44d8ff564d8b6604609ab0d3fb1c2a3f938e87c
39102,seen_mode_imm,0,14,000,0,0,0,False,96,-0.464919850044547,0.003735226133486385,0.0034914690766421966,-0.478130431325118,0.0276683288450488,0.0031798779685809565,0.0184716932764725,0.0025,0.0025,0.01,1,94273bac657e725ecd9b0e7ff44d8ff564d8b6604609ab0d3fb1c2a3f938e87c
39102,seen_mode_imm,0,15,010,0,1,0,False,96,0.1168290207385142,0.007913133407414813,0.15023086509030992,0.16693404723427835,0.0037987718995742352,0.0367852696702366,0.01423772641974582,0.0025,0.04,0.01,0,94273bac657e725ecd9b0e7ff44d8ff564d8b6604609ab0d3fb1c2a3f938e87c
39102,seen_mode_imm,1,16,011,0,1,1,True,96,0.9817440548763079,0.08040821322024888,0.943129882391929,1.0256481473174934,0.0032750176207135794,0.005759859071200851,0.1431658243726125,0.0025,0.04,0.16,0,94273bac657e725ecd9b0e7ff44d8ff564d8b6604609ab0d3fb1c2a3f938e87c
39102,seen_mode_imm,1,17,100,1,0,0,False,96,-0.15931473879616684,0.004866365730319767,-0.42928629733363644,-0.5532467112149305,0.03808425283471493,0.0033898755343571524,0.01673900019705503,0.06,0.0025,0.01,7,94273bac657e725ecd9b0e7ff44d8ff564d8b6604609ab0d3fb1c2a3f938e87c
39102,seen_mode_imm,1,18,101,1,0,1,True,96,1.074898650091886,0.05578647791771236,1.4363125263613898,1.1480189551072002,0.0050464367536500465,0.008631425695566079,0.12679140147803122,0.06,0.0025,0.16,5,94273bac657e725ecd9b0e7ff44d8ff564d8b6604609ab0d3fb1c2a3f938e87c
39102,seen_mode_imm,1,19,110,1,1,0,True,96,0.21488388515703058,0.014488366995215107,0.04674270721967831,-0.10702251882260477,0.011754800369714664,0.028322827777768313,0.0257004191592821,0.06,0.04,0.01,4,94273bac657e725ecd9b0e7ff44d8ff564d8b6604609ab0d3fb1c2a3f938e87c
39102,seen_mode_imm,1,20,000,0,0,0,False,96,-0.734908000138535,0.0041481416192339195,-0.4709691423958455,-0.8297587966312239,0.010139487943469735,0.0059621412504723996,0.010612530794001906,0.0025,0.0025,0.01,0,94273bac657e725ecd9b0e7ff44d8ff564d8b6604609ab0d3fb1c2a3f938e87c
39102,seen_mode_imm,1,21,010,0,1,0,False,96,0.15772433699597452,0.011250608262046406,0.05745972438150543,-0.09368218220076646,0.005406572362611446,0.033012093462716115,0.01853664789954223,0.0025,0.04,0.01,0,94273bac657e725ecd9b0e7ff44d8ff564d8b6604609ab0d3fb1c2a3f938e87c
39102,seen_mode_imm,1,22,111,1,1,1,True,96,1.4996982318783232,0.07764027208889711,1.0357401272741207,0.8221217957651821,0.009069994866293809,0.00782500704361192,0.12038505093444214,0.06,0.04,0.16,10,94273bac657e725ecd9b0e7ff44d8ff564d8b6604609ab0d3fb1c2a3f938e87c
39102,seen_mode_imm,1,23,001,0,0,1,False,96,0.63063791655127,0.022673284654875305,0.6625954567494488,0.81951699730752,0.0033225967594508704,0.0033526987248076027,0.15228506866218142,0.0025,0.0025,0.16,0,94273bac657e725ecd9b0e7ff44d8ff564d8b6604609ab0d3fb1c2a3f938e87c
39102,seen_mode_imm,1,24,110,1,1,0,True,96,0.3440624399337399,0.014189375312803143,0.8004289655595571,0.201928272545431,0.021491867800243588,0.023670845153025515,0.022462667634992203,0.06,0.04,0.01,5,94273bac657e725ecd9b0e7ff44d8ff564d8b6604609ab0d3fb1c2a3f938e87c
39102,seen_mode_imm,1,25,101,1,0,1,True,96,1.136024726235344,0.0789446551174493,0.6481658450543727,1.532889439747592,0.008879701477882829,0.010532354212069743,0.10921071987631749,0.06,0.0025,0.16,7,94273bac657e725ecd9b0e7ff44d8ff564d8b6604609ab0d3fb1c2a3f938e87c
39102,seen_mode_imm,1,26,100,1,0,0,False,96,-0.21266318091819278,0.0049770243775013705,0.46250200398061914,-0.7508896713437552,0.04878562906306427,0.0033223387747672484,0.02126447670509803,0.06,0.0025,0.01,5,94273bac657e725ecd9b0e7ff44d8ff564d8b6604609ab0d3fb1c2a3f938e87c
39102,seen_mode_imm,1,27,011,0,1,1,True,96,0.6939490003300132,0.07057725043635538,0.5442613430353247,0.7508867826118365,0.0062052572128792755,0.0053434019112618795,0.13556055702454695,0.0025,0.04,0.16,0,94273bac657e725ecd9b0e7ff44d8ff564d8b6604609ab0d3fb1c2a3f938e87c
39102,seen_mode_imm,1,28,001,0,0,1,False,96,0.5880726257856251,0.022256892959189586,0.583369525991119,0.9500342299745944,0.004626379096845279,0.003576085988122564,0.14541576198285697,0.0025,0.0025,0.16,0,94273bac657e725ecd9b0e7ff44d8ff564d8b6604609ab0d3fb1c2a3f938e87c
39102,seen_mode_imm,1,29,000,0,0,0,False,96,-0.5478166067147794,0.004025558738633101,-0.035324200100151845,-0.5680839642800812,0.011369297664932667,0.004559270314692198,0.01729534884366291,0.0025,0.0025,0.01,0,94273bac657e725ecd9b0e7ff44d8ff564d8b6604609ab0d3fb1c2a3f938e87c
39102,seen_mode_imm,1,30,111,1,1,1,True,96,1.2000795525154595,0.15902781994261897,1.7094407289385964,1.1790959650645036,0.004242175215552182,0.006332529339116012,0.1391411558866509,0.06,0.04,0.16,8,94273bac657e725ecd9b0e7ff44d8ff564d8b6604609ab0d3fb1c2a3f938e87c
39102,seen_mode_imm,1,31,010,0,1,0,False,96,0.14122004772325678,0.012157292187417906,0.3048675531457765,-0.09858535381093274,0.0042163683377441094,0.0330668577947262,0.028660901335600956,0.0025,0.04,0.01,1,94273bac657e725ecd9b0e7ff44d8ff564d8b6604609ab0d3fb1c2a3f938e87c
39102,seen_mode_imm,2,32,110,1,1,0,True,96,0.4013415827539961,0.017711909504803978,0.7827917360387782,0.06591155264830068,0.008458472562104425,0.03295450467547446,0.01915375944790598,0.06,0.04,0.01,6,94273bac657e725ecd9b0e7ff44d8ff564d8b6604609ab0d3fb1c2a3f938e87c
39102,seen_mode_imm,2,33,101,1,0,1,True,96,0.7041883489016151,0.045054763282973066,0.8862907394922221,0.7911682473797219,0.004535176195881187,0.004960791738238261,0.13952298615278513,0.06,0.0025,0.16,2,94273bac657e725ecd9b0e7ff44d8ff564d8b6604609ab0d3fb1c2a3f938e87c
39102,seen_mode_imm,2,34,111,1,1,1,True,96,1.1660394737700235,0.10414913435946238,1.3918555519848554,1.7418028239196344,0.005443335688613622,0.004712764296413131,0.14190630045743477,0.06,0.04,0.16,3,94273bac657e725ecd9b0e7ff44d8ff564d8b6604609ab0d3fb1c2a3f938e87c
39102,seen_mode_imm,2,35,000,0,0,0,False,96,-0.4183209624654627,0.006200667325902807,-0.3876810554587141,-0.6805251965801564,0.04006756771490186,0.0033761460609855478,0.01806066974558122,0.0025,0.0025,0.01,3,94273bac657e725ecd9b0e7ff44d8ff564d8b6604609ab0d3fb1c2a3f938e87c
39102,seen_mode_imm,2,36,010,0,1,0,False,96,-0.061041066987277244,0.0095446659061563,0.10372413720350386,-0.17345191286976436,0.006477073089434686,0.034915107429042115,0.012217403048418953,0.0025,0.04,0.01,0,94273bac657e725ecd9b0e7ff44d8ff564d8b6604609ab0d3fb1c2a3f938e87c
39102,seen_mode_imm,2,37,100,1,0,0,False,96,-0.27396092642873127,0.009374794254722084,-0.1088930463124198,-0.546760057561376,0.04649011280111085,0.005848389968401276,0.012296606810985577,0.06,0.0025,0.01,4,94273bac657e725ecd9b0e7ff44d8ff564d8b6604609ab0d3fb1c2a3f938e87c
39102,seen_mode_imm,2,38,001,0,0,1,False,96,0.34521597684524363,0.021535334488147446,0.5996935714305671,0.3376064662969773,0.006547827650586101,0.011473511616438094,0.10033115663486235,0.0025,0.0025,0.16,0,94273bac657e725ecd9b0e7ff44d8ff564d8b6604609ab0d3fb1c2a3f938e87c
39102,seen_mode_imm,2,39,011,0,1,1,True,96,0.8653950285345672,0.06633573583819731,0.9636968613425548,1.2419782343675916,0.0035050885492724174,0.0034129185240033256,0.1510248325442246,0.0025,0.04,0.16,0,94273bac657e725ecd9b0e7ff44d8ff564d8b6604609ab0d3fb1c2a3f938e87c
39102,seen_mode_imm,2,40,010,0,1,0,False,96,0.0824403544477622,0.01312760962236681,0.174464709481865,0.017483552727185665,0.008891393320133237,0.03292535259677641,0.016255554444810166,0.0025,0.04,0.01,1,94273bac657e725ecd9b0e7ff44d8ff564d8b6604609ab0d3fb1c2a3f938e87c
39102,seen_mode_imm,2,41,000,0,0,0,False,96,-0.5786178000378136,0.003667457514950833,-0.4416073390372588,-0.7316894270678553,0.009039173207679845,0.008212476868566484,0.010920598642316348,0.0025,0.0025,0.01,0,94273bac657e725ecd9b0e7ff44d8ff564d8b6604609ab0d3fb1c2a3f938e87c
39102,seen_mode_imm,2,42,100,1,0,0,False,96,-0.1876041707146585,0.006674908217808865,-0.13909205747216152,0.5797667973491476,0.03283167751183228,0.00433095559527526,0.014006250247755134,0.06,0.0025,0.01,7,94273bac657e725ecd9b0e7ff44d8ff564d8b6604609ab0d3fb1c2a3f938e87c
39102,seen_mode_imm,2,43,110,1,1,0,True,96,0.4579965412826659,0.013656398166683232,0.30266986731651757,0.6037695599438411,0.010841635172079511,0.031357848451443494,0.01906186691693663,0.06,0.04,0.01,6,94273bac657e725ecd9b0e7ff44d8ff564d8b6604609ab0d3fb1c2a3f938e87c
39102,seen_mode_imm,2,44,011,0,1,1,True,96,0.7987113933289777,0.08523554873054014,1.6191999123011627,0.5193672896671593,0.0034639033026203116,0.00525592358388069,0.14457362156397366,0.0025,0.04,0.16,0,94273bac657e725ecd9b0e7ff44d8ff564d8b6604609ab0d3fb1c2a3f938e87c
39102,seen_mode_imm,2,45,101,1,0,1,True,96,0.8593435700764028,0.018491536136396244,0.6863373349339061,0.5550133132795021,0.0042438457331729065,0.004149183208544014,0.14616868316717166,0.06,0.0025,0.16,3,94273bac657e725ecd9b0e7ff44d8ff564d8b6604609ab0d3fb1c2a3f938e87c
39102,seen_mode_imm,2,46,111,1,1,1,True,96,1.1512847576827065,0.161431124480636,1.3201975106796828,1.2824729408270428,0.0046971436719471975,0.0071762666031460936,0.134648885891992,0.06,0.04,0.16,2,94273bac657e725ecd9b0e7ff44d8ff564d8b6604609ab0d3fb1c2a3f938e87c
39102,seen_mode_imm,2,47,001,0,0,1,False,96,0.598954268549359,0.026724149816294947,0.511219173327329,0.5320551023821422,0.0038649491203330013,0.0034657526245609077,0.14866353969975177,0.0025,0.0025,0.16,0,94273bac657e725ecd9b0e7ff44d8ff564d8b6604609ab0d3fb1c2a3f938e87c
39102,seen_mode_imm,3,48,001,0,0,1,False,96,0.5383021359599184,0.021123035834263896,0.6630286241655154,0.4222550870965014,0.004248501982795248,0.003879350292705077,0.14506581494463963,0.0025,0.0025,0.16,0,94273bac657e725ecd9b0e7ff44d8ff564d8b6604609ab0d3fb1c2a3f938e87c
39102,seen_mode_imm,3,49,110,1,1,0,True,96,0.15889606815609456,0.021171602649821788,0.02649668269049843,0.08350244125050382,0.016553520556338668,0.025320703356043084,0.024647067674969787,0.06,0.04,0.01,5,94273bac657e725ecd9b0e7ff44d8ff564d8b6604609ab0d3fb1c2a3f938e87c
39102,seen_mode_imm,3,50,111,1,1,1,True,96,1.2948482430245887,0.18330994701366368,1.833618328276194,0.9075802482478512,0.003673914674138802,0.005674923397848934,0.14313662222952198,0.06,0.04,0.16,6,94273bac657e725ecd9b0e7ff44d8ff564d8b6604609ab0d3fb1c2a3f938e87c
39102,seen_mode_imm,3,51,010,0,1,0,False,96,0.16666047844970813,0.014922289172086019,0.2191164398384706,0.30528126724639004,0.0033179792456481424,0.03520336405420712,0.024823074643235885,0.0025,0.04,0.01,0,94273bac657e725ecd9b0e7ff44d8ff564d8b6604609ab0d3fb1c2a3f938e87c
39102,seen_mode_imm,3,52,101,1,0,1,True,96,1.0085362211065814,0.09606177162571468,1.2076291684710618,1.1517875359902325,0.0033567693530718195,0.004891580848858612,0.1472130583963757,0.06,0.0025,0.16,6,94273bac657e725ecd9b0e7ff44d8ff564d8b6604609ab0d3fb1c2a3f938e87c
39102,seen_mode_imm,3,53,100,1,0,0,False,96,-0.1380061135253716,0.0043885012551290875,-0.11225648863802934,-0.15164663395475073,0.052356382816457915,0.0030867892884616378,0.01692695275641225,0.06,0.0025,0.01,8,94273bac657e725ecd9b0e7ff44d8ff564d8b6604609ab0d3fb1c2a3f938e87c
39102,seen_mode_imm,3,54,011,0,1,1,True,96,1.0917742579516194,0.12654218349379395,1.7324846340358706,1.3399341430166432,0.005443699846934903,0.0048924416632258085,0.14094308224362428,0.0025,0.04,0.16,0,94273bac657e725ecd9b0e7ff44d8ff564d8b6604609ab0d3fb1c2a3f938e87c
39102,seen_mode_imm,3,55,000,0,0,0,False,96,-0.7143156633014615,0.005794221123028679,-0.37807722643292796,-0.7816157627038698,0.010894710934136109,0.0030705298833479263,0.018753385390536347,0.0025,0.0025,0.01,0,94273bac657e725ecd9b0e7ff44d8ff564d8b6604609ab0d3fb1c2a3f938e87c
39102,seen_mode_imm,3,56,100,1,0,0,False,96,-0.12148465712832986,0.0069776549119250145,-0.3364158050172953,0.6883513149911084,0.04035888899624998,0.004949959889510108,0.012421926097108835,0.06,0.0025,0.01,6,94273bac657e725ecd9b0e7ff44d8ff564d8b6604609ab0d3fb1c2a3f938e87c
39102,seen_mode_imm,3,57,000,0,0,0,False,96,-0.553690118436119,0.003635001246931613,-0.49442894078839866,-0.6305232700834029,0.02027260612091072,0.005218817412422518,0.011767942153621641,0.0025,0.0025,0.01,0,94273bac657e725ecd9b0e7ff44d8ff564d8b6604609ab0d3fb1c2a3f938e87c
39102,seen_mode_imm,3,58,010,0,1,0,False,96,0.11909457959790509,0.008761091265311558,0.24272248231129034,0.30353182749673285,0.004486578607095288,0.03461695558229611,0.014886731941540459,0.0025,0.04,0.01,0,94273bac657e725ecd9b0e7ff44d8ff564d8b6604609ab0d3fb1c2a3f938e87c
39102,seen_mode_imm,3,59,001,0,0,1,False,96,0.604772527633857,0.029710970924113917,0.5239443780287145,0.37271133077332685,0.004221652255192311,0.006630947261083494,0.1362460648850453,0.0025,0.0025,0.16,0,94273bac657e725ecd9b0e7ff44d8ff564d8b6604609ab0d3fb1c2a3f938e87c
39102,seen_mode_imm,3,60,101,1,0,1,True,96,0.8344711192115951,0.05561271603299677,0.8868704682726511,0.46777065226778947,0.004290239310589356,0.003140098139645779,0.15147409829423444,0.06,0.0025,0.16,3,94273bac657e725ecd9b0e7ff44d8ff564d8b6604609ab0d3fb1c2a3f938e87c
39102,seen_mode_imm,3,61,011,0,1,1,True,96,0.8195702646974428,0.035381407401526475,0.6733436177291232,1.261401230312753,0.003072985266216821,0.003388320444158864,0.15349279617060982,0.0025,0.04,0.16,0,94273bac657e725ecd9b0e7ff44d8ff564d8b6604609ab0d3fb1c2a3f938e87c
39102,seen_mode_imm,3,62,110,1,1,0,True,96,0.501525224806027,0.023190694495068494,0.1528765399298304,0.5226567599639401,0.011192604661197402,0.02686803618091037,0.036254618557701034,0.06,0.04,0.01,6,94273bac657e725ecd9b0e7ff44d8ff564d8b6604609ab0d3fb1c2a3f938e87c
39102,seen_mode_imm,3,63,111,1,1,1,True,96,1.2731227331986805,0.09669542475101339,0.7979284161666853,1.4084106260929543,0.007867202628771122,0.007974742508521317,0.12206057063746471,0.06,0.04,0.16,9,94273bac657e725ecd9b0e7ff44d8ff564d8b6604609ab0d3fb1c2a3f938e87c
39102,oracle_factorial_imm,0,0,010,0,1,0,False,96,0.22159889046349387,0.010130479560189453,0.8135738707329323,0.12278397136579121,0.03224556655660377,0.035714936888320115,0.02245502681822244,0.0025,0.04,0.01,1,94273bac657e725ecd9b0e7ff44d8ff564d8b6604609ab0d3fb1c2a3f938e87c
39102,oracle_factorial_imm,0,1,101,1,0,1,True,96,0.9210646964245012,0.06611363552776424,0.5413213586562289,1.3105358685374848,0.038498939793150784,0.02348194387221922,0.13210373717924218,0.06,0.0025,0.16,7,94273bac657e725ecd9b0e7ff44d8ff564d8b6604609ab0d3fb1c2a3f938e87c
39102,oracle_factorial_imm,0,2,001,0,0,1,False,96,0.533583901428413,0.03261408712247337,0.7591157056351641,0.564044284799919,0.03255331336889697,0.011470674565986945,0.14532749471636197,0.0025,0.0025,0.16,0,94273bac657e725ecd9b0e7ff44d8ff564d8b6604609ab0d3fb1c2a3f938e87c
39102,oracle_factorial_imm,0,3,011,0,1,1,True,96,0.8541956708802111,0.06992497362095453,1.0130067629583777,1.0893033593836048,0.012771666829857973,0.029196449059551155,0.15545428140361536,0.0025,0.04,0.16,0,94273bac657e725ecd9b0e7ff44d8ff564d8b6604609ab0d3fb1c2a3f938e87c
39102,oracle_factorial_imm,0,4,000,0,0,0,False,96,-0.5453148661564796,0.0039365976928027145,-0.16735076188618223,-0.740308592582661,0.010303011985501724,0.006589890747024971,0.02275231051072289,0.0025,0.0025,0.01,0,94273bac657e725ecd9b0e7ff44d8ff564d8b6604609ab0d3fb1c2a3f938e87c
39102,oracle_factorial_imm,0,5,100,1,0,0,False,96,-0.20636524406705262,0.007281034726487612,0.15953828143230703,-0.3123183032586746,0.045894941033606064,0.004920106387028735,0.012995204229213747,0.06,0.0025,0.01,5,94273bac657e725ecd9b0e7ff44d8ff564d8b6604609ab0d3fb1c2a3f938e87c
39102,oracle_factorial_imm,0,6,111,1,1,1,True,96,1.014049675622579,0.06991863149573967,0.9953675017361734,1.0034408938211632,0.040167463547089916,0.03311782314807588,0.1504567002382089,0.06,0.04,0.16,4,94273bac657e725ecd9b0e7ff44d8ff564d8b6604609ab0d3fb1c2a3f938e87c
39102,oracle_factorial_imm,0,7,110,1,1,0,True,96,0.19588238216724066,0.012445058499383902,0.2927726622628245,-0.0066231960597432915,0.05121845508112451,0.03252323195184188,0.029729880911402305,0.06,0.04,0.01,3,94273bac657e725ecd9b0e7ff44d8ff564d8b6604609ab0d3fb1c2a3f938e87c
39102,oracle_factorial_imm,0,8,111,1,1,1,True,96,1.200886845591837,0.0838125918511628,0.9062995875454342,1.2875981408809363,0.04692911823347009,0.02840425825064558,0.15012567398228369,0.06,0.04,0.16,7,94273bac657e725ecd9b0e7ff44d8ff564d8b6604609ab0d3fb1c2a3f938e87c
39102,oracle_factorial_imm,0,9,011,0,1,1,True,96,0.8786900111042719,0.07454145345851439,0.98375264530159,0.711859611452389,0.03283323620295492,0.03500243280329546,0.15402319920443316,0.0025,0.04,0.16,0,94273bac657e725ecd9b0e7ff44d8ff564d8b6604609ab0d3fb1c2a3f938e87c
39102,oracle_factorial_imm,0,10,001,0,0,1,False,96,0.5662819776896154,0.02160953688422392,0.478501162091006,0.44177795042809026,0.008301528990141492,0.01950633783485144,0.14999036414174136,0.0025,0.0025,0.16,0,94273bac657e725ecd9b0e7ff44d8ff564d8b6604609ab0d3fb1c2a3f938e87c
39102,oracle_factorial_imm,0,11,100,1,0,0,False,96,-0.22255585456980698,0.0026643262268778284,0.5667379359187996,-0.481773696537808,0.05144388664742172,0.005757376909492163,0.01757690351860108,0.06,0.0025,0.01,5,94273bac657e725ecd9b0e7ff44d8ff564d8b6604609ab0d3fb1c2a3f938e87c
39102,oracle_factorial_imm,0,12,110,1,1,0,True,96,0.4028945131143253,0.010044915421459995,0.6864844084708751,0.3258950173081659,0.05038155209288849,0.030936300550792953,0.02167281552780971,0.06,0.04,0.01,6,94273bac657e725ecd9b0e7ff44d8ff564d8b6604609ab0d3fb1c2a3f938e87c
39102,oracle_factorial_imm,0,13,101,1,0,1,True,96,0.8901462203318902,0.08501372699960481,0.850626394908141,0.8709851977214355,0.04938407764152356,0.013075428530928601,0.14864515577244256,0.06,0.0025,0.16,6,94273bac657e725ecd9b0e7ff44d8ff564d8b6604609ab0d3fb1c2a3f938e87c
39102,oracle_factorial_imm,0,14,000,0,0,0,False,96,-0.44826677876460125,0.003827613403628286,0.07493495791285171,-0.47445553219972725,0.03239701899220004,0.0035563913629637713,0.01984206140182726,0.0025,0.0025,0.01,1,94273bac657e725ecd9b0e7ff44d8ff564d8b6604609ab0d3fb1c2a3f938e87c
39102,oracle_factorial_imm,0,15,010,0,1,0,False,96,0.12493057986474536,0.008091366143148097,0.1724637125210164,0.17152340908554797,0.01260087023319612,0.037466635739347304,0.017523914632393667,0.0025,0.04,0.01,0,94273bac657e725ecd9b0e7ff44d8ff564d8b6604609ab0d3fb1c2a3f938e87c
39102,oracle_factorial_imm,1,16,011,0,1,1,True,96,0.8821336495375233,0.06275800813188868,0.890365222872316,0.8299193530184329,0.01373382711604638,0.03399946006408345,0.15089999982106675,0.0025,0.04,0.16,0,94273bac657e725ecd9b0e7ff44d8ff564d8b6604609ab0d3fb1c2a3f938e87c
39102,oracle_factorial_imm,1,17,100,1,0,0,False,96,-0.15156168068685272,0.005275418561457426,-0.40597618127256224,-0.5465603122229894,0.04034011708144216,0.005352376674659397,0.019303654071611345,0.06,0.0025,0.01,7,94273bac657e725ecd9b0e7ff44d8ff564d8b6604609ab0d3fb1c2a3f938e87c
39102,oracle_factorial_imm,1,18,101,1,0,1,True,96,0.9428260665850466,0.04095905182675109,1.3014460777949461,0.9766191172644061,0.047498527485993314,0.01614681302346314,0.137216464659472,0.06,0.0025,0.16,5,94273bac657e725ecd9b0e7ff44d8ff564d8b6604609ab0d3fb1c2a3f938e87c
39102,oracle_factorial_imm,1,19,110,1,1,0,True,96,0.1756640391621751,0.013169618082923842,0.08470882995785732,-0.06548764437758539,0.048934720771879464,0.03371048882142602,0.02641590855322022,0.06,0.04,0.01,4,94273bac657e725ecd9b0e7ff44d8ff564d8b6604609ab0d3fb1c2a3f938e87c
39102,oracle_factorial_imm,1,20,000,0,0,0,False,96,-0.7267751259196752,0.004170118138515974,-0.43474651297885625,-0.8276508107644758,0.01279323529999444,0.0062368511392843495,0.011075648058303786,0.0025,0.0025,0.01,0,94273bac657e725ecd9b0e7ff44d8ff564d8b6604609ab0d3fb1c2a3f938e87c
39102,oracle_factorial_imm,1,21,010,0,1,0,False,96,0.16625371508089645,0.01151126608714405,0.07716903213688564,-0.08863429426976599,0.013744532975138094,0.034021593106837944,0.022346006895480594,0.0025,0.04,0.01,0,94273bac657e725ecd9b0e7ff44d8ff564d8b6604609ab0d3fb1c2a3f938e87c
39102,oracle_factorial_imm,1,22,111,1,1,1,True,96,1.2309577889725372,0.06953360609846758,0.8591159814827382,0.8026964715745926,0.04838675461782812,0.03459629624519082,0.13894756037045622,0.06,0.04,0.16,10,94273bac657e725ecd9b0e7ff44d8ff564d8b6604609ab0d3fb1c2a3f938e87c
39102,oracle_factorial_imm,1,23,001,0,0,1,False,96,0.6509910385006317,0.02738552983813797,0.6735026773069475,0.817468974964879,0.022909219220917112,0.018942609755849403,0.15320219048701142,0.0025,0.0025,0.16,0,94273bac657e725ecd9b0e7ff44d8ff564d8b6604609ab0d3fb1c2a3f938e87c
39102,oracle_factorial_imm,1,24,110,1,1,0,True,96,0.29878445669508424,0.013772206927569095,0.6874976405787263,0.19723855770794613,0.04607902252266274,0.035332616825265555,0.024691451578663797,0.06,0.04,0.01,5,94273bac657e725ecd9b0e7ff44d8ff564d8b6604609ab0d3fb1c2a3f938e87c
39102,oracle_factorial_imm,1,25,101,1,0,1,True,96,0.9872448352787125,0.08329672405487791,0.6023764202984309,1.2977847735757932,0.04569028726627137,0.029644390688856815,0.10896797176690072,0.06,0.0025,0.16,7,94273bac657e725ecd9b0e7ff44d8ff564d8b6604609ab0d3fb1c2a3f938e87c
39102,oracle_factorial_imm,1,26,100,1,0,0,False,96,-0.20266731718637243,0.005737744398651624,0.46648520350574435,-0.7440886611662126,0.054176822240358045,0.006985472501434348,0.027452725548185574,0.06,0.0025,0.01,5,94273bac657e725ecd9b0e7ff44d8ff564d8b6604609ab0d3fb1c2a3f938e87c
39102,oracle_factorial_imm,1,27,011,0,1,1,True,96,0.6602475023293788,0.045518215253086323,0.5429375035681208,0.723431157549066,0.03187381542373335,0.01673234059943122,0.13768302745798985,0.0025,0.04,0.16,0,94273bac657e725ecd9b0e7ff44d8ff564d8b6604609ab0d3fb1c2a3f938e87c
39102,oracle_factorial_imm,1,28,001,0,0,1,False,96,0.5972209860497694,0.0256062922869232,0.5098774334601489,0.9487649563626099,0.024800048750679548,0.007146110482195138,0.14947400799933333,0.0025,0.0025,0.16,0,94273bac657e725ecd9b0e7ff44d8ff564d8b6604609ab0d3fb1c2a3f938e87c
39102,oracle_factorial_imm,1,29,000,0,0,0,False,96,-0.537202414761064,0.004015528352982519,0.004373522276849992,-0.565844416454909,0.011672980706095043,0.0049008537422881365,0.01927954537489135,0.0025,0.0025,0.01,0,94273bac657e725ecd9b0e7ff44d8ff564d8b6604609ab0d3fb1c2a3f938e87c
39102,oracle_factorial_imm,1,30,111,1,1,1,True,96,0.9668982184157916,0.10667414447267305,1.401281994008253,0.94463974729548,0.03820796682365276,0.032673740825898696,0.15195740059964782,0.06,0.04,0.16,8,94273bac657e725ecd9b0e7ff44d8ff564d8b6604609ab0d3fb1c2a3f938e87c
39102,oracle_factorial_imm,1,31,010,0,1,0,False,96,0.1482174914358589,0.008159255198450998,0.32033945881034653,-0.07114591771820825,0.0209670054566861,0.037188356625810444,0.03409374072102139,0.0025,0.04,0.01,1,94273bac657e725ecd9b0e7ff44d8ff564d8b6604609ab0d3fb1c2a3f938e87c
39102,oracle_factorial_imm,2,32,110,1,1,0,True,96,0.3265185823015007,0.013868800862571778,0.695089248620054,0.10669409273445887,0.048673867225077695,0.037404381494227125,0.022048884459048384,0.06,0.04,0.01,6,94273bac657e725ecd9b0e7ff44d8ff564d8b6604609ab0d3fb1c2a3f938e87c
39102,oracle_factorial_imm,2,33,101,1,0,1,True,96,0.6940746404998457,0.050766651123511884,0.8866546795246991,0.7274030346639356,0.02049536334929868,0.009646314048559835,0.1426793830320359,0.06,0.0025,0.16,2,94273bac657e725ecd9b0e7ff44d8ff564d8b6604609ab0d3fb1c2a3f938e87c
39102,oracle_factorial_imm,2,34,111,1,1,1,True,96,0.948660446318064,0.06882358624811002,1.01821002368912,1.3320051369025125,0.04759342085033796,0.032303170080655974,0.15371102953670124,0.06,0.04,0.16,3,94273bac657e725ecd9b0e7ff44d8ff564d8b6604609ab0d3fb1c2a3f938e87c
39102,oracle_factorial_imm,2,35,000,0,0,0,False,96,-0.40950707582604573,0.00535493040202304,-0.37087811054716135,-0.6690664483845057,0.045703318052765805,0.00497853226722264,0.018413529036777555,0.0025,0.0025,0.01,3,94273bac657e725ecd9b0e7ff44d8ff564d8b6604609ab0d3fb1c2a3f938e87c
39102,oracle_factorial_imm,2,36,010,0,1,0,False,96,-0.0527496527063763,0.009542131928294553,0.12004015617141295,-0.1722320945891822,0.013815853951001896,0.03557350626114268,0.013954086437278057,0.0025,0.04,0.01,0,94273bac657e725ecd9b0e7ff44d8ff564d8b6604609ab0d3fb1c2a3f938e87c
39102,oracle_factorial_imm,2,37,100,1,0,0,False,96,-0.2609171591111053,0.011107131791762726,-0.06036196754197201,-0.5347705180085933,0.05010890659453595,0.0068237470300872086,0.014401106376842299,0.06,0.0025,0.01,4,94273bac657e725ecd9b0e7ff44d8ff564d8b6604609ab0d3fb1c2a3f938e87c
39102,oracle_factorial_imm,2,38,001,0,0,1,False,96,0.35497008611173,0.02092230889952347,0.6132014856198881,0.337536087834406,0.016349557066524915,0.013539577518772805,0.10699596836841947,0.0025,0.0025,0.16,0,94273bac657e725ecd9b0e7ff44d8ff564d8b6604609ab0d3fb1c2a3f938e87c
39102,oracle_factorial_imm,2,39,011,0,1,1,True,96,0.8244446944055799,0.055447836309843124,0.9456305181400628,1.0066758944644758,0.013618776388714367,0.01223224057162177,0.15343697264867726,0.0025,0.04,0.16,0,94273bac657e725ecd9b0e7ff44d8ff564d8b6604609ab0d3fb1c2a3f938e87c
39102,oracle_factorial_imm,2,40,010,0,1,0,False,96,0.10390255041327161,0.013232134236983729,0.27467871117788406,0.0219527429818063,0.02267393013330161,0.03679175478031068,0.0283675787570854,0.0025,0.04,0.01,1,94273bac657e725ecd9b0e7ff44d8ff564d8b6604609ab0d3fb1c2a3f938e87c
39102,oracle_factorial_imm,2,41,000,0,0,0,False,96,-0.5686901258892059,0.003752641718063931,-0.40238879918435366,-0.7292798260290483,0.008917763409124098,0.009374912624809375,0.011511934118956206,0.0025,0.0025,0.01,0,94273bac657e725ecd9b0e7ff44d8ff564d8b6604609ab0d3fb1c2a3f938e87c
39102,oracle_factorial_imm,2,42,100,1,0,0,False,96,-0.17857668429312165,0.007601196771622507,-0.12621727140447897,0.5879171763021017,0.03109793451321836,0.006080209765281753,0.01713006582180473,0.06,0.0025,0.01,7,94273bac657e725ecd9b0e7ff44d8ff564d8b6604609ab0d3fb1c2a3f938e87c
39102,oracle_factorial_imm,2,43,110,1,1,0,True,96,0.3715877615607401,0.009169913766739974,0.27808731232979356,0.4812843339915204,0.05111832183181605,0.03559719865556701,0.01759544715513965,0.06,0.04,0.01,6,94273bac657e725ecd9b0e7ff44d8ff564d8b6604609ab0d3fb1c2a3f938e87c
39102,oracle_factorial_imm,2,44,011,0,1,1,True,96,0.7161301049829328,0.058495906182600234,1.140556566493021,0.4393696945759069,0.022249889061955973,0.03085760197558372,0.14687833863483354,0.0025,0.04,0.16,0,94273bac657e725ecd9b0e7ff44d8ff564d8b6604609ab0d3fb1c2a3f938e87c
39102,oracle_factorial_imm,2,45,101,1,0,1,True,96,0.8471699371686509,0.025413819048045422,0.6509460602115682,0.6106571203601908,0.03955590181816296,0.014063500087746513,0.1493179165814784,0.06,0.0025,0.16,3,94273bac657e725ecd9b0e7ff44d8ff564d8b6604609ab0d3fb1c2a3f938e87c
39102,oracle_factorial_imm,2,46,111,1,1,1,True,96,0.9668720846603202,0.11025957093605421,1.023075254557558,0.8933579226657784,0.033665191538679064,0.02862514722984263,0.1533592534230766,0.06,0.04,0.16,2,94273bac657e725ecd9b0e7ff44d8ff564d8b6604609ab0d3fb1c2a3f938e87c
39102,oracle_factorial_imm,2,47,001,0,0,1,False,96,0.617858780817329,0.029270401494140327,0.47886162451182746,0.5323343759430286,0.015381173098610127,0.01628886851672943,0.1506533901319452,0.0025,0.0025,0.16,0,94273bac657e725ecd9b0e7ff44d8ff564d8b6604609ab0d3fb1c2a3f938e87c
39102,oracle_factorial_imm,3,48,001,0,0,1,False,96,0.5467752549688908,0.02301359518062632,0.6739101796004334,0.4239565744279231,0.011584867603180024,0.008123831910839405,0.14848565596518568,0.0025,0.0025,0.16,0,94273bac657e725ecd9b0e7ff44d8ff564d8b6604609ab0d3fb1c2a3f938e87c
39102,oracle_factorial_imm,3,49,110,1,1,0,True,96,0.1313117492793535,0.01928252477230139,0.05168826255123886,-0.02035809905377106,0.03364855459973835,0.03106557796935656,0.028029755312785523,0.06,0.04,0.01,5,94273bac657e725ecd9b0e7ff44d8ff564d8b6604609ab0d3fb1c2a3f938e87c
39102,oracle_factorial_imm,3,50,111,1,1,1,True,96,1.080402539231355,0.1478412676518109,1.5359212062371577,0.8236979524803252,0.05176245768993454,0.03411313733772935,0.15139600681814425,0.06,0.04,0.16,6,94273bac657e725ecd9b0e7ff44d8ff564d8b6604609ab0d3fb1c2a3f938e87c
39102,oracle_factorial_imm,3,51,010,0,1,0,False,96,0.17375317384874267,0.010629932863706762,0.23457250507531158,0.30366555199393885,0.015407555139698015,0.03806039384023805,0.027137714070937503,0.0025,0.04,0.01,0,94273bac657e725ecd9b0e7ff44d8ff564d8b6604609ab0d3fb1c2a3f938e87c
39102,oracle_factorial_imm,3,52,101,1,0,1,True,96,0.9325400490141756,0.09039282045414403,1.1445017847959318,1.1293598576809767,0.02284509015967026,0.02910976464120933,0.15295449781132373,0.06,0.0025,0.16,6,94273bac657e725ecd9b0e7ff44d8ff564d8b6604609ab0d3fb1c2a3f938e87c
39102,oracle_factorial_imm,3,53,100,1,0,0,False,96,-0.12748432054699807,0.004251828866806869,-0.06098407666819211,-0.15017492453979137,0.05538526722776447,0.003952574665127066,0.018492507660603872,0.06,0.0025,0.01,8,94273bac657e725ecd9b0e7ff44d8ff564d8b6604609ab0d3fb1c2a3f938e87c
39102,oracle_factorial_imm,3,54,011,0,1,1,True,96,0.8357909298217135,0.06417884051063372,1.147398503385632,0.8679578839353388,0.02103737197085855,0.034554522595503616,0.14747841698144568,0.0025,0.04,0.16,0,94273bac657e725ecd9b0e7ff44d8ff564d8b6604609ab0d3fb1c2a3f938e87c
39102,oracle_factorial_imm,3,55,000,0,0,0,False,96,-0.7114236328113389,0.005456032905524076,-0.3724662248017374,-0.7793038521440542,0.010271220398348945,0.004981468902926828,0.018438495064945847,0.0025,0.0025,0.01,0,94273bac657e725ecd9b0e7ff44d8ff564d8b6604609ab0d3fb1c2a3f938e87c
39102,oracle_factorial_imm,3,56,100,1,0,0,False,96,-0.12516357976038955,0.006625914587811599,-0.3181882957467383,0.6022902728849693,0.04407050068837518,0.007168454961518353,0.01398781653876574,0.06,0.0025,0.01,6,94273bac657e725ecd9b0e7ff44d8ff564d8b6604609ab0d3fb1c2a3f938e87c
39102,oracle_factorial_imm,3,57,000,0,0,0,False,96,-0.5403191207275772,0.003769407039070813,-0.42690198621638964,-0.6283832461535911,0.021761409560361128,0.006448357332006085,0.012751911310476241,0.0025,0.0025,0.01,0,94273bac657e725ecd9b0e7ff44d8ff564d8b6604609ab0d3fb1c2a3f938e87c
39102,oracle_factorial_imm,3,58,010,0,1,0,False,96,0.12581783737913194,0.00929327992181681,0.2609340986028035,0.2974823126411482,0.01348087873249842,0.03581119949046869,0.018928521959944343,0.0025,0.04,0.01,0,94273bac657e725ecd9b0e7ff44d8ff564d8b6604609ab0d3fb1c2a3f938e87c
39102,oracle_factorial_imm,3,59,001,0,0,1,False,96,0.6126879371126687,0.030880574576140244,0.5218557990484984,0.39930066524568025,0.015566531162978814,0.015241454565719008,0.13880268225335862,0.0025,0.0025,0.16,0,94273bac657e725ecd9b0e7ff44d8ff564d8b6604609ab0d3fb1c2a3f938e87c
39102,oracle_factorial_imm,3,60,101,1,0,1,True,96,0.7897418424549859,0.048999177108659676,0.8861772882266009,0.5262305608544852,0.029764144131414556,0.015269707159961935,0.1552088054679977,0.06,0.0025,0.16,3,94273bac657e725ecd9b0e7ff44d8ff564d8b6604609ab0d3fb1c2a3f938e87c
39102,oracle_factorial_imm,3,61,011,0,1,1,True,96,0.7874958376343478,0.041553147179022115,0.7223043067209781,0.9812956266786916,0.022331912591248716,0.014566362933370824,0.1552232667503928,0.0025,0.04,0.16,0,94273bac657e725ecd9b0e7ff44d8ff564d8b6604609ab0d3fb1c2a3f938e87c
39102,oracle_factorial_imm,3,62,110,1,1,0,True,96,0.4151015971969945,0.014170063265273694,0.17720306741000072,0.3843191080320234,0.041174246098292254,0.036663193074123634,0.0339060490607903,0.06,0.04,0.01,6,94273bac657e725ecd9b0e7ff44d8ff564d8b6604609ab0d3fb1c2a3f938e87c
39102,oracle_factorial_imm,3,63,111,1,1,1,True,96,1.0731982400397644,0.08565152503681729,0.8428914274164344,1.1550264760644513,0.04742952078624793,0.015575855813925584,0.14679579234976056,0.06,0.04,0.16,9,94273bac657e725ecd9b0e7ff44d8ff564d8b6604609ab0d3fb1c2a3f938e87c
39102,factorized,0,0,010,0,1,0,False,96,0.29151520073103193,0.017442445200482052,0.6911622894609549,0.34635644411324107,0.01563359930950714,0.01242015057363883,0.041616581253144394,0.0025,0.04,0.01,1,94273bac657e725ecd9b0e7ff44d8ff564d8b6604609ab0d3fb1c2a3f938e87c
39102,factorized,0,1,101,1,0,1,True,96,0.9347284383105071,0.06672933940011865,0.4243829957972663,1.3904130110007609,0.01623622531526199,0.03827362846879145,0.11751348284344813,0.06,0.0025,0.16,7,94273bac657e725ecd9b0e7ff44d8ff564d8b6604609ab0d3fb1c2a3f938e87c
39102,factorized,0,2,001,0,0,1,False,96,0.6097461103971324,0.051656543320263,0.7759435221411921,0.7409050322052096,0.031363250594742424,0.036066631107108955,0.09711182281546,0.0025,0.0025,0.16,0,94273bac657e725ecd9b0e7ff44d8ff564d8b6604609ab0d3fb1c2a3f938e87c
39102,factorized,0,3,011,0,1,1,True,96,0.8696246913299075,0.0777520548481009,0.8762171701766721,1.1579355448293387,0.018268209858926156,0.05854269218011584,0.14947595115881843,0.0025,0.04,0.16,0,94273bac657e725ecd9b0e7ff44d8ff564d8b6604609ab0d3fb1c2a3f938e87c
39102,factorized,0,4,000,0,0,0,False,96,-0.4527430279755094,0.00411111167141962,0.09041218811628134,-0.7278197034281467,0.009135104727229136,0.010251668638977742,0.02572354607347227,0.0025,0.0025,0.01,0,94273bac657e725ecd9b0e7ff44d8ff564d8b6604609ab0d3fb1c2a3f938e87c
39102,factorized,0,5,100,1,0,0,False,96,-0.1708131334951585,0.005477410116448266,0.15271654897628578,-0.3066903010985583,0.028163076090011202,0.0035488327286525533,0.008885413947399636,0.06,0.0025,0.01,5,94273bac657e725ecd9b0e7ff44d8ff564d8b6604609ab0d3fb1c2a3f938e87c
39102,factorized,0,6,111,1,1,1,True,96,1.4093870190879019,0.08562219967002276,2.7040166146226596,1.0460486007280818,0.10446850792718097,0.04225166526025981,0.10399715391998232,0.06,0.04,0.16,4,94273bac657e725ecd9b0e7ff44d8ff564d8b6604609ab0d3fb1c2a3f938e87c
39102,factorized,0,7,110,1,1,0,True,96,0.24745173614003535,0.012711038391960035,0.4279955390984288,0.2070010338674397,0.09213691100409964,0.016135804290768267,0.04004405673262675,0.06,0.04,0.01,3,94273bac657e725ecd9b0e7ff44d8ff564d8b6604609ab0d3fb1c2a3f938e87c
39102,factorized,0,8,111,1,1,1,True,96,1.166196166759459,0.08190639234540345,0.8004939055952948,1.2974888524233144,0.06968673675586344,0.06329863879372392,0.15700489960075373,0.06,0.04,0.16,7,94273bac657e725ecd9b0e7ff44d8ff564d8b6604609ab0d3fb1c2a3f938e87c
39102,factorized,0,9,011,0,1,1,True,96,0.9173735894263619,0.07267285099495831,1.0267147884746999,0.7558417664518393,0.05584960522886042,0.06249906052545757,0.15648184561064907,0.0025,0.04,0.16,0,94273bac657e725ecd9b0e7ff44d8ff564d8b6604609ab0d3fb1c2a3f938e87c
39102,factorized,0,10,001,0,0,1,False,96,0.6858399059173995,0.039455808495991,0.5007399643014239,0.715475102758997,0.023284649184339905,0.04567346654152885,0.1143516095234066,0.0025,0.0025,0.16,0,94273bac657e725ecd9b0e7ff44d8ff564d8b6604609ab0d3fb1c2a3f938e87c
39102,factorized,0,11,100,1,0,0,False,96,-0.14947649734159546,0.0031514416277144287,0.8528086279949094,-0.5333407154101327,0.032649552091790664,0.008363971092769304,0.020990193448093344,0.06,0.0025,0.01,5,94273bac657e725ecd9b0e7ff44d8ff564d8b6604609ab0d3fb1c2a3f938e87c
39102,factorized,0,12,110,1,1,0,True,96,0.5007233370097457,0.015004826137924943,0.8785925708406506,0.4165429962842201,0.061385999812459874,0.011116206460644153,0.027706873882956062,0.06,0.04,0.01,6,94273bac657e725ecd9b0e7ff44d8ff564d8b6604609ab0d3fb1c2a3f938e87c
39102,factorized,0,13,101,1,0,1,True,96,0.9332316918718568,0.09401947681653612,0.8434905266013544,0.870115723509908,0.06620598525184303,0.0453676197675749,0.11215030416283141,0.06,0.0025,0.16,6,94273bac657e725ecd9b0e7ff44d8ff564d8b6604609ab0d3fb1c2a3f938e87c
39102,factorized,0,14,000,0,0,0,False,96,-0.35009338621092684,0.003968702149670734,0.3367851603757104,-0.4132346541837918,0.047299136561958936,0.00786735989477807,0.019677919362958016,0.0025,0.0025,0.01,1,94273bac657e725ecd9b0e7ff44d8ff564d8b6604609ab0d3fb1c2a3f938e87c
39102,factorized,0,15,010,0,1,0,False,96,0.22198752841232086,0.015796886730092805,0.15709326993322142,0.15330977870994947,0.02526364088177754,0.014667165067248404,0.036645854931366524,0.0025,0.04,0.01,0,94273bac657e725ecd9b0e7ff44d8ff564d8b6604609ab0d3fb1c2a3f938e87c
39102,factorized,1,16,011,0,1,1,True,96,0.9240758286924061,0.06309471303773233,0.966839065487467,0.8883841567658165,0.009283790402257387,0.031108142663051373,0.17148664714936598,0.0025,0.04,0.16,0,94273bac657e725ecd9b0e7ff44d8ff564d8b6604609ab0d3fb1c2a3f938e87c
39102,factorized,1,17,100,1,0,0,False,96,0.016080103032441007,0.004364977108199873,0.07442894743538869,-0.45670905355821834,0.025239155620046333,0.00892405272250705,0.027383504028277092,0.06,0.0025,0.01,7,94273bac657e725ecd9b0e7ff44d8ff564d8b6604609ab0d3fb1c2a3f938e87c
39102,factorized,1,18,101,1,0,1,True,96,1.1820538425231222,0.07323696007025401,2.330577462385875,1.0384030324109852,0.08532056251856478,0.03304310020298373,0.0857726230979528,0.06,0.0025,0.16,5,94273bac657e725ecd9b0e7ff44d8ff564d8b6604609ab0d3fb1c2a3f938e87c
39102,factorized,1,19,110,1,1,0,True,96,0.22260097697601122,0.017115992076712987,0.09576618648721394,-0.13060382008834426,0.0820030056416387,0.014211385277106395,0.03562302328577302,0.06,0.04,0.01,4,94273bac657e725ecd9b0e7ff44d8ff564d8b6604609ab0d3fb1c2a3f938e87c
39102,factorized,1,20,000,0,0,0,False,96,-0.7129273739873833,0.004384561286265966,-0.5132826766987904,-0.75469540738224,0.044760171191171226,0.0031376506333780064,0.007844207461287169,0.0025,0.0025,0.01,0,94273bac657e725ecd9b0e7ff44d8ff564d8b6604609ab0d3fb1c2a3f938e87c
39102,factorized,1,21,010,0,1,0,False,96,0.255575474088682,0.019499161054067803,0.04447940802067474,-0.02143361211430159,0.02817744068330653,0.015295504637832058,0.03820848439467865,0.0025,0.04,0.01,0,94273bac657e725ecd9b0e7ff44d8ff564d8b6604609ab0d3fb1c2a3f938e87c
39102,factorized,1,22,111,1,1,1,True,96,1.2779819507585117,0.07440054676988898,0.962102871972862,0.8425984339715044,0.04237191889605748,0.06104557261146579,0.15615590474475022,0.06,0.04,0.16,10,94273bac657e725ecd9b0e7ff44d8ff564d8b6604609ab0d3fb1c2a3f938e87c
39102,factorized,1,23,001,0,0,1,False,96,0.744424442902651,0.06732929035688733,0.674276640856126,0.9046341819195923,0.054680953696127556,0.041014987267372204,0.10371400957104576,0.0025,0.0025,0.16,0,94273bac657e725ecd9b0e7ff44d8ff564d8b6604609ab0d3fb1c2a3f938e87c
39102,factorized,1,24,110,1,1,0,True,96,0.2994271249755316,0.016542552088764637,0.6366722128162283,0.12020362849172095,0.052053353639098486,0.016076648275455793,0.040165631845050176,0.06,0.04,0.01,5,94273bac657e725ecd9b0e7ff44d8ff564d8b6604609ab0d3fb1c2a3f938e87c
39102,factorized,1,25,101,1,0,1,True,96,1.0088596102772607,0.09897793932676874,0.6314272762295507,1.3175895755821894,0.07902217130864052,0.043155529437590524,0.10575042229611493,0.06,0.0025,0.16,7,94273bac657e725ecd9b0e7ff44d8ff564d8b6604609ab0d3fb1c2a3f938e87c
39102,factorized,1,26,100,1,0,0,False,96,-0.11632808976773618,0.0050155659167890046,0.5502566538793603,-0.758035552336634,0.0784811422889734,0.011832452378020207,0.029337774606142102,0.06,0.0025,0.01,5,94273bac657e725ecd9b0e7ff44d8ff564d8b6604609ab0d3fb1c2a3f938e87c
39102,factorized,1,27,011,0,1,1,True,96,0.7305678437602655,0.05370266811356339,0.6584267773384789,0.8064513006466278,0.06319243941851367,0.032462339817417744,0.08050480431707115,0.0025,0.04,0.16,0,94273bac657e725ecd9b0e7ff44d8ff564d8b6604609ab0d3fb1c2a3f938e87c
39102,factorized,1,28,001,0,0,1,False,96,0.7562292452821389,0.07105161895361821,0.5825028272634385,1.1395193072321728,0.05262615310349903,0.03879701557373811,0.09617256622264271,0.0025,0.0025,0.16,0,94273bac657e725ecd9b0e7ff44d8ff564d8b6604609ab0d3fb1c2a3f938e87c
39102,factorized,1,29,000,0,0,0,False,96,-0.4642878921901234,0.004395309098140129,0.10076042308176777,-0.5515855616077776,0.03492509095349045,0.008900529018526579,0.022132807513755685,0.0025,0.0025,0.01,0,94273bac657e725ecd9b0e7ff44d8ff564d8b6604609ab0d3fb1c2a3f938e87c
39102,factorized,1,30,111,1,1,1,True,96,1.3749372055179574,0.1659127287221617,2.8680310779963336,1.0679059790898928,0.13017616150726152,0.021591587409225583,0.0526698835332183,0.06,0.04,0.16,8,94273bac657e725ecd9b0e7ff44d8ff564d8b6604609ab0d3fb1c2a3f938e87c
39102,factorized,1,31,010,0,1,0,False,96,0.22998394726701557,0.013599123312598632,0.33985822771972096,0.06728047011385577,0.10411468104052117,0.0178384973524633,0.04394168682664253,0.0025,0.04,0.01,1,94273bac657e725ecd9b0e7ff44d8ff564d8b6604609ab0d3fb1c2a3f938e87c
39102,factorized,2,32,110,1,1,0,True,96,0.4801718881610477,0.02768233665278839,0.9257230159049996,0.1359696298984805,0.024426907340982806,0.013207063634666874,0.04655160405810995,0.06,0.04,0.01,6,94273bac657e725ecd9b0e7ff44d8ff564d8b6604609ab0d3fb1c2a3f938e87c
39102,factorized,2,33,101,1,0,1,True,96,0.7743777240864492,0.07014293153359273,0.9878044229022688,0.6937222487146963,0.029980851826975685,0.03070534885375221,0.08933901031065761,0.06,0.0025,0.16,2,94273bac657e725ecd9b0e7ff44d8ff564d8b6604609ab0d3fb1c2a3f938e87c
39102,factorized,2,34,111,1,1,1,True,96,0.97114680951312,0.07909732455512132,1.0857009329075615,1.3605131823977494,0.05228491876075011,0.04664275820534184,0.11990525335351598,0.06,0.04,0.16,3,94273bac657e725ecd9b0e7ff44d8ff564d8b6604609ab0d3fb1c2a3f938e87c
39102,factorized,2,35,000,0,0,0,False,96,-0.27928338462096486,0.005047226591211025,0.1524721439862112,-0.6186594301084793,0.05132326472230298,0.011087009091471964,0.027766350472556878,0.0025,0.0025,0.01,3,94273bac657e725ecd9b0e7ff44d8ff564d8b6604609ab0d3fb1c2a3f938e87c
39102,factorized,2,36,010,0,1,0,False,96,0.02779767955033181,0.014106559752611806,0.08931071892220753,-0.11724215979682684,0.032270010393934845,0.009044336784424206,0.02261165786004601,0.0025,0.04,0.01,0,94273bac657e725ecd9b0e7ff44d8ff564d8b6604609ab0d3fb1c2a3f938e87c
39102,factorized,2,37,100,1,0,0,False,96,-0.24858641702613204,0.006605641861490889,-0.18885162789428409,-0.47711427852048216,0.03817802353925362,0.0037531509038743124,0.009388127035638703,0.06,0.0025,0.01,4,94273bac657e725ecd9b0e7ff44d8ff564d8b6604609ab0d3fb1c2a3f938e87c
39102,factorized,2,38,001,0,0,1,False,96,0.38675626610000524,0.035967537759819077,1.2879606324580517,0.3016134125431503,0.049328946917900074,0.013583771569167014,0.0339155190124495,0.0025,0.0025,0.16,0,94273bac657e725ecd9b0e7ff44d8ff564d8b6604609ab0d3fb1c2a3f938e87c
39102,factorized,2,39,011,0,1,1,True,96,0.900131666814978,0.07160055860409435,1.0125639386197993,1.0018503495891076,0.033025095190457925,0.05425245948419876,0.13513061000326496,0.0025,0.04,0.16,0,94273bac657e725ecd9b0e7ff44d8ff564d8b6604609ab0d3fb1c2a3f938e87c
39102,factorized,2,40,010,0,1,0,False,96,0.18426191782271437,0.021566240222489444,0.31751536855870927,0.035371839557655244,0.022541149231177032,0.018889108645353092,0.0472376419887383,0.0025,0.04,0.01,1,94273bac657e725ecd9b0e7ff44d8ff564d8b6604609ab0d3fb1c2a3f938e87c
39102,factorized,2,41,000,0,0,0,False,96,-0.6098737294874238,0.00359410509013594,-0.5300635266759579,-0.6816316378813327,0.010781874566247152,0.004282886580320204,0.010713291413116582,0.0025,0.0025,0.01,0,94273bac657e725ecd9b0e7ff44d8ff564d8b6604609ab0d3fb1c2a3f938e87c
39102,factorized,2,42,100,1,0,0,False,96,-0.12369812365732423,0.005983706649528694,-0.11272580120190295,0.8397240950983897,0.016085675282702085,0.005560572833267475,0.013893189214718452,0.06,0.0025,0.01,7,94273bac657e725ecd9b0e7ff44d8ff564d8b6604609ab0d3fb1c2a3f938e87c
39102,factorized,2,43,110,1,1,0,True,96,0.46673301401576767,0.025380094067830317,0.0072730428691647996,0.5742547739454245,0.029708430470128906,0.01793518953706645,0.04484218653783983,0.06,0.04,0.01,6,94273bac657e725ecd9b0e7ff44d8ff564d8b6604609ab0d3fb1c2a3f938e87c
39102,factorized,2,44,011,0,1,1,True,96,0.7500346760293501,0.05888907076528316,1.049101308725854,0.5843338888766565,0.026529742663329154,0.04812578466644007,0.12147881767136821,0.0025,0.04,0.16,0,94273bac657e725ecd9b0e7ff44d8ff564d8b6604609ab0d3fb1c2a3f938e87c
39102,factorized,2,45,101,1,0,1,True,96,0.9121172791175599,0.04365293607834553,0.5064662726672398,0.7413514879795913,0.023551741955464157,0.050365496709922075,0.12635609448788396,0.06,0.0025,0.16,3,94273bac657e725ecd9b0e7ff44d8ff564d8b6604609ab0d3fb1c2a3f938e87c
39102,factorized,2,46,111,1,1,1,True,96,0.9557682864554863,0.10439028964118298,0.923078955923972,0.8510252345815164,0.022627446123299932,0.06489708523378136,0.1623378095098846,0.06,0.04,0.16,2,94273bac657e725ecd9b0e7ff44d8ff564d8b6604609ab0d3fb1c2a3f938e87c
39102,factorized,2,47,001,0,0,1,False,96,0.7110105169645563,0.053625218187121126,0.4607885407380711,0.5764368031049287,0.017858064152179973,0.050080593501456994,0.12492636072298242,0.0025,0.0025,0.16,0,94273bac657e725ecd9b0e7ff44d8ff564d8b6604609ab0d3fb1c2a3f938e87c
39102,factorized,3,48,001,0,0,1,False,96,0.6706793130141805,0.03539230962270478,0.8730200423408586,0.42356046928970725,0.01434456311571707,0.024040170774747644,0.10578323722289956,0.0025,0.0025,0.16,0,94273bac657e725ecd9b0e7ff44d8ff564d8b6604609ab0d3fb1c2a3f938e87c
39102,factorized,3,49,110,1,1,0,True,96,0.2336114113812552,0.025055994842020247,0.017362123568073706,0.16340110758388593,0.013251582017468184,0.013907784799373093,0.037994543875790175,0.06,0.04,0.01,5,94273bac657e725ecd9b0e7ff44d8ff564d8b6604609ab0d3fb1c2a3f938e87c
39102,factorized,3,50,111,1,1,1,True,96,1.1589504392219026,0.15467644472645634,1.8583093040431655,0.8573908899918823,0.05889051016269456,0.05439929609775338,0.14122492681393048,0.06,0.04,0.16,6,94273bac657e725ecd9b0e7ff44d8ff564d8b6604609ab0d3fb1c2a3f938e87c
39102,factorized,3,51,010,0,1,0,False,96,0.26780416332189333,0.019095255521177298,0.32603866568183165,0.36762927542413143,0.03985976795628712,0.020612741197921235,0.05170431829049469,0.0025,0.04,0.01,0,94273bac657e725ecd9b0e7ff44d8ff564d8b6604609ab0d3fb1c2a3f938e87c
39102,factorized,3,52,101,1,0,1,True,96,0.9504905360805672,0.09649663277668064,1.152070115923221,1.1727667326282158,0.027447582798906838,0.060483190702075446,0.151077856541241,0.06,0.0025,0.16,6,94273bac657e725ecd9b0e7ff44d8ff564d8b6604609ab0d3fb1c2a3f938e87c
39102,factorized,3,53,100,1,0,0,False,96,-0.0624763651729782,0.004461893247147627,0.22963589146173624,-0.05918102438261408,0.05000764381965411,0.006625805487939237,0.016583305993192247,0.06,0.0025,0.01,8,94273bac657e725ecd9b0e7ff44d8ff564d8b6604609ab0d3fb1c2a3f938e87c
39102,factorized,3,54,011,0,1,1,True,96,1.2338311217865667,0.083656933961748,2.674947719561521,0.9099202168461789,0.10848885194149933,0.031634463965052255,0.08060481842343863,0.0025,0.04,0.16,0,94273bac657e725ecd9b0e7ff44d8ff564d8b6604609ab0d3fb1c2a3f938e87c
39102,factorized,3,55,000,0,0,0,False,96,-0.5654231346778988,0.005748114155848653,0.10974042769273208,-0.71436147194447,0.06267967509761672,0.008991647990198203,0.022680165552584758,0.0025,0.0025,0.01,0,94273bac657e725ecd9b0e7ff44d8ff564d8b6604609ab0d3fb1c2a3f938e87c
39102,factorized,3,56,100,1,0,0,False,96,-0.15534905801295135,0.005430667432875155,-0.4857197371429624,0.4700011574791795,0.04950786901517836,0.0039580142614819005,0.009896809335776496,0.06,0.0025,0.01,6,94273bac657e725ecd9b0e7ff44d8ff564d8b6604609ab0d3fb1c2a3f938e87c
39102,factorized,3,57,000,0,0,0,False,96,-0.5075057159366022,0.00397310109454222,-0.48302245141150113,-0.5713364277817727,0.03465485262099705,0.004363746557246895,0.010905753184856223,0.0025,0.0025,0.01,0,94273bac657e725ecd9b0e7ff44d8ff564d8b6604609ab0d3fb1c2a3f938e87c
39102,factorized,3,58,010,0,1,0,False,96,0.18366985344721032,0.012535670805491164,0.546180552505331,0.24701961139784143,0.02497943940402444,0.011298568038136949,0.028225410751102558,0.0025,0.04,0.01,0,94273bac657e725ecd9b0e7ff44d8ff564d8b6604609ab0d3fb1c2a3f938e87c
39102,factorized,3,59,001,0,0,1,False,96,0.7003279276810214,0.059956747424273586,0.8112924485942339,0.47751330919429863,0.030467374279821633,0.039583046975977344,0.09840763949427962,0.0025,0.0025,0.16,0,94273bac657e725ecd9b0e7ff44d8ff564d8b6604609ab0d3fb1c2a3f938e87c
39102,factorized,3,60,101,1,0,1,True,96,0.8354127281220038,0.061664987995663695,1.0839965932397408,0.5790553871108877,0.026227262946332573,0.047385739134778664,0.11798125910412027,0.06,0.0025,0.16,3,94273bac657e725ecd9b0e7ff44d8ff564d8b6604609ab0d3fb1c2a3f938e87c
39102,factorized,3,61,011,0,1,1,True,96,0.8161174012481419,0.06715576558580306,0.7484996900138663,0.9671034335744418,0.022741599171858445,0.054565658274116524,0.1357328525503706,0.0025,0.04,0.16,0,94273bac657e725ecd9b0e7ff44d8ff564d8b6604609ab0d3fb1c2a3f938e87c
39102,factorized,3,62,110,1,1,0,True,96,0.48306221477525635,0.01871951085381723,0.2650037223303419,0.33562201615128867,0.028962012079911847,0.020812286374343233,0.0519741184790676,0.06,0.04,0.01,6,94273bac657e725ecd9b0e7ff44d8ff564d8b6604609ab0d3fb1c2a3f938e87c
39102,factorized,3,63,111,1,1,1,True,96,1.1317137687051826,0.08625020716617986,1.1424819767092522,1.1870161708535714,0.07668566345071037,0.03833487322485631,0.09553510990926868,0.06,0.04,0.16,9,94273bac657e725ecd9b0e7ff44d8ff564d8b6604609ab0d3fb1c2a3f938e87c
39102,clamp_h,0,0,010,0,1,0,False,96,0.2901353152009674,0.017642156458226158,0.6837915619425845,0.3459817468006424,0.012247448713915891,0.012500694633363516,0.041861003547686404,0.0025,0.04,0.01,1,94273bac657e725ecd9b0e7ff44d8ff564d8b6604609ab0d3fb1c2a3f938e87c
39102,clamp_h,0,1,101,1,0,1,True,96,0.9473394409190705,0.06752719837055776,0.42527730818314546,1.4818341401085966,0.012247448713915891,0.038651089691390965,0.11849657156411246,0.06,0.0025,0.16,7,94273bac657e725ecd9b0e7ff44d8ff564d8b6604609ab0d3fb1c2a3f938e87c
39102,clamp_h,0,2,001,0,0,1,False,96,0.59474725811132,0.04929852239920518,0.7585340551162862,0.7234018350881924,0.012247448713915891,0.036837706588276266,0.09908175772944809,0.0025,0.0025,0.16,0,94273bac657e725ecd9b0e7ff44d8ff564d8b6604609ab0d3fb1c2a3f938e87c
39102,clamp_h,0,3,011,0,1,1,True,96,0.8647658597866766,0.07736214414466878,0.865997140806412,1.1566993397130414,0.012247448713915891,0.05900060967092821,0.15038715564034874,0.0025,0.04,0.16,0,94273bac657e725ecd9b0e7ff44d8ff564d8b6604609ab0d3fb1c2a3f938e87c
39102,clamp_h,0,4,000,0,0,0,False,96,-0.450108939669234,0.004132446225424746,0.09108174920460393,-0.7235787205723757,0.012247448713915891,0.010241528572736391,0.025688247143063957,0.0025,0.0025,0.01,0,94273bac657e725ecd9b0e7ff44d8ff564d8b6604609ab0d3fb1c2a3f938e87c
39102,clamp_h,0,5,100,1,0,0,False,96,-0.16900730265911465,0.005486612666585906,0.11985619523961205,-0.282769087151688,0.012247448713915891,0.0035605534595842536,0.00891479400827888,0.06,0.0025,0.01,5,94273bac657e725ecd9b0e7ff44d8ff564d8b6604609ab0d3fb1c2a3f938e87c
39102,clamp_h,0,6,111,1,1,1,True,96,1.4205504400087292,0.0784594768490301,3.149383177367354,1.1082610268554665,0.012247448713915891,0.056364984213924614,0.13917787624422803,0.06,0.04,0.16,4,94273bac657e725ecd9b0e7ff44d8ff564d8b6604609ab0d3fb1c2a3f938e87c
39102,clamp_h,0,7,110,1,1,0,True,96,0.27131191911709374,0.017267554534019004,0.5161436783536236,0.16025842105572813,0.012247448713915891,0.019182937423448,0.04773684877271947,0.06,0.04,0.01,3,94273bac657e725ecd9b0e7ff44d8ff564d8b6604609ab0d3fb1c2a3f938e87c
39102,clamp_h,0,8,111,1,1,1,True,96,1.2228413540790772,0.08383503620281833,0.8101412307655433,1.4670225400916617,0.012247448713915891,0.06770842744068356,0.16850389918865313,0.06,0.04,0.16,7,94273bac657e725ecd9b0e7ff44d8ff564d8b6604609ab0d3fb1c2a3f938e87c
39102,clamp_h,0,9,011,0,1,1,True,96,0.8783308349814481,0.07204220074347466,0.9849838988331139,0.7301244954777353,0.012247448713915891,0.06388247791380203,0.15977286362842472,0.0025,0.04,0.16,0,94273bac657e725ecd9b0e7ff44d8ff564d8b6604609ab0d3fb1c2a3f938e87c
39102,clamp_h,0,10,001,0,0,1,False,96,0.6746119169345598,0.03933640656722661,0.47962971571171575,0.7127203263382971,0.012247448713915891,0.04574355244545786,0.11441409439978,0.0025,0.0025,0.16,0,94273bac657e725ecd9b0e7ff44d8ff564d8b6604609ab0d3fb1c2a3f938e87c
39102,clamp_h,0,11,100,1,0,0,False,96,-0.13816543957612065,0.0029325768439913778,0.8863224204374193,-0.4980677885449438,0.012247448713915891,0.008438232241903832,0.021173738693210112,0.06,0.0025,0.01,5,94273bac657e725ecd9b0e7ff44d8ff564d8b6604609ab0d3fb1c2a3f938e87c
39102,clamp_h,0,12,110,1,1,0,True,96,0.5898169254811827,0.016780028394214743,1.0857052451894613,0.4794230190404465,0.012247448713915891,0.012638280010595068,0.031518899210097734,0.06,0.04,0.01,6,94273bac657e725ecd9b0e7ff44d8ff564d8b6604609ab0d3fb1c2a3f938e87c
39102,clamp_h,0,13,101,1,0,1,True,96,0.9549869791966265,0.09126880067434502,0.7916403672000438,0.9389308804822494,0.012247448713915891,0.0493179178063673,0.12238515065098722,0.06,0.0025,0.16,6,94273bac657e725ecd9b0e7ff44d8ff564d8b6604609ab0d3fb1c2a3f938e87c
39102,clamp_h,0,14,000,0,0,0,False,96,-0.3638348400755349,0.003957420673950285,0.3970542547024279,-0.4314792514066353,0.012247448713915891,0.008082554409583057,0.020237893299294832,0.0025,0.0025,0.01,1,94273bac657e725ecd9b0e7ff44d8ff564d8b6604609ab0d3fb1c2a3f938e87c
39102,clamp_h,0,15,010,0,1,0,False,96,0.21753503919411876,0.01634596420760649,0.17629603911283626,0.1473084189008499,0.012247448713915891,0.015030501948673128,0.03756932310002197,0.0025,0.04,0.01,0,94273bac657e725ecd9b0e7ff44d8ff564d8b6604609ab0d3fb1c2a3f938e87c
39102,clamp_h,1,16,011,0,1,1,True,96,0.9266705898257707,0.06313475063769275,0.967237660312271,0.8932457476432338,0.012247448713915891,0.030943759673911334,0.1708435397787553,0.0025,0.04,0.16,0,94273bac657e725ecd9b0e7ff44d8ff564d8b6604609ab0d3fb1c2a3f938e87c
39102,clamp_h,1,17,100,1,0,0,False,96,0.03646023038237006,0.004365002779156689,0.07917501546798265,-0.4809222241983685,0.012247448713915891,0.008904644459928399,0.027356666200045777,0.06,0.0025,0.01,7,94273bac657e725ecd9b0e7ff44d8ff564d8b6604609ab0d3fb1c2a3f938e87c
39102,clamp_h,1,18,101,1,0,1,True,96,1.1512029732721627,0.06513271007041084,2.0470334872524307,1.0705946722130726,0.012247448713915891,0.042855249305337274,0.11058229092567455,0.06,0.0025,0.16,5,94273bac657e725ecd9b0e7ff44d8ff564d8b6604609ab0d3fb1c2a3f938e87c
39102,clamp_h,1,19,110,1,1,0,True,96,0.24668186868280903,0.01895836400386806,0.05072732711116258,-0.17988117262635783,0.012247448713915891,0.015661187154863723,0.03924300148965168,0.06,0.04,0.01,4,94273bac657e725ecd9b0e7ff44d8ff564d8b6604609ab0d3fb1c2a3f938e87c
39102,clamp_h,1,20,000,0,0,0,False,96,-0.7419787199309535,0.004384269108830874,-0.5557091405815152,-0.7718293552418393,0.012247448713915891,0.0031717742742956184,0.007930910338522902,0.0025,0.0025,0.01,0,94273bac657e725ecd9b0e7ff44d8ff564d8b6604609ab0d3fb1c2a3f938e87c
39102,clamp_h,1,21,010,0,1,0,False,96,0.24846660427761522,0.020474522306317473,0.07217163442338109,-0.02878434985003748,0.012247448713915891,0.015889354173060314,0.03971280262142371,0.0025,0.04,0.01,0,94273bac657e725ecd9b0e7ff44d8ff564d8b6604609ab0d3fb1c2a3f938e87c
39102,clamp_h,1,22,111,1,1,1,True,96,1.3348495247147936,0.07964461843157265,0.9698158039478741,0.8219575343092691,0.012247448713915891,0.07425352649884485,0.19280984353005268,0.06,0.04,0.16,10,94273bac657e725ecd9b0e7ff44d8ff564d8b6604609ab0d3fb1c2a3f938e87c
39102,clamp_h,1,23,001,0,0,1,False,96,0.7210352414316112,0.05345194121307317,0.6430136238104803,0.8691814117139969,0.012247448713915891,0.044340726482830495,0.11256026350040542,0.0025,0.0025,0.16,0,94273bac657e725ecd9b0e7ff44d8ff564d8b6604609ab0d3fb1c2a3f938e87c
39102,clamp_h,1,24,110,1,1,0,True,96,0.34416816416394536,0.017168917479668894,0.704107717358355,0.1738392552748554,0.012247448713915891,0.016619411511003365,0.04159144078795028,0.06,0.04,0.01,5,94273bac657e725ecd9b0e7ff44d8ff564d8b6604609ab0d3fb1c2a3f938e87c
39102,clamp_h,1,25,101,1,0,1,True,96,1.0530587523204324,0.0897351880224302,0.7680718534050641,1.3633948319812141,0.012247448713915891,0.050777685803912155,0.12541363342265463,0.06,0.0025,0.16,7,94273bac657e725ecd9b0e7ff44d8ff564d8b6604609ab0d3fb1c2a3f938e87c
39102,clamp_h,1,26,100,1,0,0,False,96,-0.04913662514172853,0.005472118544077596,0.6591294066573476,-0.8146821634668029,0.012247448713915891,0.013794487251865462,0.03429857648042894,0.06,0.0025,0.01,5,94273bac657e725ecd9b0e7ff44d8ff564d8b6604609ab0d3fb1c2a3f938e87c
39102,clamp_h,1,27,011,0,1,1,True,96,0.7115072675998696,0.04886403941970538,0.5912777847522224,0.829690027324832,0.012247448713915891,0.035756192616760524,0.08922232430475847,0.0025,0.04,0.16,0,94273bac657e725ecd9b0e7ff44d8ff564d8b6604609ab0d3fb1c2a3f938e87c
39102,clamp_h,1,28,001,0,0,1,False,96,0.7290061838840164,0.06089435165670235,0.5569812005042242,1.1514530417492415,0.012247448713915891,0.04208768176256391,0.10500297408326902,0.0025,0.0025,0.16,0,94273bac657e725ecd9b0e7ff44d8ff564d8b6604609ab0d3fb1c2a3f938e87c
39102,clamp_h,1,29,000,0,0,0,False,96,-0.48456149167732837,0.004358548375500152,0.07288449936526924,-0.5623058836017114,0.012247448713915891,0.008931552071248502,0.022287177823265975,0.0025,0.0025,0.01,0,94273bac657e725ecd9b0e7ff44d8ff564d8b6604609ab0d3fb1c2a3f938e87c
39102,clamp_h,1,30,111,1,1,1,True,96,1.4388384843048128,0.15285163241049335,3.6930381723896915,0.9850340089767594,0.012247448713915891,0.04110667238051633,0.10123605795220643,0.06,0.04,0.16,8,94273bac657e725ecd9b0e7ff44d8ff564d8b6604609ab0d3fb1c2a3f938e87c
39102,clamp_h,1,31,010,0,1,0,False,96,0.18342841646894384,0.014291152356905585,0.3069662091429249,0.011974471595690997,0.012247448713915891,0.02000661863774318,0.049820813383789964,0.0025,0.04,0.01,1,94273bac657e725ecd9b0e7ff44d8ff564d8b6604609ab0d3fb1c2a3f938e87c
39102,clamp_h,2,32,110,1,1,0,True,96,0.4904317791717204,0.029100976763478698,0.9177740193530718,0.12009129971469637,0.012247448713915891,0.013681910709137953,0.04832264526872327,0.06,0.04,0.01,6,94273bac657e725ecd9b0e7ff44d8ff564d8b6604609ab0d3fb1c2a3f938e87c
39102,clamp_h,2,33,101,1,0,1,True,96,0.7867423185945045,0.06941814855708427,0.9679011320933468,0.6768470314482262,0.012247448713915891,0.031980636282661824,0.0923151509553316,0.06,0.0025,0.16,2,94273bac657e725ecd9b0e7ff44d8ff564d8b6604609ab0d3fb1c2a3f938e87c
39102,clamp_h,2,34,111,1,1,1,True,96,0.9938242025116707,0.07166793881183346,1.1006219723736939,1.4159652250219459,0.012247448713915891,0.05285295570862952,0.13590185563238877,0.06,0.04,0.16,3,94273bac657e725ecd9b0e7ff44d8ff564d8b6604609ab0d3fb1c2a3f938e87c
39102,clamp_h,2,35,000,0,0,0,False,96,-0.27566393470333467,0.005066811705371107,0.14504702583895307,-0.6448989172046884,0.012247448713915891,0.011683979501438548,0.029278816784919563,0.0025,0.0025,0.01,3,94273bac657e725ecd9b0e7ff44d8ff564d8b6604609ab0d3fb1c2a3f938e87c
39102,clamp_h,2,36,010,0,1,0,False,96,0.0336296764927053,0.014816153078547204,0.09206102272222391,-0.12758469669659095,0.012247448713915891,0.010080680377464636,0.025202092193383804,0.0025,0.04,0.01,0,94273bac657e725ecd9b0e7ff44d8ff564d8b6604609ab0d3fb1c2a3f938e87c
39102,clamp_h,2,37,100,1,0,0,False,96,-0.2268894872729387,0.006482197996935669,-0.17094709865568194,-0.5034420261656009,0.012247448713915891,0.003954737366523437,0.00989243547029569,0.06,0.0025,0.01,4,94273bac657e725ecd9b0e7ff44d8ff564d8b6604609ab0d3fb1c2a3f938e87c
39102,clamp_h,2,38,001,0,0,1,False,96,0.3940602546412693,0.03481578541706115,1.5084109962799706,0.2790318091953823,0.012247448713915891,0.013835694172961316,0.03456195619802588,0.0025,0.0025,0.16,0,94273bac657e725ecd9b0e7ff44d8ff564d8b6604609ab0d3fb1c2a3f938e87c
39102,clamp_h,2,39,011,0,1,1,True,96,0.8879044546442595,0.06626210634325559,1.0097739371934398,0.9872665570505844,0.012247448713915891,0.05704345292218393,0.14237552004312157,0.0025,0.04,0.16,0,94273bac657e725ecd9b0e7ff44d8ff564d8b6604609ab0d3fb1c2a3f938e87c
39102,clamp_h,2,40,010,0,1,0,False,96,0.17996495246555935,0.02159448197129252,0.30772108365575973,0.028989251982942024,0.012247448713915891,0.019007842082722177,0.04755800581623659,0.0025,0.04,0.01,1,94273bac657e725ecd9b0e7ff44d8ff564d8b6604609ab0d3fb1c2a3f938e87c
39102,clamp_h,2,41,000,0,0,0,False,96,-0.6083660616472725,0.0035958213735208105,-0.5331987311731772,-0.6762073696006514,0.012247448713915891,0.004283462769972581,0.010714719779633772,0.0025,0.0025,0.01,0,94273bac657e725ecd9b0e7ff44d8ff564d8b6604609ab0d3fb1c2a3f938e87c
39102,clamp_h,2,42,100,1,0,0,False,96,-0.12357697821219087,0.0064694847424743435,-0.15656507228276922,0.8993335033452818,0.012247448713915891,0.005768520116840853,0.014412606962222652,0.06,0.0025,0.01,7,94273bac657e725ecd9b0e7ff44d8ff564d8b6604609ab0d3fb1c2a3f938e87c
39102,clamp_h,2,43,110,1,1,0,True,96,0.48281088964616337,0.027173485513471957,-0.011441505364507994,0.6100060252515022,0.012247448713915891,0.018746599557220665,0.046883517892599924,0.06,0.04,0.01,6,94273bac657e725ecd9b0e7ff44d8ff564d8b6604609ab0d3fb1c2a3f938e87c
39102,clamp_h,2,44,011,0,1,1,True,96,0.7365089593310706,0.0587851062097248,1.0265884506801932,0.5791991341771002,0.012247448713915891,0.048442142603165615,0.12223021681857886,0.0025,0.04,0.16,0,94273bac657e725ecd9b0e7ff44d8ff564d8b6604609ab0d3fb1c2a3f938e87c
39102,clamp_h,2,45,101,1,0,1,True,96,0.9116785865957974,0.042004966472844386,0.5028579728031667,0.7315944657921251,0.012247448713915891,0.05108295541700658,0.12810757727629965,0.06,0.0025,0.16,3,94273bac657e725ecd9b0e7ff44d8ff564d8b6604609ab0d3fb1c2a3f938e87c
39102,clamp_h,2,46,111,1,1,1,True,96,0.954304375015873,0.1032244853116125,0.9146798978754196,0.847639864062216,0.012247448713915891,0.06615775667411962,0.16543996411219647,0.06,0.04,0.16,2,94273bac657e725ecd9b0e7ff44d8ff564d8b6604609ab0d3fb1c2a3f938e87c
39102,clamp_h,2,47,001,0,0,1,False,96,0.7065120685546534,0.052892442600432944,0.45592709765537787,0.5746510987932115,0.012247448713915891,0.050417723681496496,0.12584848213299193,0.0025,0.0025,0.16,0,94273bac657e725ecd9b0e7ff44d8ff564d8b6604609ab0d3fb1c2a3f938e87c
39102,clamp_h,3,48,001,0,0,1,False,96,0.6688462233550198,0.035313135397102555,0.8708497988949682,0.4234987256321549,0.012247448713915891,0.02410703447221069,0.10596360091097778,0.0025,0.0025,0.16,0,94273bac657e725ecd9b0e7ff44d8ff564d8b6604609ab0d3fb1c2a3f938e87c
39102,clamp_h,3,49,110,1,1,0,True,96,0.2351525628650387,0.02521495017980478,0.01790738818000584,0.19656803675051848,0.012247448713915891,0.013828451997440901,0.03772206032462489,0.06,0.04,0.01,5,94273bac657e725ecd9b0e7ff44d8ff564d8b6604609ab0d3fb1c2a3f938e87c
39102,clamp_h,3,50,111,1,1,1,True,96,1.171377050639271,0.17145543528908005,1.9426506738708773,0.8210196925341171,0.012247448713915891,0.07016762481595572,0.18512125661305626,0.06,0.04,0.16,6,94273bac657e725ecd9b0e7ff44d8ff564d8b6604609ab0d3fb1c2a3f938e87c
39102,clamp_h,3,51,010,0,1,0,False,96,0.257625898656526,0.02067775970322246,0.3079574646762891,0.35607660134166563,0.012247448713915891,0.021478794454686822,0.05395250866512278,0.0025,0.04,0.01,0,94273bac657e725ecd9b0e7ff44d8ff564d8b6604609ab0d3fb1c2a3f938e87c
39102,clamp_h,3,52,101,1,0,1,True,96,0.9447460994840596,0.09240247243180306,1.130187748354437,1.1937936456433602,0.012247448713915891,0.06227514380660132,0.1558808112809101,0.06,0.0025,0.16,6,94273bac657e725ecd9b0e7ff44d8ff564d8b6604609ab0d3fb1c2a3f938e87c
39102,clamp_h,3,53,100,1,0,0,False,96,0.010372255779722903,0.004449174161698685,0.2607676990745164,-0.009560072814087883,0.012247448713915891,0.006635734729041133,0.016613620919480376,0.06,0.0025,0.01,8,94273bac657e725ecd9b0e7ff44d8ff564d8b6604609ab0d3fb1c2a3f938e87c
39102,clamp_h,3,54,011,0,1,1,True,96,1.0898665961323866,0.07042047898902469,2.332899768011901,0.8573688503274829,0.012247448713915891,0.042567319279425496,0.10681427553788782,0.0025,0.04,0.16,0,94273bac657e725ecd9b0e7ff44d8ff564d8b6604609ab0d3fb1c2a3f938e87c
39102,clamp_h,3,55,000,0,0,0,False,96,-0.6090046439624839,0.005705715969803534,0.05455063067345676,-0.7337416281959417,0.012247448713915891,0.009239605461378614,0.023120254038426963,0.0025,0.0025,0.01,0,94273bac657e725ecd9b0e7ff44d8ff564d8b6604609ab0d3fb1c2a3f938e87c
39102,clamp_h,3,56,100,1,0,0,False,96,-0.12070243057809744,0.005446592169748605,-0.4418244126579789,0.5265586400191921,0.012247448713915891,0.0040354696369710235,0.010089474071059359,0.06,0.0025,0.01,6,94273bac657e725ecd9b0e7ff44d8ff564d8b6604609ab0d3fb1c2a3f938e87c
39102,clamp_h,3,57,000,0,0,0,False,96,-0.5281888304675054,0.00379285818834362,-0.5136299839451608,-0.5878886583030123,0.012247448713915891,0.004451087279522605,0.01112482254719734,0.0025,0.0025,0.01,0,94273bac657e725ecd9b0e7ff44d8ff564d8b6604609ab0d3fb1c2a3f938e87c
39102,clamp_h,3,58,010,0,1,0,False,96,0.18154426429003281,0.0133663318131406,0.5527312588259115,0.26513923875803846,0.012247448713915891,0.011780287791081909,0.029440406221610427,0.0025,0.04,0.01,0,94273bac657e725ecd9b0e7ff44d8ff564d8b6604609ab0d3fb1c2a3f938e87c
39102,clamp_h,3,59,001,0,0,1,False,96,0.6973309362409613,0.05873888529040235,0.869158611923813,0.4666387656928585,0.012247448713915891,0.04056518381058254,0.10107660801405159,0.0025,0.0025,0.16,0,94273bac657e725ecd9b0e7ff44d8ff564d8b6604609ab0d3fb1c2a3f938e87c
39102,clamp_h,3,60,101,1,0,1,True,96,0.8363109315313494,0.059674410884152186,1.075237596296966,0.5680635197059771,0.012247448713915891,0.04896933267035123,0.12213696474677037,0.06,0.0025,0.16,3,94273bac657e725ecd9b0e7ff44d8ff564d8b6604609ab0d3fb1c2a3f938e87c
39102,clamp_h,3,61,011,0,1,1,True,96,0.8088793856124461,0.06548611128295966,0.7384320370263181,0.9649123590786257,0.012247448713915891,0.055138448817998696,0.13748547102910255,0.0025,0.04,0.16,0,94273bac657e725ecd9b0e7ff44d8ff564d8b6604609ab0d3fb1c2a3f938e87c
39102,clamp_h,3,62,110,1,1,0,True,96,0.5215078675618035,0.019155771245810995,0.26803094080830575,0.3880663165367529,0.012247448713915891,0.021447680250255657,0.053606489510086064,0.06,0.04,0.01,6,94273bac657e725ecd9b0e7ff44d8ff564d8b6604609ab0d3fb1c2a3f938e87c
39102,clamp_h,3,63,111,1,1,1,True,96,1.1997921882008202,0.08284193368615554,1.0529778395150449,1.3065049557530726,0.012247448713915891,0.043752692164536,0.10958468861550273,0.06,0.04,0.16,9,94273bac657e725ecd9b0e7ff44d8ff564d8b6604609ab0d3fb1c2a3f938e87c
39102,clamp_q,0,0,010,0,1,0,False,96,0.3455921707700506,0.025703898779623275,0.6917288870751888,0.7068480922333547,0.01553208292816849,0.009999999999999998,0.05011898557439626,0.0025,0.04,0.01,1,94273bac657e725ecd9b0e7ff44d8ff564d8b6604609ab0d3fb1c2a3f938e87c
39102,clamp_q,0,1,101,1,0,1,True,96,0.962280285397583,0.06570888440387539,0.46034375981540565,1.4209921264986214,0.016807445398087,0.009999999999999998,0.163432022542856,0.06,0.0025,0.16,7,94273bac657e725ecd9b0e7ff44d8ff564d8b6604609ab0d3fb1c2a3f938e87c
39102,clamp_q,0,2,001,0,0,1,False,96,0.5837438513273395,0.036234984583048004,0.7605539544167064,0.7102489424883589,0.03378149837546699,0.009999999999999998,0.11544958169601345,0.0025,0.0025,0.16,0,94273bac657e725ecd9b0e7ff44d8ff564d8b6604609ab0d3fb1c2a3f938e87c
39102,clamp_q,0,3,011,0,1,1,True,96,0.8885381921408083,0.0700358766890803,0.9640369577004122,1.2347381063689018,0.020904032789950632,0.009999999999999998,0.21337304830271298,0.0025,0.04,0.16,0,94273bac657e725ecd9b0e7ff44d8ff564d8b6604609ab0d3fb1c2a3f938e87c
39102,clamp_q,0,4,000,0,0,0,False,96,-0.43952299408721734,0.004667904980208714,0.021741435197393084,-0.6444089357923963,0.010232171225012765,0.009999999999999998,0.02780480221425914,0.0025,0.0025,0.01,0,94273bac657e725ecd9b0e7ff44d8ff564d8b6604609ab0d3fb1c2a3f938e87c
39102,clamp_q,0,5,100,1,0,0,False,96,-0.14441432174455834,0.0076488495530939345,0.1373741655231172,-0.2239054346244164,0.022815084334397513,0.009999999999999998,0.005925986216856306,0.06,0.0025,0.01,5,94273bac657e725ecd9b0e7ff44d8ff564d8b6604609ab0d3fb1c2a3f938e87c
39102,clamp_q,0,6,111,1,1,1,True,96,1.4457871990665503,0.07991619878817353,2.7075074198177136,0.9919998396912637,0.10880031695714687,0.009999999999999998,0.11328136291142517,0.06,0.04,0.16,4,94273bac657e725ecd9b0e7ff44d8ff564d8b6604609ab0d3fb1c2a3f938e87c
39102,clamp_q,0,7,110,1,1,0,True,96,0.2388933613007921,0.014380033925679306,0.3712139288819948,0.24213783278491355,0.09744426017411122,0.009999999999999998,0.03946786884871643,0.06,0.04,0.01,3,94273bac657e725ecd9b0e7ff44d8ff564d8b6604609ab0d3fb1c2a3f938e87c
39102,clamp_q,0,8,111,1,1,1,True,96,1.1351147631820961,0.0739941506102252,0.7824311740795094,1.2579987914784443,0.07161164516918224,0.009999999999999998,0.20089682949932308,0.06,0.04,0.16,7,94273bac657e725ecd9b0e7ff44d8ff564d8b6604609ab0d3fb1c2a3f938e87c
39102,clamp_q,0,9,011,0,1,1,True,96,1.002161254333458,0.12628157078788663,1.0134993821818785,0.8241177438276308,0.056048176709848914,0.009999999999999998,0.26490252121239083,0.0025,0.04,0.16,0,94273bac657e725ecd9b0e7ff44d8ff564d8b6604609ab0d3fb1c2a3f938e87c
39102,clamp_q,0,10,001,0,0,1,False,96,0.6270430231779572,0.021159628397043145,0.4868994215273177,0.6390095683991956,0.024091035448487803,0.009999999999999998,0.1385021922259825,0.0025,0.0025,0.16,0,94273bac657e725ecd9b0e7ff44d8ff564d8b6604609ab0d3fb1c2a3f938e87c
39102,clamp_q,0,11,100,1,0,0,False,96,-0.1267035518698214,0.0036362240727439345,0.7783923132573557,-0.4175969461376503,0.03215777010448338,0.009999999999999998,0.019644080503837584,0.06,0.0025,0.01,5,94273bac657e725ecd9b0e7ff44d8ff564d8b6604609ab0d3fb1c2a3f938e87c
39102,clamp_q,0,12,110,1,1,0,True,96,0.5111143134317963,0.013945234432972839,0.8275557681545079,0.42271780170313245,0.06195605584824865,0.009999999999999998,0.023917574482086507,0.06,0.04,0.01,6,94273bac657e725ecd9b0e7ff44d8ff564d8b6604609ab0d3fb1c2a3f938e87c
39102,clamp_q,0,13,101,1,0,1,True,96,0.9164569144030109,0.08367523448805264,0.8232784475824969,0.8649630744778961,0.06707992576276205,0.009999999999999998,0.13938497321779406,0.06,0.0025,0.16,6,94273bac657e725ecd9b0e7ff44d8ff564d8b6604609ab0d3fb1c2a3f938e87c
39102,clamp_q,0,14,000,0,0,0,False,96,-0.33132991198485184,0.00559282885594302,0.25828004890774814,-0.37299700804050284,0.0484735762356735,0.009999999999999998,0.018888503568379338,0.0025,0.0025,0.01,1,94273bac657e725ecd9b0e7ff44d8ff564d8b6604609ab0d3fb1c2a3f938e87c
39102,clamp_q,0,15,010,0,1,0,False,96,0.27149920680395967,0.024231760964125087,0.11854397262749641,0.17033363569038223,0.024643933589115475,0.009999999999999998,0.046425369925700045,0.0025,0.04,0.01,0,94273bac657e725ecd9b0e7ff44d8ff564d8b6604609ab0d3fb1c2a3f938e87c
39102,clamp_q,1,16,011,0,1,1,True,96,0.929914805922622,0.07057775309095692,0.9750925334525659,0.8709129412939853,0.009436012456448132,0.009999999999999998,0.20987321896387057,0.0025,0.04,0.16,0,94273bac657e725ecd9b0e7ff44d8ff564d8b6604609ab0d3fb1c2a3f938e87c
39102,clamp_q,1,17,100,1,0,0,False,96,-0.007478791141897774,0.0050032022321891785,0.0007391705706266752,-0.5134417173259953,0.025135960032629676,0.009999999999999998,0.02799689880378023,0.06,0.0025,0.01,7,94273bac657e725ecd9b0e7ff44d8ff564d8b6604609ab0d3fb1c2a3f938e87c
39102,clamp_q,1,18,101,1,0,1,True,96,1.2808478841397297,0.080301989270795,2.5222608873505585,1.028826173838548,0.09832576572704665,0.009999999999999998,0.0811993230402529,0.06,0.0025,0.16,5,94273bac657e725ecd9b0e7ff44d8ff564d8b6604609ab0d3fb1c2a3f938e87c
39102,clamp_q,1,19,110,1,1,0,True,96,0.22625448012902583,0.020172473734888917,0.0965616336968929,-0.13130570367426497,0.0921551037603439,0.009999999999999998,0.038119245927602484,0.06,0.04,0.01,4,94273bac657e725ecd9b0e7ff44d8ff564d8b6604609ab0d3fb1c2a3f938e87c
39102,clamp_q,1,20,000,0,0,0,False,96,-0.6373036287277477,0.006467176223312668,-0.48494299316420386,-0.6615754296813429,0.049385301237890866,0.009999999999999998,0.005961682372828029,0.0025,0.0025,0.01,0,94273bac657e725ecd9b0e7ff44d8ff564d8b6604609ab0d3fb1c2a3f938e87c
39102,clamp_q,1,21,010,0,1,0,False,96,0.34552687509936897,0.022513327491835846,0.1919007212009315,0.04612619926280037,0.03452929476257339,0.009999999999999998,0.039043206586957264,0.0025,0.04,0.01,0,94273bac657e725ecd9b0e7ff44d8ff564d8b6604609ab0d3fb1c2a3f938e87c
39102,clamp_q,1,22,111,1,1,1,True,96,1.2875977431889927,0.08165158409869984,1.0421224329197738,0.8219051144786886,0.046275909165035045,0.009999999999999998,0.22747717164160575,0.06,0.04,0.16,10,94273bac657e725ecd9b0e7ff44d8ff564d8b6604609ab0d3fb1c2a3f938e87c
39102,clamp_q,1,23,001,0,0,1,False,96,0.7358953006347888,0.047629566551964625,0.684475212969875,0.8727103514637372,0.0568907923973593,0.009999999999999998,0.1310381806658585,0.0025,0.0025,0.16,0,94273bac657e725ecd9b0e7ff44d8ff564d8b6604609ab0d3fb1c2a3f938e87c
39102,clamp_q,1,24,110,1,1,0,True,96,0.3337651731002113,0.024886371375120852,0.7068031716345314,0.1052240969011331,0.052974946524308925,0.009999999999999998,0.05066292189122146,0.06,0.04,0.01,5,94273bac657e725ecd9b0e7ff44d8ff564d8b6604609ab0d3fb1c2a3f938e87c
39102,clamp_q,1,25,101,1,0,1,True,96,1.0408870400876997,0.09759705054440744,0.6384987543993644,1.2390762306549916,0.08041246650215907,0.009999999999999998,0.15595281306119413,0.06,0.0025,0.16,7,94273bac657e725ecd9b0e7ff44d8ff564d8b6604609ab0d3fb1c2a3f938e87c
39102,clamp_q,1,26,100,1,0,0,False,96,-0.09884054161113938,0.006338326713928662,0.5079792002623322,-0.6692771675452831,0.07807646490482127,0.009999999999999998,0.03123553313957055,0.06,0.0025,0.01,5,94273bac657e725ecd9b0e7ff44d8ff564d8b6604609ab0d3fb1c2a3f938e87c
39102,clamp_q,1,27,011,0,1,1,True,96,0.763563344599344,0.052678993340324644,0.8839295362916919,0.8089814103029243,0.06895824271432104,0.009999999999999998,0.08879313627212759,0.0025,0.04,0.16,0,94273bac657e725ecd9b0e7ff44d8ff564d8b6604609ab0d3fb1c2a3f938e87c
39102,clamp_q,1,28,001,0,0,1,False,96,0.731796549656627,0.06505687654030425,0.58370643684579,1.120541778805936,0.06271221122746527,0.009999999999999998,0.10554941756463054,0.0025,0.0025,0.16,0,94273bac657e725ecd9b0e7ff44d8ff564d8b6604609ab0d3fb1c2a3f938e87c
39102,clamp_q,1,29,000,0,0,0,False,96,-0.4624253673449081,0.005687474307134371,0.018301544623349708,-0.5099205121245931,0.041107862898581926,0.009999999999999998,0.02014004179806862,0.0025,0.0025,0.01,0,94273bac657e725ecd9b0e7ff44d8ff564d8b6604609ab0d3fb1c2a3f938e87c
39102,clamp_q,1,30,111,1,1,1,True,96,1.4383857899586168,0.17601039687059253,2.8748610664512553,1.1153498155090147,0.1487937516135691,0.009999999999999998,0.03946275027397193,0.06,0.04,0.16,8,94273bac657e725ecd9b0e7ff44d8ff564d8b6604609ab0d3fb1c2a3f938e87c
39102,clamp_q,1,31,010,0,1,0,False,96,0.27955882895760636,0.018581643241842683,0.3796829368986915,0.1386560350727817,0.1282849907020689,0.009999999999999998,0.05093861208456787,0.0025,0.04,0.01,1,94273bac657e725ecd9b0e7ff44d8ff564d8b6604609ab0d3fb1c2a3f938e87c
39102,clamp_q,2,32,110,1,1,0,True,96,0.49617159628544066,0.03218105866946594,0.9366338092889593,0.15345043646174067,0.024951414952089985,0.009999999999999998,0.04965697545836173,0.06,0.04,0.01,6,94273bac657e725ecd9b0e7ff44d8ff564d8b6604609ab0d3fb1c2a3f938e87c
39102,clamp_q,2,33,101,1,0,1,True,96,0.7458612335173305,0.06023117187255567,0.9349410923195296,0.7428509491940132,0.030468730117714782,0.009999999999999998,0.10026506776584208,0.06,0.0025,0.16,2,94273bac657e725ecd9b0e7ff44d8ff564d8b6604609ab0d3fb1c2a3f938e87c
39102,clamp_q,2,34,111,1,1,1,True,96,0.9783192362912004,0.07435310488551729,1.0717432801339708,1.352477184588055,0.05407972322077655,0.009999999999999998,0.1613542617437078,0.06,0.04,0.16,3,94273bac657e725ecd9b0e7ff44d8ff564d8b6604609ab0d3fb1c2a3f938e87c
39102,clamp_q,2,35,000,0,0,0,False,96,-0.2847815086906105,0.00688315360297103,0.06976376234652032,-0.534715052600263,0.05189453110077763,0.009999999999999998,0.02815905919984496,0.0025,0.0025,0.01,3,94273bac657e725ecd9b0e7ff44d8ff564d8b6604609ab0d3fb1c2a3f938e87c
39102,clamp_q,2,36,010,0,1,0,False,96,-0.0025925542805071053,0.012043782760002071,0.021834753142230476,-0.1293543261221184,0.033484749116132355,0.009999999999999998,0.01616476114086553,0.0025,0.04,0.01,0,94273bac657e725ecd9b0e7ff44d8ff564d8b6604609ab0d3fb1c2a3f938e87c
39102,clamp_q,2,37,100,1,0,0,False,96,-0.24044664982222552,0.007970028534026629,-0.11774813916496496,-0.38791555524585775,0.03634385776516523,0.009999999999999998,0.006807472501970199,0.06,0.0025,0.01,4,94273bac657e725ecd9b0e7ff44d8ff564d8b6604609ab0d3fb1c2a3f938e87c
39102,clamp_q,2,38,001,0,0,1,False,96,0.41048696916059385,0.03437736865990379,1.4392604362877277,0.2869641513381968,0.047677026214772704,0.009999999999999998,0.03438217196074133,0.0025,0.0025,0.16,0,94273bac657e725ecd9b0e7ff44d8ff564d8b6604609ab0d3fb1c2a3f938e87c
39102,clamp_q,2,39,011,0,1,1,True,96,0.8954930791252611,0.06250437515722168,0.9809016070735441,1.1004464930750282,0.03458823411632944,0.009999999999999998,0.16098715144211564,0.0025,0.04,0.16,0,94273bac657e725ecd9b0e7ff44d8ff564d8b6604609ab0d3fb1c2a3f938e87c
39102,clamp_q,2,40,010,0,1,0,False,96,0.3390365294472448,0.05287588809781537,0.5086862570549647,0.010159596265854396,0.02147733640523579,0.009999999999999998,0.10033655506885568,0.0025,0.04,0.01,1,94273bac657e725ecd9b0e7ff44d8ff564d8b6604609ab0d3fb1c2a3f938e87c
39102,clamp_q,2,41,000,0,0,0,False,96,-0.5811200164760665,0.005126089712594893,-0.48637586646020614,-0.769788593326193,0.008782860338856753,0.009999999999999998,0.009472389347764142,0.0025,0.0025,0.01,0,94273bac657e725ecd9b0e7ff44d8ff564d8b6604609ab0d3fb1c2a3f938e87c
39102,clamp_q,2,42,100,1,0,0,False,96,-0.09226981190455515,0.00676704152282027,-0.013924093775769475,0.7106480609793282,0.01583905142315295,0.009999999999999998,0.005551803614424045,0.06,0.0025,0.01,7,94273bac657e725ecd9b0e7ff44d8ff564d8b6604609ab0d3fb1c2a3f938e87c
39102,clamp_q,2,43,110,1,1,0,True,96,0.5347165441804991,0.03703722001574381,0.12977358734125782,0.5945205693926745,0.03295251569590957,0.009999999999999998,0.05420421139021611,0.06,0.04,0.01,6,94273bac657e725ecd9b0e7ff44d8ff564d8b6604609ab0d3fb1c2a3f938e87c
39102,clamp_q,2,44,011,0,1,1,True,96,0.7431668755399241,0.05225492118405306,1.1837671582987968,0.534804799324168,0.028635295923173525,0.009999999999999998,0.16913551729992995,0.0025,0.04,0.16,0,94273bac657e725ecd9b0e7ff44d8ff564d8b6604609ab0d3fb1c2a3f938e87c
39102,clamp_q,2,45,101,1,0,1,True,96,0.8654261979284253,0.024820051052056747,0.5088461359038037,0.6676410983018055,0.025285634955717128,0.009999999999999998,0.15074149313066337,0.06,0.0025,0.16,3,94273bac657e725ecd9b0e7ff44d8ff564d8b6604609ab0d3fb1c2a3f938e87c
39102,clamp_q,2,46,111,1,1,1,True,96,1.0206503968317227,0.12569784643347456,1.0635123755277869,1.073373391728623,0.02299803448893328,0.009999999999999998,0.2595689463209379,0.06,0.04,0.16,2,94273bac657e725ecd9b0e7ff44d8ff564d8b6604609ab0d3fb1c2a3f938e87c
39102,clamp_q,2,47,001,0,0,1,False,96,0.6751788362723179,0.03543359923515108,0.5257470448170064,0.5393086217799754,0.01845790706038582,0.009999999999999998,0.16038195707345845,0.0025,0.0025,0.16,0,94273bac657e725ecd9b0e7ff44d8ff564d8b6604609ab0d3fb1c2a3f938e87c
39102,clamp_q,3,48,001,0,0,1,False,96,0.6394077380793922,0.029255592075857137,0.8661896070749894,0.39648891807606124,0.014168790246056098,0.009999999999999998,0.11281750502125226,0.0025,0.0025,0.16,0,94273bac657e725ecd9b0e7ff44d8ff564d8b6604609ab0d3fb1c2a3f938e87c
39102,clamp_q,3,49,110,1,1,0,True,96,0.23409580420096257,0.029218342181976113,0.0009393118485186702,0.10867733500303502,0.013322369773066335,0.009999999999999998,0.040998701359813684,0.06,0.04,0.01,5,94273bac657e725ecd9b0e7ff44d8ff564d8b6604609ab0d3fb1c2a3f938e87c
39102,clamp_q,3,50,111,1,1,1,True,96,1.1920303932454537,0.17983671821980596,1.9282027361338558,0.8334006101639082,0.06092205499716733,0.009999999999999998,0.19698593481742718,0.06,0.04,0.16,6,94273bac657e725ecd9b0e7ff44d8ff564d8b6604609ab0d3fb1c2a3f938e87c
39102,clamp_q,3,51,010,0,1,0,False,96,0.32555870576888574,0.03410303430567912,0.45072970785717903,0.4168533450083246,0.041577972489294325,0.009999999999999998,0.06721768999395995,0.0025,0.04,0.01,0,94273bac657e725ecd9b0e7ff44d8ff564d8b6604609ab0d3fb1c2a3f938e87c
39102,clamp_q,3,52,101,1,0,1,True,96,0.9189949276853454,0.09248308380596444,1.0742606201250582,1.1187481009985363,0.029219395674929958,0.009999999999999998,0.20150464096346213,0.06,0.0025,0.16,6,94273bac657e725ecd9b0e7ff44d8ff564d8b6604609ab0d3fb1c2a3f938e87c
39102,clamp_q,3,53,100,1,0,0,False,96,-0.03944827362564693,0.005583095281797402,0.11963376008312238,0.04941342769761298,0.05103978862504388,0.009999999999999998,0.014599235033051846,0.06,0.0025,0.01,8,94273bac657e725ecd9b0e7ff44d8ff564d8b6604609ab0d3fb1c2a3f938e87c
39102,clamp_q,3,54,011,0,1,1,True,96,1.5229350783439681,0.0953089238132452,3.016987176750553,0.9432382429441903,0.15600024923392447,0.009999999999999998,0.06608242627573492,0.0025,0.04,0.16,0,94273bac657e725ecd9b0e7ff44d8ff564d8b6604609ab0d3fb1c2a3f938e87c
39102,clamp_q,3,55,000,0,0,0,False,96,-0.5017421611286347,0.006572418928201079,0.06357630990831378,-0.6306413395042827,0.09932904612221756,0.009999999999999998,0.02221752159938743,0.0025,0.0025,0.01,0,94273bac657e725ecd9b0e7ff44d8ff564d8b6604609ab0d3fb1c2a3f938e87c
39102,clamp_q,3,56,100,1,0,0,False,96,-0.07823960741939853,0.0073684761496721875,-0.4372302170964135,0.5787810033740477,0.06612355617860083,0.009999999999999998,0.0041004271228515686,0.06,0.0025,0.01,6,94273bac657e725ecd9b0e7ff44d8ff564d8b6604609ab0d3fb1c2a3f938e87c
39102,clamp_q,3,57,000,0,0,0,False,96,-0.47091148404702654,0.005874818531763457,-0.44890566173680024,-0.5606344800699821,0.04460710906883531,0.009999999999999998,0.007133185882634674,0.0025,0.0025,0.01,0,94273bac657e725ecd9b0e7ff44d8ff564d8b6604609ab0d3fb1c2a3f938e87c
39102,clamp_q,3,58,010,0,1,0,False,96,0.16214851835800595,0.011492822519844131,0.3914620881118995,0.238935331662351,0.028857022003497768,0.009999999999999998,0.024131299466993047,0.0025,0.04,0.01,0,94273bac657e725ecd9b0e7ff44d8ff564d8b6604609ab0d3fb1c2a3f938e87c
39102,clamp_q,3,59,001,0,0,1,False,96,0.6779250939359892,0.04226190524515411,0.8010311009942734,0.44173259812955146,0.03218466479039581,0.009999999999999998,0.12225319876361618,0.0025,0.0025,0.16,0,94273bac657e725ecd9b0e7ff44d8ff564d8b6604609ab0d3fb1c2a3f938e87c
39102,clamp_q,3,60,101,1,0,1,True,96,0.821920835109427,0.04906486948156847,1.083476064677655,0.5272359607531456,0.030947435998618333,0.009999999999999998,0.14210618317317716,0.06,0.0025,0.16,3,94273bac657e725ecd9b0e7ff44d8ff564d8b6604609ab0d3fb1c2a3f938e87c
39102,clamp_q,3,61,011,0,1,1,True,96,0.7916645751741266,0.04130036789959577,0.7468634442959545,0.9454160730244411,0.026133254740896186,0.009999999999999998,0.1836312258915763,0.0025,0.04,0.16,0,94273bac657e725ecd9b0e7ff44d8ff564d8b6604609ab0d3fb1c2a3f938e87c
39102,clamp_q,3,62,110,1,1,0,True,96,0.507541690697317,0.027418402961798777,0.33423817971514014,0.3048651706389793,0.02904224760976518,0.009999999999999998,0.06492490133445426,0.06,0.04,0.01,6,94273bac657e725ecd9b0e7ff44d8ff564d8b6604609ab0d3fb1c2a3f938e87c
39102,clamp_q,3,63,111,1,1,1,True,96,1.13210945274412,0.0865748898747527,1.0953664810660837,1.1793809272585922,0.0765642712905489,0.009999999999999998,0.11932661680733643,0.06,0.04,0.16,9,94273bac657e725ecd9b0e7ff44d8ff564d8b6604609ab0d3fb1c2a3f938e87c
39102,clamp_r,0,0,010,0,1,0,False,96,0.28245284513691554,0.021116242179384345,0.682064104211644,0.31914606656703853,0.014920522760297808,0.010415284771028393,0.039999999999999994,0.0025,0.04,0.01,1,94273bac657e725ecd9b0e7ff44d8ff564d8b6604609ab0d3fb1c2a3f938e87c
39102,clamp_r,0,1,101,1,0,1,True,96,1.0003679444865412,0.09777774715092286,0.45849556463940355,1.4010247133209632,0.015492089092080523,0.1309757242090418,0.039999999999999994,0.06,0.0025,0.16,7,94273bac657e725ecd9b0e7ff44d8ff564d8b6604609ab0d3fb1c2a3f938e87c
39102,clamp_r,0,2,001,0,0,1,False,96,0.7213978957765486,0.0869755425147627,0.929400808001692,0.9108276901224164,0.03367369319652023,0.09548778576315446,0.039999999999999994,0.0025,0.0025,0.16,0,94273bac657e725ecd9b0e7ff44d8ff564d8b6604609ab0d3fb1c2a3f938e87c
39102,clamp_r,0,3,011,0,1,1,True,96,1.0011145763185125,0.14110569596707553,0.8486904485139656,1.3531815675999355,0.024091761820090058,0.1755330050991022,0.039999999999999994,0.0025,0.04,0.16,0,94273bac657e725ecd9b0e7ff44d8ff564d8b6604609ab0d3fb1c2a3f938e87c
39102,clamp_r,0,4,000,0,0,0,False,96,-0.30707566702371103,0.005453862134746992,-0.010015371295317758,-0.44267910579363506,0.0156539717449734,0.014921688856810347,0.039999999999999994,0.0025,0.0025,0.01,0,94273bac657e725ecd9b0e7ff44d8ff564d8b6604609ab0d3fb1c2a3f938e87c
39102,clamp_r,0,5,100,1,0,0,False,96,-0.01099142304190276,0.012784202756316441,0.4554039011619152,-0.04846482466897825,0.024489446780538698,0.0013112319661273705,0.039999999999999994,0.06,0.0025,0.01,5,94273bac657e725ecd9b0e7ff44d8ff564d8b6604609ab0d3fb1c2a3f938e87c
39102,clamp_r,0,6,111,1,1,1,True,96,1.7012492568508168,0.12610857180440424,1.8521988938550744,1.4719355896080895,0.09925601702115017,0.0020380530043375427,0.039999999999999994,0.06,0.04,0.16,4,94273bac657e725ecd9b0e7ff44d8ff564d8b6604609ab0d3fb1c2a3f938e87c
39102,clamp_r,0,7,110,1,1,0,True,96,0.2545286208261142,0.0208571743752434,0.23602924774866058,0.4261666102143812,0.13914995617233575,0.0035096032590444053,0.039999999999999994,0.06,0.04,0.01,3,94273bac657e725ecd9b0e7ff44d8ff564d8b6604609ab0d3fb1c2a3f938e87c
39102,clamp_r,0,8,111,1,1,1,True,96,1.3292975371115336,0.13042764371374882,0.9326217545917704,1.3859708092577465,0.10153506770781218,0.17037157945017403,0.039999999999999994,0.06,0.04,0.16,7,94273bac657e725ecd9b0e7ff44d8ff564d8b6604609ab0d3fb1c2a3f938e87c
39102,clamp_r,0,9,011,0,1,1,True,96,1.073571078592097,0.11907393939021273,1.233114040725033,0.8206718006025885,0.08578712978177587,0.19948693310004625,0.039999999999999994,0.0025,0.04,0.16,0,94273bac657e725ecd9b0e7ff44d8ff564d8b6604609ab0d3fb1c2a3f938e87c
39102,clamp_r,0,10,001,0,0,1,False,96,0.8378604787993956,0.08235941363250276,0.5291791072846936,0.8486840498764935,0.03666029980112174,0.1351152881692725,0.039999999999999994,0.0025,0.0025,0.16,0,94273bac657e725ecd9b0e7ff44d8ff564d8b6604609ab0d3fb1c2a3f938e87c
39102,clamp_r,0,11,100,1,0,0,False,96,-0.03065942293663561,0.002770866670440488,0.7117915370141404,-0.07551747595326708,0.03586969917324439,0.007672109652254983,0.039999999999999994,0.06,0.0025,0.01,5,94273bac657e725ecd9b0e7ff44d8ff564d8b6604609ab0d3fb1c2a3f938e87c
39102,clamp_r,0,12,110,1,1,0,True,96,0.531375031276015,0.02785921823705619,0.7971029101047186,0.5073955966245928,0.04770716449598933,0.002796722765546874,0.039999999999999994,0.06,0.04,0.01,6,94273bac657e725ecd9b0e7ff44d8ff564d8b6604609ab0d3fb1c2a3f938e87c
39102,clamp_r,0,13,101,1,0,1,True,96,1.0876589067848064,0.12327234192602614,1.1611256699309354,0.8558403364459286,0.07673059348045443,0.06759543846859223,0.039999999999999994,0.06,0.0025,0.16,6,94273bac657e725ecd9b0e7ff44d8ff564d8b6604609ab0d3fb1c2a3f938e87c
39102,clamp_r,0,14,000,0,0,0,False,96,-0.212635928742678,0.0036247626211957464,0.34449731778487114,-0.33816012559591013,0.06060504677259304,0.00842797927945902,0.039999999999999994,0.0025,0.0025,0.01,1,94273bac657e725ecd9b0e7ff44d8ff564d8b6604609ab0d3fb1c2a3f938e87c
39102,clamp_r,0,15,010,0,1,0,False,96,0.3955900362902922,0.03579939352661048,0.27927747864323965,0.17669144149368493,0.030314650226423896,0.004387016974091307,0.039999999999999994,0.0025,0.04,0.01,0,94273bac657e725ecd9b0e7ff44d8ff564d8b6604609ab0d3fb1c2a3f938e87c
39102,clamp_r,1,16,011,0,1,1,True,96,1.092397063028718,0.12178181644074486,1.0815155433924832,1.053927060275401,0.013927968706632264,0.15054644284450494,0.039999999999999994,0.0025,0.04,0.16,0,94273bac657e725ecd9b0e7ff44d8ff564d8b6604609ab0d3fb1c2a3f938e87c
39102,clamp_r,1,17,100,1,0,0,False,96,0.08317170779784994,0.005862744874377939,-0.19392388210926848,-0.3406192081393435,0.031463397121681946,0.008035122059066589,0.039999999999999994,0.06,0.0025,0.01,7,94273bac657e725ecd9b0e7ff44d8ff564d8b6604609ab0d3fb1c2a3f938e87c
39102,clamp_r,1,18,101,1,0,1,True,96,1.2160022635220156,0.08095748762731848,1.4918946303321508,1.2057685999299403,0.07692591412765813,0.022930183257437824,0.039999999999999994,0.06,0.0025,0.16,5,94273bac657e725ecd9b0e7ff44d8ff564d8b6604609ab0d3fb1c2a3f938e87c
39102,clamp_r,1,19,110,1,1,0,True,96,0.229877482635247,0.018963874648126048,0.06982863362524111,-0.11838887134530733,0.0860827377496064,0.014817377416024282,0.039999999999999994,0.06,0.04,0.01,4,94273bac657e725ecd9b0e7ff44d8ff564d8b6604609ab0d3fb1c2a3f938e87c
39102,clamp_r,1,20,000,0,0,0,False,96,-0.40902151690551874,0.0042372829404879785,-0.30561540062549025,-0.48394855981508333,0.04663966901760991,0.002294007863735663,0.039999999999999994,0.0025,0.0025,0.01,0,94273bac657e725ecd9b0e7ff44d8ff564d8b6604609ab0d3fb1c2a3f938e87c
39102,clamp_r,1,21,010,0,1,0,False,96,0.4026762665182706,0.04017166329701107,-0.09285248246967465,0.1547882150074074,0.027306531620096042,0.0017454313171536631,0.039999999999999994,0.0025,0.04,0.01,0,94273bac657e725ecd9b0e7ff44d8ff564d8b6604609ab0d3fb1c2a3f938e87c
39102,clamp_r,1,22,111,1,1,1,True,96,1.5410495437510017,0.1269376213845076,1.3912155467792546,1.022623340388232,0.07069653024844814,0.12081438037342392,0.039999999999999994,0.06,0.04,0.16,10,94273bac657e725ecd9b0e7ff44d8ff564d8b6604609ab0d3fb1c2a3f938e87c
39102,clamp_r,1,23,001,0,0,1,False,96,0.8380916348734884,0.11603227366513734,0.7239983141285566,1.0277848512153454,0.09200050421439189,0.11431298756419633,0.039999999999999994,0.0025,0.0025,0.16,0,94273bac657e725ecd9b0e7ff44d8ff564d8b6604609ab0d3fb1c2a3f938e87c
39102,clamp_r,1,24,110,1,1,0,True,96,0.29627201794950325,0.01528180272700145,0.5394072935452722,0.1465340148465467,0.07680676799074304,0.018534519614053672,0.039999999999999994,0.06,0.04,0.01,5,94273bac657e725ecd9b0e7ff44d8ff564d8b6604609ab0d3fb1c2a3f938e87c
39102,clamp_r,1,25,101,1,0,1,True,96,1.1592281524375505,0.15508986101820854,0.5731437422086136,1.6436151743566356,0.11054800342250344,0.031060662484923122,0.039999999999999994,0.06,0.0025,0.16,7,94273bac657e725ecd9b0e7ff44d8ff564d8b6604609ab0d3fb1c2a3f938e87c
39102,clamp_r,1,26,100,1,0,0,False,96,0.04823689246607225,0.004724642758157575,0.4889839155415386,-0.3637173613704192,0.11721940082513642,0.020416974779533404,0.039999999999999994,0.06,0.0025,0.01,5,94273bac657e725ecd9b0e7ff44d8ff564d8b6604609ab0d3fb1c2a3f938e87c
39102,clamp_r,1,27,011,0,1,1,True,96,0.8413879494138068,0.07574036790833545,0.3251347008845986,0.91475110004453,0.10130723607038696,0.0049146138760099356,0.039999999999999994,0.0025,0.04,0.16,0,94273bac657e725ecd9b0e7ff44d8ff564d8b6604609ab0d3fb1c2a3f938e87c
39102,clamp_r,1,28,001,0,0,1,False,96,0.9313076034101623,0.11667537133095007,0.5543576349704302,1.2956829667697463,0.12946730675914414,0.06041168942198354,0.039999999999999994,0.0025,0.0025,0.16,0,94273bac657e725ecd9b0e7ff44d8ff564d8b6604609ab0d3fb1c2a3f938e87c
39102,clamp_r,1,29,000,0,0,0,False,96,-0.22555545844081082,0.0046125437238103565,0.12254561680003237,-0.31855614428511236,0.09087019723480665,0.014214797981679383,0.039999999999999994,0.0025,0.0025,0.01,0,94273bac657e725ecd9b0e7ff44d8ff564d8b6604609ab0d3fb1c2a3f938e87c
39102,clamp_r,1,30,111,1,1,1,True,96,1.277772796220759,0.17001246488707408,1.721885715798859,1.5111000722194265,0.11704894076477768,0.003975385055914195,0.039999999999999994,0.06,0.04,0.16,8,94273bac657e725ecd9b0e7ff44d8ff564d8b6604609ab0d3fb1c2a3f938e87c
39102,clamp_r,1,31,010,0,1,0,False,96,0.23359902940187274,0.017815388238932924,0.23171280470476233,0.13017275704556902,0.12204744889413525,0.009044269063207907,0.039999999999999994,0.0025,0.04,0.01,1,94273bac657e725ecd9b0e7ff44d8ff564d8b6604609ab0d3fb1c2a3f938e87c
39102,clamp_r,2,32,110,1,1,0,True,96,0.44995026839696517,0.027929898860788987,0.9043427237070613,0.05320406092985025,0.02519364510184473,0.011909598274557965,0.039999999999999994,0.06,0.04,0.01,6,94273bac657e725ecd9b0e7ff44d8ff564d8b6604609ab0d3fb1c2a3f938e87c
39102,clamp_r,2,33,101,1,0,1,True,96,0.8895022137157955,0.09611314089435376,1.3166110912433844,0.7021143463810735,0.03528829729743797,0.07839425269830928,0.039999999999999994,0.06,0.0025,0.16,2,94273bac657e725ecd9b0e7ff44d8ff564d8b6604609ab0d3fb1c2a3f938e87c
39102,clamp_r,2,34,111,1,1,1,True,96,1.0770350645730824,0.12409908587865388,1.3104418891234824,1.5519364591378688,0.07258846065482305,0.11743756847713838,0.039999999999999994,0.06,0.04,0.16,3,94273bac657e725ecd9b0e7ff44d8ff564d8b6604609ab0d3fb1c2a3f938e87c
39102,clamp_r,2,35,000,0,0,0,False,96,-0.14251207063527788,0.00541181889881977,0.014736894934176764,-0.39843097464785715,0.06858372602150216,0.016793018292231596,0.039999999999999994,0.0025,0.0025,0.01,3,94273bac657e725ecd9b0e7ff44d8ff564d8b6604609ab0d3fb1c2a3f938e87c
39102,clamp_r,2,36,010,0,1,0,False,96,0.14687773720248548,0.032777289207375646,0.0969703021588586,-0.05088039980563375,0.035260591415223426,0.00254790758242999,0.039999999999999994,0.0025,0.04,0.01,0,94273bac657e725ecd9b0e7ff44d8ff564d8b6604609ab0d3fb1c2a3f938e87c
39102,clamp_r,2,37,100,1,0,0,False,96,-0.07953280335446715,0.009154717493391445,0.1075853908611826,-0.40936001862274735,0.03356389852334693,0.001802316752821373,0.039999999999999994,0.06,0.0025,0.01,4,94273bac657e725ecd9b0e7ff44d8ff564d8b6604609ab0d3fb1c2a3f938e87c
39102,clamp_r,2,38,001,0,0,1,False,96,0.31374794013989327,0.024211551246080567,0.9219414550921643,0.33979549945020415,0.03392970798098069,0.0014381151400176342,0.039999999999999994,0.0025,0.0025,0.16,0,94273bac657e725ecd9b0e7ff44d8ff564d8b6604609ab0d3fb1c2a3f938e87c
39102,clamp_r,2,39,011,0,1,1,True,96,1.3008183359877743,0.13036133559281624,1.7239556557542572,1.1553162152084862,0.06982278971594029,0.0506981928417948,0.039999999999999994,0.0025,0.04,0.16,0,94273bac657e725ecd9b0e7ff44d8ff564d8b6604609ab0d3fb1c2a3f938e87c
39102,clamp_r,2,40,010,0,1,0,False,96,0.17948850581750153,0.021623845451213274,0.29749623508506096,0.024664839788199805,0.062188572242222774,0.02155632300751989,0.039999999999999994,0.0025,0.04,0.01,1,94273bac657e725ecd9b0e7ff44d8ff564d8b6604609ab0d3fb1c2a3f938e87c
39102,clamp_r,2,41,000,0,0,0,False,96,-0.37138381454299835,0.0035305982743985055,-0.3254464987160328,-0.4278436221256414,0.026069770391825564,0.0026929976809771813,0.039999999999999994,0.0025,0.0025,0.01,0,94273bac657e725ecd9b0e7ff44d8ff564d8b6604609ab0d3fb1c2a3f938e87c
39102,clamp_r,2,42,100,1,0,0,False,96,-0.018565028422021863,0.012431642363020877,0.016844572236403288,0.7602636597863786,0.021809017814409203,0.0009676269882117044,0.039999999999999994,0.06,0.0025,0.01,7,94273bac657e725ecd9b0e7ff44d8ff564d8b6604609ab0d3fb1c2a3f938e87c
39102,clamp_r,2,43,110,1,1,0,True,96,0.684240384446134,0.05164143707576779,0.14203005404050523,0.6721454635300519,0.036749064333309205,0.0014263251774493972,0.039999999999999994,0.06,0.04,0.01,6,94273bac657e725ecd9b0e7ff44d8ff564d8b6604609ab0d3fb1c2a3f938e87c
39102,clamp_r,2,44,011,0,1,1,True,96,1.0408334765118246,0.09162526539066575,1.6515085002430543,0.6070629238630432,0.050009379364746344,0.09510392648717385,0.039999999999999994,0.0025,0.04,0.16,0,94273bac657e725ecd9b0e7ff44d8ff564d8b6604609ab0d3fb1c2a3f938e87c
39102,clamp_r,2,45,101,1,0,1,True,96,1.0721962524460047,0.10736821677063542,0.6134698209383203,0.9247609005238351,0.04362100232212355,0.16933902128400455,0.039999999999999994,0.06,0.0025,0.16,3,94273bac657e725ecd9b0e7ff44d8ff564d8b6604609ab0d3fb1c2a3f938e87c
39102,clamp_r,2,46,111,1,1,1,True,96,1.0977915260533058,0.15141381178936839,1.01350723503672,0.8240493889375737,0.04151551455663822,0.20886594588567753,0.039999999999999994,0.06,0.04,0.16,2,94273bac657e725ecd9b0e7ff44d8ff564d8b6604609ab0d3fb1c2a3f938e87c
39102,clamp_r,2,47,001,0,0,1,False,96,0.8639389235652345,0.11038324638321051,0.49265440635800584,0.7388672413079557,0.039617949655469116,0.14937448798398298,0.039999999999999994,0.0025,0.0025,0.16,0,94273bac657e725ecd9b0e7ff44d8ff564d8b6604609ab0d3fb1c2a3f938e87c
39102,clamp_r,3,48,001,0,0,1,False,96,0.8509074689290315,0.07596995965919968,0.9655818604816246,0.5400032908318091,0.01810713113324623,0.11019391275896855,0.039999999999999994,0.0025,0.0025,0.16,0,94273bac657e725ecd9b0e7ff44d8ff564d8b6604609ab0d3fb1c2a3f938e87c
39102,clamp_r,3,49,110,1,1,0,True,96,0.2375124827624767,0.02796204342443324,-0.005767486870599414,0.2918236435800622,0.01656950063696697,0.014043188421929233,0.039999999999999994,0.06,0.04,0.01,5,94273bac657e725ecd9b0e7ff44d8ff564d8b6604609ab0d3fb1c2a3f938e87c
39102,clamp_r,3,50,111,1,1,1,True,96,1.2839641389457321,0.1591928140844385,1.9501061112718086,1.0569646033607465,0.06860821015670605,0.14574268449529126,0.039999999999999994,0.06,0.04,0.16,6,94273bac657e725ecd9b0e7ff44d8ff564d8b6604609ab0d3fb1c2a3f938e87c
39102,clamp_r,3,51,010,0,1,0,False,96,0.24779197014475995,0.017538047797890633,0.19859591291754197,0.36048090522602105,0.05056907625683135,0.02550203432295409,0.039999999999999994,0.0025,0.04,0.01,0,94273bac657e725ecd9b0e7ff44d8ff564d8b6604609ab0d3fb1c2a3f938e87c
39102,clamp_r,3,52,101,1,0,1,True,96,1.1177634293550056,0.15518172944055736,1.4118936230820718,1.3737649377756642,0.04410023507138083,0.19473326274598612,0.039999999999999994,0.06,0.0025,0.16,6,94273bac657e725ecd9b0e7ff44d8ff564d8b6604609ab0d3fb1c2a3f938e87c
39102,clamp_r,3,53,100,1,0,0,False,96,0.17912778314479552,0.005537952297903726,0.20279621702895761,0.005705800513821996,0.056635030773386975,0.00977568150139172,0.039999999999999994,0.06,0.0025,0.01,8,94273bac657e725ecd9b0e7ff44d8ff564d8b6604609ab0d3fb1c2a3f938e87c
39102,clamp_r,3,54,011,0,1,1,True,96,1.3132747804316445,0.09564224071244538,1.818586100277697,1.0948324991607024,0.09727340457569585,0.03209714658223914,0.039999999999999994,0.0025,0.04,0.16,0,94273bac657e725ecd9b0e7ff44d8ff564d8b6604609ab0d3fb1c2a3f938e87c
39102,clamp_r,3,55,000,0,0,0,False,96,-0.2946952942087686,0.006222866931971992,0.05806790678727519,-0.41540011448305936,0.07388385319219974,0.01837733231672349,0.039999999999999994,0.0025,0.0025,0.01,0,94273bac657e725ecd9b0e7ff44d8ff564d8b6604609ab0d3fb1c2a3f938e87c
39102,clamp_r,3,56,100,1,0,0,False,96,0.0025870473585236178,0.008420942374629469,-0.0524800799670023,0.40753531505475793,0.05391234482650145,0.0010888936918757996,0.039999999999999994,0.06,0.0025,0.01,6,94273bac657e725ecd9b0e7ff44d8ff564d8b6604609ab0d3fb1c2a3f938e87c
39102,clamp_r,3,57,000,0,0,0,False,96,-0.40338256189864524,0.004673471358217333,-0.3946812440028269,-0.43898373672567237,0.03479889215566668,0.0006986360787966881,0.039999999999999994,0.0025,0.0025,0.01,0,94273bac657e725ecd9b0e7ff44d8ff564d8b6604609ab0d3fb1c2a3f938e87c
39102,clamp_r,3,58,010,0,1,0,False,96,0.2791263731060051,0.035761940568720174,0.5400949310760105,0.25340952859867316,0.023217582050932894,0.0006583184568805466,0.039999999999999994,0.0025,0.04,0.01,0,94273bac657e725ecd9b0e7ff44d8ff564d8b6604609ab0d3fb1c2a3f938e87c
39102,clamp_r,3,59,001,0,0,1,False,96,1.0941147141489087,0.09973231667936612,0.8017154838840854,0.6275381630577028,0.05316489258383409,0.0011578602029870334,0.039999999999999994,0.0025,0.0025,0.16,0,94273bac657e725ecd9b0e7ff44d8ff564d8b6604609ab0d3fb1c2a3f938e87c
39102,clamp_r,3,60,101,1,0,1,True,96,1.1241326554261653,0.1057110334967628,1.5586071471452412,0.7874235104506168,0.12756805450717754,0.007811700697499498,0.039999999999999994,0.06,0.0025,0.16,3,94273bac657e725ecd9b0e7ff44d8ff564d8b6604609ab0d3fb1c2a3f938e87c
39102,clamp_r,3,61,011,0,1,1,True,96,0.9710522226532925,0.13964137147467767,0.8687703386082681,1.117400060014051,0.11802533622855498,0.1622467589625377,0.039999999999999994,0.0025,0.04,0.16,0,94273bac657e725ecd9b0e7ff44d8ff564d8b6604609ab0d3fb1c2a3f938e87c
39102,clamp_r,3,62,110,1,1,0,True,96,0.41936542153882894,0.019337197707305052,0.12439861572687799,0.30556035947742616,0.09514087954455996,0.015258256005262283,0.039999999999999994,0.06,0.04,0.01,6,94273bac657e725ecd9b0e7ff44d8ff564d8b6604609ab0d3fb1c2a3f938e87c
39102,clamp_r,3,63,111,1,1,1,True,96,1.1878409134164427,0.10554715727748647,1.0864963735182172,1.2389862704763817,0.12311086474556783,0.07375900109949625,0.039999999999999994,0.06,0.04,0.16,9,94273bac657e725ecd9b0e7ff44d8ff564d8b6604609ab0d3fb1c2a3f938e87c
39102,oracle_dynamic,0,0,010,0,1,0,False,96,0.19823745798633333,0.008757058629130123,0.842540632271976,0.05421262707209466,0.0024999999999999996,0.039999999999999994,0.009999999999999998,0.0025,0.04,0.01,1,94273bac657e725ecd9b0e7ff44d8ff564d8b6604609ab0d3fb1c2a3f938e87c
39102,oracle_dynamic,0,1,101,1,0,1,True,96,0.8959611653513276,0.05401897838963531,0.524799818185681,1.3027180021240732,0.06000000000000002,0.0024999999999999996,0.15999999999999998,0.06,0.0025,0.16,7,94273bac657e725ecd9b0e7ff44d8ff564d8b6604609ab0d3fb1c2a3f938e87c
39102,oracle_dynamic,0,2,001,0,0,1,False,96,0.4860875435738011,0.019839980326760532,0.7101837621445455,0.5438599670728914,0.0024999999999999996,0.0024999999999999996,0.15999999999999998,0.0025,0.0025,0.16,0,94273bac657e725ecd9b0e7ff44d8ff564d8b6604609ab0d3fb1c2a3f938e87c
39102,oracle_dynamic,0,3,011,0,1,1,True,96,0.8093033202956065,0.068566643440626,0.8424713186834817,1.047214468799984,0.0024999999999999996,0.039999999999999994,0.15999999999999998,0.0025,0.04,0.16,0,94273bac657e725ecd9b0e7ff44d8ff564d8b6604609ab0d3fb1c2a3f938e87c
39102,oracle_dynamic,0,4,000,0,0,0,False,96,-0.6028002777683842,0.0040343439694394785,-0.42161645520141244,-0.7570475066437783,0.0024999999999999996,0.0024999999999999996,0.009999999999999998,0.0025,0.0025,0.01,0,94273bac657e725ecd9b0e7ff44d8ff564d8b6604609ab0d3fb1c2a3f938e87c
39102,oracle_dynamic,0,5,100,1,0,0,False,96,-0.2502205091715245,0.006281016721820218,-0.017313140947510686,-0.35513697595731053,0.06000000000000002,0.0024999999999999996,0.009999999999999998,0.06,0.0025,0.01,5,94273bac657e725ecd9b0e7ff44d8ff564d8b6604609ab0d3fb1c2a3f938e87c
39102,oracle_dynamic,0,6,111,1,1,1,True,96,0.9823825555158661,0.06691800300936751,0.8922776563928531,0.999444692323284,0.06000000000000002,0.039999999999999994,0.15999999999999998,0.06,0.04,0.16,4,94273bac657e725ecd9b0e7ff44d8ff564d8b6604609ab0d3fb1c2a3f938e87c
39102,oracle_dynamic,0,7,110,1,1,0,True,96,0.1381951140042002,0.007076825421961345,0.08640772679973491,-0.004625944463479893,0.06000000000000002,0.039999999999999994,0.009999999999999998,0.06,0.04,0.01,3,94273bac657e725ecd9b0e7ff44d8ff564d8b6604609ab0d3fb1c2a3f938e87c
39102,oracle_dynamic,0,8,111,1,1,1,True,96,1.1481719981456722,0.083876731697251,0.7027239043095881,1.2765771316896837,0.06000000000000002,0.039999999999999994,0.15999999999999998,0.06,0.04,0.16,7,94273bac657e725ecd9b0e7ff44d8ff564d8b6604609ab0d3fb1c2a3f938e87c
39102,oracle_dynamic,0,9,011,0,1,1,True,96,0.838679139841561,0.07493834898775747,0.936010390803953,0.6942407173201581,0.0024999999999999996,0.039999999999999994,0.15999999999999998,0.0025,0.04,0.16,0,94273bac657e725ecd9b0e7ff44d8ff564d8b6604609ab0d3fb1c2a3f938e87c
39102,oracle_dynamic,0,10,001,0,0,1,False,96,0.5175887554261269,0.012171929945435806,0.3985158473880533,0.43336483930928554,0.0024999999999999996,0.0024999999999999996,0.15999999999999998,0.0025,0.0025,0.16,0,94273bac657e725ecd9b0e7ff44d8ff564d8b6604609ab0d3fb1c2a3f938e87c
39102,oracle_dynamic,0,11,100,1,0,0,False,96,-0.2643300258169537,0.0030314980509051075,0.38231663010413675,-0.5099768888020771,0.06000000000000002,0.0024999999999999996,0.009999999999999998,0.06,0.0025,0.01,5,94273bac657e725ecd9b0e7ff44d8ff564d8b6604609ab0d3fb1c2a3f938e87c
39102,oracle_dynamic,0,12,110,1,1,0,True,96,0.35681587686106747,0.00836365021631714,0.6481710777861749,0.3096204819307889,0.06000000000000002,0.039999999999999994,0.009999999999999998,0.06,0.04,0.01,6,94273bac657e725ecd9b0e7ff44d8ff564d8b6604609ab0d3fb1c2a3f938e87c
39102,oracle_dynamic,0,13,101,1,0,1,True,96,0.8363650070786991,0.08243384859095357,0.6652926463218742,0.8618354477025035,0.06000000000000002,0.0024999999999999996,0.15999999999999998,0.06,0.0025,0.16,6,94273bac657e725ecd9b0e7ff44d8ff564d8b6604609ab0d3fb1c2a3f938e87c
39102,oracle_dynamic,0,14,000,0,0,0,False,96,-0.4929253186181279,0.0036549226122559605,-0.0043569899857731215,-0.490099504351067,0.0024999999999999996,0.0024999999999999996,0.009999999999999998,0.0025,0.0025,0.01,1,94273bac657e725ecd9b0e7ff44d8ff564d8b6604609ab0d3fb1c2a3f938e87c
39102,oracle_dynamic,0,15,010,0,1,0,False,96,0.0779636233516585,0.007296705711826168,-0.022855337220032718,0.15201416532257472,0.0024999999999999996,0.039999999999999994,0.009999999999999998,0.0025,0.04,0.01,0,94273bac657e725ecd9b0e7ff44d8ff564d8b6604609ab0d3fb1c2a3f938e87c
39102,oracle_dynamic,1,16,011,0,1,1,True,96,0.8494409298970331,0.06274931609685437,0.8096925817164133,0.8092329127839608,0.0024999999999999996,0.039999999999999994,0.15999999999999998,0.0025,0.04,0.16,0,94273bac657e725ecd9b0e7ff44d8ff564d8b6604609ab0d3fb1c2a3f938e87c
39102,oracle_dynamic,1,17,100,1,0,0,False,96,-0.20953421613743883,0.0041942218912883085,-0.6249849010177817,-0.5558670617249466,0.06000000000000002,0.0024999999999999996,0.009999999999999998,0.06,0.0025,0.01,7,94273bac657e725ecd9b0e7ff44d8ff564d8b6604609ab0d3fb1c2a3f938e87c
39102,oracle_dynamic,1,18,101,1,0,1,True,96,0.8736180197135693,0.03251724705991494,0.9687100154234956,0.9571064548280074,0.06000000000000002,0.0024999999999999996,0.15999999999999998,0.06,0.0025,0.16,5,94273bac657e725ecd9b0e7ff44d8ff564d8b6604609ab0d3fb1c2a3f938e87c
39102,oracle_dynamic,1,19,110,1,1,0,True,96,0.11470474706170315,0.008980908531332715,-0.13790464893701676,-0.06825597676304555,0.06000000000000002,0.039999999999999994,0.009999999999999998,0.06,0.04,0.01,4,94273bac657e725ecd9b0e7ff44d8ff564d8b6604609ab0d3fb1c2a3f938e87c
39102,oracle_dynamic,1,20,000,0,0,0,False,96,-0.7809689181625613,0.004025991108926293,-0.6643507928334094,-0.8418344128885733,0.0024999999999999996,0.0024999999999999996,0.009999999999999998,0.0025,0.0025,0.01,0,94273bac657e725ecd9b0e7ff44d8ff564d8b6604609ab0d3fb1c2a3f938e87c
39102,oracle_dynamic,1,21,010,0,1,0,False,96,0.10495750144923112,0.009724553943062661,-0.10022647393502912,-0.10613372449412972,0.0024999999999999996,0.039999999999999994,0.009999999999999998,0.0025,0.04,0.01,0,94273bac657e725ecd9b0e7ff44d8ff564d8b6604609ab0d3fb1c2a3f938e87c
39102,oracle_dynamic,1,22,111,1,1,1,True,96,1.2070703201584225,0.07494091269104493,0.821601001486846,0.799016420980071,0.06000000000000002,0.039999999999999994,0.15999999999999998,0.06,0.04,0.16,10,94273bac657e725ecd9b0e7ff44d8ff564d8b6604609ab0d3fb1c2a3f938e87c
39102,oracle_dynamic,1,23,001,0,0,1,False,96,0.6023072657385166,0.017282806691368145,0.5551273071233895,0.8109839686391137,0.0024999999999999996,0.0024999999999999996,0.15999999999999998,0.0025,0.0025,0.16,0,94273bac657e725ecd9b0e7ff44d8ff564d8b6604609ab0d3fb1c2a3f938e87c
39102,oracle_dynamic,1,24,110,1,1,0,True,96,0.2475202542190342,0.008869878173368555,0.4507283553217818,0.18601830763957317,0.06000000000000002,0.039999999999999994,0.009999999999999998,0.06,0.04,0.01,5,94273bac657e725ecd9b0e7ff44d8ff564d8b6604609ab0d3fb1c2a3f938e87c
39102,oracle_dynamic,1,25,101,1,0,1,True,96,0.9803893381757351,0.08054715564021907,0.49630867081611457,1.2144822449184876,0.06000000000000002,0.0024999999999999996,0.15999999999999998,0.06,0.0025,0.16,7,94273bac657e725ecd9b0e7ff44d8ff564d8b6604609ab0d3fb1c2a3f938e87c
39102,oracle_dynamic,1,26,100,1,0,0,False,96,-0.2698340100878254,0.00483880127172356,0.18218534539814546,-0.752749016012463,0.06000000000000002,0.0024999999999999996,0.009999999999999998,0.06,0.0025,0.01,5,94273bac657e725ecd9b0e7ff44d8ff564d8b6604609ab0d3fb1c2a3f938e87c
39102,oracle_dynamic,1,27,011,0,1,1,True,96,0.6292574972247265,0.0454521263076579,0.40295882199995803,0.7340888172651374,0.0024999999999999996,0.039999999999999994,0.15999999999999998,0.0025,0.04,0.16,0,94273bac657e725ecd9b0e7ff44d8ff564d8b6604609ab0d3fb1c2a3f938e87c
39102,oracle_dynamic,1,28,001,0,0,1,False,96,0.5542562382088104,0.019482524792945818,0.43697686479646325,0.9360091355768261,0.0024999999999999996,0.0024999999999999996,0.15999999999999998,0.0025,0.0025,0.16,0,94273bac657e725ecd9b0e7ff44d8ff564d8b6604609ab0d3fb1c2a3f938e87c
39102,oracle_dynamic,1,29,000,0,0,0,False,96,-0.6031541585532649,0.00392436329893317,-0.24153584686069285,-0.5858354034826206,0.0024999999999999996,0.0024999999999999996,0.009999999999999998,0.0025,0.0025,0.01,0,94273bac657e725ecd9b0e7ff44d8ff564d8b6604609ab0d3fb1c2a3f938e87c
39102,oracle_dynamic,1,30,111,1,1,1,True,96,0.9032940716145031,0.10501443544755322,1.077724103213092,0.9312441078198481,0.06000000000000002,0.039999999999999994,0.15999999999999998,0.06,0.04,0.16,8,94273bac657e725ecd9b0e7ff44d8ff564d8b6604609ab0d3fb1c2a3f938e87c
39102,oracle_dynamic,1,31,010,0,1,0,False,96,0.08763487551880061,0.007811443169533454,0.035954601637635836,-0.11511261746601414,0.0024999999999999996,0.039999999999999994,0.009999999999999998,0.0025,0.04,0.01,1,94273bac657e725ecd9b0e7ff44d8ff564d8b6604609ab0d3fb1c2a3f938e87c
39102,oracle_dynamic,2,32,110,1,1,0,True,96,0.2960448215917036,0.010496026245513943,0.5667079128331477,0.10380268629095338,0.06000000000000002,0.039999999999999994,0.009999999999999998,0.06,0.04,0.01,6,94273bac657e725ecd9b0e7ff44d8ff564d8b6604609ab0d3fb1c2a3f938e87c
39102,oracle_dynamic,2,33,101,1,0,1,True,96,0.6696160553858196,0.048553238135467004,0.7347616014172923,0.7380797413998159,0.06000000000000002,0.0024999999999999996,0.15999999999999998,0.06,0.0025,0.16,2,94273bac657e725ecd9b0e7ff44d8ff564d8b6604609ab0d3fb1c2a3f938e87c
39102,oracle_dynamic,2,34,111,1,1,1,True,96,0.9273607851881241,0.06911174870216961,0.9887210120472592,1.2828445979009595,0.06000000000000002,0.039999999999999994,0.15999999999999998,0.06,0.04,0.16,3,94273bac657e725ecd9b0e7ff44d8ff564d8b6604609ab0d3fb1c2a3f938e87c
39102,oracle_dynamic,2,35,000,0,0,0,False,96,-0.4601590543605314,0.004642374669186572,-0.7346290768374474,-0.7195348511963425,0.0024999999999999996,0.0024999999999999996,0.009999999999999998,0.0025,0.0025,0.01,3,94273bac657e725ecd9b0e7ff44d8ff564d8b6604609ab0d3fb1c2a3f938e87c
39102,oracle_dynamic,2,36,010,0,1,0,False,96,-0.11338004774405537,0.009090336384019723,-0.14079361044523703,-0.1874582678846553,0.0024999999999999996,0.039999999999999994,0.009999999999999998,0.0025,0.04,0.01,0,94273bac657e725ecd9b0e7ff44d8ff564d8b6604609ab0d3fb1c2a3f938e87c
39102,oracle_dynamic,2,37,100,1,0,0,False,96,-0.31062991946213264,0.00630672262673337,-0.3115723501336477,-0.5315255214837533,0.06000000000000002,0.0024999999999999996,0.009999999999999998,0.06,0.0025,0.01,4,94273bac657e725ecd9b0e7ff44d8ff564d8b6604609ab0d3fb1c2a3f938e87c
39102,oracle_dynamic,2,38,001,0,0,1,False,96,0.3130983171324992,0.015353527983677421,0.4491669012209055,0.31254061935448635,0.0024999999999999996,0.0024999999999999996,0.15999999999999998,0.0025,0.0025,0.16,0,94273bac657e725ecd9b0e7ff44d8ff564d8b6604609ab0d3fb1c2a3f938e87c
39102,oracle_dynamic,2,39,011,0,1,1,True,96,0.7906446276566679,0.05604031486763512,0.8576505910253016,0.8953360394227405,0.0024999999999999996,0.039999999999999994,0.15999999999999998,0.0025,0.04,0.16,0,94273bac657e725ecd9b0e7ff44d8ff564d8b6604609ab0d3fb1c2a3f938e87c
39102,oracle_dynamic,2,40,010,0,1,0,False,96,0.04793341655527311,0.011618715555374769,0.017797640234673187,-0.009443287661078374,0.0024999999999999996,0.039999999999999994,0.009999999999999998,0.0025,0.04,0.01,1,94273bac657e725ecd9b0e7ff44d8ff564d8b6604609ab0d3fb1c2a3f938e87c
39102,oracle_dynamic,2,41,000,0,0,0,False,96,-0.6228481341257145,0.0032823888210714593,-0.6255151241005992,-0.7422270903669064,0.0024999999999999996,0.0024999999999999996,0.009999999999999998,0.0025,0.0025,0.01,0,94273bac657e725ecd9b0e7ff44d8ff564d8b6604609ab0d3fb1c2a3f938e87c
39102,oracle_dynamic,2,42,100,1,0,0,False,96,-0.21555570472760385,0.004673997027601886,-0.23694865795224582,0.5404626081482747,0.06000000000000002,0.0024999999999999996,0.009999999999999998,0.06,0.0025,0.01,7,94273bac657e725ecd9b0e7ff44d8ff564d8b6604609ab0d3fb1c2a3f938e87c
39102,oracle_dynamic,2,43,110,1,1,0,True,96,0.32809644726403836,0.008051144508581177,0.1168554312122907,0.46449123150857624,0.06000000000000002,0.039999999999999994,0.009999999999999998,0.06,0.04,0.01,6,94273bac657e725ecd9b0e7ff44d8ff564d8b6604609ab0d3fb1c2a3f938e87c
39102,oracle_dynamic,2,44,011,0,1,1,True,96,0.6746735094544066,0.05444888512269989,0.8350831613322671,0.5776990684931155,0.0024999999999999996,0.039999999999999994,0.15999999999999998,0.0025,0.04,0.16,0,94273bac657e725ecd9b0e7ff44d8ff564d8b6604609ab0d3fb1c2a3f938e87c
39102,oracle_dynamic,2,45,101,1,0,1,True,96,0.8060360067184243,0.024228166720727074,0.5280771464777526,0.6268873887585238,0.06000000000000002,0.0024999999999999996,0.15999999999999998,0.06,0.0025,0.16,3,94273bac657e725ecd9b0e7ff44d8ff564d8b6604609ab0d3fb1c2a3f938e87c
39102,oracle_dynamic,2,46,111,1,1,1,True,96,0.9328016055024041,0.10420470319341206,0.9256738962837427,0.8667601255889501,0.06000000000000002,0.039999999999999994,0.15999999999999998,0.06,0.04,0.16,2,94273bac657e725ecd9b0e7ff44d8ff564d8b6604609ab0d3fb1c2a3f938e87c
39102,oracle_dynamic,2,47,001,0,0,1,False,96,0.5686383940035155,0.023018579751111084,0.40705211522416995,0.5214734509543932,0.0024999999999999996,0.0024999999999999996,0.15999999999999998,0.0025,0.0025,0.16,0,94273bac657e725ecd9b0e7ff44d8ff564d8b6604609ab0d3fb1c2a3f938e87c
39102,oracle_dynamic,3,48,001,0,0,1,False,96,0.5145598435024995,0.018377417486540704,0.6008896102714202,0.41353856976731584,0.0024999999999999996,0.0024999999999999996,0.15999999999999998,0.0025,0.0025,0.16,0,94273bac657e725ecd9b0e7ff44d8ff564d8b6604609ab0d3fb1c2a3f938e87c
39102,oracle_dynamic,3,49,110,1,1,0,True,96,0.08303636339954767,0.00946755310772137,-0.1197040277101567,-0.03771487237102966,0.06000000000000002,0.039999999999999994,0.009999999999999998,0.06,0.04,0.01,5,94273bac657e725ecd9b0e7ff44d8ff564d8b6604609ab0d3fb1c2a3f938e87c
39102,oracle_dynamic,3,50,111,1,1,1,True,96,1.0184481733463129,0.13824607377029513,1.2406156832507298,0.8168836707020014,0.06000000000000002,0.039999999999999994,0.15999999999999998,0.06,0.04,0.16,6,94273bac657e725ecd9b0e7ff44d8ff564d8b6604609ab0d3fb1c2a3f938e87c
39102,oracle_dynamic,3,51,010,0,1,0,False,96,0.11128962200482191,0.00777685721132539,-0.05048633592077233,0.29170736996023416,0.0024999999999999996,0.039999999999999994,0.009999999999999998,0.0025,0.04,0.01,0,94273bac657e725ecd9b0e7ff44d8ff564d8b6604609ab0d3fb1c2a3f938e87c
39102,oracle_dynamic,3,52,101,1,0,1,True,96,0.9027097698397943,0.09997755687810939,0.9815908550157432,1.0015067669738953,0.06000000000000002,0.0024999999999999996,0.15999999999999998,0.06,0.0025,0.16,6,94273bac657e725ecd9b0e7ff44d8ff564d8b6604609ab0d3fb1c2a3f938e87c
39102,oracle_dynamic,3,53,100,1,0,0,False,96,-0.19397108703195673,0.004498120463136034,-0.38638591482233686,-0.16484267501980637,0.06000000000000002,0.0024999999999999996,0.009999999999999998,0.06,0.0025,0.01,8,94273bac657e725ecd9b0e7ff44d8ff564d8b6604609ab0d3fb1c2a3f938e87c
39102,oracle_dynamic,3,54,011,0,1,1,True,96,0.798688627410089,0.06267146854732107,1.03572523086414,0.8530436211704541,0.0024999999999999996,0.039999999999999994,0.15999999999999998,0.0025,0.04,0.16,0,94273bac657e725ecd9b0e7ff44d8ff564d8b6604609ab0d3fb1c2a3f938e87c
39102,oracle_dynamic,3,55,000,0,0,0,False,96,-0.7757850580845062,0.005800547238705327,-0.671783214561265,-0.7934234722123814,0.0024999999999999996,0.0024999999999999996,0.009999999999999998,0.0025,0.0025,0.01,0,94273bac657e725ecd9b0e7ff44d8ff564d8b6604609ab0d3fb1c2a3f938e87c
39102,oracle_dynamic,3,56,100,1,0,0,False,96,-0.13648762156770827,0.005490518715375141,-0.43572389621933066,0.7366043041111198,0.06000000000000002,0.0024999999999999996,0.009999999999999998,0.06,0.0025,0.01,6,94273bac657e725ecd9b0e7ff44d8ff564d8b6604609ab0d3fb1c2a3f938e87c
39102,oracle_dynamic,3,57,000,0,0,0,False,96,-0.5951850923911067,0.003290215812884316,-0.6278002967586873,-0.6439280426259439,0.0024999999999999996,0.0024999999999999996,0.009999999999999998,0.0025,0.0025,0.01,0,94273bac657e725ecd9b0e7ff44d8ff564d8b6604609ab0d3fb1c2a3f938e87c
39102,oracle_dynamic,3,58,010,0,1,0,False,96,0.06785368724527027,0.0074262376357546594,-0.010130685592729467,0.2936137763094882,0.0024999999999999996,0.039999999999999994,0.009999999999999998,0.0025,0.04,0.01,0,94273bac657e725ecd9b0e7ff44d8ff564d8b6604609ab0d3fb1c2a3f938e87c
39102,oracle_dynamic,3,59,001,0,0,1,False,96,0.583151046614665,0.024503822365002443,0.40910648493246476,0.37664203440468086,0.0024999999999999996,0.0024999999999999996,0.15999999999999998,0.0025,0.0025,0.16,0,94273bac657e725ecd9b0e7ff44d8ff564d8b6604609ab0d3fb1c2a3f938e87c
39102,oracle_dynamic,3,60,101,1,0,1,True,96,0.7660086915507401,0.05356829014834611,0.9367460223700805,0.5105538034861298,0.06000000000000002,0.0024999999999999996,0.15999999999999998,0.06,0.0025,0.16,3,94273bac657e725ecd9b0e7ff44d8ff564d8b6604609ab0d3fb1c2a3f938e87c
39102,oracle_dynamic,3,61,011,0,1,1,True,96,0.7631783139095134,0.05431974855593497,0.7087623396481451,0.89452002229723,0.0024999999999999996,0.039999999999999994,0.15999999999999998,0.0025,0.04,0.16,0,94273bac657e725ecd9b0e7ff44d8ff564d8b6604609ab0d3fb1c2a3f938e87c
39102,oracle_dynamic,3,62,110,1,1,0,True,96,0.3559615206547592,0.010908611656413,-0.05158026691137198,0.366953776362266,0.06000000000000002,0.039999999999999994,0.009999999999999998,0.06,0.04,0.01,6,94273bac657e725ecd9b0e7ff44d8ff564d8b6604609ab0d3fb1c2a3f938e87c
39102,oracle_dynamic,3,63,111,1,1,1,True,96,1.0254044485862466,0.07911832006816774,0.6915613758355423,1.1372885295343242,0.06000000000000002,0.039999999999999994,0.15999999999999998,0.06,0.04,0.16,9,94273bac657e725ecd9b0e7ff44d8ff564d8b6604609ab0d3fb1c2a3f938e87c
