user_id,oracle_gain,action_disagreement
P189,0.09279999999999991,0.49593333333333334
P194,0.12249999999999997,0.6756666666666666
