{
  "binary_search_performed": false,
  "candidate_block_size": 256,
  "coarse_nums_in": [
    1,
    2,
    3,
    4,
    5,
    6,
    7,
    8,
    9,
    10,
    11,
    12,
    13,
    14,
    15,
    16,
    17,
    18,
    19,
    20,
    21,
    22,
    23,
    24,
    25,
    26,
    27,
    28,
    29,
    30,
    31,
    32
  ],
  "complete_flags": [
    true,
    true,
    true,
    true,
    true,
    true,
    true,
    true,
    true,
    true,
    true,
    true,
    true,
    true,
    true,
    true,
    true,
    true,
    true,
    true,
    true,
    true,
    true,
    true,
    true,
    true,
    true,
    true,
    true,
    true,
    true,
    true
  ],
  "complete_fraction": 0.05511811023622047,
  "complete_num_inputs": 7,
  "completion_mode": "matlab_residual",
  "corr_error_threshold": 2.0,
  "criterion_complete_flags": [
    false,
    false,
    false,
    false,
    false,
    false,
    true,
    true,
    true,
    true,
    true,
    true,
    true,
    true,
    true,
    true,
    true,
    true,
    true,
    true,
    true,
    true,
    true,
    true,
    true,
    true,
    true,
    true,
    true,
    true,
    true,
    true
  ],
  "dataset": "c_elegans",
  "entropies": [
    0.3072314511996667,
    0.23180407423909544,
    0.1653087833849841,
    0.1283624693198721,
    0.10607148239850189,
    0.09487915639984595,
    0.07996025388796223,
    0.07334722268694895,
    0.06985213592654137,
    0.06599556482635519,
    0.06387437739234873,
    0.06067438860584172,
    0.05832629882708025,
    0.056944868777567464,
    0.05587836176089542,
    0.05481483626668071,
    0.05271560910542141,
    0.05132420827373056,
    0.049769705109011804,
    0.049032889973362935,
    0.04824660110723551,
    0.04741423840681179,
    0.04611438738400325,
    0.045419378348192894,
    0.04455897282272936,
    0.04408556280852736,
    0.04363390043549985,
    0.0428168261882004,
    0.04209446613290274,
    0.04142492131062912,
    0.04125193804924008,
    0.040973141945088595
  ],
  "evaluation_phases": [
    "coarse",
    "coarse",
    "coarse",
    "coarse",
    "coarse",
    "coarse",
    "coarse",
    "coarse",
    "coarse",
    "coarse",
    "coarse",
    "coarse",
    "coarse",
    "coarse",
    "coarse",
    "coarse",
    "coarse",
    "coarse",
    "coarse",
    "coarse",
    "coarse",
    "coarse",
    "coarse",
    "coarse",
    "coarse",
    "coarse",
    "coarse",
    "coarse",
    "coarse",
    "coarse",
    "coarse",
    "coarse"
  ],
  "failure_selection": "matlab_last",
  "independent_entropy": 0.44475990015010103,
  "initialization": "matlab_reset",
  "inputs_order": [
    74,
    34,
    3,
    1,
    123,
    54,
    120,
    4,
    84,
    115,
    6,
    125,
    97,
    72,
    110,
    88,
    78,
    19,
    114,
    22,
    55,
    23,
    35,
    7,
    8,
    15,
    61,
    29,
    49,
    9,
    79,
    68
  ],
  "iterations": [
    868,
    1229,
    1176,
    1207,
    1270,
    1185,
    1249,
    1115,
    1171,
    1120,
    1033,
    1112,
    1149,
    1102,
    1149,
    1139,
    1126,
    1153,
    1182,
    1145,
    1139,
    1073,
    1084,
    1076,
    1092,
    1130,
    1050,
    1070,
    1098,
    1134,
    1085,
    1101
  ],
  "n_candidates": 76,
  "n_neurons": 128,
  "n_time": 1600,
  "neuron": 13,
  "nums_in": [
    1,
    2,
    3,
    4,
    5,
    6,
    7,
    8,
    9,
    10,
    11,
    12,
    13,
    14,
    15,
    16,
    17,
    18,
    19,
    20,
    21,
    22,
    23,
    24,
    25,
    26,
    27,
    28,
    29,
    30,
    31,
    32
  ],
  "optimizer_threshold": 1e-05,
  "residual_errors": [
    6.245466709136963,
    6.981986045837402,
    5.972544193267822,
    5.372195243835449,
    3.229212760925293,
    3.0835132598876953,
    1.5045441389083862,
    1.3943384885787964,
    1.3950729370117188,
    1.2016279697418213,
    1.0280414819717407,
    1.2881488800048828,
    1.237567663192749,
    1.1593308448791504,
    1.0413119792938232,
    1.4123072624206543,
    0.5960097908973694,
    0.5785230994224548,
    0.3936068117618561,
    0.47417670488357544,
    0.6935688257217407,
    0.7158353924751282,
    0.5424244403839111,
    0.5658851861953735,
    0.5037211179733276,
    0.49935877323150635,
    0.594870388507843,
    0.6051725149154663,
    0.27969130873680115,
    0.0671183243393898,
    0.07285153120756149,
    0.09943040460348129
  ],
  "run_config": {
    "actual_sweep": [
      1,
      2,
      3,
      4,
      5,
      6,
      7,
      8,
      9,
      10,
      11,
      12,
      13,
      14,
      15,
      16,
      17,
      18,
      19,
      20,
      21,
      22,
      23,
      24,
      25,
      26,
      27,
      28,
      29,
      30,
      31,
      32
    ],
    "algorithm_version": "matlab-schur-block-v1",
    "binary_search": true,
    "candidate_block_size": 256,
    "command": "python -B run_reproduction.py --dataset c_elegans --neuron 13 --max-inputs 32 --selector schur_entropy_drop --completion-mode matlab_residual --failure-selection matlab_last",
    "completion_mode": "matlab_residual",
    "config_fingerprint": "f6cfd38f5b4089cdb3883a075bbb8f3aa624b498651b0adeda5f54550bf34502",
    "config_fingerprint_scope": "original_unsanitized_run_config",
    "corr_error_threshold": 2.0,
    "dataset": "c_elegans",
    "dataset_defaults": {
      "corr_error_threshold": 2.0,
      "optimizer_threshold": 1e-05,
      "sweep_family": "c_elegans_matlab"
    },
    "deterministic": true,
    "failure_selection": "matlab_last",
    "initialization": "matlab_reset",
    "max_inputs": 32,
    "neuron": 13,
    "numpy_version": "2.3.5",
    "optimizer_threshold": 1e-05,
    "original_config_fingerprint": "f6cfd38f5b4089cdb3883a075bbb8f3aa624b498651b0adeda5f54550bf34502",
    "published_config_fingerprint": "67fc65705ccf56bf79b0c65514e1be4576d5dd19e6157dd1cebc6e9e6e4ac36d",
    "published_config_fingerprint_scope": "sanitized_run_config_without_provenance_fields",
    "python_version": "3.11.15",
    "run_id": "20260710T190518.093195Z_f6cfd38f5b40",
    "seed": null,
    "selector": "schur_entropy_drop",
    "snapshot_sanitized": true,
    "source_exists": true,
    "source_path": "${REPO_ROOT}/minimal_computation_original/data_C_elegans.mat",
    "source_sha256": "b815c8b4651836cc6675faf52959874b161be33fe9fb2caa6d7fb170cbf506e4",
    "sweep_arg": "",
    "sweep_family": "c_elegans_matlab"
  },
  "selected_inputs_complete": [
    74,
    34,
    3,
    1,
    123,
    54,
    120
  ],
  "selector": "schur_entropy_drop",
  "snapshot_sanitized": true,
  "source_mat": "${REPO_ROOT}/minimal_computation_original/data_C_elegans.mat",
  "status": "complete"
}
