{
  "complete_flags": [
    true,
    true,
    true,
    true,
    true,
    true,
    true,
    true
  ],
  "complete_fraction": 0.16535433070866143,
  "complete_num_inputs": 21,
  "dataset": "c_elegans",
  "entropies": [
    0.30730157193485513,
    0.21813651308900794,
    0.19972769499893608,
    0.18864345607222588,
    0.16996747211080826,
    0.08622096583882888,
    0.05765762949003193,
    0.044138099479218026
  ],
  "independent_entropy": 0.44475990015010103,
  "inputs_order": [
    74,
    30,
    114,
    78,
    49,
    69,
    9,
    42,
    3,
    61,
    123,
    110,
    1,
    54,
    6,
    115,
    120,
    72,
    55,
    23,
    19,
    125,
    35,
    97,
    22,
    84,
    11,
    88,
    4,
    7,
    2,
    41
  ],
  "iterations": [
    1453,
    1474,
    1336,
    1238,
    1341,
    1533,
    1345,
    1217
  ],
  "n_neurons": 128,
  "n_time": 1600,
  "neuron": 13,
  "nums_in": [
    1,
    2,
    3,
    5,
    8,
    13,
    21,
    32
  ],
  "residual_errors": [
    6.245187759399414,
    9.31820011138916,
    7.22019624710083,
    3.4367551803588867,
    2.4439537525177,
    2.0166192054748535,
    0.6180842518806458,
    0.19642889499664307
  ],
  "run_config": {
    "actual_sweep": [
      1,
      2,
      3,
      5,
      8,
      13,
      21,
      32
    ],
    "command": "python -B run_reproduction.py --dataset c_elegans --neuron 13 --max-inputs 32 --sweep 1,2,3,5,8,13,21,32",
    "corr_error_threshold": 2.0,
    "dataset": "c_elegans",
    "max_inputs": 32,
    "neuron": 13,
    "sweep_arg": "1,2,3,5,8,13,21,32",
    "threshold": 1e-06
  },
  "selected_inputs_complete": [
    74,
    30,
    114,
    78,
    49,
    69,
    9,
    42,
    3,
    61,
    123,
    110,
    1,
    54,
    6,
    115,
    120,
    72,
    55,
    23,
    19
  ],
  "source_mat": "../minimal_computation_original/data_C_elegans.mat"
}
