{
  "complete_flags": [
    true,
    true,
    true,
    true,
    true,
    true,
    true,
    true
  ],
  "complete_fraction": null,
  "complete_num_inputs": null,
  "dataset": "hippocampus",
  "entropies": [
    0.08052746958692064,
    0.07927278392881111,
    0.07865910779593284,
    0.0774943040705546,
    0.07574564860222353,
    0.07368958171794279,
    0.05915963505366879,
    0.05087878222596066
  ],
  "independent_entropy": 0.10066823406870562,
  "inputs_order": [
    129,
    624,
    865,
    396,
    260,
    999,
    1050,
    1388,
    188,
    486,
    664,
    1221,
    165,
    89,
    1362,
    854,
    1385,
    1168,
    798,
    192,
    304,
    793,
    1134,
    1265,
    695,
    1236,
    991,
    104,
    1437,
    1205
  ],
  "iterations": [
    1011,
    514,
    356,
    529,
    824,
    760,
    1211,
    1041
  ],
  "n_neurons": 1485,
  "n_time": 70338,
  "neuron": 13,
  "nums_in": [
    1,
    2,
    3,
    5,
    8,
    13,
    21,
    30
  ],
  "residual_errors": [
    37.79403305053711,
    31.53669548034668,
    28.096988677978516,
    21.826269149780273,
    17.223512649536133,
    16.94085693359375,
    17.33596420288086,
    15.34266185760498
  ],
  "run_config": {
    "actual_sweep": [
      1,
      2,
      3,
      5,
      8,
      13,
      21,
      30
    ],
    "command": "python -B run_reproduction.py --dataset hippocampus --neuron 13 --max-inputs 30 --sweep 1,2,3,5,8,13,21,30",
    "corr_error_threshold": 2.0,
    "dataset": "hippocampus",
    "max_inputs": 30,
    "neuron": 13,
    "sweep_arg": "1,2,3,5,8,13,21,30",
    "threshold": 1e-06
  },
  "selected_inputs_complete": [],
  "source_mat": "../minimal_computation_original/data_mouse_hippocampus.mat"
}
