{
  "complete_flags": [
    true,
    true,
    true,
    true,
    true,
    true,
    true,
    true
  ],
  "complete_fraction": null,
  "complete_num_inputs": null,
  "dataset": "visual_responding",
  "entropies": [
    0.1852693133508197,
    0.1834733541021015,
    0.18175652737879244,
    0.17899892493681682,
    0.17428943225843038,
    0.16787794592010252,
    0.15169956220623843,
    0.14239634568746162
  ],
  "independent_entropy": 0.19634902367189566,
  "inputs_order": [
    8479,
    8593,
    9414,
    22,
    5833,
    23,
    387,
    8834,
    1595,
    4378,
    50,
    228,
    615,
    9848,
    533,
    1620,
    1327,
    4753,
    8756,
    824,
    10817,
    8890,
    7431,
    9001,
    3684,
    11350,
    9847,
    2723,
    4780,
    4574
  ],
  "iterations": [
    1085,
    532,
    676,
    857,
    1092,
    1038,
    1322,
    1100
  ],
  "n_neurons": 11445,
  "n_time": 5166,
  "neuron": 13,
  "nums_in": [
    1,
    2,
    3,
    5,
    8,
    13,
    21,
    30
  ],
  "residual_errors": [
    8.163307189941406,
    7.774902820587158,
    7.862701416015625,
    7.390928268432617,
    6.160427093505859,
    5.557889938354492,
    5.495058059692383,
    4.8835930824279785
  ],
  "run_config": {
    "actual_sweep": [
      1,
      2,
      3,
      5,
      8,
      13,
      21,
      30
    ],
    "command": "python -B run_reproduction.py --dataset visual_responding --neuron 13 --max-inputs 30 --sweep 1,2,3,5,8,13,21,30",
    "corr_error_threshold": 2.0,
    "dataset": "visual_responding",
    "max_inputs": 30,
    "neuron": 13,
    "sweep_arg": "1,2,3,5,8,13,21,30",
    "threshold": 1e-06
  },
  "selected_inputs_complete": [],
  "source_mat": "E:\\Codex_work\\ssh_experiment\\minimal_computation_original\\data_mouse_visual_responding.mat"
}