{
  "complete_flags": [
    true,
    true,
    true,
    true,
    true,
    true,
    true,
    true
  ],
  "complete_fraction": null,
  "complete_num_inputs": null,
  "dataset": "visual_spontaneous",
  "entropies": [
    0.1968525835540753,
    0.19439433606043272,
    0.1921046959864093,
    0.1878538004636428,
    0.18229535476054787,
    0.17423558667878636,
    0.1634597124441877,
    0.15141740297150674
  ],
  "independent_entropy": 0.2549966879657026,
  "inputs_order": [
    72,
    3899,
    1843,
    4949,
    5647,
    3614,
    765,
    8849,
    3293,
    3670,
    6876,
    352,
    4000,
    7979,
    8195,
    1870,
    4481,
    6191,
    2644,
    3405,
    9254,
    5424,
    2439,
    2436,
    5384,
    10501,
    1283,
    494,
    2773,
    2119
  ],
  "iterations": [
    1507,
    691,
    694,
    980,
    1113,
    1135,
    1151,
    1147
  ],
  "n_neurons": 11445,
  "n_time": 4696,
  "neuron": 13,
  "nums_in": [
    1,
    2,
    3,
    5,
    8,
    13,
    21,
    30
  ],
  "residual_errors": [
    8.852328300476074,
    8.036487579345703,
    7.876862049102783,
    7.104359149932861,
    6.68097448348999,
    6.331629276275635,
    5.360081195831299,
    4.407134056091309
  ],
  "run_config": {
    "actual_sweep": [
      1,
      2,
      3,
      5,
      8,
      13,
      21,
      30
    ],
    "command": "python -B run_reproduction.py --dataset visual_spontaneous --neuron 13 --max-inputs 30 --sweep 1,2,3,5,8,13,21,30",
    "corr_error_threshold": 2.0,
    "dataset": "visual_spontaneous",
    "max_inputs": 30,
    "neuron": 13,
    "sweep_arg": "1,2,3,5,8,13,21,30",
    "threshold": 1e-06
  },
  "selected_inputs_complete": [],
  "source_mat": "../minimal_computation_original/data_mouse_visual_spontaneous.mat"
}
