seed,method,sequence_id,block_id,block_within_sequence,regime,pair_id,q_dominant,transition_eligible,n_steps,mean_nll,latent_mse,late_nll,mean_q_estimate,mean_r_estimate,true_q,true_r,q_bias,r_bias,q_log_error,r_log_error,q_absolute_log_error,r_absolute_log_error,true_increment_variance,true_gamma0,true_gamma1,mean_implied_gamma0_estimate,mean_implied_gamma1_estimate,implied_gamma0_bias,implied_gamma1_bias,direct_covariance_diagnostic,mean_direct_gamma0_estimate,mean_direct_gamma1_estimate,direct_gamma0_absolute_error,direct_gamma1_absolute_error,q_clipping_fraction,r_clipping_fraction,any_clipping_fraction,parameter_saturation_fraction,invalid_rows,parameter_update_l1,parameter_update_l2,parameter_update_squared_sum,parameter_update_count,generator_hazard,filter_hazard_floor,test_tape_digest,transition_nll_1,transition_nll_4,transition_nll_8,transition_nll_16
41002,selected_fixed_jump,0,0,0,m12_q_dominant,m12,True,False,256,0.45468127092564975,0.022318515837147966,0.32937349089137824,0.04,0.02875,0.08,0.02,-0.04,0.00875,-0.693147180559945,0.36290549368936853,0.693147180559945,0.36290549368936853,0.12,0.12,-0.02,0.09749999999999999,-0.02875,-0.022500000000000006,-0.00875,not_applicable,,,,,0.0,0.0,0.0,0.0,0,0.0,0.0,0.0,0,0.0,0.0001,5d1f1faee739d775750d8d5bfec7e42b6109dbef4177bde299d4077720c2e548,,,,
41002,current_online_em,0,0,0,m12_q_dominant,m12,True,False,256,0.42868169551775964,0.020291220219424436,0.324239901778454,0.07264210326358528,0.02548910055920256,0.08,0.02,-0.0073578967364147235,0.0054891005592025595,-0.09648194618017891,0.24251865818567442,0.09648194618017891,0.24251865818567442,0.12,0.12,-0.02,0.12362030438199038,-0.02548910055920256,0.0036203043819903885,-0.0054891005592025595,not_applicable,,,,,0.0,0.0,0.0,0.0,0,1.1941959720261517,0.10865098981814915,0.01180503758846355,255,0.0,0.0001,5d1f1faee739d775750d8d5bfec7e42b6109dbef4177bde299d4077720c2e548,,,,
41002,h_plus_total_variance,0,0,0,m12_q_dominant,m12,True,False,256,0.42231454073370406,0.019841543619259615,0.31444978152707076,0.061170648819679194,0.030585324409839597,0.08,0.02,-0.018829351180320808,0.010585324409839596,-0.2683591546474893,0.4247880259124557,0.2683591546474893,0.4247880259124557,0.12,0.12,-0.02,0.12234129763935839,-0.030585324409839597,0.0023412976393583917,-0.010585324409839596,lag0_only,0.1225762326496048,,0.0025762326496047983,,0.0,0.0,0.0,0.0,0,0.5501913974153312,0.03770040945032015,0.0014213208727217892,254,0.0,0.0001,5d1f1faee739d775750d8d5bfec7e42b6109dbef4177bde299d4077720c2e548,,,,
41002,autocov_factorized,0,0,0,m12_q_dominant,m12,True,False,256,0.4155632188427399,0.01839440536300562,0.30569313807462917,0.08358379404707375,0.015119843290629136,0.08,0.02,0.003583794047073749,-0.004880156709370864,0.04382301551366119,-0.27972426723269495,0.04382301551366119,0.27972426723269495,0.12,0.12,-0.02,0.11382348062833203,-0.015119843290629136,-0.006176519371667966,0.004880156709370864,lag0_and_lag1,0.11381995130194018,-0.014993941565086134,0.006180048698059812,0.005006058434913866,0.0,0.05078125,0.05078125,0.05078125,0,0.8552076400002506,0.06831498784178405,0.004666937563823102,254,0.0,0.0001,5d1f1faee739d775750d8d5bfec7e42b6109dbef4177bde299d4077720c2e548,,,,
41002,generator_supported_seen_regime_imm,0,0,0,m12_q_dominant,m12,True,False,256,0.40357490520501904,0.01821279387712029,0.3000942254085346,0.07530250787113178,0.020015947821725423,0.08,0.02,-0.004697492128868219,1.5947821725422612e-05,-0.06051319536112354,0.0007970733389002227,0.06051319536112354,0.0007970733389002227,0.12,0.12,-0.02,0.11533440351458263,-0.020015947821725423,-0.004665596485417367,-1.5947821725422612e-05,not_applicable,,,,,0.0,0.0,0.0,0.0,0,0.3878416014100746,0.03668334086593569,0.0013456674970864274,255,0.0,0.0001,5d1f1faee739d775750d8d5bfec7e42b6109dbef4177bde299d4077720c2e548,,,,
41002,dynamic_qr_oracle,0,0,0,m12_q_dominant,m12,True,False,256,0.3948337217926423,0.017977862568789887,0.29542006609440546,0.08,0.02,0.08,0.02,0.0,0.0,0.0,0.0,0.0,0.0,0.12,0.12,-0.02,0.12000000000000005,-0.02,5.551115123125783e-17,0.0,not_applicable,,,,,0.0,0.0,0.0,0.0,0,0.0,0.0,0.0,0,0.0,0.0001,5d1f1faee739d775750d8d5bfec7e42b6109dbef4177bde299d4077720c2e548,,,,
41002,selected_fixed_jump,0,1,1,m06_q_dominant,m06,True,True,256,0.07290389189355612,0.010736272659151058,-0.12692057398914586,0.04,0.02875,0.04,0.01,0.0,0.018750000000000003,0.0,1.0560526742493135,0.0,1.0560526742493135,0.06,0.06,-0.01,0.09749999999999999,-0.02875,0.03749999999999999,-0.018750000000000003,not_applicable,,,,,0.0,0.0,0.0,0.0,0,0.0,0.0,0.0,0,0.0,0.0001,5d1f1faee739d775750d8d5bfec7e42b6109dbef4177bde299d4077720c2e548,0.46373754648218923,0.23466898645414128,0.09172906583785309,-0.008751796882304812
41002,current_online_em,0,1,1,m06_q_dominant,m06,True,True,256,0.06863154517529663,0.011953059621265229,-0.23424959110966997,0.030982575432522565,0.02579296343689553,0.04,0.01,-0.009017424567477436,0.015792963436895527,-0.2554544904784115,0.9475166267305215,0.2554544904784115,0.9475166267305215,0.06,0.06,-0.01,0.08256850230631363,-0.02579296343689553,0.02256850230631363,-0.015792963436895527,not_applicable,,,,,0.0,0.0,0.0,0.0,0,0.35730225442835395,0.02788277153186853,0.000777448948298378,256,0.0,0.0001,5d1f1faee739d775750d8d5bfec7e42b6109dbef4177bde299d4077720c2e548,0.4647127332824544,0.26002937619716093,0.128099639992857,0.014282904668797107
41002,h_plus_total_variance,0,1,1,m06_q_dominant,m06,True,True,256,0.057121381876006926,0.009512262762007059,-0.2877449803012006,0.04028602804499448,0.02014301402249724,0.04,0.01,0.00028602804499448103,0.01014301402249724,0.0071252560894614625,0.7002724366494069,0.0071252560894614625,0.7002724366494069,0.06,0.06,-0.01,0.08057205608998896,-0.02014301402249724,0.020572056089988966,-0.01014301402249724,lag0_only,0.08029915751060976,,0.02029915751060976,,0.0,0.0,0.0,0.0,0,0.2756277512376741,0.017316296969016574,0.00029985414071917254,256,0.0,0.0001,5d1f1faee739d775750d8d5bfec7e42b6109dbef4177bde299d4077720c2e548,0.4376875234220469,0.2554814530654262,0.1375139761014389,0.03936414128313144
41002,autocov_factorized,0,1,1,m06_q_dominant,m06,True,True,256,0.08322840864156618,0.008604148298667836,-0.18340854581343655,0.06396842299767236,0.0183093127076217,0.04,0.01,0.023968422997672358,0.008309312707621698,0.4695101168271427,0.6048247285390209,0.4695101168271427,0.6048247285390209,0.06,0.06,-0.01,0.10058704841291574,-0.0183093127076217,0.040587048412915744,-0.008309312707621698,lag0_and_lag1,0.10038746902160012,-0.01827468286917254,0.04038746902160012,0.00827468286917254,0.0,0.0,0.0,0.0,0,0.23366243593407493,0.01631503097707338,0.0002661802357828639,256,0.0,0.0001,5d1f1faee739d775750d8d5bfec7e42b6109dbef4177bde299d4077720c2e548,0.4929411864573303,0.29459130202477174,0.17622582334390013,0.08648777889321224
41002,generator_supported_seen_regime_imm,0,1,1,m06_q_dominant,m06,True,True,256,0.06475307698350387,0.0090660563178185,-0.26841677121129526,0.0426309088979439,0.016661164209460542,0.04,0.01,0.002630908897943901,0.006661164209460542,0.06370009705386748,0.5104954218229611,0.06370009705386748,0.5104954218229611,0.06,0.06,-0.01,0.07595323731686499,-0.016661164209460542,0.015953237316864988,-0.006661164209460542,not_applicable,,,,,0.0,0.0,0.0,0.0,0,0.7214693449062588,0.05772241551093053,0.0033318772524165135,256,0.0,0.0001,5d1f1faee739d775750d8d5bfec7e42b6109dbef4177bde299d4077720c2e548,0.5020603224735986,0.2942085702301012,0.16001510762951207,0.05966846466974833
41002,dynamic_qr_oracle,0,1,1,m06_q_dominant,m06,True,True,256,0.04947460361142531,0.00859696506074048,-0.2709922328739184,0.04,0.01,0.04,0.01,0.0,0.0,0.0,0.0,0.0,0.0,0.06,0.06,-0.01,0.060000000000000026,-0.01,2.7755575615628914e-17,0.0,not_applicable,,,,,0.0,0.0,0.0,0.0,0,0.05,0.04123105625617661,0.0017000000000000001,1,0.0,0.0001,5d1f1faee739d775750d8d5bfec7e42b6109dbef4177bde299d4077720c2e548,0.7034662923555728,0.365036041945937,0.12865085121829925,-0.04569026647819383
41002,selected_fixed_jump,0,2,2,m06_r_dominant,m06,False,True,256,-0.04378875235180861,0.014479872139082098,0.0997609352531922,0.04,0.02875,0.0025,0.02875,0.0375,0.0,2.772588722239781,0.0,2.772588722239781,0.0,0.060000000000000005,0.060000000000000005,-0.02875,0.09749999999999999,-0.02875,0.037499999999999985,0.0,not_applicable,,,,,0.0,0.0,0.0,0.0,0,0.0,0.0,0.0,0,0.0,0.0001,5d1f1faee739d775750d8d5bfec7e42b6109dbef4177bde299d4077720c2e548,-0.23701225469244452,-0.05035145970534056,-0.07243572922322636,-0.06096397423775235
41002,current_online_em,0,2,2,m06_r_dominant,m06,False,True,256,-0.1880570390657343,0.010320501282066935,0.01896588005471765,0.010612016333683952,0.02069437887787945,0.0025,0.02875,0.008112016333683952,-0.008055621122120552,1.445696243571276,-0.32877565564216393,1.445696243571276,0.32877565564216393,0.060000000000000005,0.060000000000000005,-0.02875,0.052000774089442856,-0.02069437887787945,-0.00799922591055715,0.008055621122120552,not_applicable,,,,,0.0,0.0,0.0,0.0,0,0.11233816580010768,0.00686771886476742,4.71655624054823e-05,256,0.0,0.0001,5d1f1faee739d775750d8d5bfec7e42b6109dbef4177bde299d4077720c2e548,-0.4937140123739242,-0.1880519343990837,-0.19026349882393506,-0.1798997045343828
41002,h_plus_total_variance,0,2,2,m06_r_dominant,m06,False,True,256,-0.11150684458056347,0.016251763292031637,0.1503062641320922,0.026952828978638307,0.013476414489319154,0.0025,0.02875,0.02445282897863831,-0.015273585510680848,2.377797531349786,-0.7576966845793631,2.377797531349786,0.7576966845793631,0.060000000000000005,0.060000000000000005,-0.02875,0.053905657957276615,-0.013476414489319154,-0.00609434204272339,0.015273585510680848,lag0_only,0.053992160141649606,,0.006007839858350399,,0.0,0.0,0.0,0.0,0,0.20640992753075638,0.013464578993217142,0.00018129488746458433,256,0.0,0.0001,5d1f1faee739d775750d8d5bfec7e42b6109dbef4177bde299d4077720c2e548,-0.47550466050753687,-0.11775863563377786,-0.1783902136609654,-0.15562164010967458
41002,autocov_factorized,0,2,2,m06_r_dominant,m06,False,True,256,-0.11069017617860055,0.015377432495418075,0.010932149307773475,0.030431383444114574,0.01826131886959271,0.0025,0.02875,0.027931383444114576,-0.010488681130407292,2.499183694166425,-0.45385266743437747,2.499183694166425,0.45385266743437747,0.060000000000000005,0.060000000000000005,-0.02875,0.06695402118329999,-0.01826131886959271,0.006954021183299984,0.010488681130407292,lag0_and_lag1,0.0669076625906593,-0.01831559683321446,0.006907662590659301,0.010434403166785542,0.0,0.0,0.0,0.0,0,0.14833618793391387,0.009492771044952046,9.011270211187997e-05,256,0.0,0.0001,5d1f1faee739d775750d8d5bfec7e42b6109dbef4177bde299d4077720c2e548,-0.26318084343107534,-0.040563510237017285,-0.09772600345451066,-0.08208249104314748
41002,generator_supported_seen_regime_imm,0,2,2,m06_r_dominant,m06,False,True,256,-0.21746119774387543,0.008959168222490864,-0.12383686860382798,0.00914090121920846,0.02643212381041265,0.0025,0.02875,0.00664090121920846,-0.0023178761895873527,1.2964682503950238,-0.08405768580511452,1.2964682503950238,0.08405768580511452,0.060000000000000005,0.060000000000000005,-0.02875,0.06200514884003376,-0.02643212381041265,0.002005148840033756,0.0023178761895873527,not_applicable,,,,,0.0,0.0,0.0,0.0,0,0.3092208962757638,0.03267144970893557,0.0010674236260835059,256,0.0,0.0001,5d1f1faee739d775750d8d5bfec7e42b6109dbef4177bde299d4077720c2e548,-0.3605988558863062,-0.07507732361121344,-0.14050118024981229,-0.11967085842764316
41002,dynamic_qr_oracle,0,2,2,m06_r_dominant,m06,False,True,256,-0.23223576472374863,0.007126838963335852,-0.12752867073502655,0.0025,0.02875,0.0025,0.02875,0.0,0.0,0.0,0.0,0.0,0.0,0.060000000000000005,0.060000000000000005,-0.02875,0.060000000000000026,-0.02875,2.0816681711721685e-17,0.0,not_applicable,,,,,0.0,0.0,0.0,0.0,0,0.05625,0.04192627457812106,0.0017578125,1,0.0,0.0001,5d1f1faee739d775750d8d5bfec7e42b6109dbef4177bde299d4077720c2e548,-0.47693986050368803,-0.30533736620599694,-0.16324028622826944,-0.15846133504246923
41002,selected_fixed_jump,0,3,3,m12_r_dominant,m12,False,True,256,0.1431690988989113,0.025824165394633884,0.3192609543151108,0.04,0.02875,0.01,0.055,0.03,-0.02625,1.3862943611198904,-0.6486954179891113,1.3862943611198904,0.6486954179891113,0.12,0.12,-0.055,0.09749999999999999,-0.02875,-0.022500000000000006,0.02625,not_applicable,,,,,0.0,0.0,0.0,0.0,0,0.0,0.0,0.0,0,0.0,0.0001,5d1f1faee739d775750d8d5bfec7e42b6109dbef4177bde299d4077720c2e548,0.18592019892510628,-0.08798322053869873,0.09127803219973635,0.05956167716309464
41002,current_online_em,0,3,3,m12_r_dominant,m12,False,True,256,0.12270075935520973,0.02083500152006027,0.33149970221193925,0.018728390466657176,0.02798487905932493,0.01,0.055,0.008728390466657176,-0.02701512094067507,0.6274554863288406,-0.6756688545234666,0.6274554863288406,0.6756688545234666,0.12,0.12,-0.055,0.07469814858530703,-0.02798487905932493,-0.045301851414692965,0.02701512094067507,not_applicable,,,,,0.0,0.0,0.0,0.0,0,0.2382534563743865,0.01745133341374713,0.000304549037917767,256,0.0,0.0001,5d1f1faee739d775750d8d5bfec7e42b6109dbef4177bde299d4077720c2e548,0.1870954928006863,-0.20720219392303807,0.11642732546810669,0.01425263166104878
41002,h_plus_total_variance,0,3,3,m12_r_dominant,m12,False,True,256,0.1699565498613524,0.028652901503117383,0.3255459547820162,0.04561952763974152,0.02280976381987076,0.01,0.055,0.035619527639741515,-0.03219023618012924,1.5177507695723236,-0.8801445032260462,1.5177507695723236,0.8801445032260462,0.12,0.12,-0.055,0.09123905527948303,-0.02280976381987076,-0.028760944720516962,0.03219023618012924,lag0_only,0.09139822336485925,,0.02860177663514074,,0.0,0.0,0.0,0.0,0,0.3856213014983765,0.028936632767144515,0.0008373287159005817,256,0.0,0.0001,5d1f1faee739d775750d8d5bfec7e42b6109dbef4177bde299d4077720c2e548,0.23694447258035015,-0.15487431088736237,0.08711962074071282,0.056279101368072224
41002,autocov_factorized,0,3,3,m12_r_dominant,m12,False,True,256,0.11026616937681494,0.018888728059444398,0.3673439438985264,0.008406159254757354,0.034851222174418994,0.01,0.055,-0.0015938407452426463,-0.020148777825581006,-0.17362041122330218,-0.4562449790736016,0.17362041122330218,0.4562449790736016,0.12,0.12,-0.055,0.07810860360359534,-0.034851222174418994,-0.041891396396404657,0.020148777825581006,lag0_and_lag1,0.07820793555258601,-0.034918118716138424,0.041792064447413985,0.020081881283861576,0.01953125,0.0,0.01953125,0.01953125,0,0.22581135696270316,0.017033964934380596,0.0002901559613857077,256,0.0,0.0001,5d1f1faee739d775750d8d5bfec7e42b6109dbef4177bde299d4077720c2e548,0.11398999750239543,-0.18076252535472392,0.07468570595517687,-0.011622666924229412
41002,generator_supported_seen_regime_imm,0,3,3,m12_r_dominant,m12,False,True,256,0.10690792593400614,0.017909044687181117,0.28589560882609033,0.01181747777010388,0.04687565244262355,0.01,0.055,0.0018174777701038796,-0.008124347557376448,0.16699450958970363,-0.15983478226279235,0.16699450958970363,0.15983478226279235,0.12,0.12,-0.055,0.10556878265535098,-0.04687565244262355,-0.014431217344649014,0.008124347557376448,not_applicable,,,,,0.0,0.0,0.0,0.0,0,0.5503758199797152,0.05485390804825045,0.0030089512281659156,256,0.0,0.0001,5d1f1faee739d775750d8d5bfec7e42b6109dbef4177bde299d4077720c2e548,0.12489718345777895,-0.036309144629959864,0.21488240426106026,0.023352291560357535
41002,dynamic_qr_oracle,0,3,3,m12_r_dominant,m12,False,True,256,0.09059496896613553,0.016921405391088516,0.2811821815091702,0.01,0.05500000000000002,0.01,0.055,0.0,2.0816681711721685e-17,0.0,4.440892098500626e-16,0.0,4.440892098500626e-16,0.12,0.12,-0.055,0.12000000000000005,-0.05500000000000002,5.551115123125783e-17,-2.0816681711721685e-17,not_applicable,,,,,0.0,0.0,0.0,0.0,0,0.03375,0.027300412084801943,0.0007453124999999999,1,0.0,0.0001,5d1f1faee739d775750d8d5bfec7e42b6109dbef4177bde299d4077720c2e548,0.04990743146471228,-0.03588570379218192,0.09193906973964674,0.011354682204160825
41002,selected_fixed_jump,0,4,4,m06_r_dominant,m06,False,True,256,0.048681444704659994,0.019333667129148056,0.07074063655076432,0.04,0.02875,0.0025,0.02875,0.0375,0.0,2.772588722239781,0.0,2.772588722239781,0.0,0.060000000000000005,0.060000000000000005,-0.02875,0.09749999999999999,-0.02875,0.037499999999999985,0.0,not_applicable,,,,,0.0,0.0,0.0,0.0,0,0.0,0.0,0.0,0,0.0,0.0001,5d1f1faee739d775750d8d5bfec7e42b6109dbef4177bde299d4077720c2e548,0.09122218666506403,0.055041392039944965,-0.03992444623391438,0.05146156012395405
41002,current_online_em,0,4,4,m06_r_dominant,m06,False,True,256,-0.016489409741280443,0.013424640242244835,0.002387529560931252,0.01575548989022576,0.029028657741683898,0.0025,0.02875,0.013255489890225758,0.00027865774168389645,1.840898137121787,0.009645772786013307,1.840898137121787,0.009645772786013307,0.060000000000000005,0.060000000000000005,-0.02875,0.07381280537359354,-0.029028657741683898,0.013812805373593535,-0.00027865774168389645,not_applicable,,,,,0.0,0.0,0.0,0.0,0,0.17731916134813958,0.011150671487297759,0.0001243374746176352,256,0.0,0.0001,5d1f1faee739d775750d8d5bfec7e42b6109dbef4177bde299d4077720c2e548,0.25258051618761623,0.09301329426797589,-0.043788116920710114,0.035615819957472414
41002,h_plus_total_variance,0,4,4,m06_r_dominant,m06,False,True,256,0.05522945364029353,0.021868390482471127,0.08280607387200993,0.04125994512241343,0.020629972561206716,0.0025,0.02875,0.03875994512241343,-0.008120027438793285,2.8036014457247656,-0.3318927702043837,2.8036014457247656,0.3318927702043837,0.060000000000000005,0.060000000000000005,-0.02875,0.08251989024482687,-0.020629972561206716,0.02251989024482686,0.008120027438793285,lag0_only,0.08242804147706533,,0.02242804147706532,,0.0,0.0,0.0,0.0,0,0.30146853146944325,0.019823872797157093,0.000392985932677865,256,0.0,0.0001,5d1f1faee739d775750d8d5bfec7e42b6109dbef4177bde299d4077720c2e548,0.044330083363905586,0.06060612531424752,-0.01418459310424277,0.07540894722576394
41002,autocov_factorized,0,4,4,m06_r_dominant,m06,False,True,256,-0.05695464700328869,0.008371241206745901,-0.028901120154103947,0.004247825401137637,0.040194398365406545,0.0025,0.02875,0.0017478254011376372,0.011444398365406543,0.5301164497936854,0.3350898745282027,0.5301164497936854,0.3350898745282027,0.060000000000000005,0.060000000000000005,-0.02875,0.08463662213195072,-0.040194398365406545,0.024636622131950718,-0.011444398365406543,lag0_and_lag1,0.08439740323403709,-0.04018102274476304,0.024397403234037086,0.011431022744763038,0.1171875,0.0,0.1171875,0.1171875,0,0.18006479170099976,0.012174856654873684,0.00014822713456672204,256,0.0,0.0001,5d1f1faee739d775750d8d5bfec7e42b6109dbef4177bde299d4077720c2e548,1.171992564943201,0.2468167348901213,-0.029707771163188415,0.00512953415880292
41002,generator_supported_seen_regime_imm,0,4,4,m06_r_dominant,m06,False,True,256,-0.03584963007566375,0.009151305855087243,0.021315256432522994,0.008322969981799908,0.03596156333343835,0.0025,0.02875,0.005822969981799908,0.007211563333438347,1.2027284282270339,0.22381291564862993,1.2027284282270339,0.22381291564862993,0.060000000000000005,0.060000000000000005,-0.02875,0.08024609664867659,-0.03596156333343835,0.020246096648676583,-0.007211563333438347,not_applicable,,,,,0.0,0.0,0.0,0.0,0,0.4929041815597399,0.055123425499752264,0.0030385920388267384,256,0.0,0.0001,5d1f1faee739d775750d8d5bfec7e42b6109dbef4177bde299d4077720c2e548,0.6468331332640378,0.17080988915477505,-0.0075898329183284735,0.029650597889638135
41002,dynamic_qr_oracle,0,4,4,m06_r_dominant,m06,False,True,256,-0.0388430134352159,0.008064972648441054,0.005251177892040007,0.0025,0.02875,0.0025,0.02875,0.0,0.0,0.0,0.0,0.0,0.0,0.060000000000000005,0.060000000000000005,-0.02875,0.060000000000000026,-0.02875,2.0816681711721685e-17,0.0,not_applicable,,,,,0.0,0.0,0.0,0.0,0,0.03375,0.027300412084801943,0.0007453124999999999,1,0.0,0.0001,5d1f1faee739d775750d8d5bfec7e42b6109dbef4177bde299d4077720c2e548,1.0693208465033102,0.31372803671856225,-0.042634420040256055,0.015255535848058457
41002,selected_fixed_jump,0,5,5,m06_q_dominant,m06,True,True,256,0.032357298772784024,0.010645944259398573,0.19567933328327497,0.04,0.02875,0.04,0.01,0.0,0.018750000000000003,0.0,1.0560526742493135,0.0,1.0560526742493135,0.06,0.06,-0.01,0.09749999999999999,-0.02875,0.03749999999999999,-0.018750000000000003,not_applicable,,,,,0.0,0.0,0.0,0.0,0,0.0,0.0,0.0,0,0.0,0.0001,5d1f1faee739d775750d8d5bfec7e42b6109dbef4177bde299d4077720c2e548,-0.059214700885423376,0.1738323985674289,0.01119651043146154,-0.10005300526868559
41002,current_online_em,0,5,5,m06_q_dominant,m06,True,True,256,0.05138307328794988,0.017676801846814166,0.515930125126251,0.0145312411869261,0.030530651042925308,0.04,0.01,-0.0254687588130739,0.020530651042925306,-1.0125785578175974,1.116146038219945,1.0125785578175974,1.116146038219945,0.06,0.06,-0.01,0.07559254327277672,-0.030530651042925308,0.015592543272776718,-0.020530651042925306,not_applicable,,,,,0.0,0.0,0.0,0.0,0,0.1825635440638574,0.012277107512646117,0.00015072736887707173,256,0.0,0.0001,5d1f1faee739d775750d8d5bfec7e42b6109dbef4177bde299d4077720c2e548,-0.12814872657035337,0.06801875319233024,-0.10723013864579294,-0.21243935967504846
41002,h_plus_total_variance,0,5,5,m06_q_dominant,m06,True,True,256,-0.0003840353569298377,0.0097151894466138,0.19049834424325277,0.032486849551112335,0.016243424775556167,0.04,0.01,-0.007513150448887666,0.006243424775556167,-0.20804407585927098,0.4851031047006744,0.20804407585927098,0.4851031047006744,0.06,0.06,-0.01,0.06497369910222467,-0.016243424775556167,0.004973699102224671,-0.006243424775556167,lag0_only,0.06485580308858262,,0.004855803088582619,,0.0,0.0,0.0,0.0,0,0.23798292172394012,0.014631579857131755,0.0002140831291156237,256,0.0,0.0001,5d1f1faee739d775750d8d5bfec7e42b6109dbef4177bde299d4077720c2e548,-0.07495514260519666,0.2153272690488232,0.029053757491348003,-0.11957481626349532
41002,autocov_factorized,0,5,5,m06_q_dominant,m06,True,True,256,0.05795921494155756,0.020528387610257364,0.2644095505336752,0.015178526118303996,0.02932234694304315,0.04,0.01,-0.024821473881696005,0.019322346943043148,-0.9689977805162102,1.0757648266272928,0.9689977805162102,1.0757648266272928,0.06,0.06,-0.01,0.0738232200043903,-0.02932234694304315,0.013823220004390305,-0.019322346943043148,lag0_and_lag1,0.07374269132912609,-0.02923133061396083,0.013742691329126089,0.01923133061396083,0.04296875,0.0,0.04296875,0.04296875,0,0.16848566525533615,0.012539871187327231,0.00015724836939475965,256,0.0,0.0001,5d1f1faee739d775750d8d5bfec7e42b6109dbef4177bde299d4077720c2e548,-0.15120753930388336,-0.09665786533897922,-0.22855497208356518,0.30354401459550284
41002,generator_supported_seen_regime_imm,0,5,5,m06_q_dominant,m06,True,True,256,-0.0015617642791956876,0.011739897498232652,0.09698061549672946,0.030839675126662407,0.022767537721186323,0.04,0.01,-0.009160324873337594,0.012767537721186323,-0.26007743962920804,0.8227506442640808,0.26007743962920804,0.8227506442640808,0.06,0.06,-0.01,0.07637475056903506,-0.022767537721186323,0.016374750569035063,-0.012767537721186323,not_applicable,,,,,0.0,0.0,0.0,0.0,0,0.5734795559639776,0.04601922110232884,0.002117768710865028,256,0.0,0.0001,5d1f1faee739d775750d8d5bfec7e42b6109dbef4177bde299d4077720c2e548,-0.07870776200081,0.007810259469548733,-0.11395983050758576,-0.10452813184127675
41002,dynamic_qr_oracle,0,5,5,m06_q_dominant,m06,True,True,256,-0.014094151625928763,0.009137916905137294,0.09393755931545908,0.04,0.01,0.04,0.01,0.0,0.0,0.0,0.0,0.0,0.0,0.06,0.06,-0.01,0.060000000000000026,-0.01,2.7755575615628914e-17,0.0,not_applicable,,,,,0.0,0.0,0.0,0.0,0,0.05625,0.04192627457812106,0.0017578125,1,0.0,0.0001,5d1f1faee739d775750d8d5bfec7e42b6109dbef4177bde299d4077720c2e548,-0.1427493578663675,0.37804383272481107,0.05810605554713458,-0.16733795711170377
41002,selected_fixed_jump,0,6,6,m12_q_dominant,m12,True,True,256,0.38130602457162055,0.019541522539448873,-0.04212659765633131,0.04,0.02875,0.08,0.02,-0.04,0.00875,-0.693147180559945,0.36290549368936853,0.693147180559945,0.36290549368936853,0.12,0.12,-0.02,0.09749999999999999,-0.02875,-0.022500000000000006,-0.00875,not_applicable,,,,,0.0,0.0,0.0,0.0,0,0.0,0.0,0.0,0,0.0,0.0001,5d1f1faee739d775750d8d5bfec7e42b6109dbef4177bde299d4077720c2e548,-0.2892764056002301,0.7731928838801356,0.3354051740805918,0.3600692611132298
41002,current_online_em,0,6,6,m12_q_dominant,m12,True,True,256,0.39657981102425066,0.025524403983622948,0.06474840105336807,0.04075652244985558,0.04761875267055973,0.08,0.02,-0.03924347755014442,0.027618752670559733,-0.6744107476761085,0.8674943737672951,0.6744107476761085,0.8674943737672951,0.12,0.12,-0.02,0.13599402779097503,-0.04761875267055973,0.01599402779097503,-0.027618752670559733,not_applicable,,,,,0.0,0.0,0.0,0.0,0,0.4685470300273355,0.03262749037955218,0.0010645531284677705,256,0.0,0.0001,5d1f1faee739d775750d8d5bfec7e42b6109dbef4177bde299d4077720c2e548,-0.33292967605411783,1.0676393264658666,0.522572774282271,0.4909782806939259
41002,h_plus_total_variance,0,6,6,m12_q_dominant,m12,True,True,256,0.3649109499215267,0.017303699918469716,-0.01525216608550227,0.05459687201625448,0.02729843600812724,0.08,0.02,-0.02540312798374552,0.00729843600812724,-0.38205004264369213,0.3110971379162528,0.38205004264369213,0.3110971379162528,0.12,0.12,-0.02,0.10919374403250896,-0.02729843600812724,-0.010806255967491032,-0.00729843600812724,lag0_only,0.10933640158554125,,0.010663598414458741,,0.0,0.0,0.0,0.0,0,0.41454540917907984,0.027483156474414416,0.000755323889797147,256,0.0,0.0001,5d1f1faee739d775750d8d5bfec7e42b6109dbef4177bde299d4077720c2e548,-0.5221229734510523,1.0996274896696034,0.4426468227787988,0.4644900587253229
41002,autocov_factorized,0,6,6,m12_q_dominant,m12,True,True,256,0.38259992567415146,0.017006784368561855,-0.026245824340236625,0.051413990844461716,0.019264805584580453,0.08,0.02,-0.028586009155538286,-0.0007351944154195475,-0.4421163038336706,-0.03745238716549082,0.4421163038336706,0.03745238716549082,0.12,0.12,-0.02,0.08994360201362261,-0.019264805584580453,-0.03005639798637738,0.0007351944154195475,lag0_and_lag1,0.09007554543173561,-0.019250198883108985,0.029924454568264383,0.0007498011168910156,0.0,0.0,0.0,0.0,0,0.3012960221551521,0.021299632845343138,0.0004536743593464202,256,0.0,0.0001,5d1f1faee739d775750d8d5bfec7e42b6109dbef4177bde299d4077720c2e548,-0.47627530064089224,1.0325248925288404,0.41598460640351825,0.43822025762727257
41002,generator_supported_seen_regime_imm,0,6,6,m12_q_dominant,m12,True,True,256,0.35018683241525855,0.015990932942681113,0.00615234856130243,0.07181966868630774,0.019523628874423077,0.08,0.02,-0.008180331313692266,-0.0004763711255769236,-0.1078682589984239,-0.02410680439531987,0.1078682589984239,0.02410680439531987,0.12,0.12,-0.02,0.11086692643515389,-0.019523628874423077,-0.009133073564846106,0.0004763711255769236,not_applicable,,,,,0.0,0.0,0.0,0.0,0,0.4438063045905089,0.03899530874451652,0.0015206341040801662,256,0.0,0.0001,5d1f1faee739d775750d8d5bfec7e42b6109dbef4177bde299d4077720c2e548,-0.4948873858766157,0.8857095867952022,0.33394447620608997,0.39281306496929225
41002,dynamic_qr_oracle,0,6,6,m12_q_dominant,m12,True,True,256,0.33472631675140113,0.015822122092006344,0.020968790138591036,0.08,0.02,0.08,0.02,0.0,0.0,0.0,0.0,0.0,0.0,0.12,0.12,-0.02,0.12000000000000005,-0.02,5.551115123125783e-17,0.0,not_applicable,,,,,0.0,0.0,0.0,0.0,0,0.05,0.04123105625617661,0.0017000000000000001,1,0.0,0.0001,5d1f1faee739d775750d8d5bfec7e42b6109dbef4177bde299d4077720c2e548,-0.1924701130111515,0.5351982654731063,0.25735546440573615,0.29184563606905956
41002,selected_fixed_jump,0,7,7,m12_r_dominant,m12,False,True,256,0.2190051485613476,0.026875028294843888,0.6261382656118185,0.04,0.02875,0.01,0.055,0.03,-0.02625,1.3862943611198904,-0.6486954179891113,1.3862943611198904,0.6486954179891113,0.12,0.12,-0.055,0.09749999999999999,-0.02875,-0.022500000000000006,0.02625,not_applicable,,,,,0.0,0.0,0.0,0.0,0,0.0,0.0,0.0,0,0.0,0.0001,5d1f1faee739d775750d8d5bfec7e42b6109dbef4177bde299d4077720c2e548,0.30034434147562233,0.3219534830589569,0.22372563213971913,0.12452814842058618
41002,current_online_em,0,7,7,m12_r_dominant,m12,False,True,256,0.19418031420725662,0.01932261256097698,0.5628512159506565,0.022808396239809445,0.042605586041253155,0.01,0.055,0.012808396239809445,-0.012394413958746846,0.8245436313086949,-0.255347812824688,0.8245436313086949,0.255347812824688,0.12,0.12,-0.055,0.10801956832231574,-0.042605586041253155,-0.011980431677684256,0.012394413958746846,not_applicable,,,,,0.0,0.0,0.0,0.0,0,0.24087883921025283,0.014952717796587049,0.00022358376950437105,256,0.0,0.0001,5d1f1faee739d775750d8d5bfec7e42b6109dbef4177bde299d4077720c2e548,0.21913977190525658,0.29864871362780854,0.21286322582993256,0.15003651790994477
41002,h_plus_total_variance,0,7,7,m12_r_dominant,m12,False,True,256,0.23599517037082507,0.030217072086169798,0.5706117897836367,0.05112069893578786,0.02556034946789393,0.01,0.055,0.04112069893578786,-0.02943965053210607,1.6316043894345804,-0.7662908833637898,1.6316043894345804,0.7662908833637898,0.12,0.12,-0.055,0.10224139787157573,-0.02556034946789393,-0.01775860212842427,0.02943965053210607,lag0_only,0.10238562181492122,,0.01761437818507877,,0.0,0.0,0.0,0.0,0,0.3873265636888724,0.025411909481959642,0.0006457651435193103,256,0.0,0.0001,5d1f1faee739d775750d8d5bfec7e42b6109dbef4177bde299d4077720c2e548,0.353462356515481,0.3267606354556656,0.2340100037475413,0.12107371696676959
41002,autocov_factorized,0,7,7,m12_r_dominant,m12,False,True,256,0.23823901125910396,0.03051441439984433,0.58849928525994,0.05362181553261221,0.023693918689481997,0.01,0.055,0.043621815532612206,-0.031306081310518,1.6793708984836035,-0.8421147653981191,1.6793708984836035,0.8421147653981191,0.12,0.12,-0.055,0.10100965291157621,-0.023693918689481997,-0.018990347088423787,0.031306081310518,lag0_and_lag1,0.10105187273195765,-0.023769035318029107,0.018948127268042347,0.031230964681970893,0.0,0.0,0.0,0.0,0,0.27134059291097495,0.018579602738784184,0.0003452016379310367,256,0.0,0.0001,5d1f1faee739d775750d8d5bfec7e42b6109dbef4177bde299d4077720c2e548,0.4557534055482461,0.32562843168277267,0.2467551529811441,0.12907378923810456
41002,generator_supported_seen_regime_imm,0,7,7,m12_r_dominant,m12,False,True,256,0.19392542893294235,0.01849623667044143,0.5185672036151685,0.022119057017302053,0.04473794913218161,0.01,0.055,0.012119057017302053,-0.010262050867818388,0.7938544524305065,-0.20651106991312052,0.7938544524305065,0.20651106991312052,0.12,0.12,-0.055,0.1115949552816653,-0.04473794913218161,-0.008405044718334698,0.010262050867818388,not_applicable,,,,,0.0,0.0,0.0,0.0,0,0.7797088173453333,0.06032821025059036,0.0036394929520394362,256,0.0,0.0001,5d1f1faee739d775750d8d5bfec7e42b6109dbef4177bde299d4077720c2e548,0.44252217379391595,0.3506478359499194,0.26310288567193213,0.14978439899724083
41002,dynamic_qr_oracle,0,7,7,m12_r_dominant,m12,False,True,256,0.18247298822994132,0.01572717134986646,0.5090179924026128,0.01,0.05500000000000002,0.01,0.055,0.0,2.0816681711721685e-17,0.0,4.440892098500626e-16,0.0,4.440892098500626e-16,0.12,0.12,-0.055,0.12000000000000005,-0.05500000000000002,5.551115123125783e-17,-2.0816681711721685e-17,not_applicable,,,,,0.0,0.0,0.0,0.0,0,0.10500000000000001,0.07826237921249264,0.006125000000000001,1,0.0,0.0001,5d1f1faee739d775750d8d5bfec7e42b6109dbef4177bde299d4077720c2e548,0.47581486107066534,0.5176259477639903,0.2669176926353186,0.19076948267249977
41002,selected_fixed_jump,1,8,0,m06_r_dominant,m06,False,False,256,-0.05844857117151894,0.012312093895168293,-0.041034219303281515,0.04,0.02875,0.0025,0.02875,0.0375,0.0,2.772588722239781,0.0,2.772588722239781,0.0,0.060000000000000005,0.060000000000000005,-0.02875,0.09749999999999999,-0.02875,0.037499999999999985,0.0,not_applicable,,,,,0.0,0.0,0.0,0.0,0,0.0,0.0,0.0,0,0.0,0.0001,5d1f1faee739d775750d8d5bfec7e42b6109dbef4177bde299d4077720c2e548,,,,
41002,current_online_em,1,8,0,m06_r_dominant,m06,False,False,256,-0.21791465544250382,0.009344060913165083,-0.19179905636960884,0.011906486667388059,0.017985074045382278,0.0025,0.02875,0.009406486667388058,-0.010764925954617723,1.5607926178311624,-0.46909557304101224,1.5607926178311624,0.46909557304101224,0.060000000000000005,0.060000000000000005,-0.02875,0.04787663475815261,-0.017985074045382278,-0.012123365241847393,0.010764925954617723,not_applicable,,,,,0.0,0.0,0.0,0.0,0,0.12032367832939417,0.008950538213547896,8.011213431218116e-05,255,0.0,0.0001,5d1f1faee739d775750d8d5bfec7e42b6109dbef4177bde299d4077720c2e548,,,,
41002,h_plus_total_variance,1,8,0,m06_r_dominant,m06,False,False,256,-0.13858655897838032,0.013921024424884541,-0.10008938206551912,0.026746271977086136,0.013373135988543068,0.0025,0.02875,0.024246271977086137,-0.015376864011456933,2.370104366413034,-0.7653898495161151,2.370104366413034,0.7653898495161151,0.060000000000000005,0.060000000000000005,-0.02875,0.05349254395417227,-0.013373135988543068,-0.006507456045827732,0.015376864011456933,lag0_only,0.05348925529459374,,0.006510744705406267,,0.0,0.0,0.0,0.0,0,0.24089458028872673,0.019156608019503446,0.0003669756308129037,254,0.0,0.0001,5d1f1faee739d775750d8d5bfec7e42b6109dbef4177bde299d4077720c2e548,,,,
41002,autocov_factorized,1,8,0,m06_r_dominant,m06,False,False,256,-0.2229421165932178,0.008698795119300645,-0.03137894796481738,0.005561150674757386,0.024448282161856003,0.0025,0.02875,0.003061150674757386,-0.004301717838143999,0.7995143108675355,-0.16207781301956725,0.7995143108675355,0.16207781301956725,0.060000000000000005,0.060000000000000005,-0.02875,0.054457714998469395,-0.024448282161856003,-0.00554228500153061,0.004301717838143999,lag0_and_lag1,0.053994058158848265,-0.024480930900988893,0.006005941841151739,0.004269069099011109,0.33984375,0.0,0.33984375,0.33984375,0,0.32281709634735145,0.03512877151290647,0.0012340305880059893,254,0.0,0.0001,5d1f1faee739d775750d8d5bfec7e42b6109dbef4177bde299d4077720c2e548,,,,
41002,generator_supported_seen_regime_imm,1,8,0,m06_r_dominant,m06,False,False,256,-0.2727263000407135,0.005502350033510099,-0.2587154214499872,0.004377827124811603,0.02885746677608691,0.0025,0.02875,0.0018778271248116028,0.00010746677608690705,0.5602617791950699,0.003731005953435673,0.5602617791950699,0.003731005953435673,0.060000000000000005,0.060000000000000005,-0.02875,0.06209276067698542,-0.02885746677608691,0.002092760676985418,-0.00010746677608690705,not_applicable,,,,,0.0,0.0,0.0,0.0,0,0.12281442768991623,0.014508101357357958,0.00021048500499537185,255,0.0,0.0001,5d1f1faee739d775750d8d5bfec7e42b6109dbef4177bde299d4077720c2e548,,,,
41002,dynamic_qr_oracle,1,8,0,m06_r_dominant,m06,False,False,256,-0.2817054118236214,0.005296194110375758,-0.2620681680871403,0.0025,0.02875,0.0025,0.02875,0.0,0.0,0.0,0.0,0.0,0.0,0.060000000000000005,0.060000000000000005,-0.02875,0.060000000000000026,-0.02875,2.0816681711721685e-17,0.0,not_applicable,,,,,0.0,0.0,0.0,0.0,0,0.0,0.0,0.0,0,0.0,0.0001,5d1f1faee739d775750d8d5bfec7e42b6109dbef4177bde299d4077720c2e548,,,,
41002,selected_fixed_jump,1,9,1,m12_q_dominant,m12,True,True,256,0.4026700937549337,0.020220523525734023,0.8661926408248618,0.04,0.02875,0.08,0.02,-0.04,0.00875,-0.693147180559945,0.36290549368936853,0.693147180559945,0.36290549368936853,0.12,0.12,-0.02,0.09749999999999999,-0.02875,-0.022500000000000006,-0.00875,not_applicable,,,,,0.0,0.0,0.0,0.0,0,0.0,0.0,0.0,0,0.0,0.0001,5d1f1faee739d775750d8d5bfec7e42b6109dbef4177bde299d4077720c2e548,-0.2190338445923709,0.6391576899919895,0.7603686765070747,0.7916892074712434
41002,current_online_em,1,9,1,m12_q_dominant,m12,True,True,256,0.42276567173961815,0.019281796411136507,0.7137326939508433,0.05231022749636839,0.02844475045688022,0.08,0.02,-0.02768977250363161,0.008444750456880219,-0.4248347282974083,0.3522313517811777,0.4248347282974083,0.3522313517811777,0.12,0.12,-0.02,0.10919972841012883,-0.02844475045688022,-0.010800271589871166,-0.008444750456880219,not_applicable,,,,,0.0,0.0,0.0,0.0,0,0.7620279677574495,0.06612289010791568,0.004372236596223493,256,0.0,0.0001,5d1f1faee739d775750d8d5bfec7e42b6109dbef4177bde299d4077720c2e548,-0.5413688998121939,1.1100868618874584,1.5780103745577105,1.414489072328721
41002,h_plus_total_variance,1,9,1,m12_q_dominant,m12,True,True,256,0.387527918455445,0.01843178773333839,0.72945783096351,0.052219080106011756,0.026109540053005878,0.08,0.02,-0.027780919893988246,0.006109540053005878,-0.4265786872989277,0.2665684932610173,0.4265786872989277,0.2665684932610173,0.12,0.12,-0.02,0.10443816021202351,-0.026109540053005878,-0.015561839787976484,-0.006109540053005878,lag0_only,0.10475287624310117,,0.015247123756898823,,0.0,0.0,0.0,0.0,0,0.4273980485478227,0.02976858914364474,0.0008861688996031234,256,0.0,0.0001,5d1f1faee739d775750d8d5bfec7e42b6109dbef4177bde299d4077720c2e548,-0.40036853694088614,1.045854613274728,1.0176983432171165,0.9326623049925342
41002,autocov_factorized,1,9,1,m12_q_dominant,m12,True,True,256,0.568790079952234,0.026321469747298664,0.8049810642591886,0.0384025440562928,0.023283083316052347,0.08,0.02,-0.0415974559437072,0.0032830833160523466,-0.7339029258087733,0.15199478538681088,0.7339029258087733,0.15199478538681088,0.12,0.12,-0.02,0.08496871068839751,-0.023283083316052347,-0.03503128931160249,-0.0032830833160523466,lag0_and_lag1,0.0850729287144387,-0.023242909272814603,0.0349270712855613,0.003242909272814603,0.04296875,0.0,0.04296875,0.04296875,0,0.3495753150612001,0.024931565734279636,0.0006215829699627066,256,0.0,0.0001,5d1f1faee739d775750d8d5bfec7e42b6109dbef4177bde299d4077720c2e548,0.8021348628618303,1.9938084457623164,2.490504083286716,2.5988909727070073
41002,generator_supported_seen_regime_imm,1,9,1,m12_q_dominant,m12,True,True,256,0.3731007794068571,0.01807506812549405,0.7137720420008984,0.07379310181402943,0.020919963176008312,0.08,0.02,-0.006206898185970575,0.0009199631760083114,-0.08076137879078882,0.04497160541213363,0.08076137879078882,0.04497160541213363,0.12,0.12,-0.02,0.11563302816604606,-0.020919963176008312,-0.004366971833953931,-0.0009199631760083114,not_applicable,,,,,0.0,0.0,0.0,0.0,0,0.6189362999993745,0.0716537852952407,0.005134264947136452,256,0.0,0.0001,5d1f1faee739d775750d8d5bfec7e42b6109dbef4177bde299d4077720c2e548,-0.3403422010594756,0.7862332137698496,1.2258114658465828,0.9079999588854188
41002,dynamic_qr_oracle,1,9,1,m12_q_dominant,m12,True,True,256,0.35152421927798827,0.017589042832223487,0.7075343480265042,0.08,0.02,0.08,0.02,0.0,0.0,0.0,0.0,0.0,0.0,0.12,0.12,-0.02,0.12000000000000005,-0.02,5.551115123125783e-17,0.0,not_applicable,,,,,0.0,0.0,0.0,0.0,0,0.08625,0.07799238744903249,0.0060828125000000005,1,0.0,0.0001,5d1f1faee739d775750d8d5bfec7e42b6109dbef4177bde299d4077720c2e548,-0.06561618632963205,0.7074437097783746,0.6612370044130916,0.6176754383719388
41002,selected_fixed_jump,1,10,2,m12_r_dominant,m12,False,True,256,0.28935704104553805,0.03302618332111714,0.2847816762560007,0.04,0.02875,0.01,0.055,0.03,-0.02625,1.3862943611198904,-0.6486954179891113,1.3862943611198904,0.6486954179891113,0.12,0.12,-0.055,0.09749999999999999,-0.02875,-0.022500000000000006,0.02625,not_applicable,,,,,0.0,0.0,0.0,0.0,0,0.0,0.0,0.0,0,0.0,0.0001,5d1f1faee739d775750d8d5bfec7e42b6109dbef4177bde299d4077720c2e548,0.045894794570567984,0.008144769398890236,-0.03817362040718881,0.06358793375976086
41002,current_online_em,1,10,2,m12_r_dominant,m12,False,True,256,0.3012471602288197,0.03380669227165617,0.28626468780360353,0.05254218000660548,0.03280699955400031,0.01,0.055,0.04254218000660548,-0.022193000445999693,1.6590311827247097,-0.5166912915725406,1.6590311827247097,0.5166912915725406,0.12,0.12,-0.055,0.1181561791146061,-0.03280699955400031,-0.001843820885393893,0.022193000445999693,not_applicable,,,,,0.0,0.0,0.0,0.0,0,0.7006639898075964,0.063442092838979,0.004024899143789631,256,0.0,0.0001,5d1f1faee739d775750d8d5bfec7e42b6109dbef4177bde299d4077720c2e548,0.06563457406959244,0.1469559184323769,0.1045751167435957,0.15683079397968
41002,h_plus_total_variance,1,10,2,m12_r_dominant,m12,False,True,256,0.3152051347802102,0.036628637796930714,0.29425879234491936,0.0670776832033625,0.03353884160168125,0.01,0.055,0.057077683203362505,-0.021461158398318747,1.9032663055494092,-0.494628967248961,1.9032663055494092,0.494628967248961,0.12,0.12,-0.055,0.134155366406725,-0.03353884160168125,0.014155366406725017,0.021461158398318747,lag0_only,0.13406066952331003,,0.014060669523310032,,0.0,0.0,0.0,0.0,0,0.5197959195651751,0.03754357035329326,0.0014095196748726804,256,0.0,0.0001,5d1f1faee739d775750d8d5bfec7e42b6109dbef4177bde299d4077720c2e548,0.0407973666387513,0.10135745523660528,0.06728384365851577,0.13641958764715917
41002,autocov_factorized,1,10,2,m12_r_dominant,m12,False,True,256,0.2851768389350444,0.032724889107640834,0.2710964390428198,0.04549316278902959,0.036655122306363266,0.01,0.055,0.035493162789029586,-0.018344877693636734,1.5149769532984592,-0.40578000387272484,1.5149769532984592,0.40578000387272484,0.12,0.12,-0.055,0.11880340740175613,-0.036655122306363266,-0.0011965925982438674,0.018344877693636734,lag0_and_lag1,0.11885953433828937,-0.03675665828658085,0.001140465661710624,0.018243341713419153,0.0,0.0,0.0,0.0,0,0.3375581145152847,0.025112628834437187,0.0006306441269762061,256,0.0,0.0001,5d1f1faee739d775750d8d5bfec7e42b6109dbef4177bde299d4077720c2e548,-0.1181592401177627,0.05770001424062697,0.027671280096514532,0.11384641646855603
41002,generator_supported_seen_regime_imm,1,10,2,m12_r_dominant,m12,False,True,256,0.24654978734544558,0.022957161023744455,0.2622634335561665,0.018977205461101185,0.048713008728774876,0.01,0.055,0.008977205461101185,-0.006286991271225124,0.6406534533675381,-0.12138707112666935,0.6406534533675381,0.12138707112666935,0.12,0.12,-0.055,0.11640322291865093,-0.048713008728774876,-0.003596777081349062,0.006286991271225124,not_applicable,,,,,0.0,0.0,0.0,0.0,0,0.6913802846653831,0.06593527134385771,0.004347460007188143,256,0.0,0.0001,5d1f1faee739d775750d8d5bfec7e42b6109dbef4177bde299d4077720c2e548,-0.10198685503203495,0.08032744092930118,0.04995740294793285,0.12433009161185307
41002,dynamic_qr_oracle,1,10,2,m12_r_dominant,m12,False,True,256,0.22706260146331728,0.021040578256925575,0.25324420963577154,0.01,0.05500000000000002,0.01,0.055,0.0,2.0816681711721685e-17,0.0,4.440892098500626e-16,0.0,4.440892098500626e-16,0.12,0.12,-0.055,0.12000000000000005,-0.05500000000000002,5.551115123125783e-17,-2.0816681711721685e-17,not_applicable,,,,,0.0,0.0,0.0,0.0,0,0.10500000000000001,0.07826237921249264,0.006125000000000001,1,0.0,0.0001,5d1f1faee739d775750d8d5bfec7e42b6109dbef4177bde299d4077720c2e548,-0.2695490478691398,-0.024064232977107552,-0.08449906624086506,-0.002668301213955601
41002,selected_fixed_jump,1,11,3,m06_q_dominant,m06,True,True,256,0.07115503569979996,0.010625659426638248,0.06930466044114586,0.04,0.02875,0.04,0.01,0.0,0.018750000000000003,0.0,1.0560526742493135,0.0,1.0560526742493135,0.06,0.06,-0.01,0.09749999999999999,-0.02875,0.03749999999999999,-0.018750000000000003,not_applicable,,,,,0.0,0.0,0.0,0.0,0,0.0,0.0,0.0,0,0.0,0.0001,5d1f1faee739d775750d8d5bfec7e42b6109dbef4177bde299d4077720c2e548,-0.26327058764722866,0.12758307598711466,0.1483331727780012,0.04376453701887832
41002,current_online_em,1,11,3,m06_q_dominant,m06,True,True,256,0.1008014262201409,0.015835600645129837,0.09072002027861403,0.022911180277586967,0.031255411742043555,0.04,0.01,-0.017088819722413034,0.021255411742043553,-0.5572544409665054,1.13960744394057,0.5572544409665054,1.13960744394057,0.06,0.06,-0.01,0.0854220037616741,-0.031255411742043555,0.025422003761674097,-0.021255411742043553,not_applicable,,,,,0.0,0.0,0.0,0.0,0,0.23334486584267133,0.015892245872500432,0.00025256347887200707,256,0.0,0.0001,5d1f1faee739d775750d8d5bfec7e42b6109dbef4177bde299d4077720c2e548,-0.25462409833249855,0.14800908735442223,0.17644013654288948,0.05954611271017396
41002,h_plus_total_variance,1,11,3,m06_q_dominant,m06,True,True,256,0.05138876023879742,0.009138474847343946,0.04837295414251093,0.03530322033841797,0.017651610169208985,0.04,0.01,-0.00469677966158203,0.007651610169208985,-0.12490526661845758,0.5682419139414874,0.12490526661845758,0.5682419139414874,0.06,0.06,-0.01,0.07060644067683594,-0.017651610169208985,0.010606440676835943,-0.007651610169208985,lag0_only,0.07041210416311221,,0.01041210416311221,,0.0,0.0,0.0,0.0,0,0.2354342108006609,0.016290509118684654,0.00026538068734594786,256,0.0,0.0001,5d1f1faee739d775750d8d5bfec7e42b6109dbef4177bde299d4077720c2e548,-0.16651429776751225,0.14059673191983207,0.15031093212862962,0.05463296055148756
41002,autocov_factorized,1,11,3,m06_q_dominant,m06,True,True,256,0.06936437947333149,0.010800646820641326,0.04994636314440397,0.039068656596989854,0.027355871273334186,0.04,0.01,-0.0009313434030101472,0.017355871273334184,-0.0235589301533512,1.0063460846207812,0.0235589301533512,1.0063460846207812,0.06,0.06,-0.01,0.09378039914365821,-0.027355871273334186,0.03378039914365821,-0.017355871273334184,lag0_and_lag1,0.09361371211385514,-0.02724286201732023,0.03361371211385514,0.017242862017320233,0.0,0.0,0.0,0.0,0,0.17594048187623396,0.011166943837929195,0.00012470063467946482,256,0.0,0.0001,5d1f1faee739d775750d8d5bfec7e42b6109dbef4177bde299d4077720c2e548,-0.19454437867466232,0.1729767108868458,0.19707672737034398,0.09647047190208981
41002,generator_supported_seen_regime_imm,1,11,3,m06_q_dominant,m06,True,True,256,0.041470048812975266,0.009152020084024591,0.04436401032622349,0.03890266301510984,0.01362423380151487,0.04,0.01,-0.0010973369848901599,0.0036242338015148694,-0.02781674786070054,0.3092650112228261,0.02781674786070054,0.3092650112228261,0.06,0.06,-0.01,0.06615113061813957,-0.01362423380151487,0.006151130618139572,-0.0036242338015148694,not_applicable,,,,,0.0,0.0,0.0,0.0,0,0.3403982979350891,0.030702390106754362,0.0009426367582673282,256,0.0,0.0001,5d1f1faee739d775750d8d5bfec7e42b6109dbef4177bde299d4077720c2e548,-0.26896963870834945,0.3212440960941909,0.3565657863922156,0.2193562991694074
41002,dynamic_qr_oracle,1,11,3,m06_q_dominant,m06,True,True,256,0.02053563261393205,0.007921578132627272,0.04121071011461139,0.04,0.01,0.04,0.01,0.0,0.0,0.0,0.0,0.0,0.0,0.06,0.06,-0.01,0.060000000000000026,-0.01,2.7755575615628914e-17,0.0,not_applicable,,,,,0.0,0.0,0.0,0.0,0,0.075,0.054083269131959835,0.0029249999999999996,1,0.0,0.0001,5d1f1faee739d775750d8d5bfec7e42b6109dbef4177bde299d4077720c2e548,-0.3549351512600249,0.11080125601731804,0.10076762148894577,-0.026609792720300243
41002,selected_fixed_jump,1,12,4,m12_r_dominant,m12,False,True,256,0.23449779999653514,0.032194460123317906,0.1537979840752993,0.04,0.02875,0.01,0.055,0.03,-0.02625,1.3862943611198904,-0.6486954179891113,1.3862943611198904,0.6486954179891113,0.12,0.12,-0.055,0.09749999999999999,-0.02875,-0.022500000000000006,0.02625,not_applicable,,,,,0.0,0.0,0.0,0.0,0,0.0,0.0,0.0,0,0.0,0.0001,5d1f1faee739d775750d8d5bfec7e42b6109dbef4177bde299d4077720c2e548,-0.28226130555028045,0.6218634631533749,0.2714244726795163,0.4280459226331824
41002,current_online_em,1,12,4,m12_r_dominant,m12,False,True,256,0.22136369369361267,0.027131960066468824,0.16579730190937292,0.029557915944132398,0.03716690671445021,0.01,0.055,0.0195579159441324,-0.017833093285549793,1.083766498033969,-0.39191442433650536,1.083766498033969,0.39191442433650536,0.12,0.12,-0.055,0.10389172937303282,-0.03716690671445021,-0.01610827062696718,0.017833093285549793,not_applicable,,,,,0.0,0.0,0.0,0.0,0,0.33559750146255163,0.02405740571181699,0.0005787587695829648,256,0.0,0.0001,5d1f1faee739d775750d8d5bfec7e42b6109dbef4177bde299d4077720c2e548,-0.341360671945589,0.6617205079634253,0.2775074439050935,0.4485656442276734
41002,h_plus_total_variance,1,12,4,m12_r_dominant,m12,False,True,256,0.26785825696357124,0.0357595853873971,0.16871175000411628,0.0543183456464712,0.0271591728232356,0.01,0.055,0.0443183456464712,-0.0278408271767644,1.6922769340943629,-0.7056183387040074,1.6922769340943629,0.7056183387040074,0.12,0.12,-0.055,0.1086366912929424,-0.0271591728232356,-0.011363308707057596,0.0278408271767644,lag0_only,0.10878980994937851,,0.011210190050621488,,0.0,0.0,0.0,0.0,0,0.42645233144588324,0.027079176523027323,0.0007332818011652742,256,0.0,0.0001,5d1f1faee739d775750d8d5bfec7e42b6109dbef4177bde299d4077720c2e548,-0.4448638858950742,0.92777843877247,0.40373561485364395,0.5691850331849744
41002,autocov_factorized,1,12,4,m12_r_dominant,m12,False,True,256,0.23743562371541427,0.03136656227770468,0.17326783937557824,0.035040966251033714,0.031010902338322897,0.01,0.055,0.025040966251033712,-0.023989097661677103,1.253932748351298,-0.5729943542421743,1.253932748351298,0.5729943542421743,0.12,0.12,-0.055,0.09706277092767951,-0.031010902338322897,-0.022937229072320486,0.023989097661677103,lag0_and_lag1,0.09715935360607773,-0.031114659635207813,0.022840646393922262,0.023885340364792187,0.0,0.0,0.0,0.0,0,0.3012241132303646,0.020667302316602038,0.00042713738504582396,256,0.0,0.0001,5d1f1faee739d775750d8d5bfec7e42b6109dbef4177bde299d4077720c2e548,-0.3314841746726215,0.7882342356106202,0.35016360649289624,0.5128880195867235
41002,generator_supported_seen_regime_imm,1,12,4,m12_r_dominant,m12,False,True,256,0.223691563812202,0.025666321831696395,0.22302702578533082,0.02694701127381604,0.04350978990797076,0.01,0.055,0.016947011273816037,-0.011490210092029239,0.9912872992804598,-0.23434721710334028,0.9912872992804598,0.23434721710334028,0.12,0.12,-0.055,0.11396659108975754,-0.04350978990797076,-0.006033408910242455,0.011490210092029239,not_applicable,,,,,0.0,0.0,0.0,0.0,0,0.8197403468592557,0.07432952707991819,0.005524878595924292,256,0.0,0.0001,5d1f1faee739d775750d8d5bfec7e42b6109dbef4177bde299d4077720c2e548,-0.4326277498772604,0.9841557893373944,0.44075265918377127,0.5847773033870177
41002,dynamic_qr_oracle,1,12,4,m12_r_dominant,m12,False,True,256,0.20713629794357447,0.020544590444504185,0.22680931931422765,0.01,0.05500000000000002,0.01,0.055,0.0,2.0816681711721685e-17,0.0,4.440892098500626e-16,0.0,4.440892098500626e-16,0.12,0.12,-0.055,0.12000000000000005,-0.05500000000000002,5.551115123125783e-17,-2.0816681711721685e-17,not_applicable,,,,,0.0,0.0,0.0,0.0,0,0.075,0.054083269131959835,0.0029249999999999996,1,0.0,0.0001,5d1f1faee739d775750d8d5bfec7e42b6109dbef4177bde299d4077720c2e548,-0.33770173209691917,0.5194724483762764,0.20524792249295515,0.36005218747069634
41002,selected_fixed_jump,1,13,5,m06_r_dominant,m06,False,True,256,-0.019201008615873753,0.01440920337621494,0.08928483420229127,0.04,0.02875,0.0025,0.02875,0.0375,0.0,2.772588722239781,0.0,2.772588722239781,0.0,0.060000000000000005,0.060000000000000005,-0.02875,0.09749999999999999,-0.02875,0.037499999999999985,0.0,not_applicable,,,,,0.0,0.0,0.0,0.0,0,0.0,0.0,0.0,0,0.0,0.0001,5d1f1faee739d775750d8d5bfec7e42b6109dbef4177bde299d4077720c2e548,0.1037234537738571,-0.16205696420568538,-0.11852596548956003,-0.15715116387882058
41002,current_online_em,1,13,5,m06_r_dominant,m06,False,True,256,-0.12971307575280044,0.008619589400069315,0.05884800146669602,0.01139156113462135,0.027405913172940288,0.0025,0.02875,0.00889156113462135,-0.0013440868270597137,1.5165820980559728,-0.04787896790140023,1.5165820980559728,0.04787896790140023,0.060000000000000005,0.060000000000000005,-0.02875,0.06620338748050192,-0.027405913172940288,0.006203387480501914,0.0013440868270597137,not_applicable,,,,,0.0,0.0,0.0,0.0,0,0.13125929918480667,0.00818936550062689,6.706570730285791e-05,256,0.0,0.0001,5d1f1faee739d775750d8d5bfec7e42b6109dbef4177bde299d4077720c2e548,0.1286939252214547,-0.1878127432043986,-0.16716333796272975,-0.22360201573905156
41002,h_plus_total_variance,1,13,5,m06_r_dominant,m06,False,True,256,-0.04921317787869016,0.016416202170448084,0.09698560307935822,0.034425466250147245,0.017212733125073622,0.0025,0.02875,0.03192546625014724,-0.011537266874926379,2.622505856589215,-0.5129883593399347,2.622505856589215,0.5129883593399347,0.060000000000000005,0.060000000000000005,-0.02875,0.06885093250029449,-0.017212733125073622,0.008850932500294485,0.011537266874926379,lag0_only,0.06872724972094109,,0.008727249720941084,,0.0,0.0,0.0,0.0,0,0.2576726827207815,0.016997981856860314,0.00028893138720615237,256,0.0,0.0001,5d1f1faee739d775750d8d5bfec7e42b6109dbef4177bde299d4077720c2e548,0.1130552491342537,-0.12939069950252757,-0.08961088208991491,-0.14727758692763954
41002,autocov_factorized,1,13,5,m06_r_dominant,m06,False,True,256,-0.10913926093231535,0.008379001898486137,0.02851121187083032,0.013356817729839963,0.03537814354064245,0.0025,0.02875,0.010856817729839962,0.006628143540642447,1.675736213987424,0.2074564481116452,1.675736213987424,0.2074564481116452,0.060000000000000005,0.060000000000000005,-0.02875,0.08411310481112487,-0.03537814354064245,0.024113104811124865,-0.006628143540642447,lag0_and_lag1,0.08400575503326507,-0.03534689640237658,0.024005755033265068,0.006596896402376578,0.0,0.0,0.0,0.0,0,0.16474448811992332,0.011852249374477533,0.00014047581523480307,256,0.0,0.0001,5d1f1faee739d775750d8d5bfec7e42b6109dbef4177bde299d4077720c2e548,0.1619824867561629,-0.16595624168960268,-0.15238687714122487,-0.19796489764248631
41002,generator_supported_seen_regime_imm,1,13,5,m06_r_dominant,m06,False,True,256,-0.16273485669389917,0.006004146959474172,0.06027552508850535,0.006304999458185076,0.030955870455502455,0.0025,0.02875,0.003804999458185076,0.002205870455502454,0.9250521516085568,0.07392488936162911,0.9250521516085568,0.07392488936162911,0.060000000000000005,0.060000000000000005,-0.02875,0.06821674036918998,-0.030955870455502455,0.008216740369189977,-0.002205870455502454,not_applicable,,,,,0.0,0.0,0.0,0.0,0,0.34369209959976843,0.0355087629150802,0.0012608722437593748,256,0.0,0.0001,5d1f1faee739d775750d8d5bfec7e42b6109dbef4177bde299d4077720c2e548,0.32157731976287457,-0.09188492181452947,-0.11146383447869199,-0.18658175986614928
41002,dynamic_qr_oracle,1,13,5,m06_r_dominant,m06,False,True,256,-0.1825842762454742,0.005219666191551577,0.059417718402670905,0.0025,0.02875,0.0025,0.02875,0.0,0.0,0.0,0.0,0.0,0.0,0.060000000000000005,0.060000000000000005,-0.02875,0.060000000000000026,-0.02875,2.0816681711721685e-17,0.0,not_applicable,,,,,0.0,0.0,0.0,0.0,0,0.03375,0.027300412084801943,0.0007453124999999999,1,0.0,0.0001,5d1f1faee739d775750d8d5bfec7e42b6109dbef4177bde299d4077720c2e548,0.5547524783853653,-0.22063682149485164,-0.27104721171908785,-0.3597883311892298
41002,selected_fixed_jump,1,14,6,m06_q_dominant,m06,True,True,256,0.030108410830711856,0.008626778467068792,0.062161293252139496,0.04,0.02875,0.04,0.01,0.0,0.018750000000000003,0.0,1.0560526742493135,0.0,1.0560526742493135,0.06,0.06,-0.01,0.09749999999999999,-0.02875,0.03749999999999999,-0.018750000000000003,not_applicable,,,,,0.0,0.0,0.0,0.0,0,0.0,0.0,0.0,0,0.0,0.0001,5d1f1faee739d775750d8d5bfec7e42b6109dbef4177bde299d4077720c2e548,-0.26433007563629163,-0.16758786784637122,-0.055304330333408876,-0.030560094054682005
41002,current_online_em,1,14,6,m06_q_dominant,m06,True,True,256,0.0610448497730217,0.016654111800809376,0.04242798462090483,0.013150923020783096,0.032069253856782456,0.04,0.01,-0.026849076979216905,0.022069253856782454,-1.1123875062589526,1.165312654359362,1.1123875062589526,1.165312654359362,0.06,0.06,-0.01,0.07728943073434799,-0.032069253856782456,0.017289430734347994,-0.022069253856782454,not_applicable,,,,,0.0,0.0,0.0,0.0,0,0.1741759183350002,0.011127298030657021,0.00012381676146306362,256,0.0,0.0001,5d1f1faee739d775750d8d5bfec7e42b6109dbef4177bde299d4077720c2e548,-0.5478078111510657,-0.31281348015576854,-0.04488665268326973,-0.08908863743478046
41002,h_plus_total_variance,1,14,6,m06_q_dominant,m06,True,True,256,-0.004482763087716394,0.007905886962867988,0.06270037266898085,0.030105670354481605,0.015052835177240802,0.04,0.01,-0.009894329645518396,0.005052835177240802,-0.2841659162312986,0.4089812643286459,0.2841659162312986,0.4089812643286459,0.06,0.06,-0.01,0.06021134070896321,-0.015052835177240802,0.0002113407089632119,-0.005052835177240802,lag0_only,0.06020513073261223,,0.00020513073261223258,,0.0,0.0,0.0,0.0,0,0.23921258474578438,0.01618239455204196,0.0002618698934379573,256,0.0,0.0001,5d1f1faee739d775750d8d5bfec7e42b6109dbef4177bde299d4077720c2e548,-0.3755395065420968,-0.266021932006525,-0.1322695433883968,-0.08374881677662888
41002,autocov_factorized,1,14,6,m06_q_dominant,m06,True,True,256,0.018052990262299767,0.011262158777279846,0.039763226006280475,0.020879387272003655,0.023103536977057144,0.04,0.01,-0.019120612727996346,0.013103536977057144,-0.6501170367406304,0.8374006287025799,0.6501170367406304,0.8374006287025799,0.06,0.06,-0.01,0.06708646122611794,-0.023103536977057144,0.007086461226117946,-0.013103536977057144,lag0_and_lag1,0.06705052014644089,-0.023057737037237545,0.007050520146440892,0.013057737037237544,0.0,0.0,0.0,0.0,0,0.15848755126452602,0.011262735581701726,0.00012684921278333013,256,0.0,0.0001,5d1f1faee739d775750d8d5bfec7e42b6109dbef4177bde299d4077720c2e548,-0.49169382027542974,-0.262367912593041,-0.024716837572111933,-0.07941664267723537
41002,generator_supported_seen_regime_imm,1,14,6,m06_q_dominant,m06,True,True,256,0.0010867725124112,0.008874464258876027,0.0919487919476411,0.03481772760445315,0.015239888228845366,0.04,0.01,-0.005182272395546854,0.005239888228845366,-0.138752783119664,0.42133112317229493,0.138752783119664,0.42133112317229493,0.06,0.06,-0.01,0.0652975040621439,-0.015239888228845366,0.005297504062143896,-0.005239888228845366,not_applicable,,,,,0.0,0.0,0.0,0.0,0,0.41509701689099043,0.03947230575636616,0.0015580629217240576,256,0.0,0.0001,5d1f1faee739d775750d8d5bfec7e42b6109dbef4177bde299d4077720c2e548,-0.637587930078249,-0.22785144505367957,0.07988118259067711,-0.03811686504605866
41002,dynamic_qr_oracle,1,14,6,m06_q_dominant,m06,True,True,256,-0.014180911166834384,0.007705622967353228,0.08366298629905053,0.04,0.01,0.04,0.01,0.0,0.0,0.0,0.0,0.0,0.0,0.06,0.06,-0.01,0.060000000000000026,-0.01,2.7755575615628914e-17,0.0,not_applicable,,,,,0.0,0.0,0.0,0.0,0,0.05625,0.04192627457812106,0.0017578125,1,0.0,0.0001,5d1f1faee739d775750d8d5bfec7e42b6109dbef4177bde299d4077720c2e548,-0.478391934230529,-0.3291302328055943,-0.18615462760574092,-0.09748635329649422
41002,selected_fixed_jump,1,15,7,m12_q_dominant,m12,True,True,256,0.44830679648984906,0.02379707610403739,0.550746927422733,0.04,0.02875,0.08,0.02,-0.04,0.00875,-0.693147180559945,0.36290549368936853,0.693147180559945,0.36290549368936853,0.12,0.12,-0.02,0.09749999999999999,-0.02875,-0.022500000000000006,-0.00875,not_applicable,,,,,0.0,0.0,0.0,0.0,0,0.0,0.0,0.0,0,0.0,0.0001,5d1f1faee739d775750d8d5bfec7e42b6109dbef4177bde299d4077720c2e548,1.4207018738291965,1.0905742362287414,0.5124636168843699,0.683334097411664
41002,current_online_em,1,15,7,m12_q_dominant,m12,True,True,256,0.45591455625476623,0.03504370617202599,0.5100679870380348,0.03606793483717005,0.051932733357064345,0.08,0.02,-0.04393206516282995,0.03193273335706434,-0.7966223957038716,0.9542170183313368,0.7966223957038716,0.9542170183313368,0.12,0.12,-0.02,0.13993340155129874,-0.051932733357064345,0.019933401551298746,-0.03193273335706434,not_applicable,,,,,0.0,0.0,0.0,0.0,0,0.42507736074362074,0.031233842774529067,0.0009755529344640017,256,0.0,0.0001,5d1f1faee739d775750d8d5bfec7e42b6109dbef4177bde299d4077720c2e548,2.07967361435424,1.716546606011587,0.7865498063144776,0.8486977802658519
41002,h_plus_total_variance,1,15,7,m12_q_dominant,m12,True,True,256,0.4228245557439345,0.020999979980417686,0.4714512580942687,0.061033209969615025,0.030516604984807513,0.08,0.02,-0.018966790030384977,0.010516604984807512,-0.2706084929150978,0.4225386876448476,0.2706084929150978,0.4225386876448476,0.12,0.12,-0.02,0.12206641993923005,-0.030516604984807513,0.0020664199392300547,-0.010516604984807512,lag0_only,0.12231748620858549,,0.0023174862085854897,,0.0,0.0,0.0,0.0,0,0.5137572425174524,0.03457010223313674,0.0011950919684095259,256,0.0,0.0001,5d1f1faee739d775750d8d5bfec7e42b6109dbef4177bde299d4077720c2e548,1.7429894455447428,1.3281885362742203,0.6205140801598735,0.7824106107196316
41002,autocov_factorized,1,15,7,m12_q_dominant,m12,True,True,256,0.46467461179759734,0.023775057428863773,0.4633804090799606,0.04514644851315015,0.02557823645176788,0.08,0.02,-0.03485355148684985,0.00557823645176788,-0.5721150176356193,0.24600957775594745,0.5721150176356193,0.24600957775594745,0.12,0.12,-0.02,0.09630292141668592,-0.02557823645176788,-0.023697078583314074,-0.00557823645176788,lag0_and_lag1,0.09649451827635327,-0.025569248730768497,0.02350548172364672,0.005569248730768497,0.0,0.0,0.0,0.0,0,0.33632550760595703,0.025697105507245233,0.0006603412314504933,256,0.0,0.0001,5d1f1faee739d775750d8d5bfec7e42b6109dbef4177bde299d4077720c2e548,2.162841002123019,1.637950679667625,0.7417961948838286,0.9405576988195273
41002,generator_supported_seen_regime_imm,1,15,7,m12_q_dominant,m12,True,True,256,0.4186359094959898,0.02049776610096015,0.44518299444391285,0.07150915508079811,0.022266235063545123,0.08,0.02,-0.008490844919201893,0.0022662350635451224,-0.11220115008265052,0.10733913475891743,0.11220115008265052,0.10733913475891743,0.12,0.12,-0.02,0.11604162520788835,-0.022266235063545123,-0.003958374792111641,-0.0022662350635451224,not_applicable,,,,,0.0,0.0,0.0,0.0,0,0.6902681808314122,0.06066208223939312,0.0036798882216188943,256,0.0,0.0001,5d1f1faee739d775750d8d5bfec7e42b6109dbef4177bde299d4077720c2e548,1.7989546717074283,1.4964715284487256,0.6970807034604752,0.8268481649813544
41002,dynamic_qr_oracle,1,15,7,m12_q_dominant,m12,True,True,256,0.40108103694783614,0.018734998020898248,0.4414367907995971,0.08,0.02,0.08,0.02,0.0,0.0,0.0,0.0,0.0,0.0,0.12,0.12,-0.02,0.12000000000000005,-0.02,5.551115123125783e-17,0.0,not_applicable,,,,,0.0,0.0,0.0,0.0,0,0.05,0.04123105625617661,0.0017000000000000001,1,0.0,0.0001,5d1f1faee739d775750d8d5bfec7e42b6109dbef4177bde299d4077720c2e548,1.0767245901632587,0.8832655928573212,0.4535832285952064,0.6129261542839316
41002,selected_fixed_jump,2,16,0,m06_r_dominant,m06,False,False,256,-0.038988874045905966,0.015121050944007158,-0.20028373227011603,0.04,0.02875,0.0025,0.02875,0.0375,0.0,2.772588722239781,0.0,2.772588722239781,0.0,0.060000000000000005,0.060000000000000005,-0.02875,0.09749999999999999,-0.02875,0.037499999999999985,0.0,not_applicable,,,,,0.0,0.0,0.0,0.0,0,0.0,0.0,0.0,0,0.0,0.0001,5d1f1faee739d775750d8d5bfec7e42b6109dbef4177bde299d4077720c2e548,,,,
41002,current_online_em,2,16,0,m06_r_dominant,m06,False,False,256,-0.16954842462649183,0.012472107760610847,-0.5137148295048626,0.014516516558512917,0.019143801104385797,0.0025,0.02875,0.012016516558512916,-0.009606198895614204,1.7589963423018373,-0.40665880614039107,1.7589963423018373,0.40665880614039107,0.060000000000000005,0.060000000000000005,-0.02875,0.052804118767284504,-0.019143801104385797,-0.007195881232715501,0.009606198895614204,not_applicable,,,,,0.0,0.0,0.0,0.0,0,0.14337764012410797,0.009755007241408103,9.516016627992454e-05,255,0.0,0.0001,5d1f1faee739d775750d8d5bfec7e42b6109dbef4177bde299d4077720c2e548,,,,
41002,h_plus_total_variance,2,16,0,m06_r_dominant,m06,False,False,256,-0.099474940628269,0.016902240404225766,-0.43436271818640787,0.030822752932166124,0.015411376466083062,0.0025,0.02875,0.028322752932166125,-0.01333862353391694,2.511962416941354,-0.6235317989877958,2.511962416941354,0.6235317989877958,0.060000000000000005,0.060000000000000005,-0.02875,0.06164550586433225,-0.015411376466083062,0.0016455058643322432,0.01333862353391694,lag0_only,0.06158478963723729,,0.0015847896372372869,,0.0,0.0,0.0,0.0,0,0.26177739804741307,0.017438043063027885,0.000304085345868015,254,0.0,0.0001,5d1f1faee739d775750d8d5bfec7e42b6109dbef4177bde299d4077720c2e548,,,,
41002,autocov_factorized,2,16,0,m06_r_dominant,m06,False,False,256,-0.0578750976143724,0.01795305837058977,-0.5527826954249863,0.0020439999170339344,0.03217031117851896,0.0025,0.02875,-0.0004560000829660657,0.0034203111785189554,-0.20138210012274982,0.11240624690200995,0.20138210012274982,0.11240624690200995,0.060000000000000005,0.060000000000000005,-0.02875,0.06638462227407185,-0.03217031117851896,0.006384622274071848,-0.0034203111785189554,lag0_and_lag1,0.06307478625040808,-0.03219553178376318,0.0030747862504080722,0.0034455317837631776,0.60546875,0.0,0.60546875,0.60546875,0,0.2814537142091715,0.02817720624229485,0.0007939549516208199,254,0.0,0.0001,5d1f1faee739d775750d8d5bfec7e42b6109dbef4177bde299d4077720c2e548,,,,
41002,generator_supported_seen_regime_imm,2,16,0,m06_r_dominant,m06,False,False,256,-0.22163028899527698,0.009011486963424863,-0.5085071263718327,0.004914138699556214,0.028955455459540928,0.0025,0.02875,0.0024141386995562143,0.00020545545954092637,0.6758257672144179,0.007120863220571927,0.6758257672144179,0.007120863220571927,0.060000000000000005,0.060000000000000005,-0.02875,0.06282504961863807,-0.028955455459540928,0.0028250496186380605,-0.00020545545954092637,not_applicable,,,,,0.0,0.0,0.0,0.0,0,0.2433632863680645,0.029178728259048957,0.0008513981828154223,255,0.0,0.0001,5d1f1faee739d775750d8d5bfec7e42b6109dbef4177bde299d4077720c2e548,,,,
41002,dynamic_qr_oracle,2,16,0,m06_r_dominant,m06,False,False,256,-0.23056396982012767,0.008918028518358583,-0.5127046497887076,0.0025,0.02875,0.0025,0.02875,0.0,0.0,0.0,0.0,0.0,0.0,0.060000000000000005,0.060000000000000005,-0.02875,0.060000000000000026,-0.02875,2.0816681711721685e-17,0.0,not_applicable,,,,,0.0,0.0,0.0,0.0,0,0.0,0.0,0.0,0,0.0,0.0001,5d1f1faee739d775750d8d5bfec7e42b6109dbef4177bde299d4077720c2e548,,,,
41002,selected_fixed_jump,2,17,1,m12_r_dominant,m12,False,True,256,0.19759417238851984,0.026383745471913016,0.4431742855017795,0.04,0.02875,0.01,0.055,0.03,-0.02625,1.3862943611198904,-0.6486954179891113,1.3862943611198904,0.6486954179891113,0.12,0.12,-0.055,0.09749999999999999,-0.02875,-0.022500000000000006,0.02625,not_applicable,,,,,0.0,0.0,0.0,0.0,0,0.0,0.0,0.0,0,0.0,0.0001,5d1f1faee739d775750d8d5bfec7e42b6109dbef4177bde299d4077720c2e548,-0.2934800025965258,-0.01974435655141586,-0.027538888984945394,0.1356306051411682
41002,current_online_em,2,17,1,m12_r_dominant,m12,False,True,256,0.21509091202716396,0.025470504359918468,0.4747035691594957,0.033010965146878485,0.024762278311741576,0.01,0.055,0.023010965146878483,-0.030237721688258425,1.1942546904587341,-0.7980117258277217,1.1942546904587341,0.7980117258277217,0.12,0.12,-0.055,0.08253552177036164,-0.024762278311741576,-0.03746447822963836,0.030237721688258425,not_applicable,,,,,0.0,0.0,0.0,0.0,0,0.437517786187856,0.03655322369746512,0.001336138162676926,256,0.0,0.0001,5d1f1faee739d775750d8d5bfec7e42b6109dbef4177bde299d4077720c2e548,-0.7704855273615985,-0.15541731158487623,-0.1786507069207693,0.2197901431544466
41002,h_plus_total_variance,2,17,1,m12_r_dominant,m12,False,True,256,0.2283896712524935,0.029639397665987145,0.4852076053112727,0.04719382827674126,0.02359691413837063,0.01,0.055,0.03719382827674126,-0.03140308586162937,1.5516780341993393,-0.8462172385990305,1.5516780341993393,0.8462172385990305,0.12,0.12,-0.055,0.09438765655348252,-0.02359691413837063,-0.02561234344651747,0.03140308586162937,lag0_only,0.09467884206001148,,0.025321157939988514,,0.0,0.0,0.0,0.0,0,0.3784661991309171,0.024863771679059236,0.0006182071421083882,256,0.0,0.0001,5d1f1faee739d775750d8d5bfec7e42b6109dbef4177bde299d4077720c2e548,-0.6650439372062621,-0.04109571165560355,-0.060802079688899044,0.23061498567244282
41002,autocov_factorized,2,17,1,m12_r_dominant,m12,False,True,256,0.188189028442594,0.019037308952694877,0.4085782072912343,0.014322370406316695,0.03301107091495962,0.01,0.055,0.0043223704063166946,-0.021988929085040382,0.35923758600704847,-0.5104901977560816,0.35923758600704847,0.5104901977560816,0.12,0.12,-0.055,0.08034451223623593,-0.03301107091495962,-0.03965548776376407,0.021988929085040382,lag0_and_lag1,0.0805148068260533,-0.03307967764212929,0.03948519317394669,0.02192032235787071,0.0,0.0,0.0,0.0,0,0.3236588304557976,0.022649060855291572,0.000512979957626701,256,0.0,0.0001,5d1f1faee739d775750d8d5bfec7e42b6109dbef4177bde299d4077720c2e548,-0.7581007354592386,-0.2856194786685361,-0.3205901113385469,0.10830166362695018
41002,generator_supported_seen_regime_imm,2,17,1,m12_r_dominant,m12,False,True,256,0.152938198924629,0.017356771415718467,0.3197839458346049,0.011603156865045402,0.04724529840200203,0.01,0.055,0.0016031568650454013,-0.007754701597997973,0.1486921116323341,-0.15198004096317597,0.1486921116323341,0.15198004096317597,0.12,0.12,-0.055,0.10609375366904945,-0.04724529840200203,-0.013906246330950542,0.007754701597997973,not_applicable,,,,,0.0,0.0,0.0,0.0,0,0.5764417928469021,0.051145631455474176,0.0026158756169791892,256,0.0,0.0001,5d1f1faee739d775750d8d5bfec7e42b6109dbef4177bde299d4077720c2e548,-0.6960199479442122,-0.27180408586816407,-0.2974280586731842,0.07480156017875869
41002,dynamic_qr_oracle,2,17,1,m12_r_dominant,m12,False,True,256,0.13790751995852518,0.016483243351205393,0.3111407692004915,0.01,0.05500000000000002,0.01,0.055,0.0,2.0816681711721685e-17,0.0,4.440892098500626e-16,0.0,4.440892098500626e-16,0.12,0.12,-0.055,0.12000000000000005,-0.05500000000000002,5.551115123125783e-17,-2.0816681711721685e-17,not_applicable,,,,,0.0,0.0,0.0,0.0,0,0.03375,0.027300412084801943,0.0007453124999999999,1,0.0,0.0001,5d1f1faee739d775750d8d5bfec7e42b6109dbef4177bde299d4077720c2e548,-0.38983415834771984,-0.1381085705830621,-0.13270045984463869,0.05068328782325097
41002,selected_fixed_jump,2,18,2,m12_q_dominant,m12,True,True,256,0.4028061496167574,0.01977981410545024,0.2784153294267401,0.04,0.02875,0.08,0.02,-0.04,0.00875,-0.693147180559945,0.36290549368936853,0.693147180559945,0.36290549368936853,0.12,0.12,-0.02,0.09749999999999999,-0.02875,-0.022500000000000006,-0.00875,not_applicable,,,,,0.0,0.0,0.0,0.0,0,0.0,0.0,0.0,0,0.0,0.0001,5d1f1faee739d775750d8d5bfec7e42b6109dbef4177bde299d4077720c2e548,0.7424085493567313,0.19877515062210802,0.8788798951590711,0.8298233226799038
41002,current_online_em,2,18,2,m12_q_dominant,m12,True,True,256,0.38260978346404745,0.01815612114186397,0.29465823441081984,0.059150179998809505,0.03122751320058538,0.08,0.02,-0.020849820001190497,0.01122751320058538,-0.30194700116350726,0.44556726602693963,0.30194700116350726,0.44556726602693963,0.12,0.12,-0.02,0.12160520639998026,-0.03122751320058538,0.001605206399980269,-0.01122751320058538,not_applicable,,,,,0.0,0.0,0.0,0.0,0,0.8593746147409367,0.07824038519526583,0.006121557875503571,256,0.0,0.0001,5d1f1faee739d775750d8d5bfec7e42b6109dbef4177bde299d4077720c2e548,0.7479476121024032,0.19947763782945888,0.889542579824251,0.7951047968624982
41002,h_plus_total_variance,2,18,2,m12_q_dominant,m12,True,True,256,0.3712291394037288,0.017693399800274824,0.26312719217918623,0.06232360215605861,0.031161801078029305,0.08,0.02,-0.017676397843941392,0.011161801078029304,-0.24968643381808686,0.44346074674185854,0.24968643381808686,0.44346074674185854,0.12,0.12,-0.02,0.12464720431211722,-0.031161801078029305,0.004647204312117223,-0.011161801078029304,lag0_only,0.12463177971346609,,0.004631779713466094,,0.0,0.0,0.0,0.0,0,0.4659128221110315,0.031094392563274915,0.0009668612488790463,256,0.0,0.0001,5d1f1faee739d775750d8d5bfec7e42b6109dbef4177bde299d4077720c2e548,0.6208508082215953,0.17636412852091854,0.75008623800813,0.7069452924181749
41002,autocov_factorized,2,18,2,m12_q_dominant,m12,True,True,256,0.43506983831043583,0.026509691569169665,0.2327009885987352,0.03615332250194854,0.03812569912572131,0.08,0.02,-0.04384667749805146,0.018125699125721307,-0.7942577815248653,0.645156298929288,0.7942577815248653,0.645156298929288,0.12,0.12,-0.02,0.11240472075339114,-0.03812569912572131,-0.007595279246608855,-0.018125699125721307,lag0_and_lag1,0.11246596222749246,-0.03804329735933448,0.0075340377725075375,0.018043297359334482,0.0,0.0,0.0,0.0,0,0.3356095410368465,0.025463004715739604,0.0006483646091537773,256,0.0,0.0001,5d1f1faee739d775750d8d5bfec7e42b6109dbef4177bde299d4077720c2e548,1.4948716892571265,0.8991097535201207,1.4464452778328984,1.157567066236864
41002,generator_supported_seen_regime_imm,2,18,2,m12_q_dominant,m12,True,True,256,0.3790600225290661,0.017172056465738356,0.2217968246327446,0.07428304615724458,0.021651787132659264,0.08,0.02,-0.005716953842755418,0.0016517871326592638,-0.07414388991277177,0.07935572403088242,0.07414388991277177,0.07935572403088242,0.12,0.12,-0.02,0.1175866204225631,-0.021651787132659264,-0.002413379577436897,-0.0016517871326592638,not_applicable,,,,,0.0,0.0,0.0,0.0,0,0.5999402337589801,0.06214192961132387,0.0038616194158187303,256,0.0,0.0001,5d1f1faee739d775750d8d5bfec7e42b6109dbef4177bde299d4077720c2e548,1.4256562959579673,0.8357590639047414,1.2113356534973212,0.9844027306759598
41002,dynamic_qr_oracle,2,18,2,m12_q_dominant,m12,True,True,256,0.3612613481930464,0.016338042887811013,0.21781123939277097,0.08,0.02,0.08,0.02,0.0,0.0,0.0,0.0,0.0,0.0,0.12,0.12,-0.02,0.12000000000000005,-0.02,5.551115123125783e-17,0.0,not_applicable,,,,,0.0,0.0,0.0,0.0,0,0.10500000000000001,0.07826237921249264,0.006125000000000001,1,0.0,0.0001,5d1f1faee739d775750d8d5bfec7e42b6109dbef4177bde299d4077720c2e548,1.0996958001401569,0.28861237104400234,0.7831861024970479,0.7575301151143807
41002,selected_fixed_jump,2,19,3,m06_q_dominant,m06,True,True,256,0.035914494191544424,0.010729951638969837,-0.04563030283787369,0.04,0.02875,0.04,0.01,0.0,0.018750000000000003,0.0,1.0560526742493135,0.0,1.0560526742493135,0.06,0.06,-0.01,0.09749999999999999,-0.02875,0.03749999999999999,-0.018750000000000003,not_applicable,,,,,0.0,0.0,0.0,0.0,0,0.0,0.0,0.0,0,0.0,0.0001,5d1f1faee739d775750d8d5bfec7e42b6109dbef4177bde299d4077720c2e548,-0.2882473016054268,-0.07741951809472739,-0.09094720936816353,-0.08478341007064612
41002,current_online_em,2,19,3,m06_q_dominant,m06,True,True,256,0.04060944184557899,0.01439797094681177,-0.027055831907634942,0.02574829438757143,0.029719082730549552,0.04,0.01,-0.01425170561242857,0.01971908273054955,-0.44051106657384986,1.08920426266958,0.44051106657384986,1.08920426266958,0.06,0.06,-0.01,0.08518645984867053,-0.029719082730549552,0.02518645984867053,-0.01971908273054955,not_applicable,,,,,0.0,0.0,0.0,0.0,0,0.2655913901164765,0.01892579798933206,0.00035818582953300534,256,0.0,0.0001,5d1f1faee739d775750d8d5bfec7e42b6109dbef4177bde299d4077720c2e548,-0.12721226185166343,0.017958027528259923,-0.005425232967314321,-0.025338011676932226
41002,h_plus_total_variance,2,19,3,m06_q_dominant,m06,True,True,256,-0.0028110291171659085,0.009673413123225479,-0.1622770952848525,0.03604007745173368,0.01802003872586684,0.04,0.01,-0.003959922548266319,0.00802003872586684,-0.10424787232689425,0.5888993082330511,0.10424787232689425,0.5888993082330511,0.06,0.06,-0.01,0.07208015490346736,-0.01802003872586684,0.012080154903467366,-0.00802003872586684,lag0_only,0.07181068666059655,,0.01181068666059655,,0.0,0.0,0.0,0.0,0,0.24454170572792158,0.014006962003746595,0.0001961949845744008,256,0.0,0.0001,5d1f1faee739d775750d8d5bfec7e42b6109dbef4177bde299d4077720c2e548,-0.19461788030261362,-0.022521723317361936,-0.0380460340969446,-0.05599442387525705
41002,autocov_factorized,2,19,3,m06_q_dominant,m06,True,True,256,0.024938731912955633,0.00908024587432286,-0.1264753317770422,0.056180378452411056,0.01780862090984319,0.04,0.01,0.016180378452411055,0.007808620909843191,0.3396881039654427,0.5770975678362475,0.3396881039654427,0.5770975678362475,0.06,0.06,-0.01,0.09179762027209745,-0.01780862090984319,0.031797620272097454,-0.007808620909843191,lag0_and_lag1,0.091629752150425,-0.017766595894324725,0.031629752150425,0.007766595894324725,0.0,0.0,0.0,0.0,0,0.1727285612184811,0.011713243950066052,0.00013720008383375897,256,0.0,0.0001,5d1f1faee739d775750d8d5bfec7e42b6109dbef4177bde299d4077720c2e548,-0.18743663885420422,-0.014492071621194758,-0.017884719128731786,-0.029964000315850763
41002,generator_supported_seen_regime_imm,2,19,3,m06_q_dominant,m06,True,True,256,0.002831565054225632,0.009551273443214388,-0.1628848206815547,0.044774446925621915,0.014726266690462259,0.04,0.01,0.004774446925621914,0.004726266690462258,0.11275814145329699,0.38704765596520385,0.11275814145329699,0.38704765596520385,0.06,0.06,-0.01,0.07422698030654643,-0.014726266690462259,0.014226980306546427,-0.004726266690462258,not_applicable,,,,,0.0,0.0,0.0,0.0,0,0.5507983906409297,0.044945332705317344,0.0020200829319916686,256,0.0,0.0001,5d1f1faee739d775750d8d5bfec7e42b6109dbef4177bde299d4077720c2e548,-0.16438545409753313,0.002483212826911635,-0.0034574428595790622,-0.026982490373236977
41002,dynamic_qr_oracle,2,19,3,m06_q_dominant,m06,True,True,256,-0.01295089643341401,0.008991262495633047,-0.1665171651209933,0.04,0.01,0.04,0.01,0.0,0.0,0.0,0.0,0.0,0.0,0.06,0.06,-0.01,0.060000000000000026,-0.01,2.7755575615628914e-17,0.0,not_applicable,,,,,0.0,0.0,0.0,0.0,0,0.05,0.04123105625617661,0.0017000000000000001,1,0.0,0.0001,5d1f1faee739d775750d8d5bfec7e42b6109dbef4177bde299d4077720c2e548,-0.431554949853335,-0.1549623567448439,-0.15953952040153255,-0.18645722382025476
41002,selected_fixed_jump,2,20,4,m12_r_dominant,m12,False,True,256,0.2453006273939794,0.03143030966338937,0.4568363623708727,0.04,0.02875,0.01,0.055,0.03,-0.02625,1.3862943611198904,-0.6486954179891113,1.3862943611198904,0.6486954179891113,0.12,0.12,-0.055,0.09749999999999999,-0.02875,-0.022500000000000006,0.02625,not_applicable,,,,,0.0,0.0,0.0,0.0,0,0.0,0.0,0.0,0,0.0,0.0001,5d1f1faee739d775750d8d5bfec7e42b6109dbef4177bde299d4077720c2e548,-0.001599440911484568,-0.056388114970399486,0.05670770131497676,0.0142040195102991
41002,current_online_em,2,20,4,m12_r_dominant,m12,False,True,256,0.22670260913126494,0.02645935933144971,0.39248398185312666,0.026709368812080327,0.0334465240958116,0.01,0.055,0.01670936881208033,-0.0215534759041884,0.9824293027022284,-0.49738531748625947,0.9824293027022284,0.49738531748625947,0.12,0.12,-0.055,0.09360241700370353,-0.0334465240958116,-0.026397582996296465,0.0215534759041884,not_applicable,,,,,0.0,0.0,0.0,0.0,0,0.32007183049299925,0.026557932862907543,0.0007053237979507044,256,0.0,0.0001,5d1f1faee739d775750d8d5bfec7e42b6109dbef4177bde299d4077720c2e548,-0.005199889494187086,-0.14862357346172925,-0.01109908889463472,-0.026743605612708034
41002,h_plus_total_variance,2,20,4,m12_r_dominant,m12,False,True,256,0.2735718178615502,0.03470067556096995,0.44823613239940086,0.05149292125840831,0.025746460629204156,0.01,0.055,0.04149292125840831,-0.029253539370795844,1.638859253935307,-0.7590360188630632,1.638859253935307,0.7590360188630632,0.12,0.12,-0.055,0.10298584251681663,-0.025746460629204156,-0.01701415748318337,0.029253539370795844,lag0_only,0.10336394522184955,,0.016636054778150444,,0.0,0.0,0.0,0.0,0,0.4084808500315023,0.031925914231215796,0.0010192639994989472,256,0.0,0.0001,5d1f1faee739d775750d8d5bfec7e42b6109dbef4177bde299d4077720c2e548,-0.019165702862307007,-0.1487713455373888,0.09645220593842302,-0.013623456201654685
41002,autocov_factorized,2,20,4,m12_r_dominant,m12,False,True,256,0.24168362350469683,0.030076238246663847,0.3272005088289299,0.030385152667342173,0.02938067606142747,0.01,0.055,0.02038515266734217,-0.02561932393857253,1.1113689970118554,-0.6269960038111377,1.1113689970118554,0.6269960038111377,0.12,0.12,-0.055,0.08914650479019712,-0.02938067606142747,-0.030853495209802878,0.02561932393857253,lag0_and_lag1,0.08931068752634533,-0.0295196078891415,0.030689312473654667,0.0254803921108585,0.0,0.0,0.0,0.0,0,0.2789225256687738,0.019777219699456956,0.00039113841904058833,256,0.0,0.0001,5d1f1faee739d775750d8d5bfec7e42b6109dbef4177bde299d4077720c2e548,0.030348362657978835,-0.08360605278285671,0.07730372318498321,-0.011919626475191191
41002,generator_supported_seen_regime_imm,2,20,4,m12_r_dominant,m12,False,True,256,0.2063361256094748,0.02476373436039322,0.2605006706487385,0.015358694855398185,0.0468543846931546,0.01,0.055,0.005358694855398185,-0.008145615306845398,0.42909666076361486,-0.1602885908919971,0.42909666076361486,0.1602885908919971,0.12,0.12,-0.055,0.10906746424170738,-0.0468543846931546,-0.010932535758292616,0.008145615306845398,not_applicable,,,,,0.0,0.0,0.0,0.0,0,0.44850852256822527,0.035739349367755954,0.0012773010932305177,256,0.0,0.0001,5d1f1faee739d775750d8d5bfec7e42b6109dbef4177bde299d4077720c2e548,0.031522153636552766,-0.10217376376332105,0.083351798263061,-0.018426969895172965
41002,dynamic_qr_oracle,2,20,4,m12_r_dominant,m12,False,True,256,0.18804736057824217,0.022764134921466325,0.25456405758982487,0.01,0.05500000000000002,0.01,0.055,0.0,2.0816681711721685e-17,0.0,4.440892098500626e-16,0.0,4.440892098500626e-16,0.12,0.12,-0.055,0.12000000000000005,-0.05500000000000002,5.551115123125783e-17,-2.0816681711721685e-17,not_applicable,,,,,0.0,0.0,0.0,0.0,0,0.075,0.054083269131959835,0.0029249999999999996,1,0.0,0.0001,5d1f1faee739d775750d8d5bfec7e42b6109dbef4177bde299d4077720c2e548,0.03754850118150318,-0.10800871024217314,-0.0312245743449922,0.01116884007200511
41002,selected_fixed_jump,2,21,5,m12_q_dominant,m12,True,True,256,0.350274276054978,0.02211128313948919,0.09340685185817524,0.04,0.02875,0.08,0.02,-0.04,0.00875,-0.693147180559945,0.36290549368936853,0.693147180559945,0.36290549368936853,0.12,0.12,-0.02,0.09749999999999999,-0.02875,-0.022500000000000006,-0.00875,not_applicable,,,,,0.0,0.0,0.0,0.0,0,0.0,0.0,0.0,0,0.0,0.0001,5d1f1faee739d775750d8d5bfec7e42b6109dbef4177bde299d4077720c2e548,0.9138961103528871,0.5901442407272676,0.502012709207812,0.4076824952394319
41002,current_online_em,2,21,5,m12_q_dominant,m12,True,True,256,0.3503821486118734,0.02401964446497877,0.12127287975440197,0.046545033115856504,0.04314874842402332,0.08,0.02,-0.0334549668841435,0.023148748424023317,-0.5416063366252537,0.7689211383177827,0.5416063366252537,0.7689211383177827,0.12,0.12,-0.02,0.1328425299639031,-0.04314874842402332,0.012842529963903115,-0.023148748424023317,not_applicable,,,,,0.0,0.0,0.0,0.0,0,0.5545295596216011,0.04678017127250413,0.0021883844242848206,256,0.0,0.0001,5d1f1faee739d775750d8d5bfec7e42b6109dbef4177bde299d4077720c2e548,0.7404148875099993,0.5700651831963603,0.47135141470885566,0.40354341233235114
41002,h_plus_total_variance,2,21,5,m12_q_dominant,m12,True,True,256,0.322991388645376,0.020068880053158898,0.09707323502790877,0.05992817665990623,0.029964088329953113,0.08,0.02,-0.020071823340093775,0.009964088329953113,-0.2888798451634309,0.40426733539651405,0.2888798451634309,0.40426733539651405,0.12,0.12,-0.02,0.11985635331981245,-0.029964088329953113,-0.00014364668018754245,-0.009964088329953113,lag0_only,0.11965989365684981,,0.0003401063431501816,,0.0,0.0,0.0,0.0,0,0.44102922513651477,0.028595324414675494,0.0008176925783805364,256,0.0,0.0001,5d1f1faee739d775750d8d5bfec7e42b6109dbef4177bde299d4077720c2e548,0.7817017552058492,0.48647894092236366,0.44759541730312496,0.37316859308645545
41002,autocov_factorized,2,21,5,m12_q_dominant,m12,True,True,256,0.37236802029453575,0.02556365292404526,0.11484896741563683,0.049929297085871224,0.0320743219777702,0.08,0.02,-0.030070702914128777,0.0120743219777702,-0.47141868825222355,0.47232349807331664,0.47141868825222355,0.47232349807331664,0.12,0.12,-0.02,0.11407794104141161,-0.0320743219777702,-0.005922058958588383,-0.0120743219777702,lag0_and_lag1,0.11405771433540177,-0.03198685228366443,0.005942285664598229,0.011986852283664428,0.0,0.0,0.0,0.0,0,0.3019064848896621,0.023958941493257058,0.0005740308774773147,256,0.0,0.0001,5d1f1faee739d775750d8d5bfec7e42b6109dbef4177bde299d4077720c2e548,0.6519415111344312,0.8152217526591786,0.6000942183893594,0.5980722935758573
41002,generator_supported_seen_regime_imm,2,21,5,m12_q_dominant,m12,True,True,256,0.3307919298423289,0.020153205053778968,0.13698563334305844,0.07305519513657048,0.02180990750529133,0.08,0.02,-0.006944804863429521,0.001809907505291329,-0.09081138146216183,0.08663206571939064,0.09081138146216183,0.08663206571939064,0.12,0.12,-0.02,0.11667501014715313,-0.02180990750529133,-0.003324989852846863,-0.001809907505291329,not_applicable,,,,,0.0,0.0,0.0,0.0,0,0.5595873135852731,0.06140412778089571,0.0037704669085325687,256,0.0,0.0001,5d1f1faee739d775750d8d5bfec7e42b6109dbef4177bde299d4077720c2e548,0.5455529978187846,0.9537290662840332,0.7181822830545985,0.6568198172010355
41002,dynamic_qr_oracle,2,21,5,m12_q_dominant,m12,True,True,256,0.307235661227538,0.018779561271662942,0.13849478828804046,0.08,0.02,0.08,0.02,0.0,0.0,0.0,0.0,0.0,0.0,0.12,0.12,-0.02,0.12000000000000005,-0.02,5.551115123125783e-17,0.0,not_applicable,,,,,0.0,0.0,0.0,0.0,0,0.10500000000000001,0.07826237921249264,0.006125000000000001,1,0.0,0.0001,5d1f1faee739d775750d8d5bfec7e42b6109dbef4177bde299d4077720c2e548,0.4614149204053732,0.3370885274725508,0.40088936680940673,0.33339818979698044
41002,selected_fixed_jump,2,22,6,m06_q_dominant,m06,True,True,256,0.03293086310910165,0.01032189922126424,-0.14660954510521218,0.04,0.02875,0.04,0.01,0.0,0.018750000000000003,0.0,1.0560526742493135,0.0,1.0560526742493135,0.06,0.06,-0.01,0.09749999999999999,-0.02875,0.03749999999999999,-0.018750000000000003,not_applicable,,,,,0.0,0.0,0.0,0.0,0,0.0,0.0,0.0,0,0.0,0.0001,5d1f1faee739d775750d8d5bfec7e42b6109dbef4177bde299d4077720c2e548,-0.16772737718643604,0.09024846366039485,-0.0262157286109782,0.15827419229957276
41002,current_online_em,2,22,6,m06_q_dominant,m06,True,True,256,0.04368245349861738,0.01640788293647826,-0.20455534293959474,0.016932640930489483,0.03459011272933717,0.04,0.01,-0.023067359069510518,0.02459011272933717,-0.8596362789653491,1.2409827889649612,0.8596362789653491,1.2409827889649612,0.06,0.06,-0.01,0.08611286638916382,-0.03459011272933717,0.026112866389163825,-0.02459011272933717,not_applicable,,,,,0.0,0.0,0.0,0.0,0,0.1710217035812341,0.011192528096954332,0.00012527268520111216,256,0.0,0.0001,5d1f1faee739d775750d8d5bfec7e42b6109dbef4177bde299d4077720c2e548,-0.02802238818020071,0.12981090456726285,0.04243818260193918,0.21062871933413466
41002,h_plus_total_variance,2,22,6,m06_q_dominant,m06,True,True,256,-0.0010546345440383114,0.00945660954584526,-0.2760898813470509,0.03285424875784053,0.016427124378920265,0.04,0.01,-0.007145751242159472,0.006427124378920264,-0.19679837940855283,0.49634880115139257,0.19679837940855283,0.49634880115139257,0.06,0.06,-0.01,0.06570849751568106,-0.016427124378920265,0.00570849751568106,-0.006427124378920264,lag0_only,0.06556996517030438,,0.005569965170304378,,0.0,0.0,0.0,0.0,0,0.22763009383435684,0.01574934299454354,0.00024804180475977776,256,0.0,0.0001,5d1f1faee739d775750d8d5bfec7e42b6109dbef4177bde299d4077720c2e548,-0.2102228011921352,0.07259113308942465,-0.06338302217476008,0.14255299939666582
41002,autocov_factorized,2,22,6,m06_q_dominant,m06,True,True,256,0.019915660738167903,0.009021052784294131,-0.22115719933016192,0.049150772258243484,0.018440171477837202,0.04,0.01,0.009150772258243484,0.008440171477837202,0.2060131046293221,0.6119464243231163,0.2060131046293221,0.6119464243231163,0.06,0.06,-0.01,0.08603111521391789,-0.018440171477837202,0.02603111521391789,-0.008440171477837202,lag0_and_lag1,0.08589483149643734,-0.018398414548011957,0.025894831496437343,0.008398414548011957,0.0,0.0,0.0,0.0,0,0.16069510809496984,0.010842270579104873,0.00011755483131052313,256,0.0,0.0001,5d1f1faee739d775750d8d5bfec7e42b6109dbef4177bde299d4077720c2e548,-0.15071341109039327,0.09123691289561672,-0.019030752820260836,0.1454443960124981
41002,generator_supported_seen_regime_imm,2,22,6,m06_q_dominant,m06,True,True,256,-0.004078268875769009,0.008823936874117679,-0.2813358896291577,0.04023384078793115,0.013440186918583466,0.04,0.01,0.00023384078793114993,0.003440186918583466,0.005828998032234356,0.29566414963694587,0.005828998032234356,0.29566414963694587,0.06,0.06,-0.01,0.06711421462509809,-0.013440186918583466,0.007114214625098092,-0.003440186918583466,not_applicable,,,,,0.0,0.0,0.0,0.0,0,0.48603743228198215,0.04524086734319618,0.002046736077964674,256,0.0,0.0001,5d1f1faee739d775750d8d5bfec7e42b6109dbef4177bde299d4077720c2e548,-0.1663176594033251,0.08953920561384629,-0.046189170539656266,0.14655366944795656
41002,dynamic_qr_oracle,2,22,6,m06_q_dominant,m06,True,True,256,-0.013433488627523858,0.008915979484224807,-0.28629770529655446,0.04,0.01,0.04,0.01,0.0,0.0,0.0,0.0,0.0,0.0,0.06,0.06,-0.01,0.060000000000000026,-0.01,2.7755575615628914e-17,0.0,not_applicable,,,,,0.0,0.0,0.0,0.0,0,0.05,0.04123105625617661,0.0017000000000000001,1,0.0,0.0001,5d1f1faee739d775750d8d5bfec7e42b6109dbef4177bde299d4077720c2e548,-0.36332001936918207,0.03487698437506559,-0.16288772312096295,0.1181465365193215
41002,selected_fixed_jump,2,23,7,m06_r_dominant,m06,False,True,256,-0.02330623033951705,0.016451585736476725,0.033560232927656,0.04,0.02875,0.0025,0.02875,0.0375,0.0,2.772588722239781,0.0,2.772588722239781,0.0,0.060000000000000005,0.060000000000000005,-0.02875,0.09749999999999999,-0.02875,0.037499999999999985,0.0,not_applicable,,,,,0.0,0.0,0.0,0.0,0,0.0,0.0,0.0,0,0.0,0.0001,5d1f1faee739d775750d8d5bfec7e42b6109dbef4177bde299d4077720c2e548,-0.2765725747359644,-0.01713813506552797,-0.08046716015216318,-0.00043154376607032474
41002,current_online_em,2,23,7,m06_r_dominant,m06,False,True,256,-0.14800815564648812,0.010197433195752118,-0.09786324625947596,0.009095480041891566,0.026718827439996692,0.0025,0.02875,0.006595480041891566,-0.002031172560003309,1.2914868595597566,-0.07326930277146859,1.2914868595597566,0.07326930277146859,0.060000000000000005,0.060000000000000005,-0.02875,0.06253313492188495,-0.026718827439996692,0.0025331349218849428,0.002031172560003309,not_applicable,,,,,0.0,0.0,0.0,0.0,0,0.10816780423690954,0.006718908066781355,4.514372560985956e-05,256,0.0,0.0001,5d1f1faee739d775750d8d5bfec7e42b6109dbef4177bde299d4077720c2e548,-0.44937068647820855,-0.16112379482234584,-0.2013100097729996,-0.09426236888652441
41002,h_plus_total_variance,2,23,7,m06_r_dominant,m06,False,True,256,-0.07128542879717303,0.018406850145902896,0.02738955300128014,0.02927154630640361,0.014635773153201805,0.0025,0.02875,0.02677154630640361,-0.014114226846798196,2.4603251964879957,-0.6751690194411539,2.4603251964879957,0.6751690194411539,0.060000000000000005,0.060000000000000005,-0.02875,0.05854309261280722,-0.014635773153201805,-0.0014569073871927851,0.014114226846798196,lag0_only,0.05858356316741821,,0.0014164368325817953,,0.0,0.0,0.0,0.0,0,0.21765158998272616,0.015156069036666284,0.00022970642864419448,256,0.0,0.0001,5d1f1faee739d775750d8d5bfec7e42b6109dbef4177bde299d4077720c2e548,-0.5015793713605833,-0.04914463802700106,-0.17315811428384675,-0.03670082916284328
41002,autocov_factorized,2,23,7,m06_r_dominant,m06,False,True,256,-0.08101249308229146,0.016486926806150153,-0.027614376253652706,0.028212543024187263,0.019104934374024163,0.0025,0.02875,0.025712543024187264,-0.009645065625975838,2.423475935272758,-0.4086911213661426,2.423475935272758,0.4086911213661426,0.060000000000000005,0.060000000000000005,-0.02875,0.0664224117722356,-0.019104934374024163,0.006422411772235591,0.009645065625975838,lag0_and_lag1,0.06639313002466998,-0.01913620225892247,0.006393130024669978,0.00961379774107753,0.0,0.0,0.0,0.0,0,0.14737664550007445,0.010028111978903194,0.00010056302986142175,256,0.0,0.0001,5d1f1faee739d775750d8d5bfec7e42b6109dbef4177bde299d4077720c2e548,-0.37082264652037245,-0.011483989952979543,-0.11882832130344306,-0.01731475081226319
41002,generator_supported_seen_regime_imm,2,23,7,m06_r_dominant,m06,False,True,256,-0.16757937209343476,0.008579084542200308,-0.13971534278496578,0.006931552518781201,0.027449679575803847,0.0025,0.02875,0.0044315525187812,-0.0013003204241961545,1.019793084921134,-0.046283272368560446,1.019793084921134,0.046283272368560446,0.060000000000000005,0.060000000000000005,-0.02875,0.061830911670388886,-0.027449679575803847,0.0018309116703888809,0.0013003204241961545,not_applicable,,,,,0.0,0.0,0.0,0.0,0,0.28913893521936734,0.03414197326675547,0.0011656743385478454,256,0.0,0.0001,5d1f1faee739d775750d8d5bfec7e42b6109dbef4177bde299d4077720c2e548,-0.44969079650293525,-0.023204674417427643,-0.14809523090128426,-0.03860695548783688
41002,dynamic_qr_oracle,2,23,7,m06_r_dominant,m06,False,True,256,-0.1827314309944473,0.007500996769272936,-0.1484035403948977,0.0025,0.02875,0.0025,0.02875,0.0,0.0,0.0,0.0,0.0,0.0,0.060000000000000005,0.060000000000000005,-0.02875,0.060000000000000026,-0.02875,2.0816681711721685e-17,0.0,not_applicable,,,,,0.0,0.0,0.0,0.0,0,0.05625,0.04192627457812106,0.0017578125,1,0.0,0.0001,5d1f1faee739d775750d8d5bfec7e42b6109dbef4177bde299d4077720c2e548,-0.6166620079970626,-0.16976723889329243,-0.2703668509809046,-0.1535371235490539
41002,selected_fixed_jump,3,24,0,m06_r_dominant,m06,False,False,256,-0.04220992346179904,0.014404488333243998,-0.10739358280264422,0.04,0.02875,0.0025,0.02875,0.0375,0.0,2.772588722239781,0.0,2.772588722239781,0.0,0.060000000000000005,0.060000000000000005,-0.02875,0.09749999999999999,-0.02875,0.037499999999999985,0.0,not_applicable,,,,,0.0,0.0,0.0,0.0,0,0.0,0.0,0.0,0,0.0,0.0001,5d1f1faee739d775750d8d5bfec7e42b6109dbef4177bde299d4077720c2e548,,,,
41002,current_online_em,3,24,0,m06_r_dominant,m06,False,False,256,-0.1750959637146912,0.011208158559715624,-0.317340171838114,0.013001083404850178,0.01867230279739154,0.0025,0.02875,0.010501083404850177,-0.010077697202608461,1.6487419609495229,-0.43159647517514577,1.6487419609495229,0.43159647517514577,0.060000000000000005,0.060000000000000005,-0.02875,0.05034568899963326,-0.01867230279739154,-0.009654311000366747,0.010077697202608461,not_applicable,,,,,0.0,0.0,0.0,0.0,0,0.14011712206287041,0.009565934776595413,9.150710815007753e-05,255,0.0,0.0001,5d1f1faee739d775750d8d5bfec7e42b6109dbef4177bde299d4077720c2e548,,,,
41002,h_plus_total_variance,3,24,0,m06_r_dominant,m06,False,False,256,-0.10830392597756075,0.01620573177669088,-0.19664535357930302,0.028247569816351133,0.014123784908175566,0.0025,0.02875,0.025747569816351134,-0.014626215091824435,2.424716697818041,-0.7107775181111089,2.424716697818041,0.7107775181111089,0.060000000000000005,0.060000000000000005,-0.02875,0.056495139632702265,-0.014123784908175566,-0.0035048603672977394,0.014626215091824435,lag0_only,0.056494266410310245,,0.0035057335896897593,,0.0,0.0,0.0,0.0,0,0.2542215875000709,0.01745641590193784,0.0003047264561414283,254,0.0,0.0001,5d1f1faee739d775750d8d5bfec7e42b6109dbef4177bde299d4077720c2e548,,,,
41002,autocov_factorized,3,24,0,m06_r_dominant,m06,False,False,256,-0.07223085801326092,0.01580859630258163,0.06940578699492882,0.005183263035737893,0.02543965192899169,0.0025,0.02875,0.002683263035737893,-0.0033103480710083115,0.7291440557539479,-0.1223287109015283,0.7291440557539479,0.1223287109015283,0.060000000000000005,0.060000000000000005,-0.02875,0.05606256689372127,-0.02543965192899169,-0.003937433106278733,0.0033103480710083115,lag0_and_lag1,0.054987947316560884,-0.025485053269556752,0.005012052683439121,0.0032649467304432488,0.41015625,0.0,0.41015625,0.41015625,0,0.28870366481622584,0.02659882585467795,0.0007074975368474841,254,0.0,0.0001,5d1f1faee739d775750d8d5bfec7e42b6109dbef4177bde299d4077720c2e548,,,,
41002,generator_supported_seen_regime_imm,3,24,0,m06_r_dominant,m06,False,False,256,-0.22917131845234207,0.007271982078312308,-0.39246508156640364,0.004665955677827129,0.028844089498458035,0.0025,0.02875,0.002165955677827129,9.408949845803385e-05,0.6240019427145,0.0032673346512304136,0.6240019427145,0.0032673346512304136,0.060000000000000005,0.060000000000000005,-0.02875,0.0623541346747432,-0.028844089498458035,0.0023541346747431927,-9.408949845803385e-05,not_applicable,,,,,0.0,0.0,0.0,0.0,0,0.18703771256759005,0.019180337049974547,0.00036788532935062634,255,0.0,0.0001,5d1f1faee739d775750d8d5bfec7e42b6109dbef4177bde299d4077720c2e548,,,,
41002,dynamic_qr_oracle,3,24,0,m06_r_dominant,m06,False,False,256,-0.23815759142446283,0.0070090585449249804,-0.3965998985676107,0.0025,0.02875,0.0025,0.02875,0.0,0.0,0.0,0.0,0.0,0.0,0.060000000000000005,0.060000000000000005,-0.02875,0.060000000000000026,-0.02875,2.0816681711721685e-17,0.0,not_applicable,,,,,0.0,0.0,0.0,0.0,0,0.0,0.0,0.0,0,0.0,0.0001,5d1f1faee739d775750d8d5bfec7e42b6109dbef4177bde299d4077720c2e548,,,,
41002,selected_fixed_jump,3,25,1,m12_r_dominant,m12,False,True,256,0.19928882216506033,0.025997415419889078,0.12292340580679276,0.04,0.02875,0.01,0.055,0.03,-0.02625,1.3862943611198904,-0.6486954179891113,1.3862943611198904,0.6486954179891113,0.12,0.12,-0.055,0.09749999999999999,-0.02875,-0.022500000000000006,0.02625,not_applicable,,,,,0.0,0.0,0.0,0.0,0,0.0,0.0,0.0,0,0.0,0.0001,5d1f1faee739d775750d8d5bfec7e42b6109dbef4177bde299d4077720c2e548,-0.05428651842088902,-0.09492824825481233,0.19889132179308694,0.5095826589425001
41002,current_online_em,3,25,1,m12_r_dominant,m12,False,True,256,0.21762599455141013,0.024212314180681756,0.1389347349051248,0.030020439126537547,0.02648525784432209,0.01,0.055,0.020020439126537545,-0.02851474215567791,1.09929336090367,-0.7307449147983003,1.09929336090367,0.7307449147983003,0.12,0.12,-0.055,0.08299095481518173,-0.02648525784432209,-0.03700904518481826,0.02851474215567791,not_applicable,,,,,0.0,0.0,0.0,0.0,0,0.3848399138497719,0.0327591030577509,0.0010731588331483444,256,0.0,0.0001,5d1f1faee739d775750d8d5bfec7e42b6109dbef4177bde299d4077720c2e548,-0.20584825529878717,-0.2977619055871215,0.4017085195327862,0.7753087879370841
41002,h_plus_total_variance,3,25,1,m12_r_dominant,m12,False,True,256,0.23914226439781433,0.028870477674401845,0.17480152872623297,0.050405158893971874,0.025202579446985937,0.01,0.055,0.04040515889397187,-0.029797420553014063,1.6175084358523297,-0.7803868369460405,1.6175084358523297,0.7803868369460405,0.12,0.12,-0.055,0.10081031778794375,-0.025202579446985937,-0.019189682212056247,0.029797420553014063,lag0_only,0.10102907248198295,,0.018970927518017044,,0.0,0.0,0.0,0.0,0,0.4172002514902007,0.03094908178359277,0.0009578456632475138,256,0.0,0.0001,5d1f1faee739d775750d8d5bfec7e42b6109dbef4177bde299d4077720c2e548,-0.13509641478923007,-0.19191896141502238,0.3007702764848767,0.7340694238299807
41002,autocov_factorized,3,25,1,m12_r_dominant,m12,False,True,256,0.7157653206061663,0.06510117850131145,0.05549820042635173,0.0019220427088267086,0.043953449518781794,0.01,0.055,-0.008077957291173292,-0.011046550481218206,-1.6491965616591617,-0.22420207683695992,1.6491965616591617,0.22420207683695992,0.12,0.12,-0.055,0.08982894174639029,-0.043953449518781794,-0.030171058253609703,0.011046550481218206,lag0_and_lag1,0.0856089931437479,-0.04401039520787771,0.0343910068562521,0.010989604792122291,0.53125,0.0,0.53125,0.53125,0,0.20121133667970884,0.01622658208667873,0.000263301966215723,256,0.0,0.0001,5d1f1faee739d775750d8d5bfec7e42b6109dbef4177bde299d4077720c2e548,0.2719246086598808,-0.4329592647632929,0.3217169094779626,1.4271450479088617
41002,generator_supported_seen_regime_imm,3,25,1,m12_r_dominant,m12,False,True,256,0.17984385742052666,0.020101775523270256,0.08174406436513873,0.01526151702329867,0.04897671611186255,0.01,0.055,0.0052615170232986706,-0.00602328388813745,0.4227493396708297,-0.11598818144685907,0.4227493396708297,0.11598818144685907,0.12,0.12,-0.055,0.11321494924702377,-0.04897671611186255,-0.006785050752976224,0.00602328388813745,not_applicable,,,,,0.0,0.0,0.0,0.0,0,0.669154329297156,0.06432329164917848,0.004137485848585274,256,0.0,0.0001,5d1f1faee739d775750d8d5bfec7e42b6109dbef4177bde299d4077720c2e548,-0.37335308286321733,-0.36205156867196053,0.2698505989641576,0.6049930282145307
41002,dynamic_qr_oracle,3,25,1,m12_r_dominant,m12,False,True,256,0.16261622954403257,0.0181494953680646,0.06366325815223145,0.01,0.05500000000000002,0.01,0.055,0.0,2.0816681711721685e-17,0.0,4.440892098500626e-16,0.0,4.440892098500626e-16,0.12,0.12,-0.055,0.12000000000000005,-0.05500000000000002,5.551115123125783e-17,-2.0816681711721685e-17,not_applicable,,,,,0.0,0.0,0.0,0.0,0,0.03375,0.027300412084801943,0.0007453124999999999,1,0.0,0.0001,5d1f1faee739d775750d8d5bfec7e42b6109dbef4177bde299d4077720c2e548,-0.21736807875268366,-0.1880242535101495,0.13989466171590273,0.38593667956106237
41002,selected_fixed_jump,3,26,2,m12_q_dominant,m12,True,True,256,0.26264078064674384,0.01567056725589997,0.06147117919225055,0.04,0.02875,0.08,0.02,-0.04,0.00875,-0.693147180559945,0.36290549368936853,0.693147180559945,0.36290549368936853,0.12,0.12,-0.02,0.09749999999999999,-0.02875,-0.022500000000000006,-0.00875,not_applicable,,,,,0.0,0.0,0.0,0.0,0,0.0,0.0,0.0,0,0.0,0.0001,5d1f1faee739d775750d8d5bfec7e42b6109dbef4177bde299d4077720c2e548,0.2102023650420256,0.852462340672917,1.127420148457394,0.47380439957147247
41002,current_online_em,3,26,2,m12_q_dominant,m12,True,True,256,0.2740748757990079,0.016320627869201465,0.08453507675313966,0.04333322825564639,0.03268525552987189,0.08,0.02,-0.036666771744353614,0.012685255529871892,-0.6131068977590473,0.491191801435531,0.6131068977590473,0.491191801435531,0.12,0.12,-0.02,0.10870373931539018,-0.03268525552987189,-0.011296260684609816,-0.012685255529871892,not_applicable,,,,,0.0,0.0,0.0,0.0,0,0.5512274394646739,0.047371267460884846,0.0022440369808506876,256,0.0,0.0001,5d1f1faee739d775750d8d5bfec7e42b6109dbef4177bde299d4077720c2e548,0.2105391564063149,0.8386445844820526,1.070800994835133,0.49372705709701126
41002,h_plus_total_variance,3,26,2,m12_q_dominant,m12,True,True,256,0.26281880768315896,0.014357962542302713,0.04736891495355719,0.053759977803327044,0.026879988901663522,0.08,0.02,-0.026240022196672957,0.006879988901663522,-0.3974973513436142,0.29564982921633076,0.3974973513436142,0.29564982921633076,0.12,0.12,-0.02,0.10751995560665409,-0.026879988901663522,-0.012480044393345907,-0.006879988901663522,lag0_only,0.10743200856639812,,0.012567991433601877,,0.0,0.0,0.0,0.0,0,0.39619155637981457,0.027860452972395956,0.0007762048398270866,256,0.0,0.0001,5d1f1faee739d775750d8d5bfec7e42b6109dbef4177bde299d4077720c2e548,0.25174611109289596,0.748143448715431,0.9972064402242212,0.489674225730901
41002,autocov_factorized,3,26,2,m12_q_dominant,m12,True,True,256,0.2948880623622901,0.021886198697204293,0.06681985904217047,0.03179697414381699,0.03577966996195016,0.08,0.02,-0.04820302585618301,0.015779669961950158,-0.9226555021252141,0.5816475803909755,0.9226555021252141,0.5816475803909755,0.12,0.12,-0.02,0.1033563140677173,-0.03577966996195016,-0.0166436859322827,-0.015779669961950158,lag0_and_lag1,0.1033559600317431,-0.03571361826370942,0.01664403996825689,0.015713618263709418,0.0,0.0,0.0,0.0,0,0.2864151953946865,0.020801431188613436,0.0004326995394946198,256,0.0,0.0001,5d1f1faee739d775750d8d5bfec7e42b6109dbef4177bde299d4077720c2e548,-0.2194844826839372,0.8517262261731278,1.0722621506187893,0.41956341917965434
41002,generator_supported_seen_regime_imm,3,26,2,m12_q_dominant,m12,True,True,256,0.273785397651125,0.01694778666947481,0.09128832967196104,0.06075618285668117,0.025443679805038776,0.08,0.02,-0.019243817143318832,0.005443679805038775,-0.2751577822133702,0.24073510088212524,0.2751577822133702,0.24073510088212524,0.12,0.12,-0.02,0.11164354246675873,-0.025443679805038776,-0.008356457533241268,-0.005443679805038775,not_applicable,,,,,0.0,0.0,0.0,0.0,0,1.0711861393684998,0.08870820625463034,0.007869145856914039,256,0.0,0.0001,5d1f1faee739d775750d8d5bfec7e42b6109dbef4177bde299d4077720c2e548,-0.11180889878000852,0.7359568353534642,0.933793141676664,0.372835463089185
41002,dynamic_qr_oracle,3,26,2,m12_q_dominant,m12,True,True,256,0.2630046260648074,0.013729563928345529,0.09069538296018104,0.08,0.02,0.08,0.02,0.0,0.0,0.0,0.0,0.0,0.0,0.12,0.12,-0.02,0.12000000000000005,-0.02,5.551115123125783e-17,0.0,not_applicable,,,,,0.0,0.0,0.0,0.0,0,0.10500000000000001,0.07826237921249264,0.006125000000000001,1,0.0,0.0001,5d1f1faee739d775750d8d5bfec7e42b6109dbef4177bde299d4077720c2e548,-0.015226690966980748,0.5994643413845246,1.0015866461757412,0.46990759731826137
41002,selected_fixed_jump,3,27,3,m06_q_dominant,m06,True,True,256,0.05693655447629532,0.010851907659333467,0.02850730955998077,0.04,0.02875,0.04,0.01,0.0,0.018750000000000003,0.0,1.0560526742493135,0.0,1.0560526742493135,0.06,0.06,-0.01,0.09749999999999999,-0.02875,0.03749999999999999,-0.018750000000000003,not_applicable,,,,,0.0,0.0,0.0,0.0,0,0.0,0.0,0.0,0,0.0,0.0001,5d1f1faee739d775750d8d5bfec7e42b6109dbef4177bde299d4077720c2e548,-0.12477752832317247,0.3662114400010002,0.06855679192523802,0.10700589215297901
41002,current_online_em,3,27,3,m06_q_dominant,m06,True,True,256,0.05465136373008653,0.014765849143191852,-0.0023539630503895542,0.02056274161995627,0.030203633314439447,0.04,0.01,-0.01943725838004373,0.020203633314439445,-0.665398675142792,1.105377132575447,0.665398675142792,1.105377132575447,0.06,0.06,-0.01,0.08097000824883516,-0.030203633314439447,0.02097000824883516,-0.020203633314439445,not_applicable,,,,,0.0,0.0,0.0,0.0,0,0.22532147195295177,0.01555289539445368,0.0002418925551508185,256,0.0,0.0001,5d1f1faee739d775750d8d5bfec7e42b6109dbef4177bde299d4077720c2e548,-0.14348663416976096,0.40411494282402793,0.08186734196161734,0.14318354411679268
41002,h_plus_total_variance,3,27,3,m06_q_dominant,m06,True,True,256,0.03548142772158432,0.009947685533730382,0.011489822421452963,0.03488692692520515,0.017443463462602574,0.04,0.01,-0.005113073074794854,0.007443463462602573,-0.1367672817510064,0.556379898808939,0.1367672817510064,0.556379898808939,0.06,0.06,-0.01,0.0697738538504103,-0.017443463462602574,0.009773853850410297,-0.007443463462602573,lag0_only,0.06971030062629612,,0.009710300626296117,,0.0,0.0,0.0,0.0,0,0.2555050608830013,0.0164618376047805,0.00027099209732616537,256,0.0,0.0001,5d1f1faee739d775750d8d5bfec7e42b6109dbef4177bde299d4077720c2e548,-0.11909161758314252,0.36378918134363647,0.06359825921444326,0.09638396863096818
41002,autocov_factorized,3,27,3,m06_q_dominant,m06,True,True,256,0.04424709806543807,0.01035944297188143,0.000798330023918584,0.038828329785412875,0.022631454709599676,0.04,0.01,-0.0011716702145871255,0.012631454709599676,-0.029729324805308988,0.8167556469362256,0.029729324805308988,0.8167556469362256,0.06,0.06,-0.01,0.08409123920461223,-0.022631454709599676,0.02409123920461223,-0.012631454709599676,lag0_and_lag1,0.08400259640830046,-0.02259885640870366,0.024002596408300464,0.012598856408703661,0.0,0.0,0.0,0.0,0,0.18347813870605958,0.012570369177115088,0.00015801418124896505,256,0.0,0.0001,5d1f1faee739d775750d8d5bfec7e42b6109dbef4177bde299d4077720c2e548,-0.11801475121420232,0.3665894304963565,0.073132411152183,0.10996955647061843
41002,generator_supported_seen_regime_imm,3,27,3,m06_q_dominant,m06,True,True,256,0.042014992303039296,0.009962874310486976,0.03107355970518943,0.04285430321479772,0.016225391220296547,0.04,0.01,0.002854303214797717,0.006225391220296547,0.06892661097038522,0.4839922814962634,0.06892661097038522,0.4839922814962634,0.06,0.06,-0.01,0.0753050856553908,-0.016225391220296547,0.015305085655390807,-0.006225391220296547,not_applicable,,,,,0.0,0.0,0.0,0.0,0,0.5915498848924112,0.0464859201142921,0.0021609407688723465,256,0.0,0.0001,5d1f1faee739d775750d8d5bfec7e42b6109dbef4177bde299d4077720c2e548,-0.044929941785069566,0.3664694679339963,0.10493825971261309,0.11805658542363276
41002,dynamic_qr_oracle,3,27,3,m06_q_dominant,m06,True,True,256,0.0358550960189807,0.009380958431038441,0.005303648500570572,0.04,0.01,0.04,0.01,0.0,0.0,0.0,0.0,0.0,0.0,0.06,0.06,-0.01,0.060000000000000026,-0.01,2.7755575615628914e-17,0.0,not_applicable,,,,,0.0,0.0,0.0,0.0,0,0.05,0.04123105625617661,0.0017000000000000001,1,0.0,0.0001,5d1f1faee739d775750d8d5bfec7e42b6109dbef4177bde299d4077720c2e548,-0.1566238644732831,0.4778307740585922,0.03594230292243539,0.06148884822296388
41002,selected_fixed_jump,3,28,4,m12_q_dominant,m12,True,True,256,0.378323389577877,0.01667947511826963,0.22392132348826713,0.04,0.02875,0.08,0.02,-0.04,0.00875,-0.693147180559945,0.36290549368936853,0.693147180559945,0.36290549368936853,0.12,0.12,-0.02,0.09749999999999999,-0.02875,-0.022500000000000006,-0.00875,not_applicable,,,,,0.0,0.0,0.0,0.0,0,0.0,0.0,0.0,0,0.0,0.0001,5d1f1faee739d775750d8d5bfec7e42b6109dbef4177bde299d4077720c2e548,-0.27641204255543766,1.566972022301874,0.8553090491193426,0.5779542857890126
41002,current_online_em,3,28,4,m12_q_dominant,m12,True,True,256,0.38841304032608476,0.019718267969813977,0.27149399378009786,0.041973751880950066,0.041744267035501,0.08,0.02,-0.038026248119049935,0.021744267035501,-0.6449821669718991,0.7358298517991515,0.6449821669718991,0.7358298517991515,0.12,0.12,-0.02,0.12546228595195208,-0.041744267035501,0.005462285951952084,-0.021744267035501,not_applicable,,,,,0.0,0.0,0.0,0.0,0,0.5330083640498268,0.042190532644640205,0.001780041044838451,256,0.0,0.0001,5d1f1faee739d775750d8d5bfec7e42b6109dbef4177bde299d4077720c2e548,-0.39392109719992885,2.249989797816438,1.2761624808386476,0.8220804208166315
41002,h_plus_total_variance,3,28,4,m12_q_dominant,m12,True,True,256,0.36271776955394175,0.015333478017933918,0.21279836631203353,0.056817483491500446,0.028408741745750223,0.08,0.02,-0.023182516508499555,0.008408741745750223,-0.34218254836097195,0.350964632198973,0.34218254836097195,0.350964632198973,0.12,0.12,-0.02,0.11363496698300089,-0.028408741745750223,-0.006365033016999103,-0.008408741745750223,lag0_only,0.113779837054333,,0.0062201629456669905,,0.0,0.0,0.0,0.0,0,0.4350242186952735,0.0315110051391526,0.0009929434448797017,256,0.0,0.0001,5d1f1faee739d775750d8d5bfec7e42b6109dbef4177bde299d4077720c2e548,-0.37497891162781616,1.7400282268524583,0.9134998037456549,0.6002153706703203
41002,autocov_factorized,3,28,4,m12_q_dominant,m12,True,True,256,0.37588794593140085,0.015262712590446455,0.19124047192373503,0.055991255876872016,0.0204410733912339,0.08,0.02,-0.024008744123127986,0.0004410733912338996,-0.3568311011864975,0.021814004650921426,0.3568311011864975,0.021814004650921426,0.12,0.12,-0.02,0.09687340265933982,-0.0204410733912339,-0.02312659734066018,-0.0004410733912338996,lag0_and_lag1,0.09699379860029425,-0.020442342563320382,0.023006201399705745,0.00044234256332038174,0.0,0.0,0.0,0.0,0,0.3357279524429049,0.024592040067030734,0.000604768434658445,256,0.0,0.0001,5d1f1faee739d775750d8d5bfec7e42b6109dbef4177bde299d4077720c2e548,-0.38286236283088143,1.8488850870000322,0.9627242727098506,0.6253573701251647
41002,generator_supported_seen_regime_imm,3,28,4,m12_q_dominant,m12,True,True,256,0.3596058244591832,0.015491454972985541,0.1914993296889334,0.07121636961746915,0.020939534797022,0.08,0.02,-0.008783630382530855,0.0009395347970219993,-0.11630393232357461,0.04590671564458182,0.11630393232357461,0.04590671564458182,0.12,0.12,-0.02,0.11309543921151315,-0.020939534797022,-0.006904560788486849,-0.0009395347970219993,not_applicable,,,,,0.0,0.0,0.0,0.0,0,0.7371694721590635,0.08058266816716937,0.006493566408940132,256,0.0,0.0001,5d1f1faee739d775750d8d5bfec7e42b6109dbef4177bde299d4077720c2e548,-0.38136656579530676,1.7921738979947386,0.9373757561311211,0.6005959866310717
41002,dynamic_qr_oracle,3,28,4,m12_q_dominant,m12,True,True,256,0.3451802750602183,0.015015598205232147,0.1916414016996113,0.08,0.02,0.08,0.02,0.0,0.0,0.0,0.0,0.0,0.0,0.12,0.12,-0.02,0.12000000000000005,-0.02,5.551115123125783e-17,0.0,not_applicable,,,,,0.0,0.0,0.0,0.0,0,0.05,0.04123105625617661,0.0017000000000000001,1,0.0,0.0001,5d1f1faee739d775750d8d5bfec7e42b6109dbef4177bde299d4077720c2e548,-0.18099198763613988,1.1124357289656441,0.60018282036126,0.4258924953797921
41002,selected_fixed_jump,3,29,5,m06_q_dominant,m06,True,True,256,0.07611985601506323,0.009812141500188751,0.16475519403173258,0.04,0.02875,0.04,0.01,0.0,0.018750000000000003,0.0,1.0560526742493135,0.0,1.0560526742493135,0.06,0.06,-0.01,0.09749999999999999,-0.02875,0.03749999999999999,-0.018750000000000003,not_applicable,,,,,0.0,0.0,0.0,0.0,0,0.0,0.0,0.0,0,0.0,0.0001,5d1f1faee739d775750d8d5bfec7e42b6109dbef4177bde299d4077720c2e548,-0.1983778758746672,-0.06405318814435348,-0.06400865745241172,-0.10245837170212854
41002,current_online_em,3,29,5,m06_q_dominant,m06,True,True,256,0.12357653748942796,0.015153484074009379,0.11865550651983395,0.022502627751917963,0.0386798772827982,0.04,0.01,-0.017497372248082038,0.0286798772827982,-0.5752473627487316,1.3527344049592878,0.5752473627487316,1.3527344049592878,0.06,0.06,-0.01,0.09986238231751436,-0.0386798772827982,0.039862382317514364,-0.0286798772827982,not_applicable,,,,,0.0,0.0,0.0,0.0,0,0.23556613766914686,0.015090257971938512,0.00022771588565965382,256,0.0,0.0001,5d1f1faee739d775750d8d5bfec7e42b6109dbef4177bde299d4077720c2e548,-0.11148813145070324,-0.006609052508392575,-0.007771685836162778,-0.055286831825843624
41002,h_plus_total_variance,3,29,5,m06_q_dominant,m06,True,True,256,0.06157659448698807,0.00907871539688375,0.23274742832046863,0.03633024016327349,0.018165120081636746,0.04,0.01,-0.003669759836726509,0.008165120081636746,-0.09622899729784518,0.5969181832620993,0.09622899729784518,0.5969181832620993,0.06,0.06,-0.01,0.07266048032654698,-0.018165120081636746,0.012660480326546986,-0.008165120081636746,lag0_only,0.07247748665296223,,0.012477486652962236,,0.0,0.0,0.0,0.0,0,0.26697309055841106,0.016896907690366607,0.0002855054894967702,256,0.0,0.0001,5d1f1faee739d775750d8d5bfec7e42b6109dbef4177bde299d4077720c2e548,-0.09818336366883046,-0.0004620462727130976,-0.008769051796665456,-0.06257730757854546
41002,autocov_factorized,3,29,5,m06_q_dominant,m06,True,True,256,0.06229416036080987,0.009191235220874276,0.22970353144164612,0.05496450717625593,0.01658250428373026,0.04,0.01,0.014964507176255928,0.006582504283730259,0.3178081987392605,0.505763087751868,0.3178081987392605,0.505763087751868,0.06,0.06,-0.01,0.08812951574371646,-0.01658250428373026,0.028129515743716457,-0.006582504283730259,lag0_and_lag1,0.08800629752374108,-0.016539851738438065,0.028006297523741078,0.006539851738438065,0.0,0.0,0.0,0.0,0,0.1730754929299274,0.012416138162884541,0.0001541604868798379,256,0.0,0.0001,5d1f1faee739d775750d8d5bfec7e42b6109dbef4177bde299d4077720c2e548,-0.08663251212040436,0.007276229424728509,-0.0016968087822484754,-0.047710822076440465
41002,generator_supported_seen_regime_imm,3,29,5,m06_q_dominant,m06,True,True,256,0.04799837789424222,0.008952702194519834,0.22528816057172743,0.04294062874751777,0.012948454214497293,0.04,0.01,0.0029406287475177706,0.002948454214497293,0.07093898069614424,0.25839132235096685,0.07093898069614424,0.25839132235096685,0.06,0.06,-0.01,0.06883753717651236,-0.012948454214497293,0.008837537176512367,-0.002948454214497293,not_applicable,,,,,0.0,0.0,0.0,0.0,0,0.5083302219853738,0.04151567021745659,0.0017235508736046122,256,0.0,0.0001,5d1f1faee739d775750d8d5bfec7e42b6109dbef4177bde299d4077720c2e548,-0.052158557765783375,0.03060633228302348,0.022758114964186255,-0.047487704498028444
41002,dynamic_qr_oracle,3,29,5,m06_q_dominant,m06,True,True,256,0.035851576117638714,0.008946184181124956,0.25424287775739646,0.04,0.01,0.04,0.01,0.0,0.0,0.0,0.0,0.0,0.0,0.06,0.06,-0.01,0.060000000000000026,-0.01,2.7755575615628914e-17,0.0,not_applicable,,,,,0.0,0.0,0.0,0.0,0,0.05,0.04123105625617661,0.0017000000000000001,1,0.0,0.0001,5d1f1faee739d775750d8d5bfec7e42b6109dbef4177bde299d4077720c2e548,-0.21302933313959055,-0.08125831623219358,-0.10037044598135039,-0.18013479857033315
41002,selected_fixed_jump,3,30,6,m06_r_dominant,m06,False,True,256,-0.06436730324585765,0.014390032979050291,0.10615087062154802,0.04,0.02875,0.0025,0.02875,0.0375,0.0,2.772588722239781,0.0,2.772588722239781,0.0,0.060000000000000005,0.060000000000000005,-0.02875,0.09749999999999999,-0.02875,0.037499999999999985,0.0,not_applicable,,,,,0.0,0.0,0.0,0.0,0,0.0,0.0,0.0,0,0.0,0.0001,5d1f1faee739d775750d8d5bfec7e42b6109dbef4177bde299d4077720c2e548,-0.20530445147491216,0.2152887552115479,0.004146259570322164,-0.10301444618210463
41002,current_online_em,3,30,6,m06_r_dominant,m06,False,True,256,-0.21770925080362968,0.008317691522930347,0.06223792509091832,0.008485256584277122,0.025080480868353214,0.0025,0.02875,0.005985256584277121,-0.0036695191316467868,1.2220394061046305,-0.13654787828313175,1.2220394061046305,0.13654787828313175,0.060000000000000005,0.060000000000000005,-0.02875,0.058646218320983545,-0.025080480868353214,-0.0013537816790164595,0.0036695191316467868,not_applicable,,,,,0.0,0.0,0.0,0.0,0,0.1011292275448239,0.005970275147100305,3.564418533208357e-05,256,0.0,0.0001,5d1f1faee739d775750d8d5bfec7e42b6109dbef4177bde299d4077720c2e548,-0.17867083979667842,0.2479997238889437,-0.0004124221503118697,-0.16464387322901694
41002,h_plus_total_variance,3,30,6,m06_r_dominant,m06,False,True,256,-0.15410218124837957,0.016249648021880767,0.14155612552583874,0.025913238960490772,0.012956619480245386,0.0025,0.02875,0.023413238960490773,-0.015793380519754617,2.3384632630109192,-0.7970309529182309,2.3384632630109192,0.7970309529182309,0.060000000000000005,0.060000000000000005,-0.02875,0.051826477920981544,-0.012956619480245386,-0.008173522079018461,0.015793380519754617,lag0_only,0.05182576900544332,,0.008174230994556685,,0.0,0.0,0.0,0.0,0,0.18844904510770752,0.012210902133113828,0.00014910613090448385,256,0.0,0.0001,5d1f1faee739d775750d8d5bfec7e42b6109dbef4177bde299d4077720c2e548,-0.37718254147104935,0.251943058090221,-0.03770228351621424,-0.20073270003504473
41002,autocov_factorized,3,30,6,m06_r_dominant,m06,False,True,256,-0.12926439991160715,0.016420547700694885,0.09626229404172418,0.034466045369950946,0.01427670586931636,0.0025,0.02875,0.03196604536995094,-0.01447329413068364,2.623683915352696,-0.7000085183633953,2.623683915352696,0.7000085183633953,0.060000000000000005,0.060000000000000005,-0.02875,0.06301945710858366,-0.01427670586931636,0.003019457108583652,0.01447329413068364,lag0_and_lag1,0.06296329435503187,-0.014316753634607882,0.0029632943550318633,0.01443324636539212,0.0,0.0,0.0,0.0,0,0.13628638261303114,0.00891261817675362,7.943476276459901e-05,256,0.0,0.0001,5d1f1faee739d775750d8d5bfec7e42b6109dbef4177bde299d4077720c2e548,-0.35205472867161985,0.21759262468499593,-0.006276339314953638,-0.13826533593464463
41002,generator_supported_seen_regime_imm,3,30,6,m06_r_dominant,m06,False,True,256,-0.23887941054447545,0.0070755765018583865,0.0561026656522219,0.007596659970610664,0.026985777623945332,0.0025,0.02875,0.005096659970610665,-0.0017642223760546694,1.11141794126834,-0.06332779469170147,1.11141794126834,0.06332779469170147,0.060000000000000005,0.060000000000000005,-0.02875,0.061568215218501324,-0.026985777623945332,0.001568215218501319,0.0017642223760546694,not_applicable,,,,,0.0,0.0,0.0,0.0,0,0.2678320106614624,0.028592704215016484,0.0008175427343274214,256,0.0,0.0001,5d1f1faee739d775750d8d5bfec7e42b6109dbef4177bde299d4077720c2e548,-0.3462519479515542,0.30317509714973184,0.02473431279558419,-0.17140115545895024
41002,dynamic_qr_oracle,3,30,6,m06_r_dominant,m06,False,True,256,-0.2506735784696699,0.005675271367543303,0.05470454560269196,0.0025,0.02875,0.0025,0.02875,0.0,0.0,0.0,0.0,0.0,0.0,0.060000000000000005,0.060000000000000005,-0.02875,0.060000000000000026,-0.02875,2.0816681711721685e-17,0.0,not_applicable,,,,,0.0,0.0,0.0,0.0,0,0.05625,0.04192627457812106,0.0017578125,1,0.0,0.0001,5d1f1faee739d775750d8d5bfec7e42b6109dbef4177bde299d4077720c2e548,-0.630299086224475,0.3497562076565157,0.16730834819492363,-0.21413881927587272
41002,selected_fixed_jump,3,31,7,m12_r_dominant,m12,False,True,256,0.19227545137284424,0.02809337504123821,0.1042959002209375,0.04,0.02875,0.01,0.055,0.03,-0.02625,1.3862943611198904,-0.6486954179891113,1.3862943611198904,0.6486954179891113,0.12,0.12,-0.055,0.09749999999999999,-0.02875,-0.022500000000000006,0.02625,not_applicable,,,,,0.0,0.0,0.0,0.0,0,0.0,0.0,0.0,0,0.0,0.0001,5d1f1faee739d775750d8d5bfec7e42b6109dbef4177bde299d4077720c2e548,-0.23520832789273177,-0.23197478026637794,-0.11565908253689919,0.1228914168259346
41002,current_online_em,3,31,7,m12_r_dominant,m12,False,True,256,0.15419753662650187,0.019777136804919347,0.0815355509924931,0.0141100873015206,0.03580539448169312,0.01,0.055,0.0041100873015206,-0.01919460551830688,0.34430486006064953,-0.42923461933131035,0.34430486006064953,0.42923461933131035,0.12,0.12,-0.055,0.08572087626490682,-0.03580539448169312,-0.034279123735093175,0.01919460551830688,not_applicable,,,,,0.0,0.0,0.0,0.0,0,0.19486562807291202,0.014231866646713267,0.00020254602824982954,256,0.0,0.0001,5d1f1faee739d775750d8d5bfec7e42b6109dbef4177bde299d4077720c2e548,-0.6163984865565516,-0.5502856539436032,-0.30909344211303946,0.09577993599081575
41002,h_plus_total_variance,3,31,7,m12_r_dominant,m12,False,True,256,0.22190261915258586,0.031273157873659786,0.15333756283484892,0.04991603371736006,0.02495801685868003,0.01,0.055,0.03991603371736006,-0.03004198314131997,1.6077571751333446,-0.7901380976650256,1.6077571751333446,0.7901380976650256,0.12,0.12,-0.055,0.09983206743472012,-0.02495801685868003,-0.020167932565279878,0.03004198314131997,lag0_only,0.10001721185249565,,0.019982788147504343,,0.0,0.0,0.0,0.0,0,0.4062367612846419,0.030009869962148616,0.0009005922951450698,256,0.0,0.0001,5d1f1faee739d775750d8d5bfec7e42b6109dbef4177bde299d4077720c2e548,-0.36001032927361104,-0.3781089886510758,-0.20980714333885006,0.14668439032243483
41002,autocov_factorized,3,31,7,m12_r_dominant,m12,False,True,256,0.17222474414064734,0.022437666797005772,0.07569608743780458,0.020163855876601525,0.02989926848025074,0.01,0.055,0.010163855876601525,-0.02510073151974926,0.7013065956408622,-0.60949917067857,0.7013065956408622,0.60949917067857,0.12,0.12,-0.055,0.079962392837103,-0.02989926848025074,-0.04003760716289699,0.02510073151974926,lag0_and_lag1,0.08010803666459528,-0.029980347048995146,0.03989196333540472,0.025019652951004855,0.0,0.0,0.0,0.0,0,0.2622264960196539,0.019234001037765933,0.00036994679592078095,256,0.0,0.0001,5d1f1faee739d775750d8d5bfec7e42b6109dbef4177bde299d4077720c2e548,-0.45996564222795433,-0.44456865532110346,-0.25264121367596304,0.11880792873593927
41002,generator_supported_seen_regime_imm,3,31,7,m12_r_dominant,m12,False,True,256,0.1320951868880661,0.01832581050482895,0.07583483992482047,0.011130959218337573,0.04682503363866681,0.01,0.055,0.0011309592183375728,-0.008174966361333191,0.1071452517188991,-0.16091521851140111,0.1071452517188991,0.16091521851140111,0.12,0.12,-0.055,0.1047810264956712,-0.04682503363866681,-0.015218973504328798,0.008174966361333191,not_applicable,,,,,0.0,0.0,0.0,0.0,0,0.4792336428300272,0.04879751464177276,0.002381197435214027,256,0.0,0.0001,5d1f1faee739d775750d8d5bfec7e42b6109dbef4177bde299d4077720c2e548,-0.6762855073252123,-0.5883437276132294,-0.3327500324350102,0.05442922454210529
41002,dynamic_qr_oracle,3,31,7,m12_r_dominant,m12,False,True,256,0.12317370769968015,0.017667717702430003,0.07433560567072564,0.01,0.05500000000000002,0.01,0.055,0.0,2.0816681711721685e-17,0.0,4.440892098500626e-16,0.0,4.440892098500626e-16,0.12,0.12,-0.055,0.12000000000000005,-0.05500000000000002,5.551115123125783e-17,-2.0816681711721685e-17,not_applicable,,,,,0.0,0.0,0.0,0.0,0,0.03375,0.027300412084801943,0.0007453124999999999,1,0.0,0.0001,5d1f1faee739d775750d8d5bfec7e42b6109dbef4177bde299d4077720c2e548,-0.3904586497902645,-0.30273566378438455,-0.16547317043964785,0.03940022474479836
