candidate_index,retention_floor,retention_ceiling,bias,surprise_weight,entropy_weight,disagreement_weight,fast_retention,slow_retention,evidence_weight_floor,epsilon,natural_accuracy,natural_accuracy_loss,hidden_accuracy,post_switch_accuracy,reachability_auc,reachability_recall,false_alarms_per_1000,median_delay,mean_retention,eligible,selected
0,0.0,0.93,0.5,0.5,0.0,0.0,0.5,0.98,1.0,1e-12,0.7525575635483577,0.007153538786209057,0.7511337868480725,0.7363387978142076,0.5099454269330259,0.2459016393442623,19.172962872694775,3.5,0.3563878012784924,True,False
1,0.0,0.93,0.5,0.0,0.0,0.5,0.5,0.98,1.0,1e-12,0.7557703627119714,0.003940739622595335,0.7497165532879817,0.733606557377049,0.8228184561081615,0.0,0.0,,0.3593816797753269,False,False
2,0.0,0.93,0.5,0.25,0.0,0.25,0.5,0.98,1.0,1e-12,0.7547030976879395,0.005008004646627207,0.7502834467120182,0.733606557377049,0.7528218055520058,0.0,7.067999025103583,,0.3546350705803677,False,False
3,0.0,0.93,0.5,0.2,0.1,0.2,0.5,0.98,1.0,1e-12,0.7535937187511796,0.006117383583387093,0.7502834467120181,0.733606557377049,0.7049994148561959,0.0,7.067999025103583,,0.3541987073265109,False,False
4,0.0,0.93,0.25,0.5,0.0,0.0,0.5,0.98,1.0,1e-12,0.7543626776705092,0.005348424664057494,0.7491496598639455,0.7274590163934426,0.5099454269330259,0.4426229508196721,33.55268502721586,3.5,0.4096144689192038,True,False
5,0.0,0.93,0.25,0.0,0.0,0.5,0.5,0.98,1.0,1e-12,0.7575610610487223,0.002150041285844395,0.7502834467120181,0.7342896174863388,0.8228184561081615,0.09836065573770492,31.92785766512308,0.0,0.41310235108366183,False,False
6,0.0,0.93,0.25,0.25,0.0,0.25,0.5,0.98,1.0,1e-12,0.7563097991116784,0.003401303222888341,0.7511337868480726,0.7329234972677596,0.7528218055520058,0.06557377049180328,27.540823787472583,0.0,0.40914039178363204,False,False
7,0.0,0.93,0.25,0.2,0.1,0.2,0.5,0.98,1.0,1e-12,0.7559856940598215,0.003725408274745212,0.7517006802721088,0.7342896174863388,0.7049994148561959,0.09016393442622951,24.291169063287025,0.0,0.4088563134214609,False,False
8,0.0,0.93,-0.0,0.5,0.0,0.0,0.5,0.98,1.0,1e-12,0.7563329117019953,0.0033781906325713873,0.7471655328798187,0.7199453551912568,0.5099454269330259,0.5409836065573771,43.951580144609636,2.0,0.4643358801774994,True,False
9,0.0,0.93,-0.0,0.0,0.0,0.5,0.5,0.98,1.0,1e-12,0.7592989857335404,0.0004121166010263577,0.7514172335600907,0.7322404371584699,0.8228184561081615,0.21311475409836064,14.54220489073036,0.0,0.46797789837363896,True,True
10,0.0,0.93,-0.0,0.25,0.0,0.25,0.5,0.98,1.0,1e-12,0.7574849267766243,0.002226175557942467,0.7497165532879819,0.7295081967213115,0.7528218055520058,0.2786885245901639,35.17751238930864,0.0,0.4651888403892444,True,False
11,0.0,0.93,-0.0,0.2,0.1,0.2,0.5,0.98,1.0,1e-12,0.7572723417426107,0.002438760591956024,0.7491496598639455,0.7274590163934426,0.7049994148561959,0.32786885245901637,35.82744333414575,1.0,0.46508570510811403,True,False
12,0.0,0.93,-0.25,0.5,0.0,0.0,0.5,0.98,1.0,1e-12,0.7590254430806118,0.0006856592539549178,0.7443310657596373,0.7110655737704918,0.5099454269330259,0.5655737704918032,37.69599480055244,2.0,0.5191165449170712,True,False
13,0.0,0.93,-0.25,0.0,0.0,0.5,0.5,0.98,1.0,1e-12,0.7622692089105305,-0.002558106575963781,0.7491496598639455,0.7254098360655737,0.8228184561081615,0.36065573770491804,6.336826712161833,0.0,0.5225395273146988,True,False
14,0.0,0.93,-0.25,0.25,0.0,0.25,0.5,0.98,1.0,1e-12,0.7610259801375399,-0.0013148778029731245,0.75,0.7247267759562841,0.7528218055520058,0.6147540983606558,19.74165244942725,1.0,0.5212154694129052,True,False
15,0.0,0.93,-0.25,0.2,0.1,0.2,0.5,0.98,1.0,1e-12,0.7593111275298301,0.0003999748047366358,0.7485827664399093,0.7213114754098361,0.7049994148561959,0.639344262295082,26.24096189779836,1.0,0.5213054996921537,True,False
16,0.0,0.93,-0.5,0.5,0.0,0.0,0.5,0.98,1.0,1e-12,0.762606195557041,-0.0028950932224742765,0.7443310657596371,0.7069672131147541,0.5099454269330259,0.39344262295081966,26.322203265903,3.0,0.5725110323929813,True,False
17,0.0,0.93,-0.5,0.0,0.0,0.5,0.5,0.98,1.0,1e-12,0.7671535850405155,-0.007442482705948716,0.7505668934240364,0.7213114754098361,0.8228184561081615,0.6639344262295082,3.8183443009180276,1.0,0.5753842082409472,True,False
18,0.0,0.93,-0.5,0.25,0.0,0.25,0.5,0.98,1.0,1e-12,0.7646332953833261,-0.0049221930487594046,0.7440476190476191,0.7056010928961748,0.7528218055520058,0.7540983606557377,9.505240068242749,2.0,0.5756604464256682,True,False
19,0.0,0.93,-0.5,0.2,0.1,0.2,0.5,0.98,1.0,1e-12,0.7644076568823118,-0.004696554547745091,0.7429138321995464,0.7049180327868854,0.7049994148561959,0.6311475409836066,11.211308798440166,2.0,0.5759364845975021,True,False
20,0.0,0.93,1.0,1.0,0.0,0.0,0.5,0.98,1.0,1e-12,0.7470784767359427,0.012632625598623992,0.7448979591836735,0.7288251366120219,0.5099454269330259,0.2459016393442623,19.172962872694775,3.5,0.2781891026220795,False,False
21,0.0,0.93,1.0,0.0,0.0,1.0,0.5,0.98,1.0,1e-12,0.752223797887211,0.0074873044473556805,0.7443310657596373,0.7247267759562842,0.8228184561081615,0.0,0.0,,0.28858106518706295,False,False
22,0.0,0.93,1.0,0.5,0.0,0.5,0.5,0.98,1.0,1e-12,0.7496979727423383,0.010013129592228442,0.7434807256235827,0.7274590163934426,0.7528218055520058,0.0,7.067999025103583,,0.26954398261360357,False,False
23,0.0,0.93,1.0,0.4,0.2,0.4,0.5,0.98,1.0,1e-12,0.7478857724523863,0.011825329882180435,0.7431972789115646,0.7274590163934426,0.7049994148561959,0.0,7.067999025103583,,0.26771410325323425,False,False
24,0.0,0.93,0.5,1.0,0.0,0.0,0.5,0.98,1.0,1e-12,0.7508999276958597,0.008811174638707064,0.7443310657596373,0.723360655737705,0.5099454269330259,0.4426229508196721,33.55268502721586,3.5,0.36630397233680645,True,False
25,0.0,0.93,0.5,0.0,0.0,1.0,0.5,0.98,1.0,1e-12,0.7564092366826123,0.00330186565195445,0.7448979591836735,0.7247267759562842,0.8228184561081615,0.09836065573770492,31.92785766512308,0.0,0.3836030511059545,False,False
26,0.0,0.93,0.5,0.5,0.0,0.5,0.5,0.98,1.0,1e-12,0.7530693423339461,0.006641760000620667,0.7454648526077098,0.726775956284153,0.7528218055520058,0.06557377049180328,27.540823787472583,0.0,0.3636404982953554,False,False
27,0.0,0.93,0.5,0.4,0.2,0.4,0.5,0.98,1.0,1e-12,0.7521301030018496,0.007580999332717164,0.7451814058956916,0.726775956284153,0.7049994148561959,0.09016393442622951,24.291169063287025,0.0,0.36216753054936257,False,False
28,0.0,0.93,-0.0,1.0,0.0,0.0,0.5,0.98,1.0,1e-12,0.7541947476932224,0.005516354641344368,0.7412131519274378,0.709016393442623,0.5099454269330259,0.5409836065573771,43.951580144609636,2.0,0.46217022575391475,True,False
29,0.0,0.93,-0.0,0.0,0.0,1.0,0.5,0.98,1.0,1e-12,0.7617076075243779,-0.001996505189811204,0.7480158730158731,0.7301912568306012,0.8228184561081615,0.21311475409836064,14.54220489073036,0.0,0.4821351794530778,True,False
30,0.0,0.93,-0.0,0.5,0.0,0.5,0.5,0.98,1.0,1e-12,0.757952062908871,0.0017590394256957742,0.7471655328798186,0.7254098360655737,0.7528218055520058,0.2786885245901639,35.17751238930864,0.0,0.46630974320055496,True,False
31,0.0,0.93,-0.0,0.4,0.2,0.4,0.5,0.98,1.0,1e-12,0.7565134992679263,0.0031976030666404087,0.7463151927437641,0.7226775956284154,0.7049994148561959,0.32786885245901637,35.82744333414575,1.0,0.46555923802560123,True,False
32,0.0,0.93,-0.5,1.0,0.0,0.0,0.5,0.98,1.0,1e-12,0.7597271860784125,-1.6083743845762832e-05,0.7369614512471655,0.6967213114754098,0.5099454269330259,0.5655737704918032,37.69599480055244,2.0,0.5585764048880316,True,False
33,0.0,0.93,-0.5,0.0,0.0,1.0,0.5,0.98,1.0,1e-12,0.7677881431810312,-0.008077040846464434,0.7460317460317459,0.7199453551912568,0.8228184561081615,0.36065573770491804,6.336826712161833,0.0,0.5754900695010258,True,False
34,0.0,0.93,-0.5,0.5,0.0,0.5,0.5,0.98,1.0,1e-12,0.7637449904799889,-0.00403388814542216,0.7460317460317459,0.7172131147540984,0.7528218055520058,0.6147540983606558,19.74165244942725,1.0,0.5684821178137955,True,False
35,0.0,0.93,-0.5,0.4,0.2,0.4,0.5,0.98,1.0,1e-12,0.7618692341057938,-0.0021581317712270343,0.7420634920634921,0.7096994535519127,0.7049994148561959,0.639344262295082,26.24096189779836,1.0,0.5687512892776482,True,False
36,0.0,0.93,-1.0,1.0,0.0,0.0,0.5,0.98,1.0,1e-12,0.7648570752173766,-0.005145972882809824,0.7315759637188208,0.674863387978142,0.5099454269330259,0.39344262295081966,26.322203265903,3.0,0.6481518974976614,True,False
37,0.0,0.93,-1.0,0.0,0.0,1.0,0.5,0.98,1.0,1e-12,0.7735396801484151,-0.013828577813848386,0.7448979591836735,0.7131147540983607,0.8228184561081615,0.6639344262295082,3.8183443009180276,1.0,0.6578519549136935,True,False
38,0.0,0.93,-1.0,0.5,0.0,0.5,0.5,0.98,1.0,1e-12,0.7687063147182451,-0.008995212383678397,0.7380952380952381,0.691256830601093,0.7528218055520058,0.7540983606557377,9.505240068242749,2.0,0.6614345848739437,True,False
39,0.0,0.93,-1.0,0.4,0.2,0.4,0.5,0.98,1.0,1e-12,0.7681083830504513,-0.008397280715884525,0.7361111111111112,0.6871584699453552,0.7049994148561959,0.6311475409836066,11.211308798440166,2.0,0.6627391839425597,True,False
40,0.0,0.93,2.0,2.0,0.0,0.0,0.5,0.98,1.0,1e-12,0.7408892792906313,0.018821823043935426,0.7383786848072562,0.7233606557377049,0.5099454269330259,0.2459016393442623,19.172962872694775,3.5,0.1980426842848435,False,False
41,0.0,0.93,2.0,0.0,0.0,2.0,0.5,0.98,1.0,1e-12,0.7479668697061026,0.011744232628464135,0.7386621315192743,0.7240437158469945,0.8228184561081615,0.0,0.0,,0.20553328784219593,False,False
42,0.0,0.93,2.0,1.0,0.0,1.0,0.5,0.98,1.0,1e-12,0.7428036634653538,0.016907438869212976,0.7386621315192743,0.7240437158469945,0.7528218055520058,0.0,7.067999025103583,,0.17145886212432562,False,False
43,0.0,0.93,2.0,0.8,0.4,0.8,0.5,0.98,1.0,1e-12,0.7406302404899257,0.019080861844641084,0.7372448979591837,0.7240437158469945,0.7049994148561959,0.0,7.067999025103583,,0.16861179898430106,False,False
44,0.0,0.93,1.0,2.0,0.0,0.0,0.5,0.98,1.0,1e-12,0.7450507138764129,0.014660388458153872,0.7392290249433107,0.7185792349726776,0.5099454269330259,0.4426229508196721,33.55268502721586,3.5,0.3166527155862544,False,False
45,0.0,0.93,1.0,0.0,0.0,2.0,0.5,0.98,1.0,1e-12,0.7537697729137626,0.0059413294208041645,0.7426303854875284,0.7219945355191256,0.8228184561081615,0.09836065573770492,31.92785766512308,0.0,0.36710087203551844,False,False
46,0.0,0.93,1.0,1.0,0.0,1.0,0.5,0.98,1.0,1e-12,0.7477794799353794,0.011931622399187325,0.7406462585034014,0.7213114754098361,0.7528218055520058,0.06557377049180328,27.540823787472583,0.0,0.3063285991670896,False,False
47,0.0,0.93,1.0,0.8,0.4,0.8,0.5,0.98,1.0,1e-12,0.7459021728810674,0.013808929453499319,0.7412131519274378,0.7233606557377049,0.7049994148561959,0.09016393442622951,24.291169063287025,0.0,0.3023604836385394,False,False
48,0.0,0.93,-0.0,2.0,0.0,0.0,0.5,0.98,1.0,1e-12,0.7510273262877109,0.008683776046855884,0.733843537414966,0.6960382513661202,0.5099454269330259,0.5409836065573771,43.951580144609636,2.0,0.4587377894218132,True,False
49,0.0,0.93,-0.0,0.0,0.0,2.0,0.5,0.98,1.0,1e-12,0.7636103057381664,-0.003899203403599616,0.7426303854875284,0.7219945355191257,0.8228184561081615,0.21311475409836064,14.54220489073036,0.0,0.5286327160842789,True,False
50,0.0,0.93,-0.0,1.0,0.0,1.0,0.5,0.98,1.0,1e-12,0.7569583531353993,0.002752749199167459,0.7417800453514739,0.717896174863388,0.7528218055520058,0.2786885245901639,35.17751238930864,0.0,0.47169471105972427,True,False
51,0.0,0.93,-0.0,0.8,0.4,0.8,0.5,0.98,1.0,1e-12,0.7545113347657618,0.005199767568804914,0.7397959183673469,0.71448087431694,0.7049994148561959,0.32786885245901637,35.82744333414575,1.0,0.4676744680587709,True,False
52,0.0,0.93,-1.0,2.0,0.0,0.0,0.5,0.98,1.0,1e-12,0.7602247925283998,-0.0005136901938330718,0.7196712018140589,0.6564207650273225,0.5099454269330259,0.5655737704918032,37.69599480055244,2.0,0.6022055206165747,True,False
53,0.0,0.93,-1.0,0.0,0.0,2.0,0.5,0.98,1.0,1e-12,0.7744328641142911,-0.014721761779724396,0.7420634920634921,0.7110655737704918,0.8228184561081615,0.36065573770491804,6.336826712161833,0.0,0.6497362364098882,True,False
54,0.0,0.93,-1.0,1.0,0.0,1.0,0.5,0.98,1.0,1e-12,0.766083881689494,-0.006372779354927305,0.733843537414966,0.6960382513661203,0.7528218055520058,0.6147540983606558,19.74165244942725,1.0,0.6310905419720307,True,False
55,0.0,0.93,-1.0,0.8,0.4,0.8,0.5,0.98,1.0,1e-12,0.7632607690136245,-0.0035496666790577613,0.7315759637188209,0.6878415300546449,0.7049994148561959,0.639344262295082,26.24096189779836,1.0,0.6306663797025617,True,False
56,0.0,0.93,-2.0,2.0,0.0,0.0,0.5,0.98,1.0,1e-12,0.7688389981322621,-0.009127895797695351,0.701530612244898,0.6024590163934425,0.5099454269330259,0.39344262295081966,26.322203265903,3.0,0.725096244070019,True,False
57,0.0,0.93,-2.0,0.0,0.0,2.0,0.5,0.98,1.0,1e-12,0.7814399887301147,-0.02172888639554793,0.7383786848072562,0.6905737704918032,0.8228184561081615,0.6639344262295082,3.8183443009180276,1.0,0.7330153853640915,True,False
58,0.0,0.93,-2.0,1.0,0.0,1.0,0.5,0.98,1.0,1e-12,0.7760691580901686,-0.016358055755601897,0.7233560090702948,0.6571038251366119,0.7528218055520058,0.7540983606557377,9.505240068242749,2.0,0.7563666622080931,True,False
59,0.0,0.93,-2.0,0.8,0.4,0.8,0.5,0.98,1.0,1e-12,0.7744748871193312,-0.014763784784764478,0.7179705215419502,0.644808743169399,0.7049994148561959,0.6311475409836066,11.211308798440166,2.0,0.760754197909847,True,False
60,0.0,0.93,4.0,4.0,0.0,0.0,0.5,0.98,1.0,1e-12,0.7375942112634204,0.02211689107114634,0.7361111111111112,0.7247267759562841,0.5099454269330259,0.2459016393442623,19.172962872694775,3.5,0.14944586894829825,False,False
61,0.0,0.93,4.0,0.0,0.0,4.0,0.5,0.98,1.0,1e-12,0.742253635949474,0.017457466385092713,0.7358276643990929,0.7240437158469945,0.8228184561081615,0.0,0.0,,0.11396315570144545,False,False
62,0.0,0.93,4.0,2.0,0.0,2.0,0.5,0.98,1.0,1e-12,0.7373422586305154,0.022368843704051344,0.7349773242630386,0.7240437158469945,0.7528218055520058,0.0,7.067999025103583,,0.10045271331482415,False,False
63,0.0,0.93,4.0,1.6,0.8,1.6,0.5,0.98,1.0,1e-12,0.737109989797056,0.022601112537510737,0.7352607709750567,0.7240437158469945,0.7049994148561959,0.0,7.067999025103583,,0.1005261433554768,False,False
64,0.0,0.93,2.0,4.0,0.0,0.0,0.5,0.98,1.0,1e-12,0.7413538169575499,0.018357285377016863,0.7341269841269842,0.7124316939890712,0.5099454269330259,0.4426229508196721,33.55268502721586,3.5,0.282978859848912,False,False
65,0.0,0.93,2.0,0.0,0.0,4.0,0.5,0.98,1.0,1e-12,0.7528617842109795,0.006849318123587245,0.7412131519274378,0.7240437158469945,0.8228184561081615,0.09836065573770492,31.92785766512308,0.0,0.3767536279799999,False,False
66,0.0,0.93,2.0,2.0,0.0,2.0,0.5,0.98,1.0,1e-12,0.7441843473178421,0.015526755016724625,0.7375283446712019,0.7226775956284153,0.7528218055520058,0.06557377049180328,27.540823787472583,0.0,0.2593944514566471,False,False
67,0.0,0.93,2.0,1.6,0.8,1.6,0.5,0.98,1.0,1e-12,0.7406696080888171,0.019041494245749635,0.7363945578231292,0.7219945355191256,0.7049994148561959,0.09016393442622951,24.291169063287025,0.0,0.2549307640672967,False,False
68,0.0,0.93,-0.0,4.0,0.0,0.0,0.5,0.98,1.0,1e-12,0.7486011633274001,0.011109939007166614,0.7216553287981861,0.6734972677595629,0.5099454269330259,0.5409836065573771,43.951580144609636,2.0,0.4573165862591034,False,False
69,0.0,0.93,-0.0,0.0,0.0,4.0,0.5,0.98,1.0,1e-12,0.7666168902610416,-0.006905787926474893,0.7406462585034014,0.7219945355191256,0.8228184561081615,0.21311475409836064,14.54220489073036,0.0,0.6003921464200047,True,False
70,0.0,0.93,-0.0,2.0,0.0,2.0,0.5,0.98,1.0,1e-12,0.7561674199381428,0.003543682396423886,0.7341269841269841,0.7117486338797814,0.7528218055520058,0.2786885245901639,35.17751238930864,0.0,0.484297233084273,True,False
71,0.0,0.93,-0.0,1.6,0.8,1.6,0.5,0.98,1.0,1e-12,0.751246997489525,0.008464104845041787,0.7344104308390024,0.7090163934426229,0.7049994148561959,0.32786885245901637,35.82744333414575,1.0,0.4727604537954828,True,False
72,0.0,0.93,-2.0,4.0,0.0,0.0,0.5,0.98,1.0,1e-12,0.760005429313433,-0.0002943269788662217,0.6992630385487528,0.6072404371584698,0.5099454269330259,0.5655737704918032,37.69599480055244,2.0,0.6317583834028307,True,False
73,0.0,0.93,-2.0,0.0,0.0,4.0,0.5,0.98,1.0,1e-12,0.7801339079133977,-0.020422805578830916,0.7389455782312925,0.7056010928961748,0.8228184561081615,0.36065573770491804,6.336826712161833,0.0,0.6987404309696671,True,False
74,0.0,0.93,-2.0,2.0,0.0,2.0,0.5,0.98,1.0,1e-12,0.7696788305253628,-0.009967728190796055,0.7287414965986394,0.6830601092896176,0.7528218055520058,0.6147540983606558,19.74165244942725,1.0,0.6822569731609668,True,False
75,0.0,0.93,-2.0,1.6,0.8,1.6,0.5,0.98,1.0,1e-12,0.7662054178570881,-0.006494315522521332,0.7210884353741497,0.6680327868852459,0.7049994148561959,0.639344262295082,26.24096189779836,1.0,0.6793210493645817,True,False
76,0.0,0.93,-4.0,4.0,0.0,0.0,0.5,0.98,1.0,1e-12,0.7699030016577214,-0.010191899323154674,0.6686507936507937,0.5307377049180327,0.5099454269330259,0.39344262295081966,26.322203265903,3.0,0.7702866250182652,True,False
77,0.0,0.93,-4.0,0.0,0.0,4.0,0.5,0.98,1.0,1e-12,0.7880309837139667,-0.028319881379400003,0.7355442176870748,0.6844262295081966,0.8228184561081615,0.6639344262295082,3.8183443009180276,1.0,0.7548209886937263,True,False
78,0.0,0.93,-4.0,2.0,0.0,2.0,0.5,0.98,1.0,1e-12,0.7826395816277025,-0.022928479293135795,0.703798185941043,0.6072404371584699,0.7528218055520058,0.7540983606557377,9.505240068242749,2.0,0.8125354352171842,True,False
79,0.0,0.93,-4.0,1.6,0.8,1.6,0.5,0.98,1.0,1e-12,0.7780727970013942,-0.018361694666827466,0.6910430839002268,0.5826502732240437,0.7049994148561959,0.6311475409836066,11.211308798440166,2.0,0.8232868691828851,True,False
80,0.0,0.97,0.5,0.5,0.0,0.0,0.5,0.98,1.0,1e-12,0.7534079036844121,0.006303198650154607,0.7497165532879819,0.7329234972677595,0.5099454269330259,0.2459016393442623,19.172962872694775,3.5,0.371716308860363,True,False
81,0.0,0.97,0.5,0.0,0.0,0.5,0.5,0.98,1.0,1e-12,0.7561955327799986,0.00351556955456811,0.7494331065759636,0.733606557377049,0.8228184561081615,0.0,0.0,,0.3748389563248033,False,False
82,0.0,0.97,0.5,0.25,0.0,0.25,0.5,0.98,1.0,1e-12,0.7553479389577807,0.0043631633767859945,0.7502834467120182,0.7329234972677595,0.7528218055520058,0.0,7.067999025103583,,0.36988819189565236,False,False
83,0.0,0.97,0.5,0.2,0.1,0.2,0.5,0.98,1.0,1e-12,0.7543448525380276,0.005366249796539102,0.7502834467120181,0.7329234972677595,0.7049994148561959,0.0,7.067999025103583,,0.36943306032980167,False,False
84,0.0,0.97,0.25,0.5,0.0,0.0,0.5,0.98,1.0,1e-12,0.7551138114573575,0.004597290877209281,0.7480158730158731,0.7247267759562841,0.5099454269330259,0.4426229508196721,33.55268502721586,3.5,0.42723229553938447,True,False
85,0.0,0.97,0.25,0.0,0.0,0.5,0.5,0.98,1.0,1e-12,0.7580088519385507,0.001702250396016014,0.75,0.733606557377049,0.8228184561081615,0.09836065573770492,31.92785766512308,0.0,0.43087019414102357,False,False
86,0.0,0.97,0.25,0.25,0.0,0.25,0.5,0.98,1.0,1e-12,0.7564263987818495,0.0032847035527172608,0.7517006802721088,0.7342896174863388,0.7528218055520058,0.06557377049180328,27.540823787472583,0.0,0.4267378279893796,False,False
87,0.0,0.97,0.25,0.2,0.1,0.2,0.5,0.98,1.0,1e-12,0.7559856940598215,0.003725408274745212,0.7511337868480726,0.7329234972677596,0.7049994148561959,0.09016393442622951,24.291169063287025,0.0,0.4264415312030291,False,False
88,0.0,0.97,-0.0,0.5,0.0,0.0,0.5,0.98,1.0,1e-12,0.7572895443550566,0.0024215579795101583,0.7457482993197279,0.7151639344262296,0.5099454269330259,0.5409836065573771,43.951580144609636,2.0,0.4843073158840585,True,False
89,0.0,0.97,-0.0,0.0,0.0,0.5,0.5,0.98,1.0,1e-12,0.7605815821054224,-0.0008704797708556367,0.7514172335600907,0.7308743169398908,0.8228184561081615,0.21311475409836064,14.54220489073036,0.0,0.4881059800241179,True,False
90,0.0,0.97,-0.0,0.25,0.0,0.25,0.5,0.98,1.0,1e-12,0.7582289743956719,0.001482127938894795,0.7494331065759637,0.7274590163934426,0.7528218055520058,0.2786885245901639,35.17751238930864,0.0,0.48519696255652367,True,False
91,0.0,0.97,-0.0,0.2,0.1,0.2,0.5,0.98,1.0,1e-12,0.7579100968446515,0.0018010054899152417,0.7485827664399093,0.7247267759562842,0.7049994148561959,0.32786885245901637,35.82744333414575,1.0,0.48508939134932316,True,False
92,0.0,0.97,-0.25,0.5,0.0,0.0,0.5,0.98,1.0,1e-12,0.7608324158697275,-0.0011213135351607617,0.7446145124716554,0.7096994535519127,0.5099454269330259,0.5655737704918032,37.69599480055244,2.0,0.5414441382468376,True,False
93,0.0,0.97,-0.25,0.0,0.0,0.5,0.5,0.98,1.0,1e-12,0.7647407067689331,-0.005029604434366397,0.7488662131519274,0.7240437158469945,0.8228184561081615,0.36065573770491804,6.336826712161833,0.0,0.5450143456938255,True,False
94,0.0,0.97,-0.25,0.25,0.0,0.25,0.5,0.98,1.0,1e-12,0.7626203678926419,-0.002909265558075136,0.7482993197278912,0.7199453551912568,0.7528218055520058,0.6147540983606558,19.74165244942725,1.0,0.5436333390650732,True,False
95,0.0,0.97,-0.25,0.2,0.1,0.2,0.5,0.98,1.0,1e-12,0.7615574427225739,-0.0018463403880071283,0.7463151927437642,0.71448087431694,0.7049994148561959,0.639344262295082,26.24096189779836,1.0,0.5437272416143969,True,False
96,0.0,0.97,-0.5,0.5,0.0,0.0,0.5,0.98,1.0,1e-12,0.7636743482279453,-0.0039632458933785975,0.7414965986394558,0.7001366120218578,0.5099454269330259,0.39344262295081966,26.322203265903,3.0,0.5971351628184857,True,False
97,0.0,0.97,-0.5,0.0,0.0,0.5,0.5,0.98,1.0,1e-12,0.7684235837807523,-0.008712481446185527,0.75,0.7192622950819673,0.8228184561081615,0.6639344262295082,3.8183443009180276,1.0,0.6001319161222781,True,False
98,0.0,0.97,-0.5,0.25,0.0,0.25,0.5,0.98,1.0,1e-12,0.7665588743580855,-0.006847772023518717,0.7429138321995465,0.7028688524590164,0.7528218055520058,0.7540983606557377,9.505240068242749,2.0,0.6004200355192452,True,False
99,0.0,0.97,-0.5,0.2,0.1,0.2,0.5,0.98,1.0,1e-12,0.765402254302656,-0.005691151968089225,0.7417800453514739,0.6994535519125684,0.7049994148561959,0.6311475409836066,11.211308798440166,2.0,0.6007079463006204,True,False
100,0.0,0.97,1.0,1.0,0.0,0.0,0.5,0.98,1.0,1e-12,0.7473799609659983,0.012331141368568388,0.7446145124716554,0.7288251366120219,0.5099454269330259,0.2459016393442623,19.172962872694775,3.5,0.2901542253155023,False,False
101,0.0,0.97,1.0,0.0,0.0,1.0,0.5,0.98,1.0,1e-12,0.7528855766426615,0.006825525691905199,0.7443310657596373,0.7247267759562842,0.8228184561081615,0.0,0.0,,0.3009931540123129,False,False
102,0.0,0.97,1.0,0.5,0.0,0.5,0.5,0.98,1.0,1e-12,0.7502562052946186,0.009454897039948174,0.7437641723356009,0.7274590163934426,0.7528218055520058,0.0,7.067999025103583,,0.28113727218838214,False,False
103,0.0,0.97,1.0,0.4,0.2,0.4,0.5,0.98,1.0,1e-12,0.74831617002125,0.011394932313316786,0.7431972789115646,0.7274590163934426,0.7049994148561959,0.0,7.067999025103583,,0.27922868833939485,False,False
104,0.0,0.97,0.5,1.0,0.0,0.0,0.5,0.98,1.0,1e-12,0.7511125127298733,0.008598589604693396,0.7451814058956916,0.7240437158469946,0.5099454269330259,0.4426229508196721,33.55268502721586,3.5,0.38205898189967974,True,False
105,0.0,0.97,0.5,0.0,0.0,1.0,0.5,0.98,1.0,1e-12,0.756617481862662,0.0030936204719047566,0.7448979591836735,0.7254098360655737,0.8228184561081615,0.09836065573770492,31.92785766512308,0.0,0.40010210706750093,False,False
106,0.0,0.97,0.5,0.5,0.0,0.5,0.5,0.98,1.0,1e-12,0.7541322675040141,0.005578834830552659,0.7454648526077098,0.7260928961748635,0.7528218055520058,0.06557377049180328,27.540823787472583,0.0,0.3792809498349405,False,False
107,0.0,0.97,0.5,0.4,0.2,0.4,0.5,0.98,1.0,1e-12,0.7525552730698768,0.007155829264689939,0.7446145124716554,0.7254098360655739,0.7049994148561959,0.09016393442622951,24.291169063287025,0.0,0.3777446286375072,False,False
108,0.0,0.97,-0.0,1.0,0.0,0.0,0.5,0.98,1.0,1e-12,0.7551566078471199,0.004554494487446825,0.7406462585034014,0.7069672131147541,0.5099454269330259,0.5409836065573771,43.951580144609636,2.0,0.48204851503365287,True,False
109,0.0,0.97,-0.0,0.0,0.0,1.0,0.5,0.98,1.0,1e-12,0.7627902164938917,-0.003079114159324936,0.7474489795918368,0.7274590163934428,0.8228184561081615,0.21311475409836064,14.54220489073036,0.0,0.5028721764188016,True,False
110,0.0,0.97,-0.0,0.5,0.0,0.5,0.5,0.98,1.0,1e-12,0.7587893495779245,0.0009217527566421913,0.7482993197278912,0.7260928961748634,0.7528218055520058,0.2786885245901639,35.17751238930864,0.0,0.48636607624143896,True,False
111,0.0,0.97,-0.0,0.4,0.2,0.4,0.5,0.98,1.0,1e-12,0.7571583405377675,0.0025527617967991967,0.7463151927437641,0.7219945355191257,0.7049994148561959,0.32786885245901637,35.82744333414575,1.0,0.4855832912740142,True,False
112,0.0,0.97,-0.5,1.0,0.0,0.0,0.5,0.98,1.0,1e-12,0.7610026962824941,-0.0012915939479273275,0.7346938775510204,0.6892076502732241,0.5099454269330259,0.5655737704918032,37.69599480055244,2.0,0.582601196496119,True,False
113,0.0,0.97,-0.5,0.0,0.0,1.0,0.5,0.98,1.0,1e-12,0.770371659752643,-0.010660557418076255,0.7457482993197279,0.7178961748633881,0.8228184561081615,0.36065573770491804,6.336826712161833,0.0,0.6002423305548333,True,False
114,0.0,0.97,-0.5,0.5,0.0,0.5,0.5,0.98,1.0,1e-12,0.7653379754034824,-0.005626873068915628,0.7417800453514739,0.7090163934426229,0.7528218055520058,0.6147540983606558,19.74165244942725,1.0,0.5929329615907329,True,False
115,0.0,0.97,-0.5,0.4,0.2,0.4,0.5,0.98,1.0,1e-12,0.7637769879480715,-0.004065885613504738,0.7397959183673469,0.7042349726775957,0.7049994148561959,0.639344262295082,26.24096189779836,1.0,0.5932137103218481,True,False
116,0.0,0.97,-1.0,1.0,0.0,0.0,0.5,0.98,1.0,1e-12,0.7657660584700264,-0.006054956135459699,0.7250566893424036,0.659153005464481,0.5099454269330259,0.39344262295081966,26.322203265903,3.0,0.676029398465303,True,False
117,0.0,0.97,-1.0,0.0,0.0,1.0,0.5,0.98,1.0,1e-12,0.7760470835173473,-0.016335981182780568,0.7448979591836735,0.7083333333333334,0.8228184561081615,0.6639344262295082,3.8183443009180276,1.0,0.6861466626519168,True,False
118,0.0,0.97,-1.0,0.5,0.0,0.5,0.5,0.98,1.0,1e-12,0.7702211799235865,-0.010510077589019784,0.7352607709750567,0.6844262295081969,0.7528218055520058,0.7540983606557377,9.505240068242749,2.0,0.6898833842233606,True,False
119,0.0,0.97,-1.0,0.4,0.2,0.4,0.5,0.98,1.0,1e-12,0.7681748521332111,-0.008463749798644393,0.7344104308390024,0.6823770491803278,0.7049994148561959,0.6311475409836066,11.211308798440166,2.0,0.6912440950798739,True,False
120,0.0,0.97,2.0,2.0,0.0,0.0,0.5,0.98,1.0,1e-12,0.7409955718076381,0.018715530526928648,0.7383786848072562,0.7233606557377049,0.5099454269330259,0.2459016393442623,19.172962872694775,3.5,0.2065606492003206,False,False
121,0.0,0.97,2.0,0.0,0.0,2.0,0.5,0.98,1.0,1e-12,0.7484983322911366,0.011212770043430131,0.7386621315192743,0.7240437158469945,0.8228184561081615,0.0,0.0,,0.21437342925476346,False,False
122,0.0,0.97,2.0,1.0,0.0,1.0,0.5,0.98,1.0,1e-12,0.7430162484993673,0.01669485383519942,0.7386621315192743,0.7240437158469945,0.7528218055520058,0.0,7.067999025103583,,0.17883343683935035,False,False
123,0.0,0.97,2.0,0.8,0.4,0.8,0.5,0.98,1.0,1e-12,0.7409562042087466,0.018754898125820096,0.7375283446712018,0.7240437158469945,0.7049994148561959,0.0,7.067999025103583,,0.1758639193707226,False,False
124,0.0,0.97,1.0,2.0,0.0,0.0,0.5,0.98,1.0,1e-12,0.7450507138764129,0.014660388458153872,0.737528344671202,0.7137978142076503,0.5099454269330259,0.4426229508196721,33.55268502721586,3.5,0.3302721872243729,False,False
125,0.0,0.97,1.0,0.0,0.0,2.0,0.5,0.98,1.0,1e-12,0.7542146267812354,0.005496475553331326,0.7426303854875284,0.7219945355191256,0.8228184561081615,0.09836065573770492,31.92785766512308,0.0,0.3828901568542504,False,False
126,0.0,0.97,1.0,1.0,0.0,1.0,0.5,0.98,1.0,1e-12,0.7486298200714339,0.011081282263132874,0.7409297052154196,0.7213114754098361,0.7528218055520058,0.06557377049180328,27.540823787472583,0.0,0.3195040227871794,False,False
127,0.0,0.97,1.0,0.8,0.4,0.8,0.5,0.98,1.0,1e-12,0.746972184218936,0.01273891811563077,0.7406462585034014,0.7219945355191256,0.7049994148561959,0.09016393442622951,24.291169063287025,0.0,0.31536523562299273,False,False
128,0.0,0.97,-0.0,2.0,0.0,0.0,0.5,0.98,1.0,1e-12,0.7517713739067584,0.007939728427808324,0.7310090702947847,0.6878415300546449,0.5099454269330259,0.5409836065573771,43.951580144609636,2.0,0.47846844703135355,True,False
129,0.0,0.97,-0.0,0.0,0.0,2.0,0.5,0.98,1.0,1e-12,0.7646606332765892,-0.00494953094202244,0.7417800453514739,0.7192622950819674,0.8228184561081615,0.21311475409836064,14.54220489073036,0.0,0.5513696070986566,True,False
130,0.0,0.97,-0.0,1.0,0.0,1.0,0.5,0.98,1.0,1e-12,0.7578260865924183,0.0018850157421483882,0.7400793650793651,0.7151639344262295,0.7528218055520058,0.2786885245901639,35.17751238930864,0.0,0.4919826556214327,True,False
131,0.0,0.97,-0.0,0.8,0.4,0.8,0.5,0.98,1.0,1e-12,0.7555742599358298,0.004136842398736906,0.7386621315192744,0.7117486338797814,0.7049994148561959,0.32786885245901637,35.82744333414575,1.0,0.48778949894301904,True,False
132,0.0,0.97,-1.0,2.0,0.0,0.0,0.5,0.98,1.0,1e-12,0.7614806189330358,-0.001769516598469023,0.7120181405895691,0.6372950819672131,0.5099454269330259,0.5655737704918032,37.69599480055244,2.0,0.628106833331266,True,False
133,0.0,0.97,-1.0,0.0,0.0,2.0,0.5,0.98,1.0,1e-12,0.7773059114813861,-0.017594809146819324,0.7409297052154195,0.7083333333333334,0.8228184561081615,0.36065573770491804,6.336826712161833,0.0,0.6776818809866576,True,False
134,0.0,0.97,-1.0,1.0,0.0,1.0,0.5,0.98,1.0,1e-12,0.7691466808832457,-0.009435578548678936,0.7327097505668935,0.6912568306010929,0.7528218055520058,0.6147540983606558,19.74165244942725,1.0,0.658234221196634,True,False
135,0.0,0.97,-1.0,0.8,0.4,0.8,0.5,0.98,1.0,1e-12,0.7649756216213343,-0.005264519286767522,0.7284580498866213,0.6810109289617488,0.7049994148561959,0.639344262295082,26.24096189779836,1.0,0.6577918153886934,True,False
136,0.0,0.97,-2.0,2.0,0.0,0.0,0.5,0.98,1.0,1e-12,0.7706296559558043,-0.010918553621237614,0.6808390022675737,0.5532786885245902,0.5099454269330259,0.39344262295081966,26.322203265903,3.0,0.7562831792988369,True,False
137,0.0,0.97,-2.0,0.0,0.0,2.0,0.5,0.98,1.0,1e-12,0.7857780141649395,-0.026066911830372796,0.7363945578231292,0.6878415300546448,0.8228184561081615,0.6639344262295082,3.8183443009180276,1.0,0.7645429288206115,True,False
138,0.0,0.97,-2.0,1.0,0.0,1.0,0.5,0.98,1.0,1e-12,0.7788141986014998,-0.019103096266933073,0.7165532879818595,0.6413934426229508,0.7528218055520058,0.7540983606557377,9.505240068242749,2.0,0.7888985616579035,True,False
139,0.0,0.97,-2.0,0.8,0.4,0.8,0.5,0.98,1.0,1e-12,0.7758850345116214,-0.01617393217705465,0.7089002267573696,0.6222677595628415,0.7049994148561959,0.6311475409836066,11.211308798440166,2.0,0.7934748085726361,True,False
140,0.0,0.97,4.0,4.0,0.0,0.0,0.5,0.98,1.0,1e-12,0.7375942112634204,0.02211689107114634,0.735827664399093,0.7240437158469945,0.5099454269330259,0.2459016393442623,19.172962872694775,3.5,0.1558736482579025,False,False
141,0.0,0.97,4.0,0.0,0.0,4.0,0.5,0.98,1.0,1e-12,0.7422410383178288,0.017470064016737896,0.7361111111111112,0.7240437158469945,0.8228184561081615,0.0,0.0,,0.11886479680688397,False,False
142,0.0,0.97,4.0,2.0,0.0,2.0,0.5,0.98,1.0,1e-12,0.7373422586305154,0.022368843704051344,0.7349773242630386,0.7240437158469945,0.7528218055520058,0.0,7.067999025103583,,0.10477326012406389,False,False
143,0.0,0.97,4.0,1.6,0.8,1.6,0.5,0.98,1.0,1e-12,0.737109989797056,0.022601112537510737,0.7352607709750567,0.7240437158469945,0.7049994148561959,0.0,7.067999025103583,,0.10484984844603493,False,False
144,0.0,0.97,2.0,4.0,0.0,0.0,0.5,0.98,1.0,1e-12,0.7417789870255771,0.017932115308989638,0.7335600907029479,0.7103825136612022,0.5099454269330259,0.4426229508196721,33.55268502721586,3.5,0.2951499936058544,False,False
145,0.0,0.97,2.0,0.0,0.0,4.0,0.5,0.98,1.0,1e-12,0.7535066254808208,0.006204476853745922,0.7412131519274378,0.7240437158469945,0.8228184561081615,0.09836065573770492,31.92785766512308,0.0,0.39295808509741914,False,False
146,0.0,0.97,2.0,2.0,0.0,2.0,0.5,0.98,1.0,1e-12,0.744290639834849,0.015420462499717735,0.7375283446712019,0.7219945355191256,0.7528218055520058,0.06557377049180328,27.540823787472583,0.0,0.2705512020569329,False,False
147,0.0,0.97,2.0,1.6,0.8,1.6,0.5,0.98,1.0,1e-12,0.7409884856398375,0.01872261669472919,0.7361111111111112,0.7213114754098361,0.7049994148561959,0.09016393442622951,24.291169063287025,0.0,0.26589552811320183,False,False
148,0.0,0.97,-0.0,4.0,0.0,0.0,0.5,0.98,1.0,1e-12,0.7496640884974681,0.010047013837098606,0.7148526077097506,0.6557377049180326,0.5099454269330259,0.5409836065573771,43.951580144609636,2.0,0.47698611685089276,False,False
149,0.0,0.97,-0.0,0.0,0.0,4.0,0.5,0.98,1.0,1e-12,0.7681262440025383,-0.008415141667971526,0.7395124716553287,0.7185792349726776,0.8228184561081615,0.21311475409836064,14.54220489073036,0.0,0.6262154645455962,True,False
150,0.0,0.97,-0.0,2.0,0.0,2.0,0.5,0.98,1.0,1e-12,0.7572500289076566,0.002461073426910154,0.733843537414966,0.7103825136612022,0.7528218055520058,0.2786885245901639,35.17751238930864,0.0,0.5051272216040267,True,False
151,0.0,0.97,-0.0,1.6,0.8,1.6,0.5,0.98,1.0,1e-12,0.7511210211730723,0.0085900811614944,0.7324263038548752,0.7042349726775956,0.7049994148561959,0.32786885245901637,35.82744333414575,1.0,0.49309423675442826,True,False
152,0.0,0.97,-2.0,4.0,0.0,0.0,0.5,0.98,1.0,1e-12,0.7615853607699257,-0.001874258435358933,0.6816893424036282,0.5655737704918031,0.5099454269330259,0.5655737704918032,37.69599480055244,2.0,0.6589307869900493,True,False
153,0.0,0.97,-2.0,0.0,0.0,4.0,0.5,0.98,1.0,1e-12,0.7844424170671398,-0.024731314732573062,0.73781179138322,0.7028688524590165,0.8228184561081615,0.36065573770491804,6.336826712161833,0.0,0.7287937828393303,True,False
154,0.0,0.97,-2.0,2.0,0.0,2.0,0.5,0.98,1.0,1e-12,0.7718043969024905,-0.01209329456792374,0.7247732426303856,0.6734972677595628,0.7528218055520058,0.6147540983606558,19.74165244942725,1.0,0.7116013591033739,True,False
155,0.0,0.97,-2.0,1.6,0.8,1.6,0.5,0.98,1.0,1e-12,0.7672820595274014,-0.007570957192834626,0.7159863945578231,0.6557377049180327,0.7049994148561959,0.639344262295082,26.24096189779836,1.0,0.7085391590146712,True,False
156,0.0,0.97,-4.0,4.0,0.0,0.0,0.5,0.98,1.0,1e-12,0.7734898933056981,-0.013778790971131327,0.6235827664399093,0.44672131147540983,0.5099454269330259,0.39344262295081966,26.322203265903,3.0,0.8034172325459323,True,False
157,0.0,0.97,-4.0,0.0,0.0,4.0,0.5,0.98,1.0,1e-12,0.7941466780423804,-0.03443557570781364,0.7344104308390023,0.6789617486338797,0.8228184561081615,0.6639344262295082,3.8183443009180276,1.0,0.7872864075622736,True,False
158,0.0,0.97,-4.0,2.0,0.0,2.0,0.5,0.98,1.0,1e-12,0.7866417392846169,-0.026930636950050157,0.6927437641723355,0.5812841530054644,0.7528218055520058,0.7540983606557377,9.505240068242749,2.0,0.8474831958716866,True,False
159,0.0,0.97,-4.0,1.6,0.8,1.6,0.5,0.98,1.0,1e-12,0.781970117714191,-0.02225901537962427,0.6731859410430839,0.537568306010929,0.7049994148561959,0.6311475409836066,11.211308798440166,2.0,0.8586970571047295,True,False
160,0.0,0.99,0.5,0.5,0.0,0.0,0.5,0.98,1.0,1e-12,0.7537267812354326,0.00598432109913416,0.75,0.7322404371584699,0.5099454269330259,0.2459016393442623,19.172962872694775,3.5,0.3793805626512983,True,False
161,0.0,0.99,0.5,0.0,0.0,0.5,0.5,0.98,1.0,1e-12,0.7565144103310191,0.003196692003547663,0.75,0.733606557377049,0.8228184561081615,0.0,0.0,,0.38256759459954154,False,False
162,0.0,0.99,0.5,0.25,0.0,0.25,0.5,0.98,1.0,1e-12,0.7556668165088012,0.004044285825765548,0.7505668934240364,0.733606557377049,0.7528218055520058,0.0,7.067999025103583,,0.3775147525532946,False,False
163,0.0,0.99,0.5,0.2,0.1,0.2,0.5,0.98,1.0,1e-12,0.7545968051709326,0.005114297163634096,0.7508503401360545,0.7342896174863388,0.7049994148561959,0.0,7.067999025103583,,0.37705023683144706,False,False
164,0.0,0.99,0.25,0.5,0.0,0.0,0.5,0.98,1.0,1e-12,0.7554558015986947,0.004255300735871992,0.7482993197278912,0.7240437158469946,0.5099454269330259,0.4426229508196721,33.55268502721586,3.5,0.4360412088494748,True,False
165,0.0,0.99,0.25,0.0,0.0,0.5,0.5,0.98,1.0,1e-12,0.7583240721126419,0.0013870302219248787,0.7505668934240362,0.733606557377049,0.8228184561081615,0.09836065573770492,31.92785766512308,0.0,0.4397541156697045,False,False
166,0.0,0.99,0.25,0.25,0.0,0.25,0.5,0.98,1.0,1e-12,0.7573864602257819,0.0023246421087848024,0.7511337868480725,0.7329234972677596,0.7528218055520058,0.06557377049180328,27.540823787472583,0.0,0.4355365460922534,False,False
167,0.0,0.99,0.25,0.2,0.1,0.2,0.5,0.98,1.0,1e-12,0.7558775428758506,0.003833559458716107,0.7502834467120181,0.7308743169398906,0.7049994148561959,0.09016393442622951,24.291169063287025,0.0,0.4352341400938131,False,False
168,0.0,0.99,-0.0,0.5,0.0,0.0,0.5,0.98,1.0,1e-12,0.7579522107573794,0.0017588915771873381,0.7463151927437641,0.7158469945355193,0.5099454269330259,0.5409836065573771,43.951580144609636,2.0,0.4942930337373381,True,False
169,0.0,0.99,-0.0,0.0,0.0,0.5,0.5,0.98,1.0,1e-12,0.7608677223899963,-0.0011566200554296024,0.7502834467120182,0.7288251366120218,0.8228184561081615,0.21311475409836064,14.54220489073036,0.0,0.4981700208493575,True,False
170,0.0,0.99,-0.0,0.25,0.0,0.25,0.5,0.98,1.0,1e-12,0.7590859448641712,0.0006251574703954876,0.7494331065759637,0.7267759562841529,0.7528218055520058,0.2786885245901639,35.17751238930864,0.0,0.49520102364016333,True,False
171,0.0,0.99,-0.0,0.2,0.1,0.2,0.5,0.98,1.0,1e-12,0.7580163893616583,0.0016947129729084631,0.7494331065759637,0.7260928961748635,0.7049994148561959,0.32786885245901637,35.82744333414575,1.0,0.49509123446992775,True,False
172,0.0,0.99,-0.25,0.5,0.0,0.0,0.5,0.98,1.0,1e-12,0.7616827560057818,-0.001971653671215101,0.7443310657596373,0.7083333333333334,0.5099454269330259,0.5655737704918032,37.69599480055244,2.0,0.5526079349117209,True,False
173,0.0,0.99,-0.25,0.0,0.0,0.5,0.5,0.98,1.0,1e-12,0.7661421932894672,-0.006431090954900465,0.7482993197278912,0.7213114754098361,0.8228184561081615,0.36065573770491804,6.336826712161833,0.0,0.5562517548833888,True,False
174,0.0,0.99,-0.25,0.25,0.0,0.25,0.5,0.98,1.0,1e-12,0.7637895855797167,-0.004078483245149922,0.7477324263038548,0.7172131147540983,0.7528218055520058,0.6147540983606558,19.74165244942725,1.0,0.5548422738911571,True,False
175,0.0,0.99,-0.25,0.2,0.1,0.2,0.5,0.98,1.0,1e-12,0.7625140753756351,-0.0028029730410683573,0.746031746031746,0.7117486338797815,0.7049994148561959,0.639344262295082,26.24096189779836,1.0,0.5549381125755185,True,False
176,0.0,0.99,-0.5,0.5,0.0,0.0,0.5,0.98,1.0,1e-12,0.7650561509490338,-0.005345048614467052,0.7409297052154195,0.6967213114754098,0.5099454269330259,0.39344262295081966,26.322203265903,3.0,0.609447228031238,True,False
177,0.0,0.99,-0.5,0.0,0.0,0.5,0.5,0.98,1.0,1e-12,0.769385012123133,-0.009673909788566304,0.75,0.7165300546448088,0.8228184561081615,0.6639344262295082,3.8183443009180276,1.0,0.6125057700629437,True,False
178,0.0,0.99,-0.5,0.25,0.0,0.25,0.5,0.98,1.0,1e-12,0.7668450146426593,-0.0071339123080925715,0.7423469387755102,0.7008196721311477,0.7528218055520058,0.7540983606557377,9.505240068242749,2.0,0.6127998300660338,True,False
179,0.0,0.99,-0.5,0.2,0.1,0.2,0.5,0.98,1.0,1e-12,0.7662525944387103,-0.006541492104143565,0.742063492063492,0.7001366120218578,0.7049994148561959,0.6311475409836066,11.211308798440166,2.0,0.6130936771521797,True,False
180,0.0,0.99,1.0,1.0,0.0,0.0,0.5,0.98,1.0,1e-12,0.7476988385170188,0.012012263817547941,0.7443310657596373,0.7281420765027323,0.5099454269330259,0.2459016393442623,19.172962872694775,3.5,0.29613678666221366,False,False
181,0.0,0.99,1.0,0.0,0.0,1.0,0.5,0.98,1.0,1e-12,0.7531178454761208,0.006593256858445917,0.7446145124716554,0.7247267759562842,0.8228184561081615,0.0,0.0,,0.30719919842493787,False,False
182,0.0,0.99,1.0,0.5,0.0,0.5,0.5,0.98,1.0,1e-12,0.7504687903286321,0.009242312005934616,0.7443310657596371,0.7274590163934426,0.7528218055520058,0.0,7.067999025103583,,0.2869339169757715,False,False
183,0.0,0.99,1.0,0.4,0.2,0.4,0.5,0.98,1.0,1e-12,0.7485287550552635,0.011182347279303229,0.7431972789115646,0.7274590163934426,0.7049994148561959,0.0,7.067999025103583,,0.2849859808824751,False,False
184,0.0,0.99,0.5,1.0,0.0,0.0,0.5,0.98,1.0,1e-12,0.7511125127298733,0.008598589604693396,0.7448979591836735,0.723360655737705,0.5099454269330259,0.4426229508196721,33.55268502721586,3.5,0.38993648668111647,True,False
185,0.0,0.99,0.5,0.0,0.0,1.0,0.5,0.98,1.0,1e-12,0.7572760590765388,0.0024350432580279024,0.7454648526077098,0.7254098360655737,0.8228184561081615,0.09836065573770492,31.92785766512308,0.0,0.40835163504827415,False,False
186,0.0,0.99,0.5,0.5,0.0,0.5,0.5,0.98,1.0,1e-12,0.7543645363374734,0.005346565997093378,0.7454648526077098,0.7260928961748635,0.7528218055520058,0.06557377049180328,27.540823787472583,0.0,0.38710117560473306,False,False
187,0.0,0.99,0.5,0.4,0.2,0.4,0.5,0.98,1.0,1e-12,0.7524489805528699,0.007262121781696829,0.7454648526077098,0.726775956284153,0.7049994148561959,0.09016393442622951,24.291169063287025,0.0,0.3855331776815795,False,False
188,0.0,0.99,-0.0,1.0,0.0,0.0,0.5,0.98,1.0,1e-12,0.7552629003641267,0.004448201970440047,0.7406462585034014,0.7069672131147541,0.5099454269330259,0.5409836065573771,43.951580144609636,2.0,0.49198765967352204,True,False
189,0.0,0.99,-0.0,0.0,0.0,1.0,0.5,0.98,1.0,1e-12,0.7635413502807398,-0.0038302479461730377,0.7465986394557823,0.7247267759562842,0.8228184561081615,0.21311475409836064,14.54220489073036,0.0,0.5132406749016635,True,False
190,0.0,0.99,-0.0,0.5,0.0,0.5,0.5,0.98,1.0,1e-12,0.7589008695957677,0.0008102327387989883,0.7468820861678004,0.7233606557377049,0.7528218055520058,0.2786885245901639,35.17751238930864,0.0,0.4963942427618811,True,False
191,0.0,0.99,-0.0,0.4,0.2,0.4,0.5,0.98,1.0,1e-12,0.7575961082374401,0.0021149940971266767,0.7454648526077097,0.7199453551912568,0.7049994148561959,0.32786885245901637,35.82744333414575,1.0,0.4955953178982207,True,False
192,0.0,0.99,-0.5,1.0,0.0,0.0,0.5,0.98,1.0,1e-12,0.7616404513845348,-0.0019293490499681099,0.7329931972789114,0.6851092896174862,0.5099454269330259,0.5655737704918032,37.69599480055244,2.0,0.5946135923001626,True,False
193,0.0,0.99,-0.5,0.0,0.0,1.0,0.5,0.98,1.0,1e-12,0.770929892304923,-0.011218789970356302,0.7457482993197279,0.7172131147540983,0.8228184561081615,0.36065573770491804,6.336826712161833,0.0,0.6126184610817371,True,False
194,0.0,0.99,-0.5,0.5,0.0,0.5,0.5,0.98,1.0,1e-12,0.7663142918559894,-0.006603189521422692,0.7420634920634921,0.7083333333333334,0.7528218055520058,0.6147540983606558,19.74165244942725,1.0,0.6051583834792018,True,False
195,0.0,0.99,-0.5,0.4,0.2,0.4,0.5,0.98,1.0,1e-12,0.7641557042494068,-0.004444601914840085,0.7395124716553289,0.7015027322404372,0.7049994148561959,0.639344262295082,26.24096189779836,1.0,0.6054449208439481,True,False
196,0.0,0.99,-1.0,1.0,0.0,0.0,0.5,0.98,1.0,1e-12,0.7666163986060809,-0.00690529627151415,0.7191043083900227,0.644808743169399,0.5099454269330259,0.39344262295081966,26.322203265903,3.0,0.6899681489491235,True,False
197,0.0,0.99,-1.0,0.0,0.0,1.0,0.5,0.98,1.0,1e-12,0.7774336819277552,-0.01772257959318846,0.7443310657596373,0.7049180327868854,0.8228184561081615,0.6639344262295082,3.8183443009180276,1.0,0.7002940165210287,True,False
198,0.0,0.99,-1.0,0.5,0.0,0.5,0.5,0.98,1.0,1e-12,0.7723687205786408,-0.012657618244074076,0.7341269841269841,0.6837431693989072,0.7528218055520058,0.7540983606557377,9.505240068242749,2.0,0.7041077838980689,True,False
199,0.0,0.99,-1.0,0.4,0.2,0.4,0.5,0.98,1.0,1e-12,0.7693637536197317,-0.009652651285165015,0.7329931972789115,0.6796448087431696,0.7049994148561959,0.6311475409836066,11.211308798440166,2.0,0.7054965506485311,True,False
200,0.0,0.99,2.0,2.0,0.0,0.0,0.5,0.98,1.0,1e-12,0.7407829867736244,0.018928115560942316,0.7383786848072562,0.7233606557377049,0.5099454269330259,0.2459016393442623,19.172962872694775,3.5,0.21081963165805923,False,False
201,0.0,0.99,2.0,0.0,0.0,2.0,0.5,0.98,1.0,1e-12,0.7484983322911366,0.011212770043430131,0.7389455782312925,0.7240437158469945,0.8228184561081615,0.0,0.0,,0.21879349996104724,False,False
202,0.0,0.99,2.0,1.0,0.0,1.0,0.5,0.98,1.0,1e-12,0.7429965646999216,0.016714537634645144,0.7386621315192743,0.7240437158469945,0.7528218055520058,0.0,7.067999025103583,,0.18252072419686274,False,False
203,0.0,0.99,2.0,0.8,0.4,0.8,0.5,0.98,1.0,1e-12,0.7412947655592127,0.018416336775354036,0.7375283446712018,0.7240437158469945,0.7049994148561959,0.0,7.067999025103583,,0.17948997956393337,False,False
204,0.0,0.99,1.0,2.0,0.0,0.0,0.5,0.98,1.0,1e-12,0.7453695914274333,0.014341510907133426,0.7369614512471656,0.7124316939890709,0.5099454269330259,0.4426229508196721,33.55268502721586,3.5,0.33708192304343215,False,False
205,0.0,0.99,1.0,0.0,0.0,2.0,0.5,0.98,1.0,1e-12,0.7545264181644554,0.005184684170111309,0.742063492063492,0.7219945355191256,0.8228184561081615,0.09836065573770492,31.92785766512308,0.0,0.3907847992636164,False,False
206,0.0,0.99,1.0,1.0,0.0,1.0,0.5,0.98,1.0,1e-12,0.7487361125884406,0.010974989746126096,0.7412131519274378,0.7219945355191256,0.7528218055520058,0.06557377049180328,27.540823787472583,0.0,0.3260917345972244,False,False
207,0.0,0.99,1.0,0.8,0.4,0.8,0.5,0.98,1.0,1e-12,0.7470784767359427,0.012632625598623992,0.7406462585034014,0.7219945355191256,0.7049994148561959,0.09016393442622951,24.291169063287025,0.0,0.3218676116152193,False,False
208,0.0,0.99,-0.0,2.0,0.0,0.0,0.5,0.98,1.0,1e-12,0.7518655006036369,0.007845601730929852,0.7298752834467119,0.6844262295081968,0.5099454269330259,0.5409836065573771,43.951580144609636,2.0,0.4883337758361238,True,False
209,0.0,0.99,-0.0,0.0,0.0,2.0,0.5,0.98,1.0,1e-12,0.765548050533054,-0.005836948198487235,0.7412131519274376,0.7165300546448088,0.8228184561081615,0.21311475409836064,14.54220489073036,0.0,0.5627380526058453,True,False
210,0.0,0.99,-0.0,1.0,0.0,1.0,0.5,0.98,1.0,1e-12,0.7583575491774525,0.0013535531571142734,0.7400793650793651,0.7151639344262295,0.7528218055520058,0.2786885245901639,35.17751238930864,0.0,0.502126627902287,True,False
211,0.0,0.99,-0.0,0.8,0.4,0.8,0.5,0.98,1.0,1e-12,0.7556734662850362,0.0040376360495305574,0.7380952380952381,0.7103825136612021,0.7049994148561959,0.32786885245901637,35.82744333414575,1.0,0.4978470143851431,True,False
212,0.0,0.99,-1.0,2.0,0.0,0.0,0.5,0.98,1.0,1e-12,0.7621183740350767,-0.0024072717005099165,0.70578231292517,0.6222677595628414,0.5099454269330259,0.5655737704918032,37.69599480055244,2.0,0.6410574896886118,True,False
213,0.0,0.99,-1.0,0.0,0.0,2.0,0.5,0.98,1.0,1e-12,0.7768376969937479,-0.017126594659181205,0.7406462585034014,0.7090163934426229,0.8228184561081615,0.36065573770491804,6.336826712161833,0.0,0.6916547032750423,True,False
214,0.0,0.99,-1.0,1.0,0.0,1.0,0.5,0.98,1.0,1e-12,0.7699970210193001,-0.010285918684733386,0.7327097505668935,0.6905737704918032,0.7528218055520058,0.6147540983606558,19.74165244942725,1.0,0.6718060608089359,True,False
215,0.0,0.99,-1.0,0.8,0.4,0.8,0.5,0.98,1.0,1e-12,0.7657196692403818,-0.006008566905815083,0.7273242630385487,0.676912568306011,0.7049994148561959,0.639344262295082,26.24096189779836,1.0,0.6713545332317592,True,False
216,0.0,0.99,-2.0,2.0,0.0,0.0,0.5,0.98,1.0,1e-12,0.7709603913401061,-0.011249289005539342,0.6672335600907028,0.5245901639344263,0.5099454269330259,0.39344262295081966,26.322203265903,3.0,0.7718766469132461,True,False
217,0.0,0.99,-2.0,0.0,0.0,2.0,0.5,0.98,1.0,1e-12,0.7883970783598182,-0.02868597602525147,0.7361111111111109,0.6864754098360655,0.8228184561081615,0.6639344262295082,3.8183443009180276,1.0,0.7803067005488716,True,False
218,0.0,0.99,-2.0,1.0,0.0,1.0,0.5,0.98,1.0,1e-12,0.7799038937388141,-0.020192791404247346,0.7114512471655329,0.6304644808743168,0.7528218055520058,0.7540983606557377,9.505240068242749,2.0,0.8051645113828088,True,False
219,0.0,0.99,-2.0,0.8,0.4,0.8,0.5,0.98,1.0,1e-12,0.7770890388406259,-0.017377936506059122,0.7029478458049887,0.6079234972677596,0.7049994148561959,0.6311475409836066,11.211308798440166,2.0,0.8098351139040305,True,False
220,0.0,0.99,4.0,4.0,0.0,0.0,0.5,0.98,1.0,1e-12,0.7374879187464136,0.022223183588153117,0.735827664399093,0.7240437158469945,0.5099454269330259,0.2459016393442623,19.172962872694775,3.5,0.1590875379127046,False,False
221,0.0,0.99,4.0,0.0,0.0,4.0,0.5,0.98,1.0,1e-12,0.7423402446670352,0.017370857667531547,0.7361111111111112,0.7240437158469945,0.8228184561081615,0.0,0.0,,0.12131561735960321,False,False
222,0.0,0.99,4.0,2.0,0.0,2.0,0.5,0.98,1.0,1e-12,0.737554843664529,0.022156258670037787,0.7349773242630386,0.7240437158469945,0.7528218055520058,0.0,7.067999025103583,,0.10693353352868376,False,False
223,0.0,0.99,4.0,1.6,0.8,1.6,0.5,0.98,1.0,1e-12,0.737109989797056,0.022601112537510737,0.7352607709750567,0.7240437158469945,0.7049994148561959,0.0,7.067999025103583,,0.10701170099131399,False,False
224,0.0,0.99,2.0,4.0,0.0,0.0,0.5,0.98,1.0,1e-12,0.7419915720595907,0.01771953027497608,0.7321428571428571,0.7069672131147541,0.5099454269330259,0.4426229508196721,33.55268502721586,3.5,0.30123556048432565,False,False
225,0.0,0.99,2.0,0.0,0.0,4.0,0.5,0.98,1.0,1e-12,0.7540451742336552,0.005665928100911488,0.7409297052154195,0.7233606557377049,0.8228184561081615,0.09836065573770492,31.92785766512308,0.0,0.4010603136561289,False,False
226,0.0,0.99,2.0,2.0,0.0,2.0,0.5,0.98,1.0,1e-12,0.744290639834849,0.015420462499717735,0.7375283446712019,0.7219945355191256,0.7528218055520058,0.06557377049180328,27.540823787472583,0.0,0.2761295773570759,False,False
227,0.0,0.99,2.0,1.6,0.8,1.6,0.5,0.98,1.0,1e-12,0.7412010706738511,0.01851003166071563,0.7361111111111112,0.7213114754098361,0.7049994148561959,0.09016393442622951,24.291169063287025,0.0,0.2713779101361545,False,False
228,0.0,0.99,-0.0,4.0,0.0,0.0,0.5,0.98,1.0,1e-12,0.7497703810144749,0.009940721320091828,0.711451247165533,0.6461748633879781,0.5099454269330259,0.5409836065573771,43.951580144609636,2.0,0.4868208821467874,True,False
229,0.0,0.99,-0.0,0.0,0.0,4.0,0.5,0.98,1.0,1e-12,0.7688888038111507,-0.009177701476583922,0.7392290249433106,0.7172131147540984,0.8228184561081615,0.21311475409836064,14.54220489073036,0.0,0.639127123608392,True,False
230,0.0,0.99,-0.0,2.0,0.0,2.0,0.5,0.98,1.0,1e-12,0.7579993040275406,0.0017117983070261689,0.7332766439909296,0.7103825136612022,0.7528218055520058,0.2786885245901639,35.17751238930864,0.0,0.5155422158639036,True,False
231,0.0,0.99,-0.0,1.6,0.8,1.6,0.5,0.98,1.0,1e-12,0.7517587762751132,0.007952326059453507,0.7321428571428571,0.703551912568306,0.7049994148561959,0.32786885245901637,35.82744333414575,1.0,0.503261128233901,True,False
232,0.0,0.99,-2.0,4.0,0.0,0.0,0.5,0.98,1.0,1e-12,0.7625275371243776,-0.002816434789810862,0.6669501133786847,0.5443989071038252,0.5099454269330259,0.5655737704918032,37.69599480055244,2.0,0.6725169887836585,True,False
233,0.0,0.99,-2.0,0.0,0.0,4.0,0.5,0.98,1.0,1e-12,0.7869776188582939,-0.027266516523727136,0.7380952380952381,0.7021857923497268,0.8228184561081615,0.36065573770491804,6.336826712161833,0.0,0.7438204587741617,True,False
234,0.0,0.99,-2.0,2.0,0.0,2.0,0.5,0.98,1.0,1e-12,0.7734853933751537,-0.013774291040586917,0.7230725623582765,0.6700819672131147,0.7528218055520058,0.6147540983606558,19.74165244942725,1.0,0.7262735520745776,True,False
235,0.0,0.99,-2.0,1.6,0.8,1.6,0.5,0.98,1.0,1e-12,0.7685646558992834,-0.00885355356471662,0.7137188208616779,0.6489071038251366,0.7049994148561959,0.639344262295082,26.24096189779836,1.0,0.723148213839716,True,False
236,0.0,0.99,-4.0,4.0,0.0,0.0,0.5,0.98,1.0,1e-12,0.7738809232756704,-0.014169820941103639,0.5907029478458049,0.4036885245901639,0.5099454269330259,0.39344262295081966,26.322203265903,3.0,0.819982536309766,True,False
237,0.0,0.99,-4.0,0.0,0.0,4.0,0.5,0.98,1.0,1e-12,0.7969764686043087,-0.03726536626974197,0.7327097505668935,0.6762295081967212,0.8228184561081615,0.6639344262295082,3.8183443009180276,1.0,0.8035191169965473,True,False
238,0.0,0.99,-4.0,2.0,0.0,2.0,0.5,0.98,1.0,1e-12,0.7887739600180282,-0.029062857683461507,0.6879251700680272,0.5737704918032785,0.7528218055520058,0.7540983606557377,9.505240068242749,2.0,0.864957076198938,True,False
239,0.0,0.99,-4.0,1.6,0.8,1.6,0.5,0.98,1.0,1e-12,0.7836803893649389,-0.023969287030372155,0.663548752834467,0.5163934426229508,0.7049994148561959,0.6311475409836066,11.211308798440166,2.0,0.8764021510656518,True,False
240,0.25,0.93,0.5,0.5,0.0,0.0,0.5,0.98,1.0,1e-12,0.759012389613611,0.0006987127209557853,0.7468820861678004,0.7158469945355193,0.5099454269330259,0.2459016393442623,19.172962872694775,3.5,0.5105846288918009,True,False
241,0.25,0.93,0.5,0.0,0.0,0.5,0.5,0.98,1.0,1e-12,0.760987068374004,-0.0012759660394372485,0.7514172335600907,0.7288251366120219,0.8228184561081615,0.0,0.0,,0.5127737013410992,False,False
242,0.25,0.93,0.5,0.25,0.0,0.25,0.5,0.98,1.0,1e-12,0.7599236873685804,-0.00021258503401366813,0.7502834467120181,0.7240437158469945,0.7528218055520058,0.0,7.067999025103583,,0.5093030623598388,False,False
243,0.25,0.93,0.5,0.2,0.1,0.2,0.5,0.98,1.0,1e-12,0.758616611507933,0.0010944908266337094,0.7497165532879819,0.7226775956284154,0.7049994148561959,0.0,7.067999025103583,,0.5089840010559434,False,False
244,0.25,0.93,0.25,0.5,0.0,0.0,0.5,0.98,1.0,1e-12,0.7619684404550001,-0.002257338120433383,0.7460317460317459,0.7103825136612022,0.5099454269330259,0.4426229508196721,33.55268502721586,3.5,0.5495030525430736,True,False
245,0.25,0.93,0.25,0.0,0.0,0.5,0.5,0.98,1.0,1e-12,0.7645407193665648,-0.004829617031998024,0.7505668934240364,0.7219945355191257,0.8228184561081615,0.09836065573770492,31.92785766512308,0.0,0.5520533319751506,False,False
246,0.25,0.93,0.25,0.25,0.0,0.25,0.5,0.98,1.0,1e-12,0.7631648839446767,-0.003453781610110007,0.747732426303855,0.7144808743169399,0.7528218055520058,0.06557377049180328,27.540823787472583,0.0,0.5491564154977094,False,False
247,0.25,0.93,0.25,0.2,0.1,0.2,0.5,0.98,1.0,1e-12,0.7623014903416214,-0.002590388007054689,0.7465986394557823,0.712431693989071,0.7049994148561959,0.09016393442622951,24.291169063287025,0.0,0.5489487022866596,False,False
248,0.25,0.93,-0.0,0.5,0.0,0.0,0.5,0.98,1.0,1e-12,0.7640073981145666,-0.0042962957799999035,0.7448979591836735,0.7062841530054647,0.5099454269330259,0.5409836065573771,43.951580144609636,2.0,0.5895144070115049,True,False
249,0.25,0.93,-0.0,0.0,0.0,0.5,0.5,0.98,1.0,1e-12,0.7674898559125007,-0.007778753577934006,0.7491496598639455,0.7151639344262295,0.8228184561081615,0.21311475409836064,14.54220489073036,0.0,0.5921773880581446,True,False
250,0.25,0.93,-0.0,0.25,0.0,0.25,0.5,0.98,1.0,1e-12,0.7658345105384836,-0.00612340820391688,0.7451814058956916,0.7069672131147541,0.7528218055520058,0.2786885245901639,35.17751238930864,0.0,0.5901380768437486,True,False
251,0.25,0.93,-0.0,0.2,0.1,0.2,0.5,0.98,1.0,1e-12,0.7646582066836083,-0.004947104349041553,0.7446145124716554,0.7056010928961749,0.7049994148561959,0.32786885245901637,35.82744333414575,1.0,0.5900626661005565,True,False
252,0.25,0.93,-0.25,0.5,0.0,0.0,0.5,0.98,1.0,1e-12,0.7664454956732782,-0.0067343933387115085,0.7426303854875284,0.6980874316939891,0.5099454269330259,0.5655737704918032,37.69599480055244,2.0,0.6295690866060305,True,False
253,0.25,0.93,-0.25,0.0,0.0,0.5,0.5,0.98,1.0,1e-12,0.7700227672251739,-0.010311664890607197,0.748015873015873,0.7090163934426229,0.8228184561081615,0.36065573770491804,6.336826712161833,0.0,0.632071912445156,True,False
254,0.25,0.93,-0.25,0.25,0.0,0.25,0.5,0.98,1.0,1e-12,0.767675670979268,-0.007964568644701298,0.7446145124716553,0.7035519125683061,0.7528218055520058,0.6147540983606558,19.74165244942725,1.0,0.6311037840868554,True,False
255,0.25,0.93,-0.25,0.2,0.1,0.2,0.5,0.98,1.0,1e-12,0.767144208394234,-0.007433106059667294,0.743764172335601,0.7021857923497269,0.7049994148561959,0.639344262295082,26.24096189779836,1.0,0.631169612678134,True,False
256,0.25,0.93,-0.5,0.5,0.0,0.0,0.5,0.98,1.0,1e-12,0.7682254145321393,-0.008514312197572593,0.7372448979591837,0.6844262295081968,0.5099454269330259,0.39344262295081966,26.322203265903,3.0,0.6686102172335777,True,False
257,0.25,0.93,-0.5,0.0,0.0,0.5,0.5,0.98,1.0,1e-12,0.7726547440789501,-0.012943641744383338,0.7437641723356009,0.700136612021858,0.8228184561081615,0.6639344262295082,3.8183443009180276,1.0,0.670711033982628,True,False
258,0.25,0.93,-0.5,0.25,0.0,0.25,0.5,0.98,1.0,1e-12,0.7699767452699989,-0.010265642935432195,0.7423469387755102,0.6974043715846995,0.7528218055520058,0.7540983606557377,9.505240068242749,2.0,0.670913014590811,True,False
259,0.25,0.93,-0.5,0.2,0.1,0.2,0.5,0.98,1.0,1e-12,0.7687067465297621,-0.008995644195195385,0.7414965986394558,0.694672131147541,0.7049994148561959,0.6311475409836066,11.211308798440166,2.0,0.6711148489530123,True,False
260,0.25,0.93,1.0,1.0,0.0,0.0,0.5,0.98,1.0,1e-12,0.7563258255341948,0.003385276800371928,0.7488662131519275,0.7233606557377049,0.5099454269330259,0.2459016393442623,19.172962872694775,3.5,0.45340708578818717,True,False
261,0.25,0.93,1.0,0.0,0.0,1.0,0.5,0.98,1.0,1e-12,0.7585497106136564,0.001161391720910343,0.7519841269841269,0.735655737704918,0.8228184561081615,0.0,0.0,,0.4610055100292502,False,False
262,0.25,0.93,1.0,0.5,0.0,0.5,0.5,0.98,1.0,1e-12,0.7574927527427887,0.002218349591778024,0.7519841269841269,0.7342896174863388,0.7528218055520058,0.0,7.067999025103583,,0.44708592277123704,False,False
263,0.25,0.93,1.0,0.4,0.2,0.4,0.5,0.98,1.0,1e-12,0.7559838353928574,0.0037272669417093285,0.7511337868480726,0.7315573770491803,0.7049994148561959,0.0,7.067999025103583,,0.4457479464647304,False,False
264,0.25,0.93,0.5,1.0,0.0,0.0,0.5,0.98,1.0,1e-12,0.7588025508934338,0.0009085514411328877,0.7448979591836735,0.7110655737704918,0.5099454269330259,0.4426229508196721,33.55268502721586,3.5,0.5178351625688478,True,False
265,0.25,0.93,0.5,0.0,0.0,1.0,0.5,0.98,1.0,1e-12,0.7626943789785577,-0.0029832766439910063,0.75,0.7281420765027323,0.8228184561081615,0.09836065573770492,31.92785766512308,0.0,0.5304839513462895,False,False
266,0.25,0.93,0.5,0.5,0.0,0.5,0.5,0.98,1.0,1e-12,0.760168553833685,-0.00045745149911824434,0.7502834467120182,0.7267759562841529,0.7528218055520058,0.06557377049180328,27.540823787472583,0.0,0.515887676172948,False,False
267,0.25,0.93,0.5,0.4,0.2,0.4,0.5,0.98,1.0,1e-12,0.7587801207801517,0.0009309815544150668,0.7497165532879819,0.7254098360655737,0.7049994148561959,0.09016393442622951,24.291169063287025,0.0,0.5148106674984586,False,False
268,0.25,0.93,-0.0,1.0,0.0,0.0,0.5,0.98,1.0,1e-12,0.7629582662098635,-0.003247163875296777,0.7409297052154195,0.6994535519125682,0.5099454269330259,0.5409836065573771,43.951580144609636,2.0,0.5879309177555505,True,False
269,0.25,0.93,-0.0,0.0,0.0,1.0,0.5,0.98,1.0,1e-12,0.7686366246501215,-0.008925522315554768,0.7491496598639455,0.7226775956284153,0.8228184561081615,0.21311475409836064,14.54220489073036,0.0,0.6025289484173042,True,False
270,0.25,0.93,-0.0,0.5,0.0,0.5,0.5,0.98,1.0,1e-12,0.7651647579683601,-0.005453655633793408,0.7443310657596373,0.7090163934426229,0.7528218055520058,0.2786885245901639,35.17751238930864,0.0,0.5909576616950294,True,False
271,0.25,0.93,-0.0,0.4,0.2,0.4,0.5,0.98,1.0,1e-12,0.7647317619341686,-0.005020659599601851,0.7434807256235828,0.7062841530054645,0.7049994148561959,0.32786885245901637,35.82744333414575,1.0,0.5904089052230203,True,False
272,0.25,0.93,-0.5,1.0,0.0,0.0,0.5,0.98,1.0,1e-12,0.766510106089074,-0.00679900375450726,0.7324263038548752,0.6741803278688523,0.5099454269330259,0.5655737704918032,37.69599480055244,2.0,0.6584214573374855,True,False
273,0.25,0.93,-0.5,0.0,0.0,1.0,0.5,0.98,1.0,1e-12,0.7727956325293674,-0.013084530194800714,0.7465986394557823,0.7110655737704918,0.8228184561081615,0.36065573770491804,6.336826712161833,0.0,0.6707884379147285,True,False
274,0.25,0.93,-0.5,0.5,0.0,0.5,0.5,0.98,1.0,1e-12,0.7686992285504447,-0.008988126215877967,0.7395124716553287,0.6939890710382514,0.7528218055520058,0.6147540983606558,19.74165244942725,1.0,0.6656643442079366,True,False
275,0.25,0.93,-0.5,0.4,0.2,0.4,0.5,0.98,1.0,1e-12,0.7680016346980889,-0.008290532363522174,0.7378117913832201,0.6898907103825137,0.7049994148561959,0.639344262295082,26.24096189779836,1.0,0.6658611577513988,True,False
276,0.25,0.93,-1.0,1.0,0.0,0.0,0.5,0.98,1.0,1e-12,0.7703583510400759,-0.01064724870550915,0.7222222222222222,0.6475409836065572,0.5099454269330259,0.39344262295081966,26.322203265903,3.0,0.723917516449903,True,False
277,0.25,0.93,-1.0,0.0,0.0,1.0,0.5,0.98,1.0,1e-12,0.7785389117190702,-0.018827809384503458,0.7409297052154195,0.6892076502732241,0.8228184561081615,0.6639344262295082,3.8183443009180276,1.0,0.7310100315497975,True,False
278,0.25,0.93,-1.0,0.5,0.0,0.5,0.5,0.98,1.0,1e-12,0.7747828848975672,-0.015071782563000458,0.731859410430839,0.6755464480874317,0.7528218055520058,0.7540983606557377,9.505240068242749,2.0,0.7336295889400879,True,False
279,0.25,0.93,-1.0,0.4,0.2,0.4,0.5,0.98,1.0,1e-12,0.7728009768144686,-0.013089874479901842,0.7278911564625851,0.665983606557377,0.7049994148561959,0.6311475409836066,11.211308798440166,2.0,0.7345834893343448,True,False
280,0.25,0.93,2.0,2.0,0.0,0.0,0.5,0.98,1.0,1e-12,0.753763858355843,0.005947243978723704,0.7491496598639455,0.7295081967213116,0.5099454269330259,0.2459016393442623,19.172962872694775,3.5,0.39480540356311145,True,False
281,0.25,0.93,2.0,0.0,0.0,2.0,0.5,0.98,1.0,1e-12,0.7559900339137855,0.0037210684207812372,0.7505668934240363,0.7363387978142076,0.8228184561081615,0.0,0.0,,0.4002824040136487,False,False
282,0.25,0.93,2.0,1.0,0.0,1.0,0.5,0.98,1.0,1e-12,0.7539393662694461,0.005771736065120603,0.7514172335600907,0.735655737704918,0.7528218055520058,0.0,7.067999025103583,,0.3753677701554209,False,False
283,0.25,0.93,2.0,0.8,0.4,0.8,0.5,0.98,1.0,1e-12,0.7534252970053769,0.006285805329189875,0.7505668934240364,0.735655737704918,0.7049994148561959,0.0,7.067999025103583,,0.3732860465691664,False,False
284,0.25,0.93,1.0,2.0,0.0,0.0,0.5,0.98,1.0,1e-12,0.7563402818328041,0.003370820501762628,0.7429138321995465,0.7110655737704918,0.5099454269330259,0.4426229508196721,33.55268502721586,3.5,0.48153101784801405,True,False
285,0.25,0.93,1.0,0.0,0.0,2.0,0.5,0.98,1.0,1e-12,0.7617128350252144,-0.0020017326906476285,0.7514172335600907,0.7349726775956283,0.8228184561081615,0.09836065573770492,31.92785766512308,0.0,0.5184178419184436,False,False
286,0.25,0.93,1.0,1.0,0.0,1.0,0.5,0.98,1.0,1e-12,0.7576281057055225,0.0020829966290442092,0.7497165532879818,0.730191256830601,0.7528218055520058,0.06557377049180328,27.540823787472583,0.0,0.4739822015415279,False,False
287,0.25,0.93,1.0,0.8,0.4,0.8,0.5,0.98,1.0,1e-12,0.756750995602222,0.002960106732344703,0.7482993197278912,0.7274590163934426,0.7049994148561959,0.09016393442622951,24.291169063287025,0.0,0.4710807837357063,False,False
288,0.25,0.93,-0.0,2.0,0.0,0.0,0.5,0.98,1.0,1e-12,0.7610276075827762,-0.0013165052482094763,0.731859410430839,0.6823770491803278,0.5099454269330259,0.5409836065573771,43.951580144609636,2.0,0.585421179362186,True,False
289,0.25,0.93,-0.0,0.0,0.0,2.0,0.5,0.98,1.0,1e-12,0.7704055158876895,-0.010694413553122728,0.7474489795918368,0.7226775956284153,0.8228184561081615,0.21311475409836064,14.54220489073036,0.0,0.636527147244419,True,False
290,0.25,0.93,-0.0,1.0,0.0,1.0,0.5,0.98,1.0,1e-12,0.7639675987041583,-0.004256496369591578,0.7440476190476191,0.7151639344262296,0.7528218055520058,0.2786885245901639,35.17751238930864,0.0,0.5948950575490458,True,False
291,0.25,0.93,-0.0,0.8,0.4,0.8,0.5,0.98,1.0,1e-12,0.7624137501578286,-0.0027026478232619056,0.7412131519274378,0.7090163934426229,0.7049994148561959,0.32786885245901637,35.82744333414575,1.0,0.5919555250322196,True,False
292,0.25,0.93,-1.0,2.0,0.0,0.0,0.5,0.98,1.0,1e-12,0.7673070306093694,-0.00759592827480271,0.7162698412698413,0.639344262295082,0.5099454269330259,0.5655737704918032,37.69599480055244,2.0,0.6903223161497536,True,False
293,0.25,0.93,-1.0,0.0,0.0,2.0,0.5,0.98,1.0,1e-12,0.7789036680703604,-0.019192565735793643,0.7446145124716554,0.7083333333333334,0.8228184561081615,0.36065573770491804,6.336826712161833,0.0,0.7250759578050796,True,False
294,0.25,0.93,-1.0,1.0,0.0,1.0,0.5,0.98,1.0,1e-12,0.7730360348217749,-0.013324932487208119,0.7329931972789115,0.6823770491803278,0.7528218055520058,0.6147540983606558,19.74165244942725,1.0,0.711442546818259,True,False
295,0.25,0.93,-1.0,0.8,0.4,0.8,0.5,0.98,1.0,1e-12,0.769695684637753,-0.009984582303186218,0.7287414965986394,0.6755464480874316,0.7049994148561959,0.639344262295082,26.24096189779836,1.0,0.7111324066642387,True,False
296,0.25,0.93,-2.0,2.0,0.0,0.0,0.5,0.98,1.0,1e-12,0.7734188357315078,-0.01370773339694109,0.691609977324263,0.5737704918032787,0.5099454269330259,0.39344262295081966,26.322203265903,3.0,0.7801778988899063,True,False
297,0.25,0.93,-2.0,0.0,0.0,2.0,0.5,0.98,1.0,1e-12,0.7848584586322888,-0.025147356297722023,0.7392290249433107,0.6844262295081968,0.8228184561081615,0.6639344262295082,3.8183443009180276,1.0,0.785968238760841,True,False
298,0.25,0.93,-2.0,1.0,0.0,1.0,0.5,0.98,1.0,1e-12,0.780477660945095,-0.02076655861052823,0.7193877551020408,0.6407103825136612,0.7528218055520058,0.7540983606557377,9.505240068242749,2.0,0.8030422906467778,True,False
299,0.25,0.93,-2.0,0.8,0.4,0.8,0.5,0.98,1.0,1e-12,0.7774312770118114,-0.017720174677244627,0.7106009070294785,0.6209016393442623,0.7049994148561959,0.6311475409836066,11.211308798440166,2.0,0.806250381267415,True,False
300,0.25,0.93,4.0,4.0,0.0,0.0,0.5,0.98,1.0,1e-12,0.7525946406687681,0.007116461665798601,0.7485827664399093,0.7322404371584699,0.5099454269330259,0.2459016393442623,19.172962872694775,3.5,0.35927224826327187,True,False
301,0.25,0.93,4.0,0.0,0.0,4.0,0.5,0.98,1.0,1e-12,0.7533434839771352,0.006367618357431493,0.7505668934240363,0.7370218579234972,0.8228184561081615,0.0,0.0,,0.3333278987924547,False,False
302,0.25,0.93,4.0,2.0,0.0,2.0,0.5,0.98,1.0,1e-12,0.7522560793183021,0.007455023016264661,0.75,0.7370218579234972,0.7528218055520058,0.0,7.067999025103583,,0.3234492957570757,False,False
303,0.25,0.93,4.0,1.6,0.8,1.6,0.5,0.98,1.0,1e-12,0.7518309092502748,0.007880193084291887,0.75,0.7370218579234972,0.7049994148561959,0.0,7.067999025103583,,0.32350298653948834,False,False
304,0.25,0.93,2.0,4.0,0.0,0.0,0.5,0.98,1.0,1e-12,0.754091392198571,0.005619710135995715,0.7409297052154196,0.7096994535519127,0.5099454269330259,0.4426229508196721,33.55268502721586,3.5,0.4569092738680217,True,False
305,0.25,0.93,2.0,0.0,0.0,4.0,0.5,0.98,1.0,1e-12,0.7600412392226713,-0.00033013688810457076,0.75,0.7349726775956283,0.8228184561081615,0.09836065573770492,31.92785766512308,0.0,0.525475770996129,False,False
306,0.25,0.93,2.0,2.0,0.0,2.0,0.5,0.98,1.0,1e-12,0.7547042360003297,0.005006866334237081,0.7485827664399093,0.7315573770491803,0.7528218055520058,0.06557377049180328,27.540823787472583,0.0,0.4396647602048602,False,False
307,0.25,0.93,2.0,1.6,0.8,1.6,0.5,0.98,1.0,1e-12,0.7537494020572337,0.005961700277333004,0.7480158730158731,0.7295081967213115,0.7049994148561959,0.09016393442622951,24.291169063287025,0.0,0.43640098878038897,False,False
308,0.25,0.93,-0.0,4.0,0.0,0.0,0.5,0.98,1.0,1e-12,0.7605953513469486,-0.0008842490123818214,0.7216553287981861,0.6584699453551912,0.5099454269330259,0.5409836065573771,43.951580144609636,2.0,0.5843820200604196,True,False
309,0.25,0.93,-0.0,0.0,0.0,4.0,0.5,0.98,1.0,1e-12,0.7731747519247776,-0.013463649590210847,0.7465986394557823,0.7226775956284154,0.8228184561081615,0.21311475409836064,14.54220489073036,0.0,0.6889964081350571,True,False
310,0.25,0.93,-0.0,2.0,0.0,2.0,0.5,0.98,1.0,1e-12,0.7642014949828542,-0.0044903926482874335,0.7429138321995465,0.7172131147540984,0.7528218055520058,0.2786885245901639,35.17751238930864,0.0,0.6041098048358126,True,False
311,0.25,0.93,-0.0,1.6,0.8,1.6,0.5,0.98,1.0,1e-12,0.7603701686812897,-0.0006590663467229696,0.7392290249433107,0.7062841530054644,0.7049994148561959,0.32786885245901637,35.82744333414575,1.0,0.5956743103020734,True,False
312,0.25,0.93,-2.0,4.0,0.0,0.0,0.5,0.98,1.0,1e-12,0.7685257798935949,-0.008814677559028206,0.6955782312925171,0.5935792349726775,0.5099454269330259,0.5655737704918032,37.69599480055244,2.0,0.7119308609827149,True,False
313,0.25,0.93,-2.0,0.0,0.0,4.0,0.5,0.98,1.0,1e-12,0.7839658138749874,-0.024254711540420693,0.7414965986394558,0.7056010928961749,0.8228184561081615,0.36065573770491804,6.336826712161833,0.0,0.7609069817842727,True,False
314,0.25,0.93,-2.0,2.0,0.0,2.0,0.5,0.98,1.0,1e-12,0.7755957161016942,-0.015884613767127465,0.7267573696145125,0.6721311475409835,0.7528218055520058,0.6147540983606558,19.74165244942725,1.0,0.748854561020922,True,False
315,0.25,0.93,-2.0,1.6,0.8,1.6,0.5,0.98,1.0,1e-12,0.7714632898279772,-0.011752187493410449,0.7193877551020408,0.6543715846994536,0.7049994148561959,0.639344262295082,26.24096189779836,1.0,0.7467078640515221,True,False
316,0.25,0.93,-4.0,4.0,0.0,0.0,0.5,0.98,1.0,1e-12,0.775911551580103,-0.01620044924553632,0.6618480725623583,0.5081967213114754,0.5099454269330259,0.39344262295081966,26.322203265903,3.0,0.8132203279703444,True,False
317,0.25,0.93,-4.0,0.0,0.0,4.0,0.5,0.98,1.0,1e-12,0.7897368914869121,-0.030025789152345328,0.7361111111111112,0.6782786885245902,0.8228184561081615,0.6639344262295082,3.8183443009180276,1.0,0.8019121207653053,True,False
318,0.25,0.93,-4.0,2.0,0.0,2.0,0.5,0.98,1.0,1e-12,0.7852305205773406,-0.025519418242773817,0.7018140589569162,0.5956284153005464,0.7528218055520058,0.7540983606557377,9.505240068242749,2.0,0.8441119311265433,True,False
319,0.25,0.93,-4.0,1.6,0.8,1.6,0.5,0.98,1.0,1e-12,0.7820940945555761,-0.022382992221009368,0.6882086167800453,0.5635245901639344,0.7049994148561959,0.6311475409836066,11.211308798440166,2.0,0.851973194671357,True,False
320,0.25,0.97,0.5,0.5,0.0,0.0,0.5,0.98,1.0,1e-12,0.760075314783679,-0.0003642124491122223,0.7465986394557823,0.7131147540983607,0.5099454269330259,0.2459016393442623,19.172962872694775,3.5,0.5259131364736714,True,False
321,0.25,0.97,0.5,0.0,0.0,0.5,0.5,0.98,1.0,1e-12,0.7622692089105305,-0.002558106575963781,0.7502834467120181,0.7254098360655737,0.8228184561081615,0.0,0.0,,0.5282309778905757,False,False
322,0.25,0.97,0.5,0.25,0.0,0.25,0.5,0.98,1.0,1e-12,0.7615574427225739,-0.0018463403880071283,0.7491496598639455,0.7206284153005463,0.7528218055520058,0.0,7.067999025103583,,0.5245561836751234,False,False
323,0.25,0.97,0.5,0.2,0.1,0.2,0.5,0.98,1.0,1e-12,0.7599433711680261,-0.00023226883345939253,0.7480158730158731,0.7172131147540983,0.7049994148561959,0.0,7.067999025103583,,0.5242183540592341,False,False
324,0.25,0.97,0.25,0.5,0.0,0.0,0.5,0.98,1.0,1e-12,0.7624825097190694,-0.0027714073845026554,0.7454648526077098,0.7076502732240438,0.5099454269330259,0.4426229508196721,33.55268502721586,3.5,0.5671208791632544,True,False
325,0.25,0.97,0.25,0.0,0.0,0.5,0.5,0.98,1.0,1e-12,0.766466298341324,-0.006755196006757225,0.75,0.7199453551912568,0.8228184561081615,0.09836065573770492,31.92785766512308,0.0,0.5698211750325124,False,False
326,0.25,0.97,0.25,0.25,0.0,0.25,0.5,0.98,1.0,1e-12,0.7640007677821218,-0.004289665447555047,0.7465986394557823,0.712431693989071,0.7528218055520058,0.06557377049180328,27.540823787472583,0.0,0.566753851703457,False,False
327,0.25,0.97,0.25,0.2,0.1,0.2,0.5,0.98,1.0,1e-12,0.7635625442470937,-0.003851441912526954,0.7446145124716554,0.7069672131147541,0.7049994148561959,0.09016393442622951,24.291169063287025,0.0,0.5665339200682278,False,False
328,0.25,0.97,-0.0,0.5,0.0,0.0,0.5,0.98,1.0,1e-12,0.7659206634206891,-0.006209561086122362,0.7437641723356009,0.7021857923497268,0.5099454269330259,0.5409836065573771,43.951580144609636,2.0,0.609485842718064,True,False
329,0.25,0.97,-0.0,0.0,0.0,0.5,0.5,0.98,1.0,1e-12,0.7680976200619314,-0.00838651772736465,0.747732426303855,0.7117486338797814,0.8228184561081615,0.21311475409836064,14.54220489073036,0.0,0.6123054697086237,True,False
330,0.25,0.97,-0.0,0.25,0.0,0.25,0.5,0.98,1.0,1e-12,0.7671835759931255,-0.007472473658558743,0.7434807256235827,0.7028688524590164,0.7528218055520058,0.2786885245901639,35.17751238930864,0.0,0.6101461990110278,True,False
331,0.25,0.97,-0.0,0.2,0.1,0.2,0.5,0.98,1.0,1e-12,0.7664722656405244,-0.006761163305957663,0.7434807256235827,0.7028688524590164,0.7049994148561959,0.32786885245901637,35.82744333414575,1.0,0.6100663523417656,True,False
332,0.25,0.97,-0.25,0.5,0.0,0.0,0.5,0.98,1.0,1e-12,0.766962501959703,-0.007251399625136212,0.7406462585034014,0.6939890710382512,0.5099454269330259,0.5655737704918032,37.69599480055244,2.0,0.651896679935797,True,False
333,0.25,0.97,-0.25,0.0,0.0,0.5,0.5,0.98,1.0,1e-12,0.7716290368373958,-0.011917934502829075,0.7460317460317459,0.706967213114754,0.8228184561081615,0.36065573770491804,6.336826712161833,0.0,0.6545467308242828,True,False
334,0.25,0.97,-0.25,0.25,0.0,0.25,0.5,0.98,1.0,1e-12,0.7683012602611806,-0.008590157926613884,0.7429138321995465,0.6994535519125684,0.7528218055520058,0.6147540983606558,19.74165244942725,1.0,0.6535216537390234,True,False
335,0.25,0.97,-0.25,0.2,0.1,0.2,0.5,0.98,1.0,1e-12,0.7680834477263305,-0.008372345391763791,0.7426303854875284,0.6994535519125684,0.7049994148561959,0.639344262295082,26.24096189779836,1.0,0.653591354600377,True,False
336,0.25,0.97,-0.5,0.5,0.0,0.0,0.5,0.98,1.0,1e-12,0.7687241398507269,-0.009013037516160116,0.7324263038548753,0.6728142076502731,0.5099454269330259,0.39344262295081966,26.322203265903,3.0,0.6932343476590822,True,False
337,0.25,0.97,-0.5,0.0,0.0,0.5,0.5,0.98,1.0,1e-12,0.7739559053816777,-0.014244803047110954,0.7417800453514739,0.6953551912568307,0.8228184561081615,0.6639344262295082,3.8183443009180276,1.0,0.6954587418639591,True,False
338,0.25,0.97,-0.5,0.25,0.0,0.25,0.5,0.98,1.0,1e-12,0.7717357611659196,-0.012024658831352841,0.7389455782312925,0.6885245901639344,0.7528218055520058,0.7540983606557377,9.505240068242749,2.0,0.695672603684388,True,False
339,0.25,0.97,-0.5,0.2,0.1,0.2,0.5,0.98,1.0,1e-12,0.7711530491248741,-0.011441946790307411,0.7392290249433106,0.6885245901639344,0.7049994148561959,0.6311475409836066,11.211308798440166,2.0,0.6958863106561306,True,False
340,0.25,0.97,1.0,1.0,0.0,0.0,0.5,0.98,1.0,1e-12,0.7565454967360089,0.00316560559855783,0.747732426303855,0.7206284153005464,0.5099454269330259,0.2459016393442623,19.172962872694775,3.5,0.46537220848160993,True,False
341,0.25,0.97,1.0,0.0,0.0,1.0,0.5,0.98,1.0,1e-12,0.759293758232704,0.00041734410186278215,0.752267573696145,0.7349726775956285,0.8228184561081615,0.0,0.0,,0.4734175988545003,False,False
342,0.25,0.97,1.0,0.5,0.0,0.5,0.5,0.98,1.0,1e-12,0.7572671142417743,0.0024439880927924484,0.7519841269841269,0.7336065573770492,0.7528218055520058,0.0,7.067999025103583,,0.45867921234601566,False,False
343,0.25,0.97,1.0,0.4,0.2,0.4,0.5,0.98,1.0,1e-12,0.75694389683679,0.002767205497776759,0.7508503401360545,0.7308743169398906,0.7049994148561959,0.0,7.067999025103583,,0.457262531550891,False,False
344,0.25,0.97,0.5,1.0,0.0,0.0,0.5,0.98,1.0,1e-12,0.7591143422766538,0.0005967600579129817,0.7426303854875282,0.7069672131147541,0.5099454269330259,0.4426229508196721,33.55268502721586,3.5,0.5335901721317211,True,False
345,0.25,0.97,0.5,0.0,0.0,1.0,0.5,0.98,1.0,1e-12,0.7642958529014602,-0.004584750566893447,0.75,0.726775956284153,0.8228184561081615,0.09836065573770492,31.92785766512308,0.0,0.5469830073078358,False,False
346,0.25,0.97,0.5,0.5,0.0,0.5,0.5,0.98,1.0,1e-12,0.7609055152849321,-0.0011944129503653755,0.7505668934240364,0.7260928961748634,0.7528218055520058,0.06557377049180328,27.540823787472583,0.0,0.5315281277125331,False,False
347,0.25,0.97,0.5,0.4,0.2,0.4,0.5,0.98,1.0,1e-12,0.759543852198645,0.0001672501359217815,0.7485827664399093,0.7226775956284153,0.7049994148561959,0.09016393442622951,24.291169063287025,0.0,0.5303877655866033,False,False
348,0.25,0.97,-0.0,1.0,0.0,0.0,0.5,0.98,1.0,1e-12,0.763481902828733,-0.0037708004941662265,0.7378117913832198,0.6919398907103825,0.5099454269330259,0.5409836065573771,43.951580144609636,2.0,0.6078092070352887,True,False
349,0.25,0.97,-0.0,0.0,0.0,1.0,0.5,0.98,1.0,1e-12,0.770678371483535,-0.010967269148968284,0.7491496598639455,0.7206284153005463,0.8228184561081615,0.21311475409836064,14.54220489073036,0.0,0.623265945383028,True,False
350,0.25,0.97,-0.0,0.5,0.0,0.5,0.5,0.98,1.0,1e-12,0.7666383969078461,-0.006927294573279341,0.7426303854875282,0.7049180327868854,0.7528218055520058,0.2786885245901639,35.17751238930864,0.0,0.6110139947359134,True,False
351,0.25,0.97,-0.0,0.4,0.2,0.4,0.5,0.98,1.0,1e-12,0.7649443469681821,-0.005233244633615408,0.7406462585034014,0.6987704918032788,0.7049994148561959,0.32786885245901637,35.82744333414575,1.0,0.6104329584714332,True,False
352,0.25,0.97,-0.5,1.0,0.0,0.0,0.5,0.98,1.0,1e-12,0.767587203594743,-0.007876101260176238,0.7293083900226758,0.663934426229508,0.5099454269330259,0.5655737704918032,37.69599480055244,2.0,0.6824462489455727,True,False
353,0.25,0.97,-0.5,0.0,0.0,1.0,0.5,0.98,1.0,1e-12,0.7753532832699757,-0.015642180935408923,0.7451814058956916,0.7076502732240437,0.8228184561081615,0.36065573770491804,6.336826712161833,0.0,0.6955406989685361,True,False
354,0.25,0.97,-0.5,0.5,0.0,0.5,0.5,0.98,1.0,1e-12,0.7702193212566225,-0.010508218922055779,0.7380952380952381,0.6912568306010929,0.7528218055520058,0.6147540983606558,19.74165244942725,1.0,0.6901151879848738,True,False
355,0.25,0.97,-0.5,0.4,0.2,0.4,0.5,0.98,1.0,1e-12,0.7685929360334378,-0.008881833698871078,0.7363945578231292,0.6864754098360657,0.7049994148561959,0.639344262295082,26.24096189779836,1.0,0.6903235787955985,True,False
356,0.25,0.97,-1.0,1.0,0.0,0.0,0.5,0.98,1.0,1e-12,0.7720500864774202,-0.012338984142853504,0.7117346938775511,0.6236338797814208,0.5099454269330259,0.39344262295081966,26.322203265903,3.0,0.7517950174175443,True,False
357,0.25,0.97,-1.0,0.0,0.0,1.0,0.5,0.98,1.0,1e-12,0.7797718333388965,-0.020060731004329813,0.7395124716553289,0.6830601092896176,0.8228184561081615,0.6639344262295082,3.8183443009180276,1.0,0.7593047392880209,True,False
358,0.25,0.97,-1.0,0.5,0.0,0.5,0.5,0.98,1.0,1e-12,0.7775170983773946,-0.017805996042827843,0.7290249433106575,0.6646174863387978,0.7528218055520058,0.7540983606557377,9.505240068242749,2.0,0.7620783882895047,True,False
359,0.25,0.97,-1.0,0.4,0.2,0.4,0.5,0.98,1.0,1e-12,0.7754135538318075,-0.01570245149724081,0.7253401360544217,0.6571038251366119,0.7049994148561959,0.6311475409836066,11.211308798440166,2.0,0.763088400471659,True,False
360,0.25,0.97,2.0,2.0,0.0,0.0,0.5,0.98,1.0,1e-12,0.7539764433898566,0.005734658944710147,0.7480158730158731,0.726775956284153,0.5099454269330259,0.2459016393442623,19.172962872694775,3.5,0.4033233684785885,True,False
361,0.25,0.97,2.0,0.0,0.0,2.0,0.5,0.98,1.0,1e-12,0.755870687929778,0.0038404144047887723,0.7505668934240363,0.7363387978142076,0.8228184561081615,0.0,0.0,,0.4091225454262162,False,False
362,0.25,0.97,2.0,1.0,0.0,1.0,0.5,0.98,1.0,1e-12,0.7541448651356594,0.0055662371989073645,0.7514172335600907,0.735655737704918,0.7528218055520058,0.0,7.067999025103583,,0.3827423448704456,False,False
363,0.25,0.97,2.0,0.8,0.4,0.8,0.5,0.98,1.0,1e-12,0.7537441745563973,0.0059669277781694285,0.7508503401360545,0.7349726775956285,0.7049994148561959,0.0,7.067999025103583,,0.38053816695558795,False,False
364,0.25,0.97,1.0,2.0,0.0,0.0,0.5,0.98,1.0,1e-12,0.7569884919365177,0.002722610398048997,0.7414965986394558,0.706967213114754,0.5099454269330259,0.4426229508196721,33.55268502721586,3.5,0.49515048948613244,True,False
365,0.25,0.97,1.0,0.0,0.0,2.0,0.5,0.98,1.0,1e-12,0.7627631625636371,-0.0030520602290703414,0.7505668934240364,0.7329234972677595,0.8228184561081615,0.09836065573770492,31.92785766512308,0.0,0.5342071267371756,False,False
366,0.25,0.97,1.0,1.0,0.0,1.0,0.5,0.98,1.0,1e-12,0.7588147167135622,0.0008963856210045806,0.7491496598639455,0.7295081967213115,0.7528218055520058,0.06557377049180328,27.540823787472583,0.0,0.48715762516161776,False,False
367,0.25,0.97,1.0,0.8,0.4,0.8,0.5,0.98,1.0,1e-12,0.7569635806362357,0.0027475216983310347,0.7485827664399093,0.7274590163934426,0.7049994148561959,0.09016393442622951,24.291169063287025,0.0,0.4840855357201595,False,False
368,0.25,0.97,-0.0,2.0,0.0,0.0,0.5,0.98,1.0,1e-12,0.7609409988652152,-0.0012298965306484222,0.7273242630385487,0.671448087431694,0.5099454269330259,0.5409836065573771,43.951580144609636,2.0,0.6051518369717264,True,False
369,0.25,0.97,-0.0,0.0,0.0,2.0,0.5,0.98,1.0,1e-12,0.7723251275632484,-0.012614025228681713,0.7471655328798186,0.7206284153005463,0.8228184561081615,0.21311475409836064,14.54220489073036,0.0,0.6592640382587965,True,False
370,0.25,0.97,-0.0,1.0,0.0,1.0,0.5,0.98,1.0,1e-12,0.7651152739248234,-0.0054041715902566345,0.7420634920634921,0.7110655737704918,0.7528218055520058,0.2786885245901639,35.17751238930864,0.0,0.6151830021107542,True,False
371,0.25,0.97,-0.0,0.8,0.4,0.8,0.5,0.98,1.0,1e-12,0.7628047801278007,-0.0030936777932339954,0.7392290249433106,0.7042349726775958,0.7049994148561959,0.32786885245901637,35.82744333414575,1.0,0.6120705559164678,True,False
372,0.25,0.97,-1.0,2.0,0.0,0.0,0.5,0.98,1.0,1e-12,0.7688817345650258,-0.009170632230459108,0.7029478458049885,0.6058743169398906,0.5099454269330259,0.5655737704918032,37.69599480055244,2.0,0.7162236288644449,True,False
373,0.25,0.97,-1.0,0.0,0.0,2.0,0.5,0.98,1.0,1e-12,0.7806267257144707,-0.020915623379903936,0.7426303854875282,0.7021857923497268,0.8228184561081615,0.36065573770491804,6.336826712161833,0.0,0.753021602381849,True,False
374,0.25,0.97,-1.0,1.0,0.0,1.0,0.5,0.98,1.0,1e-12,0.7740835731863506,-0.014372470851783836,0.7295918367346939,0.6734972677595628,0.7528218055520058,0.6147540983606558,19.74165244942725,1.0,0.7385862260428625,True,False
375,0.25,0.97,-1.0,0.8,0.4,0.8,0.5,0.98,1.0,1e-12,0.7711636402410469,-0.011452537906480154,0.7250566893424036,0.6646174863387978,0.7049994148561959,0.639344262295082,26.24096189779836,1.0,0.7382578423503703,True,False
376,0.25,0.97,-2.0,2.0,0.0,0.0,0.5,0.98,1.0,1e-12,0.7749263308060403,-0.015215228471473607,0.6660997732426304,0.5116120218579235,0.5099454269330259,0.39344262295081966,26.322203265903,3.0,0.8113648341187243,True,False
377,0.25,0.97,-2.0,0.0,0.0,2.0,0.5,0.98,1.0,1e-12,0.7891809494131129,-0.029469847078546163,0.7355442176870748,0.674863387978142,0.8228184561081615,0.6639344262295082,3.8183443009180276,1.0,0.8174957822173611,True,False
378,0.25,0.97,-2.0,1.0,0.0,1.0,0.5,0.98,1.0,1e-12,0.7826005050322247,-0.022889402697657935,0.7108843537414966,0.6174863387978141,0.7528218055520058,0.7540983606557377,9.505240068242749,2.0,0.8355741900965882,True,False
379,0.25,0.97,-2.0,0.8,0.4,0.8,0.5,0.98,1.0,1e-12,0.7806717337895437,-0.020960631454976952,0.7009637188208616,0.5983606557377049,0.7049994148561959,0.6311475409836066,11.211308798440166,2.0,0.8389709919302041,True,False
380,0.25,0.97,4.0,4.0,0.0,0.0,0.5,0.98,1.0,1e-12,0.752700933185775,0.007010169148791712,0.7474489795918368,0.7288251366120218,0.5099454269330259,0.2459016393442623,19.172962872694775,3.5,0.3657000275728761,True,False
381,0.25,0.97,4.0,0.0,0.0,4.0,0.5,0.98,1.0,1e-12,0.7536623615281557,0.006048740806411046,0.7505668934240363,0.7370218579234972,0.8228184561081615,0.0,0.0,,0.3382295398978932,False,False
382,0.25,0.97,4.0,2.0,0.0,2.0,0.5,0.98,1.0,1e-12,0.7523623718353089,0.007348730499257883,0.75,0.7370218579234972,0.7528218055520058,0.0,7.067999025103583,,0.3277698425663155,False,False
383,0.25,0.97,4.0,1.6,0.8,1.6,0.5,0.98,1.0,1e-12,0.7519372017672816,0.007773900567285108,0.75,0.7370218579234972,0.7049994148561959,0.0,7.067999025103583,,0.3278266916300465,False,False
384,0.25,0.97,2.0,4.0,0.0,0.0,0.5,0.98,1.0,1e-12,0.755067708651078,0.004643393683488761,0.7395124716553287,0.7062841530054644,0.5099454269330259,0.4426229508196721,33.55268502721586,3.5,0.4690804076249641,True,False
385,0.25,0.97,2.0,0.0,0.0,4.0,0.5,0.98,1.0,1e-12,0.7614216391121512,-0.0017105367775844815,0.7491496598639455,0.7336065573770492,0.8228184561081615,0.09836065573770492,31.92785766512308,0.0,0.5416802281135482,False,False
386,0.25,0.97,2.0,2.0,0.0,2.0,0.5,0.98,1.0,1e-12,0.7555598036372205,0.004151298697346206,0.7485827664399093,0.7308743169398908,0.7528218055520058,0.06557377049180328,27.540823787472583,0.0,0.45082151080514615,False,False
387,0.25,0.97,2.0,1.6,0.8,1.6,0.5,0.98,1.0,1e-12,0.7536234257407812,0.006087676593785507,0.7474489795918368,0.7281420765027323,0.7049994148561959,0.09016393442622951,24.291169063287025,0.0,0.4473657528262942,False,False
388,0.25,0.97,-0.0,4.0,0.0,0.0,0.5,0.98,1.0,1e-12,0.761445691483003,-0.0017345891484362719,0.7137188208616779,0.6386612021857923,0.5099454269330259,0.5409836065573771,43.951580144609636,2.0,0.6040515506522091,True,False
389,0.25,0.97,-0.0,0.0,0.0,4.0,0.5,0.98,1.0,1e-12,0.7753577662788446,-0.015646663944277828,0.7465986394557823,0.7219945355191257,0.8228184561081615,0.21311475409836064,14.54220489073036,0.0,0.7148197262606487,True,False
390,0.25,0.97,-0.0,2.0,0.0,2.0,0.5,0.98,1.0,1e-12,0.766431779173033,-0.006720676838466222,0.7406462585034014,0.7117486338797815,0.7528218055520058,0.2786885245901639,35.17751238930864,0.0,0.6249397933555663,True,False
391,0.25,0.97,-0.0,1.6,0.8,1.6,0.5,0.98,1.0,1e-12,0.7622689776888029,-0.0025578753542361277,0.7372448979591837,0.7015027322404372,0.7049994148561959,0.32786885245901637,35.82744333414575,1.0,0.6160080932610189,True,False
392,0.25,0.97,-2.0,4.0,0.0,0.0,0.5,0.98,1.0,1e-12,0.7699272664141291,-0.010216164079562384,0.6712018140589568,0.537568306010929,0.5099454269330259,0.5655737704918032,37.69599480055244,2.0,0.7391032645699334,True,False
393,0.25,0.97,-2.0,0.0,0.0,4.0,0.5,0.98,1.0,1e-12,0.7883077473522592,-0.028596645017692435,0.7395124716553289,0.6994535519125683,0.8228184561081615,0.36065573770491804,6.336826712161833,0.0,0.7909603336539359,True,False
394,0.25,0.97,-2.0,2.0,0.0,2.0,0.5,0.98,1.0,1e-12,0.7776260369133433,-0.017914934578776576,0.7213718820861678,0.659153005464481,0.7528218055520058,0.6147540983606558,19.74165244942725,1.0,0.778198946963329,True,False
395,0.25,0.97,-2.0,1.6,0.8,1.6,0.5,0.98,1.0,1e-12,0.7734104112691461,-0.01369930893457938,0.7125850340136054,0.6372950819672131,0.7049994148561959,0.639344262295082,26.24096189779836,1.0,0.7759259737016116,True,False
396,0.25,0.97,-4.0,4.0,0.0,0.0,0.5,0.98,1.0,1e-12,0.7780701867402995,-0.01835908440573275,0.6077097505668934,0.4030054644808744,0.5099454269330259,0.39344262295081966,26.322203265903,3.0,0.8463509354980117,True,False
397,0.25,0.97,-4.0,0.0,0.0,4.0,0.5,0.98,1.0,1e-12,0.7961785495341466,-0.03646744719957984,0.7307256235827664,0.665983606557377,0.8228184561081615,0.6639344262295082,3.8183443009180276,1.0,0.8343775396338525,True,False
398,0.25,0.97,-4.0,2.0,0.0,2.0,0.5,0.98,1.0,1e-12,0.78932002675018,-0.029608924415613247,0.6848072562358276,0.5566939890710383,0.7528218055520058,0.7540983606557377,9.505240068242749,2.0,0.8790596917810457,True,False
399,0.25,0.97,-4.0,1.6,0.8,1.6,0.5,0.98,1.0,1e-12,0.7871631381662864,-0.027452035831719623,0.6638321995464852,0.5061475409836066,0.7049994148561959,0.6311475409836066,11.211308798440166,2.0,0.8873833825932014,True,False
400,0.25,0.99,0.5,0.5,0.0,0.0,0.5,0.98,1.0,1e-12,0.7602808136498922,-0.0005697113153254607,0.7463151927437642,0.7124316939890709,0.5099454269330259,0.2459016393442623,19.172962872694775,3.5,0.5335773902646068,True,False
401,0.25,0.99,0.5,0.0,0.0,0.5,0.5,0.98,1.0,1e-12,0.7621629163935237,-0.0024518140589570026,0.7505668934240364,0.7240437158469945,0.8228184561081615,0.0,0.0,,0.5359596161653138,False,False
402,0.25,0.99,0.5,0.25,0.0,0.25,0.5,0.98,1.0,1e-12,0.7615574427225739,-0.0018463403880071283,0.7482993197278912,0.7192622950819673,0.7528218055520058,0.0,7.067999025103583,,0.5321827443327657,False,False
403,0.25,0.99,0.5,0.2,0.1,0.2,0.5,0.98,1.0,1e-12,0.7607071025865194,-0.0009960002519526778,0.7474489795918368,0.7158469945355193,0.7049994148561959,0.0,7.067999025103583,,0.5318355305608795,False,False
404,0.25,0.99,0.25,0.5,0.0,0.0,0.5,0.98,1.0,1e-12,0.7629250731080613,-0.003213970773494612,0.7448979591836735,0.7056010928961749,0.5099454269330259,0.4426229508196721,33.55268502721586,3.5,0.5759297924733449,True,False
405,0.25,0.99,0.25,0.0,0.0,0.5,0.5,0.98,1.0,1e-12,0.7670866601224001,-0.007375557787833387,0.7491496598639455,0.7178961748633881,0.8228184561081615,0.09836065573770492,31.92785766512308,0.0,0.5787050965611933,False,False
406,0.25,0.99,0.25,0.25,0.0,0.25,0.5,0.98,1.0,1e-12,0.7645519141666015,-0.004840811832034775,0.7454648526077097,0.7083333333333333,0.7528218055520058,0.06557377049180328,27.540823787472583,0.0,0.5755525698063308,False,False
407,0.25,0.99,0.25,0.2,0.1,0.2,0.5,0.98,1.0,1e-12,0.7642133528161353,-0.004502250481568604,0.7443310657596371,0.7056010928961749,0.7049994148561959,0.09016393442622951,24.291169063287025,0.0,0.5753265289590118,False,False
408,0.25,0.99,-0.0,0.5,0.0,0.0,0.5,0.98,1.0,1e-12,0.7662395409717095,-0.006528438637142808,0.7429138321995464,0.6994535519125684,0.5099454269330259,0.5409836065573771,43.951580144609636,2.0,0.6194715605713436,True,False
409,0.25,0.99,-0.0,0.0,0.0,0.5,0.5,0.98,1.0,1e-12,0.7692613262851614,-0.009550223950594683,0.7480158730158731,0.7117486338797814,0.8228184561081615,0.21311475409836064,14.54220489073036,0.0,0.6223695105338632,True,False
410,0.25,0.99,-0.0,0.25,0.0,0.25,0.5,0.98,1.0,1e-12,0.7672701847106865,-0.007559082376119797,0.743764172335601,0.7021857923497267,0.7528218055520058,0.2786885245901639,35.17751238930864,0.0,0.6201502600946676,True,False
411,0.25,0.99,-0.0,0.2,0.1,0.2,0.5,0.98,1.0,1e-12,0.7670037282255584,-0.007292625890991666,0.7431972789115646,0.7021857923497267,0.7049994148561959,0.32786885245901637,35.82744333414575,1.0,0.6200681954623702,True,False
412,0.25,0.99,-0.25,0.5,0.0,0.0,0.5,0.98,1.0,1e-12,0.7677065495787506,-0.007995447244183884,0.7383786848072562,0.6878415300546448,0.5099454269330259,0.5655737704918032,37.69599480055244,2.0,0.6630604766006802,True,False
413,0.25,0.99,-0.25,0.0,0.0,0.5,0.5,0.98,1.0,1e-12,0.7722917032397189,-0.012580600905152117,0.7451814058956916,0.7049180327868853,0.8228184561081615,0.36065573770491804,6.336826712161833,0.0,0.6657841400138463,True,False
414,0.25,0.99,-0.25,0.25,0.0,0.25,0.5,0.98,1.0,1e-12,0.7685981635342743,-0.008887061199707613,0.7426303854875284,0.6980874316939892,0.7528218055520058,0.6147540983606558,19.74165244942725,1.0,0.6647305885651074,True,False
415,0.25,0.99,-0.25,0.2,0.1,0.2,0.5,0.98,1.0,1e-12,0.768088675227167,-0.008377572892600216,0.742063492063492,0.6974043715846995,0.7049994148561959,0.639344262295082,26.24096189779836,1.0,0.6648022255614986,True,False
416,0.25,0.99,-0.5,0.5,0.0,0.0,0.5,0.98,1.0,1e-12,0.7693422111533219,-0.009631108818755174,0.7307256235827664,0.6687158469945353,0.5099454269330259,0.39344262295081966,26.322203265903,3.0,0.7055464128718345,True,False
417,0.25,0.99,-0.5,0.0,0.0,0.5,0.5,0.98,1.0,1e-12,0.7752455879213603,-0.0155344855867936,0.7395124716553287,0.6892076502732242,0.8228184561081615,0.6639344262295082,3.8183443009180276,1.0,0.7078325958046248,True,False
418,0.25,0.99,-0.5,0.25,0.0,0.25,0.5,0.98,1.0,1e-12,0.7728160796569523,-0.01310497732238558,0.7397959183673469,0.6892076502732241,0.7528218055520058,0.7540983606557377,9.505240068242749,2.0,0.7080523982311767,True,False
419,0.25,0.99,-0.5,0.2,0.1,0.2,0.5,0.98,1.0,1e-12,0.7720301592281748,-0.012319056893608016,0.7372448979591838,0.6844262295081966,0.7049994148561959,0.6311475409836066,11.211308798440166,2.0,0.7082720415076899,True,False
420,0.25,0.99,1.0,1.0,0.0,0.0,0.5,0.98,1.0,1e-12,0.7568643742870294,0.0028467280475373835,0.7468820861678004,0.7185792349726776,0.5099454269330259,0.2459016393442623,19.172962872694775,3.5,0.4713547698283213,True,False
421,0.25,0.99,1.0,0.0,0.0,1.0,0.5,0.98,1.0,1e-12,0.7596178632845608,9.323905000591104e-05,0.7519841269841269,0.7342896174863388,0.8228184561081615,0.0,0.0,,0.4796236432671253,False,False
422,0.25,0.99,1.0,0.5,0.0,0.5,0.5,0.98,1.0,1e-12,0.7573734067587811,0.00233769557578567,0.7514172335600907,0.7329234972677596,0.7528218055520058,0.0,7.067999025103583,,0.46447585713340495,False,False
423,0.25,0.99,1.0,0.4,0.2,0.4,0.5,0.98,1.0,1e-12,0.7570501893537968,0.0026609129807699805,0.7505668934240363,0.730191256830601,0.7049994148561959,0.0,7.067999025103583,,0.46301982409397135,False,False
424,0.25,0.99,0.5,1.0,0.0,0.0,0.5,0.98,1.0,1e-12,0.7596458048616878,6.529747287897791e-05,0.7429138321995464,0.7069672131147541,0.5099454269330259,0.4426229508196721,33.55268502721586,3.5,0.5414676769131578,True,False
425,0.25,0.99,0.5,0.0,0.0,1.0,0.5,0.98,1.0,1e-12,0.7643824616190212,-0.0046713592844545015,0.7497165532879819,0.7260928961748635,0.8228184561081615,0.09836065573770492,31.92785766512308,0.0,0.555232535288609,False,False
426,0.25,0.99,0.5,0.5,0.0,0.5,0.5,0.98,1.0,1e-12,0.7616637352395806,-0.0019526329050139068,0.7505668934240363,0.7260928961748634,0.7528218055520058,0.06557377049180328,27.540823787472583,0.0,0.5393483534823257,False,False
427,0.25,0.99,0.5,0.4,0.2,0.4,0.5,0.98,1.0,1e-12,0.7599690222666722,-0.00025791993210544373,0.7485827664399093,0.7219945355191256,0.7049994148561959,0.09016393442622951,24.291169063287025,0.0,0.5381763146306756,False,False
428,0.25,0.99,-0.0,1.0,0.0,0.0,0.5,0.98,1.0,1e-12,0.7636944878627466,-0.003983385528179895,0.7355442176870748,0.6864754098360655,0.5099454269330259,0.5409836065573771,43.951580144609636,2.0,0.6177483516751578,True,False
429,0.25,0.99,-0.0,0.0,0.0,1.0,0.5,0.98,1.0,1e-12,0.7712343135573342,-0.011523211222767449,0.7488662131519275,0.7199453551912569,0.8228184561081615,0.21311475409836064,14.54220489073036,0.0,0.6336344438658899,True,False
430,0.25,0.99,-0.0,0.5,0.0,0.5,0.5,0.98,1.0,1e-12,0.7668509819418597,-0.007139879607293009,0.742063492063492,0.7021857923497268,0.7528218055520058,0.2786885245901639,35.17751238930864,0.0,0.6210421612563555,True,False
431,0.25,0.99,-0.0,0.4,0.2,0.4,0.5,0.98,1.0,1e-12,0.7653301494373179,-0.005619047102751185,0.7395124716553289,0.6974043715846995,0.7049994148561959,0.32786885245901637,35.82744333414575,1.0,0.6204449850956397,True,False
432,0.25,0.99,-0.5,1.0,0.0,0.0,0.5,0.98,1.0,1e-12,0.7680123736627702,-0.008301271328203463,0.7259070294784581,0.657103825136612,0.5099454269330259,0.5655737704918032,37.69599480055244,2.0,0.6944586447496165,True,False
433,0.25,0.99,-0.5,0.0,0.0,1.0,0.5,0.98,1.0,1e-12,0.7764774810862108,-0.016766378751644107,0.7440476190476191,0.7028688524590164,0.8228184561081615,0.36065573770491804,6.336826712161833,0.0,0.7079168294954399,True,False
434,0.25,0.99,-0.5,0.5,0.0,0.5,0.5,0.98,1.0,1e-12,0.7710861242067588,-0.011375021872192081,0.7363945578231292,0.6878415300546449,0.7528218055520058,0.6147540983606558,19.74165244942725,1.0,0.7023406098733428,True,False
435,0.25,0.99,-0.5,0.4,0.2,0.4,0.5,0.98,1.0,1e-12,0.7694485036703287,-0.009737401335761953,0.7361111111111112,0.6851092896174863,0.7049994148561959,0.639344262295082,26.24096189779836,1.0,0.7025547893176985,True,False
436,0.25,0.99,-1.0,1.0,0.0,0.0,0.5,0.98,1.0,1e-12,0.773970437951343,-0.01425933561677628,0.703798185941043,0.6038251366120219,0.5099454269330259,0.39344262295081966,26.322203265903,3.0,0.765733767901365,True,False
437,0.25,0.99,-1.0,0.0,0.0,1.0,0.5,0.98,1.0,1e-12,0.7800874899045531,-0.020376387569986387,0.7378117913832201,0.680327868852459,0.8228184561081615,0.6639344262295082,3.8183443009180276,1.0,0.7734520931571324,True,False
438,0.25,0.99,-1.0,0.5,0.0,0.5,0.5,0.98,1.0,1e-12,0.7777152271127988,-0.0180041247782321,0.7278911564625851,0.66051912568306,0.7528218055520058,0.7540983606557377,9.505240068242749,2.0,0.7763027879642133,True,False
439,0.25,0.99,-1.0,0.4,0.2,0.4,0.5,0.98,1.0,1e-12,0.776290663935108,-0.016579561600541304,0.7213718820861679,0.6489071038251365,0.7049994148561959,0.6311475409836066,11.211308798440166,2.0,0.7773408560403162,True,False
440,0.25,0.99,2.0,2.0,0.0,0.0,0.5,0.98,1.0,1e-12,0.7540827359068634,0.0056283664277033685,0.7480158730158731,0.726775956284153,0.5099454269330259,0.2459016393442623,19.172962872694775,3.5,0.4075823509363271,True,False
441,0.25,0.99,2.0,0.0,0.0,2.0,0.5,0.98,1.0,1e-12,0.7560903591315918,0.0036207432029748965,0.7508503401360545,0.7363387978142076,0.8228184561081615,0.0,0.0,,0.4135426161325,False,False
442,0.25,0.99,2.0,1.0,0.0,1.0,0.5,0.98,1.0,1e-12,0.7541448651356594,0.0055662371989073645,0.751984126984127,0.735655737704918,0.7528218055520058,0.0,7.067999025103583,,0.386429632227958,False,False
443,0.25,0.99,2.0,0.8,0.4,0.8,0.5,0.98,1.0,1e-12,0.7537441745563973,0.0059669277781694285,0.7511337868480725,0.735655737704918,0.7049994148561959,0.0,7.067999025103583,,0.3841642271487987,False,False
444,0.25,0.99,1.0,2.0,0.0,0.0,0.5,0.98,1.0,1e-12,0.7569884919365177,0.002722610398048997,0.740079365079365,0.703551912568306,0.5099454269330259,0.4426229508196721,33.55268502721586,3.5,0.5019602253051917,True,False
445,0.25,0.99,1.0,0.0,0.0,2.0,0.5,0.98,1.0,1e-12,0.7633143089481168,-0.0036032066135500695,0.75,0.7315573770491803,0.8228184561081615,0.09836065573770492,31.92785766512308,0.0,0.5421017691465415,False,False
446,0.25,0.99,1.0,1.0,0.0,1.0,0.5,0.98,1.0,1e-12,0.7589262367314055,0.0007848656031612666,0.7491496598639455,0.7295081967213115,0.7528218055520058,0.06557377049180328,27.540823787472583,0.0,0.49374533697166273,False,False
447,0.25,0.99,1.0,0.8,0.4,0.8,0.5,0.98,1.0,1e-12,0.7570698731532425,0.002641229181324256,0.7482993197278912,0.726775956284153,0.7049994148561959,0.09016393442622951,24.291169063287025,0.0,0.4905879117123862,False,False
448,0.25,0.99,-0.0,2.0,0.0,0.0,0.5,0.98,1.0,1e-12,0.7620905327528442,-0.002379430418277484,0.7236394557823129,0.6625683060109291,0.5099454269330259,0.5409836065573771,43.951580144609636,2.0,0.6150171657764965,True,False
449,0.25,0.99,-0.0,0.0,0.0,2.0,0.5,0.98,1.0,1e-12,0.7726510912820693,-0.01293998894750259,0.7471655328798186,0.7213114754098361,0.8228184561081615,0.21311475409836064,14.54220489073036,0.0,0.6706324837659854,True,False
450,0.25,0.99,-0.0,1.0,0.0,1.0,0.5,0.98,1.0,1e-12,0.7658616120223519,-0.006150509687785188,0.7400793650793651,0.7069672131147541,0.7528218055520058,0.2786885245901639,35.17751238930864,0.0,0.6253269743916084,True,False
451,0.25,0.99,-0.0,0.8,0.4,0.8,0.5,0.98,1.0,1e-12,0.7636354364644095,-0.0039243341298427215,0.7380952380952381,0.7015027322404372,0.7049994148561959,0.32786885245901637,35.82744333414575,1.0,0.6221280713585919,True,False
452,0.25,0.99,-1.0,2.0,0.0,0.0,0.5,0.98,1.0,1e-12,0.7696257821840734,-0.009914679849506669,0.6947278911564626,0.5840163934426229,0.5099454269330259,0.5655737704918032,37.69599480055244,2.0,0.7291742852217907,True,False
453,0.25,0.99,-1.0,0.0,0.0,2.0,0.5,0.98,1.0,1e-12,0.7816719736005656,-0.021960871265998883,0.7412131519274378,0.6987704918032788,0.8228184561081615,0.36065573770491804,6.336826712161833,0.0,0.7669944246702337,True,False
454,0.25,0.99,-1.0,1.0,0.0,1.0,0.5,0.98,1.0,1e-12,0.7743135515413291,-0.014602449206762347,0.7290249433106575,0.6714480874316939,0.7528218055520058,0.6147540983606558,19.74165244942725,1.0,0.7521580656551642,True,False
455,0.25,0.99,-1.0,0.8,0.4,0.8,0.5,0.98,1.0,1e-12,0.7725792990971819,-0.012868196762615192,0.7236394557823129,0.6598360655737705,0.7049994148561959,0.639344262295082,26.24096189779836,1.0,0.751820560193436,True,False
456,0.25,0.99,-2.0,2.0,0.0,0.0,0.5,0.98,1.0,1e-12,0.7767778986948838,-0.01706679636031705,0.641156462585034,0.46516393442622955,0.5099454269330259,0.39344262295081966,26.322203265903,3.0,0.8269583017331333,True,False
457,0.25,0.99,-2.0,0.0,0.0,2.0,0.5,0.98,1.0,1e-12,0.7935548803584672,-0.033843778023900484,0.731859410430839,0.6653005464480873,0.8228184561081615,0.6639344262295082,3.8183443009180276,1.0,0.8332595539456211,True,False
458,0.25,0.99,-2.0,1.0,0.0,1.0,0.5,0.98,1.0,1e-12,0.7845610114570168,-0.02484990912245011,0.7043650793650794,0.6010928961748634,0.7528218055520058,0.7540983606557377,9.505240068242749,2.0,0.8518401398214934,True,False
459,0.25,0.99,-2.0,0.8,0.4,0.8,0.5,0.98,1.0,1e-12,0.7811709149434867,-0.021459812608919937,0.6930272108843537,0.578551912568306,0.7049994148561959,0.6311475409836066,11.211308798440166,2.0,0.8553312972615985,True,False
460,0.25,0.99,4.0,4.0,0.0,0.0,0.5,0.98,1.0,1e-12,0.7528072257027818,0.006903876631784933,0.7471655328798187,0.7281420765027323,0.5099454269330259,0.2459016393442623,19.172962872694775,3.5,0.3689139172276782,True,False
461,0.25,0.99,4.0,0.0,0.0,4.0,0.5,0.98,1.0,1e-12,0.7537686540451625,0.005942448289404267,0.7505668934240363,0.7370218579234972,0.8228184561081615,0.0,0.0,,0.34068036045061245,False,False
462,0.25,0.99,4.0,2.0,0.0,2.0,0.5,0.98,1.0,1e-12,0.7523623718353089,0.007348730499257883,0.75,0.7370218579234972,0.7528218055520058,0.0,7.067999025103583,,0.32993011597093524,False,False
463,0.25,0.99,4.0,1.6,0.8,1.6,0.5,0.98,1.0,1e-12,0.7520434942842884,0.0076676080502783295,0.75,0.7370218579234972,0.7049994148561959,0.0,7.067999025103583,,0.32998854417532564,False,False
464,0.25,0.99,2.0,4.0,0.0,0.0,0.5,0.98,1.0,1e-12,0.7554928787191052,0.004218223615461536,0.7380952380952381,0.7028688524590164,0.5099454269330259,0.4426229508196721,33.55268502721586,3.5,0.47516597450343534,True,False
465,0.25,0.99,2.0,0.0,0.0,4.0,0.5,0.98,1.0,1e-12,0.7615453249501228,-0.0018342226155561026,0.7485827664399093,0.7329234972677596,0.8228184561081615,0.09836065573770492,31.92785766512308,0.0,0.5497824566722579,False,False
466,0.25,0.99,2.0,2.0,0.0,2.0,0.5,0.98,1.0,1e-12,0.7555598036372205,0.004151298697346206,0.7485827664399093,0.7308743169398908,0.7528218055520058,0.06557377049180328,27.540823787472583,0.0,0.45639988610528903,False,False
467,0.25,0.99,2.0,1.6,0.8,1.6,0.5,0.98,1.0,1e-12,0.7537331470486592,0.005977955285907499,0.7474489795918368,0.7281420765027323,0.7049994148561959,0.09016393442622951,24.291169063287025,0.0,0.45284813484924685,False,False
468,0.25,0.99,-0.0,4.0,0.0,0.0,0.5,0.98,1.0,1e-12,0.7621897391020506,-0.0024786367674838328,0.7083333333333334,0.6270491803278688,0.5099454269330259,0.5409836065573771,43.951580144609636,2.0,0.6138863159481038,True,False
469,0.25,0.99,-0.0,0.0,0.0,4.0,0.5,0.98,1.0,1e-12,0.776219057765136,-0.016507955430569266,0.7454648526077097,0.7206284153005464,0.8228184561081615,0.21311475409836064,14.54220489073036,0.0,0.7277313853234446,True,False
470,0.25,0.99,-0.0,2.0,0.0,2.0,0.5,0.98,1.0,1e-12,0.767301803108533,-0.007590700773966286,0.7397959183673469,0.7103825136612021,0.7528218055520058,0.2786885245901639,35.17751238930864,0.0,0.6353547876154431,True,False
471,0.25,0.99,-0.0,1.6,0.8,1.6,0.5,0.98,1.0,1e-12,0.7627138315562758,-0.0030027292217090773,0.736111111111111,0.6994535519125684,0.7049994148561959,0.32786885245901637,35.82744333414575,1.0,0.6261749847404916,True,False
472,0.25,0.99,-2.0,4.0,0.0,0.0,0.5,0.98,1.0,1e-12,0.7705847053156156,-0.010873602981048891,0.6507936507936507,0.505464480874317,0.5099454269330259,0.5655737704918032,37.69599480055244,2.0,0.7526894663635428,True,False
473,0.25,0.99,-2.0,0.0,0.0,4.0,0.5,0.98,1.0,1e-12,0.7910410778788177,-0.03132997554425099,0.7383786848072562,0.6967213114754098,0.8228184561081615,0.36065573770491804,6.336826712161833,0.0,0.8059870095887673,True,False
474,0.25,0.99,-2.0,2.0,0.0,2.0,0.5,0.98,1.0,1e-12,0.7787359192390726,-0.01902481690450586,0.7191043083900227,0.6536885245901638,0.7528218055520058,0.6147540983606558,19.74165244942725,1.0,0.7928711399345327,True,False
475,0.25,0.99,-2.0,1.6,0.8,1.6,0.5,0.98,1.0,1e-12,0.7747993001580351,-0.015088197823468374,0.7091836734693877,0.6304644808743168,0.7049994148561959,0.639344262295082,26.24096189779836,1.0,0.7905350285266565,True,False
476,0.25,0.99,-4.0,4.0,0.0,0.0,0.5,0.98,1.0,1e-12,0.7792197206279287,-0.019508618293361923,0.5685941043083901,0.3538251366120219,0.5099454269330259,0.39344262295081966,26.322203265903,3.0,0.8629162392618452,True,False
477,0.25,0.99,-4.0,0.0,0.0,4.0,0.5,0.98,1.0,1e-12,0.799300447679849,-0.039589345345282245,0.7270408163265306,0.6584699453551912,0.8228184561081615,0.6639344262295082,3.8183443009180276,1.0,0.8506102490681263,True,False
478,0.25,0.99,-4.0,2.0,0.0,2.0,0.5,0.98,1.0,1e-12,0.7923307199052916,-0.032619617570724846,0.6729024943310657,0.5334699453551913,0.7528218055520058,0.7540983606557377,9.505240068242749,2.0,0.8965335721082971,True,False
479,0.25,0.99,-4.0,1.6,0.8,1.6,0.5,0.98,1.0,1e-12,0.789497636780547,-0.02978653444598023,0.6490929705215419,0.47950819672131145,0.7049994148561959,0.6311475409836066,11.211308798440166,2.0,0.9050884765541237,True,False
480,0.5,0.93,0.5,0.5,0.0,0.0,0.5,0.98,1.0,1e-12,0.7681949677441737,-0.008483865409606994,0.7420634920634921,0.6953551912568307,0.5099454269330259,0.2459016393442623,19.172962872694775,3.5,0.6647814565051094,True,False
481,0.5,0.93,0.5,0.0,0.0,0.5,0.5,0.98,1.0,1e-12,0.7713208982510567,-0.011609795916489918,0.7457482993197279,0.7028688524590164,0.8228184561081615,0.0,0.0,,0.6661657229068716,False,False
482,0.5,0.93,0.5,0.25,0.0,0.25,0.5,0.98,1.0,1e-12,0.7694649664844105,-0.009753864149843805,0.7465986394557824,0.7028688524590165,0.7528218055520058,0.0,7.067999025103583,,0.6639710541393098,False,False
483,0.5,0.93,0.5,0.2,0.1,0.2,0.5,0.98,1.0,1e-12,0.7693689811205681,-0.009657878786001328,0.7463151927437642,0.7021857923497269,0.7049994148561959,0.0,7.067999025103583,,0.663769294785376,False,False
484,0.5,0.93,0.25,0.5,0.0,0.0,0.5,0.98,1.0,1e-12,0.77009334494017,-0.010382242605603276,0.7358276643990929,0.6775956284153005,0.5099454269330259,0.4426229508196721,33.55268502721586,3.5,0.6893916361669438,True,False
485,0.5,0.93,0.25,0.0,0.0,0.5,0.5,0.98,1.0,1e-12,0.7734979980472041,-0.01378689571263736,0.7451814058956917,0.7001366120218581,0.8228184561081615,0.09836065573770492,31.92785766512308,0.0,0.6910043128666393,False,False
486,0.5,0.93,0.25,0.25,0.0,0.25,0.5,0.98,1.0,1e-12,0.7718523608360907,-0.012141258501523922,0.7437641723356009,0.6967213114754098,0.7528218055520058,0.06557377049180328,27.540823787472583,0.0,0.689172439211787,False,False
487,0.5,0.93,0.25,0.2,0.1,0.2,0.5,0.98,1.0,1e-12,0.7708341715738538,-0.011123069239287076,0.7412131519274378,0.6919398907103824,0.7049994148561959,0.09016393442622951,24.291169063287025,0.0,0.6890410911518582,False,False
488,0.5,0.93,-0.0,0.5,0.0,0.0,0.5,0.98,1.0,1e-12,0.771909694375567,-0.012198592041000267,0.7321428571428571,0.6673497267759562,0.5099454269330259,0.5409836065573771,43.951580144609636,2.0,0.7146929338455105,True,False
489,0.5,0.93,-0.0,0.0,0.0,0.5,0.5,0.98,1.0,1e-12,0.7750188305517458,-0.015307728217179073,0.7434807256235827,0.6960382513661202,0.8228184561081615,0.21311475409836064,14.54220489073036,0.0,0.7163768777426502,True,False
490,0.5,0.93,-0.0,0.25,0.0,0.25,0.5,0.98,1.0,1e-12,0.7737923961094593,-0.014081293774892534,0.73781179138322,0.6823770491803278,0.7528218055520058,0.2786885245901639,35.17751238930864,0.0,0.7150873132982528,True,False
491,0.5,0.93,-0.0,0.2,0.1,0.2,0.5,0.98,1.0,1e-12,0.7733672260414322,-0.01365612370686542,0.7369614512471656,0.6789617486338797,0.7049994148561959,0.32786885245901637,35.82744333414575,1.0,0.715039627092999,True,False
492,0.5,0.93,-0.25,0.5,0.0,0.0,0.5,0.98,1.0,1e-12,0.7745416712293433,-0.014830568894776519,0.7276077097505668,0.6543715846994536,0.5099454269330259,0.5655737704918032,37.69599480055244,2.0,0.7400216282949899,True,False
493,0.5,0.93,-0.25,0.0,0.0,0.5,0.5,0.98,1.0,1e-12,0.7780801266189943,-0.01836902428442755,0.7383786848072562,0.6823770491803278,0.8228184561081615,0.36065573770491804,6.336826712161833,0.0,0.7416042975756133,True,False
494,0.5,0.93,-0.25,0.25,0.0,0.25,0.5,0.98,1.0,1e-12,0.7759647002162872,-0.016253597881720427,0.7344104308390024,0.6721311475409836,0.7528218055520058,0.6147540983606558,19.74165244942725,1.0,0.7409920987608057,True,False
495,0.5,0.93,-0.25,0.2,0.1,0.2,0.5,0.98,1.0,1e-12,0.7756632159862316,-0.015952113651664823,0.7324263038548752,0.6666666666666665,0.7049994148561959,0.639344262295082,26.24096189779836,1.0,0.7410337256641141,True,False
496,0.5,0.93,-0.5,0.5,0.0,0.0,0.5,0.98,1.0,1e-12,0.7768573449735884,-0.017146242639021647,0.7230725623582765,0.6407103825136611,0.5099454269330259,0.39344262295081966,26.322203265903,3.0,0.764709402074174,True,False
497,0.5,0.93,-0.5,0.0,0.0,0.5,0.5,0.98,1.0,1e-12,0.7793770860349961,-0.01966598370042938,0.7349773242630386,0.6693989071038251,0.8228184561081615,0.6639344262295082,3.8183443009180276,1.0,0.7660378597243088,True,False
498,0.5,0.93,-0.5,0.25,0.0,0.25,0.5,0.98,1.0,1e-12,0.7784718723634918,-0.018760770028925067,0.7293083900226757,0.6557377049180326,0.7528218055520058,0.7540983606557377,9.505240068242749,2.0,0.766165582755954,True,False
499,0.5,0.93,-0.5,0.2,0.1,0.2,0.5,0.98,1.0,1e-12,0.7784718723634918,-0.018760770028925067,0.7276077097505669,0.6523224043715845,0.7049994148561959,0.6311475409836066,11.211308798440166,2.0,0.7662932133085225,True,False
500,0.5,0.93,1.0,1.0,0.0,0.0,0.5,0.98,1.0,1e-12,0.7665714719897307,-0.006860369655164011,0.7420634920634921,0.6980874316939891,0.5099454269330259,0.2459016393442623,19.172962872694775,3.5,0.6286250689542948,True,False
501,0.5,0.93,1.0,0.0,0.0,1.0,0.5,0.98,1.0,1e-12,0.7688290700493338,-0.009117967714767028,0.7465986394557823,0.7083333333333334,0.8228184561081615,0.0,0.0,,0.6334299548714377,False,False
502,0.5,0.93,1.0,0.5,0.0,0.5,0.5,0.98,1.0,1e-12,0.7671638921936798,-0.007452789859113018,0.7440476190476191,0.7035519125683061,0.7528218055520058,0.0,7.067999025103583,,0.6246278629288705,False,False
503,0.5,0.93,1.0,0.4,0.2,0.4,0.5,0.98,1.0,1e-12,0.767309552309578,-0.0075984499750112455,0.7431972789115646,0.7028688524590165,0.7049994148561959,0.0,7.067999025103583,,0.6237817896762266,False,False
504,0.5,0.93,0.5,1.0,0.0,0.0,0.5,0.98,1.0,1e-12,0.7679262207805646,-0.008215118445997871,0.7358276643990929,0.6816939890710382,0.5099454269330259,0.4426229508196721,33.55268502721586,3.5,0.6693663528008891,True,False
505,0.5,0.93,0.5,0.0,0.0,1.0,0.5,0.98,1.0,1e-12,0.7724355287124917,-0.012724426377924924,0.743764172335601,0.7001366120218581,0.8228184561081615,0.09836065573770492,31.92785766512308,0.0,0.6773648515866242,False,False
506,0.5,0.93,0.5,0.5,0.0,0.5,0.5,0.98,1.0,1e-12,0.7688178347360883,-0.0091067324015216,0.7429138321995465,0.6987704918032788,0.7528218055520058,0.06557377049180328,27.540823787472583,0.0,0.6681348540505406,False,False
507,0.5,0.93,0.5,0.4,0.2,0.4,0.5,0.98,1.0,1e-12,0.7681949677441737,-0.008483865409606994,0.7420634920634921,0.6974043715846994,0.7049994148561959,0.09016393442622951,24.291169063287025,0.0,0.6674538044475548,False,False
508,0.5,0.93,-0.0,1.0,0.0,0.0,0.5,0.98,1.0,1e-12,0.7694878712692201,-0.009776768934653401,0.7293083900226758,0.6646174863387978,0.5099454269330259,0.5409836065573771,43.951580144609636,2.0,0.7136916097571864,True,False
509,0.5,0.93,-0.0,0.0,0.0,1.0,0.5,0.98,1.0,1e-12,0.7762219043738673,-0.016510802039300554,0.7392290249433106,0.6892076502732241,0.8228184561081615,0.21311475409836064,14.54220489073036,0.0,0.7229227173815306,True,False
510,0.5,0.93,-0.0,0.5,0.0,0.5,0.5,0.98,1.0,1e-12,0.7731546410074185,-0.013443538672851751,0.7380952380952381,0.6871584699453552,0.7528218055520058,0.2786885245901639,35.17751238930864,0.0,0.7156055801895039,True,False
511,0.5,0.93,-0.0,0.4,0.2,0.4,0.5,0.98,1.0,1e-12,0.7720230730603743,-0.012311970725807586,0.7372448979591837,0.6844262295081968,0.7049994148561959,0.32786885245901637,35.82744333414575,1.0,0.7152585724204392,True,False
512,0.5,0.93,-0.5,1.0,0.0,0.0,0.5,0.98,1.0,1e-12,0.7740675421837856,-0.01435643984921886,0.7165532879818595,0.6297814207650273,0.5099454269330259,0.5655737704918032,37.69599480055244,2.0,0.7582665097869393,True,False
513,0.5,0.93,-0.5,0.0,0.0,1.0,0.5,0.98,1.0,1e-12,0.7793718585341598,-0.019660756199593066,0.7395124716553289,0.6851092896174863,0.8228184561081615,0.36065573770491804,6.336826712161833,0.0,0.7660868063284314,True,False
514,0.5,0.93,-0.5,0.5,0.0,0.5,0.5,0.98,1.0,1e-12,0.7771892759916097,-0.01747817365704296,0.7307256235827664,0.665983606557377,0.7528218055520058,0.6147540983606558,19.74165244942725,1.0,0.7628465706020774,True,False
515,0.5,0.93,-0.5,0.4,0.2,0.4,0.5,0.98,1.0,1e-12,0.7766269348070931,-0.01691583247252637,0.7256235827664398,0.6536885245901638,0.7049994148561959,0.639344262295082,26.24096189779836,1.0,0.7629710262251491,True,False
516,0.5,0.93,-1.0,1.0,0.0,0.0,0.5,0.98,1.0,1e-12,0.7789781156613966,-0.019267013326829896,0.7037981859410432,0.5956284153005466,0.5099454269330259,0.39344262295081966,26.322203265903,3.0,0.7996831354021446,True,False
517,0.5,0.93,-1.0,0.0,0.0,1.0,0.5,0.98,1.0,1e-12,0.7820114941753566,-0.022300391840789913,0.7335600907029479,0.662568306010929,0.8228184561081615,0.6639344262295082,3.8183443009180276,1.0,0.8041681081859012,True,False
518,0.5,0.93,-1.0,0.5,0.0,0.5,0.5,0.98,1.0,1e-12,0.7804084455484985,-0.020697343213931796,0.7213718820861678,0.6379781420765027,0.7528218055520058,0.7540983606557377,9.505240068242749,2.0,0.805824593006232,True,False
519,0.5,0.93,-1.0,0.4,0.2,0.4,0.5,0.98,1.0,1e-12,0.7799473699699417,-0.020236267635375005,0.717687074829932,0.6297814207650273,0.7049994148561959,0.6311475409836066,11.211308798440166,2.0,0.8064277947261298,True,False
520,0.5,0.93,2.0,2.0,0.0,0.0,0.5,0.98,1.0,1e-12,0.7633696430125259,-0.003658540677959121,0.7431972789115646,0.7028688524590165,0.5099454269330259,0.2459016393442623,19.172962872694775,3.5,0.5915681228413794,True,False
521,0.5,0.93,2.0,0.0,0.0,2.0,0.5,0.98,1.0,1e-12,0.7667851758923444,-0.0070740735577776714,0.7485827664399093,0.715846994535519,0.8228184561081615,0.0,0.0,,0.5950315201851013,False,False
522,0.5,0.93,2.0,1.0,0.0,1.0,0.5,0.98,1.0,1e-12,0.7637881827481081,-0.0040770804135413785,0.7465986394557823,0.712431693989071,0.7528218055520058,0.0,7.067999025103583,,0.5792766781865161,False,False
523,0.5,0.93,2.0,0.8,0.4,0.8,0.5,0.98,1.0,1e-12,0.7629444729444986,-0.003233370609931896,0.7463151927437642,0.7103825136612021,0.7049994148561959,0.0,7.067999025103583,,0.5779602941540317,False,False
524,0.5,0.93,1.0,2.0,0.0,0.0,0.5,0.98,1.0,1e-12,0.7654954933526619,-0.005784391018095136,0.7341269841269841,0.680327868852459,0.5099454269330259,0.4426229508196721,33.55268502721586,3.5,0.6464093201097736,True,False
525,0.5,0.93,1.0,0.0,0.0,2.0,0.5,0.98,1.0,1e-12,0.7712343135573342,-0.011523211222767449,0.7477324263038548,0.7117486338797814,0.8228184561081615,0.09836065573770492,31.92785766512308,0.0,0.6697348118013687,False,False
526,0.5,0.93,1.0,1.0,0.0,1.0,0.5,0.98,1.0,1e-12,0.767495823211701,-0.007784720877134221,0.7417800453514739,0.700136612021858,0.7528218055520058,0.06557377049180328,27.540823787472583,0.0,0.6416358039159662,False,False
527,0.5,0.93,1.0,0.8,0.4,0.8,0.5,0.98,1.0,1e-12,0.7661069343228121,-0.006395831988245337,0.7414965986394558,0.6994535519125684,0.7049994148561959,0.09016393442622951,24.291169063287025,0.0,0.639801083832873,False,False
528,0.5,0.93,-0.0,2.0,0.0,0.0,0.5,0.98,1.0,1e-12,0.7683443046807914,-0.008633202346224667,0.7205215419501133,0.6454918032786886,0.5099454269330259,0.5409836065573771,43.951580144609636,2.0,0.7121045693025588,True,False
529,0.5,0.93,-0.0,0.0,0.0,2.0,0.5,0.98,1.0,1e-12,0.777757786979612,-0.01804668464504522,0.7417800453514739,0.6953551912568307,0.8228184561081615,0.21311475409836064,14.54220489073036,0.0,0.7444215784045591,True,False
530,0.5,0.93,-0.0,1.0,0.0,1.0,0.5,0.98,1.0,1e-12,0.77204275685982,-0.01233165452525331,0.7358276643990929,0.6871584699453551,0.7528218055520058,0.2786885245901639,35.17751238930864,0.0,0.7180954040383671,True,False
531,0.5,0.93,-0.0,0.8,0.4,0.8,0.5,0.98,1.0,1e-12,0.7696807725037881,-0.009969670169221345,0.7346938775510204,0.6823770491803279,0.7049994148561959,0.32786885245901637,35.82744333414575,1.0,0.7162365820056682,True,False
532,0.5,0.93,-1.0,2.0,0.0,0.0,0.5,0.98,1.0,1e-12,0.7746207906850291,-0.014909688350462358,0.697845804988662,0.5881147540983607,0.5099454269330259,0.5655737704918032,37.69599480055244,2.0,0.7784391116829326,True,False
533,0.5,0.93,-1.0,0.0,0.0,2.0,0.5,0.98,1.0,1e-12,0.7823511984182616,-0.022640096083694883,0.7346938775510204,0.6734972677595629,0.8228184561081615,0.36065573770491804,6.336826712161833,0.0,0.800415679200271,True,False
534,0.5,0.93,-1.0,1.0,0.0,1.0,0.5,0.98,1.0,1e-12,0.7781277995491809,-0.01841669721461414,0.7250566893424036,0.6530054644808743,0.7528218055520058,0.6147540983606558,19.74165244942725,1.0,0.7917945516644873,True,False
535,0.5,0.93,-1.0,0.8,0.4,0.8,0.5,0.98,1.0,1e-12,0.7776669551923517,-0.017955852857785004,0.7191043083900227,0.639344262295082,0.7049994148561959,0.639344262295082,26.24096189779836,1.0,0.7915984336259155,True,False
536,0.5,0.93,-2.0,2.0,0.0,0.0,0.5,0.98,1.0,1e-12,0.7803328644522305,-0.020621762117663756,0.673469387755102,0.5204918032786886,0.5099454269330259,0.39344262295081966,26.322203265903,3.0,0.8352595537097939,True,False
537,0.5,0.93,-2.0,0.0,0.0,2.0,0.5,0.98,1.0,1e-12,0.7889917009754257,-0.029280598640858968,0.7287414965986394,0.6550546448087432,0.8228184561081615,0.6639344262295082,3.8183443009180276,1.0,0.8389210921575907,True,False
538,0.5,0.93,-2.0,1.0,0.0,1.0,0.5,0.98,1.0,1e-12,0.7842394878870546,-0.02452838555248782,0.70578231292517,0.5983606557377048,0.7528218055520058,0.7540983606557377,9.505240068242749,2.0,0.8497179190854625,True,False
539,0.5,0.93,-2.0,0.8,0.4,0.8,0.5,0.98,1.0,1e-12,0.7827372203133585,-0.023026117978791727,0.6958616780045351,0.5744535519125684,0.7049994148561959,0.6311475409836066,11.211308798440166,2.0,0.8517465646249831,True,False
540,0.5,0.93,4.0,4.0,0.0,0.0,0.5,0.98,1.0,1e-12,0.7612437926723897,-0.001532690337822995,0.7423469387755102,0.7015027322404372,0.5099454269330259,0.2459016393442623,19.172962872694775,3.5,0.5690986275782455,True,False
541,0.5,0.93,4.0,0.0,0.0,4.0,0.5,0.98,1.0,1e-12,0.7617429738263328,-0.0020318714917660907,0.7482993197278912,0.7172131147540982,0.8228184561081615,0.0,0.0,,0.552692641883464,False,False
542,0.5,0.93,4.0,2.0,0.0,2.0,0.5,0.98,1.0,1e-12,0.760885547522478,-0.0011744451879112106,0.7488662131519275,0.7185792349726776,0.7528218055520058,0.0,7.067999025103583,,0.5464458781993273,False,False
543,0.5,0.93,4.0,1.6,0.8,1.6,0.5,0.98,1.0,1e-12,0.7600352073864235,-0.0003241050518567601,0.7485827664399093,0.717896174863388,0.7049994148561959,0.0,7.067999025103583,,0.5464798297235,False,False
544,0.5,0.93,2.0,4.0,0.0,0.0,0.5,0.98,1.0,1e-12,0.7634759355295326,-0.0037648331949658997,0.7324263038548752,0.6769125683060109,0.5099454269330259,0.4426229508196721,33.55268502721586,3.5,0.6308396878871314,True,False
545,0.5,0.93,2.0,0.0,0.0,4.0,0.5,0.98,1.0,1e-12,0.7692862616092823,-0.009575159274715528,0.7474489795918368,0.7131147540983607,0.8228184561081615,0.09836065573770492,31.92785766512308,0.0,0.6741979140122579,False,False
546,0.5,0.93,2.0,2.0,0.0,2.0,0.5,0.98,1.0,1e-12,0.7650703232846346,-0.005359220950067911,0.7448979591836735,0.7096994535519126,0.7528218055520058,0.06557377049180328,27.540823787472583,0.0,0.6199350689530733,False,False
547,0.5,0.93,2.0,1.6,0.8,1.6,0.5,0.98,1.0,1e-12,0.7635822280465394,-0.0038711257119726783,0.7426303854875282,0.7021857923497268,0.7049994148561959,0.09016393442622951,24.291169063287025,0.0,0.6178712134934813,False,False
548,0.5,0.93,-0.0,4.0,0.0,0.0,0.5,0.98,1.0,1e-12,0.7687564212818178,-0.009045318947251024,0.7125850340136054,0.6270491803278688,0.5099454269330259,0.5409836065573771,43.951580144609636,2.0,0.7114474538617359,True,False
549,0.5,0.93,-0.0,0.0,0.0,4.0,0.5,0.98,1.0,1e-12,0.7788800234871869,-0.019168921152620144,0.7409297052154195,0.6960382513661202,0.8228184561081615,0.21311475409836064,14.54220489073036,0.0,0.7776006698501097,True,False
550,0.5,0.93,-0.0,2.0,0.0,2.0,0.5,0.98,1.0,1e-12,0.771939685328177,-0.012228582993610293,0.7349773242630386,0.6857923497267762,0.7528218055520058,0.2786885245901639,35.17751238930864,0.0,0.7239223765873521,True,False
551,0.5,0.93,-0.0,1.6,0.8,1.6,0.5,0.98,1.0,1e-12,0.769056070868748,-0.00934496853418132,0.7321428571428571,0.6796448087431693,0.7049994148561959,0.32786885245901637,35.82744333414575,1.0,0.7185881668086642,True,False
552,0.5,0.93,-2.0,4.0,0.0,0.0,0.5,0.98,1.0,1e-12,0.774375468384569,-0.01466436605000232,0.6811224489795918,0.549863387978142,0.5099454269330259,0.5655737704918032,37.69599480055244,2.0,0.7921033385625992,True,False
553,0.5,0.93,-2.0,0.0,0.0,4.0,0.5,0.98,1.0,1e-12,0.7871650443868643,-0.027453942052297564,0.735827664399093,0.6789617486338797,0.8228184561081615,0.36065573770491804,6.336826712161833,0.0,0.8230735325988785,True,False
554,0.5,0.93,-2.0,2.0,0.0,2.0,0.5,0.98,1.0,1e-12,0.7804476699924848,-0.020736567657918092,0.7157029478458049,0.6366120218579233,0.7528218055520058,0.6147540983606558,19.74165244942725,1.0,0.8154521488808771,True,False
555,0.5,0.93,-2.0,1.6,0.8,1.6,0.5,0.98,1.0,1e-12,0.7778053859855444,-0.01809428365097765,0.7066326530612245,0.6140710382513661,0.7049994148561959,0.639344262295082,26.24096189779836,1.0,0.8140946787384625,True,False
556,0.5,0.93,-4.0,4.0,0.0,0.0,0.5,0.98,1.0,1e-12,0.7814118968959195,-0.021700794561352765,0.6488095238095238,0.46857923497267756,0.5099454269330259,0.39344262295081966,26.322203265903,3.0,0.8561540309224237,True,False
557,0.5,0.93,-4.0,0.0,0.0,4.0,0.5,0.98,1.0,1e-12,0.7915490917768642,-0.03183798944229743,0.7244897959183674,0.6427595628415301,0.8228184561081615,0.6639344262295082,3.8183443009180276,1.0,0.8490032528368843,True,False
558,0.5,0.93,-4.0,2.0,0.0,2.0,0.5,0.98,1.0,1e-12,0.7885356117947073,-0.02882450946014059,0.687641723356009,0.5566939890710383,0.7528218055520058,0.7540983606557377,9.505240068242749,2.0,0.8756884270359024,True,False
559,0.5,0.93,-4.0,1.6,0.8,1.6,0.5,0.98,1.0,1e-12,0.7868148446290779,-0.02710374229451118,0.6740362811791383,0.5225409836065574,0.7049994148561959,0.6311475409836066,11.211308798440166,2.0,0.8806595201598287,True,False
560,0.5,0.97,0.5,0.5,0.0,0.0,0.5,0.98,1.0,1e-12,0.7694775641160558,-0.0097664617814891,0.73781179138322,0.683743169398907,0.5099454269330259,0.2459016393442623,19.172962872694775,3.5,0.68010996408698,True,False
561,0.5,0.97,0.5,0.0,0.0,0.5,0.5,0.98,1.0,1e-12,0.7727436432749922,-0.013032540940425497,0.7451814058956916,0.7008196721311475,0.8228184561081615,0.0,0.0,,0.6816229994563481,False,False
562,0.5,0.97,0.5,0.25,0.0,0.25,0.5,0.98,1.0,1e-12,0.7705326873437981,-0.01082158500923136,0.7454648526077098,0.7028688524590164,0.7528218055520058,0.0,7.067999025103583,,0.6792241754545943,False,False
563,0.5,0.97,0.5,0.2,0.1,0.2,0.5,0.98,1.0,1e-12,0.769783844035431,-0.010072741700864252,0.7429138321995465,0.6967213114754098,0.7049994148561959,0.0,7.067999025103583,,0.6790036477886666,False,False
564,0.5,0.97,0.25,0.5,0.0,0.0,0.5,0.98,1.0,1e-12,0.7710593542395127,-0.011348251904945927,0.7329931972789115,0.6700819672131147,0.5099454269330259,0.4426229508196721,33.55268502721586,3.5,0.7070094627871245,True,False
565,0.5,0.97,0.25,0.0,0.0,0.5,0.5,0.98,1.0,1e-12,0.7746999530007254,-0.014988850666158626,0.7426303854875282,0.6939890710382512,0.8228184561081615,0.09836065573770492,31.92785766512308,0.0,0.7087721559240011,False,False
566,0.5,0.97,0.25,0.25,0.0,0.25,0.5,0.98,1.0,1e-12,0.7729420559734049,-0.013230953638838194,0.7403628117913832,0.6885245901639344,0.7528218055520058,0.06557377049180328,27.540823787472583,0.0,0.7067698754175344,False,False
567,0.5,0.97,0.25,0.2,0.1,0.2,0.5,0.98,1.0,1e-12,0.7724972021059319,-0.012786099771365134,0.7386621315192744,0.683743169398907,0.7049994148561959,0.09016393442622951,24.291169063287025,0.0,0.7066263089334264,False,False
568,0.5,0.97,-0.0,0.5,0.0,0.0,0.5,0.98,1.0,1e-12,0.7736842449254884,-0.013973142590921639,0.7293083900226757,0.6577868852459017,0.5099454269330259,0.5409836065573771,43.951580144609636,2.0,0.7346643695520697,True,False
569,0.5,0.97,-0.0,0.0,0.0,0.5,0.5,0.98,1.0,1e-12,0.7774156015497073,-0.017704499215140612,0.7412131519274376,0.6898907103825136,0.8228184561081615,0.21311475409836064,14.54220489073036,0.0,0.7365049593931293,True,False
570,0.5,0.97,-0.0,0.25,0.0,0.25,0.5,0.98,1.0,1e-12,0.7752380459182043,-0.015526943583637598,0.7352607709750567,0.6748633879781422,0.7528218055520058,0.2786885245901639,35.17751238930864,0.0,0.7350954354655321,True,False
571,0.5,0.97,-0.0,0.2,0.1,0.2,0.5,0.98,1.0,1e-12,0.7745506160641078,-0.014839513729541065,0.7335600907029478,0.6707650273224042,0.7049994148561959,0.32786885245901637,35.82744333414575,1.0,0.7350433133342081,True,False
572,0.5,0.97,-0.25,0.5,0.0,0.0,0.5,0.98,1.0,1e-12,0.7765210741016033,-0.01680997176703658,0.7222222222222222,0.6407103825136611,0.5099454269330259,0.5655737704918032,37.69599480055244,2.0,0.7623492216247564,True,False
573,0.5,0.97,-0.25,0.0,0.0,0.5,0.5,0.98,1.0,1e-12,0.7792707935179893,-0.0195596911834226,0.7375283446712019,0.6762295081967213,0.8228184561081615,0.36065573770491804,6.336826712161833,0.0,0.7640791159547402,True,False
574,0.5,0.97,-0.25,0.25,0.0,0.25,0.5,0.98,1.0,1e-12,0.7782592873294781,-0.0185481849949114,0.7284580498866213,0.6564207650273223,0.7528218055520058,0.6147540983606558,19.74165244942725,1.0,0.7634099684129735,True,False
575,0.5,0.97,-0.25,0.2,0.1,0.2,0.5,0.98,1.0,1e-12,0.7775899665708718,-0.017878864236305025,0.7276077097505669,0.6536885245901639,0.7049994148561959,0.639344262295082,26.24096189779836,1.0,0.7634554675863571,True,False
576,0.5,0.97,-0.5,0.5,0.0,0.0,0.5,0.98,1.0,1e-12,0.7781083756889049,-0.01839727335433816,0.7120181405895692,0.6120218579234972,0.5099454269330259,0.39344262295081966,26.322203265903,3.0,0.7893335324996785,True,False
577,0.5,0.97,-0.5,0.0,0.0,0.5,0.5,0.98,1.0,1e-12,0.7808651812730915,-0.021154078938524723,0.733843537414966,0.6605191256830601,0.8228184561081615,0.6639344262295082,3.8183443009180276,1.0,0.79078556760564,True,False
578,0.5,0.97,-0.5,0.25,0.0,0.25,0.5,0.98,1.0,1e-12,0.7794648663624382,-0.019753764027871434,0.7247732426303855,0.6441256830601092,0.7528218055520058,0.7540983606557377,9.505240068242749,2.0,0.7909251718495313,True,False
579,0.5,0.97,-0.5,0.2,0.1,0.2,0.5,0.98,1.0,1e-12,0.779128595490453,-0.019417493155886256,0.7225056689342404,0.6393442622950819,0.7049994148561959,0.6311475409836066,11.211308798440166,2.0,0.7910646750116409,True,False
580,0.5,0.97,1.0,1.0,0.0,0.0,0.5,0.98,1.0,1e-12,0.766551788190285,-0.006840685855718287,0.742063492063492,0.6974043715846994,0.5099454269330259,0.2459016393442623,19.172962872694775,3.5,0.6405901916477176,True,False
581,0.5,0.97,1.0,0.0,0.0,1.0,0.5,0.98,1.0,1e-12,0.7698101821911603,-0.01009907985659353,0.7457482993197279,0.7062841530054645,0.8228184561081615,0.0,0.0,,0.6458420436966876,False,False
582,0.5,0.97,1.0,0.5,0.0,0.5,0.5,0.98,1.0,1e-12,0.7677819634962748,-0.008070861161708076,0.7443310657596373,0.7042349726775958,0.7528218055520058,0.0,7.067999025103583,,0.6362211525036491,False,False
583,0.5,0.97,1.0,0.4,0.2,0.4,0.5,0.98,1.0,1e-12,0.767057599676673,-0.00734649734210624,0.7440476190476191,0.7035519125683061,0.7049994148561959,0.0,7.067999025103583,,0.6352963747623871,False,False
584,0.5,0.97,0.5,1.0,0.0,0.0,0.5,0.98,1.0,1e-12,0.7685442920831598,-0.00883318974859304,0.7335600907029478,0.6748633879781419,0.5099454269330259,0.4426229508196721,33.55268502721586,3.5,0.6851213623637624,True,False
585,0.5,0.97,0.5,0.0,0.0,1.0,0.5,0.98,1.0,1e-12,0.7733323226152379,-0.013621220280671142,0.7420634920634921,0.6967213114754098,0.8228184561081615,0.09836065573770492,31.92785766512308,0.0,0.6938639075481705,False,False
586,0.5,0.97,0.5,0.5,0.0,0.5,0.5,0.98,1.0,1e-12,0.7704193086589909,-0.010708206324424152,0.7414965986394558,0.6953551912568305,0.7528218055520058,0.06557377049180328,27.540823787472583,0.0,0.6837753055901258,False,False
587,0.5,0.97,0.5,0.4,0.2,0.4,0.5,0.98,1.0,1e-12,0.7690130264491373,-0.009301924114570537,0.740079365079365,0.6933060109289618,0.7049994148561959,0.09016393442622951,24.291169063287025,0.0,0.6830309025356993,False,False
588,0.5,0.97,-0.0,1.0,0.0,0.0,0.5,0.98,1.0,1e-12,0.7708522806693439,-0.011141178334777124,0.7216553287981861,0.6461748633879781,0.5099454269330259,0.5409836065573771,43.951580144609636,2.0,0.7335698990369246,True,False
589,0.5,0.97,-0.0,0.0,0.0,1.0,0.5,0.98,1.0,1e-12,0.7777403936586472,-0.018029291324080488,0.7392290249433107,0.6871584699453551,0.8228184561081615,0.21311475409836064,14.54220489073036,0.0,0.7436597143472545,True,False
590,0.5,0.97,-0.0,0.5,0.0,0.5,0.5,0.98,1.0,1e-12,0.77435771482954,-0.014646612494973232,0.7366780045351473,0.6823770491803277,0.7528218055520058,0.2786885245901639,35.17751238930864,0.0,0.7356619132303879,True,False
591,0.5,0.97,-0.0,0.4,0.2,0.4,0.5,0.98,1.0,1e-12,0.7729246626524401,-0.013213560317873352,0.7327097505668934,0.6741803278688523,0.7049994148561959,0.32786885245901637,35.82744333414575,1.0,0.7352826256688523,True,False
592,0.5,0.97,-0.5,1.0,0.0,0.0,0.5,0.98,1.0,1e-12,0.7764430546783457,-0.016731952343779,0.7046485260770976,0.6010928961748635,0.5099454269330259,0.5655737704918032,37.69599480055244,2.0,0.7822913013950267,True,False
593,0.5,0.97,-0.5,0.0,0.0,1.0,0.5,0.98,1.0,1e-12,0.7804148159417738,-0.02070371360720702,0.7378117913832201,0.6775956284153005,0.8228184561081615,0.36065573770491804,6.336826712161833,0.0,0.7908390673822387,True,False
594,0.5,0.97,-0.5,0.5,0.0,0.5,0.5,0.98,1.0,1e-12,0.7786718597658601,-0.01896075743129333,0.7233560090702947,0.6468579234972677,0.7528218055520058,0.6147540983606558,19.74165244942725,1.0,0.7872974143790149,True,False
595,0.5,0.97,-0.5,0.4,0.2,0.4,0.5,0.98,1.0,1e-12,0.778053788463265,-0.01834268612869827,0.7225056689342404,0.6441256830601092,0.7049994148561959,0.639344262295082,26.24096189779836,1.0,0.7874334472693489,True,False
596,0.5,0.97,-1.0,1.0,0.0,0.0,0.5,0.98,1.0,1e-12,0.7803521164401592,-0.020641014105592492,0.6865079365079364,0.5478142076502732,0.5099454269330259,0.39344262295081966,26.322203265903,3.0,0.8275606363697858,True,False
597,0.5,0.97,-1.0,0.0,0.0,1.0,0.5,0.98,1.0,1e-12,0.7853903530288396,-0.025679250694272904,0.7293083900226758,0.650273224043716,0.8228184561081615,0.6639344262295082,3.8183443009180276,1.0,0.8324628159241246,True,False
598,0.5,0.97,-1.0,0.5,0.0,0.5,0.5,0.98,1.0,1e-12,0.7824325150979389,-0.02272141276337214,0.7128684807256235,0.6106557377049181,0.7528218055520058,0.7540983606557377,9.505240068242749,2.0,0.8342733923556489,True,False
599,0.5,0.97,-1.0,0.4,0.2,0.4,0.5,0.98,1.0,1e-12,0.781357708070751,-0.021646605736184266,0.7066326530612245,0.5983606557377048,0.7049994148561959,0.6311475409836066,11.211308798440166,2.0,0.8349327058634441,True,False
600,0.5,0.97,2.0,2.0,0.0,0.0,0.5,0.98,1.0,1e-12,0.7635822280465394,-0.0038711257119726783,0.7414965986394558,0.6987704918032787,0.5099454269330259,0.2459016393442623,19.172962872694775,3.5,0.6000860877568563,True,False
601,0.5,0.97,2.0,0.0,0.0,2.0,0.5,0.98,1.0,1e-12,0.7671977483287264,-0.007486645994159713,0.7491496598639455,0.715846994535519,0.8228184561081615,0.0,0.0,,0.6038716615976689,False,False
602,0.5,0.97,2.0,1.0,0.0,1.0,0.5,0.98,1.0,1e-12,0.7641070602991286,-0.004395957964561825,0.7463151927437641,0.7117486338797814,0.7528218055520058,0.0,7.067999025103583,,0.5866512529015409,False,False
603,0.5,0.97,2.0,0.8,0.4,0.8,0.5,0.98,1.0,1e-12,0.7631570579785122,-0.003445955643945453,0.7454648526077097,0.7090163934426229,0.7049994148561959,0.0,7.067999025103583,,0.5852124145404533,False,False
604,0.5,0.97,1.0,2.0,0.0,0.0,0.5,0.98,1.0,1e-12,0.7654758095532161,-0.005764707218649412,0.7310090702947847,0.6714480874316939,0.5099454269330259,0.4426229508196721,33.55268502721586,3.5,0.660028791747892,True,False
605,0.5,0.97,1.0,0.0,0.0,2.0,0.5,0.98,1.0,1e-12,0.7719233181153864,-0.012212215780819657,0.7471655328798187,0.7110655737704917,0.8228184561081615,0.09836065573770492,31.92785766512308,0.0,0.6855240966201007,False,False
606,0.5,0.97,1.0,1.0,0.0,1.0,0.5,0.98,1.0,1e-12,0.7674827697447002,-0.007771667410133465,0.7406462585034014,0.6974043715846994,0.7528218055520058,0.06557377049180328,27.540823787472583,0.0,0.654811227536056,False,False
607,0.5,0.97,1.0,0.8,0.4,0.8,0.5,0.98,1.0,1e-12,0.7665391905586397,-0.006828088224072992,0.7403628117913832,0.6967213114754098,0.7049994148561959,0.09016393442622951,24.291169063287025,0.0,0.6528058358173263,False,False
608,0.5,0.97,-0.0,2.0,0.0,0.0,0.5,0.98,1.0,1e-12,0.7704898388203731,-0.010778736485806406,0.7131519274376417,0.625,0.5099454269330259,0.5409836065573771,43.951580144609636,2.0,0.7318352269120992,True,False
609,0.5,0.97,-0.0,0.0,0.0,2.0,0.5,0.98,1.0,1e-12,0.7794600419556765,-0.019748939621109796,0.7406462585034014,0.6919398907103824,0.8228184561081615,0.21311475409836064,14.54220489073036,0.0,0.7671584694189366,True,False
610,0.5,0.97,-0.0,1.0,0.0,1.0,0.5,0.98,1.0,1e-12,0.7739631083337429,-0.014252005999176198,0.7335600907029479,0.6816939890710383,0.7528218055520058,0.2786885245901639,35.17751238930864,0.0,0.7383833486000757,True,False
611,0.5,0.97,-0.0,0.8,0.4,0.8,0.5,0.98,1.0,1e-12,0.7703011342848641,-0.010590031950297396,0.7310090702947847,0.674863387978142,0.7049994148561959,0.32786885245901637,35.82744333414575,1.0,0.7363516128899164,True,False
612,0.5,0.97,-1.0,2.0,0.0,0.0,0.5,0.98,1.0,1e-12,0.7762018410101219,-0.016490738675555172,0.6785714285714286,0.5389344262295082,0.5099454269330259,0.5655737704918032,37.69599480055244,2.0,0.8043404243976238,True,False
613,0.5,0.97,-1.0,0.0,0.0,2.0,0.5,0.98,1.0,1e-12,0.7869895364732612,-0.027278434138694463,0.7310090702947847,0.6659836065573772,0.8228184561081615,0.36065573770491804,6.336826712161833,0.0,0.8283613237770402,True,False
614,0.5,0.97,-1.0,1.0,0.0,1.0,0.5,0.98,1.0,1e-12,0.7811177065256167,-0.021406604191050005,0.7188208616780045,0.6400273224043715,0.7528218055520058,0.6147540983606558,19.74165244942725,1.0,0.8189382308890909,True,False
615,0.5,0.97,-1.0,0.8,0.4,0.8,0.5,0.98,1.0,1e-12,0.7792942709224192,-0.019583168587852473,0.7117346938775511,0.621584699453552,0.7049994148561959,0.639344262295082,26.24096189779836,1.0,0.8187238693120472,True,False
616,0.5,0.97,-2.0,2.0,0.0,0.0,0.5,0.98,1.0,1e-12,0.7830890997635985,-0.023377997429031794,0.6343537414965985,0.43374316939890717,0.5099454269330259,0.39344262295081966,26.322203265903,3.0,0.8664464889386118,True,False
617,0.5,0.97,-2.0,0.0,0.0,2.0,0.5,0.98,1.0,1e-12,0.7945119448230453,-0.03480084248847859,0.7225056689342404,0.6386612021857924,0.8228184561081615,0.6639344262295082,3.8183443009180276,1.0,0.8704486356141107,True,False
618,0.5,0.97,-2.0,1.0,0.0,1.0,0.5,0.98,1.0,1e-12,0.7879869993385082,-0.028275897003941508,0.6879251700680272,0.5553278688524591,0.7528218055520058,0.7540983606557377,9.505240068242749,2.0,0.8822498185352728,True,False
619,0.5,0.97,-2.0,0.8,0.4,0.8,0.5,0.98,1.0,1e-12,0.7865115017320583,-0.02680039939749157,0.6794217687074829,0.5314207650273224,0.7049994148561959,0.6311475409836066,11.211308798440166,2.0,0.8844671752877721,True,False
620,0.5,0.97,4.0,4.0,0.0,0.0,0.5,0.98,1.0,1e-12,0.7612437926723897,-0.001532690337822995,0.7414965986394558,0.6994535519125684,0.5099454269330259,0.2459016393442623,19.172962872694775,3.5,0.5755264068878496,True,False
621,0.5,0.97,4.0,0.0,0.0,4.0,0.5,0.98,1.0,1e-12,0.7619358750609007,-0.0022247727263339234,0.7485827664399093,0.7172131147540982,0.8228184561081615,0.0,0.0,,0.5575942829889026,False,False
622,0.5,0.97,4.0,2.0,0.0,2.0,0.5,0.98,1.0,1e-12,0.7609052313219237,-0.001194128987356935,0.7488662131519275,0.7185792349726776,0.7528218055520058,0.0,7.067999025103583,,0.550766425008567,False,False
623,0.5,0.97,4.0,1.6,0.8,1.6,0.5,0.98,1.0,1e-12,0.7601414999034303,-0.00043039756886353864,0.7485827664399093,0.717896174863388,0.7049994148561959,0.0,7.067999025103583,,0.5508035348140581,False,False
624,0.5,0.97,2.0,4.0,0.0,0.0,0.5,0.98,1.0,1e-12,0.7639011055975599,-0.004190003262993125,0.7284580498866213,0.6673497267759562,0.5099454269330259,0.4426229508196721,33.55268502721586,3.5,0.6430108216440739,True,False
625,0.5,0.97,2.0,0.0,0.0,4.0,0.5,0.98,1.0,1e-12,0.7711477048397731,-0.011436602505206395,0.7468820861678004,0.7117486338797814,0.8228184561081615,0.09836065573770492,31.92785766512308,0.0,0.6904023711296774,False,False
626,0.5,0.97,2.0,2.0,0.0,2.0,0.5,0.98,1.0,1e-12,0.7653892008356551,-0.005678098501088358,0.743764172335601,0.7069672131147541,0.7528218055520058,0.06557377049180328,27.540823787472583,0.0,0.6310918195533592,False,False
627,0.5,0.97,2.0,1.6,0.8,1.6,0.5,0.98,1.0,1e-12,0.7643262756655871,-0.00461517333102035,0.741780045351474,0.700136612021858,0.7049994148561959,0.09016393442622951,24.291169063287025,0.0,0.6288359775393865,False,False
628,0.5,0.97,-0.0,4.0,0.0,0.0,0.5,0.98,1.0,1e-12,0.7699453227683383,-0.010234220433771535,0.6986961451247167,0.592896174863388,0.5099454269330259,0.5409836065573771,43.951580144609636,2.0,0.7311169844535254,True,False
629,0.5,0.97,-0.0,0.0,0.0,4.0,0.5,0.98,1.0,1e-12,0.7819711673521402,-0.022260065017573494,0.7395124716553289,0.6919398907103825,0.8228184561081615,0.21311475409836064,14.54220489073036,0.0,0.8034239879757012,True,False
630,0.5,0.97,-0.0,2.0,0.0,2.0,0.5,0.98,1.0,1e-12,0.7730963053836066,-0.013385203049039895,0.7324263038548752,0.6810109289617488,0.7528218055520058,0.2786885245901639,35.17751238930864,0.0,0.7447523651071057,True,False
631,0.5,0.97,-0.0,1.6,0.8,1.6,0.5,0.98,1.0,1e-12,0.7705441661068433,-0.010833063772276552,0.7293083900226757,0.6721311475409836,0.7049994148561959,0.32786885245901637,35.82744333414575,1.0,0.7389219497676095,True,False
632,0.5,0.97,-2.0,4.0,0.0,0.0,0.5,0.98,1.0,1e-12,0.7766522063414396,-0.016941104006872876,0.6456916099773242,0.47540983606557374,0.5099454269330259,0.5655737704918032,37.69599480055244,2.0,0.8192757421498177,True,False
633,0.5,0.97,-2.0,0.0,0.0,4.0,0.5,0.98,1.0,1e-12,0.7932981320362427,-0.03358702970167593,0.7327097505668932,0.6700819672131147,0.8228184561081615,0.36065573770491804,6.336826712161833,0.0,0.8531268844685413,True,False
634,0.5,0.97,-2.0,2.0,0.0,2.0,0.5,0.98,1.0,1e-12,0.7825861895417188,-0.022875087207152034,0.7097505668934241,0.6202185792349727,0.7528218055520058,0.6147540983606558,19.74165244942725,1.0,0.8447965348232844,True,False
635,0.5,0.97,-2.0,1.6,0.8,1.6,0.5,0.98,1.0,1e-12,0.7795760713530291,-0.019864969018462353,0.6958616780045351,0.5887978142076501,0.7049994148561959,0.639344262295082,26.24096189779836,1.0,0.8433127883885521,True,False
636,0.5,0.97,-4.0,4.0,0.0,0.0,0.5,0.98,1.0,1e-12,0.783448919617466,-0.023737817282899254,0.5839002267573696,0.3435792349726776,0.5099454269330259,0.39344262295081966,26.322203265903,3.0,0.889284638450091,True,False
637,0.5,0.97,-4.0,0.0,0.0,4.0,0.5,0.98,1.0,1e-12,0.7986408185947763,-0.03892971626020958,0.7193877551020408,0.6290983606557377,0.8228184561081615,0.6639344262295082,3.8183443009180276,1.0,0.8814686717054316,True,False
638,0.5,0.97,-4.0,2.0,0.0,2.0,0.5,0.98,1.0,1e-12,0.7944570020569446,-0.03474589972237785,0.6652494331065759,0.5034153005464481,0.7528218055520058,0.7540983606557377,9.505240068242749,2.0,0.9106361876904049,True,False
639,0.5,0.97,-4.0,1.6,0.8,1.6,0.5,0.98,1.0,1e-12,0.7919807085092224,-0.032269606174655685,0.6428571428571429,0.45013661202185795,0.7049994148561959,0.6311475409836066,11.211308798440166,2.0,0.9160697080816731,True,False
640,0.5,0.99,0.5,0.5,0.0,0.0,0.5,0.98,1.0,1e-12,0.7698807599061563,-0.010169657571589608,0.736111111111111,0.6782786885245901,0.5099454269330259,0.2459016393442623,19.172962872694775,3.5,0.6877742178779155,True,False
641,0.5,0.99,0.5,0.0,0.0,0.5,0.5,0.98,1.0,1e-12,0.7734979980472041,-0.01378689571263736,0.7443310657596374,0.6987704918032788,0.8228184561081615,0.0,0.0,,0.6893516377310863,False,False
642,0.5,0.99,0.5,0.25,0.0,0.25,0.5,0.98,1.0,1e-12,0.7712964187622914,-0.011585316427724646,0.7437641723356009,0.698087431693989,0.7528218055520058,0.0,7.067999025103583,,0.6868507361122367,False,False
643,0.5,0.99,0.5,0.2,0.1,0.2,0.5,0.98,1.0,1e-12,0.7704090015058266,-0.01069789917125985,0.742063492063492,0.6953551912568305,0.7049994148561959,0.0,7.067999025103583,,0.6866208242903121,False,False
644,0.5,0.99,0.25,0.5,0.0,0.0,0.5,0.98,1.0,1e-12,0.7718034018585602,-0.012092299523993488,0.731859410430839,0.6666666666666665,0.5099454269330259,0.4426229508196721,33.55268502721586,3.5,0.7158183760972148,True,False
645,0.5,0.99,0.25,0.0,0.0,0.5,0.5,0.98,1.0,1e-12,0.7750188305517458,-0.015307728217179073,0.7417800453514739,0.6926229508196722,0.8228184561081615,0.09836065573770492,31.92785766512308,0.0,0.717656077452682,False,False
646,0.5,0.99,0.25,0.25,0.0,0.25,0.5,0.98,1.0,1e-12,0.7737923961094593,-0.014081293774892534,0.7386621315192744,0.6844262295081968,0.7528218055520058,0.06557377049180328,27.540823787472583,0.0,0.7155685935204082,False,False
647,0.5,0.99,0.25,0.2,0.1,0.2,0.5,0.98,1.0,1e-12,0.772835763456398,-0.013124661121831305,0.7372448979591837,0.6796448087431693,0.7049994148561959,0.09016393442622951,24.291169063287025,0.0,0.7154189178242104,False,False
648,0.5,0.99,-0.0,0.5,0.0,0.0,0.5,0.98,1.0,1e-12,0.7745416712293433,-0.014830568894776519,0.7261904761904762,0.6509562841530054,0.5099454269330259,0.5409836065573771,43.951580144609636,2.0,0.7446500874053491,True,False
649,0.5,0.99,-0.0,0.0,0.0,0.5,0.5,0.98,1.0,1e-12,0.7785167227087858,-0.018805620374219068,0.7389455782312925,0.683743169398907,0.8228184561081615,0.21311475409836064,14.54220489073036,0.0,0.7465690002183689,True,False
650,0.5,0.99,-0.0,0.25,0.0,0.25,0.5,0.98,1.0,1e-12,0.7766076828191644,-0.016896580484597634,0.7332766439909296,0.6693989071038251,0.7528218055520058,0.2786885245901639,35.17751238930864,0.0,0.7450994965491717,True,False
651,0.5,0.99,-0.0,0.2,0.1,0.2,0.5,0.98,1.0,1e-12,0.7756632159862316,-0.015952113651664823,0.7307256235827664,0.663934426229508,0.7049994148561959,0.32786885245901637,35.82744333414575,1.0,0.7450451564548127,True,False
652,0.5,0.99,-0.25,0.5,0.0,0.0,0.5,0.98,1.0,1e-12,0.7773828402594221,-0.017671737924855324,0.7171201814058957,0.6263661202185792,0.5099454269330259,0.5655737704918032,37.69599480055244,2.0,0.7735130182896396,True,False
653,0.5,0.99,-0.25,0.0,0.0,0.5,0.5,0.98,1.0,1e-12,0.7794936857051673,-0.01978258337060057,0.7363945578231292,0.6707650273224044,0.8228184561081615,0.36065573770491804,6.336826712161833,0.0,0.7753165251443036,True,False
654,0.5,0.99,-0.25,0.25,0.0,0.25,0.5,0.98,1.0,1e-12,0.7790245934519271,-0.01931349111736036,0.7261904761904762,0.6495901639344263,0.7528218055520058,0.6147540983606558,19.74165244942725,1.0,0.7746189032390575,True,False
655,0.5,0.99,-0.25,0.2,0.1,0.2,0.5,0.98,1.0,1e-12,0.7784718723634918,-0.018760770028925067,0.7250566893424036,0.6475409836065572,0.7049994148561959,0.639344262295082,26.24096189779836,1.0,0.7746663385474788,True,False
656,0.5,0.99,-0.5,0.5,0.0,0.0,0.5,0.98,1.0,1e-12,0.7796332640844021,-0.01992216174983541,0.7091836734693877,0.6045081967213115,0.5099454269330259,0.39344262295081966,26.322203265903,3.0,0.801645597712431,True,False
657,0.5,0.99,-0.5,0.0,0.0,0.5,0.5,0.98,1.0,1e-12,0.7815895450926933,-0.02187844275812656,0.7312925170068028,0.653688524590164,0.8228184561081615,0.6639344262295082,3.8183443009180276,1.0,0.8031594215463055,True,False
658,0.5,0.99,-0.5,0.25,0.0,0.25,0.5,0.98,1.0,1e-12,0.7805518151859158,-0.02084071285134903,0.7230725623582765,0.6352459016393442,0.7528218055520058,0.7540983606557377,9.505240068242749,2.0,0.8033049663963198,True,False
659,0.5,0.99,-0.5,0.2,0.1,0.2,0.5,0.98,1.0,1e-12,0.7798900364304654,-0.02017893409589866,0.7188208616780045,0.628415300546448,0.7049994148561959,0.6311475409836066,11.211308798440166,2.0,0.8034504058632,True,False
660,0.5,0.99,1.0,1.0,0.0,0.0,0.5,0.98,1.0,1e-12,0.766551788190285,-0.006840685855718287,0.740079365079365,0.6926229508196722,0.5099454269330259,0.2459016393442623,19.172962872694775,3.5,0.646572752994429,True,False
661,0.5,0.99,1.0,0.0,0.0,1.0,0.5,0.98,1.0,1e-12,0.7705649927987278,-0.010853890464161076,0.7457482993197279,0.7056010928961748,0.8228184561081615,0.0,0.0,,0.6520480881093127,False,False
662,0.5,0.99,1.0,0.5,0.0,0.5,0.5,0.98,1.0,1e-12,0.7677819634962748,-0.008070861161708076,0.7443310657596373,0.7042349726775958,0.7528218055520058,0.0,7.067999025103583,,0.6420177972910384,False,False
663,0.5,0.99,1.0,0.4,0.2,0.4,0.5,0.98,1.0,1e-12,0.7672701847106865,-0.007559082376119797,0.7440476190476191,0.7035519125683061,0.7049994148561959,0.0,7.067999025103583,,0.6410536673054674,False,False
664,0.5,0.99,0.5,1.0,0.0,0.0,0.5,0.98,1.0,1e-12,0.7688434858347345,-0.009132383500167762,0.7324263038548752,0.6721311475409835,0.5099454269330259,0.4426229508196721,33.55268502721586,3.5,0.692998867145199,True,False
665,0.5,0.99,0.5,0.0,0.0,1.0,0.5,0.98,1.0,1e-12,0.7737504065154647,-0.014039304180897938,0.7409297052154195,0.6953551912568307,0.8228184561081615,0.09836065573770492,31.92785766512308,0.0,0.7021134355289438,False,False
666,0.5,0.99,0.5,0.5,0.0,0.5,0.5,0.98,1.0,1e-12,0.7706145003720397,-0.010903398037472978,0.7406462585034014,0.6933060109289617,0.7528218055520058,0.06557377049180328,27.540823787472583,0.0,0.6915955313599185,False,False
667,0.5,0.99,0.5,0.4,0.2,0.4,0.5,0.98,1.0,1e-12,0.7694381965171644,-0.009727094182597651,0.7397959183673469,0.691256830601093,0.7049994148561959,0.09016393442622951,24.291169063287025,0.0,0.6908194515797716,False,False
668,0.5,0.99,-0.0,1.0,0.0,0.0,0.5,0.98,1.0,1e-12,0.7722393108912687,-0.012528208556702003,0.717687074829932,0.635928961748634,0.5099454269330259,0.5409836065573771,43.951580144609636,2.0,0.7435090436767938,True,False
669,0.5,0.99,-0.0,0.0,0.0,1.0,0.5,0.98,1.0,1e-12,0.7788403959491258,-0.019129293614559062,0.7395124716553287,0.6851092896174863,0.8228184561081615,0.21311475409836064,14.54220489073036,0.0,0.7540282128301161,True,False
670,0.5,0.99,-0.0,0.5,0.0,0.5,0.5,0.98,1.0,1e-12,0.7755466163160605,-0.015835513981493743,0.7352607709750567,0.6789617486338796,0.7528218055520058,0.2786885245901639,35.17751238930864,0.0,0.74569007975083,True,False
671,0.5,0.99,-0.0,0.4,0.2,0.4,0.5,0.98,1.0,1e-12,0.7737994822772598,-0.014088379942693074,0.7307256235827664,0.6693989071038251,0.7049994148561959,0.32786885245901637,35.82744333414575,1.0,0.7452946522930586,True,False
672,0.5,0.99,-0.5,1.0,0.0,0.0,0.5,0.98,1.0,1e-12,0.7784923194910767,-0.018781217156509933,0.7012471655328798,0.5887978142076503,0.5099454269330259,0.5655737704918032,37.69599480055244,2.0,0.7943036971990705,True,False
673,0.5,0.99,-0.5,0.0,0.0,1.0,0.5,0.98,1.0,1e-12,0.7818926040267046,-0.02218150169213784,0.7352607709750567,0.6707650273224043,0.8228184561081615,0.36065573770491804,6.336826712161833,0.0,0.8032151979091425,True,False
674,0.5,0.99,-0.5,0.5,0.0,0.5,0.5,0.98,1.0,1e-12,0.7796262019404404,-0.019915099605873676,0.7239229024943311,0.6454918032786884,0.7528218055520058,0.6147540983606558,19.74165244942725,1.0,0.7995228362674837,True,False
675,0.5,0.99,-0.5,0.4,0.2,0.4,0.5,0.98,1.0,1e-12,0.7787710661150664,-0.019059963780499678,0.7202380952380952,0.6379781420765028,0.7049994148561959,0.639344262295082,26.24096189779836,1.0,0.7996646577914491,True,False
676,0.5,0.99,-1.0,1.0,0.0,0.0,0.5,0.98,1.0,1e-12,0.7807754278412224,-0.021064325506655712,0.6737528344671202,0.5184426229508197,0.5099454269330259,0.39344262295081966,26.322203265903,3.0,0.8414993868536065,True,False
677,0.5,0.99,-1.0,0.0,0.0,1.0,0.5,0.98,1.0,1e-12,0.787845104110152,-0.028134001775585227,0.7267573696145125,0.6454918032786886,0.8228184561081615,0.6639344262295082,3.8183443009180276,1.0,0.8466101697932362,True,False
678,0.5,0.99,-1.0,0.5,0.0,0.5,0.5,0.98,1.0,1e-12,0.7847709504720886,-0.025059848137521823,0.7080498866213153,0.5983606557377049,0.7528218055520058,0.7540983606557377,9.505240068242749,2.0,0.8484977920303575,True,False
679,0.5,0.99,-1.0,0.4,0.2,0.4,0.5,0.98,1.0,1e-12,0.7829372077157267,-0.02322610538115999,0.701530612244898,0.5812841530054644,0.7049994148561959,0.6311475409836066,11.211308798440166,2.0,0.8491851614321013,True,False
680,0.5,0.99,2.0,2.0,0.0,0.0,0.5,0.98,1.0,1e-12,0.7634759355295326,-0.0037648331949658997,0.7409297052154195,0.6974043715846994,0.5099454269330259,0.2459016393442623,19.172962872694775,3.5,0.6043450702145949,True,False
681,0.5,0.99,2.0,0.0,0.0,2.0,0.5,0.98,1.0,1e-12,0.7670543786913091,-0.0073432763567423676,0.7488662131519274,0.715846994535519,0.8228184561081615,0.0,0.0,,0.6082917323039527,False,False
682,0.5,0.99,2.0,1.0,0.0,1.0,0.5,0.98,1.0,1e-12,0.7642133528161353,-0.004502250481568604,0.7463151927437641,0.7117486338797814,0.7528218055520058,0.0,7.067999025103583,,0.5903385402590533,False,False
683,0.5,0.99,2.0,0.8,0.4,0.8,0.5,0.98,1.0,1e-12,0.7630310816620597,-0.00331997932749295,0.7448979591836735,0.7076502732240437,0.7049994148561959,0.0,7.067999025103583,,0.588838474733664,False,False
684,0.5,0.99,1.0,2.0,0.0,0.0,0.5,0.98,1.0,1e-12,0.7659009796212434,-0.006189877286676637,0.7293083900226757,0.6680327868852458,0.5099454269330259,0.4426229508196721,33.55268502721586,3.5,0.6668385275669513,True,False
685,0.5,0.99,1.0,0.0,0.0,2.0,0.5,0.98,1.0,1e-12,0.7724641573467018,-0.012753055012135084,0.7463151927437641,0.7096994535519126,0.8228184561081615,0.09836065573770492,31.92785766512308,0.0,0.6934187390294667,False,False
686,0.5,0.99,1.0,1.0,0.0,1.0,0.5,0.98,1.0,1e-12,0.7674827697447002,-0.007771667410133465,0.7403628117913832,0.6967213114754098,0.7528218055520058,0.06557377049180328,27.540823787472583,0.0,0.6613989393461008,False,False
687,0.5,0.99,1.0,0.8,0.4,0.8,0.5,0.98,1.0,1e-12,0.7668580681096602,-0.007146965775093439,0.7397959183673468,0.6953551912568307,0.7049994148561959,0.09016393442622951,24.291169063287025,0.0,0.659308211809553,False,False
688,0.5,0.99,-0.0,2.0,0.0,0.0,0.5,0.98,1.0,1e-12,0.7707890325719479,-0.011077930237381128,0.7083333333333334,0.614071038251366,0.5099454269330259,0.5409836065573771,43.951580144609636,2.0,0.7417005557168692,True,False
689,0.5,0.99,-0.0,0.0,0.0,2.0,0.5,0.98,1.0,1e-12,0.7798922981915042,-0.02018119585693745,0.7395124716553287,0.6898907103825136,0.8228184561081615,0.21311475409836064,14.54220489073036,0.0,0.7785269149261255,True,False
690,0.5,0.99,-0.0,1.0,0.0,1.0,0.5,0.98,1.0,1e-12,0.7748402184370434,-0.015129116102476692,0.7329931972789115,0.6789617486338797,0.7528218055520058,0.2786885245901639,35.17751238930864,0.0,0.7485273208809299,True,False
691,0.5,0.99,-0.0,0.8,0.4,0.8,0.5,0.98,1.0,1e-12,0.7711711582203642,-0.01146005588579746,0.7290249433106575,0.6700819672131147,0.7049994148561959,0.32786885245901637,35.82744333414575,1.0,0.7464091283320405,True,False
692,0.5,0.99,-1.0,2.0,0.0,0.0,0.5,0.98,1.0,1e-12,0.7771852436304294,-0.017474141295862666,0.6652494331065759,0.5102459016393442,0.5099454269330259,0.5655737704918032,37.69599480055244,2.0,0.8172910807549695,True,False
693,0.5,0.99,-1.0,0.0,0.0,2.0,0.5,0.98,1.0,1e-12,0.7882224580930876,-0.028511355758520818,0.7295918367346939,0.6625683060109291,0.8228184561081615,0.36065573770491804,6.336826712161833,0.0,0.8423341460654249,True,False
694,0.5,0.99,-1.0,1.0,0.0,1.0,0.5,0.98,1.0,1e-12,0.7825043049360246,-0.022793202601457896,0.7148526077097507,0.6304644808743168,0.7528218055520058,0.6147540983606558,19.74165244942725,1.0,0.8325100705013926,True,False
695,0.5,0.99,-1.0,0.8,0.4,0.8,0.5,0.98,1.0,1e-12,0.7801402712045097,-0.02042916886994295,0.7069160997732425,0.610655737704918,0.7049994148561959,0.639344262295082,26.24096189779836,1.0,0.832286587155113,True,False
696,0.5,0.99,-2.0,2.0,0.0,0.0,0.5,0.98,1.0,1e-12,0.784146988141349,-0.024435885806782243,0.6011904761904762,0.3770491803278688,0.5099454269330259,0.39344262295081966,26.322203265903,3.0,0.8820399565530207,True,False
697,0.5,0.99,-2.0,0.0,0.0,2.0,0.5,0.98,1.0,1e-12,0.7972377573702863,-0.037526655035719614,0.7191043083900227,0.6290983606557377,0.8228184561081615,0.6639344262295082,3.8183443009180276,1.0,0.8862124073423708,True,False
698,0.5,0.99,-2.0,1.0,0.0,1.0,0.5,0.98,1.0,1e-12,0.7904820937324071,-0.03077099139784034,0.6799886621315192,0.5362021857923497,0.7528218055520058,0.7540983606557377,9.505240068242749,2.0,0.8985157682601781,True,False
699,0.5,0.99,-2.0,0.8,0.4,0.8,0.5,0.98,1.0,1e-12,0.7883947760855707,-0.028683673751004002,0.6663832199546486,0.5027322404371585,0.7049994148561959,0.6311475409836066,11.211308798440166,2.0,0.9008274806191666,True,False
700,0.5,0.99,4.0,4.0,0.0,0.0,0.5,0.98,1.0,1e-12,0.7614563777064034,-0.0017452753718366631,0.7414965986394558,0.6994535519125684,0.5099454269330259,0.2459016393442623,19.172962872694775,3.5,0.5787402965426518,True,False
701,0.5,0.99,4.0,0.0,0.0,4.0,0.5,0.98,1.0,1e-12,0.7621484600949143,-0.0024373577603475916,0.7485827664399093,0.7172131147540982,0.8228184561081615,0.0,0.0,,0.5600451035416218,False,False
702,0.5,0.99,4.0,2.0,0.0,2.0,0.5,0.98,1.0,1e-12,0.761137500155383,-0.0014263978208162165,0.7488662131519275,0.7185792349726776,0.7528218055520058,0.0,7.067999025103583,,0.5529266984131869,False,False
703,0.5,0.99,4.0,1.6,0.8,1.6,0.5,0.98,1.0,1e-12,0.7602477924204372,-0.0005366900858704282,0.7485827664399093,0.717896174863388,0.7049994148561959,0.0,7.067999025103583,,0.5529653873593372,False,False
704,0.5,0.99,2.0,4.0,0.0,0.0,0.5,0.98,1.0,1e-12,0.7643262756655871,-0.00461517333102035,0.7256235827664398,0.66051912568306,0.5099454269330259,0.4426229508196721,33.55268502721586,3.5,0.649096388522545,True,False
705,0.5,0.99,2.0,0.0,0.0,4.0,0.5,0.98,1.0,1e-12,0.7712480300575796,-0.011536927723012846,0.7465986394557823,0.7110655737704918,0.8228184561081615,0.09836065573770492,31.92785766512308,0.0,0.6985045996883871,False,False
706,0.5,0.99,2.0,2.0,0.0,2.0,0.5,0.98,1.0,1e-12,0.7655821020702229,-0.0058709997356561905,0.7434807256235828,0.7062841530054645,0.7528218055520058,0.06557377049180328,27.540823787472583,0.0,0.6366701948535022,False,False
707,0.5,0.99,2.0,1.6,0.8,1.6,0.5,0.98,1.0,1e-12,0.7645388606996006,-0.004827758365033907,0.7412131519274378,0.6987704918032787,0.7049994148561959,0.09016393442622951,24.291169063287025,0.0,0.6343183595623391,False,False
708,0.5,0.99,-0.0,4.0,0.0,0.0,0.5,0.98,1.0,1e-12,0.7707956629043927,-0.011084560569825985,0.6899092970521541,0.5758196721311475,0.5099454269330259,0.5409836065573771,43.951580144609636,2.0,0.74095174974942,True,False
709,0.5,0.99,-0.0,0.0,0.0,4.0,0.5,0.98,1.0,1e-12,0.7832269937567763,-0.023515891422209556,0.7383786848072562,0.6898907103825137,0.8228184561081615,0.21311475409836064,14.54220489073036,0.0,0.816335647038497,True,False
710,0.5,0.99,-0.0,2.0,0.0,2.0,0.5,0.98,1.0,1e-12,0.7735143892838334,-0.013803286949266691,0.7312925170068028,0.6789617486338798,0.7528218055520058,0.2786885245901639,35.17751238930864,0.0,0.7551673593669825,True,False
711,0.5,0.99,-0.0,1.6,0.8,1.6,0.5,0.98,1.0,1e-12,0.7717133837939181,-0.012002281459351338,0.7278911564625851,0.6693989071038251,0.7049994148561959,0.32786885245901637,35.82744333414575,1.0,0.7490888412470823,True,False
712,0.5,0.99,-2.0,4.0,0.0,0.0,0.5,0.98,1.0,1e-12,0.7777006752128984,-0.017989572878331694,0.6198979591836735,0.435792349726776,0.5099454269330259,0.5655737704918032,37.69599480055244,2.0,0.8328619439434268,True,False
713,0.5,0.99,-2.0,0.0,0.0,4.0,0.5,0.98,1.0,1e-12,0.7960644310509752,-0.036353328716408506,0.7312925170068028,0.6666666666666666,0.8228184561081615,0.36065573770491804,6.336826712161833,0.0,0.8681535604033731,True,False
714,0.5,0.99,-2.0,2.0,0.0,2.0,0.5,0.98,1.0,1e-12,0.7844971643693602,-0.0247860620347935,0.7046485260770975,0.6058743169398906,0.7528218055520058,0.6147540983606558,19.74165244942725,1.0,0.8594687277944879,True,False
715,0.5,0.99,-2.0,1.6,0.8,1.6,0.5,0.98,1.0,1e-12,0.780461054976108,-0.020749952641541225,0.6904761904761905,0.5758196721311475,0.7049994148561959,0.639344262295082,26.24096189779836,1.0,0.8579218432135968,True,False
716,0.5,0.99,-4.0,4.0,0.0,0.0,0.5,0.98,1.0,1e-12,0.7844969566774078,-0.024785854342841085,0.5402494331065759,0.293032786885246,0.5099454269330259,0.39344262295081966,26.322203265903,3.0,0.9058499422139246,True,False
717,0.5,0.99,-4.0,0.0,0.0,4.0,0.5,0.98,1.0,1e-12,0.8009000629357875,-0.04118896060122079,0.711451247165533,0.6229508196721312,0.8228184561081615,0.6639344262295082,3.8183443009180276,1.0,0.8977013811397053,True,False
718,0.5,0.99,-4.0,2.0,0.0,2.0,0.5,0.98,1.0,1e-12,0.796351418469213,-0.036640316134646245,0.6505102040816326,0.4747267759562842,0.7528218055520058,0.7540983606557377,9.505240068242749,2.0,0.9281100680176563,True,False
719,0.5,0.99,-4.0,1.6,0.8,1.6,0.5,0.98,1.0,1e-12,0.7940959677331858,-0.03438486539861907,0.6198979591836735,0.4125683060109289,0.7049994148561959,0.6311475409836066,11.211308798440166,2.0,0.9337748020425954,True,False
720,0.7,0.93,0.5,0.5,0.0,0.0,0.5,0.98,1.0,1e-12,0.7794600706731186,-0.019748968338551887,0.7179705215419501,0.6243169398907105,0.5099454269330259,0.2459016393442623,19.172962872694775,3.5,0.7881389185957562,True,False
721,0.7,0.93,0.5,0.0,0.0,0.5,0.5,0.98,1.0,1e-12,0.7802377333242149,-0.02052663098964813,0.7295918367346939,0.6502732240437157,0.8228184561081615,0.0,0.0,,0.7888793401594896,False,False
722,0.7,0.93,0.5,0.25,0.0,0.25,0.5,0.98,1.0,1e-12,0.7795651915802446,-0.019854089245677886,0.7236394557823129,0.637295081967213,0.7528218055520058,0.0,7.067999025103583,,0.7877054475628867,False,False
723,0.7,0.93,0.5,0.2,0.1,0.2,0.5,0.98,1.0,1e-12,0.7798105138807048,-0.020099411546138035,0.7230725623582765,0.6359289617486339,0.7049994148561959,0.0,7.067999025103583,,0.787597529768922,False,False
724,0.7,0.93,0.25,0.5,0.0,0.0,0.5,0.98,1.0,1e-12,0.780127532764761,-0.020416430430194255,0.7114512471655329,0.6086065573770492,0.5099454269330259,0.4426229508196721,33.55268502721586,3.5,0.8013025030660396,True,False
725,0.7,0.93,0.25,0.0,0.0,0.5,0.5,0.98,1.0,1e-12,0.7816289126915847,-0.02191781035701801,0.7261904761904762,0.6386612021857923,0.8228184561081615,0.09836065573770492,31.92785766512308,0.0,0.8021650975798303,False,False
726,0.7,0.93,0.25,0.25,0.0,0.25,0.5,0.98,1.0,1e-12,0.7805815221755175,-0.020870419840950727,0.719954648526077,0.6263661202185792,0.7528218055520058,0.06557377049180328,27.540823787472583,0.0,0.8011852581830489,False,False
727,0.7,0.93,0.25,0.2,0.1,0.2,0.5,0.98,1.0,1e-12,0.7803318600210933,-0.020620757686526603,0.7191043083900226,0.6243169398907104,0.7049994148561959,0.09016393442622951,24.291169063287025,0.0,0.8011150022440171,False,False
728,0.7,0.93,-0.0,0.5,0.0,0.0,0.5,0.98,1.0,1e-12,0.7812018839565935,-0.021490781622026778,0.7080498866213152,0.5983606557377049,0.5099454269330259,0.5409836065573771,43.951580144609636,2.0,0.8148357553127149,True,False
729,0.7,0.93,-0.0,0.0,0.0,0.5,0.5,0.98,1.0,1e-12,0.7825388076149458,-0.02282770528037903,0.7222222222222222,0.6277322404371585,0.8228184561081615,0.21311475409836064,14.54220489073036,0.0,0.8157364694902548,True,False
730,0.7,0.93,-0.0,0.25,0.0,0.25,0.5,0.98,1.0,1e-12,0.7814813939087225,-0.021770291574155776,0.7154195011337868,0.614071038251366,0.7528218055520058,0.2786885245901639,35.17751238930864,0.0,0.8150467024618561,True,False
731,0.7,0.93,-0.0,0.2,0.1,0.2,0.5,0.98,1.0,1e-12,0.781857032379599,-0.02214593004503229,0.7142857142857143,0.6106557377049179,0.7049994148561959,0.32786885245901637,35.82744333414575,1.0,0.8150211958869529,True,False
732,0.7,0.93,-0.25,0.5,0.0,0.0,0.5,0.98,1.0,1e-12,0.7827742974337689,-0.023063195099202183,0.699546485260771,0.5730874316939891,0.5099454269330259,0.5655737704918032,37.69599480055244,2.0,0.8283836616461575,True,False
733,0.7,0.93,-0.25,0.0,0.0,0.5,0.5,0.98,1.0,1e-12,0.7836977181488562,-0.023986615814289514,0.7145691609977325,0.6099726775956285,0.8228184561081615,0.36065573770491804,6.336826712161833,0.0,0.8292302056799793,True,False
734,0.7,0.93,-0.25,0.25,0.0,0.25,0.5,0.98,1.0,1e-12,0.7836017327850138,-0.023890630450447037,0.7089002267573696,0.5963114754098361,0.7528218055520058,0.6147540983606558,19.74165244942725,1.0,0.8289027504999658,True,False
735,0.7,0.93,-0.25,0.2,0.1,0.2,0.5,0.98,1.0,1e-12,0.7830631840321792,-0.023352081697612492,0.7071995464852608,0.5922131147540983,0.7049994148561959,0.639344262295082,26.24096189779836,1.0,0.8289250160528983,True,False
736,0.7,0.93,-0.5,0.5,0.0,0.0,0.5,0.98,1.0,1e-12,0.7841384228708842,-0.024427320536317465,0.6918934240362813,0.5505464480874317,0.5099454269330259,0.39344262295081966,26.322203265903,3.0,0.8415887499466513,True,False
737,0.7,0.93,-0.5,0.0,0.0,0.5,0.5,0.98,1.0,1e-12,0.7851835229084705,-0.025472420573903753,0.7106009070294785,0.5969945355191256,0.8228184561081615,0.6639344262295082,3.8183443009180276,1.0,0.8422993203176535,True,False
738,0.7,0.93,-0.5,0.25,0.0,0.25,0.5,0.98,1.0,1e-12,0.7844502142541041,-0.02473911191953737,0.7026643990929704,0.5771857923497268,0.7528218055520058,0.7540983606557377,9.505240068242749,2.0,0.8423676372880684,True,False
739,0.7,0.93,-0.5,0.2,0.1,0.2,0.5,0.98,1.0,1e-12,0.7841313367030837,-0.024420234368516924,0.7003968253968255,0.5724043715846995,0.7049994148561959,0.6311475409836066,11.211308798440166,2.0,0.8424359047929306,True,False
740,0.7,0.93,1.0,1.0,0.0,0.0,0.5,0.98,1.0,1e-12,0.777484792922465,-0.01777369058789824,0.7222222222222222,0.6372950819672131,0.5099454269330259,0.2459016393442623,19.172962872694775,3.5,0.768799455487181,True,False
741,0.7,0.93,1.0,0.0,0.0,1.0,0.5,0.98,1.0,1e-12,0.7797156473854623,-0.02000454505089555,0.7344104308390024,0.6659836065573771,0.8228184561081615,0.0,0.0,,0.7713695107451876,False,False
742,0.7,0.93,1.0,0.5,0.0,0.5,0.5,0.98,1.0,1e-12,0.7786915435653058,-0.018980441230739054,0.7298752834467119,0.6571038251366119,0.7528218055520058,0.0,7.067999025103583,,0.7666614150549772,False,False
743,0.7,0.93,1.0,0.4,0.2,0.4,0.5,0.98,1.0,1e-12,0.7779333236106573,-0.018222221276090522,0.7293083900226757,0.6550546448087431,0.7049994148561959,0.0,7.067999025103583,,0.7662088642454237,False,False
744,0.7,0.93,0.5,1.0,0.0,0.0,0.5,0.98,1.0,1e-12,0.7788970424315189,-0.01918594009695218,0.7140022675736962,0.6154371584699453,0.5099454269330259,0.4426229508196721,33.55268502721586,3.5,0.790591304986522,True,False
745,0.7,0.93,0.5,0.0,0.0,1.0,0.5,0.98,1.0,1e-12,0.7803337186880573,-0.020622616353490608,0.731859410430839,0.6557377049180328,0.8228184561081615,0.09836065573770492,31.92785766512308,0.0,0.794869571778892,False,False
746,0.7,0.93,0.5,0.5,0.0,0.5,0.5,0.98,1.0,1e-12,0.7791459888114177,-0.019434886476850988,0.7259070294784581,0.6461748633879781,0.7528218055520058,0.06557377049180328,27.540823787472583,0.0,0.7899325963526148,False,False
747,0.7,0.93,0.5,0.4,0.2,0.4,0.5,0.98,1.0,1e-12,0.7792545718069055,-0.01954346947233876,0.7233560090702947,0.6413934426229507,0.7049994148561959,0.09016393442622951,24.291169063287025,0.0,0.7895683140068316,False,False
748,0.7,0.93,-0.0,1.0,0.0,0.0,0.5,0.98,1.0,1e-12,0.7810596859290571,-0.021348583594490322,0.7043650793650794,0.5922131147540984,0.5099454269330259,0.5409836065573771,43.951580144609636,2.0,0.814300163358495,True,False
749,0.7,0.93,-0.0,0.0,0.0,1.0,0.5,0.98,1.0,1e-12,0.7829733543292543,-0.023262251994687566,0.7270408163265306,0.6420765027322404,0.8228184561081615,0.21311475409836064,14.54220489073036,0.0,0.8192377325529118,True,False
750,0.7,0.93,-0.0,0.5,0.0,0.5,0.5,0.98,1.0,1e-12,0.781738142230947,-0.02202703989638022,0.7199546485260772,0.6243169398907104,0.7528218055520058,0.2786885245901639,35.17751238930864,0.0,0.8153239149850835,True,False
751,0.7,0.93,-0.0,0.4,0.2,0.4,0.5,0.98,1.0,1e-12,0.781520761507614,-0.021809659173047224,0.7157029478458049,0.6161202185792349,0.7049994148561959,0.32786885245901637,35.82744333414575,1.0,0.8151383061783745,True,False
752,0.7,0.93,-0.5,1.0,0.0,0.0,0.5,0.98,1.0,1e-12,0.7822061895398412,-0.02249508720527449,0.6890589569160998,0.548497267759563,0.5099454269330259,0.5655737704918032,37.69599480055244,2.0,0.8381425517465025,True,False
753,0.7,0.93,-0.5,0.0,0.0,1.0,0.5,0.98,1.0,1e-12,0.7858425365139127,-0.026131434179345936,0.7191043083900227,0.6202185792349727,0.8228184561081615,0.36065573770491804,6.336826712161833,0.0,0.8423255010593934,True,False
754,0.7,0.93,-0.5,0.5,0.0,0.5,0.5,0.98,1.0,1e-12,0.7837080253020206,-0.023996922967453815,0.70578231292517,0.5901639344262295,0.7528218055520058,0.6147540983606558,19.74165244942725,1.0,0.8405923517173902,True,False
755,0.7,0.93,-0.5,0.4,0.2,0.4,0.5,0.98,1.0,1e-12,0.7829639776829729,-0.023252875348406143,0.701530612244898,0.5792349726775957,0.7049994148561959,0.639344262295082,26.24096189779836,1.0,0.8406589210041495,True,False
756,0.7,0.93,-1.0,1.0,0.0,0.0,0.5,0.98,1.0,1e-12,0.785525453092809,-0.025814350758242233,0.6771541950113378,0.5122950819672131,0.5099454269330259,0.39344262295081966,26.322203265903,3.0,0.8602956305639378,True,False
757,0.7,0.93,-1.0,0.0,0.0,1.0,0.5,0.98,1.0,1e-12,0.7886761922582776,-0.02896508992371083,0.7089002267573696,0.5928961748633881,0.8228184561081615,0.6639344262295082,3.8183443009180276,1.0,0.8626945694947845,True,False
758,0.7,0.93,-1.0,0.5,0.0,0.5,0.5,0.98,1.0,1e-12,0.7860413810238424,-0.02633027868927562,0.6952947845804989,0.5594262295081966,0.7528218055520058,0.7540983606557377,9.505240068242749,2.0,0.8635805962591473,True,False
759,0.7,0.93,-1.0,0.4,0.2,0.4,0.5,0.98,1.0,1e-12,0.7856091247880146,-0.025898022453447855,0.6884920634920636,0.5430327868852459,0.7049994148561959,0.6311475409836066,11.211308798440166,2.0,0.8639032390395578,True,False
760,0.7,0.93,2.0,2.0,0.0,0.0,0.5,0.98,1.0,1e-12,0.7751102109347877,-0.015399108600220979,0.7278911564625851,0.6509562841530054,0.5099454269330259,0.2459016393442623,19.172962872694775,3.5,0.7489782982639934,True,False
761,0.7,0.93,2.0,0.0,0.0,2.0,0.5,0.98,1.0,1e-12,0.7769462681934692,-0.0172351658589025,0.7361111111111112,0.6728142076502733,0.8228184561081615,0.0,0.0,,0.7508308131222635,False,False
762,0.7,0.93,2.0,1.0,0.0,1.0,0.5,0.98,1.0,1e-12,0.7756755296548683,-0.015964427320301566,0.7363945578231292,0.6728142076502732,0.7528218055520058,0.0,7.067999025103583,,0.7424038046113923,False,False
763,0.7,0.93,2.0,0.8,0.4,0.8,0.5,0.98,1.0,1e-12,0.7754235770219633,-0.01571247468739656,0.7352607709750567,0.6687158469945355,0.7049994148561959,0.0,7.067999025103583,,0.7416996922219239,False,False
764,0.7,0.93,1.0,2.0,0.0,0.0,0.5,0.98,1.0,1e-12,0.7772628312421699,-0.017551728907603148,0.7159863945578231,0.6222677595628415,0.5099454269330259,0.4426229508196721,33.55268502721586,3.5,0.7783119619191812,True,False
765,0.7,0.93,1.0,0.0,0.0,2.0,0.5,0.98,1.0,1e-12,0.7803511120090221,-0.02064000967445534,0.7349773242630385,0.6666666666666666,0.8228184561081615,0.09836065573770492,31.92785766512308,0.0,0.7907883877077089,False,False
766,0.7,0.93,1.0,1.0,0.0,1.0,0.5,0.98,1.0,1e-12,0.7783584936786845,-0.018647391344117747,0.7293083900226757,0.6564207650273224,0.7528218055520058,0.06557377049180328,27.540823787472583,0.0,0.7757586858155168,False,False
767,0.7,0.93,1.0,0.8,0.4,0.8,0.5,0.98,1.0,1e-12,0.7776973779564785,-0.017986275621911796,0.7281746031746031,0.6530054644808744,0.7049994148561959,0.09016393442622951,24.291169063287025,0.0,0.7747773239106065,False,False
768,0.7,0.93,-0.0,2.0,0.0,0.0,0.5,0.98,1.0,1e-12,0.7806984797329511,-0.02098737739838441,0.6989795918367347,0.5778688524590164,0.5099454269330259,0.5409836065573771,43.951580144609636,2.0,0.8134512812548569,True,False
769,0.7,0.93,-0.0,0.0,0.0,2.0,0.5,0.98,1.0,1e-12,0.78426260505742,-0.024551502722853225,0.7281746031746033,0.6475409836065575,0.8228184561081615,0.21311475409836064,14.54220489073036,0.0,0.830737123332671,True,False
770,0.7,0.93,-0.0,1.0,0.0,1.0,0.5,0.98,1.0,1e-12,0.7810514281513758,-0.021340325816809114,0.7208049886621316,0.6325136612021859,0.7528218055520058,0.2786885245901639,35.17751238930864,0.0,0.8166556812298242,True,False
771,0.7,0.93,-0.0,0.8,0.4,0.8,0.5,0.98,1.0,1e-12,0.7805796136081378,-0.020868511273571033,0.7174036281179139,0.6256830601092895,0.7049994148561959,0.32786885245901637,35.82744333414575,1.0,0.8156614275844271,True,False
772,0.7,0.93,-1.0,2.0,0.0,0.0,0.5,0.98,1.0,1e-12,0.7824096390305715,-0.022698536696004745,0.6740362811791383,0.5177595628415301,0.5099454269330259,0.5655737704918032,37.69599480055244,2.0,0.8489325481094755,True,False
773,0.7,0.93,-1.0,0.0,0.0,2.0,0.5,0.98,1.0,1e-12,0.7883836528629865,-0.02867255052841977,0.7199546485260772,0.6263661202185792,0.8228184561081615,0.36065573770491804,6.336826712161833,0.0,0.8606874563164241,True,False
774,0.7,0.93,-1.0,1.0,0.0,1.0,0.5,0.98,1.0,1e-12,0.785307640557959,-0.02559653822339225,0.7049319727891157,0.58948087431694,0.7528218055520058,0.6147540983606558,19.74165244942725,1.0,0.8560761555414699,True,False
775,0.7,0.93,-1.0,0.8,0.4,0.8,0.5,0.98,1.0,1e-12,0.7845654516058754,-0.024854349271308696,0.6955782312925171,0.566256830601093,0.7049994148561959,0.639344262295082,26.24096189779836,1.0,0.8559712551952572,True,False
776,0.7,0.93,-2.0,2.0,0.0,0.0,0.5,0.98,1.0,1e-12,0.7871569179683215,-0.02744581563375481,0.651077097505669,0.45560109289617484,0.5099454269330259,0.39344262295081966,26.322203265903,3.0,0.8793248775657037,True,False
777,0.7,0.93,-2.0,0.0,0.0,2.0,0.5,0.98,1.0,1e-12,0.7915547510892174,-0.03184364875465062,0.7069160997732427,0.5894808743169399,0.8228184561081615,0.6639344262295082,3.8183443009180276,1.0,0.8812833748749904,True,False
778,0.7,0.93,-2.0,1.0,0.0,1.0,0.5,0.98,1.0,1e-12,0.7895093825231669,-0.0297982801886002,0.6808390022675738,0.5280054644808743,0.7528218055520058,0.7540983606557377,9.505240068242749,2.0,0.8870584218364103,True,False
779,0.7,0.93,-2.0,0.8,0.4,0.8,0.5,0.98,1.0,1e-12,0.7885701431910705,-0.028859040856503815,0.6723356009070295,0.5061475409836066,0.7049994148561959,0.6311475409836066,11.211308798440166,2.0,0.8881435113110374,True,False
780,0.7,0.93,4.0,4.0,0.0,0.0,0.5,0.98,1.0,1e-12,0.7741112736604797,-0.01440017132591298,0.7295918367346939,0.6557377049180326,0.5099454269330259,0.2459016393442623,19.172962872694775,3.5,0.7369597310302243,True,False
781,0.7,0.93,4.0,0.0,0.0,4.0,0.5,0.98,1.0,1e-12,0.7749196242025395,-0.015208521867972724,0.7386621315192743,0.6775956284153005,0.8228184561081615,0.0,0.0,,0.7281844363562714,False,False
782,0.7,0.93,4.0,2.0,0.0,2.0,0.5,0.98,1.0,1e-12,0.7744301512115002,-0.014719048876933427,0.7383786848072562,0.6769125683060109,0.7528218055520058,0.0,7.067999025103583,,0.7248431441531286,False,False
783,0.7,0.93,4.0,1.6,0.8,1.6,0.5,0.98,1.0,1e-12,0.7742175661774865,-0.014506463842919759,0.7380952380952381,0.6762295081967213,0.7049994148561959,0.0,7.067999025103583,,0.7248613042707093,False,False
784,0.7,0.93,2.0,4.0,0.0,0.0,0.5,0.98,1.0,1e-12,0.7762620353008978,-0.016550932966331033,0.7154195011337868,0.6209016393442625,0.5099454269330259,0.4426229508196721,33.55268502721586,3.5,0.7699840191024191,True,False
785,0.7,0.93,2.0,0.0,0.0,4.0,0.5,0.98,1.0,1e-12,0.7794659852310383,-0.019754882896471537,0.7352607709750567,0.668032786885246,0.8228184561081615,0.09836065573770492,31.92785766512308,0.0,0.7931756284251612,False,False
786,0.7,0.93,2.0,2.0,0.0,2.0,0.5,0.98,1.0,1e-12,0.77695103985895,-0.017239937524383242,0.7344104308390024,0.6693989071038251,0.7528218055520058,0.06557377049180328,27.540823787472583,0.0,0.7641513159516438,False,False
787,0.7,0.93,2.0,1.6,0.8,1.6,0.5,0.98,1.0,1e-12,0.7760668435878489,-0.016355741253282208,0.731859410430839,0.662568306010929,0.7049994148561959,0.09016393442622951,24.291169063287025,0.0,0.7630473932639551,False,False
788,0.7,0.93,-0.0,4.0,0.0,0.0,0.5,0.98,1.0,1e-12,0.7802639330186425,-0.020552830684075762,0.691609977324263,0.5614754098360656,0.5099454269330259,0.5409836065573771,43.951580144609636,2.0,0.813099800902789,True,False
789,0.7,0.93,-0.0,0.0,0.0,4.0,0.5,0.98,1.0,1e-12,0.7859270431147101,-0.026215940780143332,0.7284580498866213,0.6502732240437159,0.8228184561081615,0.21311475409836064,14.54220489073036,0.0,0.8484840792221517,True,False
790,0.7,0.93,-0.0,2.0,0.0,2.0,0.5,0.98,1.0,1e-12,0.7811289013256535,-0.021417798991086756,0.7210884353741497,0.6372950819672131,0.7528218055520058,0.2786885245901639,35.17751238930864,0.0,0.8197724339885837,True,False
791,0.7,0.93,-0.0,1.6,0.8,1.6,0.5,0.98,1.0,1e-12,0.7799043255503308,-0.02019322321576411,0.7168367346938775,0.6256830601092895,0.7049994148561959,0.32786885245901637,35.82744333414575,1.0,0.8169192520139367,True,False
792,0.7,0.93,-2.0,4.0,0.0,0.0,0.5,0.98,1.0,1e-12,0.7827403744148731,-0.023029272080306362,0.6618480725623583,0.4918032786885246,0.5099454269330259,0.5655737704918032,37.69599480055244,2.0,0.8562413206265066,True,False
793,0.7,0.93,-2.0,0.0,0.0,4.0,0.5,0.98,1.0,1e-12,0.7908054759693334,-0.031094373634766637,0.7219387755102041,0.6311475409836067,0.8228184561081615,0.36065573770491804,6.336826712161833,0.0,0.8728067732505629,True,False
794,0.7,0.93,-2.0,2.0,0.0,2.0,0.5,0.98,1.0,1e-12,0.7872400146971051,-0.027528912362538405,0.7001133786848073,0.5819672131147541,0.7528218055520058,0.6147540983606558,19.74165244942725,1.0,0.8687302191688413,True,False
795,0.7,0.93,-2.0,1.6,0.8,1.6,0.5,0.98,1.0,1e-12,0.7842961056520057,-0.024585003317438958,0.6901927437641723,0.5587431693989071,0.7049994148561959,0.639344262295082,26.24096189779836,1.0,0.8680041304880148,True,False
796,0.7,0.93,-4.0,4.0,0.0,0.0,0.5,0.98,1.0,1e-12,0.7875551749141975,-0.02784407257963073,0.6332199546485261,0.4173497267759563,0.5099454269330259,0.39344262295081966,26.322203265903,3.0,0.8905009932840872,True,False
797,0.7,0.93,-4.0,0.0,0.0,4.0,0.5,0.98,1.0,1e-12,0.7928153731831729,-0.03310427084860612,0.7066326530612245,0.5901639344262295,0.8228184561081615,0.6639344262295082,3.8183443009180276,1.0,0.8866761584941475,True,False
798,0.7,0.93,-4.0,2.0,0.0,2.0,0.5,0.98,1.0,1e-12,0.7911663026011397,-0.031455200266573,0.6683673469387755,0.49795081967213106,0.7528218055520058,0.7540983606557377,9.505240068242749,2.0,0.9009496237633896,True,False
799,0.7,0.93,-4.0,1.6,0.8,1.6,0.5,0.98,1.0,1e-12,0.7910867800513791,-0.03137567771681238,0.6536281179138321,0.4631147540983606,0.7049994148561959,0.6311475409836066,11.211308798440166,2.0,0.903608580550606,True,False
800,0.7,0.97,0.5,0.5,0.0,0.0,0.5,0.98,1.0,1e-12,0.7802338252817679,-0.020522722947201144,0.7106009070294785,0.6065573770491803,0.5099454269330259,0.2459016393442623,19.172962872694775,3.5,0.8034674261776267,True,False
801,0.7,0.97,0.5,0.0,0.0,0.5,0.5,0.98,1.0,1e-12,0.7819477902426052,-0.022236687908038455,0.725907029478458,0.6379781420765027,0.8228184561081615,0.0,0.0,,0.8043366167089658,False,False
802,0.7,0.97,0.5,0.25,0.0,0.25,0.5,0.98,1.0,1e-12,0.7809003997265378,-0.021189297391971063,0.7202380952380952,0.6270491803278687,0.7528218055520058,0.0,7.067999025103583,,0.8029585688781712,False,False
803,0.7,0.97,0.5,0.2,0.1,0.2,0.5,0.98,1.0,1e-12,0.7804578363375458,-0.020746734002979106,0.7188208616780045,0.6243169398907104,0.7049994148561959,0.0,7.067999025103583,,0.8028318827722127,False,False
804,0.7,0.97,0.25,0.5,0.0,0.0,0.5,0.98,1.0,1e-12,0.7817136627421818,-0.022002560407615057,0.7049319727891157,0.5908469945355193,0.5099454269330259,0.4426229508196721,33.55268502721586,3.5,0.8189203296862205,True,False
805,0.7,0.97,0.25,0.0,0.0,0.5,0.5,0.98,1.0,1e-12,0.7831765627169865,-0.02346546038241981,0.7210884353741497,0.6249999999999999,0.8228184561081615,0.09836065573770492,31.92785766512308,0.0,0.8199329406371922,False,False
806,0.7,0.97,0.25,0.25,0.0,0.25,0.5,0.98,1.0,1e-12,0.7822325276955706,-0.022521425361003877,0.7137188208616779,0.6099726775956285,0.7528218055520058,0.06557377049180328,27.540823787472583,0.0,0.8187826943887964,False,False
807,0.7,0.97,0.25,0.2,0.1,0.2,0.5,0.98,1.0,1e-12,0.7821759099306195,-0.022464807596052738,0.7123015873015873,0.6058743169398906,0.7049994148561959,0.09016393442622951,24.291169063287025,0.0,0.8187002200255854,False,False
808,0.7,0.97,-0.0,0.5,0.0,0.0,0.5,0.98,1.0,1e-12,0.7829724261691731,-0.02326132383460633,0.6935941043083901,0.5587431693989072,0.5099454269330259,0.5409836065573771,43.951580144609636,2.0,0.834807191019274,True,False
809,0.7,0.97,-0.0,0.0,0.0,0.5,0.5,0.98,1.0,1e-12,0.7841032044174377,-0.024392102082871014,0.7145691609977325,0.6086065573770492,0.8228184561081615,0.21311475409836064,14.54220489073036,0.0,0.835864551140734,True,False
810,0.7,0.97,-0.0,0.25,0.0,0.25,0.5,0.98,1.0,1e-12,0.7836017327850138,-0.023890630450447037,0.70578231292517,0.5887978142076502,0.7528218055520058,0.2786885245901639,35.17751238930864,0.0,0.8350548246291355,True,False
811,0.7,0.97,-0.0,0.2,0.1,0.2,0.5,0.98,1.0,1e-12,0.7837080253020206,-0.023996922967453815,0.7043650793650793,0.586065573770492,0.7049994148561959,0.32786885245901637,35.82744333414575,1.0,0.835024882128162,True,False
812,0.7,0.97,-0.25,0.5,0.0,0.0,0.5,0.98,1.0,1e-12,0.7844573004219046,-0.02474619808733791,0.6867913832199547,0.5362021857923498,0.5099454269330259,0.5655737704918032,37.69599480055244,2.0,0.8507112549759238,True,False
813,0.7,0.97,-0.25,0.0,0.0,0.5,0.5,0.98,1.0,1e-12,0.7871303603866312,-0.027419258052064466,0.7083333333333334,0.5901639344262295,0.8228184561081615,0.36065573770491804,6.336826712161833,0.0,0.851705024059106,True,False
814,0.7,0.97,-0.25,0.25,0.0,0.25,0.5,0.98,1.0,1e-12,0.7849516858865282,-0.02524058355196146,0.6992630385487529,0.5676229508196723,0.7528218055520058,0.6147540983606558,19.74165244942725,1.0,0.8513206201521338,True,False
815,0.7,0.97,-0.25,0.2,0.1,0.2,0.5,0.98,1.0,1e-12,0.784643115488672,-0.024932013154105315,0.697562358276644,0.5614754098360657,0.7049994148561959,0.639344262295082,26.24096189779836,1.0,0.8513467579751415,True,False
816,0.7,0.97,-0.5,0.5,0.0,0.0,0.5,0.98,1.0,1e-12,0.7856246594420153,-0.02591355710744858,0.6748866213151928,0.5040983606557377,0.5099454269330259,0.39344262295081966,26.322203265903,3.0,0.8662128803721557,True,False
817,0.7,0.97,-0.5,0.0,0.0,0.5,0.5,0.98,1.0,1e-12,0.7886026370077174,-0.028891534673150643,0.7012471655328799,0.5730874316939891,0.8228184561081615,0.6639344262295082,3.8183443009180276,1.0,0.8670470281989846,True,False
818,0.7,0.97,-0.5,0.25,0.0,0.25,0.5,0.98,1.0,1e-12,0.7872403057005188,-0.027529203365952104,0.6910430839002268,0.5450819672131147,0.7528218055520058,0.7540983606557377,9.505240068242749,2.0,0.8671272263816455,True,False
819,0.7,0.97,-0.5,0.2,0.1,0.2,0.5,0.98,1.0,1e-12,0.7865780711097127,-0.02686696877514594,0.687358276643991,0.5362021857923498,0.7049994148561959,0.6311475409836066,11.211308798440166,2.0,0.8672073664960489,True,False
820,0.7,0.97,1.0,1.0,0.0,0.0,0.5,0.98,1.0,1e-12,0.7781154618567053,-0.01840435952213859,0.7168367346938775,0.6243169398907104,0.5099454269330259,0.2459016393442623,19.172962872694775,3.5,0.7807645781806036,True,False
821,0.7,0.97,1.0,0.0,0.0,1.0,0.5,0.98,1.0,1e-12,0.7795999782221741,-0.01988887588760735,0.7341269841269842,0.662568306010929,0.8228184561081615,0.0,0.0,,0.7837815995704375,False,False
822,0.7,0.97,1.0,0.5,0.0,0.5,0.5,0.98,1.0,1e-12,0.7790245934519271,-0.01931349111736036,0.7278911564625851,0.6523224043715845,0.7528218055520058,0.0,7.067999025103583,,0.7782547046297558,False,False
823,0.7,0.97,1.0,0.4,0.2,0.4,0.5,0.98,1.0,1e-12,0.7787978360823126,-0.019086733747745832,0.7270408163265306,0.6502732240437158,0.7049994148561959,0.0,7.067999025103583,,0.7777234493315841,False,False
824,0.7,0.97,0.5,1.0,0.0,0.0,0.5,0.98,1.0,1e-12,0.7804045375060515,-0.02069343517148481,0.7060657596371881,0.5969945355191257,0.5099454269330259,0.4426229508196721,33.55268502721586,3.5,0.8063463145493953,True,False
825,0.7,0.97,0.5,0.0,0.0,1.0,0.5,0.98,1.0,1e-12,0.782021801328521,-0.022310698993954214,0.7287414965986394,0.6468579234972678,0.8228184561081615,0.09836065573770492,31.92785766512308,0.0,0.8113686277404384,False,False
826,0.7,0.97,0.5,0.5,0.0,0.5,0.5,0.98,1.0,1e-12,0.7808656130846083,-0.0211545107500416,0.7219387755102041,0.6345628415300546,0.7528218055520058,0.06557377049180328,27.540823787472583,0.0,0.8055730478922,False,False
827,0.7,0.97,0.5,0.4,0.2,0.4,0.5,0.98,1.0,1e-12,0.7797837439134586,-0.02007264157889188,0.7188208616780045,0.6290983606557375,0.7049994148561959,0.09016393442622951,24.291169063287025,0.0,0.8051454120949763,False,False
828,0.7,0.97,-0.0,1.0,0.0,0.0,0.5,0.98,1.0,1e-12,0.7816877804218081,-0.021976678087241353,0.6884920634920636,0.5512295081967213,0.5099454269330259,0.5409836065573771,43.951580144609636,2.0,0.8341784526382332,True,False
829,0.7,0.97,-0.0,0.0,0.0,1.0,0.5,0.98,1.0,1e-12,0.7855236589628922,-0.02581255662832549,0.7210884353741497,0.6270491803278687,0.8228184561081615,0.21311475409836064,14.54220489073036,0.0,0.8399747295186355,True,False
830,0.7,0.97,-0.0,0.5,0.0,0.5,0.5,0.98,1.0,1e-12,0.7831765627169865,-0.02346546038241981,0.7111678004535149,0.6031420765027322,0.7528218055520058,0.2786885245901639,35.17751238930864,0.0,0.8353802480259676,True,False
831,0.7,0.97,-0.0,0.4,0.2,0.4,0.5,0.98,1.0,1e-12,0.7822302372170896,-0.022519134882522884,0.7089002267573696,0.5976775956284154,0.7049994148561959,0.32786885245901637,35.82744333414575,1.0,0.8351623594267874,True,False
832,0.7,0.97,-0.5,1.0,0.0,0.0,0.5,0.98,1.0,1e-12,0.7851302739773918,-0.025419171642825034,0.6697845804988662,0.4979508196721312,0.5099454269330259,0.5655737704918032,37.69599480055244,2.0,0.8621673433545898,True,False
833,0.7,0.97,-0.5,0.0,0.0,1.0,0.5,0.98,1.0,1e-12,0.7896643905679044,-0.02995328823333765,0.7128684807256235,0.6038251366120218,0.8228184561081615,0.36065573770491804,6.336826712161833,0.0,0.8670777621132011,True,False
834,0.7,0.97,-0.5,0.5,0.0,0.5,0.5,0.98,1.0,1e-12,0.7863602585748628,-0.026649156240296068,0.6950113378684807,0.5628415300546449,0.7528218055520058,0.6147540983606558,19.74165244942725,1.0,0.8650431954943277,True,False
835,0.7,0.97,-0.5,0.4,0.2,0.4,0.5,0.98,1.0,1e-12,0.7859453956599999,-0.026234293325433145,0.689625850340136,0.551912568306011,0.7049994148561959,0.639344262295082,26.24096189779836,1.0,0.8651213420483495,True,False
836,0.7,0.97,-1.0,1.0,0.0,0.0,0.5,0.98,1.0,1e-12,0.7872458171643635,-0.027534714829796747,0.6442743764172336,0.439207650273224,0.5099454269330259,0.39344262295081966,26.322203265903,3.0,0.8881731315315792,True,False
837,0.7,0.97,-1.0,0.0,0.0,1.0,0.5,0.98,1.0,1e-12,0.791985148658081,-0.03227404632351427,0.6981292517006803,0.5676229508196722,0.8228184561081615,0.6639344262295082,3.8183443009180276,1.0,0.8909892772330077,True,False
838,0.7,0.97,-1.0,0.5,0.0,0.5,0.5,0.98,1.0,1e-12,0.7898424324097882,-0.030131330075221507,0.6768707482993197,0.5143442622950819,0.7528218055520058,0.7540983606557377,9.505240068242749,2.0,0.8920293956085642,True,False
839,0.7,0.97,-1.0,0.4,0.2,0.4,0.5,0.98,1.0,1e-12,0.7893409607773644,-0.02962985844279764,0.6706349206349207,0.4972677595628416,0.7049994148561959,0.6311475409836066,11.211308798440166,2.0,0.8924081501768723,True,False
840,0.7,0.97,2.0,2.0,0.0,0.0,0.5,0.98,1.0,1e-12,0.7757479660368285,-0.01603686370226176,0.7250566893424036,0.6441256830601094,0.5099454269330259,0.2459016393442623,19.172962872694775,3.5,0.7574962631794706,True,False
841,0.7,0.97,2.0,0.0,0.0,2.0,0.5,0.98,1.0,1e-12,0.7782652018873978,-0.01855409955283105,0.7361111111111112,0.6721311475409836,0.8228184561081615,0.0,0.0,,0.759670954534831,False,False
842,0.7,0.97,2.0,1.0,0.0,1.0,0.5,0.98,1.0,1e-12,0.7766321623079295,-0.016921059973362795,0.7349773242630385,0.6700819672131147,0.7528218055520058,0.0,7.067999025103583,,0.7497783793264171,False,False
843,0.7,0.97,2.0,0.8,0.4,0.8,0.5,0.98,1.0,1e-12,0.775636162055977,-0.01592505972141023,0.733843537414966,0.665983606557377,0.7049994148561959,0.0,7.067999025103583,,0.7489518126083455,False,False
844,0.7,0.97,1.0,2.0,0.0,0.0,0.5,0.98,1.0,1e-12,0.7780265626606633,-0.018315460326096544,0.7063492063492063,0.5990437158469946,0.5099454269330259,0.4426229508196721,33.55268502721586,3.5,0.7919314335572997,True,False
845,0.7,0.97,1.0,0.0,0.0,2.0,0.5,0.98,1.0,1e-12,0.7804077297739732,-0.02069662743940648,0.7332766439909296,0.6612021857923498,0.8228184561081615,0.09836065573770492,31.92785766512308,0.0,0.8065776725264409,False,False
846,0.7,0.97,1.0,1.0,0.0,1.0,0.5,0.98,1.0,1e-12,0.7791096274655326,-0.01939852513096585,0.7267573696145123,0.6509562841530054,0.7528218055520058,0.06557377049180328,27.540823787472583,0.0,0.7889341094356067,False,False
847,0.7,0.97,1.0,0.8,0.4,0.8,0.5,0.98,1.0,1e-12,0.7783411003577198,-0.018629998023153016,0.7250566893424036,0.6461748633879781,0.7049994148561959,0.09016393442622951,24.291169063287025,0.0,0.7877820758950598,False,False
848,0.7,0.97,-0.0,2.0,0.0,0.0,0.5,0.98,1.0,1e-12,0.7821792048402375,-0.022468102505670773,0.6828231292517006,0.5375683060109291,0.5099454269330259,0.5409836065573771,43.951580144609636,2.0,0.8331819388643974,True,False
849,0.7,0.97,-0.0,0.0,0.0,2.0,0.5,0.98,1.0,1e-12,0.7867844694185648,-0.0270733670839981,0.7264739229024944,0.6427595628415302,0.8228184561081615,0.21311475409836064,14.54220489073036,0.0,0.8534740143470486,True,False
850,0.7,0.97,-0.0,1.0,0.0,1.0,0.5,0.98,1.0,1e-12,0.7830631840321792,-0.023352081697612492,0.7142857142857143,0.6168032786885246,0.7528218055520058,0.2786885245901639,35.17751238930864,0.0,0.8369436257915328,True,False
851,0.7,0.97,-0.0,0.8,0.4,0.8,0.5,0.98,1.0,1e-12,0.7818974284334662,-0.022186326098899478,0.7106009070294785,0.6092896174863388,0.7049994148561959,0.32786885245901637,35.82744333414575,1.0,0.8357764584686753,True,False
852,0.7,0.97,-1.0,2.0,0.0,0.0,0.5,0.98,1.0,1e-12,0.7853887665291175,-0.025677664194550753,0.6434240362811791,0.44535519125683065,0.5099454269330259,0.5655737704918032,37.69599480055244,2.0,0.8748338608241667,True,False
853,0.7,0.97,-1.0,0.0,0.0,2.0,0.5,0.98,1.0,1e-12,0.7927019944983655,-0.0329908921637988,0.7108843537414966,0.6045081967213114,0.8228184561081615,0.36065573770491804,6.336826712161833,0.0,0.8886331008931933,True,False
854,0.7,0.97,-1.0,1.0,0.0,1.0,0.5,0.98,1.0,1e-12,0.7883063087010456,-0.02859520636647883,0.6882086167800453,0.5512295081967215,0.7528218055520058,0.6147540983606558,19.74165244942725,1.0,0.8832198347660732,True,False
855,0.7,0.97,-1.0,0.8,0.4,0.8,0.5,0.98,1.0,1e-12,0.786783138164409,-0.0270720358298423,0.6814058956916099,0.5327868852459016,0.7049994148561959,0.639344262295082,26.24096189779836,1.0,0.8830966908813889,True,False
856,0.7,0.97,-2.0,2.0,0.0,0.0,0.5,0.98,1.0,1e-12,0.7880646632213049,-0.028353560886738127,0.596655328798186,0.3422131147540984,0.5099454269330259,0.39344262295081966,26.322203265903,3.0,0.9105118127945216,True,False
857,0.7,0.97,-2.0,0.0,0.0,2.0,0.5,0.98,1.0,1e-12,0.7981182363074594,-0.03840713397289264,0.6995464852607709,0.5696721311475409,0.8228184561081615,0.6639344262295082,3.8183443009180276,1.0,0.9128109183315104,True,False
858,0.7,0.97,-2.0,1.0,0.0,1.0,0.5,0.98,1.0,1e-12,0.7932795553096305,-0.03356845297506372,0.659297052154195,0.47540983606557374,0.7528218055520058,0.7540983606557377,9.505240068242749,2.0,0.9195903212862205,True,False
859,0.7,0.97,-2.0,0.8,0.4,0.8,0.5,0.98,1.0,1e-12,0.7923355202882145,-0.03262441795364779,0.6445578231292517,0.4364754098360656,0.7049994148561959,0.6311475409836066,11.211308798440166,2.0,0.9208641219738265,True,False
860,0.7,0.97,4.0,4.0,0.0,0.0,0.5,0.98,1.0,1e-12,0.7744353787123365,-0.01472427637776974,0.7284580498866213,0.6523224043715846,0.5099454269330259,0.2459016393442623,19.172962872694775,3.5,0.7433875103398284,True,False
861,0.7,0.97,4.0,0.0,0.0,4.0,0.5,0.98,1.0,1e-12,0.7748133316855327,-0.015102229350965946,0.7386621315192743,0.6775956284153005,0.8228184561081615,0.0,0.0,,0.73308607746171,False,False
862,0.7,0.97,4.0,2.0,0.0,2.0,0.5,0.98,1.0,1e-12,0.7745364437285069,-0.014825341393940206,0.7383786848072562,0.6769125683060109,0.7528218055520058,0.0,7.067999025103583,,0.7291636909623682,False,False
863,0.7,0.97,4.0,1.6,0.8,1.6,0.5,0.98,1.0,1e-12,0.7743238586944933,-0.014612756359926538,0.7380952380952381,0.6762295081967213,0.7049994148561959,0.0,7.067999025103583,,0.7291850093612674,False,False
864,0.7,0.97,2.0,4.0,0.0,0.0,0.5,0.98,1.0,1e-12,0.7770257667193912,-0.01731466438482443,0.7071995464852608,0.6004098360655737,0.5099454269330259,0.4426229508196721,33.55268502721586,3.5,0.7821551528593615,True,False
865,0.7,0.97,2.0,0.0,0.0,4.0,0.5,0.98,1.0,1e-12,0.7805478784260267,-0.020836776091459952,0.733843537414966,0.6653005464480874,0.8228184561081615,0.09836065573770492,31.92785766512308,0.0,0.8093800855425805,False,False
866,0.7,0.97,2.0,2.0,0.0,2.0,0.5,0.98,1.0,1e-12,0.7778210637944502,-0.018109961459883417,0.7329931972789115,0.6659836065573772,0.7528218055520058,0.06557377049180328,27.540823787472583,0.0,0.7753080665519299,False,False
867,0.7,0.97,2.0,1.6,0.8,1.6,0.5,0.98,1.0,1e-12,0.7762794286218625,-0.016568326287295765,0.7304421768707483,0.659153005464481,0.7049994148561959,0.09016393442622951,24.291169063287025,0.0,0.7740121573098602,False,False
868,0.7,0.97,-0.0,4.0,0.0,0.0,0.5,0.98,1.0,1e-12,0.7817572557575743,-0.02204615342300753,0.6720521541950113,0.514344262295082,0.5099454269330259,0.5409836065573771,43.951580144609636,2.0,0.8327693314945783,True,False
869,0.7,0.97,-0.0,0.0,0.0,4.0,0.5,0.98,1.0,1e-12,0.7891969158786305,-0.029485813544063766,0.7239229024943311,0.6407103825136613,0.8228184561081615,0.21311475409836064,14.54220489073036,0.0,0.8743073973477433,True,False
870,0.7,0.97,-0.0,2.0,0.0,2.0,0.5,0.98,1.0,1e-12,0.7833610441827963,-0.02364994184822955,0.7151360544217688,0.6243169398907104,0.7528218055520058,0.2786885245901639,35.17751238930864,0.0,0.8406024225083373,True,False
871,0.7,0.97,-0.0,1.6,0.8,1.6,0.5,0.98,1.0,1e-12,0.7811976608868942,-0.021486558552327506,0.7120181405895692,0.6147540983606558,0.7049994148561959,0.32786885245901637,35.82744333414575,1.0,0.8372530349728821,True,False
872,0.7,0.97,-2.0,4.0,0.0,0.0,0.5,0.98,1.0,1e-12,0.7852149501037345,-0.02550384776916781,0.6113945578231292,0.3907103825136612,0.5099454269330259,0.5655737704918032,37.69599480055244,2.0,0.883413724213725,True,False
873,0.7,0.97,-2.0,0.0,0.0,4.0,0.5,0.98,1.0,1e-12,0.7979922599910069,-0.038281157656440135,0.7151360544217688,0.6133879781420766,0.8228184561081615,0.36065573770491804,6.336826712161833,0.0,0.9028601251202257,True,False
874,0.7,0.97,-2.0,2.0,0.0,2.0,0.5,0.98,1.0,1e-12,0.7900873704523454,-0.030376268117778715,0.6856575963718821,0.5471311475409836,0.7528218055520058,0.6147540983606558,19.74165244942725,1.0,0.8980746051112485,True,False
875,0.7,0.97,-2.0,1.6,0.8,1.6,0.5,0.98,1.0,1e-12,0.7882791069222825,-0.0285680045877158,0.6731859410430839,0.5150273224043717,0.7049994148561959,0.639344262295082,26.24096189779836,1.0,0.8972222401381043,True,False
876,0.7,0.97,-4.0,4.0,0.0,0.0,0.5,0.98,1.0,1e-12,0.7905866231837411,-0.03087552084917433,0.5629251700680272,0.2882513661202186,0.5099454269330259,0.39344262295081966,26.322203265903,3.0,0.9236316008117543,True,False
877,0.7,0.97,-4.0,0.0,0.0,4.0,0.5,0.98,1.0,1e-12,0.8005787112381724,-0.040867608903605634,0.6969954648526077,0.5676229508196721,0.8228184561081615,0.6639344262295082,3.8183443009180276,1.0,0.9191415773626948,True,False
878,0.7,0.97,-4.0,2.0,0.0,2.0,0.5,0.98,1.0,1e-12,0.7982898790386258,-0.03857877670405907,0.6374716553287981,0.42691256830601093,0.7528218055520058,0.7540983606557377,9.505240068242749,2.0,0.9358973844178922,True,False
879,0.7,0.97,-4.0,1.6,0.8,1.6,0.5,0.98,1.0,1e-12,0.7966840652617595,-0.036972962927192765,0.6142290249433106,0.3722677595628416,0.7049994148561959,0.6311475409836066,11.211308798440166,2.0,0.9390187684724505,True,False
880,0.7,0.99,0.5,0.5,0.0,0.0,0.5,0.98,1.0,1e-12,0.7809778729008154,-0.021266770566248705,0.7080498866213152,0.5997267759562842,0.5099454269330259,0.2459016393442623,19.172962872694775,3.5,0.8111316799685622,True,False
881,0.7,0.99,0.5,0.0,0.0,0.5,0.5,0.98,1.0,1e-12,0.7823459063803778,-0.022634804045811086,0.7233560090702948,0.6325136612021859,0.8228184561081615,0.0,0.0,,0.8120652549837041,False,False
882,0.7,0.99,0.5,0.25,0.0,0.25,0.5,0.98,1.0,1e-12,0.7815381548285787,-0.021827052494011956,0.7182539682539684,0.6209016393442621,0.7528218055520058,0.0,7.067999025103583,,0.8105851295358136,False,False
883,0.7,0.99,0.5,0.2,0.1,0.2,0.5,0.98,1.0,1e-12,0.7812192772775582,-0.02150817494299151,0.7157029478458049,0.6161202185792349,0.7049994148561959,0.0,7.067999025103583,,0.8104490592738581,False,False
884,0.7,0.99,0.25,0.5,0.0,0.0,0.5,0.98,1.0,1e-12,0.7822428348487348,-0.022531732514168068,0.6984126984126985,0.5724043715846995,0.5099454269330259,0.4426229508196721,33.55268502721586,3.5,0.8277292429963108,True,False
885,0.7,0.99,0.25,0.0,0.0,0.5,0.5,0.98,1.0,1e-12,0.7839103031828699,-0.024199200848303182,0.7182539682539683,0.6181693989071039,0.8228184561081615,0.09836065573770492,31.92785766512308,0.0,0.828816862165873,False,False
886,0.7,0.99,0.25,0.25,0.0,0.25,0.5,0.98,1.0,1e-12,0.7831765627169865,-0.02346546038241981,0.7103174603174602,0.6004098360655737,0.7528218055520058,0.06557377049180328,27.540823787472583,0.0,0.8275814124916702,False,False
887,0.7,0.99,0.25,0.2,0.1,0.2,0.5,0.98,1.0,1e-12,0.7827443064811589,-0.023033204146592157,0.7083333333333334,0.5956284153005464,0.7049994148561959,0.09016393442622951,24.291169063287025,0.0,0.8274928289163695,False,False
888,0.7,0.99,-0.0,0.5,0.0,0.0,0.5,0.98,1.0,1e-12,0.7834935816010429,-0.023782479266476142,0.6910430839002268,0.5491803278688526,0.5099454269330259,0.5409836065573771,43.951580144609636,2.0,0.8447929088725534,True,False
889,0.7,0.99,-0.0,0.0,0.0,0.5,0.5,0.98,1.0,1e-12,0.7858354503461122,-0.026124348011545506,0.7106009070294785,0.5976775956284153,0.8228184561081615,0.21311475409836064,14.54220489073036,0.0,0.8459285919659734,True,False
890,0.7,0.99,-0.0,0.25,0.0,0.25,0.5,0.98,1.0,1e-12,0.7845565067711109,-0.02484540443654415,0.7029478458049887,0.578551912568306,0.7528218055520058,0.2786885245901639,35.17751238930864,0.0,0.8450588857127751,True,False
891,0.7,0.99,-0.0,0.2,0.1,0.2,0.5,0.98,1.0,1e-12,0.7844573004219046,-0.02474619808733791,0.7003968253968255,0.5744535519125684,0.7049994148561959,0.32786885245901637,35.82744333414575,1.0,0.8450267252487667,True,False
892,0.7,0.99,-0.25,0.5,0.0,0.0,0.5,0.98,1.0,1e-12,0.7853994767763565,-0.02568837444178973,0.6771541950113378,0.5109289617486339,0.5099454269330259,0.5655737704918032,37.69599480055244,2.0,0.861875051640807,True,False
893,0.7,0.99,-0.25,0.0,0.0,0.5,0.5,0.98,1.0,1e-12,0.7876318320190552,-0.027920729684488443,0.7046485260770975,0.5812841530054645,0.8228184561081615,0.36065573770491804,6.336826712161833,0.0,0.8629424332486696,True,False
894,0.7,0.99,-0.25,0.25,0.0,0.25,0.5,0.98,1.0,1e-12,0.7861547597086496,-0.02644365737408283,0.6947278911564626,0.5546448087431695,0.7528218055520058,0.6147540983606558,19.74165244942725,1.0,0.8625295549782178,True,False
895,0.7,0.99,-0.25,0.2,0.1,0.2,0.5,0.98,1.0,1e-12,0.7857028196733762,-0.02599171733880945,0.689625850340136,0.5423497267759563,0.7049994148561959,0.639344262295082,26.24096189779836,1.0,0.862557628936263,True,False
896,0.7,0.99,-0.5,0.5,0.0,0.0,0.5,0.98,1.0,1e-12,0.7870953613591458,-0.027384259024579083,0.6604308390022675,0.4713114754098361,0.5099454269330259,0.39344262295081966,26.322203265903,3.0,0.8785249455849081,True,False
897,0.7,0.99,-0.5,0.0,0.0,0.5,0.5,0.98,1.0,1e-12,0.7903073731707817,-0.030596270836214967,0.6941609977324262,0.5553278688524589,0.8228184561081615,0.6639344262295082,3.8183443009180276,1.0,0.8794208821396501,True,False
898,0.7,0.99,-0.5,0.25,0.0,0.25,0.5,0.98,1.0,1e-12,0.7888117886708113,-0.02910068633624452,0.6808390022675738,0.5211748633879781,0.7528218055520058,0.7540983606557377,9.505240068242749,2.0,0.8795070209284341,True,False
899,0.7,0.99,-0.5,0.2,0.1,0.2,0.5,0.98,1.0,1e-12,0.788078048204928,-0.02836694587036126,0.6780045351473922,0.5129781420765027,0.7049994148561959,0.6311475409836066,11.211308798440166,2.0,0.879593097347608,True,False
900,0.7,0.99,1.0,1.0,0.0,0.0,0.5,0.98,1.0,1e-12,0.7783280468907189,-0.01861694455615215,0.7159863945578231,0.6222677595628414,0.5099454269330259,0.2459016393442623,19.172962872694775,3.5,0.786747139527315,True,False
901,0.7,0.99,1.0,0.0,0.0,1.0,0.5,0.98,1.0,1e-12,0.7800251482902013,-0.020314045955634574,0.7341269841269841,0.6618852459016393,0.8228184561081615,0.0,0.0,,0.7899876439830626,False,False
902,0.7,0.99,1.0,0.5,0.0,0.5,0.5,0.98,1.0,1e-12,0.7792545718069055,-0.01954346947233876,0.7270408163265306,0.6502732240437158,0.7528218055520058,0.0,7.067999025103583,,0.784051349417145,False,False
903,0.7,0.99,1.0,0.4,0.2,0.4,0.5,0.98,1.0,1e-12,0.7790175072841267,-0.01930640494955993,0.7264739229024942,0.6495901639344261,0.7049994148561959,0.0,7.067999025103583,,0.7834807418746643,False,False
904,0.7,0.99,0.5,1.0,0.0,0.0,0.5,0.98,1.0,1e-12,0.781061976407538,-0.021350874072971315,0.7020975056689343,0.5867486338797815,0.5099454269330259,0.4426229508196721,33.55268502721586,3.5,0.8142238193308321,True,False
905,0.7,0.99,0.5,0.0,0.0,1.0,0.5,0.98,1.0,1e-12,0.7824366642433839,-0.022725561908817138,0.7270408163265306,0.6427595628415301,0.8228184561081615,0.09836065573770492,31.92785766512308,0.0,0.8196181557212117,False,False
906,0.7,0.99,0.5,0.5,0.0,0.5,0.5,0.98,1.0,1e-12,0.781075907640141,-0.021364805305574275,0.7202380952380952,0.6277322404371585,0.7528218055520058,0.06557377049180328,27.540823787472583,0.0,0.8133932736619924,False,False
907,0.7,0.99,0.5,0.4,0.2,0.4,0.5,0.98,1.0,1e-12,0.7812967504518359,-0.02158564811726915,0.7174036281179139,0.6229508196721312,0.7049994148561959,0.09016393442622951,24.291169063287025,0.0,0.8129339611390486,False,False
908,0.7,0.99,-0.0,1.0,0.0,0.0,0.5,0.98,1.0,1e-12,0.7826444130748693,-0.02293331074030258,0.6805555555555555,0.5314207650273225,0.5099454269330259,0.5409836065573771,43.951580144609636,2.0,0.8441175972781024,True,False
909,0.7,0.99,-0.0,0.0,0.0,1.0,0.5,0.98,1.0,1e-12,0.786264485596576,-0.02655338326200929,0.7188208616780045,0.6215846994535519,0.8228184561081615,0.21311475409836064,14.54220489073036,0.0,0.8503432280014973,True,False
910,0.7,0.99,-0.0,0.5,0.0,0.5,0.5,0.98,1.0,1e-12,0.7839206103360341,-0.024209508001467372,0.7060657596371883,0.5922131147540984,0.7528218055520058,0.2786885245901639,35.17751238930864,0.0,0.8454084145464096,True,False
911,0.7,0.99,-0.0,0.4,0.2,0.4,0.5,0.98,1.0,1e-12,0.7829742848361372,-0.023263182501570445,0.7023809523809523,0.5819672131147541,0.7049994148561959,0.32786885245901637,35.82744333414575,1.0,0.845174386050994,True,False
912,0.7,0.99,-0.5,1.0,0.0,0.0,0.5,0.98,1.0,1e-12,0.786187687683615,-0.026476585349048287,0.6578798185941044,0.4699453551912568,0.5099454269330259,0.5655737704918032,37.69599480055244,2.0,0.8741797391586336,True,False
913,0.7,0.99,-0.5,0.0,0.0,1.0,0.5,0.98,1.0,1e-12,0.7910429723036291,-0.03133186996906234,0.7080498866213152,0.5922131147540983,0.8228184561081615,0.36065573770491804,6.336826712161833,0.0,0.8794538926401049,True,False
914,0.7,0.99,-0.5,0.5,0.0,0.5,0.5,0.98,1.0,1e-12,0.7878512908353135,-0.028140188500746732,0.6904761904761905,0.5498633879781422,0.7528218055520058,0.6147540983606558,19.74165244942725,1.0,0.8772686173827965,True,False
915,0.7,0.99,-0.5,0.4,0.2,0.4,0.5,0.98,1.0,1e-12,0.786558387310267,-0.026847284975700214,0.6842403628117915,0.5368852459016394,0.7049994148561959,0.639344262295082,26.24096189779836,1.0,0.8773525525704494,True,False
916,0.7,0.99,-1.0,1.0,0.0,0.0,0.5,0.98,1.0,1e-12,0.7888079234883747,-0.02909682115380796,0.6196145124716553,0.38251366120218583,0.5099454269330259,0.39344262295081966,26.322203265903,3.0,0.9021118820153998,True,False
917,0.7,0.99,-1.0,0.0,0.0,1.0,0.5,0.98,1.0,1e-12,0.7945283671239185,-0.034817264789351765,0.6910430839002267,0.5512295081967213,0.8228184561081615,0.6639344262295082,3.8183443009180276,1.0,0.9051366311021194,True,False
918,0.7,0.99,-1.0,0.5,0.0,0.5,0.5,0.98,1.0,1e-12,0.7920804898248507,-0.03236938749028395,0.6666666666666666,0.48907103825136605,0.7528218055520058,0.7540983606557377,9.505240068242749,2.0,0.9062537952832727,True,False
919,0.7,0.99,-1.0,0.4,0.2,0.4,0.5,0.98,1.0,1e-12,0.7907793812634039,-0.031068278928837123,0.6561791383219955,0.4631147540983607,0.7049994148561959,0.6311475409836066,11.211308798440166,2.0,0.9066606057455293,True,False
920,0.7,0.99,2.0,2.0,0.0,0.0,0.5,0.98,1.0,1e-12,0.7758542585538354,-0.01614315621926865,0.7213718820861678,0.6345628415300546,0.5099454269330259,0.2459016393442623,19.172962872694775,3.5,0.7617552456372092,True,False
921,0.7,0.99,2.0,0.0,0.0,2.0,0.5,0.98,1.0,1e-12,0.7786108494056644,-0.01889974707109765,0.7363945578231292,0.6721311475409836,0.8228184561081615,0.0,0.0,,0.7640910252411148,False,False
922,0.7,0.99,2.0,1.0,0.0,1.0,0.5,0.98,1.0,1e-12,0.7765258697909228,-0.016814767456356017,0.7346938775510204,0.6693989071038251,0.7528218055520058,0.0,7.067999025103583,,0.7534656666839294,False,False
923,0.7,0.99,2.0,0.8,0.4,0.8,0.5,0.98,1.0,1e-12,0.7758487470899905,-0.016137644755423786,0.7332766439909296,0.6646174863387978,0.7049994148561959,0.0,7.067999025103583,,0.7525778728015563,False,False
924,0.7,0.99,1.0,2.0,0.0,0.0,0.5,0.98,1.0,1e-12,0.7795198853995949,-0.0198087830650282,0.7026643990929705,0.58948087431694,0.5099454269330259,0.4426229508196721,33.55268502721586,3.5,0.798741169376359,True,False
925,0.7,0.99,1.0,0.0,0.0,2.0,0.5,0.98,1.0,1e-12,0.7810525710438145,-0.0213414687092478,0.7329931972789115,0.6598360655737706,0.8228184561081615,0.09836065573770492,31.92785766512308,0.0,0.8144723149358069,False,False
926,0.7,0.99,1.0,1.0,0.0,1.0,0.5,0.98,1.0,1e-12,0.7792230061503398,-0.019511903815773057,0.7253401360544217,0.6475409836065574,0.7528218055520058,0.06557377049180328,27.540823787472583,0.0,0.7955218212456516,False,False
927,0.7,0.99,1.0,0.8,0.4,0.8,0.5,0.98,1.0,1e-12,0.7785536853917334,-0.018842583057166684,0.7244897959183674,0.6454918032786884,0.7049994148561959,0.09016393442622951,24.291169063287025,0.0,0.7942844518872865,False,False
928,0.7,0.99,-0.0,2.0,0.0,0.0,0.5,0.98,1.0,1e-12,0.7822658135577987,-0.022554711223231938,0.6697845804988661,0.5061475409836066,0.5099454269330259,0.5409836065573771,43.951580144609636,2.0,0.8430472676691675,True,False
929,0.7,0.99,-0.0,0.0,0.0,2.0,0.5,0.98,1.0,1e-12,0.78890802928022,-0.029196926945653234,0.7230725623582767,0.6352459016393444,0.8228184561081615,0.21311475409836064,14.54220489073036,0.0,0.8648424598542375,True,False
930,0.7,0.99,-0.0,1.0,0.0,1.0,0.5,0.98,1.0,1e-12,0.7841773586582587,-0.024466256323691926,0.7125850340136054,0.6113387978142076,0.7528218055520058,0.2786885245901639,35.17751238930864,0.0,0.847087598072387,True,False
931,0.7,0.99,-0.0,0.8,0.4,0.8,0.5,0.98,1.0,1e-12,0.7824092072190546,-0.02269810488448787,0.7071995464852608,0.6004098360655737,0.7049994148561959,0.32786885245901637,35.82744333414575,1.0,0.8458339739107995,True,False
932,0.7,0.99,-1.0,2.0,0.0,0.0,0.5,0.98,1.0,1e-12,0.7867776554180064,-0.027066553083439637,0.6150793650793651,0.39344262295081966,0.5099454269330259,0.5655737704918032,37.69599480055244,2.0,0.8877845171815125,True,False
933,0.7,0.99,-1.0,0.0,0.0,2.0,0.5,0.98,1.0,1e-12,0.7965364461840027,-0.03682534384943592,0.7086167800453514,0.5976775956284153,0.8228184561081615,0.36065573770491804,6.336826712161833,0.0,0.902605923181578,True,False
934,0.7,0.99,-1.0,1.0,0.0,1.0,0.5,0.98,1.0,1e-12,0.789699993279254,-0.029988890944687263,0.6816893424036281,0.5341530054644807,0.7528218055520058,0.6147540983606558,19.74165244942725,1.0,0.8967916743783751,True,False
935,0.7,0.99,-1.0,0.8,0.4,0.8,0.5,0.98,1.0,1e-12,0.7880119106387904,-0.028300808304223657,0.6729024943310657,0.5116120218579236,0.7049994148561959,0.639344262295082,26.24096189779836,1.0,0.8966594087244547,True,False
936,0.7,0.99,-2.0,2.0,0.0,0.0,0.5,0.98,1.0,1e-12,0.7899582447279815,-0.03024714239341475,0.5549886621315193,0.27732240437158473,0.5099454269330259,0.39344262295081966,26.322203265903,3.0,0.9261052804089306,True,False
937,0.7,0.99,-2.0,0.0,0.0,2.0,0.5,0.98,1.0,1e-12,0.8004669072573207,-0.04075580492275399,0.6930272108843537,0.5553278688524589,0.8228184561081615,0.6639344262295082,3.8183443009180276,1.0,0.9285746900597703,True,False
938,0.7,0.99,-2.0,1.0,0.0,1.0,0.5,0.98,1.0,1e-12,0.794862920137043,-0.035151817802476226,0.643140589569161,0.43647540983606553,0.7528218055520058,0.7540983606557377,9.505240068242749,2.0,0.9358562710111258,True,False
939,0.7,0.99,-2.0,0.8,0.4,0.8,0.5,0.98,1.0,1e-12,0.7946661537200385,-0.034955051385471725,0.6255668934240364,0.3948087431693989,0.7049994148561959,0.6311475409836066,11.211308798440166,2.0,0.9372244273052212,True,False
940,0.7,0.99,4.0,4.0,0.0,0.0,0.5,0.98,1.0,1e-12,0.7745416712293433,-0.014830568894776519,0.7256235827664399,0.644808743169399,0.5099454269330259,0.2459016393442623,19.172962872694775,3.5,0.7466013999946305,True,False
941,0.7,0.99,4.0,0.0,0.0,4.0,0.5,0.98,1.0,1e-12,0.77492671037034,-0.015215608035773265,0.7383786848072562,0.6775956284153005,0.8228184561081615,0.0,0.0,,0.7355368980144292,False,False
942,0.7,0.99,4.0,2.0,0.0,2.0,0.5,0.98,1.0,1e-12,0.7745364437285069,-0.014825341393940206,0.7380952380952381,0.6762295081967213,0.7528218055520058,0.0,7.067999025103583,,0.7313239643669881,False,False
943,0.7,0.99,4.0,1.6,0.8,1.6,0.5,0.98,1.0,1e-12,0.7744301512115002,-0.014719048876933427,0.7375283446712018,0.6748633879781422,0.7049994148561959,0.0,7.067999025103583,,0.7313468619065465,False,False
944,0.7,0.99,2.0,4.0,0.0,0.0,0.5,0.98,1.0,1e-12,0.7775572293044252,-0.017846126969858433,0.7023809523809523,0.58948087431694,0.5099454269330259,0.4426229508196721,33.55268502721586,3.5,0.7882407197378327,True,False
945,0.7,0.99,2.0,0.0,0.0,4.0,0.5,0.98,1.0,1e-12,0.7809604508624087,-0.021249348527841994,0.7335600907029478,0.6639344262295082,0.8228184561081615,0.09836065573770492,31.92785766512308,0.0,0.8174823141012901,False,False
946,0.7,0.99,2.0,2.0,0.0,2.0,0.5,0.98,1.0,1e-12,0.7784588188964909,-0.0187477165619242,0.731859410430839,0.6632513661202186,0.7528218055520058,0.06557377049180328,27.540823787472583,0.0,0.7808864418520727,False,False
947,0.7,0.99,2.0,1.6,0.8,1.6,0.5,0.98,1.0,1e-12,0.7764990998236766,-0.016787997489109863,0.7287414965986394,0.6550546448087432,0.7049994148561959,0.09016393442622951,24.291169063287025,0.0,0.7794945393328129,False,False
948,0.7,0.99,-0.0,4.0,0.0,0.0,0.5,0.98,1.0,1e-12,0.7820761333085946,-0.022365030974027866,0.655328798185941,0.48224043715847004,0.5099454269330259,0.5409836065573771,43.951580144609636,2.0,0.8426040967904731,True,False
949,0.7,0.99,-0.0,0.0,0.0,4.0,0.5,0.98,1.0,1e-12,0.7920191884612413,-0.03230808612667457,0.7205215419501134,0.6318306010928962,0.8228184561081615,0.21311475409836064,14.54220489073036,0.0,0.8872190564105391,True,False
950,0.7,0.99,-0.0,2.0,0.0,2.0,0.5,0.98,1.0,1e-12,0.7840237105851192,-0.02431260825055248,0.7120181405895692,0.6168032786885246,0.7528218055520058,0.2786885245901639,35.17751238930864,0.0,0.8510174167682142,True,False
951,0.7,0.99,-0.0,1.6,0.8,1.6,0.5,0.98,1.0,1e-12,0.7821847403279211,-0.022473637993354334,0.7083333333333334,0.6058743169398906,0.7049994148561959,0.32786885245901637,35.82744333414575,1.0,0.8474199264523549,True,False
952,0.7,0.99,-2.0,4.0,0.0,0.0,0.5,0.98,1.0,1e-12,0.786431408909479,-0.02672030657491231,0.5773809523809523,0.33879781420765026,0.5099454269330259,0.5655737704918032,37.69599480055244,2.0,0.8969999260073342,True,False
953,0.7,0.99,-2.0,0.0,0.0,4.0,0.5,0.98,1.0,1e-12,0.7988397822357721,-0.03912867990120539,0.711451247165533,0.6065573770491803,0.8228184561081615,0.36065573770491804,6.336826712161833,0.0,0.9178868010550575,True,False
954,0.7,0.99,-2.0,2.0,0.0,2.0,0.5,0.98,1.0,1e-12,0.7910222171891972,-0.03131111485463045,0.6777210884353742,0.5300546448087431,0.7528218055520058,0.6147540983606558,19.74165244942725,1.0,0.9127467980824518,True,False
955,0.7,0.99,-2.0,1.6,0.8,1.6,0.5,0.98,1.0,1e-12,0.7897598320295688,-0.030048729695002052,0.6612811791383221,0.4890710382513661,0.7049994148561959,0.639344262295082,26.24096189779836,1.0,0.9118312949631492,True,False
956,0.7,0.99,-4.0,4.0,0.0,0.0,0.5,0.98,1.0,1e-12,0.7916440368899642,-0.031932934555397474,0.5022675736961452,0.23224043715846993,0.5099454269330259,0.39344262295081966,26.322203265903,3.0,0.9401969045755879,True,False
957,0.7,0.99,-4.0,0.0,0.0,4.0,0.5,0.98,1.0,1e-12,0.8033552458286167,-0.04364414349404999,0.6884920634920635,0.5594262295081966,0.8228184561081615,0.6639344262295082,3.8183443009180276,1.0,0.9353742867969684,True,False
958,0.7,0.99,-4.0,2.0,0.0,2.0,0.5,0.98,1.0,1e-12,0.8006881531630905,-0.040977050828523764,0.6130952380952381,0.3900273224043716,0.7528218055520058,0.7540983606557377,9.505240068242749,2.0,0.9533712647451433,True,False
959,0.7,0.99,-4.0,1.6,0.8,1.6,0.5,0.98,1.0,1e-12,0.7986352666177228,-0.03892416428315604,0.58078231292517,0.3169398907103825,0.7049994148561959,0.6311475409836066,11.211308798440166,2.0,0.9567238624333727,True,False
