seed,method,event_index,sequence_id,cell,window,n_samples,nll,latent_mse
43000,learned_event_learned_qr,9,0,011,1,1,1.0226385728716476,1.3079815288123389e-05
43000,learned_event_learned_qr,9,0,011,4,4,0.36792673353037614,0.016385991160931042
43000,learned_event_learned_qr,9,0,011,8,8,0.9672147460225002,0.07885462981787664
43000,learned_event_learned_qr,9,0,011,16,16,0.9950619434944659,0.05652800633062322
43000,learned_event_learned_qr,115,0,101,1,1,4.87545900426122,0.5518020731230134
43000,learned_event_learned_qr,115,0,101,4,4,1.6022153191744446,0.3377648637861757
43000,learned_event_learned_qr,115,0,101,8,7,1.2449557822492225,0.2067715170005829
43000,learned_event_learned_qr,115,0,101,16,7,1.2449557822492225,0.2067715170005829
43000,learned_event_learned_qr,123,0,101,1,1,3.4664153934228996,0.11918012636454996
43000,learned_event_learned_qr,123,0,101,4,4,1.5745716809246348,0.04180255182649118
43000,learned_event_learned_qr,123,0,101,8,5,1.3971019841016095,0.03394706385012432
43000,learned_event_learned_qr,123,0,101,16,5,1.3971019841016095,0.03394706385012432
43000,learned_event_learned_qr,129,0,101,1,1,1.318384800632131,0.046463395777563074
43000,learned_event_learned_qr,129,0,101,4,4,1.0507103659737616,0.10938719544100012
43000,learned_event_learned_qr,129,0,101,8,8,0.9214465907018926,0.0944399767555908
43000,learned_event_learned_qr,129,0,101,16,15,1.0024618870164739,0.07362727953250411
43000,learned_event_learned_qr,146,0,101,1,1,0.8933117835004624,0.371791498332702
43000,learned_event_learned_qr,146,0,101,4,4,1.0590448757682864,0.12746124448403626
43000,learned_event_learned_qr,146,0,101,8,8,0.8378458366333625,0.0931981541803048
43000,learned_event_learned_qr,146,0,101,16,16,0.8110767451632377,0.0684815501670984
43000,learned_event_learned_qr,166,0,101,1,1,2.312828728877114,0.06126839851443208
43000,learned_event_learned_qr,166,0,101,4,4,1.2000390639248357,0.08063900616764723
43000,learned_event_learned_qr,166,0,101,8,4,1.2000390639248357,0.08063900616764723
43000,learned_event_learned_qr,166,0,101,16,4,1.2000390639248357,0.08063900616764723
43000,learned_event_learned_qr,171,0,101,1,1,2.36764705625725,0.009533874077400856
43000,learned_event_learned_qr,171,0,101,4,4,1.1614254381051792,0.017551329348569136
43000,learned_event_learned_qr,171,0,101,8,8,0.9176694841027809,0.02170009528845223
43000,learned_event_learned_qr,171,0,101,16,10,0.8271139476061947,0.02392457764220706
43000,learned_event_learned_qr,182,0,101,1,1,1.3468249017106055,0.047054905337371854
43000,learned_event_learned_qr,182,0,101,4,4,0.6576016180191059,0.054754508009200065
43000,learned_event_learned_qr,182,0,101,8,8,0.9275235854655439,0.07084698739457107
43000,learned_event_learned_qr,182,0,101,16,11,0.8374333876727728,0.06817891553857995
43000,learned_event_learned_qr,195,0,101,1,1,0.5023594619587104,0.002329145960391078
43000,learned_event_learned_qr,195,0,101,4,4,0.5457399493812916,0.06951483950369447
43000,learned_event_learned_qr,195,0,101,8,8,0.5491868983914102,0.054798345293079254
43000,learned_event_learned_qr,195,0,101,16,11,0.5688109367944371,0.05864014648129117
43000,learned_event_learned_qr,207,0,101,1,1,1.506526312606787,0.1958976749247142
43000,learned_event_learned_qr,207,0,101,4,4,0.9372276953369701,0.05422515307544605
43000,learned_event_learned_qr,207,0,101,8,5,0.8219534570924205,0.043611587033092425
43000,learned_event_learned_qr,207,0,101,16,5,0.8219534570924205,0.043611587033092425
43000,learned_event_learned_qr,213,0,101,1,1,2.1705633399028277,0.19487519674233006
43000,learned_event_learned_qr,213,0,101,4,4,0.9931732100264439,0.10937969323404939
43000,learned_event_learned_qr,213,0,101,8,7,0.7564503297813936,0.07955210482551199
43000,learned_event_learned_qr,213,0,101,16,7,0.7564503297813936,0.07955210482551199
43000,learned_event_learned_qr,221,0,101,1,1,0.5641430933547416,0.019078199155338614
43000,learned_event_learned_qr,221,0,101,4,4,0.1545288692741015,0.021156230996079623
43000,learned_event_learned_qr,221,0,101,8,8,0.04137399506756001,0.01630235089144415
43000,learned_event_learned_qr,221,0,101,16,16,0.16126407690347122,0.014962030450355629
43000,learned_event_learned_qr,244,0,110,1,1,-0.23947366103101095,0.005247953942148888
43000,learned_event_learned_qr,244,0,110,4,1,-0.23947366103101095,0.005247953942148888
43000,learned_event_learned_qr,244,0,110,8,1,-0.23947366103101095,0.005247953942148888
43000,learned_event_learned_qr,244,0,110,16,1,-0.23947366103101095,0.005247953942148888
43000,learned_event_learned_qr,246,0,110,1,1,-0.013091971243085362,0.0022038922854798544
43000,learned_event_learned_qr,246,0,110,4,4,0.05118967806566285,0.00852091655657367
43000,learned_event_learned_qr,246,0,110,8,8,0.17646775558598995,0.010336699918935505
43000,learned_event_learned_qr,246,0,110,16,16,-0.0008609659986559513,0.008990770190585468
43000,learned_event_learned_qr,273,0,110,1,1,0.1075218984971875,0.0008064557234299426
43000,learned_event_learned_qr,273,0,110,4,4,-0.08391932416117788,0.003209461404112209
43000,learned_event_learned_qr,273,0,110,8,6,0.007396614819892142,0.007824539461071738
43000,learned_event_learned_qr,273,0,110,16,6,0.007396614819892142,0.007824539461071738
43000,learned_event_learned_qr,280,0,110,1,1,0.5647811578954826,0.014240796565712912
43000,learned_event_learned_qr,280,0,110,4,4,-0.04271651137233505,0.004704805688525253
43000,learned_event_learned_qr,280,0,110,8,6,-0.09972148598354995,0.0042378459301049476
43000,learned_event_learned_qr,280,0,110,16,6,-0.09972148598354995,0.0042378459301049476
43000,learned_event_learned_qr,287,0,110,1,1,1.6933712639890437,0.12257040894669192
43000,learned_event_learned_qr,287,0,110,4,4,1.3191466089169548,0.11530753802200144
43000,learned_event_learned_qr,287,0,110,8,4,1.3191466089169548,0.11530753802200144
43000,learned_event_learned_qr,287,0,110,16,4,1.3191466089169548,0.11530753802200144
43000,learned_event_learned_qr,292,0,101,1,1,1.3366283173396463,0.002079062313137136
43000,learned_event_learned_qr,292,0,101,4,4,0.5263609464857232,0.037516197315000534
43000,learned_event_learned_qr,292,0,101,8,8,0.27607779792974957,0.030385025828591105
43000,learned_event_learned_qr,292,0,101,16,16,0.5703704860988055,0.0532460289862237
43000,learned_event_learned_qr,328,0,101,1,1,0.0537637024476655,0.18162270170768813
43000,learned_event_learned_qr,328,0,101,4,4,1.8118848872940891,0.1346875353428654
43000,learned_event_learned_qr,328,0,101,8,8,1.2506805289913687,0.17238489076695634
43000,learned_event_learned_qr,328,0,101,16,8,1.2506805289913687,0.17238489076695634
43000,learned_event_learned_qr,338,0,101,1,1,1.1085395432404892,0.050870494434003745
43000,learned_event_learned_qr,338,0,101,4,4,0.574266276749579,0.013629752379614911
43000,learned_event_learned_qr,338,0,101,8,8,0.38889676402423834,0.018653766837761807
43000,learned_event_learned_qr,338,0,101,16,16,0.7530424169411517,0.06940464732501224
43000,learned_event_learned_qr,377,0,101,1,1,1.2206371194199428,0.3275502396483594
43000,learned_event_learned_qr,377,0,101,4,4,0.8906813240970798,0.1139262802695692
43000,learned_event_learned_qr,377,0,101,8,8,0.7683415229035799,0.10740261175312152
43000,learned_event_learned_qr,377,0,101,16,16,0.7711715585513116,0.07537345355329685
43000,learned_event_learned_qr,422,0,101,1,1,0.5995882973656951,0.0017316969636839877
43000,learned_event_learned_qr,422,0,101,4,2,0.9246209912810153,0.1554374201164035
43000,learned_event_learned_qr,422,0,101,8,2,0.9246209912810153,0.1554374201164035
43000,learned_event_learned_qr,422,0,101,16,2,0.9246209912810153,0.1554374201164035
43000,learned_event_learned_qr,425,0,101,1,1,0.38832025500374706,0.05839676221086406
43000,learned_event_learned_qr,425,0,101,4,4,1.1299477988174065,0.08393467921221265
43000,learned_event_learned_qr,425,0,101,8,4,1.1299477988174065,0.08393467921221265
43000,learned_event_learned_qr,425,0,101,16,4,1.1299477988174065,0.08393467921221265
43000,learned_event_learned_qr,430,0,101,1,1,0.7648170406375057,0.00015561306062036152
43000,learned_event_learned_qr,430,0,101,4,4,1.132916571260464,0.12144330976460202
43000,learned_event_learned_qr,430,0,101,8,8,1.2979644543761997,0.15496167270226768
43000,learned_event_learned_qr,430,0,101,16,16,1.0039970723970548,0.11377859642228155
43000,learned_event_learned_qr,465,0,111,1,1,0.7150208535510107,0.14039895515474787
43000,learned_event_learned_qr,465,0,111,4,4,0.5168762340184085,0.18967885152177805
43000,learned_event_learned_qr,465,0,111,8,8,0.6675065121914947,0.19772379658866232
43000,learned_event_learned_qr,465,0,111,16,13,0.6807002841427982,0.14810423911029807
43000,learned_event_learned_qr,480,0,111,1,1,1.9748062620143498,0.026551303081096624
43000,learned_event_learned_qr,480,0,111,4,4,1.478093402450289,0.0636345822775342
43000,learned_event_learned_qr,480,0,111,8,8,1.2803017561152248,0.0552033947647117
43000,learned_event_learned_qr,480,0,111,16,8,1.2803017561152248,0.0552033947647117
43000,learned_event_learned_qr,489,0,111,1,1,1.9987494325347837,0.0784999967680254
43000,learned_event_learned_qr,489,0,111,4,4,1.2892762885472895,0.03717916755582188
43000,learned_event_learned_qr,489,0,111,8,4,1.2892762885472895,0.03717916755582188
43000,learned_event_learned_qr,489,0,111,16,4,1.2892762885472895,0.03717916755582188
43000,learned_event_learned_qr,494,0,111,1,1,0.7579365664577812,0.04671469177570321
43000,learned_event_learned_qr,494,0,111,4,4,0.6185992385020953,0.02861748977066183
43000,learned_event_learned_qr,494,0,111,8,8,0.8632026438975552,0.04253943965412596
43000,learned_event_learned_qr,494,0,111,16,13,0.8251839943268819,0.03926205145583239
43000,learned_event_learned_qr,508,0,111,1,1,0.30760239497615194,0.11952582189358085
43000,learned_event_learned_qr,508,0,111,4,4,0.4695040758852602,0.13743930207660052
43000,learned_event_learned_qr,508,0,111,8,8,1.117769427709463,0.19029128400197
43000,learned_event_learned_qr,508,0,111,16,8,1.117769427709463,0.19029128400197
43000,learned_event_learned_qr,517,0,111,1,1,0.42541456291693674,0.01340095487932357
43000,learned_event_learned_qr,517,0,111,4,1,0.42541456291693674,0.01340095487932357
43000,learned_event_learned_qr,517,0,111,8,1,0.42541456291693674,0.01340095487932357
43000,learned_event_learned_qr,517,0,111,16,1,0.42541456291693674,0.01340095487932357
43000,learned_event_learned_qr,519,0,111,1,1,0.708418364654623,0.05202177502181062
43000,learned_event_learned_qr,519,0,111,4,4,0.5586816221809929,0.02328539349471479
43000,learned_event_learned_qr,519,0,111,8,4,0.5586816221809929,0.02328539349471479
43000,learned_event_learned_qr,519,0,111,16,4,0.5586816221809929,0.02328539349471479
43000,learned_event_learned_qr,524,0,111,1,1,0.8470386142510576,0.12695726283326228
43000,learned_event_learned_qr,524,0,111,4,2,0.8226639228678365,0.06401015481849438
43000,learned_event_learned_qr,524,0,111,8,2,0.8226639228678365,0.06401015481849438
43000,learned_event_learned_qr,524,0,111,16,2,0.8226639228678365,0.06401015481849438
43000,learned_event_learned_qr,527,0,111,1,1,1.48137743883907,0.2174626594215511
43000,learned_event_learned_qr,527,0,111,4,4,0.9976733305153795,0.11894466025243355
43000,learned_event_learned_qr,527,0,111,8,8,1.031809789466031,0.10499519434311094
43000,learned_event_learned_qr,527,0,111,16,16,0.9925483215249067,0.0858604142267107
43000,learned_event_learned_qr,548,0,111,1,1,1.2112677845941553,0.0279427662044805
43000,learned_event_learned_qr,548,0,111,4,2,0.7302924590331156,0.014295988459838175
43000,learned_event_learned_qr,548,0,111,8,2,0.7302924590331156,0.014295988459838175
43000,learned_event_learned_qr,548,0,111,16,2,0.7302924590331156,0.014295988459838175
43000,learned_event_learned_qr,551,0,111,1,1,1.7653596768494877,0.0795686730134145
43000,learned_event_learned_qr,551,0,111,4,4,1.160411410707286,0.09838748815667551
43000,learned_event_learned_qr,551,0,111,8,8,1.1139898865750661,0.09888564891281265
43000,learned_event_learned_qr,551,0,111,16,16,1.0512433170761366,0.13296921087385982
43000,learned_event_learned_qr,588,0,111,1,1,0.29814432807215363,0.13210962723089828
43000,learned_event_learned_qr,588,0,111,4,4,0.07125522567244294,0.12688618228932477
43000,learned_event_learned_qr,588,0,111,8,8,1.2361612557110522,0.23858202443678272
43000,learned_event_learned_qr,588,0,111,16,16,1.03229409049744,0.15406935863080135
43000,learned_event_learned_qr,614,0,110,1,1,0.15237735304917419,0.0022643389148765264
43000,learned_event_learned_qr,614,0,110,4,4,0.10494840502720326,0.0008168288996769606
43000,learned_event_learned_qr,614,0,110,8,8,-0.02812200458557547,0.0031108491378795356
43000,learned_event_learned_qr,614,0,110,16,16,0.11224573348186935,0.005778119877385614
43000,learned_event_learned_qr,640,0,110,1,1,-0.23310059603418373,0.006501418861195724
43000,learned_event_learned_qr,640,0,110,4,4,0.06522500393028564,0.012053926076616407
43000,learned_event_learned_qr,640,0,110,8,8,0.15325087194877113,0.012997137809510794
43000,learned_event_learned_qr,640,0,110,16,12,0.20120064764255016,0.017556561336092836
43000,learned_event_learned_qr,653,0,110,1,1,0.13655955305580736,0.013380886409102117
43000,learned_event_learned_qr,653,0,110,4,3,-0.06681468039828779,0.007632739557663889
43000,learned_event_learned_qr,653,0,110,8,3,-0.06681468039828779,0.007632739557663889
43000,learned_event_learned_qr,653,0,110,16,3,-0.06681468039828779,0.007632739557663889
43000,learned_event_learned_qr,657,0,110,1,1,0.04523166679005232,0.0029016734668054407
43000,learned_event_learned_qr,657,0,110,4,1,0.04523166679005232,0.0029016734668054407
43000,learned_event_learned_qr,657,0,110,8,1,0.04523166679005232,0.0029016734668054407
43000,learned_event_learned_qr,657,0,110,16,1,0.04523166679005232,0.0029016734668054407
43000,learned_event_learned_qr,659,0,110,1,1,-0.3320121759650723,0.0029727894750293843
43000,learned_event_learned_qr,659,0,110,4,4,-0.2655280184247451,0.003990717287028373
43000,learned_event_learned_qr,659,0,110,8,8,-0.3201483917017589,0.004994588713466028
43000,learned_event_learned_qr,659,0,110,16,13,-0.3713679895310088,0.008136289719126536
43000,learned_event_learned_qr,673,0,110,1,1,2.8366102660413954,0.003837247124850377
43000,learned_event_learned_qr,673,0,110,4,4,1.4748348750150293,0.014873797796523832
43000,learned_event_learned_qr,673,0,110,8,8,0.8197499342784487,0.014336216622428566
43000,learned_event_learned_qr,673,0,110,16,16,0.5105360820439491,0.01249655998641874
43000,learned_event_learned_qr,698,0,110,1,1,1.10418684110975,0.020178591329171228
43000,learned_event_learned_qr,698,0,110,4,4,0.728645105642549,0.007839731794190912
43000,learned_event_learned_qr,698,0,110,8,8,0.9703757387309643,0.11524642315583138
43000,learned_event_learned_qr,698,0,110,16,16,1.4096698804115873,0.09511901156012117
43000,learned_event_learned_qr,807,0,110,1,1,-0.1065697015993803,4.433519783056623e-05
43000,learned_event_learned_qr,807,0,110,4,3,0.014334079078365,0.007746787566885414
43000,learned_event_learned_qr,807,0,110,8,3,0.014334079078365,0.007746787566885414
43000,learned_event_learned_qr,807,0,110,16,3,0.014334079078365,0.007746787566885414
43000,learned_event_learned_qr,811,0,110,1,1,0.24467916433266232,0.0073599383959219765
43000,learned_event_learned_qr,811,0,110,4,2,-0.034724703141960536,0.0037743178196779415
43000,learned_event_learned_qr,811,0,110,8,2,-0.034724703141960536,0.0037743178196779415
43000,learned_event_learned_qr,811,0,110,16,2,-0.034724703141960536,0.0037743178196779415
43000,learned_event_learned_qr,814,0,110,1,1,-0.39751101349192947,4.406298105229086e-05
43000,learned_event_learned_qr,814,0,110,4,4,0.13808635800260544,0.010751739133066393
43000,learned_event_learned_qr,814,0,110,8,8,-0.08622465104324686,0.006662895997388854
43000,learned_event_learned_qr,814,0,110,16,9,0.15586545264187518,0.00645494670190622
43000,learned_event_learned_qr,824,0,110,1,1,-0.026072855971710177,0.0035699990904857278
43000,learned_event_learned_qr,824,0,110,4,2,0.15163903527234487,0.007368873243618287
43000,learned_event_learned_qr,824,0,110,8,2,0.15163903527234487,0.007368873243618287
43000,learned_event_learned_qr,824,0,110,16,2,0.15163903527234487,0.007368873243618287
43000,learned_event_learned_qr,827,0,110,1,1,0.19465206747984315,0.003905301442439934
43000,learned_event_learned_qr,827,0,110,4,4,0.2902004876209562,0.013403505147090808
43000,learned_event_learned_qr,827,0,110,8,4,0.2902004876209562,0.013403505147090808
43000,learned_event_learned_qr,827,0,110,16,4,0.2902004876209562,0.013403505147090808
43000,learned_event_learned_qr,832,0,110,1,1,0.116148726422864,0.0017218297336785231
43000,learned_event_learned_qr,832,0,110,4,4,-0.05026575713802659,0.008006190829413645
43000,learned_event_learned_qr,832,0,110,8,8,0.13442946674812323,0.009384009606136577
43000,learned_event_learned_qr,832,0,110,16,16,-0.05182710510316574,0.008629087398766475
43000,learned_event_learned_qr,849,0,110,1,1,-0.2021694504248088,0.08179384681198383
43000,learned_event_learned_qr,849,0,110,4,4,0.8718343794778467,0.028077145104689085
43000,learned_event_learned_qr,849,0,110,8,8,0.42259403374929333,0.021358656815539556
43000,learned_event_learned_qr,849,0,110,16,16,0.0068915495598606685,0.01577418982302574
43000,learned_event_learned_qr,869,0,110,1,1,-0.5909230656496566,0.001243728656140445
43000,learned_event_learned_qr,869,0,110,4,4,-0.6314695998404174,0.0019565901069493437
43000,learned_event_learned_qr,869,0,110,8,8,-0.4837776091426315,0.002448844110959807
43000,learned_event_learned_qr,869,0,110,16,9,-0.5301249281722309,0.002224522601225289
43000,learned_event_learned_qr,879,0,110,1,1,-0.8293042034158945,0.0009049777549631829
43000,learned_event_learned_qr,879,0,110,4,4,1.049231765765919,0.01905727414978452
43000,learned_event_learned_qr,879,0,110,8,4,1.049231765765919,0.01905727414978452
43000,learned_event_learned_qr,879,0,110,16,4,1.049231765765919,0.01905727414978452
43000,learned_event_learned_qr,884,0,110,1,1,-0.20658495755132872,0.00018820389837868767
43000,learned_event_learned_qr,884,0,110,4,4,-0.08216578898351642,0.013578726756221553
43000,learned_event_learned_qr,884,0,110,8,8,0.27448621046188104,0.016347275294060423
43000,learned_event_learned_qr,884,0,110,16,16,0.7999655185659391,0.08517021984460144
43000,learned_event_learned_qr,1060,0,111,1,1,0.5248889894429783,0.023047285119024416
43000,learned_event_learned_qr,1060,0,111,4,4,0.7974414641850576,0.1250681945243509
43000,learned_event_learned_qr,1060,0,111,8,5,0.7256537233200558,0.18441166103639534
43000,learned_event_learned_qr,1060,0,111,16,5,0.7256537233200558,0.18441166103639534
43000,learned_event_learned_qr,1066,0,111,1,1,0.9877165781936208,0.17216266649518777
43000,learned_event_learned_qr,1066,0,111,4,2,1.6320958979678655,0.10307282627087701
43000,learned_event_learned_qr,1066,0,111,8,2,1.6320958979678655,0.10307282627087701
43000,learned_event_learned_qr,1066,0,111,16,2,1.6320958979678655,0.10307282627087701
43000,learned_event_learned_qr,1069,0,111,1,1,1.1745300328513262,0.13563981578217513
43000,learned_event_learned_qr,1069,0,111,4,1,1.1745300328513262,0.13563981578217513
43000,learned_event_learned_qr,1069,0,111,8,1,1.1745300328513262,0.13563981578217513
43000,learned_event_learned_qr,1069,0,111,16,1,1.1745300328513262,0.13563981578217513
43000,learned_event_learned_qr,1071,0,111,1,1,1.3917566336492955,0.09336367097778418
43000,learned_event_learned_qr,1071,0,111,4,4,0.8630078083771949,0.025670791139108157
43000,learned_event_learned_qr,1071,0,111,8,8,0.7136511604633327,0.02496956505779767
43000,learned_event_learned_qr,1071,0,111,16,16,0.8800721349744518,0.10831679145179612
43000,learned_event_learned_qr,1106,0,111,1,1,2.4029556344669376,0.15093060877722606
43000,learned_event_learned_qr,1106,0,111,4,4,1.2818407231604332,0.06422854191025675
43000,learned_event_learned_qr,1106,0,111,8,8,0.7757730962081115,0.04315054920036239
43000,learned_event_learned_qr,1106,0,111,16,16,0.5437429712411483,0.061821773468040936
43000,learned_event_learned_qr,1140,0,111,1,1,0.9348562606135296,0.08073178320308019
43000,learned_event_learned_qr,1140,0,111,4,1,0.9348562606135296,0.08073178320308019
43000,learned_event_learned_qr,1140,0,111,8,1,0.9348562606135296,0.08073178320308019
43000,learned_event_learned_qr,1140,0,111,16,1,0.9348562606135296,0.08073178320308019
43000,learned_event_learned_qr,1142,0,111,1,1,0.21454477698795746,0.17992164147004233
43000,learned_event_learned_qr,1142,0,111,4,2,0.42801863291870346,0.1263230374735618
43000,learned_event_learned_qr,1142,0,111,8,2,0.42801863291870346,0.1263230374735618
43000,learned_event_learned_qr,1142,0,111,16,2,0.42801863291870346,0.1263230374735618
43000,learned_event_learned_qr,1145,0,111,1,1,0.17389278188333024,0.015053717281595404
43000,learned_event_learned_qr,1145,0,111,4,4,0.05599939912383701,0.05882520139762567
43000,learned_event_learned_qr,1145,0,111,8,4,0.05599939912383701,0.05882520139762567
43000,learned_event_learned_qr,1145,0,111,16,4,0.05599939912383701,0.05882520139762567
43000,learned_event_learned_qr,1150,0,111,1,1,1.8717827108601957,0.07380565106929507
43000,learned_event_learned_qr,1150,0,111,4,1,1.8717827108601957,0.07380565106929507
43000,learned_event_learned_qr,1150,0,111,8,1,1.8717827108601957,0.07380565106929507
43000,learned_event_learned_qr,1150,0,111,16,1,1.8717827108601957,0.07380565106929507
43000,learned_event_learned_qr,1312,1,110,1,1,0.44303715790436354,0.0015881532500827823
43000,learned_event_learned_qr,1312,1,110,4,4,0.20636514932371217,0.00649871563692446
43000,learned_event_learned_qr,1312,1,110,8,8,0.021494802566702942,0.008947251815546724
43000,learned_event_learned_qr,1312,1,110,16,11,0.0927314553592799,0.007458232596618275
43000,learned_event_learned_qr,1324,1,110,1,1,-0.27745217276480016,0.03701703827215775
43000,learned_event_learned_qr,1324,1,110,4,4,1.3145607470241722,0.02893002357385476
43000,learned_event_learned_qr,1324,1,110,8,8,0.8245939258087289,0.025316086745206197
43000,learned_event_learned_qr,1324,1,110,16,16,0.65650400058139,0.019384640063564714
43000,learned_event_learned_qr,1352,1,110,1,1,1.6170097055910266,4.758863766546692e-05
43000,learned_event_learned_qr,1352,1,110,4,4,0.12689063597479308,0.011026970085135927
43000,learned_event_learned_qr,1352,1,110,8,8,0.2481577748423283,0.010265538812684256
43000,learned_event_learned_qr,1352,1,110,16,16,0.30976615317468426,0.017041610785081155
43000,learned_event_learned_qr,1373,1,110,1,1,-0.28310479830096097,0.009480901368632036
43000,learned_event_learned_qr,1373,1,110,4,4,0.21628225150935426,0.011998715275519324
43000,learned_event_learned_qr,1373,1,110,8,8,0.10050715015563519,0.013391189862086685
43000,learned_event_learned_qr,1373,1,110,16,16,0.2657646225125703,0.012142923599777908
43000,learned_event_learned_qr,1395,1,110,1,1,0.04421436293905245,0.0021293717463342038
43000,learned_event_learned_qr,1395,1,110,4,4,-0.05408828232152911,0.017347799020424486
43000,learned_event_learned_qr,1395,1,110,8,4,-0.05408828232152911,0.017347799020424486
43000,learned_event_learned_qr,1395,1,110,16,4,-0.05408828232152911,0.017347799020424486
43000,learned_event_learned_qr,1401,1,110,1,1,0.3299947063723069,0.036817100799230174
43000,learned_event_learned_qr,1401,1,110,4,4,0.12180657595294161,0.012727102610585125
43000,learned_event_learned_qr,1401,1,110,8,8,0.0297217603270446,0.007438221237243517
43000,learned_event_learned_qr,1401,1,110,16,15,-0.05138244686596489,0.006043976545930591
43000,learned_event_learned_qr,1417,1,110,1,1,-0.4276581709593029,0.0007946829498574798
43000,learned_event_learned_qr,1417,1,110,4,4,0.274928203055466,0.0208618615078069
43000,learned_event_learned_qr,1417,1,110,8,8,-0.04991561197420513,0.01429343362989747
43000,learned_event_learned_qr,1417,1,110,16,16,0.4693487618949415,0.019024194289579383
43000,learned_event_learned_qr,1452,1,111,1,1,1.6062442092956895,0.17012026025378063
43000,learned_event_learned_qr,1452,1,111,4,4,1.4204690744884183,0.10622723613074239
43000,learned_event_learned_qr,1452,1,111,8,7,1.221175947857842,0.09258660463659836
43000,learned_event_learned_qr,1452,1,111,16,7,1.221175947857842,0.09258660463659836
43000,learned_event_learned_qr,1460,1,111,1,1,0.6132478616961852,0.0790152383344811
43000,learned_event_learned_qr,1460,1,111,4,4,0.7210445300101042,0.09996252420793726
43000,learned_event_learned_qr,1460,1,111,8,8,0.7250578753309889,0.05897839477003735
43000,learned_event_learned_qr,1460,1,111,16,16,0.6804029406771797,0.09022402962336734
43000,learned_event_learned_qr,1485,1,111,1,1,2.2957984039380723,0.0003219783236610464
43000,learned_event_learned_qr,1485,1,111,4,4,1.2076751646996737,0.1466491953174052
43000,learned_event_learned_qr,1485,1,111,8,8,0.9708995180047105,0.12014340670001152
43000,learned_event_learned_qr,1485,1,111,16,11,0.8234743059542556,0.087839301101742
43000,learned_event_learned_qr,1497,1,111,1,1,1.5865395607962465,0.0642278133327244
43000,learned_event_learned_qr,1497,1,111,4,3,0.8988831692769431,0.044589732864638965
43000,learned_event_learned_qr,1497,1,111,8,3,0.8988831692769431,0.044589732864638965
43000,learned_event_learned_qr,1497,1,111,16,3,0.8988831692769431,0.044589732864638965
43000,learned_event_learned_qr,1501,1,111,1,1,2.941561836450385,0.08744873441526124
43000,learned_event_learned_qr,1501,1,111,4,4,1.3997998822704774,0.08955471666014084
43000,learned_event_learned_qr,1501,1,111,8,4,1.3997998822704774,0.08955471666014084
43000,learned_event_learned_qr,1501,1,111,16,4,1.3997998822704774,0.08955471666014084
43000,learned_event_learned_qr,1506,1,101,1,1,2.2188088716576284,0.11929839443478049
43000,learned_event_learned_qr,1506,1,101,4,4,1.1483171277742512,0.0562516120162445
43000,learned_event_learned_qr,1506,1,101,8,8,1.0046549969703504,0.04383906596029886
43000,learned_event_learned_qr,1506,1,101,16,16,0.7511332950671818,0.04133777395356955
43000,learned_event_learned_qr,1552,1,101,1,1,1.425114651263814,0.0038760245442983473
43000,learned_event_learned_qr,1552,1,101,4,1,1.425114651263814,0.0038760245442983473
43000,learned_event_learned_qr,1552,1,101,8,1,1.425114651263814,0.0038760245442983473
43000,learned_event_learned_qr,1552,1,101,16,1,1.425114651263814,0.0038760245442983473
43000,learned_event_learned_qr,1555,1,101,1,1,0.7439364309321744,0.023396235490022035
43000,learned_event_learned_qr,1555,1,101,4,4,0.6078845625483092,0.018362253209511382
43000,learned_event_learned_qr,1555,1,101,8,7,0.5225551644978567,0.019452890171957348
43000,learned_event_learned_qr,1555,1,101,16,7,0.5225551644978567,0.019452890171957348
43000,learned_event_learned_qr,1563,1,101,1,1,0.5164037750879443,0.005655250164972404
43000,learned_event_learned_qr,1563,1,101,4,2,0.6843116911652465,0.07857647847709295
43000,learned_event_learned_qr,1563,1,101,8,2,0.6843116911652465,0.07857647847709295
43000,learned_event_learned_qr,1563,1,101,16,2,0.6843116911652465,0.07857647847709295
43000,learned_event_learned_qr,1566,1,101,1,1,1.0790621708962045,0.13739148909234616
43000,learned_event_learned_qr,1566,1,101,4,4,0.8334749559599737,0.05707263139694377
43000,learned_event_learned_qr,1566,1,101,8,8,0.9228105809951129,0.1039780064805569
43000,learned_event_learned_qr,1566,1,101,16,16,0.8112373728788941,0.0764355187810466
43000,learned_event_learned_qr,1594,1,101,1,1,0.42853886607712544,0.010452013143057196
43000,learned_event_learned_qr,1594,1,101,4,4,0.6225568633024086,0.1971512266992238
43000,learned_event_learned_qr,1594,1,101,8,8,0.6264108365531397,0.1049748129107971
43000,learned_event_learned_qr,1594,1,101,16,16,0.6596021632122682,0.11410777349641832
43000,learned_event_learned_qr,1611,1,111,1,1,0.18407959865263315,0.021102902721425756
43000,learned_event_learned_qr,1611,1,111,4,4,0.6398772405652599,0.1625106081476373
43000,learned_event_learned_qr,1611,1,111,8,5,0.570476928185591,0.18170280963306246
43000,learned_event_learned_qr,1611,1,111,16,5,0.570476928185591,0.18170280963306246
43000,learned_event_learned_qr,1617,1,111,1,1,5.8770205739540815,0.6036341096298008
43000,learned_event_learned_qr,1617,1,111,4,4,3.178328811538936,0.2894925082304876
43000,learned_event_learned_qr,1617,1,111,8,8,2.298630835122345,0.182403784500959
43000,learned_event_learned_qr,1617,1,111,16,9,2.1618012751791578,0.1638928200434138
43000,learned_event_learned_qr,1627,1,111,1,1,0.7986186627485324,0.0066471727031765186
43000,learned_event_learned_qr,1627,1,111,4,4,0.995312163067574,0.3152070183176891
43000,learned_event_learned_qr,1627,1,111,8,8,0.7997133645973484,0.18495384260211992
43000,learned_event_learned_qr,1627,1,111,16,14,1.2593086517170768,0.28788356430820994
43000,learned_event_learned_qr,1642,1,111,1,1,0.5107553355345016,4.001120378769898e-06
43000,learned_event_learned_qr,1642,1,111,4,4,0.5126705566761052,0.008349458557432335
43000,learned_event_learned_qr,1642,1,111,8,8,0.8981582067473919,0.03278601963030966
43000,learned_event_learned_qr,1642,1,111,16,16,0.7972886430571977,0.045966362383180706
43000,learned_event_learned_qr,1680,1,111,1,1,2.0587831842479987,4.4604130464608486e-05
43000,learned_event_learned_qr,1680,1,111,4,1,2.0587831842479987,4.4604130464608486e-05
43000,learned_event_learned_qr,1680,1,111,8,1,2.0587831842479987,4.4604130464608486e-05
43000,learned_event_learned_qr,1680,1,111,16,1,2.0587831842479987,4.4604130464608486e-05
43000,learned_event_learned_qr,1682,1,111,1,1,0.653412842072264,0.023340096924596383
43000,learned_event_learned_qr,1682,1,111,4,4,1.0505967835530705,0.20509717817461862
43000,learned_event_learned_qr,1682,1,111,8,8,0.7864223255488954,0.14604071422928855
43000,learned_event_learned_qr,1682,1,111,16,16,0.7203814440570684,0.09333587845952797
43000,learned_event_learned_qr,1699,1,111,1,1,1.0589675048414007,0.08032400837817406
43000,learned_event_learned_qr,1699,1,111,4,4,0.5278803313280624,0.07004142031594034
43000,learned_event_learned_qr,1699,1,111,8,8,0.8567201561392541,0.10715554817513097
43000,learned_event_learned_qr,1699,1,111,16,16,0.829703262438911,0.10257646035757088
43000,learned_event_learned_qr,1721,1,111,1,1,0.41903053221598807,0.05685638145994375
43000,learned_event_learned_qr,1721,1,111,4,4,0.305782466389071,0.049222245297433465
43000,learned_event_learned_qr,1721,1,111,8,8,0.25855127126821126,0.08240933555159267
43000,learned_event_learned_qr,1721,1,111,16,16,0.21787304249895295,0.04671029562948262
43000,learned_event_learned_qr,1800,1,101,1,1,1.090009280974158,0.005903615424040238
43000,learned_event_learned_qr,1800,1,101,4,4,0.5967797261640724,0.010201497522547771
43000,learned_event_learned_qr,1800,1,101,8,8,0.5997599785220094,0.03174775545296439
43000,learned_event_learned_qr,1800,1,101,16,16,0.766660704627365,0.07219756773440544
43000,learned_event_learned_qr,1825,1,101,1,1,0.4770499580009482,0.004441405027363055
43000,learned_event_learned_qr,1825,1,101,4,4,0.6686070883074512,0.1040285912482723
43000,learned_event_learned_qr,1825,1,101,8,8,0.5646300926124593,0.059227708413447044
43000,learned_event_learned_qr,1825,1,101,16,16,0.5825482767463215,0.08059662675973202
43000,learned_event_learned_qr,1842,1,101,1,1,0.4001092396644833,0.03350027416316978
43000,learned_event_learned_qr,1842,1,101,4,4,0.5659330279342912,0.08926427192777878
43000,learned_event_learned_qr,1842,1,101,8,4,0.5659330279342912,0.08926427192777878
43000,learned_event_learned_qr,1842,1,101,16,4,0.5659330279342912,0.08926427192777878
43000,learned_event_learned_qr,1847,1,101,1,1,1.0771492073453717,0.03396756684616337
43000,learned_event_learned_qr,1847,1,101,4,4,0.42946320249297937,0.06947324885554738
43000,learned_event_learned_qr,1847,1,101,8,8,0.7893178616061887,0.07885839646155504
43000,learned_event_learned_qr,1847,1,101,16,12,0.8326778122472495,0.08463333998243235
43000,learned_event_learned_qr,1860,1,101,1,1,0.45663395000998597,0.00032021906443861726
43000,learned_event_learned_qr,1860,1,101,4,4,0.5327534273217431,0.03487481824431731
43000,learned_event_learned_qr,1860,1,101,8,6,0.4760877013191471,0.04998821658442489
43000,learned_event_learned_qr,1860,1,101,16,6,0.4760877013191471,0.04998821658442489
43000,learned_event_learned_qr,1867,1,101,1,1,0.4525252455204601,6.453953640680768e-05
43000,learned_event_learned_qr,1867,1,101,4,4,0.615476007405237,0.018034793049326828
43000,learned_event_learned_qr,1867,1,101,8,8,0.5086872483843616,0.03646299578874189
43000,learned_event_learned_qr,1867,1,101,16,11,0.4072496769038217,0.027522373685721822
43000,learned_event_learned_qr,1879,1,101,1,1,4.786779229318574,0.2438238603304202
43000,learned_event_learned_qr,1879,1,101,4,4,1.7279050822027529,0.09624158520282447
43000,learned_event_learned_qr,1879,1,101,8,8,1.157897953661752,0.07459616026242
43000,learned_event_learned_qr,1879,1,101,16,13,0.960421268690572,0.06270374210883478
43000,learned_event_learned_qr,1893,1,101,1,1,0.30691292592171127,0.0003193858213087396
43000,learned_event_learned_qr,1893,1,101,4,4,1.3518889742147606,0.09179621689088942
43000,learned_event_learned_qr,1893,1,101,8,8,1.1262436411201455,0.10848086635783619
43000,learned_event_learned_qr,1893,1,101,16,13,1.040940011553798,0.08513791369512692
43000,learned_event_learned_qr,1907,1,101,1,1,0.8261501633349229,0.0074449486010163685
43000,learned_event_learned_qr,1907,1,101,4,4,0.5676691861141954,0.04033084318933282
43000,learned_event_learned_qr,1907,1,101,8,6,0.4481138347255435,0.05172177880822811
43000,learned_event_learned_qr,1907,1,101,16,6,0.4481138347255435,0.05172177880822811
43000,learned_event_learned_qr,1914,1,101,1,1,4.842347899275259,0.12423312530633085
43000,learned_event_learned_qr,1914,1,101,4,4,2.131058590023885,0.05575812532616271
43000,learned_event_learned_qr,1914,1,101,8,8,1.7942648254711464,0.12929820556606567
43000,learned_event_learned_qr,1914,1,101,16,16,1.233206504011557,0.08684784466635333
43000,learned_event_learned_qr,1931,1,101,1,1,0.9124420968223034,0.09655795962715208
43000,learned_event_learned_qr,1931,1,101,4,4,0.7430206645858313,0.112539045310721
43000,learned_event_learned_qr,1931,1,101,8,8,0.6609645361923387,0.09978795124715417
43000,learned_event_learned_qr,1931,1,101,16,11,0.9340700825969237,0.1064273212464777
43000,learned_event_learned_qr,1943,1,101,1,1,0.7986366848436,0.0011494200688220064
43000,learned_event_learned_qr,1943,1,101,4,4,0.6845241939562466,0.008074167890091626
43000,learned_event_learned_qr,1943,1,101,8,6,0.7185497457015632,0.017739788682232093
43000,learned_event_learned_qr,1943,1,101,16,6,0.7185497457015632,0.017739788682232093
43000,learned_event_learned_qr,1950,1,101,1,1,0.9053896978262909,0.08263322517485955
43000,learned_event_learned_qr,1950,1,101,4,4,0.8261537263657397,0.11652121325314838
43000,learned_event_learned_qr,1950,1,101,8,5,0.7740942087451704,0.09550695029293181
43000,learned_event_learned_qr,1950,1,101,16,5,0.7740942087451704,0.09550695029293181
43000,learned_event_learned_qr,1956,1,101,1,1,1.0490524359987576,0.10454164531910182
43000,learned_event_learned_qr,1956,1,101,4,4,0.621223019114449,0.03856179513361479
43000,learned_event_learned_qr,1956,1,101,8,8,0.36775845770008647,0.023744122418130786
43000,learned_event_learned_qr,1956,1,101,16,15,0.4846137650885123,0.054819502166641595
43000,learned_event_learned_qr,1972,1,101,1,1,0.3978232550435124,0.06988068561652597
43000,learned_event_learned_qr,1972,1,101,4,4,0.5639803168176312,0.06216978651731224
43000,learned_event_learned_qr,1972,1,101,8,8,0.44097096354411214,0.03566138309883603
43000,learned_event_learned_qr,1972,1,101,16,16,0.7959157257693037,0.07378118885156944
43000,learned_event_learned_qr,2116,1,111,1,1,0.3541055817466554,0.014192478180161342
43000,learned_event_learned_qr,2116,1,111,4,4,0.5094776825487031,0.012702400538388023
43000,learned_event_learned_qr,2116,1,111,8,8,0.4296112955257519,0.017199323140558404
43000,learned_event_learned_qr,2116,1,111,16,9,0.4292158185719364,0.03853367856205544
43000,learned_event_learned_qr,2126,1,111,1,1,2.0337150947240836,0.015275869680246043
43000,learned_event_learned_qr,2126,1,111,4,1,2.0337150947240836,0.015275869680246043
43000,learned_event_learned_qr,2126,1,111,8,1,2.0337150947240836,0.015275869680246043
43000,learned_event_learned_qr,2126,1,111,16,1,2.0337150947240836,0.015275869680246043
43000,learned_event_learned_qr,2129,1,111,1,1,0.847991214256248,0.2992280918005879
43000,learned_event_learned_qr,2129,1,111,4,4,1.1200963479691532,0.10432719918061986
43000,learned_event_learned_qr,2129,1,111,8,8,0.9374781066339427,0.06781966675640991
43000,learned_event_learned_qr,2129,1,111,16,16,0.8511525733078955,0.0954334733446294
43000,learned_event_learned_qr,2149,1,111,1,1,0.35826877899463655,0.012001481043402219
43000,learned_event_learned_qr,2149,1,111,4,4,0.3133800626695725,0.028931412538890606
43000,learned_event_learned_qr,2149,1,111,8,5,0.31331597340573664,0.02340002271620733
43000,learned_event_learned_qr,2149,1,111,16,5,0.31331597340573664,0.02340002271620733
43000,learned_event_learned_qr,2155,1,111,1,1,0.07822409435746602,0.018887292349463354
43000,learned_event_learned_qr,2155,1,111,4,4,0.38252380796651597,0.021941754681873968
43000,learned_event_learned_qr,2155,1,111,8,8,0.5084486223423543,0.04983483010136348
43000,learned_event_learned_qr,2155,1,111,16,10,0.6924299537432175,0.041813874017658695
43000,learned_event_learned_qr,2166,1,111,1,1,3.5798989240020065,0.31465379445080355
43000,learned_event_learned_qr,2166,1,111,4,2,2.149851841800065,0.2064832929678097
43000,learned_event_learned_qr,2166,1,111,8,2,2.149851841800065,0.2064832929678097
43000,learned_event_learned_qr,2166,1,111,16,2,2.149851841800065,0.2064832929678097
43000,learned_event_learned_qr,2169,1,111,1,1,1.081519197508935,0.0001561414005865239
43000,learned_event_learned_qr,2169,1,111,4,1,1.081519197508935,0.0001561414005865239
43000,learned_event_learned_qr,2169,1,111,8,1,1.081519197508935,0.0001561414005865239
43000,learned_event_learned_qr,2169,1,111,16,1,1.081519197508935,0.0001561414005865239
43000,learned_event_learned_qr,2171,1,111,1,1,0.5617994410043095,0.6316567793678158
43000,learned_event_learned_qr,2171,1,111,4,3,0.6995252598986003,0.26830163308117355
43000,learned_event_learned_qr,2171,1,111,8,3,0.6995252598986003,0.26830163308117355
43000,learned_event_learned_qr,2171,1,111,16,3,0.6995252598986003,0.26830163308117355
43000,learned_event_learned_qr,2175,1,111,1,1,0.4482019632329652,0.019770853482669815
43000,learned_event_learned_qr,2175,1,111,4,4,0.3475836082598792,0.02767213464879866
43000,learned_event_learned_qr,2175,1,111,8,8,0.458684161385214,0.1271534610292903
43000,learned_event_learned_qr,2175,1,111,16,16,0.7662083729280009,0.15707462284728346
43000,learned_event_learned_qr,2202,1,111,1,1,2.4517700187883578,0.013749381233131614
43000,learned_event_learned_qr,2202,1,111,4,4,1.2451200095573585,0.01086153947533795
43000,learned_event_learned_qr,2202,1,111,8,8,0.80085790013062,0.00735800222559064
43000,learned_event_learned_qr,2202,1,111,16,11,0.593259969710767,0.006183696939599164
43000,learned_event_learned_qr,2214,1,110,1,1,0.03569892039718318,0.02772103962248636
43000,learned_event_learned_qr,2214,1,110,4,4,-0.2044442616104392,0.014262212004559812
43000,learned_event_learned_qr,2214,1,110,8,8,-0.05001414766927008,0.010927878819447012
43000,learned_event_learned_qr,2214,1,110,16,9,-0.1045933715305777,0.011337203291117677
43000,learned_event_learned_qr,2224,1,110,1,1,-0.30374486977448073,0.03973856888852529
43000,learned_event_learned_qr,2224,1,110,4,4,0.653341179424942,0.011574852201280829
43000,learned_event_learned_qr,2224,1,110,8,8,0.3757600923212193,0.008821202830910884
43000,learned_event_learned_qr,2224,1,110,16,16,0.03384872941474342,0.010566525087996092
43000,learned_event_learned_qr,2248,1,110,1,1,-0.02863436144781439,2.628204811695267e-05
43000,learned_event_learned_qr,2248,1,110,4,4,-0.24669355771816176,0.006516859763001716
43000,learned_event_learned_qr,2248,1,110,8,8,-0.39484098217920993,0.006499262829303073
43000,learned_event_learned_qr,2248,1,110,16,16,-0.33205603119017585,0.006697193031954828
43000,learned_event_learned_qr,2276,1,110,1,1,-0.28108104029061437,0.006159496387769348
43000,learned_event_learned_qr,2276,1,110,4,4,0.6599644930533448,0.025614819727300633
43000,learned_event_learned_qr,2276,1,110,8,8,0.4068156528975805,0.014973928227523445
43000,learned_event_learned_qr,2276,1,110,16,16,0.13130926828182254,0.009641373493650244
43000,learned_event_learned_qr,2313,2,111,1,1,2.529093270627925,1.186834820406178
43000,learned_event_learned_qr,2313,2,111,4,4,1.691618281942311,0.8528012056510386
43000,learned_event_learned_qr,2313,2,111,8,4,1.691618281942311,0.8528012056510386
43000,learned_event_learned_qr,2313,2,111,16,4,1.691618281942311,0.8528012056510386
43000,learned_event_learned_qr,2318,2,111,1,1,1.3207561929694236,0.036733360316055494
43000,learned_event_learned_qr,2318,2,111,4,4,1.0009164859555388,0.013094842516417498
43000,learned_event_learned_qr,2318,2,111,8,7,0.8808122013708338,0.010742103059447283
43000,learned_event_learned_qr,2318,2,111,16,7,0.8808122013708338,0.010742103059447283
43000,learned_event_learned_qr,2326,2,111,1,1,1.149978089447591,0.05337235522926293
43000,learned_event_learned_qr,2326,2,111,4,4,0.5876696920622924,0.031952391025333586
43000,learned_event_learned_qr,2326,2,111,8,8,0.5210114810876983,0.026063572538066834
43000,learned_event_learned_qr,2326,2,111,16,16,0.5863901188443423,0.03919224250079793
43000,learned_event_learned_qr,2345,2,111,1,1,0.9934822614243838,0.025671789306234795
43000,learned_event_learned_qr,2345,2,111,4,4,0.6001327349949939,0.036122012301094145
43000,learned_event_learned_qr,2345,2,111,8,8,0.8035501104982249,0.06556748308692092
43000,learned_event_learned_qr,2345,2,111,16,16,1.0818630572481287,0.10346233602976661
43000,learned_event_learned_qr,2378,2,111,1,1,0.8766355051186275,0.03957103140586318
43000,learned_event_learned_qr,2378,2,111,4,4,0.737015940654043,0.21647324315007915
43000,learned_event_learned_qr,2378,2,111,8,8,1.0087793650795471,0.1251270823986523
43000,learned_event_learned_qr,2378,2,111,16,8,1.0087793650795471,0.1251270823986523
43000,learned_event_learned_qr,2387,2,111,1,1,0.43591756286368144,0.010780252005199886
43000,learned_event_learned_qr,2387,2,111,4,4,0.7623565449702322,0.010518909913822861
43000,learned_event_learned_qr,2387,2,111,8,5,0.6867813202882973,0.008609374638312009
43000,learned_event_learned_qr,2387,2,111,16,5,0.6867813202882973,0.008609374638312009
43000,learned_event_learned_qr,2393,2,111,1,1,1.0087512574245847,0.3591789388965449
43000,learned_event_learned_qr,2393,2,111,4,4,0.8327498271175637,0.12336023237561479
43000,learned_event_learned_qr,2393,2,111,8,8,0.9216568416053891,0.0920515970727615
43000,learned_event_learned_qr,2393,2,111,16,16,0.5970182855133606,0.05031915404838973
43000,learned_event_learned_qr,2417,2,110,1,1,0.11045181733111133,0.013049114558430762
43000,learned_event_learned_qr,2417,2,110,4,4,0.08748980746413301,0.010071029287942061
43000,learned_event_learned_qr,2417,2,110,8,4,0.08748980746413301,0.010071029287942061
43000,learned_event_learned_qr,2417,2,110,16,4,0.08748980746413301,0.010071029287942061
43000,learned_event_learned_qr,2422,2,110,1,1,0.13317456424907737,0.030097023033201484
43000,learned_event_learned_qr,2422,2,110,4,4,0.3065999793950717,0.015688644566612772
43000,learned_event_learned_qr,2422,2,110,8,8,0.24978340718220884,0.010671247681763715
43000,learned_event_learned_qr,2422,2,110,16,15,0.13959057713090736,0.00923175734529914
43000,learned_event_learned_qr,2438,2,110,1,1,0.41796608592858747,0.0007105031797215194
43000,learned_event_learned_qr,2438,2,110,4,3,0.2882593341322287,0.009766608099109545
43000,learned_event_learned_qr,2438,2,110,8,3,0.2882593341322287,0.009766608099109545
43000,learned_event_learned_qr,2438,2,110,16,3,0.2882593341322287,0.009766608099109545
43000,learned_event_learned_qr,2442,2,110,1,1,0.11802285783878978,0.06010729144126382
43000,learned_event_learned_qr,2442,2,110,4,4,-0.10490903419699962,0.02098918960730838
43000,learned_event_learned_qr,2442,2,110,8,8,-0.2514690798436328,0.017227203704759546
43000,learned_event_learned_qr,2442,2,110,16,10,-0.3354008481608912,0.01708784714574534
43000,learned_event_learned_qr,2453,2,110,1,1,5.597982185836295,0.0003204914921611462
43000,learned_event_learned_qr,2453,2,110,4,4,1.5059003024880222,0.007268256459916107
43000,learned_event_learned_qr,2453,2,110,8,8,0.5480501399126854,0.007884844935897079
43000,learned_event_learned_qr,2453,2,110,16,16,1.2733407324731785,0.08981917290908584
43000,learned_event_learned_qr,2596,2,110,1,1,-0.19276548358216353,0.004501416944319069
43000,learned_event_learned_qr,2596,2,110,4,4,-0.2212151164507063,0.004462392708131062
43000,learned_event_learned_qr,2596,2,110,8,8,-0.0370512166470985,0.007433972134959381
43000,learned_event_learned_qr,2596,2,110,16,16,-0.12063510224752828,0.005770927800731082
43000,learned_event_learned_qr,2623,2,110,1,1,0.1186060040075085,0.0027833615880027388
43000,learned_event_learned_qr,2623,2,110,4,4,0.44495656621428165,0.004564621565642857
43000,learned_event_learned_qr,2623,2,110,8,8,0.7550037515677159,0.005298516940342649
43000,learned_event_learned_qr,2623,2,110,16,16,0.44610689120115,0.0066415697382001745
43000,learned_event_learned_qr,2651,2,110,1,1,-0.218097028650667,0.00017698302291326525
43000,learned_event_learned_qr,2651,2,110,4,4,-0.3188151817315529,0.005244572905925447
43000,learned_event_learned_qr,2651,2,110,8,8,-0.15985137446478692,0.01094391258325125
43000,learned_event_learned_qr,2651,2,110,16,16,-0.23817736971040243,0.007938432733686062
43000,learned_event_learned_qr,2669,2,110,1,1,0.3157693989589784,0.00413972407963107
43000,learned_event_learned_qr,2669,2,110,4,1,0.3157693989589784,0.00413972407963107
43000,learned_event_learned_qr,2669,2,110,8,1,0.3157693989589784,0.00413972407963107
43000,learned_event_learned_qr,2669,2,110,16,1,0.3157693989589784,0.00413972407963107
43000,learned_event_learned_qr,2671,2,110,1,1,0.4022693841044492,0.007875687999194025
43000,learned_event_learned_qr,2671,2,110,4,4,0.1473799187859529,0.013294320082773443
43000,learned_event_learned_qr,2671,2,110,8,7,0.3572911570671256,0.02128485092794667
43000,learned_event_learned_qr,2671,2,110,16,7,0.3572911570671256,0.02128485092794667
43000,learned_event_learned_qr,2679,2,110,1,1,-0.08374164450995747,0.024724173549684772
43000,learned_event_learned_qr,2679,2,110,4,4,-0.09486666379983283,0.011763511819767083
43000,learned_event_learned_qr,2679,2,110,8,8,-0.0774573835770832,0.006597955699357456
43000,learned_event_learned_qr,2679,2,110,16,16,-0.048988811938135646,0.006340216389350269
43000,learned_event_learned_qr,2714,2,110,1,1,1.314692673613526,0.0002943073555753796
43000,learned_event_learned_qr,2714,2,110,4,4,0.6147289394507952,0.002458776272790237
43000,learned_event_learned_qr,2714,2,110,8,8,0.3901628954397873,0.008727156933467449
43000,learned_event_learned_qr,2714,2,110,16,16,0.6192559778802202,0.0455080010644746
43000,learned_event_learned_qr,2741,2,101,1,1,1.6145366581940455,0.07990568392557451
43000,learned_event_learned_qr,2741,2,101,4,4,0.7219548175030336,0.04442851256099953
43000,learned_event_learned_qr,2741,2,101,8,8,0.603292624710493,0.04280028212073164
43000,learned_event_learned_qr,2741,2,101,16,16,1.0195166022779174,0.06953327278351722
43000,learned_event_learned_qr,2769,2,101,1,1,0.19234843254956024,0.35904120321485533
43000,learned_event_learned_qr,2769,2,101,4,4,1.2069216872364863,0.2704071359366033
43000,learned_event_learned_qr,2769,2,101,8,8,0.807705843665834,0.29701104664085504
43000,learned_event_learned_qr,2769,2,101,16,8,0.807705843665834,0.29701104664085504
43000,learned_event_learned_qr,2778,2,101,1,1,0.16032984780201176,0.32290565460944404
43000,learned_event_learned_qr,2778,2,101,4,4,1.2654882797276068,0.11885401291837472
43000,learned_event_learned_qr,2778,2,101,8,8,1.1493553434317643,0.11094030816693524
43000,learned_event_learned_qr,2778,2,101,16,8,1.1493553434317643,0.11094030816693524
43000,learned_event_learned_qr,2787,2,101,1,1,0.3668622284138941,0.12630986055422702
43000,learned_event_learned_qr,2787,2,101,4,4,0.8278825262514123,0.20154502305804733
43000,learned_event_learned_qr,2787,2,101,8,7,1.0325243593485585,0.14008541844262062
43000,learned_event_learned_qr,2787,2,101,16,7,1.0325243593485585,0.14008541844262062
43000,learned_event_learned_qr,2795,2,101,1,1,1.5047906924227208,0.4777460121690819
43000,learned_event_learned_qr,2795,2,101,4,4,0.8133221666715957,0.2960394213245243
43000,learned_event_learned_qr,2795,2,101,8,8,0.6470914427566367,0.1565544556143996
43000,learned_event_learned_qr,2795,2,101,16,16,0.7031864258555596,0.12288798226725453
43000,learned_event_learned_qr,2831,2,110,1,1,2.3107713219207913,0.011835551612530228
43000,learned_event_learned_qr,2831,2,110,4,4,0.9516084588105165,0.01966103383551734
43000,learned_event_learned_qr,2831,2,110,8,8,0.5156489121426201,0.010925226450258079
43000,learned_event_learned_qr,2831,2,110,16,16,0.1207181738722979,0.008738209597546471
43000,learned_event_learned_qr,2852,2,110,1,1,-0.44983223085624013,0.0030257504065523385
43000,learned_event_learned_qr,2852,2,110,4,1,-0.44983223085624013,0.0030257504065523385
43000,learned_event_learned_qr,2852,2,110,8,1,-0.44983223085624013,0.0030257504065523385
43000,learned_event_learned_qr,2852,2,110,16,1,-0.44983223085624013,0.0030257504065523385
43000,learned_event_learned_qr,2854,2,110,1,1,-0.4465009126481644,0.0009956175142869588
43000,learned_event_learned_qr,2854,2,110,4,1,-0.4465009126481644,0.0009956175142869588
43000,learned_event_learned_qr,2854,2,110,8,1,-0.4465009126481644,0.0009956175142869588
43000,learned_event_learned_qr,2854,2,110,16,1,-0.4465009126481644,0.0009956175142869588
43000,learned_event_learned_qr,2856,2,110,1,1,-0.3178774341136416,0.0076232069982122485
43000,learned_event_learned_qr,2856,2,110,4,4,-0.11527069592480604,0.004856102332790692
43000,learned_event_learned_qr,2856,2,110,8,8,-0.13863913334987946,0.008211691372047417
43000,learned_event_learned_qr,2856,2,110,16,14,-0.09920289447779378,0.005882502456694606
43000,learned_event_learned_qr,2871,2,110,1,1,-0.501459551129656,0.005389391657268172
43000,learned_event_learned_qr,2871,2,110,4,4,0.07416737165218594,0.002610804093638949
43000,learned_event_learned_qr,2871,2,110,8,7,-0.030599214553891786,0.0017086642833022425
43000,learned_event_learned_qr,2871,2,110,16,7,-0.030599214553891786,0.0017086642833022425
43000,learned_event_learned_qr,2879,2,110,1,1,0.4361677123852506,0.004481577362000513
43000,learned_event_learned_qr,2879,2,110,4,4,-0.16419278418953562,0.0021815897604976
43000,learned_event_learned_qr,2879,2,110,8,8,0.05341619794947383,0.001437249870016553
43000,learned_event_learned_qr,2879,2,110,16,12,0.42360534891543106,0.00704032604138573
43000,learned_event_learned_qr,2892,2,110,1,1,-0.24434357583410285,0.05835377336143519
43000,learned_event_learned_qr,2892,2,110,4,3,-0.3853320441082018,0.024850950316444728
43000,learned_event_learned_qr,2892,2,110,8,3,-0.3853320441082018,0.024850950316444728
43000,learned_event_learned_qr,2892,2,110,16,3,-0.3853320441082018,0.024850950316444728
43000,learned_event_learned_qr,2896,2,110,1,1,0.5411925361689969,0.0023966948978402206
43000,learned_event_learned_qr,2896,2,110,4,4,-0.19051215243143724,0.005445112269553758
43000,learned_event_learned_qr,2896,2,110,8,8,-0.19674116293241112,0.009592935525396537
43000,learned_event_learned_qr,2896,2,110,16,10,-0.29248794240556586,0.007909769081067625
43000,learned_event_learned_qr,2907,2,110,1,1,-0.6855332982654561,0.02206675428440332
43000,learned_event_learned_qr,2907,2,110,4,4,0.011228670399013235,0.01614912084733527
43000,learned_event_learned_qr,2907,2,110,8,8,0.16973688143102666,0.012325312748702901
43000,learned_event_learned_qr,2907,2,110,16,13,0.6020290329317656,0.022989471041381902
43000,learned_event_learned_qr,2921,2,111,1,1,0.8164980737400374,7.02721149745774e-05
43000,learned_event_learned_qr,2921,2,111,4,4,0.23175816134291283,0.008451245623449934
43000,learned_event_learned_qr,2921,2,111,8,4,0.23175816134291283,0.008451245623449934
43000,learned_event_learned_qr,2921,2,111,16,4,0.23175816134291283,0.008451245623449934
43000,learned_event_learned_qr,2926,2,111,1,1,1.853078221234641,0.007051757192137521
43000,learned_event_learned_qr,2926,2,111,4,4,0.8146132695169329,0.01535129957735542
43000,learned_event_learned_qr,2926,2,111,8,8,0.48272138987491675,0.025420463631721475
43000,learned_event_learned_qr,2926,2,111,16,15,0.6669832502417583,0.044521506711140066
43000,learned_event_learned_qr,2942,2,111,1,1,0.2673399966320122,0.0010389549829153341
43000,learned_event_learned_qr,2942,2,111,4,4,0.3578668687912379,0.07997155383380246
43000,learned_event_learned_qr,2942,2,111,8,8,0.6004651578478174,0.04954802842191841
43000,learned_event_learned_qr,2942,2,111,16,16,0.6915253433042169,0.08517369577217504
43000,learned_event_learned_qr,3153,2,101,1,1,0.2157474614009444,0.003963239626026843
43000,learned_event_learned_qr,3153,2,101,4,4,0.21353507347086614,0.00876398355060577
43000,learned_event_learned_qr,3153,2,101,8,8,0.1813518954845625,0.03618414376896539
43000,learned_event_learned_qr,3153,2,101,16,16,0.44218412880625335,0.05053690746162789
43000,learned_event_learned_qr,3170,2,101,1,1,0.18418621933048557,0.3359677834640143
43000,learned_event_learned_qr,3170,2,101,4,4,0.846470356679164,0.11990298526821284
43000,learned_event_learned_qr,3170,2,101,8,8,1.435575656586252,0.18561624317523287
43000,learned_event_learned_qr,3170,2,101,16,16,1.2341457990570246,0.14090988293362763
43000,learned_event_learned_qr,3202,2,101,1,1,-0.1731585177291741,8.412464852054312e-06
43000,learned_event_learned_qr,3202,2,101,4,4,0.7500781943719685,0.05739001226431467
43000,learned_event_learned_qr,3202,2,101,8,8,0.6623551277257363,0.04505903973822366
43000,learned_event_learned_qr,3202,2,101,16,16,0.8698523662688576,0.07164471072065345
43000,learned_event_learned_qr,3237,2,101,1,1,4.24074631744568,0.003678130993544972
43000,learned_event_learned_qr,3237,2,101,4,3,1.928763486057539,0.11232804549192217
43000,learned_event_learned_qr,3237,2,101,8,3,1.928763486057539,0.11232804549192217
43000,learned_event_learned_qr,3237,2,101,16,3,1.928763486057539,0.11232804549192217
43000,learned_event_learned_qr,3242,2,101,1,1,0.7378217429937303,0.04677432937668847
43000,learned_event_learned_qr,3242,2,101,4,1,0.7378217429937303,0.04677432937668847
43000,learned_event_learned_qr,3242,2,101,8,1,0.7378217429937303,0.04677432937668847
43000,learned_event_learned_qr,3242,2,101,16,1,0.7378217429937303,0.04677432937668847
43000,learned_event_learned_qr,3244,2,101,1,1,0.6231860603287952,0.09790773126976415
43000,learned_event_learned_qr,3244,2,101,4,4,0.9332976293192117,0.06864772206375667
43000,learned_event_learned_qr,3244,2,101,8,8,1.0425961293124562,0.10240857554888869
43000,learned_event_learned_qr,3244,2,101,16,13,1.0392485982186712,0.08935797474374357
43000,learned_event_learned_qr,3258,2,101,1,1,2.5666692979544927,0.09469341173766035
43000,learned_event_learned_qr,3258,2,101,4,4,1.4243788087267584,0.07794998607644811
43000,learned_event_learned_qr,3258,2,101,8,8,1.2339070169780229,0.07960868154060396
43000,learned_event_learned_qr,3258,2,101,16,16,0.8857214179469678,0.06165872434552898
43000,learned_event_learned_qr,3280,2,111,1,1,0.22483085187611054,6.501575489166535e-05
43000,learned_event_learned_qr,3280,2,111,4,4,1.1565587137039042,0.10472138204246521
43000,learned_event_learned_qr,3280,2,111,8,4,1.1565587137039042,0.10472138204246521
43000,learned_event_learned_qr,3280,2,111,16,4,1.1565587137039042,0.10472138204246521
43000,learned_event_learned_qr,3285,2,111,1,1,0.4528932589953261,0.010028541325603957
43000,learned_event_learned_qr,3285,2,111,4,4,0.5990648833875544,0.04421891827710461
43000,learned_event_learned_qr,3285,2,111,8,5,0.5913486752991185,0.038239802865008984
43000,learned_event_learned_qr,3285,2,111,16,5,0.5913486752991185,0.038239802865008984
43000,learned_event_learned_qr,3291,2,111,1,1,0.4492782657820436,0.10242390097310393
43000,learned_event_learned_qr,3291,2,111,4,4,1.2689565997501813,0.13149626351831384
43000,learned_event_learned_qr,3291,2,111,8,8,1.1285535308635437,0.0708588998853372
43000,learned_event_learned_qr,3291,2,111,16,16,1.016187969915569,0.1054728575254402
43000,learned_event_learned_qr,3313,2,111,1,1,0.6404822846558246,0.1138267192881246
43000,learned_event_learned_qr,3313,2,111,4,4,0.6317282117854158,0.0857491725841516
43000,learned_event_learned_qr,3313,2,111,8,8,0.997510961640802,0.13436711910300345
43000,learned_event_learned_qr,3313,2,111,16,11,0.9488244966970821,0.1185714433268925
43000,learned_event_learned_qr,3326,2,111,1,1,1.4704739909116682,0.0142838331935864
43000,learned_event_learned_qr,3326,2,111,4,4,1.4503852406886426,0.05793050989151251
43000,learned_event_learned_qr,3326,2,111,8,8,1.2991442432923428,0.08902097810516729
43000,learned_event_learned_qr,3326,2,111,16,11,1.1111333902235903,0.06645518715450706
43000,learned_event_learned_qr,3338,2,111,1,1,0.44310862038583565,0.0017001631560265007
43000,learned_event_learned_qr,3338,2,111,4,4,0.4858346435766627,0.08643481116586854
43000,learned_event_learned_qr,3338,2,111,8,8,0.6173550344721215,0.05086864495637486
43000,learned_event_learned_qr,3338,2,111,16,16,0.45019937335291604,0.09405585467018207
43000,learned_event_learned_qr,3361,2,111,1,1,0.44816302107324973,0.4485106253878259
43000,learned_event_learned_qr,3361,2,111,4,4,1.1161947054149874,0.19823040140894385
43000,learned_event_learned_qr,3361,2,111,8,8,0.8954188650542112,0.13091096276626957
43000,learned_event_learned_qr,3361,2,111,16,16,0.660001000713575,0.09164800484952487
43000,learned_event_learned_qr,3382,2,111,1,1,0.8319973639864242,0.09540642451066904
43000,learned_event_learned_qr,3382,2,111,4,4,1.0841396420889815,0.08872672220201365
43000,learned_event_learned_qr,3382,2,111,8,8,0.7142516983792244,0.07857500873825476
43000,learned_event_learned_qr,3382,2,111,16,16,0.5553102585775759,0.05800862335403714
43000,learned_event_learned_qr,3420,2,101,1,1,0.6557484950710346,0.1623428923517024
43000,learned_event_learned_qr,3420,2,101,4,3,1.129563150188998,0.16833349126345099
43000,learned_event_learned_qr,3420,2,101,8,3,1.129563150188998,0.16833349126345099
43000,learned_event_learned_qr,3420,2,101,16,3,1.129563150188998,0.16833349126345099
43000,learned_event_learned_qr,3424,2,101,1,1,0.818281248323552,0.12469117389824297
43000,learned_event_learned_qr,3424,2,101,4,3,1.234286809163797,0.15619612452479983
43000,learned_event_learned_qr,3424,2,101,8,3,1.234286809163797,0.15619612452479983
43000,learned_event_learned_qr,3424,2,101,16,3,1.234286809163797,0.15619612452479983
43000,learned_event_learned_qr,3428,2,101,1,1,0.7921819820577459,0.11625082700733859
43000,learned_event_learned_qr,3428,2,101,4,1,0.7921819820577459,0.11625082700733859
43000,learned_event_learned_qr,3428,2,101,8,1,0.7921819820577459,0.11625082700733859
43000,learned_event_learned_qr,3428,2,101,16,1,0.7921819820577459,0.11625082700733859
43000,learned_event_learned_qr,3430,2,101,1,1,1.308010550994348,0.009283130394817502
43000,learned_event_learned_qr,3430,2,101,4,4,1.108000036064074,0.030874115139596998
43000,learned_event_learned_qr,3430,2,101,8,8,0.8924564246314961,0.04396658433674474
43000,learned_event_learned_qr,3430,2,101,16,16,1.0647870391219412,0.19025470522723664
43000,learned_event_learned_qr,3586,3,110,1,1,0.23097814734994643,0.016520906077072652
43000,learned_event_learned_qr,3586,3,110,4,4,0.14433449225022998,0.005643767585753626
43000,learned_event_learned_qr,3586,3,110,8,8,0.2226831598527232,0.006891744474520019
43000,learned_event_learned_qr,3586,3,110,16,13,0.199365919818484,0.009514456592155664
43000,learned_event_learned_qr,3600,3,110,1,1,-0.20860207931698146,0.015073902780468013
43000,learned_event_learned_qr,3600,3,110,4,3,-0.33983358538467473,0.007802925277152727
43000,learned_event_learned_qr,3600,3,110,8,3,-0.33983358538467473,0.007802925277152727
43000,learned_event_learned_qr,3600,3,110,16,3,-0.33983358538467473,0.007802925277152727
43000,learned_event_learned_qr,3604,3,110,1,1,-0.22195047731354559,0.010531769470037016
43000,learned_event_learned_qr,3604,3,110,4,4,-0.4276837141958495,0.007076153957840759
43000,learned_event_learned_qr,3604,3,110,8,8,-0.3799417070447863,0.007354154094196154
43000,learned_event_learned_qr,3604,3,110,16,12,-0.3223495971912064,0.005612517065628778
43000,learned_event_learned_qr,3617,3,110,1,1,-0.4243095120797842,0.0040226294679967314
43000,learned_event_learned_qr,3617,3,110,4,4,0.33320461423058123,0.013616470360988338
43000,learned_event_learned_qr,3617,3,110,8,8,0.26457900617061725,0.016445388600530218
43000,learned_event_learned_qr,3617,3,110,16,9,0.19465548635054442,0.014743217928164758
43000,learned_event_learned_qr,3627,3,110,1,1,0.5089912569004336,0.001581961919641796
43000,learned_event_learned_qr,3627,3,110,4,2,0.047330445495406825,0.002583948907972985
43000,learned_event_learned_qr,3627,3,110,8,2,0.047330445495406825,0.002583948907972985
43000,learned_event_learned_qr,3627,3,110,16,2,0.047330445495406825,0.002583948907972985
43000,learned_event_learned_qr,3630,3,110,1,1,0.2368174047713512,0.024865075388825247
43000,learned_event_learned_qr,3630,3,110,4,4,0.41835421595521394,0.015070208683794916
43000,learned_event_learned_qr,3630,3,110,8,8,-0.006657724409578014,0.011071401445138681
43000,learned_event_learned_qr,3630,3,110,16,8,-0.006657724409578014,0.011071401445138681
43000,learned_event_learned_qr,3639,3,110,1,1,-0.3263882798497559,0.0007398599494100797
43000,learned_event_learned_qr,3639,3,110,4,4,0.08653298667363427,0.003628824930498836
43000,learned_event_learned_qr,3639,3,110,8,8,-0.15134153294124275,0.007461379473331867
43000,learned_event_learned_qr,3639,3,110,16,16,-0.25129056686195533,0.011108713030978429
43000,learned_event_learned_qr,3672,3,110,1,1,-0.30447842217178994,0.0007271262682667003
43000,learned_event_learned_qr,3672,3,110,4,4,0.42979985027495454,0.0064152124446344265
43000,learned_event_learned_qr,3672,3,110,8,8,-0.027363099654550277,0.008062288143662312
43000,learned_event_learned_qr,3672,3,110,16,16,-0.10923690558667723,0.008812713276440606
43000,learned_event_learned_qr,3695,3,110,1,1,0.4298619954973306,0.003237157347255769
43000,learned_event_learned_qr,3695,3,110,4,2,-0.02952933040456593,0.034253094061842834
43000,learned_event_learned_qr,3695,3,110,8,2,-0.02952933040456593,0.034253094061842834
43000,learned_event_learned_qr,3695,3,110,16,2,-0.02952933040456593,0.034253094061842834
43000,learned_event_learned_qr,3698,3,110,1,1,-0.332398328110852,0.001688966617467041
43000,learned_event_learned_qr,3698,3,110,4,4,-0.19379039624365374,0.007143535388749735
43000,learned_event_learned_qr,3698,3,110,8,8,0.023035458499519948,0.015274835014847127
43000,learned_event_learned_qr,3698,3,110,16,16,0.3584230810351493,0.014084332749288586
43000,learned_event_learned_qr,3719,3,111,1,1,0.36453644991333545,0.009581635159762134
43000,learned_event_learned_qr,3719,3,111,4,4,0.6713004745560311,0.08860220044076283
43000,learned_event_learned_qr,3719,3,111,8,8,1.0947787046305064,0.16156988400823535
43000,learned_event_learned_qr,3719,3,111,16,13,0.8687250781001692,0.1164930682608422
43000,learned_event_learned_qr,3733,3,111,1,1,1.2540330870028518,0.12784408234160902
43000,learned_event_learned_qr,3733,3,111,4,4,0.952624073170471,0.12010780832006093
43000,learned_event_learned_qr,3733,3,111,8,8,1.0288067123088236,0.17366122997621808
43000,learned_event_learned_qr,3733,3,111,16,16,0.9582154800152736,0.11201888099339904
43000,learned_event_learned_qr,3778,3,111,1,1,0.4519254244316459,0.7309132004364587
43000,learned_event_learned_qr,3778,3,111,4,4,0.5503080098354696,0.2784424335952236
43000,learned_event_learned_qr,3778,3,111,8,5,0.8728557252392246,0.2766450807071737
43000,learned_event_learned_qr,3778,3,111,16,5,0.8728557252392246,0.2766450807071737
43000,learned_event_learned_qr,3784,3,111,1,1,3.6263090867991394,0.607957676813812
43000,learned_event_learned_qr,3784,3,111,4,2,2.8242370528485665,0.3042605719014245
43000,learned_event_learned_qr,3784,3,111,8,2,2.8242370528485665,0.3042605719014245
43000,learned_event_learned_qr,3784,3,111,16,2,2.8242370528485665,0.3042605719014245
43000,learned_event_learned_qr,3787,3,111,1,1,2.8769798384421126,0.0008380388162508431
43000,learned_event_learned_qr,3787,3,111,4,4,1.5899488363771164,0.057541963761226694
43000,learned_event_learned_qr,3787,3,111,8,8,1.2295679735403728,0.062034293681619834
43000,learned_event_learned_qr,3787,3,111,16,16,0.9514273106711918,0.04384651161398266
43000,learned_event_learned_qr,3816,3,111,1,1,0.6220383661479335,0.05928982033233504
43000,learned_event_learned_qr,3816,3,111,4,4,0.595813084391489,0.03620183641194497
43000,learned_event_learned_qr,3816,3,111,8,8,0.42214129207387385,0.029873745608646588
43000,learned_event_learned_qr,3816,3,111,16,8,0.42214129207387385,0.029873745608646588
43000,learned_event_learned_qr,3825,3,111,1,1,0.6152953405666741,0.03149376999986431
43000,learned_event_learned_qr,3825,3,111,4,4,0.198326273803366,0.011367332294314504
43000,learned_event_learned_qr,3825,3,111,8,8,1.8022233778871217,0.22160483894227592
43000,learned_event_learned_qr,3825,3,111,16,10,1.581673480318697,0.18289530885934213
43000,learned_event_learned_qr,3836,3,111,1,1,0.42801833621402674,0.04202683100991593
43000,learned_event_learned_qr,3836,3,111,4,4,0.8042075605718823,0.11395816012549917
43000,learned_event_learned_qr,3836,3,111,8,8,0.469188474321248,0.08417320074729225
43000,learned_event_learned_qr,3836,3,111,16,16,0.8207495147068493,0.10520908381940838
43000,learned_event_learned_qr,3898,3,011,1,1,0.950140232945132,0.12077938803705354
43000,learned_event_learned_qr,3898,3,011,4,4,0.7289882393090429,0.0558793483684534
43000,learned_event_learned_qr,3898,3,011,8,8,0.8051426146312457,0.07271724401698415
43000,learned_event_learned_qr,3898,3,011,16,16,0.7378655807686021,0.05688102279444804
43000,learned_event_learned_qr,4009,3,111,1,1,0.40995444382744606,0.016276986515355106
43000,learned_event_learned_qr,4009,3,111,4,4,0.5602093755395929,0.07596290677758448
43000,learned_event_learned_qr,4009,3,111,8,8,0.7168161603538242,0.058769651103980886
43000,learned_event_learned_qr,4009,3,111,16,16,0.610259080795432,0.10347276660501512
43000,learned_event_learned_qr,4029,3,111,1,1,0.2880772821763259,0.008740836998900802
43000,learned_event_learned_qr,4029,3,111,4,4,0.6498995109271621,0.02530966406712944
43000,learned_event_learned_qr,4029,3,111,8,8,0.83213951061593,0.04962993616195722
43000,learned_event_learned_qr,4029,3,111,16,15,0.9334097216693984,0.0394731049642339
43000,learned_event_learned_qr,4045,3,111,1,1,0.2271425511146027,0.005909603877353777
43000,learned_event_learned_qr,4045,3,111,4,4,1.019681532769685,0.09257453269432721
43000,learned_event_learned_qr,4045,3,111,8,4,1.019681532769685,0.09257453269432721
43000,learned_event_learned_qr,4045,3,111,16,4,1.019681532769685,0.09257453269432721
43000,learned_event_learned_qr,4050,3,111,1,1,0.9303944478304174,0.010719163402728259
43000,learned_event_learned_qr,4050,3,111,4,4,1.0329471914379054,0.06468897504520897
43000,learned_event_learned_qr,4050,3,111,8,7,1.0554607375099434,0.13680144362819915
43000,learned_event_learned_qr,4050,3,111,16,7,1.0554607375099434,0.13680144362819915
43000,learned_event_learned_qr,4058,3,111,1,1,0.7889536506551937,0.010958581489413633
43000,learned_event_learned_qr,4058,3,111,4,4,0.7558956541521326,0.048207270610038676
43000,learned_event_learned_qr,4058,3,111,8,8,1.71414756001109,0.4136432174482167
43000,learned_event_learned_qr,4058,3,111,16,16,1.241471921904298,0.21188348987986746
43000,learned_event_learned_qr,4086,3,111,1,1,1.2094305847965616,0.011344096412590158
43000,learned_event_learned_qr,4086,3,111,4,1,1.2094305847965616,0.011344096412590158
43000,learned_event_learned_qr,4086,3,111,8,1,1.2094305847965616,0.011344096412590158
43000,learned_event_learned_qr,4086,3,111,16,1,1.2094305847965616,0.011344096412590158
43000,learned_event_learned_qr,4088,3,111,1,1,1.0096146185640795,0.08158760499312617
43000,learned_event_learned_qr,4088,3,111,4,3,1.1839112777040495,0.09190175179381253
43000,learned_event_learned_qr,4088,3,111,8,3,1.1839112777040495,0.09190175179381253
43000,learned_event_learned_qr,4088,3,111,16,3,1.1839112777040495,0.09190175179381253
43000,learned_event_learned_qr,4092,3,111,1,1,1.3367080094300579,0.01867011961923251
43000,learned_event_learned_qr,4092,3,111,4,4,1.3984681109819501,0.15257836391264912
43000,learned_event_learned_qr,4092,3,111,8,4,1.3984681109819501,0.15257836391264912
43000,learned_event_learned_qr,4092,3,111,16,4,1.3984681109819501,0.15257836391264912
43000,learned_event_learned_qr,4097,3,111,1,1,0.995106687337733,0.2797535935606392
43000,learned_event_learned_qr,4097,3,111,4,4,1.0960274196969544,0.12047212130627478
43000,learned_event_learned_qr,4097,3,111,8,8,0.9344022699246498,0.11152901564192808
43000,learned_event_learned_qr,4097,3,111,16,16,0.8357482538763875,0.10330523563155958
43000,learned_event_learned_qr,4116,3,111,1,1,0.7031457750709942,0.004301586519676384
43000,learned_event_learned_qr,4116,3,111,4,3,0.2915631923623215,0.0017263303478149774
43000,learned_event_learned_qr,4116,3,111,8,3,0.2915631923623215,0.0017263303478149774
43000,learned_event_learned_qr,4116,3,111,16,3,0.2915631923623215,0.0017263303478149774
43000,learned_event_learned_qr,4120,3,111,1,1,0.600112771136811,0.005319359715870751
43000,learned_event_learned_qr,4120,3,111,4,3,0.2945531562509588,0.008390080566472615
43000,learned_event_learned_qr,4120,3,111,8,3,0.2945531562509588,0.008390080566472615
43000,learned_event_learned_qr,4120,3,111,16,3,0.2945531562509588,0.008390080566472615
43000,learned_event_learned_qr,4124,3,111,1,1,2.936910633659816,0.10239476133465131
43000,learned_event_learned_qr,4124,3,111,4,4,1.8263281837269112,0.06008473234275812
43000,learned_event_learned_qr,4124,3,111,8,8,1.1850567922873951,0.12968504233652803
43000,learned_event_learned_qr,4124,3,111,16,16,0.9811385586234085,0.07598424922066795
43000,learned_event_learned_qr,4148,3,111,1,1,0.7734313362414177,0.5189445948828096
43000,learned_event_learned_qr,4148,3,111,4,4,0.759586236969874,0.17866558736160304
43000,learned_event_learned_qr,4148,3,111,8,8,0.7689388702482404,0.1271190977625175
43000,learned_event_learned_qr,4148,3,111,16,15,0.7334105831056574,0.09249986657584723
43000,learned_event_learned_qr,4166,3,101,1,1,0.7765247644449871,0.13659534645888372
43000,learned_event_learned_qr,4166,3,101,4,4,0.49743542394019213,0.05137197190647569
43000,learned_event_learned_qr,4166,3,101,8,8,0.7491172433716098,0.0550653054024813
43000,learned_event_learned_qr,4166,3,101,16,16,1.0521478196465694,0.06725279838593505
43000,learned_event_learned_qr,4216,3,101,1,1,0.20156528415889485,0.1098519092022108
43000,learned_event_learned_qr,4216,3,101,4,4,0.7232927702805088,0.063659447479354
43000,learned_event_learned_qr,4216,3,101,8,8,0.5701055329656737,0.04463724338535336
43000,learned_event_learned_qr,4216,3,101,16,10,0.4644590390225078,0.03670552198941518
43000,learned_event_learned_qr,4227,3,110,1,1,-0.09950493497875232,0.01824979412699095
43000,learned_event_learned_qr,4227,3,110,4,4,0.21641881545905942,0.019884470695839075
43000,learned_event_learned_qr,4227,3,110,8,8,0.16638118555092324,0.01137714163085006
43000,learned_event_learned_qr,4227,3,110,16,13,0.2774034699410073,0.00938506929784053
43000,learned_event_learned_qr,4241,3,110,1,1,-0.17075222196264664,0.0024057162431218204
43000,learned_event_learned_qr,4241,3,110,4,4,-0.1465931307593864,0.002573464479252146
43000,learned_event_learned_qr,4241,3,110,8,8,0.5222517385238079,0.017868699647702567
43000,learned_event_learned_qr,4241,3,110,16,15,0.3099197911243032,0.013011375088543936
43000,learned_event_learned_qr,4257,3,110,1,1,-0.17241136353021988,0.03459262572776642
43000,learned_event_learned_qr,4257,3,110,4,4,-0.20183976083847205,0.012004811321209237
43000,learned_event_learned_qr,4257,3,110,8,5,-0.26836861002175055,0.010493506554019458
43000,learned_event_learned_qr,4257,3,110,16,5,-0.26836861002175055,0.010493506554019458
43000,learned_event_learned_qr,4263,3,110,1,1,-0.07380534881603984,0.003262907029304114
43000,learned_event_learned_qr,4263,3,110,4,2,-0.3680689949724672,0.0016384273847374132
43000,learned_event_learned_qr,4263,3,110,8,2,-0.3680689949724672,0.0016384273847374132
43000,learned_event_learned_qr,4263,3,110,16,2,-0.3680689949724672,0.0016384273847374132
43000,learned_event_learned_qr,4266,3,110,1,1,-0.5165291661782306,0.005905386664834595
43000,learned_event_learned_qr,4266,3,110,4,2,-0.49359459936924577,0.009339463954940265
43000,learned_event_learned_qr,4266,3,110,8,2,-0.49359459936924577,0.009339463954940265
43000,learned_event_learned_qr,4266,3,110,16,2,-0.49359459936924577,0.009339463954940265
43000,learned_event_learned_qr,4269,3,110,1,1,0.14103944114715855,0.0017564103629758613
43000,learned_event_learned_qr,4269,3,110,4,4,0.3498006632353273,0.008000061675703905
43000,learned_event_learned_qr,4269,3,110,8,8,0.6391766539059826,0.006013815477137599
43000,learned_event_learned_qr,4269,3,110,16,9,0.5551942989131867,0.005446477934904768
43000,learned_event_learned_qr,4281,3,110,1,1,-0.35598403339602686,0.0007545757814784702
43000,learned_event_learned_qr,4281,3,110,4,2,-0.3487678263285565,0.00039175462518037965
43000,learned_event_learned_qr,4281,3,110,8,2,-0.3487678263285565,0.00039175462518037965
43000,learned_event_learned_qr,4281,3,110,16,2,-0.3487678263285565,0.00039175462518037965
43000,learned_event_learned_qr,4284,3,110,1,1,-0.23466127236032402,0.000450060743437507
43000,learned_event_learned_qr,4284,3,110,4,4,-0.08082105858459329,0.015041239310659418
43000,learned_event_learned_qr,4284,3,110,8,8,0.509458687199809,0.011389191935074422
43000,learned_event_learned_qr,4284,3,110,16,16,0.08448525144927742,0.006509330701126623
43000,learned_event_learned_qr,4352,3,101,1,1,0.7660791681406558,9.664778061820923e-05
43000,learned_event_learned_qr,4352,3,101,4,4,0.44644543925510327,0.0025079191831202784
43000,learned_event_learned_qr,4352,3,101,8,8,0.32857246365862003,0.04196212766715437
43000,learned_event_learned_qr,4352,3,101,16,16,0.39183084800591217,0.05075719769681991
43000,learned_event_learned_qr,4400,3,101,1,1,0.005886730867984943,0.04184520721207856
43000,learned_event_learned_qr,4400,3,101,4,4,0.44180591217820503,0.0499000513394753
43000,learned_event_learned_qr,4400,3,101,8,8,0.6600423934693416,0.19069887268707603
43000,learned_event_learned_qr,4400,3,101,16,16,0.5497258834097368,0.1271860873165152
43000,learned_event_learned_qr,4419,3,101,1,1,-0.22055725936719192,0.013091260467460637
43000,learned_event_learned_qr,4419,3,101,4,4,-0.08642969770033476,0.023839294579659685
43000,learned_event_learned_qr,4419,3,101,8,8,0.433454686345396,0.10170355737131308
43000,learned_event_learned_qr,4419,3,101,16,16,0.6781396699497066,0.09341515761785237
43000,learned_event_learned_qr,4443,3,101,1,1,2.671786033552051,0.03461557608312623
43000,learned_event_learned_qr,4443,3,101,4,4,1.7207994728526752,0.10527833551930224
43000,learned_event_learned_qr,4443,3,101,8,8,1.50408704947617,0.18902339191196288
43000,learned_event_learned_qr,4443,3,101,16,11,1.3362578094249775,0.15207399416640363
43000,learned_event_learned_qr,4455,3,101,1,1,1.959470720818206,0.23816019081919804
43000,learned_event_learned_qr,4455,3,101,4,3,1.3076424971018659,0.11845323545623539
43000,learned_event_learned_qr,4455,3,101,8,3,1.3076424971018659,0.11845323545623539
43000,learned_event_learned_qr,4455,3,101,16,3,1.3076424971018659,0.11845323545623539
43000,learned_event_learned_qr,4459,3,101,1,1,1.0890216198516258,0.0004407383607416297
43000,learned_event_learned_qr,4459,3,101,4,4,0.8860480564035874,0.0347383968127052
43000,learned_event_learned_qr,4459,3,101,8,8,0.8565557367153345,0.03574872263939691
43000,learned_event_learned_qr,4459,3,101,16,10,0.809422067968249,0.035782305657188804
43000,learned_event_learned_qr,4470,3,101,1,1,0.6339913094684302,0.1728819640655026
43000,learned_event_learned_qr,4470,3,101,4,4,0.6683859430599939,0.046927275244255114
43000,learned_event_learned_qr,4470,3,101,8,8,0.590900874216719,0.03411591807369506
43000,learned_event_learned_qr,4470,3,101,16,10,0.49817253471325307,0.029290542323893803
43000,learned_event_learned_qr,4481,3,101,1,1,1.7692596732168817,0.28366453115802476
43000,learned_event_learned_qr,4481,3,101,4,4,1.406248341977785,0.16511288702116325
43000,learned_event_learned_qr,4481,3,101,8,8,1.2911866747568177,0.13938100652895202
43000,learned_event_learned_qr,4481,3,101,16,14,0.9834567668580743,0.11058422971738564
43000,learned_event_learned_qr,4496,3,101,1,1,0.5025581774522654,0.0004453610336534173
43000,learned_event_learned_qr,4496,3,101,4,4,0.45892771814974076,0.0145098104610753
43000,learned_event_learned_qr,4496,3,101,8,8,0.7130937002031654,0.029687699250235115
43000,learned_event_learned_qr,4496,3,101,16,13,0.5259456831390121,0.025594157836902578
43000,learned_event_learned_qr,4511,3,101,1,1,4.172819312442841,0.01818028233826361
43000,learned_event_learned_qr,4511,3,101,4,4,1.9683636923583099,0.10442491015541717
43000,learned_event_learned_qr,4511,3,101,8,8,1.3440994724255906,0.17531785856099258
43000,learned_event_learned_qr,4511,3,101,16,16,1.1322293043061278,0.16961627246793434
43000,learned_event_learned_qr,4535,3,101,1,1,0.5825748999965888,0.17799541542659905
43000,learned_event_learned_qr,4535,3,101,4,4,0.7869771691814097,0.0722435827982073
43000,learned_event_learned_qr,4535,3,101,8,8,0.7758222430145159,0.09236313453576511
43000,learned_event_learned_qr,4535,3,101,16,9,0.7727183522872212,0.08735047971022895
43000,learned_event_learned_qr,4545,3,110,1,1,0.3751771151671251,0.00016392207869470247
43000,learned_event_learned_qr,4545,3,110,4,4,0.4508891566288094,0.02785572941311901
43000,learned_event_learned_qr,4545,3,110,8,8,0.33786796426524296,0.02680991279457308
43000,learned_event_learned_qr,4545,3,110,16,16,0.03779093365127506,0.016863662362181113
43000,learned_event_learned_qr,4588,3,110,1,1,0.9050450487261658,0.005072155136088163
43000,learned_event_learned_qr,4588,3,110,4,3,1.113496590602929,0.015218366620018084
43000,learned_event_learned_qr,4588,3,110,8,3,1.113496590602929,0.015218366620018084
43000,learned_event_learned_qr,4588,3,110,16,3,1.113496590602929,0.015218366620018084
43000,learned_event_learned_qr,4592,3,110,1,1,-0.2794888848485563,0.07365100757016238
43000,learned_event_learned_qr,4592,3,110,4,2,0.8640696519234787,0.061754192452404634
43000,learned_event_learned_qr,4592,3,110,8,2,0.8640696519234787,0.061754192452404634
43000,learned_event_learned_qr,4592,3,110,16,2,0.8640696519234787,0.061754192452404634
43000,learned_event_learned_qr,4595,3,110,1,1,0.13782181145410136,0.003035491904694103
43000,learned_event_learned_qr,4595,3,110,4,4,0.014194913012045604,0.004464906173620778
43000,learned_event_learned_qr,4595,3,110,8,5,0.1439576221824308,0.010187398027319768
43000,learned_event_learned_qr,4595,3,110,16,5,0.1439576221824308,0.010187398027319768
43000,learned_event_learned_qr,4601,3,110,1,1,-0.009395170159867443,0.015643234422651055
43000,learned_event_learned_qr,4601,3,110,4,2,-0.07502102561645811,0.01862352749751934
43000,learned_event_learned_qr,4601,3,110,8,2,-0.07502102561645811,0.01862352749751934
43000,learned_event_learned_qr,4601,3,110,16,2,-0.07502102561645811,0.01862352749751934
43000,learned_event_learned_qr,4604,3,110,1,1,0.47535312429677934,0.04028669133702094
43000,learned_event_learned_qr,4604,3,110,4,3,0.5222805454211138,0.016769888913858565
43000,learned_event_learned_qr,4604,3,110,8,3,0.5222805454211138,0.016769888913858565
43000,learned_event_learned_qr,4604,3,110,16,3,0.5222805454211138,0.016769888913858565
43000,oracle_event_learned_qr,9,0,011,1,1,1.0222303310426741,1.1248312149977281e-05
43000,oracle_event_learned_qr,9,0,011,4,4,0.3676329748669853,0.01638855630587706
43000,oracle_event_learned_qr,9,0,011,8,8,0.9628965521587538,0.07700379603721935
43000,oracle_event_learned_qr,9,0,011,16,16,0.9921715032361256,0.05552148619459724
43000,oracle_event_learned_qr,115,0,101,1,1,4.875469537545422,0.39818135604734944
43000,oracle_event_learned_qr,115,0,101,4,4,1.5603319117230825,0.2836688457050658
43000,oracle_event_learned_qr,115,0,101,8,7,1.219641828238339,0.1757432963538876
43000,oracle_event_learned_qr,115,0,101,16,7,1.219641828238339,0.1757432963538876
43000,oracle_event_learned_qr,123,0,101,1,1,2.101748491284266,0.02884543946453481
43000,oracle_event_learned_qr,123,0,101,4,4,1.1212814023026016,0.018899401383789177
43000,oracle_event_learned_qr,123,0,101,8,5,1.0014162059147416,0.015550996891800898
43000,oracle_event_learned_qr,123,0,101,16,5,1.0014162059147416,0.015550996891800898
43000,oracle_event_learned_qr,129,0,101,1,1,1.4845322556801916,0.04199708328796658
43000,oracle_event_learned_qr,129,0,101,4,4,1.0798844514621484,0.10494066567126895
43000,oracle_event_learned_qr,129,0,101,8,8,0.9290457876075766,0.09147359010672042
43000,oracle_event_learned_qr,129,0,101,16,15,1.0087331349319835,0.07167098430615187
43000,oracle_event_learned_qr,146,0,101,1,1,0.7217266475138923,0.15669765216149015
43000,oracle_event_learned_qr,146,0,101,4,4,0.945153014754026,0.07035197740049527
43000,oracle_event_learned_qr,146,0,101,8,8,0.7285352532168555,0.06438726203439502
43000,oracle_event_learned_qr,146,0,101,16,16,0.764285455707683,0.05366736965090702
43000,oracle_event_learned_qr,166,0,101,1,1,1.8946469957850982,0.0369857487301363
43000,oracle_event_learned_qr,166,0,101,4,4,1.039864546956561,0.07984746835750352
43000,oracle_event_learned_qr,166,0,101,8,4,1.039864546956561,0.07984746835750352
43000,oracle_event_learned_qr,166,0,101,16,4,1.039864546956561,0.07984746835750352
43000,oracle_event_learned_qr,171,0,101,1,1,1.9014671232327696,0.030105167098023397
43000,oracle_event_learned_qr,171,0,101,4,4,0.9249161799988305,0.025638888110179458
43000,oracle_event_learned_qr,171,0,101,8,8,0.7646492861688984,0.025559130728856315
43000,oracle_event_learned_qr,171,0,101,16,10,0.6917169714047238,0.026964728644245907
43000,oracle_event_learned_qr,182,0,101,1,1,1.4699533627900918,0.04748804588585175
43000,oracle_event_learned_qr,182,0,101,4,4,0.6594477193328179,0.05439887290586389
43000,oracle_event_learned_qr,182,0,101,8,8,0.947661963217977,0.06943039087626098
43000,oracle_event_learned_qr,182,0,101,16,11,0.8493965459834464,0.06705761512745391
43000,oracle_event_learned_qr,195,0,101,1,1,0.3552151899760513,0.01697499916753873
43000,oracle_event_learned_qr,195,0,101,4,4,0.4951765505813632,0.07601331834623673
43000,oracle_event_learned_qr,195,0,101,8,8,0.5262877700120017,0.05769777040838259
43000,oracle_event_learned_qr,195,0,101,16,11,0.5535087811686051,0.06064993677180504
43000,oracle_event_learned_qr,207,0,101,1,1,2.1230540343787427,0.16747089933378415
43000,oracle_event_learned_qr,207,0,101,4,4,1.0584685412912558,0.04701575404957491
43000,oracle_event_learned_qr,207,0,101,8,5,0.9212832507304564,0.037851605476439606
43000,oracle_event_learned_qr,207,0,101,16,5,0.9212832507304564,0.037851605476439606
43000,oracle_event_learned_qr,213,0,101,1,1,1.2479932584323372,0.3157787821645105
43000,oracle_event_learned_qr,213,0,101,4,4,0.7618060288981717,0.15142400556270713
43000,oracle_event_learned_qr,213,0,101,8,7,0.6065171907991905,0.10349223133877632
43000,oracle_event_learned_qr,213,0,101,16,7,0.6065171907991905,0.10349223133877632
43000,oracle_event_learned_qr,221,0,101,1,1,0.5024340868336199,0.02769883093762339
43000,oracle_event_learned_qr,221,0,101,4,4,0.10697734561586293,0.024695373632893126
43000,oracle_event_learned_qr,221,0,101,8,8,0.006626928642540587,0.018062502628016834
43000,oracle_event_learned_qr,221,0,101,16,16,0.14754253401602124,0.015993751577883505
43000,oracle_event_learned_qr,244,0,110,1,1,-0.2657154730893473,0.019092835017473796
43000,oracle_event_learned_qr,244,0,110,4,1,-0.2657154730893473,0.019092835017473796
43000,oracle_event_learned_qr,244,0,110,8,1,-0.2657154730893473,0.019092835017473796
43000,oracle_event_learned_qr,244,0,110,16,1,-0.2657154730893473,0.019092835017473796
43000,oracle_event_learned_qr,246,0,110,1,1,-0.14856374971205338,0.0009294236781533033
43000,oracle_event_learned_qr,246,0,110,4,4,-0.04081611715796926,0.006093543525101065
43000,oracle_event_learned_qr,246,0,110,8,8,0.13813357632481493,0.00934209366839297
43000,oracle_event_learned_qr,246,0,110,16,16,-0.02237654790636197,0.008505262155547458
43000,oracle_event_learned_qr,273,0,110,1,1,0.12319631177522958,0.0026106071292156512
43000,oracle_event_learned_qr,273,0,110,4,4,-0.07412645049081598,0.0035201596758701135
43000,oracle_event_learned_qr,273,0,110,8,6,0.01493364022023512,0.00807867506096169
43000,oracle_event_learned_qr,273,0,110,16,6,0.01493364022023512,0.00807867506096169
43000,oracle_event_learned_qr,280,0,110,1,1,0.5614615145227457,0.014092443190670403
43000,oracle_event_learned_qr,280,0,110,4,4,-0.04165505814151374,0.004672054213155605
43000,oracle_event_learned_qr,280,0,110,8,6,-0.09842408064230562,0.004218630837097085
43000,oracle_event_learned_qr,280,0,110,16,6,-0.09842408064230562,0.004218630837097085
43000,oracle_event_learned_qr,287,0,110,1,1,1.3738854726648033,0.11376306983863356
43000,oracle_event_learned_qr,287,0,110,4,4,1.2398013470511704,0.10741420899603062
43000,oracle_event_learned_qr,287,0,110,8,4,1.2398013470511704,0.10741420899603062
43000,oracle_event_learned_qr,287,0,110,16,4,1.2398013470511704,0.10741420899603062
43000,oracle_event_learned_qr,292,0,101,1,1,0.7145319885599701,0.0033158252867923586
43000,oracle_event_learned_qr,292,0,101,4,4,0.35336214572318986,0.03264257781339591
43000,oracle_event_learned_qr,292,0,101,8,8,0.1634156897622823,0.027879114520427274
43000,oracle_event_learned_qr,292,0,101,16,16,0.5302584000980395,0.051299525883283334
43000,oracle_event_learned_qr,328,0,101,1,1,0.05426895672866747,0.1816632868213381
43000,oracle_event_learned_qr,328,0,101,4,4,1.7180876123007618,0.10524753994469901
43000,oracle_event_learned_qr,328,0,101,8,8,1.2015851855378488,0.15752447598559874
43000,oracle_event_learned_qr,328,0,101,16,8,1.2015851855378488,0.15752447598559874
43000,oracle_event_learned_qr,338,0,101,1,1,0.6764969660114007,0.014741117929103582
43000,oracle_event_learned_qr,338,0,101,4,4,0.3728921340631895,0.0045861950648626824
43000,oracle_event_learned_qr,338,0,101,8,8,0.25669680338494855,0.014023750943909596
43000,oracle_event_learned_qr,338,0,101,16,16,0.7094614729972082,0.0664393062301719
43000,oracle_event_learned_qr,377,0,101,1,1,1.2230556535258355,0.3272844285577267
43000,oracle_event_learned_qr,377,0,101,4,4,0.8911911182509635,0.11385738098146234
43000,oracle_event_learned_qr,377,0,101,8,8,0.7686423006643641,0.10736891477029198
43000,oracle_event_learned_qr,377,0,101,16,16,0.771479562369655,0.07535694853136189
43000,oracle_event_learned_qr,422,0,101,1,1,0.5998081125843929,0.0018098807018238146
43000,oracle_event_learned_qr,422,0,101,4,2,0.9238594728467124,0.15486576869203333
43000,oracle_event_learned_qr,422,0,101,8,2,0.9238594728467124,0.15486576869203333
43000,oracle_event_learned_qr,422,0,101,16,2,0.9238594728467124,0.15486576869203333
43000,oracle_event_learned_qr,425,0,101,1,1,0.3884547195033947,0.0585845527683425
43000,oracle_event_learned_qr,425,0,101,4,4,1.1249418271943288,0.08158466939402804
43000,oracle_event_learned_qr,425,0,101,8,4,1.1249418271943288,0.08158466939402804
43000,oracle_event_learned_qr,425,0,101,16,4,1.1249418271943288,0.08158466939402804
43000,oracle_event_learned_qr,430,0,101,1,1,0.7848627457485516,0.0046639252094430525
43000,oracle_event_learned_qr,430,0,101,4,4,1.1382784451007344,0.11655831570123043
43000,oracle_event_learned_qr,430,0,101,8,8,1.2911841325655393,0.14608315980963363
43000,oracle_event_learned_qr,430,0,101,16,16,0.9977985265427538,0.10871931649273425
43000,oracle_event_learned_qr,465,0,111,1,1,0.7590464278073724,0.10496418042797111
43000,oracle_event_learned_qr,465,0,111,4,4,0.4783626933844004,0.1773139325709136
43000,oracle_event_learned_qr,465,0,111,8,8,0.665526848089701,0.19060173990134618
43000,oracle_event_learned_qr,465,0,111,16,13,0.6778408393342501,0.14329517349516754
43000,oracle_event_learned_qr,480,0,111,1,1,1.1766156886455985,0.0027084790806586137
43000,oracle_event_learned_qr,480,0,111,4,4,1.3414825452830799,0.06640431951750878
43000,oracle_event_learned_qr,480,0,111,8,8,1.1923372819144618,0.055328869743731024
43000,oracle_event_learned_qr,480,0,111,16,8,1.1923372819144618,0.055328869743731024
43000,oracle_event_learned_qr,489,0,111,1,1,2.074412628245078,0.08028381650152994
43000,oracle_event_learned_qr,489,0,111,4,4,1.2747710594315755,0.03717924577041963
43000,oracle_event_learned_qr,489,0,111,8,4,1.2747710594315755,0.03717924577041963
43000,oracle_event_learned_qr,489,0,111,16,4,1.2747710594315755,0.03717924577041963
43000,oracle_event_learned_qr,494,0,111,1,1,0.7250388581580368,0.060824293747985717
43000,oracle_event_learned_qr,494,0,111,4,4,0.5829306035328892,0.030742375230945546
43000,oracle_event_learned_qr,494,0,111,8,8,0.8612558597189551,0.04365687619732765
43000,oracle_event_learned_qr,494,0,111,16,13,0.8232773953053081,0.03969606002476784
43000,oracle_event_learned_qr,508,0,111,1,1,0.2997531291389786,0.11921668253621452
43000,oracle_event_learned_qr,508,0,111,4,4,0.46555827103065767,0.13719430038487418
43000,oracle_event_learned_qr,508,0,111,8,8,1.167361290131835,0.16161992095521688
43000,oracle_event_learned_qr,508,0,111,16,8,1.167361290131835,0.16161992095521688
43000,oracle_event_learned_qr,517,0,111,1,1,0.48945972306246865,0.012800128400880035
43000,oracle_event_learned_qr,517,0,111,4,1,0.48945972306246865,0.012800128400880035
43000,oracle_event_learned_qr,517,0,111,8,1,0.48945972306246865,0.012800128400880035
43000,oracle_event_learned_qr,517,0,111,16,1,0.48945972306246865,0.012800128400880035
43000,oracle_event_learned_qr,519,0,111,1,1,1.2605421952038272,0.1484813893167108
43000,oracle_event_learned_qr,519,0,111,4,4,0.7885926033312154,0.052549502201784795
43000,oracle_event_learned_qr,519,0,111,8,4,0.7885926033312154,0.052549502201784795
43000,oracle_event_learned_qr,519,0,111,16,4,0.7885926033312154,0.052549502201784795
43000,oracle_event_learned_qr,524,0,111,1,1,0.7600485506463158,0.1434555435362647
43000,oracle_event_learned_qr,524,0,111,4,2,0.8192270457604742,0.07274635251774443
43000,oracle_event_learned_qr,524,0,111,8,2,0.8192270457604742,0.07274635251774443
43000,oracle_event_learned_qr,524,0,111,16,2,0.8192270457604742,0.07274635251774443
43000,oracle_event_learned_qr,527,0,111,1,1,1.4460375252179885,0.19960781326430502
43000,oracle_event_learned_qr,527,0,111,4,4,1.001882327680908,0.1158549160939109
43000,oracle_event_learned_qr,527,0,111,8,8,1.025044338819746,0.103549278086387
43000,oracle_event_learned_qr,527,0,111,16,16,0.9886744096947666,0.08509963059755585
43000,oracle_event_learned_qr,548,0,111,1,1,1.2081390029254553,0.02956210018141488
43000,oracle_event_learned_qr,548,0,111,4,2,0.7282505281237414,0.01506816449939361
43000,oracle_event_learned_qr,548,0,111,8,2,0.7282505281237414,0.01506816449939361
43000,oracle_event_learned_qr,548,0,111,16,2,0.7282505281237414,0.01506816449939361
43000,oracle_event_learned_qr,551,0,111,1,1,1.2104242503749614,0.04414707140370086
43000,oracle_event_learned_qr,551,0,111,4,4,1.0347813069473466,0.08366475521279827
43000,oracle_event_learned_qr,551,0,111,8,8,1.0593756273657204,0.08906680171843882
43000,oracle_event_learned_qr,551,0,111,16,16,1.0239740882363781,0.12595086736346975
43000,oracle_event_learned_qr,588,0,111,1,1,0.2967703836715864,0.13176570526305956
43000,oracle_event_learned_qr,588,0,111,4,4,0.06904201558610541,0.1268729193319989
43000,oracle_event_learned_qr,588,0,111,8,8,0.7219504072029493,0.16723334634743098
43000,oracle_event_learned_qr,588,0,111,16,16,0.879231590365189,0.11456323446406856
43000,oracle_event_learned_qr,614,0,110,1,1,0.14903770386869486,0.0022916668406707742
43000,oracle_event_learned_qr,614,0,110,4,4,0.10183636823949731,0.0008247355403708904
43000,oracle_event_learned_qr,614,0,110,8,8,-0.031010027431361116,0.0031131377503702787
43000,oracle_event_learned_qr,614,0,110,16,16,0.11070787428372494,0.005799634346526761
43000,oracle_event_learned_qr,640,0,110,1,1,-0.23379862899617135,0.006434092772206948
43000,oracle_event_learned_qr,640,0,110,4,4,0.06645951462477724,0.012181072895076816
43000,oracle_event_learned_qr,640,0,110,8,8,0.1633400913640696,0.013505925660732512
43000,oracle_event_learned_qr,640,0,110,16,12,0.2054245687707322,0.018216126280520082
43000,oracle_event_learned_qr,653,0,110,1,1,0.02385431253339897,0.013192001507269072
43000,oracle_event_learned_qr,653,0,110,4,3,-0.10808156133788739,0.007635704972374015
43000,oracle_event_learned_qr,653,0,110,8,3,-0.10808156133788739,0.007635704972374015
43000,oracle_event_learned_qr,653,0,110,16,3,-0.10808156133788739,0.007635704972374015
43000,oracle_event_learned_qr,657,0,110,1,1,0.04315975023750363,0.0028566593334520673
43000,oracle_event_learned_qr,657,0,110,4,1,0.04315975023750363,0.0028566593334520673
43000,oracle_event_learned_qr,657,0,110,8,1,0.04315975023750363,0.0028566593334520673
43000,oracle_event_learned_qr,657,0,110,16,1,0.04315975023750363,0.0028566593334520673
43000,oracle_event_learned_qr,659,0,110,1,1,-0.3361037393158584,0.002966581116232331
43000,oracle_event_learned_qr,659,0,110,4,4,-0.26760445409309014,0.004012520129295944
43000,oracle_event_learned_qr,659,0,110,8,8,-0.32141963839343646,0.005020586050389449
43000,oracle_event_learned_qr,659,0,110,16,13,-0.37253290852474225,0.008170474689480577
43000,oracle_event_learned_qr,673,0,110,1,1,2.8385794296800446,0.001413628649993993
43000,oracle_event_learned_qr,673,0,110,4,4,1.5785713632386704,0.028054351497886872
43000,oracle_event_learned_qr,673,0,110,8,8,0.8676391234547035,0.021108805316971267
43000,oracle_event_learned_qr,673,0,110,16,16,0.5273620884437961,0.015615414044497528
43000,oracle_event_learned_qr,698,0,110,1,1,1.143680709979745,0.020905736598835215
43000,oracle_event_learned_qr,698,0,110,4,4,0.7467043697580004,0.009393302316803416
43000,oracle_event_learned_qr,698,0,110,8,8,0.9736339972834391,0.04503277906596309
43000,oracle_event_learned_qr,698,0,110,16,16,1.4340264805198393,0.04678458483522267
43000,oracle_event_learned_qr,807,0,110,1,1,-0.08335991094413657,4.848466797102595e-05
43000,oracle_event_learned_qr,807,0,110,4,3,0.023792050211397926,0.0078017457860246435
43000,oracle_event_learned_qr,807,0,110,8,3,0.023792050211397926,0.0078017457860246435
43000,oracle_event_learned_qr,807,0,110,16,3,0.023792050211397926,0.0078017457860246435
43000,oracle_event_learned_qr,811,0,110,1,1,0.24174467020432752,0.007144892386165618
43000,oracle_event_learned_qr,811,0,110,4,2,-0.02824123301204591,0.003667650256850918
43000,oracle_event_learned_qr,811,0,110,8,2,-0.02824123301204591,0.003667650256850918
43000,oracle_event_learned_qr,811,0,110,16,2,-0.02824123301204591,0.003667650256850918
43000,oracle_event_learned_qr,814,0,110,1,1,-0.37741579333601166,4.323785695101595e-05
43000,oracle_event_learned_qr,814,0,110,4,4,0.13079897398112045,0.011175779828412422
43000,oracle_event_learned_qr,814,0,110,8,8,-0.0877871254657196,0.0068823636123101686
43000,oracle_event_learned_qr,814,0,110,16,9,0.15436696097864328,0.006854597691757018
43000,oracle_event_learned_qr,824,0,110,1,1,-0.021048601984936313,0.0035416539912618288
43000,oracle_event_learned_qr,824,0,110,4,2,0.15551505378861824,0.007455355259467896
43000,oracle_event_learned_qr,824,0,110,8,2,0.15551505378861824,0.007455355259467896
43000,oracle_event_learned_qr,824,0,110,16,2,0.15551505378861824,0.007455355259467896
43000,oracle_event_learned_qr,827,0,110,1,1,0.19832952649207497,0.0037526611781928633
43000,oracle_event_learned_qr,827,0,110,4,4,0.2975557447117427,0.014092216754196191
43000,oracle_event_learned_qr,827,0,110,8,4,0.2975557447117427,0.014092216754196191
43000,oracle_event_learned_qr,827,0,110,16,4,0.2975557447117427,0.014092216754196191
43000,oracle_event_learned_qr,832,0,110,1,1,0.11729513336857161,0.0017656066158498922
43000,oracle_event_learned_qr,832,0,110,4,4,-0.04566503447577607,0.008091640725855703
43000,oracle_event_learned_qr,832,0,110,8,8,0.13776318910232793,0.009516003538679506
43000,oracle_event_learned_qr,832,0,110,16,16,-0.04837367937852361,0.008708888664996216
43000,oracle_event_learned_qr,849,0,110,1,1,-0.1980371087836838,0.08196831748458862
43000,oracle_event_learned_qr,849,0,110,4,4,0.8693690778851023,0.028986157679665732
43000,oracle_event_learned_qr,849,0,110,8,8,0.4251245946247652,0.022236183497028328
43000,oracle_event_learned_qr,849,0,110,16,16,0.010079567497140923,0.016201253482033787
43000,oracle_event_learned_qr,869,0,110,1,1,-0.5866880090220482,0.0012441638050490352
43000,oracle_event_learned_qr,869,0,110,4,4,-0.6272994973351316,0.001940381015566076
43000,oracle_event_learned_qr,869,0,110,8,8,-0.4800801626278167,0.0024104316704017777
43000,oracle_event_learned_qr,869,0,110,16,9,-0.5282098975156716,0.0021950934297678667
43000,oracle_event_learned_qr,879,0,110,1,1,-0.8280942716558417,0.0009093048064877368
43000,oracle_event_learned_qr,879,0,110,4,4,1.094742989503382,0.022420478837046655
43000,oracle_event_learned_qr,879,0,110,8,4,1.094742989503382,0.022420478837046655
43000,oracle_event_learned_qr,879,0,110,16,4,1.094742989503382,0.022420478837046655
43000,oracle_event_learned_qr,884,0,110,1,1,-0.16890245738329518,0.00019835897852441586
43000,oracle_event_learned_qr,884,0,110,4,4,-0.061899363949939265,0.013823670240087451
43000,oracle_event_learned_qr,884,0,110,8,8,0.24836201512736208,0.017597943972000124
43000,oracle_event_learned_qr,884,0,110,16,16,0.8006348387239235,0.07000745198038887
43000,oracle_event_learned_qr,1060,0,111,1,1,0.6802201689041255,0.028423285588103704
43000,oracle_event_learned_qr,1060,0,111,4,4,0.8195843986544397,0.12396596020549489
43000,oracle_event_learned_qr,1060,0,111,8,5,0.7448640393551382,0.18221630964763175
43000,oracle_event_learned_qr,1060,0,111,16,5,0.7448640393551382,0.18221630964763175
43000,oracle_event_learned_qr,1066,0,111,1,1,0.8725758170162221,0.1706932465365671
43000,oracle_event_learned_qr,1066,0,111,4,2,1.600473030040538,0.09470736505357571
43000,oracle_event_learned_qr,1066,0,111,8,2,1.600473030040538,0.09470736505357571
43000,oracle_event_learned_qr,1066,0,111,16,2,1.600473030040538,0.09470736505357571
43000,oracle_event_learned_qr,1069,0,111,1,1,1.6605335014389202,0.07519832053943011
43000,oracle_event_learned_qr,1069,0,111,4,1,1.6605335014389202,0.07519832053943011
43000,oracle_event_learned_qr,1069,0,111,8,1,1.6605335014389202,0.07519832053943011
43000,oracle_event_learned_qr,1069,0,111,16,1,1.6605335014389202,0.07519832053943011
43000,oracle_event_learned_qr,1071,0,111,1,1,1.069394854982109,0.038784987389590284
43000,oracle_event_learned_qr,1071,0,111,4,4,0.7674584440295933,0.010751327137545733
43000,oracle_event_learned_qr,1071,0,111,8,8,0.6639294066342579,0.016995636404500032
43000,oracle_event_learned_qr,1071,0,111,16,16,0.8467141829762435,0.09301081635849569
43000,oracle_event_learned_qr,1106,0,111,1,1,2.435466143305236,0.1277590150421895
43000,oracle_event_learned_qr,1106,0,111,4,4,1.28128029369565,0.057388060350025735
43000,oracle_event_learned_qr,1106,0,111,8,8,0.7715687481561679,0.0396304819658502
43000,oracle_event_learned_qr,1106,0,111,16,16,0.5428674213956244,0.05955549028822178
43000,oracle_event_learned_qr,1140,0,111,1,1,0.9459549196115531,0.07815779303558726
43000,oracle_event_learned_qr,1140,0,111,4,1,0.9459549196115531,0.07815779303558726
43000,oracle_event_learned_qr,1140,0,111,8,1,0.9459549196115531,0.07815779303558726
43000,oracle_event_learned_qr,1140,0,111,16,1,0.9459549196115531,0.07815779303558726
43000,oracle_event_learned_qr,1142,0,111,1,1,0.21284455246240247,0.1798833881436065
43000,oracle_event_learned_qr,1142,0,111,4,2,0.42992029724101677,0.12579968959048127
43000,oracle_event_learned_qr,1142,0,111,8,2,0.42992029724101677,0.12579968959048127
43000,oracle_event_learned_qr,1142,0,111,16,2,0.42992029724101677,0.12579968959048127
43000,oracle_event_learned_qr,1145,0,111,1,1,0.17346015054138206,0.015169545520850541
43000,oracle_event_learned_qr,1145,0,111,4,4,0.056107228195705655,0.05860700890169785
43000,oracle_event_learned_qr,1145,0,111,8,4,0.056107228195705655,0.05860700890169785
43000,oracle_event_learned_qr,1145,0,111,16,4,0.056107228195705655,0.05860700890169785
43000,oracle_event_learned_qr,1150,0,111,1,1,1.8856924271946074,0.0711111301898757
43000,oracle_event_learned_qr,1150,0,111,4,1,1.8856924271946074,0.0711111301898757
43000,oracle_event_learned_qr,1150,0,111,8,1,1.8856924271946074,0.0711111301898757
43000,oracle_event_learned_qr,1150,0,111,16,1,1.8856924271946074,0.0711111301898757
43000,oracle_event_learned_qr,1312,1,110,1,1,0.4929416660719052,0.0013079318217425011
43000,oracle_event_learned_qr,1312,1,110,4,4,0.25813388869509213,0.0063428172706061076
43000,oracle_event_learned_qr,1312,1,110,8,8,0.07188177991919785,0.008873487146237233
43000,oracle_event_learned_qr,1312,1,110,16,11,0.12447268534382565,0.007402100386480351
43000,oracle_event_learned_qr,1324,1,110,1,1,-0.25676872427631486,0.037035424255084326
43000,oracle_event_learned_qr,1324,1,110,4,4,1.2147405730053809,0.033280284159095536
43000,oracle_event_learned_qr,1324,1,110,8,8,0.7766071830309653,0.027690564826230106
43000,oracle_event_learned_qr,1324,1,110,16,16,0.631680627380391,0.02076366566676432
43000,oracle_event_learned_qr,1352,1,110,1,1,1.6151837530030135,2.4779381964512602e-05
43000,oracle_event_learned_qr,1352,1,110,4,4,0.12297483118322719,0.011032556038266961
43000,oracle_event_learned_qr,1352,1,110,8,8,0.24752465401270865,0.010314506946429167
43000,oracle_event_learned_qr,1352,1,110,16,16,0.30955575067976454,0.018023337332645224
43000,oracle_event_learned_qr,1373,1,110,1,1,-0.28312647056170126,0.009435323621513753
43000,oracle_event_learned_qr,1373,1,110,4,4,0.21774700123287485,0.012118922349352025
43000,oracle_event_learned_qr,1373,1,110,8,8,0.10117063517997875,0.01344717905672584
43000,oracle_event_learned_qr,1373,1,110,16,16,0.27585364149754005,0.012375980373111458
43000,oracle_event_learned_qr,1395,1,110,1,1,0.04860068083798274,0.002101118716555918
43000,oracle_event_learned_qr,1395,1,110,4,4,-0.05112882074982136,0.01740660291251312
43000,oracle_event_learned_qr,1395,1,110,8,4,-0.05112882074982136,0.01740660291251312
43000,oracle_event_learned_qr,1395,1,110,16,4,-0.05112882074982136,0.01740660291251312
43000,oracle_event_learned_qr,1401,1,110,1,1,-0.020717411120510346,0.010451820533327463
43000,oracle_event_learned_qr,1401,1,110,4,4,-0.03158683362866415,0.006741417756906171
43000,oracle_event_learned_qr,1401,1,110,8,8,-0.07462525277038176,0.004475330296779276
43000,oracle_event_learned_qr,1401,1,110,16,15,-0.11333979141663031,0.004456194427441053
43000,oracle_event_learned_qr,1417,1,110,1,1,-0.44624629583971487,0.000781776354089047
43000,oracle_event_learned_qr,1417,1,110,4,4,0.28351387602411315,0.0210846762181231
43000,oracle_event_learned_qr,1417,1,110,8,8,-0.04999615099974766,0.014403108493541726
43000,oracle_event_learned_qr,1417,1,110,16,16,0.4944199178920863,0.02349873063279828
43000,oracle_event_learned_qr,1452,1,111,1,1,1.5980441753437338,0.16325897146828244
43000,oracle_event_learned_qr,1452,1,111,4,4,1.4112971321421552,0.10443248901025369
43000,oracle_event_learned_qr,1452,1,111,8,7,1.2129746434065016,0.0910656319876788
43000,oracle_event_learned_qr,1452,1,111,16,7,1.2129746434065016,0.0910656319876788
43000,oracle_event_learned_qr,1460,1,111,1,1,0.7681726528584469,0.05918397221683556
43000,oracle_event_learned_qr,1460,1,111,4,4,0.7804152289684112,0.09058586276563754
43000,oracle_event_learned_qr,1460,1,111,8,8,0.7534252882044374,0.05400488782891564
43000,oracle_event_learned_qr,1460,1,111,16,16,0.6949104506343593,0.08689776448987495
43000,oracle_event_learned_qr,1485,1,111,1,1,1.3352560305778873,0.024108652690854913
43000,oracle_event_learned_qr,1485,1,111,4,4,0.9033845332916586,0.16056899457681892
43000,oracle_event_learned_qr,1485,1,111,8,8,0.8047030723527078,0.12830752504153356
43000,oracle_event_learned_qr,1485,1,111,16,11,0.6908018357859533,0.09372698019780513
43000,oracle_event_learned_qr,1497,1,111,1,1,2.532630285449591,0.13474678867716355
43000,oracle_event_learned_qr,1497,1,111,4,3,1.2822363819538312,0.07802504608784015
43000,oracle_event_learned_qr,1497,1,111,8,3,1.2822363819538312,0.07802504608784015
43000,oracle_event_learned_qr,1497,1,111,16,3,1.2822363819538312,0.07802504608784015
43000,oracle_event_learned_qr,1501,1,111,1,1,1.7939456569510197,0.02064184563691378
43000,oracle_event_learned_qr,1501,1,111,4,4,1.0285456816016731,0.07815933300591776
43000,oracle_event_learned_qr,1501,1,111,8,4,1.0285456816016731,0.07815933300591776
43000,oracle_event_learned_qr,1501,1,111,16,4,1.0285456816016731,0.07815933300591776
43000,oracle_event_learned_qr,1506,1,101,1,1,2.535577541972862,0.11073929440696893
43000,oracle_event_learned_qr,1506,1,101,4,4,1.1695154472077878,0.053653193498659865
43000,oracle_event_learned_qr,1506,1,101,8,8,1.0084723263452897,0.04205482764500988
43000,oracle_event_learned_qr,1506,1,101,16,16,0.742915562951458,0.04024845375674398
43000,oracle_event_learned_qr,1552,1,101,1,1,1.074140944524827,0.006506175753499648
43000,oracle_event_learned_qr,1552,1,101,4,1,1.074140944524827,0.006506175753499648
43000,oracle_event_learned_qr,1552,1,101,8,1,1.074140944524827,0.006506175753499648
43000,oracle_event_learned_qr,1552,1,101,16,1,1.074140944524827,0.006506175753499648
43000,oracle_event_learned_qr,1555,1,101,1,1,0.7281147832867553,0.0734455767787213
43000,oracle_event_learned_qr,1555,1,101,4,4,0.6115713165841152,0.02943191321737433
43000,oracle_event_learned_qr,1555,1,101,8,7,0.5227165582940966,0.025644877543928364
43000,oracle_event_learned_qr,1555,1,101,16,7,0.5227165582940966,0.025644877543928364
43000,oracle_event_learned_qr,1563,1,101,1,1,0.4669957767141131,0.005605765408947897
43000,oracle_event_learned_qr,1563,1,101,4,2,0.6629806570317609,0.0769778995930906
43000,oracle_event_learned_qr,1563,1,101,8,2,0.6629806570317609,0.0769778995930906
43000,oracle_event_learned_qr,1563,1,101,16,2,0.6629806570317609,0.0769778995930906
43000,oracle_event_learned_qr,1566,1,101,1,1,1.3691044616160943,0.19961911561112403
43000,oracle_event_learned_qr,1566,1,101,4,4,0.9368649650000291,0.07546599255751818
43000,oracle_event_learned_qr,1566,1,101,8,8,0.9606538867464727,0.1085795325286962
43000,oracle_event_learned_qr,1566,1,101,16,16,0.8301827497622205,0.07848221844510965
43000,oracle_event_learned_qr,1594,1,101,1,1,0.4296755406188755,0.01059281498625566
43000,oracle_event_learned_qr,1594,1,101,4,4,0.6220081359335679,0.196530259090068
43000,oracle_event_learned_qr,1594,1,101,8,8,0.6252616143370033,0.10469246020956187
43000,oracle_event_learned_qr,1594,1,101,16,16,0.6579478483791688,0.11336100677738008
43000,oracle_event_learned_qr,1611,1,111,1,1,0.18328222311102765,0.021120028885131783
43000,oracle_event_learned_qr,1611,1,111,4,4,0.6383308674999483,0.1570831247134402
43000,oracle_event_learned_qr,1611,1,111,8,5,0.5698406317638,0.17695771924531686
43000,oracle_event_learned_qr,1611,1,111,16,5,0.5698406317638,0.17695771924531686
43000,oracle_event_learned_qr,1617,1,111,1,1,5.893159802586743,0.0746033629497621
43000,oracle_event_learned_qr,1617,1,111,4,4,3.087601768500898,0.12548236452140096
43000,oracle_event_learned_qr,1617,1,111,8,8,2.283709826873503,0.08598834179971827
43000,oracle_event_learned_qr,1617,1,111,16,9,2.1488727057979955,0.07825170568488954
43000,oracle_event_learned_qr,1627,1,111,1,1,0.8169767575648784,0.0069225004159131215
43000,oracle_event_learned_qr,1627,1,111,4,4,1.00102051092736,0.3155813073865704
43000,oracle_event_learned_qr,1627,1,111,8,8,0.8062520331234875,0.1853597120793865
43000,oracle_event_learned_qr,1627,1,111,16,14,0.99229792130887,0.16691079883264634
43000,oracle_event_learned_qr,1642,1,111,1,1,0.1586855123792081,0.0003520822156880512
43000,oracle_event_learned_qr,1642,1,111,4,4,0.3880856902169937,0.008971661343270706
43000,oracle_event_learned_qr,1642,1,111,8,8,0.933957394075039,0.030613707064067276
43000,oracle_event_learned_qr,1642,1,111,16,16,0.812439369829659,0.044997723483885296
43000,oracle_event_learned_qr,1680,1,111,1,1,1.176695233347121,0.013874737778529884
43000,oracle_event_learned_qr,1680,1,111,4,1,1.176695233347121,0.013874737778529884
43000,oracle_event_learned_qr,1680,1,111,8,1,1.176695233347121,0.013874737778529884
43000,oracle_event_learned_qr,1680,1,111,16,1,1.176695233347121,0.013874737778529884
43000,oracle_event_learned_qr,1682,1,111,1,1,0.5307693451645529,0.05573825311506569
43000,oracle_event_learned_qr,1682,1,111,4,4,1.0882293624652721,0.1996562305890548
43000,oracle_event_learned_qr,1682,1,111,8,8,0.7920051207527545,0.14254381401312577
43000,oracle_event_learned_qr,1682,1,111,16,16,0.7227012581660058,0.09149304336348874
43000,oracle_event_learned_qr,1699,1,111,1,1,0.9535320323565467,0.09696291679119805
43000,oracle_event_learned_qr,1699,1,111,4,4,0.4935338260499743,0.07509088351423476
43000,oracle_event_learned_qr,1699,1,111,8,8,0.8205427175604834,0.09779985126538454
43000,oracle_event_learned_qr,1699,1,111,16,16,0.8189355552212277,0.09760750243053334
43000,oracle_event_learned_qr,1721,1,111,1,1,0.39594644512465915,0.07170460552007939
43000,oracle_event_learned_qr,1721,1,111,4,4,0.32015694751073065,0.05233100353241167
43000,oracle_event_learned_qr,1721,1,111,8,8,0.2653021566250298,0.08419192943228396
43000,oracle_event_learned_qr,1721,1,111,16,16,0.22314032656548166,0.0478946941256142
43000,oracle_event_learned_qr,1800,1,101,1,1,1.1988787991810193,0.007336631330077185
43000,oracle_event_learned_qr,1800,1,101,4,4,0.6414254457151072,0.010576736008485264
43000,oracle_event_learned_qr,1800,1,101,8,8,0.6188557893109516,0.03132986155625797
43000,oracle_event_learned_qr,1800,1,101,16,16,0.7594199436014311,0.06350876950412648
43000,oracle_event_learned_qr,1825,1,101,1,1,0.47640510885326265,0.0044599194876984325
43000,oracle_event_learned_qr,1825,1,101,4,4,0.6676520888654741,0.10393765832578099
43000,oracle_event_learned_qr,1825,1,101,8,8,0.5630925416892826,0.05914827906398709
43000,oracle_event_learned_qr,1825,1,101,16,16,0.5819558305619599,0.08018363493955255
43000,oracle_event_learned_qr,1842,1,101,1,1,0.39982872292671545,0.033912635088665447
43000,oracle_event_learned_qr,1842,1,101,4,4,0.5651620590790993,0.08864618158380691
43000,oracle_event_learned_qr,1842,1,101,8,4,0.5651620590790993,0.08864618158380691
43000,oracle_event_learned_qr,1842,1,101,16,4,0.5651620590790993,0.08864618158380691
43000,oracle_event_learned_qr,1847,1,101,1,1,1.592804374236353,0.020864798024276567
43000,oracle_event_learned_qr,1847,1,101,4,4,0.60234978670746,0.06197847024639848
43000,oracle_event_learned_qr,1847,1,101,8,8,0.8444943896775852,0.07379242571955148
43000,oracle_event_learned_qr,1847,1,101,16,12,0.8649923875555316,0.07968500221651979
43000,oracle_event_learned_qr,1860,1,101,1,1,0.4575733516919597,0.00031932674893330143
43000,oracle_event_learned_qr,1860,1,101,4,4,0.532703176575493,0.034878366789146034
43000,oracle_event_learned_qr,1860,1,101,8,6,0.4762898435384955,0.049776619022017354
43000,oracle_event_learned_qr,1860,1,101,16,6,0.4762898435384955,0.049776619022017354
43000,oracle_event_learned_qr,1867,1,101,1,1,0.32536764269704477,0.022474175498009293
43000,oracle_event_learned_qr,1867,1,101,4,4,0.594665447352027,0.02295858700782313
43000,oracle_event_learned_qr,1867,1,101,8,8,0.4953160064014672,0.03879099533104364
43000,oracle_event_learned_qr,1867,1,101,16,11,0.39583654998093193,0.02919722487124701
43000,oracle_event_learned_qr,1879,1,101,1,1,4.806163773906684,5.137347797029988e-05
43000,oracle_event_learned_qr,1879,1,101,4,4,1.5957808359617802,0.026757905631327836
43000,oracle_event_learned_qr,1879,1,101,8,8,1.1028629061061983,0.038281768430742255
43000,oracle_event_learned_qr,1879,1,101,16,13,0.9286667018359958,0.039819026919104064
43000,oracle_event_learned_qr,1893,1,101,1,1,0.30251372111218633,0.000351952103307699
43000,oracle_event_learned_qr,1893,1,101,4,4,1.3541796299446738,0.08539453422478625
43000,oracle_event_learned_qr,1893,1,101,8,8,1.1234873729045152,0.10064193324823463
43000,oracle_event_learned_qr,1893,1,101,16,13,1.0357800265984642,0.07964796234568307
43000,oracle_event_learned_qr,1907,1,101,1,1,1.1552303211558836,0.002393035738262061
43000,oracle_event_learned_qr,1907,1,101,4,4,0.6684110524612541,0.036100585155511705
43000,oracle_event_learned_qr,1907,1,101,8,6,0.5245545890876754,0.04876566363276751
43000,oracle_event_learned_qr,1907,1,101,16,6,0.5245545890876754,0.04876566363276751
43000,oracle_event_learned_qr,1914,1,101,1,1,4.729567972637463,0.005808828127578436
43000,oracle_event_learned_qr,1914,1,101,4,4,1.9651755831919062,0.026719780749002386
43000,oracle_event_learned_qr,1914,1,101,8,8,1.7126639469161007,0.07061054169960304
43000,oracle_event_learned_qr,1914,1,101,16,16,1.158148191621101,0.054269038328132596
43000,oracle_event_learned_qr,1931,1,101,1,1,0.5738785667165147,0.1447388155749647
43000,oracle_event_learned_qr,1931,1,101,4,4,0.6321561796994725,0.13247814316927425
43000,oracle_event_learned_qr,1931,1,101,8,8,0.5934724748141417,0.10860664530981998
43000,oracle_event_learned_qr,1931,1,101,16,11,0.8812289415175876,0.10454755744342048
43000,oracle_event_learned_qr,1943,1,101,1,1,0.6595103532342815,0.015276108239601328
43000,oracle_event_learned_qr,1943,1,101,4,4,0.636020759291476,0.011174171895784317
43000,oracle_event_learned_qr,1943,1,101,8,6,0.6831027731450502,0.019536126499505386
43000,oracle_event_learned_qr,1943,1,101,16,6,0.6831027731450502,0.019536126499505386
43000,oracle_event_learned_qr,1950,1,101,1,1,0.6750179060493705,0.18125521168980788
43000,oracle_event_learned_qr,1950,1,101,4,4,0.7088843357046273,0.15907136726760945
43000,oracle_event_learned_qr,1950,1,101,8,5,0.6661865101597756,0.12972705440588556
43000,oracle_event_learned_qr,1950,1,101,16,5,0.6661865101597756,0.12972705440588556
43000,oracle_event_learned_qr,1956,1,101,1,1,1.1230843910736668,0.09382104244972721
43000,oracle_event_learned_qr,1956,1,101,4,4,0.5890981820038388,0.03584209080224574
43000,oracle_event_learned_qr,1956,1,101,8,8,0.31828172677257727,0.02230135774500981
43000,oracle_event_learned_qr,1956,1,101,16,15,0.4665022095108799,0.05271964479527375
43000,oracle_event_learned_qr,1972,1,101,1,1,0.39436534671278495,0.06995892720473719
43000,oracle_event_learned_qr,1972,1,101,4,4,0.5634029689447033,0.06170989020571749
43000,oracle_event_learned_qr,1972,1,101,8,8,0.4398152977472922,0.035422390120686646
43000,oracle_event_learned_qr,1972,1,101,16,16,0.7942734320036974,0.07400993414873291
43000,oracle_event_learned_qr,2116,1,111,1,1,0.3478039618099969,0.013960272152029609
43000,oracle_event_learned_qr,2116,1,111,4,4,0.5069358200083894,0.01230740341304008
43000,oracle_event_learned_qr,2116,1,111,8,8,0.4278267147134349,0.01673807586523568
43000,oracle_event_learned_qr,2116,1,111,16,9,0.42769272384842255,0.03791062338480021
43000,oracle_event_learned_qr,2126,1,111,1,1,3.034387804676582,0.04575612523857385
43000,oracle_event_learned_qr,2126,1,111,4,1,3.034387804676582,0.04575612523857385
43000,oracle_event_learned_qr,2126,1,111,8,1,3.034387804676582,0.04575612523857385
43000,oracle_event_learned_qr,2126,1,111,16,1,3.034387804676582,0.04575612523857385
43000,oracle_event_learned_qr,2129,1,111,1,1,0.9230877070065373,0.28743350350815794
43000,oracle_event_learned_qr,2129,1,111,4,4,1.1012759917188017,0.10105574600739724
43000,oracle_event_learned_qr,2129,1,111,8,8,0.9389261486283397,0.06578161796324447
43000,oracle_event_learned_qr,2129,1,111,16,16,0.8505323885692957,0.09341278189584581
43000,oracle_event_learned_qr,2149,1,111,1,1,0.7988325969594373,0.03182381941239536
43000,oracle_event_learned_qr,2149,1,111,4,4,0.4710947299235082,0.037701055376676576
43000,oracle_event_learned_qr,2149,1,111,8,5,0.4456437041719097,0.030433520864181152
43000,oracle_event_learned_qr,2149,1,111,16,5,0.4456437041719097,0.030433520864181152
43000,oracle_event_learned_qr,2155,1,111,1,1,0.41038858546930296,0.01032235838267477
43000,oracle_event_learned_qr,2155,1,111,4,4,0.433702028913954,0.018404338338798166
43000,oracle_event_learned_qr,2155,1,111,8,8,0.5233817424150458,0.04823439107674734
43000,oracle_event_learned_qr,2155,1,111,16,10,0.6985225433078665,0.0403032850077044
43000,oracle_event_learned_qr,2166,1,111,1,1,3.5513929413153726,0.20724523860409447
43000,oracle_event_learned_qr,2166,1,111,4,2,2.0777260879730917,0.14437397069370422
43000,oracle_event_learned_qr,2166,1,111,8,2,2.0777260879730917,0.14437397069370422
43000,oracle_event_learned_qr,2166,1,111,16,2,2.0777260879730917,0.14437397069370422
43000,oracle_event_learned_qr,2169,1,111,1,1,1.0793510657445031,0.0001232224033462703
43000,oracle_event_learned_qr,2169,1,111,4,1,1.0793510657445031,0.0001232224033462703
43000,oracle_event_learned_qr,2169,1,111,8,1,1.0793510657445031,0.0001232224033462703
43000,oracle_event_learned_qr,2169,1,111,16,1,1.0793510657445031,0.0001232224033462703
43000,oracle_event_learned_qr,2171,1,111,1,1,0.8206118787831351,0.4764919525894609
43000,oracle_event_learned_qr,2171,1,111,4,3,0.7500756765691668,0.20930060496664657
43000,oracle_event_learned_qr,2171,1,111,8,3,0.7500756765691668,0.20930060496664657
43000,oracle_event_learned_qr,2171,1,111,16,3,0.7500756765691668,0.20930060496664657
43000,oracle_event_learned_qr,2175,1,111,1,1,0.46185204812872227,0.012532448453764757
43000,oracle_event_learned_qr,2175,1,111,4,4,0.33881910596325515,0.024809978793717425
43000,oracle_event_learned_qr,2175,1,111,8,8,0.45186676939212944,0.12336777295885876
43000,oracle_event_learned_qr,2175,1,111,16,16,0.7569156684980445,0.1467389417953772
43000,oracle_event_learned_qr,2202,1,111,1,1,2.4863356849450895,0.005673567885257217
43000,oracle_event_learned_qr,2202,1,111,4,4,1.2366572636434139,0.008028573340224783
43000,oracle_event_learned_qr,2202,1,111,8,8,0.7924524737305461,0.005905825096853121
43000,oracle_event_learned_qr,2202,1,111,16,11,0.584942773989265,0.0051258123000524425
43000,oracle_event_learned_qr,2214,1,110,1,1,-0.0661589959574453,0.018381767669984155
43000,oracle_event_learned_qr,2214,1,110,4,4,-0.2293150634409625,0.011331036485840244
43000,oracle_event_learned_qr,2214,1,110,8,8,-0.06044011001867093,0.009332059042966306
43000,oracle_event_learned_qr,2214,1,110,16,9,-0.1150096546712495,0.009925418871626799
43000,oracle_event_learned_qr,2224,1,110,1,1,-0.39414431129635136,0.033809788312741076
43000,oracle_event_learned_qr,2224,1,110,4,4,0.6421630833929513,0.010811999086196443
43000,oracle_event_learned_qr,2224,1,110,8,8,0.3722962735994356,0.008427204458000869
43000,oracle_event_learned_qr,2224,1,110,16,16,0.0324487267735663,0.010440737227537343
43000,oracle_event_learned_qr,2248,1,110,1,1,0.003425678226625869,7.814329850756275e-06
43000,oracle_event_learned_qr,2248,1,110,4,4,-0.24361051192876002,0.006613252343964739
43000,oracle_event_learned_qr,2248,1,110,8,8,-0.3935689690889551,0.0065613273334231784
43000,oracle_event_learned_qr,2248,1,110,16,16,-0.33778118480642116,0.0070734589023921865
43000,oracle_event_learned_qr,2276,1,110,1,1,-0.2815627120627064,0.006163506344505335
43000,oracle_event_learned_qr,2276,1,110,4,4,0.6614473148510283,0.02581558646916004
43000,oracle_event_learned_qr,2276,1,110,8,8,0.4078373428096866,0.015053486343763876
43000,oracle_event_learned_qr,2276,1,110,16,16,0.13178437986196637,0.009684482957006494
43000,oracle_event_learned_qr,2313,2,111,1,1,1.26832835192765,0.37319266452743255
43000,oracle_event_learned_qr,2313,2,111,4,4,1.1462037951513637,0.28093017901453826
43000,oracle_event_learned_qr,2313,2,111,8,4,1.1462037951513637,0.28093017901453826
43000,oracle_event_learned_qr,2313,2,111,16,4,1.1462037951513637,0.28093017901453826
43000,oracle_event_learned_qr,2318,2,111,1,1,0.9424772802590149,0.09507070371894943
43000,oracle_event_learned_qr,2318,2,111,4,4,0.7468167680585469,0.0281157015850352
43000,oracle_event_learned_qr,2318,2,111,8,7,0.6974996706795237,0.01881654675253532
43000,oracle_event_learned_qr,2318,2,111,16,7,0.6974996706795237,0.01881654675253532
43000,oracle_event_learned_qr,2326,2,111,1,1,1.3084667251778157,0.05326853378703893
43000,oracle_event_learned_qr,2326,2,111,4,4,0.5617931947518048,0.032007084653818754
43000,oracle_event_learned_qr,2326,2,111,8,8,0.500246213149218,0.025950337776619984
43000,oracle_event_learned_qr,2326,2,111,16,16,0.5806628430823064,0.03926274310416691
43000,oracle_event_learned_qr,2345,2,111,1,1,1.8144752745595567,1.971718138621029e-05
43000,oracle_event_learned_qr,2345,2,111,4,4,0.8722778440845905,0.04267522986082723
43000,oracle_event_learned_qr,2345,2,111,8,8,0.9082698815224703,0.06771522103040367
43000,oracle_event_learned_qr,2345,2,111,16,16,1.1117587116483991,0.09244764182191167
43000,oracle_event_learned_qr,2378,2,111,1,1,0.8072036100355637,0.009663510725265917
43000,oracle_event_learned_qr,2378,2,111,4,4,0.7141603004307965,0.19788699156981715
43000,oracle_event_learned_qr,2378,2,111,8,8,1.002693139106742,0.11587738209521223
43000,oracle_event_learned_qr,2378,2,111,16,8,1.002693139106742,0.11587738209521223
43000,oracle_event_learned_qr,2387,2,111,1,1,0.6092918364476341,0.029323888400088913
43000,oracle_event_learned_qr,2387,2,111,4,4,0.843935245438235,0.014945905704728556
43000,oracle_event_learned_qr,2387,2,111,8,5,0.7572321443693626,0.012160289887472234
43000,oracle_event_learned_qr,2387,2,111,16,5,0.7572321443693626,0.012160289887472234
43000,oracle_event_learned_qr,2393,2,111,1,1,0.9817826184893969,0.3527072715140289
43000,oracle_event_learned_qr,2393,2,111,4,4,0.8220610553341094,0.12176447306020868
43000,oracle_event_learned_qr,2393,2,111,8,8,0.9076908484424943,0.09044509485527039
43000,oracle_event_learned_qr,2393,2,111,16,16,0.5906993329562495,0.049567646847093735
43000,oracle_event_learned_qr,2417,2,110,1,1,0.16620949753159936,0.000145018479079062
43000,oracle_event_learned_qr,2417,2,110,4,4,0.15225642129168426,0.005551971224785272
43000,oracle_event_learned_qr,2417,2,110,8,4,0.15225642129168426,0.005551971224785272
43000,oracle_event_learned_qr,2417,2,110,16,4,0.15225642129168426,0.005551971224785272
43000,oracle_event_learned_qr,2422,2,110,1,1,0.03805161484758025,0.006989385828773178
43000,oracle_event_learned_qr,2422,2,110,4,4,0.25383033691623896,0.007820104581963524
43000,oracle_event_learned_qr,2422,2,110,8,8,0.22242444240384704,0.006733433148857968
43000,oracle_event_learned_qr,2422,2,110,16,15,0.12370028552553754,0.007145782014214688
43000,oracle_event_learned_qr,2438,2,110,1,1,0.42044556007461353,0.0006881162910248057
43000,oracle_event_learned_qr,2438,2,110,4,3,0.2898433279796358,0.009863491517550725
43000,oracle_event_learned_qr,2438,2,110,8,3,0.2898433279796358,0.009863491517550725
43000,oracle_event_learned_qr,2438,2,110,16,3,0.2898433279796358,0.009863491517550725
43000,oracle_event_learned_qr,2442,2,110,1,1,-0.05691642079068084,0.020406128138306764
43000,oracle_event_learned_qr,2442,2,110,4,4,-0.15680834967020574,0.013711915308405744
43000,oracle_event_learned_qr,2442,2,110,8,8,-0.2870970357068008,0.013675494539237517
43000,oracle_event_learned_qr,2442,2,110,16,10,-0.36781535325125586,0.014249226446426178
43000,oracle_event_learned_qr,2453,2,110,1,1,5.868097692495886,0.0005423285264452834
43000,oracle_event_learned_qr,2453,2,110,4,4,1.587758421607349,0.007276634607897131
43000,oracle_event_learned_qr,2453,2,110,8,8,0.5916534102388256,0.007883718609260976
43000,oracle_event_learned_qr,2453,2,110,16,16,1.280632672846239,0.053743727130904986
43000,oracle_event_learned_qr,2596,2,110,1,1,-0.19394585024431774,0.00449181346563215
43000,oracle_event_learned_qr,2596,2,110,4,4,-0.22214377328948956,0.004459627060748961
43000,oracle_event_learned_qr,2596,2,110,8,8,-0.03714735366816173,0.007444511557463718
43000,oracle_event_learned_qr,2596,2,110,16,16,-0.12058295960777951,0.005777521321062022
43000,oracle_event_learned_qr,2623,2,110,1,1,0.1183730253858267,0.0028243391327168656
43000,oracle_event_learned_qr,2623,2,110,4,4,0.4481773038830972,0.004671395729911435
43000,oracle_event_learned_qr,2623,2,110,8,8,0.7555000840122497,0.005639680315257565
43000,oracle_event_learned_qr,2623,2,110,16,16,0.4474593973795162,0.006855082896337598
43000,oracle_event_learned_qr,2651,2,110,1,1,-0.21522260991572845,0.0001778585558728115
43000,oracle_event_learned_qr,2651,2,110,4,4,-0.3163642862576945,0.005239448246910401
43000,oracle_event_learned_qr,2651,2,110,8,8,-0.15945115880238905,0.010919716396456978
43000,oracle_event_learned_qr,2651,2,110,16,16,-0.2379908577924519,0.00792569992666366
43000,oracle_event_learned_qr,2669,2,110,1,1,0.3158431062509772,0.004214068802315701
43000,oracle_event_learned_qr,2669,2,110,4,1,0.3158431062509772,0.004214068802315701
43000,oracle_event_learned_qr,2669,2,110,8,1,0.3158431062509772,0.004214068802315701
43000,oracle_event_learned_qr,2669,2,110,16,1,0.3158431062509772,0.004214068802315701
43000,oracle_event_learned_qr,2671,2,110,1,1,-0.02870041500585053,0.004369253987735635
43000,oracle_event_learned_qr,2671,2,110,4,4,0.0787087912677414,0.013260553257389873
43000,oracle_event_learned_qr,2671,2,110,8,7,0.33216782182062904,0.021905703479245902
43000,oracle_event_learned_qr,2671,2,110,16,7,0.33216782182062904,0.021905703479245902
43000,oracle_event_learned_qr,2679,2,110,1,1,-0.08228379978553278,0.024877356131439703
43000,oracle_event_learned_qr,2679,2,110,4,4,-0.09354516239589518,0.011807443450122796
43000,oracle_event_learned_qr,2679,2,110,8,8,-0.07656666357759379,0.006603066349158622
43000,oracle_event_learned_qr,2679,2,110,16,16,-0.049782345955235674,0.006386395991511072
43000,oracle_event_learned_qr,2714,2,110,1,1,0.4254354172828426,0.014938518203323519
43000,oracle_event_learned_qr,2714,2,110,4,4,0.2798135414698974,0.0047232192071123445
43000,oracle_event_learned_qr,2714,2,110,8,8,0.19272475827486985,0.009796606332974698
43000,oracle_event_learned_qr,2714,2,110,16,16,0.5456668077642519,0.04556056847280502
43000,oracle_event_learned_qr,2741,2,101,1,1,2.5365274819678008,0.05736413644038944
43000,oracle_event_learned_qr,2741,2,101,4,4,0.9448990573419734,0.036582908830501935
43000,oracle_event_learned_qr,2741,2,101,8,8,0.7140388740795273,0.03871719094904312
43000,oracle_event_learned_qr,2741,2,101,16,16,1.0189741766330165,0.0491197870845647
43000,oracle_event_learned_qr,2769,2,101,1,1,0.18891433957059395,0.3591700371284497
43000,oracle_event_learned_qr,2769,2,101,4,4,1.2088390988623001,0.27414945999998086
43000,oracle_event_learned_qr,2769,2,101,8,8,0.7973811085859002,0.30029596437179684
43000,oracle_event_learned_qr,2769,2,101,16,8,0.7973811085859002,0.30029596437179684
43000,oracle_event_learned_qr,2778,2,101,1,1,0.14846566959539576,0.3226830881573506
43000,oracle_event_learned_qr,2778,2,101,4,4,1.2683545762225963,0.11477428428252107
43000,oracle_event_learned_qr,2778,2,101,8,8,1.1471599891474873,0.10391417235532446
43000,oracle_event_learned_qr,2778,2,101,16,8,1.1471599891474873,0.10391417235532446
43000,oracle_event_learned_qr,2787,2,101,1,1,0.35639850235266146,0.12573996676707255
43000,oracle_event_learned_qr,2787,2,101,4,4,0.829872009480574,0.20049334730120794
43000,oracle_event_learned_qr,2787,2,101,8,7,1.0339377163274952,0.13913236890695263
43000,oracle_event_learned_qr,2787,2,101,16,7,1.0339377163274952,0.13913236890695263
43000,oracle_event_learned_qr,2795,2,101,1,1,1.5061321968941592,0.4671581034255959
43000,oracle_event_learned_qr,2795,2,101,4,4,0.8104076628002559,0.29311756502746744
43000,oracle_event_learned_qr,2795,2,101,8,8,0.6458282486192496,0.15495888914384384
43000,oracle_event_learned_qr,2795,2,101,16,16,0.7026729880093381,0.12056301905035995
43000,oracle_event_learned_qr,2831,2,110,1,1,1.1371998758651594,0.0009691007133696088
43000,oracle_event_learned_qr,2831,2,110,4,4,0.5994547697529105,0.01316942148736253
43000,oracle_event_learned_qr,2831,2,110,8,8,0.29465659715270487,0.007622315449935604
43000,oracle_event_learned_qr,2831,2,110,16,16,-0.015089733765926316,0.007103937569534896
43000,oracle_event_learned_qr,2852,2,110,1,1,-0.2949653655831001,0.015070759692967468
43000,oracle_event_learned_qr,2852,2,110,4,1,-0.2949653655831001,0.015070759692967468
43000,oracle_event_learned_qr,2852,2,110,8,1,-0.2949653655831001,0.015070759692967468
43000,oracle_event_learned_qr,2852,2,110,16,1,-0.2949653655831001,0.015070759692967468
43000,oracle_event_learned_qr,2854,2,110,1,1,-0.4153321805050404,0.0010224521118856343
43000,oracle_event_learned_qr,2854,2,110,4,1,-0.4153321805050404,0.0010224521118856343
43000,oracle_event_learned_qr,2854,2,110,8,1,-0.4153321805050404,0.0010224521118856343
43000,oracle_event_learned_qr,2854,2,110,16,1,-0.4153321805050404,0.0010224521118856343
43000,oracle_event_learned_qr,2856,2,110,1,1,-0.3009010923925528,0.00766086089829598
43000,oracle_event_learned_qr,2856,2,110,4,4,-0.11703662862480935,0.004775611631020922
43000,oracle_event_learned_qr,2856,2,110,8,8,-0.1405599197101984,0.008205217261790462
43000,oracle_event_learned_qr,2856,2,110,16,14,-0.10061427046620161,0.005802503197374237
43000,oracle_event_learned_qr,2871,2,110,1,1,-0.499062467485225,0.005386336245326828
43000,oracle_event_learned_qr,2871,2,110,4,4,0.07648792383992771,0.002639952449673717
43000,oracle_event_learned_qr,2871,2,110,8,7,-0.029725076278186133,0.0017162651320725226
43000,oracle_event_learned_qr,2871,2,110,16,7,-0.029725076278186133,0.0017162651320725226
43000,oracle_event_learned_qr,2879,2,110,1,1,0.43500155916916566,0.004628917476378044
43000,oracle_event_learned_qr,2879,2,110,4,4,-0.16458863996280695,0.0022420888634417913
43000,oracle_event_learned_qr,2879,2,110,8,8,0.048962283937627166,0.0014938306202756668
43000,oracle_event_learned_qr,2879,2,110,16,12,0.4211618673871594,0.00916960124734671
43000,oracle_event_learned_qr,2892,2,110,1,1,-0.2521321838955792,0.058473339886518025
43000,oracle_event_learned_qr,2892,2,110,4,3,-0.3940049333270343,0.02489893382791658
43000,oracle_event_learned_qr,2892,2,110,8,3,-0.3940049333270343,0.02489893382791658
43000,oracle_event_learned_qr,2892,2,110,16,3,-0.3940049333270343,0.02489893382791658
43000,oracle_event_learned_qr,2896,2,110,1,1,0.1892655935684181,0.0005001138136294426
43000,oracle_event_learned_qr,2896,2,110,4,4,-0.28426222218238073,0.004583063118944653
43000,oracle_event_learned_qr,2896,2,110,8,8,-0.23907391963413205,0.009227549700208277
43000,oracle_event_learned_qr,2896,2,110,16,10,-0.3294921262098688,0.007617923293055435
43000,oracle_event_learned_qr,2907,2,110,1,1,-0.6984114999319054,0.02210090088288575
43000,oracle_event_learned_qr,2907,2,110,4,4,0.025007375567073914,0.016170354684868056
43000,oracle_event_learned_qr,2907,2,110,8,8,0.17829271468135513,0.012333685531713327
43000,oracle_event_learned_qr,2907,2,110,16,13,0.6005066328930497,0.016614044800692503
43000,oracle_event_learned_qr,2921,2,111,1,1,0.8055168957652492,3.524495464767323e-05
43000,oracle_event_learned_qr,2921,2,111,4,4,0.2300916830470618,0.008252586442658437
43000,oracle_event_learned_qr,2921,2,111,8,4,0.2300916830470618,0.008252586442658437
43000,oracle_event_learned_qr,2921,2,111,16,4,0.2300916830470618,0.008252586442658437
43000,oracle_event_learned_qr,2926,2,111,1,1,1.8619981717563963,0.005357618793928401
43000,oracle_event_learned_qr,2926,2,111,4,4,0.8086761406062536,0.014144848194348818
43000,oracle_event_learned_qr,2926,2,111,8,8,0.48043685659545576,0.024796116571953207
43000,oracle_event_learned_qr,2926,2,111,16,15,0.6619810037314271,0.04285959939347725
43000,oracle_event_learned_qr,2942,2,111,1,1,0.2726195407260536,0.0010424415270749068
43000,oracle_event_learned_qr,2942,2,111,4,4,0.36027593662451685,0.07906313799137785
43000,oracle_event_learned_qr,2942,2,111,8,8,0.6015145062296674,0.04860502998625783
43000,oracle_event_learned_qr,2942,2,111,16,16,0.6899943973693525,0.08348006542571687
43000,oracle_event_learned_qr,3153,2,101,1,1,0.19431754594533873,0.0038569308478835673
43000,oracle_event_learned_qr,3153,2,101,4,4,0.19807896330493932,0.00867248805045415
43000,oracle_event_learned_qr,3153,2,101,8,8,0.1712228016145886,0.035766748529602196
43000,oracle_event_learned_qr,3153,2,101,16,16,0.4383693689039642,0.04995370044922004
43000,oracle_event_learned_qr,3170,2,101,1,1,0.18410478835806332,0.3365520460585655
43000,oracle_event_learned_qr,3170,2,101,4,4,0.8540589780002676,0.11950072422512596
43000,oracle_event_learned_qr,3170,2,101,8,8,1.4122565485724043,0.15405724696643266
43000,oracle_event_learned_qr,3170,2,101,16,16,1.2168225426984305,0.12363099091477231
43000,oracle_event_learned_qr,3202,2,101,1,1,0.05008060795788832,0.006711117099051623
43000,oracle_event_learned_qr,3202,2,101,4,4,0.75383525244643,0.05311450951000878
43000,oracle_event_learned_qr,3202,2,101,8,8,0.6590896870263775,0.042957230039801356
43000,oracle_event_learned_qr,3202,2,101,16,16,0.8652666323225657,0.06937341481697762
43000,oracle_event_learned_qr,3237,2,101,1,1,3.2967443338443143,0.0633252859499058
43000,oracle_event_learned_qr,3237,2,101,4,3,1.5170652332712156,0.14187366355095335
43000,oracle_event_learned_qr,3237,2,101,8,3,1.5170652332712156,0.14187366355095335
43000,oracle_event_learned_qr,3237,2,101,16,3,1.5170652332712156,0.14187366355095335
43000,oracle_event_learned_qr,3242,2,101,1,1,0.7361871246350814,0.046580300540559665
43000,oracle_event_learned_qr,3242,2,101,4,1,0.7361871246350814,0.046580300540559665
43000,oracle_event_learned_qr,3242,2,101,8,1,0.7361871246350814,0.046580300540559665
43000,oracle_event_learned_qr,3242,2,101,16,1,0.7361871246350814,0.046580300540559665
43000,oracle_event_learned_qr,3244,2,101,1,1,0.6191696660399675,0.09679210679080225
43000,oracle_event_learned_qr,3244,2,101,4,4,0.9292007655959194,0.06701684327502432
43000,oracle_event_learned_qr,3244,2,101,8,8,1.0387280110991546,0.09970879660853235
43000,oracle_event_learned_qr,3244,2,101,16,13,1.0337589738426192,0.08685130127909449
43000,oracle_event_learned_qr,3258,2,101,1,1,2.1834922716189147,0.13518709599585094
43000,oracle_event_learned_qr,3258,2,101,4,4,1.3513372081658745,0.08479078691144284
43000,oracle_event_learned_qr,3258,2,101,8,8,1.195229934106262,0.08188222475749377
43000,oracle_event_learned_qr,3258,2,101,16,16,0.862318933878748,0.06233044841170722
43000,oracle_event_learned_qr,3280,2,111,1,1,0.22210648434621397,5.652106066026045e-05
43000,oracle_event_learned_qr,3280,2,111,4,4,1.1506302645611455,0.10227724098377561
43000,oracle_event_learned_qr,3280,2,111,8,4,1.1506302645611455,0.10227724098377561
43000,oracle_event_learned_qr,3280,2,111,16,4,1.1506302645611455,0.10227724098377561
43000,oracle_event_learned_qr,3285,2,111,1,1,0.4485932192982309,0.010234237979742518
43000,oracle_event_learned_qr,3285,2,111,4,4,0.5983615707587735,0.04478722398490305
43000,oracle_event_learned_qr,3285,2,111,8,5,0.5906234986933576,0.038807580882957646
43000,oracle_event_learned_qr,3285,2,111,16,5,0.5906234986933576,0.038807580882957646
43000,oracle_event_learned_qr,3291,2,111,1,1,0.8881294235504008,0.05629774755802756
43000,oracle_event_learned_qr,3291,2,111,4,4,1.2128761271975368,0.09320978080152388
43000,oracle_event_learned_qr,3291,2,111,8,8,1.0870678975562909,0.05035231449319311
43000,oracle_event_learned_qr,3291,2,111,16,16,0.9917705556667089,0.09501016313140971
43000,oracle_event_learned_qr,3313,2,111,1,1,0.6513695080082194,0.03547914441474479
43000,oracle_event_learned_qr,3313,2,111,4,4,0.6180854675320739,0.06136778350393111
43000,oracle_event_learned_qr,3313,2,111,8,8,0.995227081120347,0.11871839019134041
43000,oracle_event_learned_qr,3313,2,111,16,11,0.9466638406152978,0.10698180901698247
43000,oracle_event_learned_qr,3326,2,111,1,1,1.4678644924303863,0.011785716653398167
43000,oracle_event_learned_qr,3326,2,111,4,4,1.4453152314111621,0.05256818242006479
43000,oracle_event_learned_qr,3326,2,111,8,8,1.2901967886846042,0.08013671333393935
43000,oracle_event_learned_qr,3326,2,111,16,11,1.1017029279013952,0.05998418120394653
43000,oracle_event_learned_qr,3338,2,111,1,1,0.45653236882279535,0.00035679750594151823
43000,oracle_event_learned_qr,3338,2,111,4,4,0.49982985763422794,0.0846908775323211
43000,oracle_event_learned_qr,3338,2,111,8,8,0.6281644093938411,0.05119513986271543
43000,oracle_event_learned_qr,3338,2,111,16,16,0.4553117499471956,0.09398285182364743
43000,oracle_event_learned_qr,3361,2,111,1,1,0.8344630231458656,0.295169787015288
43000,oracle_event_learned_qr,3361,2,111,4,4,1.1353436668422436,0.14912359944675846
43000,oracle_event_learned_qr,3361,2,111,8,8,0.9002490425267989,0.10650655666918243
43000,oracle_event_learned_qr,3361,2,111,16,16,0.6610307324082356,0.0790785431476023
43000,oracle_event_learned_qr,3382,2,111,1,1,1.1088476013436157,0.1313303742172523
43000,oracle_event_learned_qr,3382,2,111,4,4,1.1295125694141026,0.0922329199942321
43000,oracle_event_learned_qr,3382,2,111,8,8,0.7171340422251513,0.08011607363476758
43000,oracle_event_learned_qr,3382,2,111,16,16,0.5560971268249851,0.05842530109485451
43000,oracle_event_learned_qr,3420,2,101,1,1,0.6462429716849825,0.16342051957533335
43000,oracle_event_learned_qr,3420,2,101,4,3,1.1271035897136448,0.16718173258658606
43000,oracle_event_learned_qr,3420,2,101,8,3,1.1271035897136448,0.16718173258658606
43000,oracle_event_learned_qr,3420,2,101,16,3,1.1271035897136448,0.16718173258658606
43000,oracle_event_learned_qr,3424,2,101,1,1,0.7928205026343091,0.05593596495587207
43000,oracle_event_learned_qr,3424,2,101,4,3,1.214410574330929,0.12116563842477375
43000,oracle_event_learned_qr,3424,2,101,8,3,1.214410574330929,0.12116563842477375
43000,oracle_event_learned_qr,3424,2,101,16,3,1.214410574330929,0.12116563842477375
43000,oracle_event_learned_qr,3428,2,101,1,1,0.7874252240025483,0.1158944722725324
43000,oracle_event_learned_qr,3428,2,101,4,1,0.7874252240025483,0.1158944722725324
43000,oracle_event_learned_qr,3428,2,101,8,1,0.7874252240025483,0.1158944722725324
43000,oracle_event_learned_qr,3428,2,101,16,1,0.7874252240025483,0.1158944722725324
43000,oracle_event_learned_qr,3430,2,101,1,1,0.9697834754398046,0.005326134350722703
43000,oracle_event_learned_qr,3430,2,101,4,4,0.9915281689336722,0.033989696739720646
43000,oracle_event_learned_qr,3430,2,101,8,8,0.8080832633713648,0.04545933603247261
43000,oracle_event_learned_qr,3430,2,101,16,16,0.9680651021613162,0.1376788736078047
43000,oracle_event_learned_qr,3586,3,110,1,1,0.31342302217069384,0.003887129035752256
43000,oracle_event_learned_qr,3586,3,110,4,4,0.18420054108119716,0.003589867547503334
43000,oracle_event_learned_qr,3586,3,110,8,8,0.24405571653098684,0.00595657447006042
43000,oracle_event_learned_qr,3586,3,110,16,13,0.213362719158885,0.00898229147720301
43000,oracle_event_learned_qr,3600,3,110,1,1,-0.20394044240613296,0.015066748224355584
43000,oracle_event_learned_qr,3600,3,110,4,3,-0.3349690899628448,0.007800231176056149
43000,oracle_event_learned_qr,3600,3,110,8,3,-0.3349690899628448,0.007800231176056149
43000,oracle_event_learned_qr,3600,3,110,16,3,-0.3349690899628448,0.007800231176056149
43000,oracle_event_learned_qr,3604,3,110,1,1,-0.21986414674827653,0.010506444628351113
43000,oracle_event_learned_qr,3604,3,110,4,4,-0.4252026111850083,0.00707938905564004
43000,oracle_event_learned_qr,3604,3,110,8,8,-0.3788753694920398,0.007362618376597136
43000,oracle_event_learned_qr,3604,3,110,16,12,-0.321747993832842,0.005625388411246177
43000,oracle_event_learned_qr,3617,3,110,1,1,-0.4239758823672916,0.004031141877630188
43000,oracle_event_learned_qr,3617,3,110,4,4,0.33257752224660586,0.01413003808092303
43000,oracle_event_learned_qr,3617,3,110,8,8,0.26937866824757034,0.01707909228592473
43000,oracle_event_learned_qr,3617,3,110,16,9,0.1995967986140294,0.015308440504058198
43000,oracle_event_learned_qr,3627,3,110,1,1,0.5027442602167139,0.0016328947224581347
43000,oracle_event_learned_qr,3627,3,110,4,2,0.0467039895784363,0.002590574272860136
43000,oracle_event_learned_qr,3627,3,110,8,2,0.0467039895784363,0.002590574272860136
43000,oracle_event_learned_qr,3627,3,110,16,2,0.0467039895784363,0.002590574272860136
43000,oracle_event_learned_qr,3630,3,110,1,1,0.23508126793244016,0.02496923084399548
43000,oracle_event_learned_qr,3630,3,110,4,4,0.41817250733072286,0.01525009441002147
43000,oracle_event_learned_qr,3630,3,110,8,8,-0.005568784655058778,0.011162081959436083
43000,oracle_event_learned_qr,3630,3,110,16,8,-0.005568784655058778,0.011162081959436083
43000,oracle_event_learned_qr,3639,3,110,1,1,0.11632216593070888,0.010213226119234553
43000,oracle_event_learned_qr,3639,3,110,4,4,0.18384124193633128,0.006430899135636025
43000,oracle_event_learned_qr,3639,3,110,8,8,-0.08080848688408346,0.008822451649857222
43000,oracle_event_learned_qr,3639,3,110,16,16,-0.21358885312561476,0.011790002525728153
43000,oracle_event_learned_qr,3672,3,110,1,1,-0.3036254063555273,0.0007400984460125363
43000,oracle_event_learned_qr,3672,3,110,4,4,0.45582657732940224,0.006837820859618091
43000,oracle_event_learned_qr,3672,3,110,8,8,-0.018370784279269498,0.008277922225344191
43000,oracle_event_learned_qr,3672,3,110,16,16,-0.10393058633132082,0.008975198450647636
43000,oracle_event_learned_qr,3695,3,110,1,1,0.4278123651156173,0.0031790459705089034
43000,oracle_event_learned_qr,3695,3,110,4,2,-0.029732959475658183,0.034167558582312935
43000,oracle_event_learned_qr,3695,3,110,8,2,-0.029732959475658183,0.034167558582312935
43000,oracle_event_learned_qr,3695,3,110,16,2,-0.029732959475658183,0.034167558582312935
43000,oracle_event_learned_qr,3698,3,110,1,1,-0.3313929653239641,0.001684104128928674
43000,oracle_event_learned_qr,3698,3,110,4,4,-0.19384404423758037,0.007190657624900948
43000,oracle_event_learned_qr,3698,3,110,8,8,0.023150225121594606,0.015376961451153411
43000,oracle_event_learned_qr,3698,3,110,16,16,0.3573493060633305,0.014331018258058395
43000,oracle_event_learned_qr,3719,3,111,1,1,0.36803312669729427,0.010368712009041261
43000,oracle_event_learned_qr,3719,3,111,4,4,0.6719733224980136,0.08855472208233449
43000,oracle_event_learned_qr,3719,3,111,8,8,1.0936881677733954,0.15121363874450042
43000,oracle_event_learned_qr,3719,3,111,16,13,0.8455231561668675,0.10923051711116359
43000,oracle_event_learned_qr,3733,3,111,1,1,2.225890884513137,0.03840993997047395
43000,oracle_event_learned_qr,3733,3,111,4,4,1.1641882224113438,0.08526589854619811
43000,oracle_event_learned_qr,3733,3,111,8,8,1.127578358728777,0.15514571212913433
43000,oracle_event_learned_qr,3733,3,111,16,16,1.0086948752516527,0.10257864432111988
43000,oracle_event_learned_qr,3778,3,111,1,1,0.8330654687035092,0.5406893146941808
43000,oracle_event_learned_qr,3778,3,111,4,4,0.6237350435485199,0.2180252216796563
43000,oracle_event_learned_qr,3778,3,111,8,5,0.9117512150178625,0.2257267124734756
43000,oracle_event_learned_qr,3778,3,111,16,5,0.9117512150178625,0.2257267124734756
43000,oracle_event_learned_qr,3784,3,111,1,1,3.753105642614834,0.3804911519438079
43000,oracle_event_learned_qr,3784,3,111,4,2,2.743218918385236,0.19062963708704814
43000,oracle_event_learned_qr,3784,3,111,8,2,2.743218918385236,0.19062963708704814
43000,oracle_event_learned_qr,3784,3,111,16,2,2.743218918385236,0.19062963708704814
43000,oracle_event_learned_qr,3787,3,111,1,1,2.0718844513694856,0.012754163404667973
43000,oracle_event_learned_qr,3787,3,111,4,4,1.3470624229571084,0.05713614427760959
43000,oracle_event_learned_qr,3787,3,111,8,8,1.077692398798903,0.06145980500101352
43000,oracle_event_learned_qr,3787,3,111,16,16,0.8647253833853745,0.04347154611403884
43000,oracle_event_learned_qr,3816,3,111,1,1,0.48669325157691057,0.04240068634060448
43000,oracle_event_learned_qr,3816,3,111,4,4,0.5389881028544373,0.030230788988894676
43000,oracle_event_learned_qr,3816,3,111,8,8,0.38260668771223405,0.026824587265771232
43000,oracle_event_learned_qr,3816,3,111,16,8,0.38260668771223405,0.026824587265771232
43000,oracle_event_learned_qr,3825,3,111,1,1,0.6254345673510705,0.03086719115534382
43000,oracle_event_learned_qr,3825,3,111,4,4,0.1895840473746917,0.011257164401097145
43000,oracle_event_learned_qr,3825,3,111,8,8,1.3673167620462883,0.09572101351038476
43000,oracle_event_learned_qr,3825,3,111,16,10,1.2208219234720612,0.0812312243545194
43000,oracle_event_learned_qr,3836,3,111,1,1,0.41371334983505104,0.041337243989007066
43000,oracle_event_learned_qr,3836,3,111,4,4,0.8063033826451219,0.1126761946705429
43000,oracle_event_learned_qr,3836,3,111,8,8,0.4646325501241458,0.0835594595762292
43000,oracle_event_learned_qr,3836,3,111,16,16,0.8173621518930899,0.10310578750339564
43000,oracle_event_learned_qr,3898,3,011,1,1,0.9500964891697712,0.12134370500020077
43000,oracle_event_learned_qr,3898,3,011,4,4,0.7291312550121647,0.055934949681720046
43000,oracle_event_learned_qr,3898,3,011,8,8,0.8040910910346887,0.0725701352596868
43000,oracle_event_learned_qr,3898,3,011,16,16,0.737119760777736,0.056872477693661355
43000,oracle_event_learned_qr,4009,3,111,1,1,0.40779087920819096,0.01612764676818527
43000,oracle_event_learned_qr,4009,3,111,4,4,0.5585119531076967,0.07500287119707896
43000,oracle_event_learned_qr,4009,3,111,8,8,0.7175869777966392,0.058356227705640897
43000,oracle_event_learned_qr,4009,3,111,16,16,0.6117920484875167,0.10237214340998463
43000,oracle_event_learned_qr,4029,3,111,1,1,0.2861492049086437,0.008850893937363814
43000,oracle_event_learned_qr,4029,3,111,4,4,0.6548642780716832,0.024563271790815133
43000,oracle_event_learned_qr,4029,3,111,8,8,0.8305601723647114,0.04758157353928256
43000,oracle_event_learned_qr,4029,3,111,16,15,0.9275631358274963,0.03605294974521131
43000,oracle_event_learned_qr,4045,3,111,1,1,0.2900947445650168,0.004671052806607339
43000,oracle_event_learned_qr,4045,3,111,4,4,1.0139450142424438,0.08939814793548508
43000,oracle_event_learned_qr,4045,3,111,8,4,1.0139450142424438,0.08939814793548508
43000,oracle_event_learned_qr,4045,3,111,16,4,1.0139450142424438,0.08939814793548508
43000,oracle_event_learned_qr,4050,3,111,1,1,0.6022305255501411,0.002291740295871378
43000,oracle_event_learned_qr,4050,3,111,4,4,0.9392168338484863,0.07749835631140888
43000,oracle_event_learned_qr,4050,3,111,8,7,1.0155190412786523,0.13613517721755194
43000,oracle_event_learned_qr,4050,3,111,16,7,1.0155190412786523,0.13613517721755194
43000,oracle_event_learned_qr,4058,3,111,1,1,0.9827707848649053,0.006054796928024651
43000,oracle_event_learned_qr,4058,3,111,4,4,0.8605842062410097,0.0332061064429223
43000,oracle_event_learned_qr,4058,3,111,8,8,1.6092476822886703,0.16704950675681535
43000,oracle_event_learned_qr,4058,3,111,16,16,1.1563538076770246,0.08836311273006445
43000,oracle_event_learned_qr,4086,3,111,1,1,1.1502600643949346,0.01269045735955269
43000,oracle_event_learned_qr,4086,3,111,4,1,1.1502600643949346,0.01269045735955269
43000,oracle_event_learned_qr,4086,3,111,8,1,1.1502600643949346,0.01269045735955269
43000,oracle_event_learned_qr,4086,3,111,16,1,1.1502600643949346,0.01269045735955269
43000,oracle_event_learned_qr,4088,3,111,1,1,1.7091988569155931,0.026107831486218692
43000,oracle_event_learned_qr,4088,3,111,4,3,1.3418174385380386,0.07537700008899038
43000,oracle_event_learned_qr,4088,3,111,8,3,1.3418174385380386,0.07537700008899038
43000,oracle_event_learned_qr,4088,3,111,16,3,1.3418174385380386,0.07537700008899038
43000,oracle_event_learned_qr,4092,3,111,1,1,1.3063262911716738,0.018051061673604107
43000,oracle_event_learned_qr,4092,3,111,4,4,1.3795522537599616,0.15137828392215696
43000,oracle_event_learned_qr,4092,3,111,8,4,1.3795522537599616,0.15137828392215696
43000,oracle_event_learned_qr,4092,3,111,16,4,1.3795522537599616,0.15137828392215696
43000,oracle_event_learned_qr,4097,3,111,1,1,1.4667881976981176,0.09245882227743175
43000,oracle_event_learned_qr,4097,3,111,4,4,1.195312393701129,0.05993483404566757
43000,oracle_event_learned_qr,4097,3,111,8,8,0.9990025679129221,0.0805848214606539
43000,oracle_event_learned_qr,4097,3,111,16,16,0.8688888216840691,0.08742402389764778
43000,oracle_event_learned_qr,4116,3,111,1,1,0.7029768750934683,0.004468819027498454
43000,oracle_event_learned_qr,4116,3,111,4,3,0.2949609872377374,0.001778214148748549
43000,oracle_event_learned_qr,4116,3,111,8,3,0.2949609872377374,0.001778214148748549
43000,oracle_event_learned_qr,4116,3,111,16,3,0.2949609872377374,0.001778214148748549
43000,oracle_event_learned_qr,4120,3,111,1,1,0.522208610596871,0.004732546943245937
43000,oracle_event_learned_qr,4120,3,111,4,3,0.2683346672179203,0.00803991594837388
43000,oracle_event_learned_qr,4120,3,111,8,3,0.2683346672179203,0.00803991594837388
43000,oracle_event_learned_qr,4120,3,111,16,3,0.2683346672179203,0.00803991594837388
43000,oracle_event_learned_qr,4124,3,111,1,1,2.2317546825608248,0.11277993523390813
43000,oracle_event_learned_qr,4124,3,111,4,4,1.7262997011823216,0.05659950682438558
43000,oracle_event_learned_qr,4124,3,111,8,8,1.1313420173781852,0.127358787535932
43000,oracle_event_learned_qr,4124,3,111,16,16,0.9545297051185719,0.07305839398115335
43000,oracle_event_learned_qr,4148,3,111,1,1,0.6371741370498147,0.3131179615093422
43000,oracle_event_learned_qr,4148,3,111,4,4,0.6498073898742925,0.114600077254497
43000,oracle_event_learned_qr,4148,3,111,8,8,0.7121256918136263,0.09341010261045163
43000,oracle_event_learned_qr,4148,3,111,16,15,0.6999167629712498,0.07374969105485787
43000,oracle_event_learned_qr,4166,3,101,1,1,0.7727557628137318,0.13648358530853918
43000,oracle_event_learned_qr,4166,3,101,4,4,0.4917194397619499,0.05137948155729532
43000,oracle_event_learned_qr,4166,3,101,8,8,0.7495460326420611,0.052936261752007316
43000,oracle_event_learned_qr,4166,3,101,16,16,1.0413453126375427,0.05808901929686119
43000,oracle_event_learned_qr,4216,3,101,1,1,0.20059506574806787,0.11019116074717071
43000,oracle_event_learned_qr,4216,3,101,4,4,0.7142757153729149,0.061919389370136864
43000,oracle_event_learned_qr,4216,3,101,8,8,0.5647420659924213,0.04347645686857475
43000,oracle_event_learned_qr,4216,3,101,16,10,0.45916645610942297,0.03577417870606471
43000,oracle_event_learned_qr,4227,3,110,1,1,0.011519161903256329,0.005254882249483552
43000,oracle_event_learned_qr,4227,3,110,4,4,0.17563904374820274,0.014024341553574349
43000,oracle_event_learned_qr,4227,3,110,8,8,0.14139496376361993,0.0083873423761159
43000,oracle_event_learned_qr,4227,3,110,16,13,0.2680150490700298,0.0077711721754257996
43000,oracle_event_learned_qr,4241,3,110,1,1,0.019284926486128586,0.0010682760864739178
43000,oracle_event_learned_qr,4241,3,110,4,4,-0.08096824638424119,0.0024125282999017668
43000,oracle_event_learned_qr,4241,3,110,8,8,0.533427853620757,0.021613387690278853
43000,oracle_event_learned_qr,4241,3,110,16,15,0.31881493352048224,0.01512798050791097
43000,oracle_event_learned_qr,4257,3,110,1,1,0.2460118735575753,0.04894057424582385
43000,oracle_event_learned_qr,4257,3,110,4,4,-0.01929273746363107,0.01641607669372693
43000,oracle_event_learned_qr,4257,3,110,8,5,-0.10697674693962153,0.014001929348763547
43000,oracle_event_learned_qr,4257,3,110,16,5,-0.10697674693962153,0.014001929348763547
43000,oracle_event_learned_qr,4263,3,110,1,1,-0.07783243688716066,0.003318563793536838
43000,oracle_event_learned_qr,4263,3,110,4,2,-0.3352446203631969,0.0016655395449423427
43000,oracle_event_learned_qr,4263,3,110,8,2,-0.3352446203631969,0.0016655395449423427
43000,oracle_event_learned_qr,4263,3,110,16,2,-0.3352446203631969,0.0016655395449423427
43000,oracle_event_learned_qr,4266,3,110,1,1,-0.47550143884352875,0.005924055441461997
43000,oracle_event_learned_qr,4266,3,110,4,2,-0.461269772905875,0.009359080006190616
43000,oracle_event_learned_qr,4266,3,110,8,2,-0.461269772905875,0.009359080006190616
43000,oracle_event_learned_qr,4266,3,110,16,2,-0.461269772905875,0.009359080006190616
43000,oracle_event_learned_qr,4269,3,110,1,1,0.09820555182173288,0.0016907861796522687
43000,oracle_event_learned_qr,4269,3,110,4,4,0.2884772199905934,0.008070430959363304
43000,oracle_event_learned_qr,4269,3,110,8,8,0.6930944996976766,0.005129838782557537
43000,oracle_event_learned_qr,4269,3,110,16,9,0.6115169890503175,0.004699334860354739
43000,oracle_event_learned_qr,4281,3,110,1,1,-0.13952926229404403,0.0008401713320586361
43000,oracle_event_learned_qr,4281,3,110,4,2,-0.15841953418296406,0.00043842924204509317
43000,oracle_event_learned_qr,4281,3,110,8,2,-0.15841953418296406,0.00043842924204509317
43000,oracle_event_learned_qr,4281,3,110,16,2,-0.15841953418296406,0.00043842924204509317
43000,oracle_event_learned_qr,4284,3,110,1,1,-0.11252324841410778,0.0005528733205728888
43000,oracle_event_learned_qr,4284,3,110,4,4,-0.050625980969178114,0.015110095013442956
43000,oracle_event_learned_qr,4284,3,110,8,8,0.42435127864718825,0.010816732640364856
43000,oracle_event_learned_qr,4284,3,110,16,16,0.05173665025289616,0.0061746479876059225
43000,oracle_event_learned_qr,4352,3,101,1,1,0.7641773532364387,8.321988259007426e-05
43000,oracle_event_learned_qr,4352,3,101,4,4,0.44344171714784303,0.002566529072856461
43000,oracle_event_learned_qr,4352,3,101,8,8,0.32535871498034996,0.04173738630066977
43000,oracle_event_learned_qr,4352,3,101,16,16,0.3910301200294828,0.05042080278672631
43000,oracle_event_learned_qr,4400,3,101,1,1,-0.00852971596807803,0.04190296240188655
43000,oracle_event_learned_qr,4400,3,101,4,4,0.4444267109376059,0.04776873158474749
43000,oracle_event_learned_qr,4400,3,101,8,8,0.6657738958769184,0.18506155903790286
43000,oracle_event_learned_qr,4400,3,101,16,16,0.5483401417048106,0.12454676370430377
43000,oracle_event_learned_qr,4419,3,101,1,1,-0.22329809895740652,0.013041864428272675
43000,oracle_event_learned_qr,4419,3,101,4,4,-0.08829482910609485,0.023744002064387516
43000,oracle_event_learned_qr,4419,3,101,8,8,0.5781870760349219,0.057821432283849325
43000,oracle_event_learned_qr,4419,3,101,16,16,0.6266251094302377,0.06232974759107081
43000,oracle_event_learned_qr,4443,3,101,1,1,2.6311618699954815,0.03033613847233388
43000,oracle_event_learned_qr,4443,3,101,4,4,1.6958973501446355,0.0986649059376497
43000,oracle_event_learned_qr,4443,3,101,8,8,1.4886258323881734,0.1792232066428165
43000,oracle_event_learned_qr,4443,3,101,16,11,1.3183329311928849,0.14434779267268108
43000,oracle_event_learned_qr,4455,3,101,1,1,1.9705117958456053,0.22330232618188758
43000,oracle_event_learned_qr,4455,3,101,4,3,1.3052433976769742,0.11184318951291321
43000,oracle_event_learned_qr,4455,3,101,8,3,1.3052433976769742,0.11184318951291321
43000,oracle_event_learned_qr,4455,3,101,16,3,1.3052433976769742,0.11184318951291321
43000,oracle_event_learned_qr,4459,3,101,1,1,0.8440770339588332,0.013356120141447334
43000,oracle_event_learned_qr,4459,3,101,4,4,0.7817163603640687,0.0472448994087865
43000,oracle_event_learned_qr,4459,3,101,8,8,0.7950432000815544,0.040879252889216726
43000,oracle_event_learned_qr,4459,3,101,16,10,0.7562847345751527,0.039570696348276785
43000,oracle_event_learned_qr,4470,3,101,1,1,0.48799644219635097,0.08334164810610507
43000,oracle_event_learned_qr,4470,3,101,4,4,0.5474393377320594,0.02648520015197416
43000,oracle_event_learned_qr,4470,3,101,8,8,0.5172104546402608,0.023618886407995955
43000,oracle_event_learned_qr,4470,3,101,16,10,0.43079107724162363,0.02084377912152289
43000,oracle_event_learned_qr,4481,3,101,1,1,1.8739211584754873,0.2757612489695388
43000,oracle_event_learned_qr,4481,3,101,4,4,1.4431883071038594,0.14205867908755057
43000,oracle_event_learned_qr,4481,3,101,8,8,1.3096172512273743,0.12108707566898601
43000,oracle_event_learned_qr,4481,3,101,16,14,0.993069610456412,0.09976634212009157
43000,oracle_event_learned_qr,4496,3,101,1,1,0.4656613296876728,0.011887775474291321
43000,oracle_event_learned_qr,4496,3,101,4,4,0.41985745058622553,0.022237965076251073
43000,oracle_event_learned_qr,4496,3,101,8,8,0.6944347875633412,0.032539563686280776
43000,oracle_event_learned_qr,4496,3,101,16,13,0.5100248246903617,0.027278735471431875
43000,oracle_event_learned_qr,4511,3,101,1,1,2.6685774816186796,0.055609588404301975
43000,oracle_event_learned_qr,4511,3,101,4,4,1.6836903892798438,0.10197484900347047
43000,oracle_event_learned_qr,4511,3,101,8,8,1.184524751317885,0.17423164368801458
43000,oracle_event_learned_qr,4511,3,101,16,16,1.052674167543174,0.16881803304026277
43000,oracle_event_learned_qr,4535,3,101,1,1,0.5793743384330636,0.17715983836456498
43000,oracle_event_learned_qr,4535,3,101,4,4,0.7817254122110752,0.07176118786042855
43000,oracle_event_learned_qr,4535,3,101,8,8,0.7739629395675902,0.08955276601433507
43000,oracle_event_learned_qr,4535,3,101,16,9,0.7682379163109041,0.08487806698910466
43000,oracle_event_learned_qr,4545,3,110,1,1,0.37346717956613057,0.0001900504281763055
43000,oracle_event_learned_qr,4545,3,110,4,4,0.45021013805868354,0.029129466911377543
43000,oracle_event_learned_qr,4545,3,110,8,8,0.3365415098193983,0.027726594359208778
43000,oracle_event_learned_qr,4545,3,110,16,16,0.03570588158863905,0.017315726218836563
43000,oracle_event_learned_qr,4588,3,110,1,1,0.895371966367355,0.005306874978548236
43000,oracle_event_learned_qr,4588,3,110,4,3,1.113237257466882,0.01620502983917696
43000,oracle_event_learned_qr,4588,3,110,8,3,1.113237257466882,0.01620502983917696
43000,oracle_event_learned_qr,4588,3,110,16,3,1.113237257466882,0.01620502983917696
43000,oracle_event_learned_qr,4592,3,110,1,1,-0.27673828719662125,0.07366289869806053
43000,oracle_event_learned_qr,4592,3,110,4,2,0.8583774346253971,0.06552756197289519
43000,oracle_event_learned_qr,4592,3,110,8,2,0.8583774346253971,0.06552756197289519
43000,oracle_event_learned_qr,4592,3,110,16,2,0.8583774346253971,0.06552756197289519
43000,oracle_event_learned_qr,4595,3,110,1,1,0.4286988580959964,0.002298258012031717
43000,oracle_event_learned_qr,4595,3,110,4,4,0.14245778911273793,0.0030482642136385844
43000,oracle_event_learned_qr,4595,3,110,8,5,0.23182459797325955,0.009188148475508919
43000,oracle_event_learned_qr,4595,3,110,16,5,0.23182459797325955,0.009188148475508919
43000,oracle_event_learned_qr,4601,3,110,1,1,0.031665787951257865,0.015653457222644235
43000,oracle_event_learned_qr,4601,3,110,4,2,-0.03261941029652336,0.01870184680674474
43000,oracle_event_learned_qr,4601,3,110,8,2,-0.03261941029652336,0.01870184680674474
43000,oracle_event_learned_qr,4601,3,110,16,2,-0.03261941029652336,0.01870184680674474
43000,oracle_event_learned_qr,4604,3,110,1,1,0.05923369726052381,0.01391790425075227
43000,oracle_event_learned_qr,4604,3,110,4,3,0.35118549456999865,0.006239422403259128
43000,oracle_event_learned_qr,4604,3,110,8,3,0.35118549456999865,0.006239422403259128
43000,oracle_event_learned_qr,4604,3,110,16,3,0.35118549456999865,0.006239422403259128
43000,learned_event_oracle_qr,9,0,011,1,1,0.6671213374780156,0.0009225317878649708
43000,learned_event_oracle_qr,9,0,011,4,4,0.47213378908800974,0.014856430918166168
43000,learned_event_oracle_qr,9,0,011,8,8,0.7575185714128266,0.04830173296367392
43000,learned_event_oracle_qr,9,0,011,16,16,0.7980641942384628,0.04078718619774114
43000,learned_event_oracle_qr,115,0,101,1,1,4.048672055700924,0.19181598121644627
43000,learned_event_oracle_qr,115,0,101,4,4,1.203069451780533,0.21636938087504698
43000,learned_event_oracle_qr,115,0,101,8,7,1.1561583771515629,0.15117132133386274
43000,learned_event_oracle_qr,115,0,101,16,7,1.1561583771515629,0.15117132133386274
43000,learned_event_oracle_qr,123,0,101,1,1,6.43404478157861,0.01528540417355682
43000,learned_event_oracle_qr,123,0,101,4,4,2.110759365159944,0.013643289027109942
43000,learned_event_oracle_qr,123,0,101,8,5,1.7198929752316972,0.011181169114349366
43000,learned_event_oracle_qr,123,0,101,16,5,1.7198929752316972,0.011181169114349366
43000,learned_event_oracle_qr,129,0,101,1,1,1.5781651458105734,0.004557747682041848
43000,learned_event_oracle_qr,129,0,101,4,4,1.1640211292052292,0.04579358651090441
43000,learned_event_oracle_qr,129,0,101,8,8,0.9373166825901509,0.023968235948398524
43000,learned_event_oracle_qr,129,0,101,16,15,0.8505258706182107,0.015528451726513494
43000,learned_event_oracle_qr,146,0,101,1,1,0.500235265166734,0.18235797342204618
43000,learned_event_oracle_qr,146,0,101,4,4,0.7859295098719457,0.060417313613463045
43000,learned_event_oracle_qr,146,0,101,8,8,0.5397574410174361,0.03850607686175251
43000,learned_event_oracle_qr,146,0,101,16,16,0.5444650036570053,0.03458136878272461
43000,learned_event_oracle_qr,166,0,101,1,1,1.7051065956456208,0.3513744392982905
43000,learned_event_oracle_qr,166,0,101,4,4,1.96328967547071,0.1394446202997334
43000,learned_event_oracle_qr,166,0,101,8,4,1.96328967547071,0.1394446202997334
43000,learned_event_oracle_qr,166,0,101,16,4,1.96328967547071,0.1394446202997334
43000,learned_event_oracle_qr,171,0,101,1,1,3.891387845877638,0.002283971288806033
43000,learned_event_oracle_qr,171,0,101,4,4,1.273342507760545,0.004845201741429468
43000,learned_event_oracle_qr,171,0,101,8,8,0.8478546342204611,0.005634948694749212
43000,learned_event_oracle_qr,171,0,101,16,10,0.7665481052095751,0.005178862726020017
43000,learned_event_oracle_qr,182,0,101,1,1,1.3053398819286148,0.09850854420625882
43000,learned_event_oracle_qr,182,0,101,4,4,0.7328849214562829,0.03326724623817584
43000,learned_event_oracle_qr,182,0,101,8,8,0.8094563483594539,0.024646097192447966
43000,learned_event_oracle_qr,182,0,101,16,11,0.7127802366916393,0.019291531675849904
43000,learned_event_oracle_qr,195,0,101,1,1,0.6206827648242803,0.011690563607295475
43000,learned_event_oracle_qr,195,0,101,4,4,0.6053053474390884,0.009821342928425214
43000,learned_event_oracle_qr,195,0,101,8,8,0.5006946581373725,0.007072284513174975
43000,learned_event_oracle_qr,195,0,101,16,11,0.5084451418790881,0.007673847381978244
43000,learned_event_oracle_qr,207,0,101,1,1,0.3921112826766525,0.1984757591269225
43000,learned_event_oracle_qr,207,0,101,4,4,0.8241683115830827,0.1161904602422854
43000,learned_event_oracle_qr,207,0,101,8,5,0.6846084950629223,0.09560466310896522
43000,learned_event_oracle_qr,207,0,101,16,5,0.6846084950629223,0.09560466310896522
43000,learned_event_oracle_qr,213,0,101,1,1,3.7888762244999494,0.004394325250789565
43000,learned_event_oracle_qr,213,0,101,4,4,1.3161519815145928,0.015051697665183283
43000,learned_event_oracle_qr,213,0,101,8,7,0.9225483874372945,0.013227192613687712
43000,learned_event_oracle_qr,213,0,101,16,7,0.9225483874372945,0.013227192613687712
43000,learned_event_oracle_qr,221,0,101,1,1,1.2548095473292595,0.06749343774286047
43000,learned_event_oracle_qr,221,0,101,4,4,0.2769494964197737,0.024377619526026652
43000,learned_event_oracle_qr,221,0,101,8,8,0.03061473273350372,0.017868225093561042
43000,learned_event_oracle_qr,221,0,101,16,16,0.14463808560830266,0.012257598095626345
43000,learned_event_oracle_qr,244,0,110,1,1,-0.4787280436028357,0.013638776639971085
43000,learned_event_oracle_qr,244,0,110,4,1,-0.4787280436028357,0.013638776639971085
43000,learned_event_oracle_qr,244,0,110,8,1,-0.4787280436028357,0.013638776639971085
43000,learned_event_oracle_qr,244,0,110,16,1,-0.4787280436028357,0.013638776639971085
43000,learned_event_oracle_qr,246,0,110,1,1,-0.3774804146837933,0.0003200674657395396
43000,learned_event_oracle_qr,246,0,110,4,4,-0.21457347739254917,0.0016526936278191537
43000,learned_event_oracle_qr,246,0,110,8,8,-0.006454481224958258,0.0022600021626226724
43000,learned_event_oracle_qr,246,0,110,16,16,-0.11414284738426393,0.003648205883204465
43000,learned_event_oracle_qr,273,0,110,1,1,-0.1816994589579233,0.004438732020301108
43000,learned_event_oracle_qr,273,0,110,4,4,-0.3492136170345085,0.003066528732317788
43000,learned_event_oracle_qr,273,0,110,8,6,-0.1727043465248579,0.005124717924313894
43000,learned_event_oracle_qr,273,0,110,16,6,-0.1727043465248579,0.005124717924313894
43000,learned_event_oracle_qr,280,0,110,1,1,0.7962744352410827,0.03299354052833307
43000,learned_event_oracle_qr,280,0,110,4,4,-0.06506222353414665,0.009814978774924037
43000,learned_event_oracle_qr,280,0,110,8,6,-0.13394623134056835,0.007896911253730243
43000,learned_event_oracle_qr,280,0,110,16,6,-0.13394623134056835,0.007896911253730243
43000,learned_event_oracle_qr,287,0,110,1,1,1.1624608866773207,0.0004173097242891519
43000,learned_event_oracle_qr,287,0,110,4,4,0.8569171036987735,0.0046625480444454715
43000,learned_event_oracle_qr,287,0,110,8,4,0.8569171036987735,0.0046625480444454715
43000,learned_event_oracle_qr,287,0,110,16,4,0.8569171036987735,0.0046625480444454715
43000,learned_event_oracle_qr,292,0,101,1,1,1.3253789041313924,0.12037707795077227
43000,learned_event_oracle_qr,292,0,101,4,4,0.4487086320754104,0.11339309328914028
43000,learned_event_oracle_qr,292,0,101,8,8,0.30601217232010736,0.0786248188024857
43000,learned_event_oracle_qr,292,0,101,16,16,0.5100734674192674,0.0458754372032268
43000,learned_event_oracle_qr,328,0,101,1,1,0.3684304147668979,0.1496334814510734
43000,learned_event_oracle_qr,328,0,101,4,4,1.081849752439214,0.07441467197253829
43000,learned_event_oracle_qr,328,0,101,8,8,0.7981439530538745,0.10795830682695419
43000,learned_event_oracle_qr,328,0,101,16,8,0.7981439530538745,0.10795830682695419
43000,learned_event_oracle_qr,338,0,101,1,1,1.5851803249818681,0.23835739928722513
43000,learned_event_oracle_qr,338,0,101,4,4,0.9199238957194364,0.11941636727331609
43000,learned_event_oracle_qr,338,0,101,8,8,0.5600637901356124,0.07374257235090924
43000,learned_event_oracle_qr,338,0,101,16,16,0.6909234596273308,0.04781592969485139
43000,learned_event_oracle_qr,377,0,101,1,1,1.1238734087464226,0.2534428222923279
43000,learned_event_oracle_qr,377,0,101,4,4,1.005981810225863,0.10234798239029969
43000,learned_event_oracle_qr,377,0,101,8,8,0.909849888232344,0.060334668945852675
43000,learned_event_oracle_qr,377,0,101,16,16,0.6812234184696193,0.03568834420587287
43000,learned_event_oracle_qr,422,0,101,1,1,0.5732350542723899,0.007833852422211688
43000,learned_event_oracle_qr,422,0,101,4,2,0.8525516113695394,0.07776706856162684
43000,learned_event_oracle_qr,422,0,101,8,2,0.8525516113695394,0.07776706856162684
43000,learned_event_oracle_qr,422,0,101,16,2,0.8525516113695394,0.07776706856162684
43000,learned_event_oracle_qr,425,0,101,1,1,0.372249002224307,0.05927158546200871
43000,learned_event_oracle_qr,425,0,101,4,4,1.0474158316176416,0.029640057741483282
43000,learned_event_oracle_qr,425,0,101,8,4,1.0474158316176416,0.029640057741483282
43000,learned_event_oracle_qr,425,0,101,16,4,1.0474158316176416,0.029640057741483282
43000,learned_event_oracle_qr,430,0,101,1,1,0.6599375040393647,0.011815692536821043
43000,learned_event_oracle_qr,430,0,101,4,4,1.2121084704384135,0.03619912877751266
43000,learned_event_oracle_qr,430,0,101,8,8,1.2897575481696029,0.06237738705129087
43000,learned_event_oracle_qr,430,0,101,16,16,0.9415963504228849,0.04879592799206958
43000,learned_event_oracle_qr,465,0,111,1,1,0.6357229461951917,0.17414931620999893
43000,learned_event_oracle_qr,465,0,111,4,4,0.47724011736802713,0.16361976695699357
43000,learned_event_oracle_qr,465,0,111,8,8,0.6141274038894938,0.17242741007239637
43000,learned_event_oracle_qr,465,0,111,16,13,0.6093578820428946,0.12440877933360203
43000,learned_event_oracle_qr,480,0,111,1,1,2.465079312182506,0.009107408903037701
43000,learned_event_oracle_qr,480,0,111,4,4,1.678863225574366,0.04007227957326582
43000,learned_event_oracle_qr,480,0,111,8,8,1.373541194880452,0.03367438324417041
43000,learned_event_oracle_qr,480,0,111,16,8,1.373541194880452,0.03367438324417041
43000,learned_event_oracle_qr,489,0,111,1,1,2.7674659652630997,0.02714782053549773
43000,learned_event_oracle_qr,489,0,111,4,4,1.257362931990335,0.01725304962159085
43000,learned_event_oracle_qr,489,0,111,8,4,1.257362931990335,0.01725304962159085
43000,learned_event_oracle_qr,489,0,111,16,4,1.257362931990335,0.01725304962159085
43000,learned_event_oracle_qr,494,0,111,1,1,0.6988510115731643,0.00240089670082816
43000,learned_event_oracle_qr,494,0,111,4,4,0.4136579374366888,0.019442814603338115
43000,learned_event_oracle_qr,494,0,111,8,8,0.757512091274164,0.05474527644935339
43000,learned_event_oracle_qr,494,0,111,16,13,0.7326392726667675,0.037046084901942236
43000,learned_event_oracle_qr,508,0,111,1,1,0.4269589379323893,0.12072554770937854
43000,learned_event_oracle_qr,508,0,111,4,4,0.5105999382415525,0.13343337093531804
43000,learned_event_oracle_qr,508,0,111,8,8,1.025736486670035,0.1421016899666156
43000,learned_event_oracle_qr,508,0,111,16,8,1.025736486670035,0.1421016899666156
43000,learned_event_oracle_qr,517,0,111,1,1,0.43265675025381045,0.010669131038393403
43000,learned_event_oracle_qr,517,0,111,4,1,0.43265675025381045,0.010669131038393403
43000,learned_event_oracle_qr,517,0,111,8,1,0.43265675025381045,0.010669131038393403
43000,learned_event_oracle_qr,517,0,111,16,1,0.43265675025381045,0.010669131038393403
43000,learned_event_oracle_qr,519,0,111,1,1,0.44419511364006986,0.024979816106583216
43000,learned_event_oracle_qr,519,0,111,4,4,0.43107170831096087,0.013765810384416962
43000,learned_event_oracle_qr,519,0,111,8,4,0.43107170831096087,0.013765810384416962
43000,learned_event_oracle_qr,519,0,111,16,4,0.43107170831096087,0.013765810384416962
43000,learned_event_oracle_qr,524,0,111,1,1,0.9248249579612782,0.1207091753268161
43000,learned_event_oracle_qr,524,0,111,4,2,0.8476770266196156,0.06571872156568079
43000,learned_event_oracle_qr,524,0,111,8,2,0.8476770266196156,0.06571872156568079
43000,learned_event_oracle_qr,524,0,111,16,2,0.8476770266196156,0.06571872156568079
43000,learned_event_oracle_qr,527,0,111,1,1,1.607733711852766,0.12885211571402078
43000,learned_event_oracle_qr,527,0,111,4,4,0.9634828809391105,0.062850692944739
43000,learned_event_oracle_qr,527,0,111,8,8,0.9867183325333164,0.08758254833551976
43000,learned_event_oracle_qr,527,0,111,16,16,0.9178862706500477,0.0654320381684859
43000,learned_event_oracle_qr,548,0,111,1,1,1.1128414922936976,0.06292632870392442
43000,learned_event_oracle_qr,548,0,111,4,2,0.7248876863786851,0.03159009106197986
43000,learned_event_oracle_qr,548,0,111,8,2,0.7248876863786851,0.03159009106197986
43000,learned_event_oracle_qr,548,0,111,16,2,0.7248876863786851,0.03159009106197986
43000,learned_event_oracle_qr,551,0,111,1,1,1.890909159365488,0.27547084287318646
43000,learned_event_oracle_qr,551,0,111,4,4,1.225945867877368,0.15940758315764175
43000,learned_event_oracle_qr,551,0,111,8,8,1.0364289318417566,0.1091479317319495
43000,learned_event_oracle_qr,551,0,111,16,16,0.9895727127198904,0.10988670224079487
43000,learned_event_oracle_qr,588,0,111,1,1,0.5158337581956627,0.10731565938554251
43000,learned_event_oracle_qr,588,0,111,4,4,0.36218594662280007,0.11842937966586303
43000,learned_event_oracle_qr,588,0,111,8,8,1.1157563203691403,0.2449657091711178
43000,learned_event_oracle_qr,588,0,111,16,16,0.8846319329087973,0.14895816252386457
43000,learned_event_oracle_qr,614,0,110,1,1,-0.1278507742778413,0.000956475360145816
43000,learned_event_oracle_qr,614,0,110,4,4,-0.09876213335587886,0.0008029768151102939
43000,learned_event_oracle_qr,614,0,110,8,8,-0.1368034404870092,0.004512374044519111
43000,learned_event_oracle_qr,614,0,110,16,16,0.030223105360955016,0.003477414986571758
43000,learned_event_oracle_qr,640,0,110,1,1,-0.1676676948613677,0.012358601569144295
43000,learned_event_oracle_qr,640,0,110,4,4,0.008727791814779284,0.015038554630223803
43000,learned_event_oracle_qr,640,0,110,8,8,-0.020883741546237178,0.013299785730741996
43000,learned_event_oracle_qr,640,0,110,16,12,0.0390265108220179,0.012975555600413293
43000,learned_event_oracle_qr,653,0,110,1,1,-0.03037182304122444,0.005107257147943168
43000,learned_event_oracle_qr,653,0,110,4,3,-0.1680929926632878,0.0038710909165435656
43000,learned_event_oracle_qr,653,0,110,8,3,-0.1680929926632878,0.0038710909165435656
43000,learned_event_oracle_qr,653,0,110,16,3,-0.1680929926632878,0.0038710909165435656
43000,learned_event_oracle_qr,657,0,110,1,1,0.016387682354184085,0.008993220695664907
43000,learned_event_oracle_qr,657,0,110,4,1,0.016387682354184085,0.008993220695664907
43000,learned_event_oracle_qr,657,0,110,8,1,0.016387682354184085,0.008993220695664907
43000,learned_event_oracle_qr,657,0,110,16,1,0.016387682354184085,0.008993220695664907
43000,learned_event_oracle_qr,659,0,110,1,1,-0.3909926825383356,0.004849875486408264
43000,learned_event_oracle_qr,659,0,110,4,4,-0.29849882822472057,0.0032739045295392378
43000,learned_event_oracle_qr,659,0,110,8,8,-0.3094249880893062,0.004125770416428216
43000,learned_event_oracle_qr,659,0,110,16,13,-0.30206015404893316,0.005478692791358911
43000,learned_event_oracle_qr,673,0,110,1,1,1.2363420480513925,0.013322181782850408
43000,learned_event_oracle_qr,673,0,110,4,4,0.6817004409436584,0.009596248134720063
43000,learned_event_oracle_qr,673,0,110,8,8,0.40848773578015946,0.0072148021670458634
43000,learned_event_oracle_qr,673,0,110,16,16,0.2517559685547535,0.008953690401961685
43000,learned_event_oracle_qr,698,0,110,1,1,0.2398598149789016,0.009164935528320607
43000,learned_event_oracle_qr,698,0,110,4,4,0.19877550367849017,0.0031996821330919126
43000,learned_event_oracle_qr,698,0,110,8,8,0.4625888507546917,0.02064155663592791
43000,learned_event_oracle_qr,698,0,110,16,16,0.6862021078124669,0.02542523059020245
43000,learned_event_oracle_qr,807,0,110,1,1,-0.1286144218446474,0.00124176410074042
43000,learned_event_oracle_qr,807,0,110,4,3,-0.0853430693312235,0.003454367107734169
43000,learned_event_oracle_qr,807,0,110,8,3,-0.0853430693312235,0.003454367107734169
43000,learned_event_oracle_qr,807,0,110,16,3,-0.0853430693312235,0.003454367107734169
43000,learned_event_oracle_qr,811,0,110,1,1,0.2521691483670228,0.017874357836448362
43000,learned_event_oracle_qr,811,0,110,4,2,0.021869474178912093,0.009419947041462212
43000,learned_event_oracle_qr,811,0,110,8,2,0.021869474178912093,0.009419947041462212
43000,learned_event_oracle_qr,811,0,110,16,2,0.021869474178912093,0.009419947041462212
43000,learned_event_oracle_qr,814,0,110,1,1,-0.3854236798954737,0.0003598873378297645
43000,learned_event_oracle_qr,814,0,110,4,4,0.04247954298651656,0.0056706184197780115
43000,learned_event_oracle_qr,814,0,110,8,8,-0.09377652265382203,0.0033774105632083
43000,learned_event_oracle_qr,814,0,110,16,9,0.026237758696700666,0.0030488912584756135
43000,learned_event_oracle_qr,824,0,110,1,1,-0.09762767096820278,0.009361957638311033
43000,learned_event_oracle_qr,824,0,110,4,2,0.2248361455515312,0.006037966428494775
43000,learned_event_oracle_qr,824,0,110,8,2,0.2248361455515312,0.006037966428494775
43000,learned_event_oracle_qr,824,0,110,16,2,0.2248361455515312,0.006037966428494775
43000,learned_event_oracle_qr,827,0,110,1,1,0.20724915982802217,0.011826286821480807
43000,learned_event_oracle_qr,827,0,110,4,4,0.16782258756545362,0.006188588733170231
43000,learned_event_oracle_qr,827,0,110,8,4,0.16782258756545362,0.006188588733170231
43000,learned_event_oracle_qr,827,0,110,16,4,0.16782258756545362,0.006188588733170231
43000,learned_event_oracle_qr,832,0,110,1,1,0.024330583490510205,2.1148379664100198e-06
43000,learned_event_oracle_qr,832,0,110,4,4,-0.18368714011995374,0.0034800850462742223
43000,learned_event_oracle_qr,832,0,110,8,8,0.07281597048348343,0.003944349370323728
43000,learned_event_oracle_qr,832,0,110,16,16,-0.06067183583625575,0.005010230536373612
43000,learned_event_oracle_qr,849,0,110,1,1,-0.15493691589711436,0.06494200237450073
43000,learned_event_oracle_qr,849,0,110,4,4,0.6265696883883174,0.01967400804097929
43000,learned_event_oracle_qr,849,0,110,8,8,0.26256063745244235,0.014249145780413034
43000,learned_event_oracle_qr,849,0,110,16,16,-0.022267713009279072,0.012712317608179743
43000,learned_event_oracle_qr,869,0,110,1,1,-0.43462989912818306,0.0009801444079564842
43000,learned_event_oracle_qr,869,0,110,4,4,-0.3965735415374702,0.0032386634655473495
43000,learned_event_oracle_qr,869,0,110,8,8,-0.3288615781413582,0.004215571836343584
43000,learned_event_oracle_qr,869,0,110,16,9,-0.3339903558566876,0.0038161306163636416
43000,learned_event_oracle_qr,879,0,110,1,1,-0.3951731749366171,0.00031938076301888155
43000,learned_event_oracle_qr,879,0,110,4,4,0.4048734721195987,0.009699544740804313
43000,learned_event_oracle_qr,879,0,110,8,4,0.4048734721195987,0.009699544740804313
43000,learned_event_oracle_qr,879,0,110,16,4,0.4048734721195987,0.009699544740804313
43000,learned_event_oracle_qr,884,0,110,1,1,-0.38736637363769855,7.387741320026917e-07
43000,learned_event_oracle_qr,884,0,110,4,4,-0.20541094013609174,0.006588282191242022
43000,learned_event_oracle_qr,884,0,110,8,8,0.15105338908929739,0.013530387671698417
43000,learned_event_oracle_qr,884,0,110,16,16,0.547760056121371,0.04918421383193034
43000,learned_event_oracle_qr,1060,0,111,1,1,0.42076847502383863,0.033724649025955296
43000,learned_event_oracle_qr,1060,0,111,4,4,0.749404098420364,0.06571831010505712
43000,learned_event_oracle_qr,1060,0,111,8,5,0.7338995249148725,0.10162226030997312
43000,learned_event_oracle_qr,1060,0,111,16,5,0.7338995249148725,0.10162226030997312
43000,learned_event_oracle_qr,1066,0,111,1,1,1.0752484114401393,0.13924421745590473
43000,learned_event_oracle_qr,1066,0,111,4,2,1.5680093699087312,0.07052576426982865
43000,learned_event_oracle_qr,1066,0,111,8,2,1.5680093699087312,0.07052576426982865
43000,learned_event_oracle_qr,1066,0,111,16,2,1.5680093699087312,0.07052576426982865
43000,learned_event_oracle_qr,1069,0,111,1,1,1.1848727660538285,0.07385267343310908
43000,learned_event_oracle_qr,1069,0,111,4,1,1.1848727660538285,0.07385267343310908
43000,learned_event_oracle_qr,1069,0,111,8,1,1.1848727660538285,0.07385267343310908
43000,learned_event_oracle_qr,1069,0,111,16,1,1.1848727660538285,0.07385267343310908
43000,learned_event_oracle_qr,1071,0,111,1,1,2.373862166927402,0.29681390336339464
43000,learned_event_oracle_qr,1071,0,111,4,4,1.0324050253213837,0.0951369320551006
43000,learned_event_oracle_qr,1071,0,111,8,8,0.7686467589526222,0.052597878908130606
43000,learned_event_oracle_qr,1071,0,111,16,16,0.8489864425761288,0.08797993718670023
43000,learned_event_oracle_qr,1106,0,111,1,1,1.4136074443445208,0.09083429964093762
43000,learned_event_oracle_qr,1106,0,111,4,4,0.9497794485156107,0.05173926571717897
43000,learned_event_oracle_qr,1106,0,111,8,8,0.6637525132259192,0.03421597327259217
43000,learned_event_oracle_qr,1106,0,111,16,16,0.575038261838233,0.04130293602375445
43000,learned_event_oracle_qr,1140,0,111,1,1,0.7563282903867198,0.058975492879093115
43000,learned_event_oracle_qr,1140,0,111,4,1,0.7563282903867198,0.058975492879093115
43000,learned_event_oracle_qr,1140,0,111,8,1,0.7563282903867198,0.058975492879093115
43000,learned_event_oracle_qr,1140,0,111,16,1,0.7563282903867198,0.058975492879093115
43000,learned_event_oracle_qr,1142,0,111,1,1,0.5617278839620087,0.23200229515330156
43000,learned_event_oracle_qr,1142,0,111,4,2,0.5695624963889612,0.1402440446872466
43000,learned_event_oracle_qr,1142,0,111,8,2,0.5695624963889612,0.1402440446872466
43000,learned_event_oracle_qr,1142,0,111,16,2,0.5695624963889612,0.1402440446872466
43000,learned_event_oracle_qr,1145,0,111,1,1,0.5201584271255314,0.02613474349367722
43000,learned_event_oracle_qr,1145,0,111,4,4,0.41720927105027467,0.05797656274157402
43000,learned_event_oracle_qr,1145,0,111,8,4,0.41720927105027467,0.05797656274157402
43000,learned_event_oracle_qr,1145,0,111,16,4,0.41720927105027467,0.05797656274157402
43000,learned_event_oracle_qr,1150,0,111,1,1,0.8029322872877649,0.06327019031308191
43000,learned_event_oracle_qr,1150,0,111,4,1,0.8029322872877649,0.06327019031308191
43000,learned_event_oracle_qr,1150,0,111,8,1,0.8029322872877649,0.06327019031308191
43000,learned_event_oracle_qr,1150,0,111,16,1,0.8029322872877649,0.06327019031308191
43000,learned_event_oracle_qr,1312,1,110,1,1,0.3055438394341984,0.01174729723972257
43000,learned_event_oracle_qr,1312,1,110,4,4,-0.013404622193779775,0.00820862322294161
43000,learned_event_oracle_qr,1312,1,110,8,8,-0.17021862563530837,0.008582250637494435
43000,learned_event_oracle_qr,1312,1,110,16,11,-0.038719978792828874,0.007856423547652897
43000,learned_event_oracle_qr,1324,1,110,1,1,-0.46931908217239965,0.03493610154311764
43000,learned_event_oracle_qr,1324,1,110,4,4,1.6662192762276526,0.01697568548891137
43000,learned_event_oracle_qr,1324,1,110,8,8,0.9316889071451299,0.014114692150387529
43000,learned_event_oracle_qr,1324,1,110,16,16,0.8049438758257548,0.009756275803144192
43000,learned_event_oracle_qr,1352,1,110,1,1,0.8901807020138929,0.005293496846126457
43000,learned_event_oracle_qr,1352,1,110,4,4,0.05987720694895371,0.008232638685148293
43000,learned_event_oracle_qr,1352,1,110,8,8,0.12041096731985448,0.00850399938654376
43000,learned_event_oracle_qr,1352,1,110,16,16,0.16570369314505257,0.011194714273000372
43000,learned_event_oracle_qr,1373,1,110,1,1,-0.3957740364179832,0.01298647578796255
43000,learned_event_oracle_qr,1373,1,110,4,4,0.019036825694375203,0.00790149472431085
43000,learned_event_oracle_qr,1373,1,110,8,8,-0.024949769470466433,0.010654246141005266
43000,learned_event_oracle_qr,1373,1,110,16,16,0.12025741132987985,0.011540715783957278
43000,learned_event_oracle_qr,1395,1,110,1,1,-0.019635584564998705,0.0075520371128931715
43000,learned_event_oracle_qr,1395,1,110,4,4,-0.08610054026958874,0.012800023568803338
43000,learned_event_oracle_qr,1395,1,110,8,4,-0.08610054026958874,0.012800023568803338
43000,learned_event_oracle_qr,1395,1,110,16,4,-0.08610054026958874,0.012800023568803338
43000,learned_event_oracle_qr,1401,1,110,1,1,-0.2838067270164001,0.011413845802741365
43000,learned_event_oracle_qr,1401,1,110,4,4,-0.2882949223208728,0.006206020273153668
43000,learned_event_oracle_qr,1401,1,110,8,8,-0.20705977995583824,0.003845954240198616
43000,learned_event_oracle_qr,1401,1,110,16,15,-0.16668331301765354,0.004916818687366255
43000,learned_event_oracle_qr,1417,1,110,1,1,-0.3790941031112956,0.0019192556586642906
43000,learned_event_oracle_qr,1417,1,110,4,4,0.2834426315017986,0.014232323566382744
43000,learned_event_oracle_qr,1417,1,110,8,8,-0.002541442843938313,0.01124891413210997
43000,learned_event_oracle_qr,1417,1,110,16,16,0.4147443732428001,0.012002719419231821
43000,learned_event_oracle_qr,1452,1,111,1,1,2.0326245184417044,0.08892970112717996
43000,learned_event_oracle_qr,1452,1,111,4,4,1.6366181332779624,0.07565172036763328
43000,learned_event_oracle_qr,1452,1,111,8,7,1.2627793412665351,0.05960074556034152
43000,learned_event_oracle_qr,1452,1,111,16,7,1.2627793412665351,0.05960074556034152
43000,learned_event_oracle_qr,1460,1,111,1,1,0.3046559205807151,0.09406571066894975
43000,learned_event_oracle_qr,1460,1,111,4,4,0.5626016545208671,0.06933972196140836
43000,learned_event_oracle_qr,1460,1,111,8,8,0.578118804947948,0.040659751871455055
43000,learned_event_oracle_qr,1460,1,111,16,16,0.604084988242551,0.055974214965221473
43000,learned_event_oracle_qr,1485,1,111,1,1,3.0669559980135874,0.05372552582323857
43000,learned_event_oracle_qr,1485,1,111,4,4,1.514068783558002,0.08621109080368572
43000,learned_event_oracle_qr,1485,1,111,8,8,1.0279362512886352,0.08798327480353213
43000,learned_event_oracle_qr,1485,1,111,16,11,0.8848154133606403,0.0668715540069207
43000,learned_event_oracle_qr,1497,1,111,1,1,0.957709185449408,0.017400000795136396
43000,learned_event_oracle_qr,1497,1,111,4,3,0.5918867687330174,0.025151174259002287
43000,learned_event_oracle_qr,1497,1,111,8,3,0.5918867687330174,0.025151174259002287
43000,learned_event_oracle_qr,1497,1,111,16,3,0.5918867687330174,0.025151174259002287
43000,learned_event_oracle_qr,1501,1,111,1,1,4.872757772643126,0.1771236850477873
43000,learned_event_oracle_qr,1501,1,111,4,4,1.8568990289163751,0.05767747580840476
43000,learned_event_oracle_qr,1501,1,111,8,4,1.8568990289163751,0.05767747580840476
43000,learned_event_oracle_qr,1501,1,111,16,4,1.8568990289163751,0.05767747580840476
43000,learned_event_oracle_qr,1506,1,101,1,1,3.1953553093784866,0.02259282180724372
43000,learned_event_oracle_qr,1506,1,101,4,4,1.0764149877330038,0.013942450850097737
43000,learned_event_oracle_qr,1506,1,101,8,8,0.843523774566054,0.015368924461109
43000,learned_event_oracle_qr,1506,1,101,16,16,0.6216428513221541,0.01773167908724588
43000,learned_event_oracle_qr,1552,1,101,1,1,1.4749667607025754,0.006674582022852296
43000,learned_event_oracle_qr,1552,1,101,4,1,1.4749667607025754,0.006674582022852296
43000,learned_event_oracle_qr,1552,1,101,8,1,1.4749667607025754,0.006674582022852296
43000,learned_event_oracle_qr,1552,1,101,16,1,1.4749667607025754,0.006674582022852296
43000,learned_event_oracle_qr,1555,1,101,1,1,0.5800147695619156,0.00036475715022193147
43000,learned_event_oracle_qr,1555,1,101,4,4,0.27898610518192396,0.01793778801763335
43000,learned_event_oracle_qr,1555,1,101,8,7,0.2937469305682967,0.02758513868225632
43000,learned_event_oracle_qr,1555,1,101,16,7,0.2937469305682967,0.02758513868225632
43000,learned_event_oracle_qr,1563,1,101,1,1,0.6069580147738741,0.0193712685733564
43000,learned_event_oracle_qr,1563,1,101,4,2,0.6487760124278273,0.04839037299548252
43000,learned_event_oracle_qr,1563,1,101,8,2,0.6487760124278273,0.04839037299548252
43000,learned_event_oracle_qr,1563,1,101,16,2,0.6487760124278273,0.04839037299548252
43000,learned_event_oracle_qr,1566,1,101,1,1,0.7044538936924767,0.04986027347378098
43000,learned_event_oracle_qr,1566,1,101,4,4,0.6124002934426804,0.023425717693468066
43000,learned_event_oracle_qr,1566,1,101,8,8,0.7822987887173433,0.028663539248248365
43000,learned_event_oracle_qr,1566,1,101,16,16,0.7633343570988935,0.023964016718465868
43000,learned_event_oracle_qr,1594,1,101,1,1,0.39871194013317346,0.014772531872850448
43000,learned_event_oracle_qr,1594,1,101,4,4,0.5939323183733183,0.09625602146834217
43000,learned_event_oracle_qr,1594,1,101,8,8,0.5698390335470109,0.061567902510984776
43000,learned_event_oracle_qr,1594,1,101,16,16,0.596837420889706,0.08293240699480608
43000,learned_event_oracle_qr,1611,1,111,1,1,0.4573947129418747,0.03054243137545736
43000,learned_event_oracle_qr,1611,1,111,4,4,0.6340949839389436,0.10610367651977946
43000,learned_event_oracle_qr,1611,1,111,8,5,0.602483398973568,0.11986209365511072
43000,learned_event_oracle_qr,1611,1,111,16,5,0.602483398973568,0.11986209365511072
43000,learned_event_oracle_qr,1617,1,111,1,1,4.299096796022378,0.0455932017339672
43000,learned_event_oracle_qr,1617,1,111,4,4,2.4906049916758066,0.1508346505448419
43000,learned_event_oracle_qr,1617,1,111,8,8,2.0297360598220107,0.1061151086031839
43000,learned_event_oracle_qr,1617,1,111,16,9,1.9234989531013988,0.10263920948123904
43000,learned_event_oracle_qr,1627,1,111,1,1,0.49292056333981676,0.007762507667929784
43000,learned_event_oracle_qr,1627,1,111,4,4,0.8762657287425546,0.2731624233818131
43000,learned_event_oracle_qr,1627,1,111,8,8,0.6990155745308936,0.17697527730108004
43000,learned_event_oracle_qr,1627,1,111,16,14,1.1275075572940139,0.29695053610585515
43000,learned_event_oracle_qr,1642,1,111,1,1,0.7890823980618585,0.0030865309642060363
43000,learned_event_oracle_qr,1642,1,111,4,4,0.5835560537038681,0.017335397891682786
43000,learned_event_oracle_qr,1642,1,111,8,8,0.853222914930855,0.015588742015427141
43000,learned_event_oracle_qr,1642,1,111,16,16,0.7675781574563829,0.04029211550166187
43000,learned_event_oracle_qr,1680,1,111,1,1,2.9903819413451442,0.05955492513271373
43000,learned_event_oracle_qr,1680,1,111,4,1,2.9903819413451442,0.05955492513271373
43000,learned_event_oracle_qr,1680,1,111,8,1,2.9903819413451442,0.05955492513271373
43000,learned_event_oracle_qr,1680,1,111,16,1,2.9903819413451442,0.05955492513271373
43000,learned_event_oracle_qr,1682,1,111,1,1,0.4050539435308008,0.017838880989683076
43000,learned_event_oracle_qr,1682,1,111,4,4,1.0025096416579404,0.11879232997724043
43000,learned_event_oracle_qr,1682,1,111,8,8,0.7230552608486288,0.08414612018194484
43000,learned_event_oracle_qr,1682,1,111,16,16,0.6917980083648553,0.061925911651633817
43000,learned_event_oracle_qr,1699,1,111,1,1,1.027968532902686,0.012090247245158297
43000,learned_event_oracle_qr,1699,1,111,4,4,0.6254149557064859,0.024165580908959067
43000,learned_event_oracle_qr,1699,1,111,8,8,0.7044920833516491,0.04788697280126704
43000,learned_event_oracle_qr,1699,1,111,16,16,0.7504359864733317,0.06751080773716367
43000,learned_event_oracle_qr,1721,1,111,1,1,0.602893160176514,0.011275469958612321
43000,learned_event_oracle_qr,1721,1,111,4,4,0.43396715411310205,0.02397868063139795
43000,learned_event_oracle_qr,1721,1,111,8,8,0.3729791918267834,0.06559676579948547
43000,learned_event_oracle_qr,1721,1,111,16,16,0.15744614311646035,0.03728323825522735
43000,learned_event_oracle_qr,1800,1,101,1,1,1.157935440965492,0.057728117386577314
43000,learned_event_oracle_qr,1800,1,101,4,4,0.5532534071838071,0.025340071009417056
43000,learned_event_oracle_qr,1800,1,101,8,8,0.5169917663997207,0.01554331447898787
43000,learned_event_oracle_qr,1800,1,101,16,16,0.6433599626027002,0.017315918826656177
43000,learned_event_oracle_qr,1825,1,101,1,1,0.4289842657873269,0.0007001913057600468
43000,learned_event_oracle_qr,1825,1,101,4,4,0.5967217142314349,0.04337615895865953
43000,learned_event_oracle_qr,1825,1,101,8,8,0.4481408259313687,0.023811080466263942
43000,learned_event_oracle_qr,1825,1,101,16,16,0.5057929144280839,0.018098952298790195
43000,learned_event_oracle_qr,1842,1,101,1,1,0.5592457757405459,0.06065391136712805
43000,learned_event_oracle_qr,1842,1,101,4,4,0.5859876793861247,0.08731839786740567
43000,learned_event_oracle_qr,1842,1,101,8,4,0.5859876793861247,0.08731839786740567
43000,learned_event_oracle_qr,1842,1,101,16,4,0.5859876793861247,0.08731839786740567
43000,learned_event_oracle_qr,1847,1,101,1,1,0.25945957923636076,0.06725247050417603
43000,learned_event_oracle_qr,1847,1,101,4,4,0.20165602607120053,0.0777175050514028
43000,learned_event_oracle_qr,1847,1,101,8,8,0.42533513323770555,0.05685763067166118
43000,learned_event_oracle_qr,1847,1,101,16,12,0.4748153847608146,0.05504759463605214
43000,learned_event_oracle_qr,1860,1,101,1,1,0.4405585044836983,0.0039017446744116363
43000,learned_event_oracle_qr,1860,1,101,4,4,0.5097452259228658,0.0073409307159922
43000,learned_event_oracle_qr,1860,1,101,8,6,0.4739708500015248,0.010859557884057283
43000,learned_event_oracle_qr,1860,1,101,16,6,0.4739708500015248,0.010859557884057283
43000,learned_event_oracle_qr,1867,1,101,1,1,1.3150238695612044,0.06131670625491186
43000,learned_event_oracle_qr,1867,1,101,4,4,0.780984989048186,0.033866472440626946
43000,learned_event_oracle_qr,1867,1,101,8,8,0.5848129191957102,0.019864092423374342
43000,learned_event_oracle_qr,1867,1,101,16,11,0.4774801100811344,0.014561955503339802
43000,learned_event_oracle_qr,1879,1,101,1,1,3.528374162124295,0.0038158061233580544
43000,learned_event_oracle_qr,1879,1,101,4,4,1.3150563256989845,0.004588508722420514
43000,learned_event_oracle_qr,1879,1,101,8,8,0.9260377207330681,0.014033983302115695
43000,learned_event_oracle_qr,1879,1,101,16,13,0.802785185028312,0.009375088872993233
43000,learned_event_oracle_qr,1893,1,101,1,1,0.42899540216278464,0.0006819716372482489
43000,learned_event_oracle_qr,1893,1,101,4,4,1.0198451058904654,0.019821844930752414
43000,learned_event_oracle_qr,1893,1,101,8,8,0.9402868740126611,0.01873403509160875
43000,learned_event_oracle_qr,1893,1,101,16,13,0.8041538470569616,0.014937053628191458
43000,learned_event_oracle_qr,1907,1,101,1,1,0.26068131704280556,0.00978767675624371
43000,learned_event_oracle_qr,1907,1,101,4,4,0.3339254760802274,0.029409874458549153
43000,learned_event_oracle_qr,1907,1,101,8,6,0.27117890095785785,0.05470301100437163
43000,learned_event_oracle_qr,1907,1,101,16,6,0.27117890095785785,0.05470301100437163
43000,learned_event_oracle_qr,1914,1,101,1,1,3.1667415442333913,0.004087560120776793
43000,learned_event_oracle_qr,1914,1,101,4,4,1.4378882417417005,0.011251160117993512
43000,learned_event_oracle_qr,1914,1,101,8,8,1.3887612711125312,0.021249725274780737
43000,learned_event_oracle_qr,1914,1,101,16,16,0.9137350075663297,0.019830024884512715
43000,learned_event_oracle_qr,1931,1,101,1,1,1.2898387419350996,0.07067076617585628
43000,learned_event_oracle_qr,1931,1,101,4,4,0.8059947474299285,0.10683966627135906
43000,learned_event_oracle_qr,1931,1,101,8,8,0.6043981238094994,0.07219029894495865
43000,learned_event_oracle_qr,1931,1,101,16,11,0.748103255334889,0.061598465091013875
43000,learned_event_oracle_qr,1943,1,101,1,1,0.6984266143710091,0.00011514424266144772
43000,learned_event_oracle_qr,1943,1,101,4,4,0.4471591392590113,0.001366895051165423
43000,learned_event_oracle_qr,1943,1,101,8,6,0.514145155764867,0.0009655145375586497
43000,learned_event_oracle_qr,1943,1,101,16,6,0.514145155764867,0.0009655145375586497
43000,learned_event_oracle_qr,1950,1,101,1,1,0.4495104260032425,0.15278441507189083
43000,learned_event_oracle_qr,1950,1,101,4,4,0.4821780352813268,0.1451041956657716
43000,learned_event_oracle_qr,1950,1,101,8,5,0.47667639753893176,0.13479178552104937
43000,learned_event_oracle_qr,1950,1,101,16,5,0.47667639753893176,0.13479178552104937
43000,learned_event_oracle_qr,1956,1,101,1,1,1.1457853587438445,0.03552910900568809
43000,learned_event_oracle_qr,1956,1,101,4,4,0.5126138243011595,0.023933831521854083
43000,learned_event_oracle_qr,1956,1,101,8,8,0.3595853170045896,0.012152459113839241
43000,learned_event_oracle_qr,1956,1,101,16,15,0.4270485470407183,0.012663194104127548
43000,learned_event_oracle_qr,1972,1,101,1,1,0.6289074818697402,0.02898227657982713
43000,learned_event_oracle_qr,1972,1,101,4,4,0.5671960428794465,0.017317742651208248
43000,learned_event_oracle_qr,1972,1,101,8,8,0.4319065985970719,0.010480865510288782
43000,learned_event_oracle_qr,1972,1,101,16,16,0.6278541634937548,0.04344300850107054
43000,learned_event_oracle_qr,2116,1,111,1,1,0.566850843928063,0.00874427850153787
43000,learned_event_oracle_qr,2116,1,111,4,4,0.5818523953548174,0.005018589730437926
43000,learned_event_oracle_qr,2116,1,111,8,8,0.5208889820403774,0.008623855308434552
43000,learned_event_oracle_qr,2116,1,111,16,9,0.5239138453395409,0.022235156337048
43000,learned_event_oracle_qr,2126,1,111,1,1,1.019652485331463,0.027498870180592085
43000,learned_event_oracle_qr,2126,1,111,4,1,1.019652485331463,0.027498870180592085
43000,learned_event_oracle_qr,2126,1,111,8,1,1.019652485331463,0.027498870180592085
43000,learned_event_oracle_qr,2126,1,111,16,1,1.019652485331463,0.027498870180592085
43000,learned_event_oracle_qr,2129,1,111,1,1,0.8833448540336978,0.2249848123630902
43000,learned_event_oracle_qr,2129,1,111,4,4,1.0738526324349664,0.1062979912562139
43000,learned_event_oracle_qr,2129,1,111,8,8,0.9065545395048213,0.061585620432851367
43000,learned_event_oracle_qr,2129,1,111,16,16,0.7663926396747232,0.08015065876452737
43000,learned_event_oracle_qr,2149,1,111,1,1,0.3817272358319436,0.01781407793744363
43000,learned_event_oracle_qr,2149,1,111,4,4,0.4031996540608626,0.04363260451976951
43000,learned_event_oracle_qr,2149,1,111,8,5,0.43236053991389334,0.03913636002002195
43000,learned_event_oracle_qr,2149,1,111,16,5,0.43236053991389334,0.03913636002002195
43000,learned_event_oracle_qr,2155,1,111,1,1,0.3669532075787795,0.008106929736641729
43000,learned_event_oracle_qr,2155,1,111,4,4,0.45461857038986786,0.025524172877770167
43000,learned_event_oracle_qr,2155,1,111,8,8,0.5075518581415139,0.06162972526480258
43000,learned_event_oracle_qr,2155,1,111,16,10,0.5994066575787628,0.04985156475198636
43000,learned_event_oracle_qr,2166,1,111,1,1,2.9546379783973045,0.150246853730062
43000,learned_event_oracle_qr,2166,1,111,4,2,1.7087079301529624,0.11043960820727089
43000,learned_event_oracle_qr,2166,1,111,8,2,1.7087079301529624,0.11043960820727089
43000,learned_event_oracle_qr,2166,1,111,16,2,1.7087079301529624,0.11043960820727089
43000,learned_event_oracle_qr,2169,1,111,1,1,1.1044887709545985,0.004275673558118816
43000,learned_event_oracle_qr,2169,1,111,4,1,1.1044887709545985,0.004275673558118816
43000,learned_event_oracle_qr,2169,1,111,8,1,1.1044887709545985,0.004275673558118816
43000,learned_event_oracle_qr,2169,1,111,16,1,1.1044887709545985,0.004275673558118816
43000,learned_event_oracle_qr,2171,1,111,1,1,0.3236754581911291,0.660906302799493
43000,learned_event_oracle_qr,2171,1,111,4,3,0.5646041488416915,0.314775909981221
43000,learned_event_oracle_qr,2171,1,111,8,3,0.5646041488416915,0.314775909981221
43000,learned_event_oracle_qr,2171,1,111,16,3,0.5646041488416915,0.314775909981221
43000,learned_event_oracle_qr,2175,1,111,1,1,0.463538607620877,0.048739614311842865
43000,learned_event_oracle_qr,2175,1,111,4,4,0.46817993576142247,0.06348362581820598
43000,learned_event_oracle_qr,2175,1,111,8,8,0.5569234125713869,0.11073611693023769
43000,learned_event_oracle_qr,2175,1,111,16,16,0.7170467418980778,0.1124838226289473
43000,learned_event_oracle_qr,2202,1,111,1,1,1.740835002592059,0.0003920601848030334
43000,learned_event_oracle_qr,2202,1,111,4,4,0.9774848276190424,0.002045249076970277
43000,learned_event_oracle_qr,2202,1,111,8,8,0.492701460367048,0.002862994731798253
43000,learned_event_oracle_qr,2202,1,111,16,11,0.2605902049513177,0.003110686458194269
43000,learned_event_oracle_qr,2214,1,110,1,1,-0.15320981635500183,0.013683040010771606
43000,learned_event_oracle_qr,2214,1,110,4,4,-0.26602766770477443,0.010006176103131273
43000,learned_event_oracle_qr,2214,1,110,8,8,-0.06695362594760759,0.01151742569500651
43000,learned_event_oracle_qr,2214,1,110,16,9,-0.11109753224793713,0.011657829261093029
43000,learned_event_oracle_qr,2224,1,110,1,1,-0.2542679883025729,0.027214005775957232
43000,learned_event_oracle_qr,2224,1,110,4,4,0.22384117737180428,0.008983629899409276
43000,learned_event_oracle_qr,2224,1,110,8,8,0.15021513743244516,0.007806819810188544
43000,learned_event_oracle_qr,2224,1,110,16,16,-0.07018984423256278,0.00780797156133466
43000,learned_event_oracle_qr,2248,1,110,1,1,-0.020592099892629074,0.00113834717078449
43000,learned_event_oracle_qr,2248,1,110,4,4,-0.24588108699264044,0.006233728502920071
43000,learned_event_oracle_qr,2248,1,110,8,8,-0.3072589554073192,0.005819184139738073
43000,learned_event_oracle_qr,2248,1,110,16,16,-0.2760540439271869,0.005657197841047106
43000,learned_event_oracle_qr,2276,1,110,1,1,-0.25530704454994907,0.0025889718824965648
43000,learned_event_oracle_qr,2276,1,110,4,4,0.36063559534718403,0.017317248789476627
43000,learned_event_oracle_qr,2276,1,110,8,8,0.19285263041779377,0.011862748627690836
43000,learned_event_oracle_qr,2276,1,110,16,16,0.044071973291015046,0.007792631243590045
43000,learned_event_oracle_qr,2313,2,111,1,1,3.3762891627320495,0.3998468718728978
43000,learned_event_oracle_qr,2313,2,111,4,4,1.694213965213174,0.22092055961620277
43000,learned_event_oracle_qr,2313,2,111,8,4,1.694213965213174,0.22092055961620277
43000,learned_event_oracle_qr,2313,2,111,16,4,1.694213965213174,0.22092055961620277
43000,learned_event_oracle_qr,2318,2,111,1,1,0.5857451009112594,0.13196848490491864
43000,learned_event_oracle_qr,2318,2,111,4,4,0.5637962418389456,0.0407465214300392
43000,learned_event_oracle_qr,2318,2,111,8,7,0.5844607680055651,0.030752850616354657
43000,learned_event_oracle_qr,2318,2,111,16,7,0.5844607680055651,0.030752850616354657
43000,learned_event_oracle_qr,2326,2,111,1,1,1.1627354992057957,0.04001995328771277
43000,learned_event_oracle_qr,2326,2,111,4,4,0.5777537291954782,0.031053953026085063
43000,learned_event_oracle_qr,2326,2,111,8,8,0.5659278037639868,0.03235473904500013
43000,learned_event_oracle_qr,2326,2,111,16,16,0.574972726067419,0.03901460193361977
43000,learned_event_oracle_qr,2345,2,111,1,1,0.3343172624607191,0.0900760270432394
43000,learned_event_oracle_qr,2345,2,111,4,4,0.4205690583632754,0.050231857893354125
43000,learned_event_oracle_qr,2345,2,111,8,8,0.6407791145054842,0.0512314982145205
43000,learned_event_oracle_qr,2345,2,111,16,16,0.8555741264999774,0.058021076966163015
43000,learned_event_oracle_qr,2378,2,111,1,1,0.821519523881377,0.11837697275063068
43000,learned_event_oracle_qr,2378,2,111,4,4,0.512126179787049,0.25087633942029264
43000,learned_event_oracle_qr,2378,2,111,8,8,0.9225062508449824,0.1515742037168814
43000,learned_event_oracle_qr,2378,2,111,16,8,0.9225062508449824,0.1515742037168814
43000,learned_event_oracle_qr,2387,2,111,1,1,0.2645976951896624,0.0033020710914171557
43000,learned_event_oracle_qr,2387,2,111,4,4,0.635855794093066,0.006540265178999409
43000,learned_event_oracle_qr,2387,2,111,8,5,0.5650332798022024,0.005661642842008012
43000,learned_event_oracle_qr,2387,2,111,16,5,0.5650332798022024,0.005661642842008012
43000,learned_event_oracle_qr,2393,2,111,1,1,1.0133293851132796,0.29081196113001023
43000,learned_event_oracle_qr,2393,2,111,4,4,0.7691454180739392,0.10881538172662159
43000,learned_event_oracle_qr,2393,2,111,8,8,0.7269313079839715,0.08277943535022664
43000,learned_event_oracle_qr,2393,2,111,16,16,0.3953601451962857,0.043525061698252016
43000,learned_event_oracle_qr,2417,2,110,1,1,-0.4566050538295735,0.002724751318228438
43000,learned_event_oracle_qr,2417,2,110,4,4,-0.2522964067549816,0.006123170540975314
43000,learned_event_oracle_qr,2417,2,110,8,4,-0.2522964067549816,0.006123170540975314
43000,learned_event_oracle_qr,2417,2,110,16,4,-0.2522964067549816,0.006123170540975314
43000,learned_event_oracle_qr,2422,2,110,1,1,-0.4094806676884272,0.009813615962961673
43000,learned_event_oracle_qr,2422,2,110,4,4,0.09588260591375539,0.004055998431238627
43000,learned_event_oracle_qr,2422,2,110,8,8,0.15261763587953597,0.008021648464998938
43000,learned_event_oracle_qr,2422,2,110,16,15,0.03422422528470685,0.005741272486929017
43000,learned_event_oracle_qr,2438,2,110,1,1,0.45977487022742947,0.006983760023982431
43000,learned_event_oracle_qr,2438,2,110,4,3,0.3351378705103216,0.004809388197237442
43000,learned_event_oracle_qr,2438,2,110,8,3,0.3351378705103216,0.004809388197237442
43000,learned_event_oracle_qr,2438,2,110,16,3,0.3351378705103216,0.004809388197237442
43000,learned_event_oracle_qr,2442,2,110,1,1,-0.4249097913908813,0.026481164350060954
43000,learned_event_oracle_qr,2442,2,110,4,4,-0.4520335197165052,0.01365145980845198
43000,learned_event_oracle_qr,2442,2,110,8,8,-0.42402855630261393,0.013322641598720212
43000,learned_event_oracle_qr,2442,2,110,16,10,-0.4281940113122381,0.013804549488520487
43000,learned_event_oracle_qr,2453,2,110,1,1,2.7276972416288747,0.006694558190311386
43000,learned_event_oracle_qr,2453,2,110,4,4,0.6339750966616585,0.010584742223505191
43000,learned_event_oracle_qr,2453,2,110,8,8,0.09808145193817241,0.00856718010451692
43000,learned_event_oracle_qr,2453,2,110,16,16,0.5908831788518358,0.031540610772290145
43000,learned_event_oracle_qr,2596,2,110,1,1,-0.40987384754989187,0.005699812247450905
43000,learned_event_oracle_qr,2596,2,110,4,4,-0.30194596698148857,0.004174278999485673
43000,learned_event_oracle_qr,2596,2,110,8,8,-0.13358724074017747,0.0041555149685008974
43000,learned_event_oracle_qr,2596,2,110,16,16,-0.1873164254427666,0.004241024819714769
43000,learned_event_oracle_qr,2623,2,110,1,1,0.0677952144971375,0.00011392449662167319
43000,learned_event_oracle_qr,2623,2,110,4,4,0.26258366150510887,0.003475857548761365
43000,learned_event_oracle_qr,2623,2,110,8,8,0.7429541039270982,0.00338848179015513
43000,learned_event_oracle_qr,2623,2,110,16,16,0.39042660063779144,0.004615786508523958
43000,learned_event_oracle_qr,2651,2,110,1,1,-0.4076495544344718,1.1793911446550326e-05
43000,learned_event_oracle_qr,2651,2,110,4,4,-0.37332407229597925,0.006146817921995041
43000,learned_event_oracle_qr,2651,2,110,8,8,-0.14677683638434924,0.013622896313241902
43000,learned_event_oracle_qr,2651,2,110,16,16,-0.17827310527518805,0.009729131036810293
43000,learned_event_oracle_qr,2669,2,110,1,1,0.1243154477067872,0.00039928593298449574
43000,learned_event_oracle_qr,2669,2,110,4,1,0.1243154477067872,0.00039928593298449574
43000,learned_event_oracle_qr,2669,2,110,8,1,0.1243154477067872,0.00039928593298449574
43000,learned_event_oracle_qr,2669,2,110,16,1,0.1243154477067872,0.00039928593298449574
43000,learned_event_oracle_qr,2671,2,110,1,1,0.39453208018319486,0.0008433569704011404
43000,learned_event_oracle_qr,2671,2,110,4,4,0.23724655789168053,0.007688759299856216
43000,learned_event_oracle_qr,2671,2,110,8,7,0.2855196268411515,0.007382623284882967
43000,learned_event_oracle_qr,2671,2,110,16,7,0.2855196268411515,0.007382623284882967
43000,learned_event_oracle_qr,2679,2,110,1,1,-0.34790883126156813,0.020403198031979188
43000,learned_event_oracle_qr,2679,2,110,4,4,-0.23020502012210523,0.011552575150624122
43000,learned_event_oracle_qr,2679,2,110,8,8,-0.13987863823217742,0.008751564211586689
43000,learned_event_oracle_qr,2679,2,110,16,16,-0.07997082183639768,0.006055783063162851
43000,learned_event_oracle_qr,2714,2,110,1,1,1.215047714964776,0.03926376901703672
43000,learned_event_oracle_qr,2714,2,110,4,4,0.3321107095364863,0.014447206554841526
43000,learned_event_oracle_qr,2714,2,110,8,8,0.2541628466068788,0.011726396642287116
43000,learned_event_oracle_qr,2714,2,110,16,16,0.4079798693325196,0.009868086311371366
43000,learned_event_oracle_qr,2741,2,101,1,1,0.3392702984884966,0.07938154889028577
43000,learned_event_oracle_qr,2741,2,101,4,4,0.47139577874985034,0.06362956423621335
43000,learned_event_oracle_qr,2741,2,101,8,8,0.5343353252954399,0.040042420110936394
43000,learned_event_oracle_qr,2741,2,101,16,16,0.6734688059757282,0.025314878358776084
43000,learned_event_oracle_qr,2769,2,101,1,1,0.4231977205599202,0.300081582268985
43000,learned_event_oracle_qr,2769,2,101,4,4,0.8690273775037882,0.2420447901740458
43000,learned_event_oracle_qr,2769,2,101,8,8,0.5352045394405536,0.263502007036245
43000,learned_event_oracle_qr,2769,2,101,16,8,0.5352045394405536,0.263502007036245
43000,learned_event_oracle_qr,2778,2,101,1,1,0.3642711292460891,0.33470298056225756
43000,learned_event_oracle_qr,2778,2,101,4,4,1.154545072024191,0.09417217671147282
43000,learned_event_oracle_qr,2778,2,101,8,8,0.8800500906684829,0.06924044754385142
43000,learned_event_oracle_qr,2778,2,101,16,8,0.8800500906684829,0.06924044754385142
43000,learned_event_oracle_qr,2787,2,101,1,1,0.3683230525557237,0.1337636391688656
43000,learned_event_oracle_qr,2787,2,101,4,4,1.1151125324650406,0.06276282132114236
43000,learned_event_oracle_qr,2787,2,101,8,7,1.0514101194018075,0.040077985135112126
43000,learned_event_oracle_qr,2787,2,101,16,7,1.0514101194018075,0.040077985135112126
43000,learned_event_oracle_qr,2795,2,101,1,1,1.7234550999096643,0.2874581877811322
43000,learned_event_oracle_qr,2795,2,101,4,4,0.6919624460955389,0.2640688997923534
43000,learned_event_oracle_qr,2795,2,101,8,8,0.7804498217482966,0.16533694584844175
43000,learned_event_oracle_qr,2795,2,101,16,16,0.7537971233588956,0.091576840632716
43000,learned_event_oracle_qr,2831,2,110,1,1,2.780933948570356,0.005552037019979746
43000,learned_event_oracle_qr,2831,2,110,4,4,1.1396746434912668,0.005991480047212528
43000,learned_event_oracle_qr,2831,2,110,8,8,0.488145265883187,0.0057473112694372865
43000,learned_event_oracle_qr,2831,2,110,16,16,0.11819793941421683,0.00568639568468751
43000,learned_event_oracle_qr,2852,2,110,1,1,-0.44788570873346406,0.005871223077233035
43000,learned_event_oracle_qr,2852,2,110,4,1,-0.44788570873346406,0.005871223077233035
43000,learned_event_oracle_qr,2852,2,110,8,1,-0.44788570873346406,0.005871223077233035
43000,learned_event_oracle_qr,2852,2,110,16,1,-0.44788570873346406,0.005871223077233035
43000,learned_event_oracle_qr,2854,2,110,1,1,-0.45680096579175167,0.0006670068682554344
43000,learned_event_oracle_qr,2854,2,110,4,1,-0.45680096579175167,0.0006670068682554344
43000,learned_event_oracle_qr,2854,2,110,8,1,-0.45680096579175167,0.0006670068682554344
43000,learned_event_oracle_qr,2854,2,110,16,1,-0.45680096579175167,0.0006670068682554344
43000,learned_event_oracle_qr,2856,2,110,1,1,-0.26851814969667126,0.0038914281762929856
43000,learned_event_oracle_qr,2856,2,110,4,4,-0.13471536733655223,0.006650885913739754
43000,learned_event_oracle_qr,2856,2,110,8,8,-0.15345508055328344,0.006156866587644288
43000,learned_event_oracle_qr,2856,2,110,16,14,-0.15657573024931798,0.006109094093083698
43000,learned_event_oracle_qr,2871,2,110,1,1,-0.4554255535555921,0.005930649980718654
43000,learned_event_oracle_qr,2871,2,110,4,4,-0.03202490776794648,0.0036846457286267764
43000,learned_event_oracle_qr,2871,2,110,8,7,-0.07979097557177058,0.0035027611668194516
43000,learned_event_oracle_qr,2871,2,110,16,7,-0.07979097557177058,0.0035027611668194516
43000,learned_event_oracle_qr,2879,2,110,1,1,0.38243088640368644,0.0002348047564314085
43000,learned_event_oracle_qr,2879,2,110,4,4,-0.11129738395958215,0.00022123443071755212
43000,learned_event_oracle_qr,2879,2,110,8,8,0.06137814590510251,0.0007648852499120513
43000,learned_event_oracle_qr,2879,2,110,16,12,0.3858114459623531,0.007267025442613044
43000,learned_event_oracle_qr,2892,2,110,1,1,-0.383300260608398,0.05188862280591844
43000,learned_event_oracle_qr,2892,2,110,4,3,-0.4379952834449963,0.0227527671765905
43000,learned_event_oracle_qr,2892,2,110,8,3,-0.4379952834449963,0.0227527671765905
43000,learned_event_oracle_qr,2892,2,110,16,3,-0.4379952834449963,0.0227527671765905
43000,learned_event_oracle_qr,2896,2,110,1,1,0.20680783444348555,0.0002061647406108611
43000,learned_event_oracle_qr,2896,2,110,4,4,-0.15492378698309825,0.0041303035879769155
43000,learned_event_oracle_qr,2896,2,110,8,8,-0.19480852853741376,0.006957137654440099
43000,learned_event_oracle_qr,2896,2,110,16,10,-0.232635292785067,0.005663088582085634
43000,learned_event_oracle_qr,2907,2,110,1,1,-0.3677957700294507,0.027116627892139984
43000,learned_event_oracle_qr,2907,2,110,4,4,-0.15230087045094903,0.015457179085679104
43000,learned_event_oracle_qr,2907,2,110,8,8,0.10189270773207451,0.012010514079847613
43000,learned_event_oracle_qr,2907,2,110,16,13,0.3852957558207141,0.020634205543456793
43000,learned_event_oracle_qr,2921,2,111,1,1,0.6710415669097355,0.0020076477621981943
43000,learned_event_oracle_qr,2921,2,111,4,4,0.4814872325283832,0.005687551288489468
43000,learned_event_oracle_qr,2921,2,111,8,4,0.4814872325283832,0.005687551288489468
43000,learned_event_oracle_qr,2921,2,111,16,4,0.4814872325283832,0.005687551288489468
43000,learned_event_oracle_qr,2926,2,111,1,1,0.4123747161378503,0.10132384542647961
43000,learned_event_oracle_qr,2926,2,111,4,4,0.5998997669464794,0.06400628765364622
43000,learned_event_oracle_qr,2926,2,111,8,8,0.5221120959303223,0.06194638327678646
43000,learned_event_oracle_qr,2926,2,111,16,15,0.5639092891475076,0.053258304138761446
43000,learned_event_oracle_qr,2942,2,111,1,1,0.4331995375777647,0.001863886714297056
43000,learned_event_oracle_qr,2942,2,111,4,4,0.4921342340675201,0.05227718937210564
43000,learned_event_oracle_qr,2942,2,111,8,8,0.6742854385538553,0.03066390280273787
43000,learned_event_oracle_qr,2942,2,111,16,16,0.6669630973946936,0.04776338832906637
43000,learned_event_oracle_qr,3153,2,101,1,1,0.37299760892970923,0.004272425219475368
43000,learned_event_oracle_qr,3153,2,101,4,4,0.326189320518809,0.0035623438624240986
43000,learned_event_oracle_qr,3153,2,101,8,8,0.3044033578508547,0.01122010218149909
43000,learned_event_oracle_qr,3153,2,101,16,16,0.40452055883631244,0.014769157830235158
43000,learned_event_oracle_qr,3170,2,101,1,1,0.4026556362020025,0.33976604189100046
43000,learned_event_oracle_qr,3170,2,101,4,4,0.9549395341517953,0.16203952377987477
43000,learned_event_oracle_qr,3170,2,101,8,8,1.2990552032120237,0.10577203051970523
43000,learned_event_oracle_qr,3170,2,101,16,16,1.0676676562283192,0.07285010007702175
43000,learned_event_oracle_qr,3202,2,101,1,1,0.11979814680855798,0.0036789794910199397
43000,learned_event_oracle_qr,3202,2,101,4,4,0.7500308797876021,0.015561860432836132
43000,learned_event_oracle_qr,3202,2,101,8,8,0.5315664725673839,0.014021194113325051
43000,learned_event_oracle_qr,3202,2,101,16,16,0.6882397187180225,0.01794297546948455
43000,learned_event_oracle_qr,3237,2,101,1,1,4.734200125496609,0.014145541022119651
43000,learned_event_oracle_qr,3237,2,101,4,3,2.060854092645211,0.14246882547520534
43000,learned_event_oracle_qr,3237,2,101,8,3,2.060854092645211,0.14246882547520534
43000,learned_event_oracle_qr,3237,2,101,16,3,2.060854092645211,0.14246882547520534
43000,learned_event_oracle_qr,3242,2,101,1,1,0.4222788511046875,0.05569180365001091
43000,learned_event_oracle_qr,3242,2,101,4,1,0.4222788511046875,0.05569180365001091
43000,learned_event_oracle_qr,3242,2,101,8,1,0.4222788511046875,0.05569180365001091
43000,learned_event_oracle_qr,3242,2,101,16,1,0.4222788511046875,0.05569180365001091
43000,learned_event_oracle_qr,3244,2,101,1,1,0.3779830310811218,0.0891488193433533
43000,learned_event_oracle_qr,3244,2,101,4,4,0.8508715398372728,0.03407747039727719
43000,learned_event_oracle_qr,3244,2,101,8,8,1.0214464486004369,0.027995011002873514
43000,learned_event_oracle_qr,3244,2,101,16,13,0.9606807726087566,0.018551337884859947
43000,learned_event_oracle_qr,3258,2,101,1,1,5.58421569237913,0.09838315205052804
43000,learned_event_oracle_qr,3258,2,101,4,4,2.1300849621963427,0.05701655702397557
43000,learned_event_oracle_qr,3258,2,101,8,8,1.553611517901397,0.035507590766359814
43000,learned_event_oracle_qr,3258,2,101,16,16,1.04915802817145,0.024502316128265544
43000,learned_event_oracle_qr,3280,2,111,1,1,0.4437260288927211,0.00025750890966278595
43000,learned_event_oracle_qr,3280,2,111,4,4,0.8542119522988332,0.06866975953508885
43000,learned_event_oracle_qr,3280,2,111,8,4,0.8542119522988332,0.06866975953508885
43000,learned_event_oracle_qr,3280,2,111,16,4,0.8542119522988332,0.06866975953508885
43000,learned_event_oracle_qr,3285,2,111,1,1,0.4757540671268769,0.014599425944034222
43000,learned_event_oracle_qr,3285,2,111,4,4,0.6461286783405262,0.07078397239227685
43000,learned_event_oracle_qr,3285,2,111,8,5,0.6448200465546255,0.06757185710050988
43000,learned_event_oracle_qr,3285,2,111,16,5,0.6448200465546255,0.06757185710050988
43000,learned_event_oracle_qr,3291,2,111,1,1,0.37521285383938224,0.0991620532004794
43000,learned_event_oracle_qr,3291,2,111,4,4,1.099010027920606,0.057377546754864076
43000,learned_event_oracle_qr,3291,2,111,8,8,0.9746532435199095,0.03064890329161849
43000,learned_event_oracle_qr,3291,2,111,16,16,0.8984269340725063,0.08838090632712253
43000,learned_event_oracle_qr,3313,2,111,1,1,0.6691227779393909,0.19993596557211307
43000,learned_event_oracle_qr,3313,2,111,4,4,0.6260224072859335,0.09120613711080601
43000,learned_event_oracle_qr,3313,2,111,8,8,1.0097231398944884,0.10701994934443955
43000,learned_event_oracle_qr,3313,2,111,16,11,0.9072536273974638,0.09292781091427478
43000,learned_event_oracle_qr,3326,2,111,1,1,1.5880998644714015,0.0005719794576837309
43000,learned_event_oracle_qr,3326,2,111,4,4,1.4665599775842022,0.013737561728217346
43000,learned_event_oracle_qr,3326,2,111,8,8,1.2966662837838079,0.033185073887421826
43000,learned_event_oracle_qr,3326,2,111,16,11,1.0432157212713016,0.024933318130028692
43000,learned_event_oracle_qr,3338,2,111,1,1,0.376367224240677,0.005371133213175687
43000,learned_event_oracle_qr,3338,2,111,4,4,0.4579482993134159,0.06174620051965661
43000,learned_event_oracle_qr,3338,2,111,8,8,0.6215899037710522,0.059861664052118777
43000,learned_event_oracle_qr,3338,2,111,16,16,0.5358701626961838,0.08779935313333066
43000,learned_event_oracle_qr,3361,2,111,1,1,0.3409475175615718,0.5869471815504076
43000,learned_event_oracle_qr,3361,2,111,4,4,1.4665709959231559,0.23903078305631398
43000,learned_event_oracle_qr,3361,2,111,8,8,0.9821260576018027,0.14804291883379597
43000,learned_event_oracle_qr,3361,2,111,16,16,0.7308560978967289,0.09094350260605512
43000,learned_event_oracle_qr,3382,2,111,1,1,0.46700468372047105,0.01587604197055363
43000,learned_event_oracle_qr,3382,2,111,4,4,0.7245461329853224,0.04034329026600353
43000,learned_event_oracle_qr,3382,2,111,8,8,0.547152201083841,0.046325271041686183
43000,learned_event_oracle_qr,3382,2,111,16,16,0.5261872625987193,0.040870660578815256
43000,learned_event_oracle_qr,3420,2,101,1,1,0.3889376097900875,0.1564433714952583
43000,learned_event_oracle_qr,3420,2,101,4,3,1.0459056775692623,0.10165202698748561
43000,learned_event_oracle_qr,3420,2,101,8,3,1.0459056775692623,0.10165202698748561
43000,learned_event_oracle_qr,3420,2,101,16,3,1.0459056775692623,0.10165202698748561
43000,learned_event_oracle_qr,3424,2,101,1,1,1.47977727779533,0.4471084169630343
43000,learned_event_oracle_qr,3424,2,101,4,3,2.006603837210683,0.31160812663632087
43000,learned_event_oracle_qr,3424,2,101,8,3,2.006603837210683,0.31160812663632087
43000,learned_event_oracle_qr,3424,2,101,16,3,2.006603837210683,0.31160812663632087
43000,learned_event_oracle_qr,3428,2,101,1,1,0.3755628925488558,0.11528137026233982
43000,learned_event_oracle_qr,3428,2,101,4,1,0.3755628925488558,0.11528137026233982
43000,learned_event_oracle_qr,3428,2,101,8,1,0.3755628925488558,0.11528137026233982
43000,learned_event_oracle_qr,3428,2,101,16,1,0.3755628925488558,0.11528137026233982
43000,learned_event_oracle_qr,3430,2,101,1,1,1.009391506315791,0.0007532300378425742
43000,learned_event_oracle_qr,3430,2,101,4,4,0.8136190282028252,0.009008817513435335
43000,learned_event_oracle_qr,3430,2,101,8,8,0.5604823701664596,0.013589960970905205
43000,learned_event_oracle_qr,3430,2,101,16,16,0.8036745182308889,0.08842032657095972
43000,learned_event_oracle_qr,3586,3,110,1,1,-0.45712174404050926,0.010380334764732347
43000,learned_event_oracle_qr,3586,3,110,4,4,-0.37630033781630884,0.004613714191353115
43000,learned_event_oracle_qr,3586,3,110,8,8,-0.07530015007705176,0.0029984490857902397
43000,learned_event_oracle_qr,3586,3,110,16,13,-0.02218154272675539,0.0036170258555793307
43000,learned_event_oracle_qr,3600,3,110,1,1,-0.41029372019065025,0.012620323377841807
43000,learned_event_oracle_qr,3600,3,110,4,3,-0.46100481359028417,0.006947710988025084
43000,learned_event_oracle_qr,3600,3,110,8,3,-0.46100481359028417,0.006947710988025084
43000,learned_event_oracle_qr,3600,3,110,16,3,-0.46100481359028417,0.006947710988025084
43000,learned_event_oracle_qr,3604,3,110,1,1,-0.2056685026077637,0.01764295853708942
43000,learned_event_oracle_qr,3604,3,110,4,4,-0.32387262947540424,0.006543381133282474
43000,learned_event_oracle_qr,3604,3,110,8,8,-0.28373143987329896,0.006276477005036466
43000,learned_event_oracle_qr,3604,3,110,16,12,-0.2304562806862556,0.004367352838439052
43000,learned_event_oracle_qr,3617,3,110,1,1,-0.2956619940266356,0.0015539653467776056
43000,learned_event_oracle_qr,3617,3,110,4,4,0.07718527194326275,0.007963068902496187
43000,learned_event_oracle_qr,3617,3,110,8,8,0.07103737586064857,0.008668013773636376
43000,learned_event_oracle_qr,3617,3,110,16,9,0.010638134808022356,0.008037289290658273
43000,learned_event_oracle_qr,3627,3,110,1,1,0.5455509898267054,0.0003260950688929648
43000,learned_event_oracle_qr,3627,3,110,4,2,0.02915720019059745,0.0035795289238881715
43000,learned_event_oracle_qr,3627,3,110,8,2,0.02915720019059745,0.0035795289238881715
43000,learned_event_oracle_qr,3627,3,110,16,2,0.02915720019059745,0.0035795289238881715
43000,learned_event_oracle_qr,3630,3,110,1,1,0.2218297585648702,0.01180858516039586
43000,learned_event_oracle_qr,3630,3,110,4,4,0.18216222584912042,0.004484231663306042
43000,learned_event_oracle_qr,3630,3,110,8,8,-0.12895911805725746,0.005834035777261734
43000,learned_event_oracle_qr,3630,3,110,16,8,-0.12895911805725746,0.005834035777261734
43000,learned_event_oracle_qr,3639,3,110,1,1,-0.20828247844558714,0.0005174598067483106
43000,learned_event_oracle_qr,3639,3,110,4,4,0.09654655950466798,0.0033620592866236876
43000,learned_event_oracle_qr,3639,3,110,8,8,-0.12791170129534762,0.008664805131806761
43000,learned_event_oracle_qr,3639,3,110,16,16,-0.2048955705149823,0.008375580392613607
43000,learned_event_oracle_qr,3672,3,110,1,1,-0.21511460049847358,4.389317652075019e-06
43000,learned_event_oracle_qr,3672,3,110,4,4,0.28974463568088,0.004907785080965312
43000,learned_event_oracle_qr,3672,3,110,8,8,-0.04068916777806603,0.006561315562957027
43000,learned_event_oracle_qr,3672,3,110,16,16,-0.12171647072863781,0.005892487117533251
43000,learned_event_oracle_qr,3695,3,110,1,1,0.39440579884238147,0.01239156460758893
43000,learned_event_oracle_qr,3695,3,110,4,2,-0.04232268003465961,0.04310452633427068
43000,learned_event_oracle_qr,3695,3,110,8,2,-0.04232268003465961,0.04310452633427068
43000,learned_event_oracle_qr,3695,3,110,16,2,-0.04232268003465961,0.04310452633427068
43000,learned_event_oracle_qr,3698,3,110,1,1,-0.2811977202001036,0.004114471055161953
43000,learned_event_oracle_qr,3698,3,110,4,4,-0.20491264931936232,0.004559588073835315
43000,learned_event_oracle_qr,3698,3,110,8,8,-0.05082346182015231,0.009372049126461428
43000,learned_event_oracle_qr,3698,3,110,16,16,0.11571976171967067,0.012580376195628986
43000,learned_event_oracle_qr,3719,3,111,1,1,0.6627802096945389,0.00022910546587435795
43000,learned_event_oracle_qr,3719,3,111,4,4,0.6722350707058102,0.07409909102719389
43000,learned_event_oracle_qr,3719,3,111,8,8,0.9121588759943262,0.10812903037340711
43000,learned_event_oracle_qr,3719,3,111,16,13,0.7497424209221027,0.07614389721838494
43000,learned_event_oracle_qr,3733,3,111,1,1,0.6664620190411383,0.20431645227459555
43000,learned_event_oracle_qr,3733,3,111,4,4,0.9737260712577953,0.158078274562926
43000,learned_event_oracle_qr,3733,3,111,8,8,1.033207605684812,0.13640596585785728
43000,learned_event_oracle_qr,3733,3,111,16,16,1.007458083528157,0.09603371093806885
43000,learned_event_oracle_qr,3778,3,111,1,1,0.28508155274848324,0.8197327259292294
43000,learned_event_oracle_qr,3778,3,111,4,4,0.5541729545269394,0.3590647939827533
43000,learned_event_oracle_qr,3778,3,111,8,5,0.901405839972167,0.2998270615528218
43000,learned_event_oracle_qr,3778,3,111,16,5,0.901405839972167,0.2998270615528218
43000,learned_event_oracle_qr,3784,3,111,1,1,3.2706374038765182,0.5427758709624678
43000,learned_event_oracle_qr,3784,3,111,4,2,3.0004492431986334,0.2728888675583935
43000,learned_event_oracle_qr,3784,3,111,8,2,3.0004492431986334,0.2728888675583935
43000,learned_event_oracle_qr,3784,3,111,16,2,3.0004492431986334,0.2728888675583935
43000,learned_event_oracle_qr,3787,3,111,1,1,5.24473312426368,0.15973870851160812
43000,learned_event_oracle_qr,3787,3,111,4,4,2.09267858215551,0.06729178068691036
43000,learned_event_oracle_qr,3787,3,111,8,8,1.3192175101336108,0.048280768908520545
43000,learned_event_oracle_qr,3787,3,111,16,16,0.9280341062595809,0.036150806486467554
43000,learned_event_oracle_qr,3816,3,111,1,1,1.0023252373302804,0.12317086257699725
43000,learned_event_oracle_qr,3816,3,111,4,4,0.7058033134060869,0.0874158151360177
43000,learned_event_oracle_qr,3816,3,111,8,8,0.5288646741233309,0.05452648747925491
43000,learned_event_oracle_qr,3816,3,111,16,8,0.5288646741233309,0.05452648747925491
43000,learned_event_oracle_qr,3825,3,111,1,1,0.6513544835830818,0.01893231800169877
43000,learned_event_oracle_qr,3825,3,111,4,4,0.42509724589751235,0.010821607285318901
43000,learned_event_oracle_qr,3825,3,111,8,8,1.2020009762480373,0.09231531318773958
43000,learned_event_oracle_qr,3825,3,111,16,10,1.0743780436967216,0.0757390384398247
43000,learned_event_oracle_qr,3836,3,111,1,1,0.5024571947868746,0.038457365290261336
43000,learned_event_oracle_qr,3836,3,111,4,4,0.692682889610685,0.08896113745600497
43000,learned_event_oracle_qr,3836,3,111,8,8,0.49472030620894947,0.07465755278950674
43000,learned_event_oracle_qr,3836,3,111,16,16,0.7233025481907497,0.08447917089220143
43000,learned_event_oracle_qr,3898,3,011,1,1,0.9609435600512047,0.1772296960668548
43000,learned_event_oracle_qr,3898,3,011,4,4,0.6987269989047478,0.08548966602814011
43000,learned_event_oracle_qr,3898,3,011,8,8,0.7687701777910769,0.06132700966145925
43000,learned_event_oracle_qr,3898,3,011,16,16,0.6900197348978709,0.05132269310659897
43000,learned_event_oracle_qr,4009,3,111,1,1,0.4376939588720344,0.012382757668531662
43000,learned_event_oracle_qr,4009,3,111,4,4,0.5649794437750522,0.04352879444349779
43000,learned_event_oracle_qr,4009,3,111,8,8,0.6835071275855176,0.04555877909146578
43000,learned_event_oracle_qr,4009,3,111,16,16,0.6524529913509014,0.05825996268178185
43000,learned_event_oracle_qr,4029,3,111,1,1,0.4502109138727835,0.008869699323036936
43000,learned_event_oracle_qr,4029,3,111,4,4,0.8004790367673128,0.0186182894500808
43000,learned_event_oracle_qr,4029,3,111,8,8,0.8709018513789631,0.018697264864528315
43000,learned_event_oracle_qr,4029,3,111,16,15,0.9242827173147501,0.017821686030492202
43000,learned_event_oracle_qr,4045,3,111,1,1,0.2934519098426567,0.00055685144304361
43000,learned_event_oracle_qr,4045,3,111,4,4,0.7596803972700241,0.04258742530471796
43000,learned_event_oracle_qr,4045,3,111,8,4,0.7596803972700241,0.04258742530471796
43000,learned_event_oracle_qr,4045,3,111,16,4,0.7596803972700241,0.04258742530471796
43000,learned_event_oracle_qr,4050,3,111,1,1,1.5125259882251285,0.08309192847570088
43000,learned_event_oracle_qr,4050,3,111,4,4,1.23645415560377,0.05239709011525736
43000,learned_event_oracle_qr,4050,3,111,8,7,1.2249408931097963,0.08239664718788767
43000,learned_event_oracle_qr,4050,3,111,16,7,1.2249408931097963,0.08239664718788767
43000,learned_event_oracle_qr,4058,3,111,1,1,0.5968946931924513,0.016669865265200104
43000,learned_event_oracle_qr,4058,3,111,4,4,0.5044829201700818,0.03663122537344502
43000,learned_event_oracle_qr,4058,3,111,8,8,1.9585272673289866,0.446567040180122
43000,learned_event_oracle_qr,4058,3,111,16,16,1.2541217429486218,0.22910500828605612
43000,learned_event_oracle_qr,4086,3,111,1,1,1.5120540342451052,0.025455943164065156
43000,learned_event_oracle_qr,4086,3,111,4,1,1.5120540342451052,0.025455943164065156
43000,learned_event_oracle_qr,4086,3,111,8,1,1.5120540342451052,0.025455943164065156
43000,learned_event_oracle_qr,4086,3,111,16,1,1.5120540342451052,0.025455943164065156
43000,learned_event_oracle_qr,4088,3,111,1,1,0.8386814436416524,0.05614573986990186
43000,learned_event_oracle_qr,4088,3,111,4,3,1.1048395088877638,0.05816653007131478
43000,learned_event_oracle_qr,4088,3,111,8,3,1.1048395088877638,0.05816653007131478
43000,learned_event_oracle_qr,4088,3,111,16,3,1.1048395088877638,0.05816653007131478
43000,learned_event_oracle_qr,4092,3,111,1,1,1.5828075792310212,0.0010999548733232937
43000,learned_event_oracle_qr,4092,3,111,4,4,1.5830269385459244,0.10677608117559519
43000,learned_event_oracle_qr,4092,3,111,8,4,1.5830269385459244,0.10677608117559519
43000,learned_event_oracle_qr,4092,3,111,16,4,1.5830269385459244,0.10677608117559519
43000,learned_event_oracle_qr,4097,3,111,1,1,0.9686026864727988,0.2853070344463408
43000,learned_event_oracle_qr,4097,3,111,4,4,1.1226684223872707,0.15013357649060804
43000,learned_event_oracle_qr,4097,3,111,8,8,0.860876878905578,0.10760947169560846
43000,learned_event_oracle_qr,4097,3,111,16,16,0.7505948807770039,0.09061930261364672
43000,learned_event_oracle_qr,4116,3,111,1,1,0.7951877313626836,0.018795948532301238
43000,learned_event_oracle_qr,4116,3,111,4,3,0.47670165223301825,0.006664941737603329
43000,learned_event_oracle_qr,4116,3,111,8,3,0.47670165223301825,0.006664941737603329
43000,learned_event_oracle_qr,4116,3,111,16,3,0.47670165223301825,0.006664941737603329
43000,learned_event_oracle_qr,4120,3,111,1,1,1.6661930530085372,0.02111339754999495
43000,learned_event_oracle_qr,4120,3,111,4,3,0.8620332593459897,0.009953446791566649
43000,learned_event_oracle_qr,4120,3,111,8,3,0.8620332593459897,0.009953446791566649
43000,learned_event_oracle_qr,4120,3,111,16,3,0.8620332593459897,0.009953446791566649
43000,learned_event_oracle_qr,4124,3,111,1,1,1.6603035915910354,0.005398688043997017
43000,learned_event_oracle_qr,4124,3,111,4,4,1.200397074700045,0.013731566009652297
43000,learned_event_oracle_qr,4124,3,111,8,8,0.8277089311000038,0.08575308424402747
43000,learned_event_oracle_qr,4124,3,111,16,16,0.7418230450337593,0.0519664024803343
43000,learned_event_oracle_qr,4148,3,111,1,1,0.817915157674786,0.5902739752435597
43000,learned_event_oracle_qr,4148,3,111,4,4,0.7768384736292067,0.24871920448585344
43000,learned_event_oracle_qr,4148,3,111,8,8,0.7625210205057377,0.13851271875443594
43000,learned_event_oracle_qr,4148,3,111,16,15,0.6564587486890104,0.08797748838323474
43000,learned_event_oracle_qr,4166,3,101,1,1,0.8740189406834638,0.23065959798202854
43000,learned_event_oracle_qr,4166,3,101,4,4,0.72815034477271,0.1363739884827974
43000,learned_event_oracle_qr,4166,3,101,8,8,0.6994890947773806,0.06985353135312151
43000,learned_event_oracle_qr,4166,3,101,16,16,0.8158299831962584,0.04201602095905986
43000,learned_event_oracle_qr,4216,3,101,1,1,0.3838723737473762,0.10935079582661109
43000,learned_event_oracle_qr,4216,3,101,4,4,0.6274966671467224,0.06102777134580577
43000,learned_event_oracle_qr,4216,3,101,8,8,0.607690278205198,0.03602273552543568
43000,learned_event_oracle_qr,4216,3,101,16,10,0.42948212799322516,0.029375940764384482
43000,learned_event_oracle_qr,4227,3,110,1,1,-0.4433186752392191,0.012543906042141652
43000,learned_event_oracle_qr,4227,3,110,4,4,-4.563780425514974e-07,0.009417547140549667
43000,learned_event_oracle_qr,4227,3,110,8,8,0.1001788341322949,0.009190705082477222
43000,learned_event_oracle_qr,4227,3,110,16,13,0.23931572396465345,0.007332978144583008
43000,learned_event_oracle_qr,4241,3,110,1,1,-0.17273427056501478,0.005180205206248715
43000,learned_event_oracle_qr,4241,3,110,4,4,-0.17622973096498623,0.002148157513418989
43000,learned_event_oracle_qr,4241,3,110,8,8,0.34462761279628185,0.00812317917251468
43000,learned_event_oracle_qr,4241,3,110,16,15,0.1538372853055936,0.007154652405688414
43000,learned_event_oracle_qr,4257,3,110,1,1,-0.03210908542129188,0.025037692862907832
43000,learned_event_oracle_qr,4257,3,110,4,4,-0.2238124152514841,0.008050312743567482
43000,learned_event_oracle_qr,4257,3,110,8,5,-0.2630246045737627,0.0070965821218353905
43000,learned_event_oracle_qr,4257,3,110,16,5,-0.2630246045737627,0.0070965821218353905
43000,learned_event_oracle_qr,4263,3,110,1,1,-0.06432600802071341,0.000464831152349539
43000,learned_event_oracle_qr,4263,3,110,4,2,-0.2447815863487339,0.00023683391557204598
43000,learned_event_oracle_qr,4263,3,110,8,2,-0.2447815863487339,0.00023683391557204598
43000,learned_event_oracle_qr,4263,3,110,16,2,-0.2447815863487339,0.00023683391557204598
43000,learned_event_oracle_qr,4266,3,110,1,1,-0.3322915718565515,0.009268717879968353
43000,learned_event_oracle_qr,4266,3,110,4,2,-0.2887332902633649,0.008628991272947618
43000,learned_event_oracle_qr,4266,3,110,8,2,-0.2887332902633649,0.008628991272947618
43000,learned_event_oracle_qr,4266,3,110,16,2,-0.2887332902633649,0.008628991272947618
43000,learned_event_oracle_qr,4269,3,110,1,1,0.014097785634125549,0.006528466264271108
43000,learned_event_oracle_qr,4269,3,110,4,4,0.19826306275520236,0.005859870882845399
43000,learned_event_oracle_qr,4269,3,110,8,8,0.3753363692009038,0.006141183146853925
43000,learned_event_oracle_qr,4269,3,110,16,9,0.3175586518291237,0.005469910719625378
43000,learned_event_oracle_qr,4281,3,110,1,1,-0.38249776824926507,0.00014811486762691478
43000,learned_event_oracle_qr,4281,3,110,4,2,-0.3551645209485864,0.00033761007999150725
43000,learned_event_oracle_qr,4281,3,110,8,2,-0.3551645209485864,0.00033761007999150725
43000,learned_event_oracle_qr,4281,3,110,16,2,-0.3551645209485864,0.00033761007999150725
43000,learned_event_oracle_qr,4284,3,110,1,1,-0.2010183598539842,6.896071467889423e-05
43000,learned_event_oracle_qr,4284,3,110,4,4,-0.09520496116886881,0.01212361368793621
43000,learned_event_oracle_qr,4284,3,110,8,8,0.27209078135247594,0.010908335632543996
43000,learned_event_oracle_qr,4284,3,110,16,16,0.00398132029585907,0.00627695639344886
43000,learned_event_oracle_qr,4352,3,101,1,1,0.7638405493270455,0.006188479950499495
43000,learned_event_oracle_qr,4352,3,101,4,4,0.36356711847827233,0.0047844717330302825
43000,learned_event_oracle_qr,4352,3,101,8,8,0.3149449103325699,0.019507347939997487
43000,learned_event_oracle_qr,4352,3,101,16,16,0.41688138081642434,0.02905248539950086
43000,learned_event_oracle_qr,4400,3,101,1,1,0.4254786391286452,0.024755974938462103
43000,learned_event_oracle_qr,4400,3,101,4,4,0.5285186519747989,0.01879658094222203
43000,learned_event_oracle_qr,4400,3,101,8,8,0.6518264869416336,0.057333903689507734
43000,learned_event_oracle_qr,4400,3,101,16,16,0.5152720770055962,0.06720493952487672
43000,learned_event_oracle_qr,4419,3,101,1,1,0.41218222165910895,0.006275870692038189
43000,learned_event_oracle_qr,4419,3,101,4,4,0.31660362049724733,0.01599047188139316
43000,learned_event_oracle_qr,4419,3,101,8,8,0.5084773075166651,0.012613110539441471
43000,learned_event_oracle_qr,4419,3,101,16,16,0.4650894282091046,0.017860422755377282
43000,learned_event_oracle_qr,4443,3,101,1,1,2.0920872638297823,0.008266195741978594
43000,learned_event_oracle_qr,4443,3,101,4,4,1.3329734591220495,0.017299074009434597
43000,learned_event_oracle_qr,4443,3,101,8,8,1.3553566651922315,0.05469550517142588
43000,learned_event_oracle_qr,4443,3,101,16,11,1.188878696183538,0.043459156392653076
43000,learned_event_oracle_qr,4455,3,101,1,1,2.2913719923044598,0.09541614369444522
43000,learned_event_oracle_qr,4455,3,101,4,3,1.3678226064023253,0.05633363134937832
43000,learned_event_oracle_qr,4455,3,101,8,3,1.3678226064023253,0.05633363134937832
43000,learned_event_oracle_qr,4455,3,101,16,3,1.3678226064023253,0.05633363134937832
43000,learned_event_oracle_qr,4459,3,101,1,1,0.5098801382677923,0.008063347862841906
43000,learned_event_oracle_qr,4459,3,101,4,4,0.45480842052170933,0.029282678411751504
43000,learned_event_oracle_qr,4459,3,101,8,8,0.5449201440485172,0.014927494531212409
43000,learned_event_oracle_qr,4459,3,101,16,10,0.5167690066236139,0.012535899943941933
43000,learned_event_oracle_qr,4470,3,101,1,1,1.2704552293037343,0.5799206708625233
43000,learned_event_oracle_qr,4470,3,101,4,4,1.2020186768747463,0.2131699856649254
43000,learned_event_oracle_qr,4470,3,101,8,8,0.8144988090963857,0.1069989075376655
43000,learned_event_oracle_qr,4470,3,101,16,10,0.7013105037313856,0.08584836792661654
43000,learned_event_oracle_qr,4481,3,101,1,1,1.2786750486006848,0.14967816037596554
43000,learned_event_oracle_qr,4481,3,101,4,4,1.17263872698137,0.06757129615308033
43000,learned_event_oracle_qr,4481,3,101,8,8,1.0855036301271412,0.052376614895613044
43000,learned_event_oracle_qr,4481,3,101,16,14,0.8699659088808224,0.036527597606708595
43000,learned_event_oracle_qr,4496,3,101,1,1,0.768086197429814,0.0999855904263328
43000,learned_event_oracle_qr,4496,3,101,4,4,0.6140031000825774,0.05835976065223401
43000,learned_event_oracle_qr,4496,3,101,8,8,0.6664361318197886,0.05335678582281918
43000,learned_event_oracle_qr,4496,3,101,16,13,0.49611690780879064,0.04788013333568281
43000,learned_event_oracle_qr,4511,3,101,1,1,4.53282839354053,0.06989537184673875
43000,learned_event_oracle_qr,4511,3,101,4,4,2.0013760119908266,0.12620473223442927
43000,learned_event_oracle_qr,4511,3,101,8,8,1.553675539182994,0.07937743754204578
43000,learned_event_oracle_qr,4511,3,101,16,16,1.174998875782001,0.06593958928342938
43000,learned_event_oracle_qr,4535,3,101,1,1,0.6311558961797002,0.12033895411464592
43000,learned_event_oracle_qr,4535,3,101,4,4,0.6657451806107332,0.05601805286204161
43000,learned_event_oracle_qr,4535,3,101,8,8,0.7247179344724046,0.0365961593271077
43000,learned_event_oracle_qr,4535,3,101,16,9,0.6330085916309831,0.03274859181053411
43000,learned_event_oracle_qr,4545,3,110,1,1,-0.23237047890087373,1.2047911920321214e-07
43000,learned_event_oracle_qr,4545,3,110,4,4,0.2776732350058381,0.012587233750133538
43000,learned_event_oracle_qr,4545,3,110,8,8,0.19756503565639272,0.01670073930400496
43000,learned_event_oracle_qr,4545,3,110,16,16,-0.06448634097943379,0.012502373420436232
43000,learned_event_oracle_qr,4588,3,110,1,1,0.4834883216101626,0.0002857252068893579
43000,learned_event_oracle_qr,4588,3,110,4,3,0.5380071898669511,0.01045706370050597
43000,learned_event_oracle_qr,4588,3,110,8,3,0.5380071898669511,0.01045706370050597
43000,learned_event_oracle_qr,4588,3,110,16,3,0.5380071898669511,0.01045706370050597
43000,learned_event_oracle_qr,4592,3,110,1,1,-0.43997456538297913,0.07491397147498029
43000,learned_event_oracle_qr,4592,3,110,4,2,0.8793805507428522,0.04555662775761811
43000,learned_event_oracle_qr,4592,3,110,8,2,0.8793805507428522,0.04555662775761811
43000,learned_event_oracle_qr,4592,3,110,16,2,0.8793805507428522,0.04555662775761811
43000,learned_event_oracle_qr,4595,3,110,1,1,0.06822048093047965,0.002207960328287351
43000,learned_event_oracle_qr,4595,3,110,4,4,-0.30141327345745417,0.004582153819804104
43000,learned_event_oracle_qr,4595,3,110,8,5,-0.033258668948846236,0.00604931615985218
43000,learned_event_oracle_qr,4595,3,110,16,5,-0.033258668948846236,0.00604931615985218
43000,learned_event_oracle_qr,4601,3,110,1,1,-0.19877112005752642,0.01012334919625552
43000,learned_event_oracle_qr,4601,3,110,4,2,-0.28112276232736333,0.012159697761297546
43000,learned_event_oracle_qr,4601,3,110,8,2,-0.28112276232736333,0.012159697761297546
43000,learned_event_oracle_qr,4601,3,110,16,2,-0.28112276232736333,0.012159697761297546
43000,learned_event_oracle_qr,4604,3,110,1,1,0.08532121924811856,0.009731057705525731
43000,learned_event_oracle_qr,4604,3,110,4,3,0.4757312997998964,0.008153403609552351
43000,learned_event_oracle_qr,4604,3,110,8,3,0.4757312997998964,0.008153403609552351
43000,learned_event_oracle_qr,4604,3,110,16,3,0.4757312997998964,0.008153403609552351
43000,oracle_event_oracle_qr,9,0,011,1,1,0.6671213303468938,0.0009057579389645929
43000,oracle_event_oracle_qr,9,0,011,4,4,0.4719483829290481,0.014869091753680595
43000,oracle_event_oracle_qr,9,0,011,8,8,0.7570917354963242,0.04792068061374596
43000,oracle_event_oracle_qr,9,0,011,16,16,0.7972282558365096,0.04055206376496813
43000,oracle_event_oracle_qr,115,0,101,1,1,4.048672307894546,0.13390750338045285
43000,oracle_event_oracle_qr,115,0,101,4,4,1.1630061583806859,0.17430916005755837
43000,oracle_event_oracle_qr,115,0,101,8,7,1.1330705308057274,0.1297749375514227
43000,oracle_event_oracle_qr,115,0,101,16,7,1.1330705308057274,0.1297749375514227
43000,oracle_event_oracle_qr,123,0,101,1,1,2.6001450620782878,0.09548072689066633
43000,oracle_event_oracle_qr,123,0,101,4,4,1.03975980942012,0.03454544987008173
43000,oracle_event_oracle_qr,123,0,101,8,5,0.8596063985222855,0.02991118714862586
43000,oracle_event_oracle_qr,123,0,101,16,5,0.8596063985222855,0.02991118714862586
43000,oracle_event_oracle_qr,129,0,101,1,1,1.5778337018255688,0.0038061609533098515
43000,oracle_event_oracle_qr,129,0,101,4,4,1.1607239902617814,0.04315375679368575
43000,oracle_event_oracle_qr,129,0,101,8,8,0.9325996930995988,0.022243131975811504
43000,oracle_event_oracle_qr,129,0,101,16,15,0.8320139957568945,0.014436210971462216
43000,oracle_event_oracle_qr,146,0,101,1,1,0.3847685577830843,0.14011685470321283
43000,oracle_event_oracle_qr,146,0,101,4,4,0.7186897481768338,0.04790956559034218
43000,oracle_event_oracle_qr,146,0,101,8,8,0.5028641564519011,0.031329024968977034
43000,oracle_event_oracle_qr,146,0,101,16,16,0.5176591667794417,0.03256264897039708
43000,oracle_event_oracle_qr,166,0,101,1,1,1.465816906609461,0.12777053439796118
43000,oracle_event_oracle_qr,166,0,101,4,4,1.2124216830469017,0.039186620222435124
43000,oracle_event_oracle_qr,166,0,101,8,4,1.2124216830469017,0.039186620222435124
43000,oracle_event_oracle_qr,166,0,101,16,4,1.2124216830469017,0.039186620222435124
43000,oracle_event_oracle_qr,171,0,101,1,1,2.088084992421343,0.0025508355503092695
43000,oracle_event_oracle_qr,171,0,101,4,4,0.7788768492681988,0.002962607777823684
43000,oracle_event_oracle_qr,171,0,101,8,8,0.5984334098796666,0.005736981812732376
43000,oracle_event_oracle_qr,171,0,101,16,10,0.572692243639128,0.005859153946932048
43000,oracle_event_oracle_qr,182,0,101,1,1,1.281751539122326,0.12717596788646018
43000,oracle_event_oracle_qr,182,0,101,4,4,0.7794022023971835,0.03989640182068893
43000,oracle_event_oracle_qr,182,0,101,8,8,0.8117679382218841,0.02778909042295184
43000,oracle_event_oracle_qr,182,0,101,16,11,0.7129529190667717,0.021210936285258847
43000,oracle_event_oracle_qr,195,0,101,1,1,0.3837475967250045,0.012440773474301113
43000,oracle_event_oracle_qr,195,0,101,4,4,0.43509979414162175,0.03274588278237722
43000,oracle_event_oracle_qr,195,0,101,8,8,0.4797835997152261,0.017738683838010607
43000,oracle_event_oracle_qr,195,0,101,16,11,0.49163133335426484,0.013576328598961167
43000,oracle_event_oracle_qr,207,0,101,1,1,1.632847224833565,0.06751316897400736
43000,oracle_event_oracle_qr,207,0,101,4,4,0.7907714368617398,0.02347865307968483
43000,oracle_event_oracle_qr,207,0,101,8,5,0.6625986579398945,0.018898291937246327
43000,oracle_event_oracle_qr,207,0,101,16,5,0.6625986579398945,0.018898291937246327
43000,oracle_event_oracle_qr,213,0,101,1,1,1.2411765566780322,0.19980064191664176
43000,oracle_event_oracle_qr,213,0,101,4,4,0.8187044056790314,0.15246424056252456
43000,oracle_event_oracle_qr,213,0,101,8,7,0.7199143491121506,0.1077323532035667
43000,oracle_event_oracle_qr,213,0,101,16,7,0.7199143491121506,0.1077323532035667
43000,oracle_event_oracle_qr,221,0,101,1,1,0.5876276796163912,0.008967305588622285
43000,oracle_event_oracle_qr,221,0,101,4,4,0.07574588848330632,0.010906252616933407
43000,oracle_event_oracle_qr,221,0,101,8,8,-0.07137620043452977,0.011106184015593816
43000,oracle_event_oracle_qr,221,0,101,16,16,0.09236500339563078,0.008888473108024096
43000,oracle_event_oracle_qr,244,0,110,1,1,-0.4537262204389844,0.016684739990008385
43000,oracle_event_oracle_qr,244,0,110,4,1,-0.4537262204389844,0.016684739990008385
43000,oracle_event_oracle_qr,244,0,110,8,1,-0.4537262204389844,0.016684739990008385
43000,oracle_event_oracle_qr,244,0,110,16,1,-0.4537262204389844,0.016684739990008385
43000,oracle_event_oracle_qr,246,0,110,1,1,-0.47095340296395743,0.0011443313904278263
43000,oracle_event_oracle_qr,246,0,110,4,4,-0.2489172366038686,0.0017811314251294425
43000,oracle_event_oracle_qr,246,0,110,8,8,-0.024579271585951648,0.002353637877017179
43000,oracle_event_oracle_qr,246,0,110,16,16,-0.1245239586496594,0.003698800934908925
43000,oracle_event_oracle_qr,273,0,110,1,1,-0.2807936678263127,0.005393703773157944
43000,oracle_event_oracle_qr,273,0,110,4,4,-0.37491265082520864,0.003295479513768412
43000,oracle_event_oracle_qr,273,0,110,8,6,-0.19042627366181475,0.005277102799533282
43000,oracle_event_oracle_qr,273,0,110,16,6,-0.19042627366181475,0.005277102799533282
43000,oracle_event_oracle_qr,280,0,110,1,1,0.7942533858218884,0.032818519231666274
43000,oracle_event_oracle_qr,280,0,110,4,4,-0.06771714703597331,0.009768364343771556
43000,oracle_event_oracle_qr,280,0,110,8,6,-0.13656820610403156,0.007863157240447944
43000,oracle_event_oracle_qr,280,0,110,16,6,-0.13656820610403156,0.007863157240447944
43000,oracle_event_oracle_qr,287,0,110,1,1,0.8535349712047657,0.002854238545820649
43000,oracle_event_oracle_qr,287,0,110,4,4,0.8534435229615644,0.011866538020756007
43000,oracle_event_oracle_qr,287,0,110,8,4,0.8534435229615644,0.011866538020756007
43000,oracle_event_oracle_qr,287,0,110,16,4,0.8534435229615644,0.011866538020756007
43000,oracle_event_oracle_qr,292,0,101,1,1,0.7222030517978858,0.00031942012014540806
43000,oracle_event_oracle_qr,292,0,101,4,4,0.3706945126441401,0.016336041828331687
43000,oracle_event_oracle_qr,292,0,101,8,8,0.26672127114567246,0.014468015382547692
43000,oracle_event_oracle_qr,292,0,101,16,16,0.4578973522513132,0.010608574193858317
43000,oracle_event_oracle_qr,328,0,101,1,1,0.3657162634728394,0.1497480726904701
43000,oracle_event_oracle_qr,328,0,101,4,4,1.050851003747769,0.07096741176713722
43000,oracle_event_oracle_qr,328,0,101,8,8,0.7802309637859749,0.09648986248363306
43000,oracle_event_oracle_qr,328,0,101,16,8,0.7802309637859749,0.09648986248363306
43000,oracle_event_oracle_qr,338,0,101,1,1,0.7026690259387077,0.03914601657016456
43000,oracle_event_oracle_qr,338,0,101,4,4,0.4125182522094483,0.017829449478948375
43000,oracle_event_oracle_qr,338,0,101,8,8,0.311435961471626,0.012039460154746183
43000,oracle_event_oracle_qr,338,0,101,16,16,0.5514415537084751,0.01294391571975858
43000,oracle_event_oracle_qr,377,0,101,1,1,1.1211696219060607,0.2533371710339995
43000,oracle_event_oracle_qr,377,0,101,4,4,1.0033328031731361,0.10234148208057967
43000,oracle_event_oracle_qr,377,0,101,8,8,0.9072968470401137,0.06033845006706009
43000,oracle_event_oracle_qr,377,0,101,16,16,0.6785821063002422,0.035686045251512415
43000,oracle_event_oracle_qr,422,0,101,1,1,0.5712470079174092,0.008069167513529658
43000,oracle_event_oracle_qr,422,0,101,4,2,0.8493779242765849,0.07708311473998286
43000,oracle_event_oracle_qr,422,0,101,8,2,0.8493779242765849,0.07708311473998286
43000,oracle_event_oracle_qr,422,0,101,16,2,0.8493779242765849,0.07708311473998286
43000,oracle_event_oracle_qr,425,0,101,1,1,0.3701981429727143,0.059518779884328986
43000,oracle_event_oracle_qr,425,0,101,4,4,1.034589469913315,0.02708420204775769
43000,oracle_event_oracle_qr,425,0,101,8,4,1.034589469913315,0.02708420204775769
43000,oracle_event_oracle_qr,425,0,101,16,4,1.034589469913315,0.02708420204775769
43000,oracle_event_oracle_qr,430,0,101,1,1,0.6624901858022271,0.016333304255125265
43000,oracle_event_oracle_qr,430,0,101,4,4,1.2446835007826627,0.02142780220356058
43000,oracle_event_oracle_qr,430,0,101,8,8,1.302769884737746,0.020927393442625605
43000,oracle_event_oracle_qr,430,0,101,16,16,0.9096151338651911,0.016962342752331164
43000,oracle_event_oracle_qr,465,0,111,1,1,0.7144921161330512,0.08625948305250311
43000,oracle_event_oracle_qr,465,0,111,4,4,0.5145364294434194,0.12563333373427843
43000,oracle_event_oracle_qr,465,0,111,8,8,0.6281290747266343,0.14859334668343396
43000,oracle_event_oracle_qr,465,0,111,16,13,0.6153325589549163,0.10950310473190192
43000,oracle_event_oracle_qr,480,0,111,1,1,1.2405838059118235,0.00025628808597084706
43000,oracle_event_oracle_qr,480,0,111,4,4,1.346835528330863,0.04590305160186202
43000,oracle_event_oracle_qr,480,0,111,8,8,1.2617187023404033,0.045803156019795066
43000,oracle_event_oracle_qr,480,0,111,16,8,1.2617187023404033,0.045803156019795066
43000,oracle_event_oracle_qr,489,0,111,1,1,2.7675283775158843,0.022477734753749833
43000,oracle_event_oracle_qr,489,0,111,4,4,1.2422576989685903,0.01587499861915962
43000,oracle_event_oracle_qr,489,0,111,8,4,1.2422576989685903,0.01587499861915962
43000,oracle_event_oracle_qr,489,0,111,16,4,1.2422576989685903,0.01587499861915962
43000,oracle_event_oracle_qr,494,0,111,1,1,0.5015718985619936,0.05209095767054589
43000,oracle_event_oracle_qr,494,0,111,4,4,0.42649135210352285,0.02019657732703421
43000,oracle_event_oracle_qr,494,0,111,8,8,0.7581485115984306,0.0534928250047067
43000,oracle_event_oracle_qr,494,0,111,16,13,0.730933617804679,0.03610753211183837
43000,oracle_event_oracle_qr,508,0,111,1,1,0.42469874685922343,0.12038218365642633
43000,oracle_event_oracle_qr,508,0,111,4,4,0.5064550876209343,0.13313415940431883
43000,oracle_event_oracle_qr,508,0,111,8,8,1.080768836407157,0.12651066868393746
43000,oracle_event_oracle_qr,508,0,111,16,8,1.080768836407157,0.12651066868393746
43000,oracle_event_oracle_qr,517,0,111,1,1,0.4301161087179122,0.01075288839411021
43000,oracle_event_oracle_qr,517,0,111,4,1,0.4301161087179122,0.01075288839411021
43000,oracle_event_oracle_qr,517,0,111,8,1,0.4301161087179122,0.01075288839411021
43000,oracle_event_oracle_qr,517,0,111,16,1,0.4301161087179122,0.01075288839411021
43000,oracle_event_oracle_qr,519,0,111,1,1,1.3744091000270744,0.1980453878407473
43000,oracle_event_oracle_qr,519,0,111,4,4,0.6794884712237276,0.07446367709688612
43000,oracle_event_oracle_qr,519,0,111,8,4,0.6794884712237276,0.07446367709688612
43000,oracle_event_oracle_qr,519,0,111,16,4,0.6794884712237276,0.07446367709688612
43000,oracle_event_oracle_qr,524,0,111,1,1,0.6183099400288581,0.12599399174258238
43000,oracle_event_oracle_qr,524,0,111,4,2,0.6973593376488991,0.07187630383333704
43000,oracle_event_oracle_qr,524,0,111,8,2,0.6973593376488991,0.07187630383333704
43000,oracle_event_oracle_qr,524,0,111,16,2,0.6973593376488991,0.07187630383333704
43000,oracle_event_oracle_qr,527,0,111,1,1,1.6047350480410767,0.128579685281664
43000,oracle_event_oracle_qr,527,0,111,4,4,0.9615350324809376,0.06191534972663767
43000,oracle_event_oracle_qr,527,0,111,8,8,0.9832684469385349,0.08695684130733788
43000,oracle_event_oracle_qr,527,0,111,16,16,0.9144279741623419,0.06510164479112031
43000,oracle_event_oracle_qr,548,0,111,1,1,1.1113669628250318,0.06574988509619226
43000,oracle_event_oracle_qr,548,0,111,4,2,0.7211848660872882,0.03306147482064633
43000,oracle_event_oracle_qr,548,0,111,8,2,0.7211848660872882,0.03306147482064633
43000,oracle_event_oracle_qr,548,0,111,16,2,0.7211848660872882,0.03306147482064633
43000,oracle_event_oracle_qr,551,0,111,1,1,1.1216034013948286,0.0908600434700384
43000,oracle_event_oracle_qr,551,0,111,4,4,0.9217604639338273,0.07798955770617687
43000,oracle_event_oracle_qr,551,0,111,8,8,0.8856627978470404,0.07172539862780178
43000,oracle_event_oracle_qr,551,0,111,16,16,0.9193658666288684,0.08521106700275943
43000,oracle_event_oracle_qr,588,0,111,1,1,0.5137384733517405,0.1068368224519401
43000,oracle_event_oracle_qr,588,0,111,4,4,0.35860897228544314,0.11852497475690293
43000,oracle_event_oracle_qr,588,0,111,8,8,0.9787173840007042,0.23645899129810233
43000,oracle_event_oracle_qr,588,0,111,16,16,0.9215235659485003,0.14155330042860367
43000,oracle_event_oracle_qr,614,0,110,1,1,-0.13053344000471345,0.0009591078131578384
43000,oracle_event_oracle_qr,614,0,110,4,4,-0.1015057506521076,0.0008024610185832892
43000,oracle_event_oracle_qr,614,0,110,8,8,-0.1395439373949603,0.004511059395427283
43000,oracle_event_oracle_qr,614,0,110,16,16,0.027589298066758874,0.003479132551834189
43000,oracle_event_oracle_qr,640,0,110,1,1,-0.16984161761038735,0.012309459764345537
43000,oracle_event_oracle_qr,640,0,110,4,4,0.006444398686574426,0.014978807351804489
43000,oracle_event_oracle_qr,640,0,110,8,8,-0.022716536994951145,0.013283201890929094
43000,oracle_event_oracle_qr,640,0,110,16,12,0.03721450519447587,0.013013176601739512
43000,oracle_event_oracle_qr,653,0,110,1,1,-0.04511580827104797,0.005118049742304607
43000,oracle_event_oracle_qr,653,0,110,4,3,-0.17450036405607805,0.0038832247763218
43000,oracle_event_oracle_qr,653,0,110,8,3,-0.17450036405607805,0.0038832247763218
43000,oracle_event_oracle_qr,653,0,110,16,3,-0.17450036405607805,0.0038832247763218
43000,oracle_event_oracle_qr,657,0,110,1,1,0.014127756575008091,0.008955085312058525
43000,oracle_event_oracle_qr,657,0,110,4,1,0.014127756575008091,0.008955085312058525
43000,oracle_event_oracle_qr,657,0,110,8,1,0.014127756575008091,0.008955085312058525
43000,oracle_event_oracle_qr,657,0,110,16,1,0.014127756575008091,0.008955085312058525
43000,oracle_event_oracle_qr,659,0,110,1,1,-0.39331617164818095,0.004844911551505602
43000,oracle_event_oracle_qr,659,0,110,4,4,-0.30076146041512175,0.0032717066765787475
43000,oracle_event_oracle_qr,659,0,110,8,8,-0.31173075772380243,0.004122565072331907
43000,oracle_event_oracle_qr,659,0,110,16,13,-0.30439415003748665,0.005481148749732149
43000,oracle_event_oracle_qr,673,0,110,1,1,1.2355473970549649,0.012768666079007248
43000,oracle_event_oracle_qr,673,0,110,4,4,0.6839232100246984,0.009957404302389526
43000,oracle_event_oracle_qr,673,0,110,8,8,0.4086075633803562,0.0074289708097976795
43000,oracle_event_oracle_qr,673,0,110,16,16,0.2487811132197081,0.0087466519222072
43000,oracle_event_oracle_qr,698,0,110,1,1,0.23799029075264178,0.00926676090686611
43000,oracle_event_oracle_qr,698,0,110,4,4,0.19682442196943675,0.0032439370926003073
43000,oracle_event_oracle_qr,698,0,110,8,8,0.4646463251272842,0.017252312691127578
43000,oracle_event_oracle_qr,698,0,110,16,16,0.672504155666545,0.02230151795892132
43000,oracle_event_oracle_qr,807,0,110,1,1,-0.13066593038856,0.001235068724785129
43000,oracle_event_oracle_qr,807,0,110,4,3,-0.08718851801311,0.003459345524852628
43000,oracle_event_oracle_qr,807,0,110,8,3,-0.08718851801311,0.003459345524852628
43000,oracle_event_oracle_qr,807,0,110,16,3,-0.08718851801311,0.003459345524852628
43000,oracle_event_oracle_qr,811,0,110,1,1,0.25055898687903494,0.017725489994241738
43000,oracle_event_oracle_qr,811,0,110,4,2,0.01925241877220861,0.009340857614596392
43000,oracle_event_oracle_qr,811,0,110,8,2,0.01925241877220861,0.009340857614596392
43000,oracle_event_oracle_qr,811,0,110,16,2,0.01925241877220861,0.009340857614596392
43000,oracle_event_oracle_qr,814,0,110,1,1,-0.3873736463741115,0.00035683410701346335
43000,oracle_event_oracle_qr,814,0,110,4,4,0.03965628558020439,0.0057215377521396766
43000,oracle_event_oracle_qr,814,0,110,8,8,-0.09624476804728267,0.003405263327816787
43000,oracle_event_oracle_qr,814,0,110,16,9,0.024112848104113318,0.00306698256495867
43000,oracle_event_oracle_qr,824,0,110,1,1,-0.09959226907678154,0.009343899600846015
43000,oracle_event_oracle_qr,824,0,110,4,2,0.2227420079097313,0.006056928789014483
43000,oracle_event_oracle_qr,824,0,110,8,2,0.2227420079097313,0.006056928789014483
43000,oracle_event_oracle_qr,824,0,110,16,2,0.2227420079097313,0.006056928789014483
43000,oracle_event_oracle_qr,827,0,110,1,1,0.20564925159700334,0.011704555341922412
43000,oracle_event_oracle_qr,827,0,110,4,4,0.16700960232312104,0.006239638070303777
43000,oracle_event_oracle_qr,827,0,110,8,4,0.16700960232312104,0.006239638070303777
43000,oracle_event_oracle_qr,827,0,110,16,4,0.16700960232312104,0.006239638070303777
43000,oracle_event_oracle_qr,832,0,110,1,1,0.021869454762278168,1.6258725603479355e-06
43000,oracle_event_oracle_qr,832,0,110,4,4,-0.18567981767895078,0.003484977189720541
43000,oracle_event_oracle_qr,832,0,110,8,8,0.0704257658843148,0.003957977002695379
43000,oracle_event_oracle_qr,832,0,110,16,16,-0.0628875732364258,0.005020683230808008
43000,oracle_event_oracle_qr,849,0,110,1,1,-0.15676436290478932,0.06501053315234019
43000,oracle_event_oracle_qr,849,0,110,4,4,0.6250786807728782,0.019788129468266892
43000,oracle_event_oracle_qr,849,0,110,8,8,0.2598624416827666,0.014353494803697107
43000,oracle_event_oracle_qr,849,0,110,16,16,-0.02456364305049464,0.01276083696452801
43000,oracle_event_oracle_qr,869,0,110,1,1,-0.4364144125531256,0.0009798919663671368
43000,oracle_event_oracle_qr,869,0,110,4,4,-0.39836263473061706,0.0032288391852249953
43000,oracle_event_oracle_qr,869,0,110,8,8,-0.3306562837936913,0.004199185273384585
43000,oracle_event_oracle_qr,869,0,110,16,9,-0.3359067217766516,0.003801614472681953
43000,oracle_event_oracle_qr,879,0,110,1,1,-0.3970022862584292,0.0003212433737719956
43000,oracle_event_oracle_qr,879,0,110,4,4,0.4044632808347394,0.009776350741260516
43000,oracle_event_oracle_qr,879,0,110,8,4,0.4044632808347394,0.009776350741260516
43000,oracle_event_oracle_qr,879,0,110,16,4,0.4044632808347394,0.009776350741260516
43000,oracle_event_oracle_qr,884,0,110,1,1,-0.38906709019846847,6.368953186565616e-07
43000,oracle_event_oracle_qr,884,0,110,4,4,-0.20656505521876234,0.006638906082909588
43000,oracle_event_oracle_qr,884,0,110,8,8,0.14230905097594243,0.013421951557659503
43000,oracle_event_oracle_qr,884,0,110,16,16,0.5314877122087975,0.040378851773431174
43000,oracle_event_oracle_qr,1060,0,111,1,1,0.7110829027829815,0.05431944416419055
43000,oracle_event_oracle_qr,1060,0,111,4,4,0.7677342624283213,0.07882904738865223
43000,oracle_event_oracle_qr,1060,0,111,8,5,0.7461092171451356,0.11052212923630608
43000,oracle_event_oracle_qr,1060,0,111,16,5,0.7461092171451356,0.11052212923630608
43000,oracle_event_oracle_qr,1066,0,111,1,1,0.8951213029041744,0.123487662332201
43000,oracle_event_oracle_qr,1066,0,111,4,2,1.4794993120770659,0.061957449501158425
43000,oracle_event_oracle_qr,1066,0,111,8,2,1.4794993120770659,0.061957449501158425
43000,oracle_event_oracle_qr,1066,0,111,16,2,1.4794993120770659,0.061957449501158425
43000,oracle_event_oracle_qr,1069,0,111,1,1,1.9983615262510992,0.030375044067790943
43000,oracle_event_oracle_qr,1069,0,111,4,1,1.9983615262510992,0.030375044067790943
43000,oracle_event_oracle_qr,1069,0,111,8,1,1.9983615262510992,0.030375044067790943
43000,oracle_event_oracle_qr,1069,0,111,16,1,1.9983615262510992,0.030375044067790943
43000,oracle_event_oracle_qr,1071,0,111,1,1,1.019125337470224,0.07321347737412628
43000,oracle_event_oracle_qr,1071,0,111,4,4,0.5628379619642516,0.024411498063744704
43000,oracle_event_oracle_qr,1071,0,111,8,8,0.5394527330841558,0.017150761333202626
43000,oracle_event_oracle_qr,1071,0,111,16,16,0.7338518921077408,0.05479920155335108
43000,oracle_event_oracle_qr,1106,0,111,1,1,1.437083855912448,0.07695579612756837
43000,oracle_event_oracle_qr,1106,0,111,4,4,0.9422008376613842,0.04721471045091935
43000,oracle_event_oracle_qr,1106,0,111,8,8,0.6580589096032676,0.03215128397939791
43000,oracle_event_oracle_qr,1106,0,111,16,16,0.5717337973794134,0.03925677013700838
43000,oracle_event_oracle_qr,1140,0,111,1,1,0.7553827427847202,0.05680472281109639
43000,oracle_event_oracle_qr,1140,0,111,4,1,0.7553827427847202,0.05680472281109639
43000,oracle_event_oracle_qr,1140,0,111,8,1,0.7553827427847202,0.05680472281109639
43000,oracle_event_oracle_qr,1140,0,111,16,1,0.7553827427847202,0.05680472281109639
43000,oracle_event_oracle_qr,1142,0,111,1,1,0.560426594683206,0.23206043101910243
43000,oracle_event_oracle_qr,1142,0,111,4,2,0.5680915861290539,0.13969729268115624
43000,oracle_event_oracle_qr,1142,0,111,8,2,0.5680915861290539,0.13969729268115624
43000,oracle_event_oracle_qr,1142,0,111,16,2,0.5680915861290539,0.13969729268115624
43000,oracle_event_oracle_qr,1145,0,111,1,1,0.519070369947768,0.026352225694697827
43000,oracle_event_oracle_qr,1145,0,111,4,4,0.41519406991430036,0.057848231061124626
43000,oracle_event_oracle_qr,1145,0,111,8,4,0.41519406991430036,0.057848231061124626
43000,oracle_event_oracle_qr,1145,0,111,16,4,0.41519406991430036,0.057848231061124626
43000,oracle_event_oracle_qr,1150,0,111,1,1,0.8016646192911916,0.062096357386293835
43000,oracle_event_oracle_qr,1150,0,111,4,1,0.8016646192911916,0.062096357386293835
43000,oracle_event_oracle_qr,1150,0,111,8,1,0.8016646192911916,0.062096357386293835
43000,oracle_event_oracle_qr,1150,0,111,16,1,0.8016646192911916,0.062096357386293835
43000,oracle_event_oracle_qr,1312,1,110,1,1,0.3056211888985414,0.011742191966588099
43000,oracle_event_oracle_qr,1312,1,110,4,4,-0.013316320669756646,0.008206986605470904
43000,oracle_event_oracle_qr,1312,1,110,8,8,-0.17014373303401586,0.008581627407552875
43000,oracle_event_oracle_qr,1312,1,110,16,11,-0.03865610431706705,0.007855002807497997
43000,oracle_event_oracle_qr,1324,1,110,1,1,-0.46924899992922875,0.03493859268933543
43000,oracle_event_oracle_qr,1324,1,110,4,4,1.636783859001856,0.01706232340687911
43000,oracle_event_oracle_qr,1324,1,110,8,8,0.9208815492791043,0.014139250120024992
43000,oracle_event_oracle_qr,1324,1,110,16,16,0.7996820334404531,0.009717078468608791
43000,oracle_event_oracle_qr,1352,1,110,1,1,0.890224124124396,0.005237235738207479
43000,oracle_event_oracle_qr,1352,1,110,4,4,0.05945470208986628,0.008225734862079146
43000,oracle_event_oracle_qr,1352,1,110,8,8,0.12031944965101932,0.008501858661102807
43000,oracle_event_oracle_qr,1352,1,110,16,16,0.1651981763770946,0.01127636754155546
43000,oracle_event_oracle_qr,1373,1,110,1,1,-0.3957155105220344,0.012979120483016415
43000,oracle_event_oracle_qr,1373,1,110,4,4,0.0195549577717454,0.007905284267902896
43000,oracle_event_oracle_qr,1373,1,110,8,8,-0.02459994689491319,0.010664811230755451
43000,oracle_event_oracle_qr,1373,1,110,16,16,0.1210407202822432,0.011550732051260379
43000,oracle_event_oracle_qr,1395,1,110,1,1,-0.019579852752472794,0.007536281859073355
43000,oracle_event_oracle_qr,1395,1,110,4,4,-0.08619831867221618,0.012814327629480742
43000,oracle_event_oracle_qr,1395,1,110,8,4,-0.08619831867221618,0.012814327629480742
43000,oracle_event_oracle_qr,1395,1,110,16,4,-0.08619831867221618,0.012814327629480742
43000,oracle_event_oracle_qr,1401,1,110,1,1,-0.45221654076825807,0.00846879846406911
43000,oracle_event_oracle_qr,1401,1,110,4,4,-0.3248871285770679,0.005485205131866746
43000,oracle_event_oracle_qr,1401,1,110,8,8,-0.225597168895946,0.0034850570839183885
43000,oracle_event_oracle_qr,1401,1,110,16,15,-0.17672567942469364,0.004720752981370593
43000,oracle_event_oracle_qr,1417,1,110,1,1,-0.37937096671191617,0.0019167815456025445
43000,oracle_event_oracle_qr,1417,1,110,4,4,0.28304677584442606,0.0142676642588202
43000,oracle_event_oracle_qr,1417,1,110,8,8,-0.003329096754849964,0.011265088102086648
43000,oracle_event_oracle_qr,1417,1,110,16,16,0.4093922497717391,0.012130810008461848
43000,oracle_event_oracle_qr,1452,1,111,1,1,2.0327493161474064,0.0800333333216206
43000,oracle_event_oracle_qr,1452,1,111,4,4,1.6157744091734292,0.08481598954348472
43000,oracle_event_oracle_qr,1452,1,111,8,7,1.2282823656024913,0.06429144346464956
43000,oracle_event_oracle_qr,1452,1,111,16,7,1.2282823656024913,0.06429144346464956
43000,oracle_event_oracle_qr,1460,1,111,1,1,0.6775535354936327,0.035867406331563254
43000,oracle_event_oracle_qr,1460,1,111,4,4,0.7164422007925457,0.04741025487664967
43000,oracle_event_oracle_qr,1460,1,111,8,8,0.6517486945946822,0.029314041061119768
43000,oracle_event_oracle_qr,1460,1,111,16,16,0.6414068407511597,0.04877879884547246
43000,oracle_event_oracle_qr,1485,1,111,1,1,1.3330198527309343,0.006921141760790649
43000,oracle_event_oracle_qr,1485,1,111,4,4,0.8847639021660875,0.08607404186455184
43000,oracle_event_oracle_qr,1485,1,111,8,8,0.7176818901984723,0.0927277904326881
43000,oracle_event_oracle_qr,1485,1,111,16,11,0.6616054881720567,0.07098341809933739
43000,oracle_event_oracle_qr,1497,1,111,1,1,2.0019223591010875,0.19572737344669158
43000,oracle_event_oracle_qr,1497,1,111,4,3,1.13396455747152,0.12417560376638885
43000,oracle_event_oracle_qr,1497,1,111,8,3,1.13396455747152,0.12417560376638885
43000,oracle_event_oracle_qr,1497,1,111,16,3,1.13396455747152,0.12417560376638885
43000,oracle_event_oracle_qr,1501,1,111,1,1,2.102526188859339,0.05422652974401179
43000,oracle_event_oracle_qr,1501,1,111,4,4,1.0786427304805,0.02306302929321866
43000,oracle_event_oracle_qr,1501,1,111,8,4,1.0786427304805,0.02306302929321866
43000,oracle_event_oracle_qr,1501,1,111,16,4,1.0786427304805,0.02306302929321866
43000,oracle_event_oracle_qr,1506,1,101,1,1,3.197587323043417,0.009935948918638823
43000,oracle_event_oracle_qr,1506,1,101,4,4,1.0393131220762113,0.010125546298809664
43000,oracle_event_oracle_qr,1506,1,101,8,8,0.819932119367049,0.013844203185484877
43000,oracle_event_oracle_qr,1506,1,101,16,16,0.617709778098605,0.018696700392708068
43000,oracle_event_oracle_qr,1552,1,101,1,1,1.1070328526143587,9.550446983071512e-06
43000,oracle_event_oracle_qr,1552,1,101,4,1,1.1070328526143587,9.550446983071512e-06
43000,oracle_event_oracle_qr,1552,1,101,8,1,1.1070328526143587,9.550446983071512e-06
43000,oracle_event_oracle_qr,1552,1,101,16,1,1.1070328526143587,9.550446983071512e-06
43000,oracle_event_oracle_qr,1555,1,101,1,1,0.3857639605954234,0.08254694925199674
43000,oracle_event_oracle_qr,1555,1,101,4,4,0.31703915342680417,0.025768600319336962
43000,oracle_event_oracle_qr,1555,1,101,8,7,0.2877906846311273,0.021232690869464686
43000,oracle_event_oracle_qr,1555,1,101,16,7,0.2877906846311273,0.021232690869464686
43000,oracle_event_oracle_qr,1563,1,101,1,1,0.5837576917821178,0.02067492047034056
43000,oracle_event_oracle_qr,1563,1,101,4,2,0.632101457828135,0.047459138565360784
43000,oracle_event_oracle_qr,1563,1,101,8,2,0.632101457828135,0.047459138565360784
43000,oracle_event_oracle_qr,1563,1,101,16,2,0.632101457828135,0.047459138565360784
43000,oracle_event_oracle_qr,1566,1,101,1,1,1.2123898381892073,0.2756733631286236
43000,oracle_event_oracle_qr,1566,1,101,4,4,0.9467714038140084,0.13222041348461652
43000,oracle_event_oracle_qr,1566,1,101,8,8,1.0209423809678417,0.07346270642817732
43000,oracle_event_oracle_qr,1566,1,101,16,16,0.8651281587841085,0.0468427405914552
43000,oracle_event_oracle_qr,1594,1,101,1,1,0.3982875649484596,0.01498947731795077
43000,oracle_event_oracle_qr,1594,1,101,4,4,0.5918282796818828,0.09317367226570794
43000,oracle_event_oracle_qr,1594,1,101,8,8,0.5648601248993659,0.060580723456133426
43000,oracle_event_oracle_qr,1594,1,101,16,16,0.591845082926606,0.08195569973389219
43000,oracle_event_oracle_qr,1611,1,111,1,1,0.45696006142740747,0.03055089621251425
43000,oracle_event_oracle_qr,1611,1,111,4,4,0.6332774590227441,0.1006867863333475
43000,oracle_event_oracle_qr,1611,1,111,8,5,0.6031899581315112,0.11419219188659813
43000,oracle_event_oracle_qr,1611,1,111,16,5,0.6031899581315112,0.11419219188659813
43000,oracle_event_oracle_qr,1617,1,111,1,1,4.414518089990399,0.0033658994114538557
43000,oracle_event_oracle_qr,1617,1,111,4,4,2.480465810205239,0.16400139880569625
43000,oracle_event_oracle_qr,1617,1,111,8,8,2.114522981654711,0.08214927064423799
43000,oracle_event_oracle_qr,1617,1,111,16,9,1.980533714162026,0.07956753205584083
43000,oracle_event_oracle_qr,1627,1,111,1,1,0.49309198700398993,0.007744590254832072
43000,oracle_event_oracle_qr,1627,1,111,4,4,0.8749679539094014,0.27313511834440607
43000,oracle_event_oracle_qr,1627,1,111,8,8,0.69841694524852,0.17831971051650153
43000,oracle_event_oracle_qr,1627,1,111,16,14,0.879437209399213,0.1345692698076492
43000,oracle_event_oracle_qr,1642,1,111,1,1,0.446929812519279,6.045088976242477e-05
43000,oracle_event_oracle_qr,1642,1,111,4,4,0.5383879631210821,0.023783498791545635
43000,oracle_event_oracle_qr,1642,1,111,8,8,0.8412980841714597,0.0166945459589333
43000,oracle_event_oracle_qr,1642,1,111,16,16,0.763196301332536,0.0413548606510689
43000,oracle_event_oracle_qr,1680,1,111,1,1,1.1884801441255333,0.0036838265395682888
43000,oracle_event_oracle_qr,1680,1,111,4,1,1.1884801441255333,0.0036838265395682888
43000,oracle_event_oracle_qr,1680,1,111,8,1,1.1884801441255333,0.0036838265395682888
43000,oracle_event_oracle_qr,1680,1,111,16,1,1.1884801441255333,0.0036838265395682888
43000,oracle_event_oracle_qr,1682,1,111,1,1,0.43412867119246035,0.052266212901067394
43000,oracle_event_oracle_qr,1682,1,111,4,4,1.0488093678268908,0.11433718824778574
43000,oracle_event_oracle_qr,1682,1,111,8,8,0.7462762457147071,0.07940434105219311
43000,oracle_event_oracle_qr,1682,1,111,16,16,0.7006525455509536,0.059514081339220114
43000,oracle_event_oracle_qr,1699,1,111,1,1,0.8901955359917011,0.051246191947284477
43000,oracle_event_oracle_qr,1699,1,111,4,4,0.5722043653807518,0.04315837617743366
43000,oracle_event_oracle_qr,1699,1,111,8,8,0.6768957738407121,0.05740801497704797
43000,oracle_event_oracle_qr,1699,1,111,16,16,0.7394543108014608,0.07469639383850099
43000,oracle_event_oracle_qr,1721,1,111,1,1,0.5423970146435187,0.05038046678064444
43000,oracle_event_oracle_qr,1721,1,111,4,4,0.47972488619440806,0.03214135373885269
43000,oracle_event_oracle_qr,1721,1,111,8,8,0.39120273916826764,0.06798237877888841
43000,oracle_event_oracle_qr,1721,1,111,16,16,0.16662414777444307,0.038470109481508696
43000,oracle_event_oracle_qr,1800,1,101,1,1,1.1642795588250678,0.043777959238146875
43000,oracle_event_oracle_qr,1800,1,101,4,4,0.5510583583239674,0.019365891137184198
43000,oracle_event_oracle_qr,1800,1,101,8,8,0.5027522511517694,0.012294716375436311
43000,oracle_event_oracle_qr,1800,1,101,16,16,0.6011154087855772,0.01149710561488986
43000,oracle_event_oracle_qr,1825,1,101,1,1,0.42952836933783917,0.0007052033830911834
43000,oracle_event_oracle_qr,1825,1,101,4,4,0.5960676558922553,0.042963271424734745
43000,oracle_event_oracle_qr,1825,1,101,8,8,0.4461365847469267,0.02363579129935264
43000,oracle_event_oracle_qr,1825,1,101,16,16,0.5075180126557715,0.01609537906127461
43000,oracle_event_oracle_qr,1842,1,101,1,1,0.5596413099673491,0.06145570017495523
43000,oracle_event_oracle_qr,1842,1,101,4,4,0.5859903082149923,0.08809830372864488
43000,oracle_event_oracle_qr,1842,1,101,8,4,0.5859903082149923,0.08809830372864488
43000,oracle_event_oracle_qr,1842,1,101,16,4,0.5859903082149923,0.08809830372864488
43000,oracle_event_oracle_qr,1847,1,101,1,1,1.211029723306551,0.0017152534209277726
43000,oracle_event_oracle_qr,1847,1,101,4,4,0.5408674677411888,0.02672222874752723
43000,oracle_event_oracle_qr,1847,1,101,8,8,0.6030961576277036,0.02441956924315099
43000,oracle_event_oracle_qr,1847,1,101,16,12,0.586066555628147,0.029825448280966657
43000,oracle_event_oracle_qr,1860,1,101,1,1,0.44111677765577934,0.0038923396749863995
43000,oracle_event_oracle_qr,1860,1,101,4,4,0.5098095011656346,0.007243840752807011
43000,oracle_event_oracle_qr,1860,1,101,8,6,0.4741313921068875,0.010426189740995274
43000,oracle_event_oracle_qr,1860,1,101,16,6,0.4741313921068875,0.010426189740995274
43000,oracle_event_oracle_qr,1867,1,101,1,1,0.39668728929886393,0.03307109860624389
43000,oracle_event_oracle_qr,1867,1,101,4,4,0.5024761349883179,0.01274999705720339
43000,oracle_event_oracle_qr,1867,1,101,8,8,0.402739742664777,0.01616119933950256
43000,oracle_event_oracle_qr,1867,1,101,16,11,0.3469039286874445,0.012062189711163462
43000,oracle_event_oracle_qr,1879,1,101,1,1,3.525256713493009,0.05638156071208775
43000,oracle_event_oracle_qr,1879,1,101,4,4,1.3648986069835418,0.02562934629262451
43000,oracle_event_oracle_qr,1879,1,101,8,8,0.9188273350087021,0.01659745162086069
43000,oracle_event_oracle_qr,1879,1,101,16,13,0.7912245738271448,0.011176736710942162
43000,oracle_event_oracle_qr,1893,1,101,1,1,0.42949511868395057,0.0007352335136174573
43000,oracle_event_oracle_qr,1893,1,101,4,4,1.01822749973633,0.018284367055214346
43000,oracle_event_oracle_qr,1893,1,101,8,8,0.9382829296007316,0.015322785577210372
43000,oracle_event_oracle_qr,1893,1,101,16,13,0.7867177736786026,0.011954905701204166
43000,oracle_event_oracle_qr,1907,1,101,1,1,1.022026930972823,0.0011067921655604474
43000,oracle_event_oracle_qr,1907,1,101,4,4,0.5801284205743431,0.015525016060880283
43000,oracle_event_oracle_qr,1907,1,101,8,6,0.4434802288539639,0.03535592953942326
43000,oracle_event_oracle_qr,1907,1,101,16,6,0.4434802288539639,0.03535592953942326
43000,oracle_event_oracle_qr,1914,1,101,1,1,3.3451648232987283,0.029128332726319695
43000,oracle_event_oracle_qr,1914,1,101,4,4,1.449697837728933,0.02123185237811203
43000,oracle_event_oracle_qr,1914,1,101,8,8,1.3913796127737077,0.011847558028430634
43000,oracle_event_oracle_qr,1914,1,101,16,16,0.8564456825488853,0.007005947089664295
43000,oracle_event_oracle_qr,1931,1,101,1,1,0.5179478992878168,0.11913378842677552
43000,oracle_event_oracle_qr,1931,1,101,4,4,0.6200320332736446,0.13760265910346933
43000,oracle_event_oracle_qr,1931,1,101,8,8,0.49952942640160913,0.09233449480738824
43000,oracle_event_oracle_qr,1931,1,101,16,11,0.6553604992963215,0.07980680779409934
43000,oracle_event_oracle_qr,1943,1,101,1,1,0.38546994328098155,0.0147647284387967
43000,oracle_event_oracle_qr,1943,1,101,4,4,0.38006546643747374,0.012976930251791915
43000,oracle_event_oracle_qr,1943,1,101,8,6,0.4547212194068589,0.009129069717203966
43000,oracle_event_oracle_qr,1943,1,101,16,6,0.4547212194068589,0.009129069717203966
43000,oracle_event_oracle_qr,1950,1,101,1,1,0.4054701509519479,0.15644123842574867
43000,oracle_event_oracle_qr,1950,1,101,4,4,0.466191630200531,0.14636994625589786
43000,oracle_event_oracle_qr,1950,1,101,8,5,0.46560748355268017,0.13692810183207943
43000,oracle_event_oracle_qr,1950,1,101,16,5,0.46560748355268017,0.13692810183207943
43000,oracle_event_oracle_qr,1956,1,101,1,1,1.1465789253812189,0.03346081911554965
43000,oracle_event_oracle_qr,1956,1,101,4,4,0.5088206308520941,0.023749410028566273
43000,oracle_event_oracle_qr,1956,1,101,8,8,0.357541828782191,0.012326334130714052
43000,oracle_event_oracle_qr,1956,1,101,16,15,0.4186554392791744,0.01076535111286651
43000,oracle_event_oracle_qr,1972,1,101,1,1,0.6300211752718178,0.028956194800110416
43000,oracle_event_oracle_qr,1972,1,101,4,4,0.5686585752282536,0.01664013287714821
43000,oracle_event_oracle_qr,1972,1,101,8,8,0.4302347971927487,0.010098491382434956
43000,oracle_event_oracle_qr,1972,1,101,16,16,0.6249221698409934,0.044066340252346924
43000,oracle_event_oracle_qr,2116,1,111,1,1,0.5106137719927702,0.008801135323038748
43000,oracle_event_oracle_qr,2116,1,111,4,4,0.5622326929841841,0.004801433823893667
43000,oracle_event_oracle_qr,2116,1,111,8,8,0.5094475978356235,0.008514983689389407
43000,oracle_event_oracle_qr,2116,1,111,16,9,0.5139436830669133,0.021667403411973755
43000,oracle_event_oracle_qr,2126,1,111,1,1,2.0345570177589978,0.08457958094087045
43000,oracle_event_oracle_qr,2126,1,111,4,1,2.0345570177589978,0.08457958094087045
43000,oracle_event_oracle_qr,2126,1,111,8,1,2.0345570177589978,0.08457958094087045
43000,oracle_event_oracle_qr,2126,1,111,16,1,2.0345570177589978,0.08457958094087045
43000,oracle_event_oracle_qr,2129,1,111,1,1,0.884098747866691,0.2244732631107769
43000,oracle_event_oracle_qr,2129,1,111,4,4,1.0698751169925436,0.10842767358769938
43000,oracle_event_oracle_qr,2129,1,111,8,8,0.9057735692006712,0.06253817128007877
43000,oracle_event_oracle_qr,2129,1,111,16,16,0.7642423735654451,0.0792193561038297
43000,oracle_event_oracle_qr,2149,1,111,1,1,0.865952667777038,0.06308720769436202
43000,oracle_event_oracle_qr,2149,1,111,4,4,0.5696802169725366,0.06768153533245598
43000,oracle_event_oracle_qr,2149,1,111,8,5,0.5712730923507012,0.05912145433598111
43000,oracle_event_oracle_qr,2149,1,111,16,5,0.5712730923507012,0.05912145433598111
43000,oracle_event_oracle_qr,2155,1,111,1,1,0.6637841607931307,0.0009997002237644977
43000,oracle_event_oracle_qr,2155,1,111,4,4,0.5349128639428997,0.018640835786973443
43000,oracle_event_oracle_qr,2155,1,111,8,8,0.5441840618830361,0.058053423723329715
43000,oracle_event_oracle_qr,2155,1,111,16,10,0.6271982993102596,0.04710782376029793
43000,oracle_event_oracle_qr,2166,1,111,1,1,2.95359371988614,0.10411532361686333
43000,oracle_event_oracle_qr,2166,1,111,4,2,1.6575456509923963,0.08193753164403
43000,oracle_event_oracle_qr,2166,1,111,8,2,1.6575456509923963,0.08193753164403
43000,oracle_event_oracle_qr,2166,1,111,16,2,1.6575456509923963,0.08193753164403
43000,oracle_event_oracle_qr,2169,1,111,1,1,1.105032290336501,0.004707259335076622
43000,oracle_event_oracle_qr,2169,1,111,4,1,1.105032290336501,0.004707259335076622
43000,oracle_event_oracle_qr,2169,1,111,8,1,1.105032290336501,0.004707259335076622
43000,oracle_event_oracle_qr,2169,1,111,16,1,1.105032290336501,0.004707259335076622
43000,oracle_event_oracle_qr,2171,1,111,1,1,0.7677213447258278,0.4076918479926338
43000,oracle_event_oracle_qr,2171,1,111,4,3,0.6351818100222745,0.18992692832078362
43000,oracle_event_oracle_qr,2171,1,111,8,3,0.6351818100222745,0.18992692832078362
43000,oracle_event_oracle_qr,2171,1,111,16,3,0.6351818100222745,0.18992692832078362
43000,oracle_event_oracle_qr,2175,1,111,1,1,0.5011241793369624,0.019150922276258017
43000,oracle_event_oracle_qr,2175,1,111,4,4,0.43907344796720116,0.041427797436964495
43000,oracle_event_oracle_qr,2175,1,111,8,8,0.5328557952377668,0.09614018255860418
43000,oracle_event_oracle_qr,2175,1,111,16,16,0.7010500667381232,0.10045683779826657
43000,oracle_event_oracle_qr,2202,1,111,1,1,1.8357491361319345,0.0011689776709537536
43000,oracle_event_oracle_qr,2202,1,111,4,4,0.9778948418720518,0.0015400448996285348
43000,oracle_event_oracle_qr,2202,1,111,8,8,0.49075454436705546,0.002819991531698635
43000,oracle_event_oracle_qr,2202,1,111,16,11,0.2593502583311518,0.003079217822208853
43000,oracle_event_oracle_qr,2214,1,110,1,1,-0.22267093584590567,0.012550418956753077
43000,oracle_event_oracle_qr,2214,1,110,4,4,-0.2793408426435206,0.009672888986454443
43000,oracle_event_oracle_qr,2214,1,110,8,8,-0.07427126762837126,0.011268200456305728
43000,oracle_event_oracle_qr,2214,1,110,16,9,-0.11753585465725935,0.011436876944570214
43000,oracle_event_oracle_qr,2224,1,110,1,1,-0.2727579614029424,0.026429602664645613
43000,oracle_event_oracle_qr,2224,1,110,4,4,0.21625578246728883,0.008720863701389758
43000,oracle_event_oracle_qr,2224,1,110,8,8,0.14647087995499014,0.007667097029247462
43000,oracle_event_oracle_qr,2224,1,110,16,16,-0.07173997657049158,0.007745889171819238
43000,oracle_event_oracle_qr,2248,1,110,1,1,-0.028217090025004117,0.0012182202484692518
43000,oracle_event_oracle_qr,2248,1,110,4,4,-0.24814559056796415,0.006264597796465682
43000,oracle_event_oracle_qr,2248,1,110,8,8,-0.3081047908085218,0.005837328965780408
43000,oracle_event_oracle_qr,2248,1,110,16,16,-0.27643474822474357,0.0056703079429697364
43000,oracle_event_oracle_qr,2276,1,110,1,1,-0.25462531231439733,0.0025902449668330383
43000,oracle_event_oracle_qr,2276,1,110,4,4,0.36139048357860315,0.017318934579417977
43000,oracle_event_oracle_qr,2276,1,110,8,8,0.1935435383651415,0.011862444806815498
43000,oracle_event_oracle_qr,2276,1,110,16,16,0.04474004510630401,0.007792155710890803
43000,oracle_event_oracle_qr,2313,2,111,1,1,1.3747384347138831,0.1725096269769358
43000,oracle_event_oracle_qr,2313,2,111,4,4,1.0620421812624126,0.1335017253614839
43000,oracle_event_oracle_qr,2313,2,111,8,4,1.0620421812624126,0.1335017253614839
43000,oracle_event_oracle_qr,2313,2,111,16,4,1.0620421812624126,0.1335017253614839
43000,oracle_event_oracle_qr,2318,2,111,1,1,0.585833398922286,0.13190584260618166
43000,oracle_event_oracle_qr,2318,2,111,4,4,0.5638376181032101,0.04093715161370497
43000,oracle_event_oracle_qr,2318,2,111,8,7,0.5841992951524155,0.031072744193271964
43000,oracle_event_oracle_qr,2318,2,111,16,7,0.5841992951524155,0.031072744193271964
43000,oracle_event_oracle_qr,2326,2,111,1,1,1.1627832279611703,0.038900754415223476
43000,oracle_event_oracle_qr,2326,2,111,4,4,0.5762117723434185,0.030894957689235496
43000,oracle_event_oracle_qr,2326,2,111,8,8,0.5653066724451823,0.03239319563283656
43000,oracle_event_oracle_qr,2326,2,111,16,16,0.574356317087362,0.039320920595535484
43000,oracle_event_oracle_qr,2345,2,111,1,1,1.2946826739681763,0.0015063996756247875
43000,oracle_event_oracle_qr,2345,2,111,4,4,0.706415294907838,0.06138946850148381
43000,oracle_event_oracle_qr,2345,2,111,8,8,0.7985294577973305,0.05869806471486854
43000,oracle_event_oracle_qr,2345,2,111,16,16,0.9285882264062276,0.056814829208835994
43000,oracle_event_oracle_qr,2378,2,111,1,1,0.45403072034472924,0.011442435877833402
43000,oracle_event_oracle_qr,2378,2,111,4,4,0.450707842582765,0.1639919421401598
43000,oracle_event_oracle_qr,2378,2,111,8,8,0.8655437406212562,0.10812375050902742
43000,oracle_event_oracle_qr,2378,2,111,16,8,0.8655437406212562,0.10812375050902742
43000,oracle_event_oracle_qr,2387,2,111,1,1,0.5670168148128039,0.045591076455376106
43000,oracle_event_oracle_qr,2387,2,111,4,4,0.8138701566805111,0.02208686943997025
43000,oracle_event_oracle_qr,2387,2,111,8,5,0.7063269617876704,0.018335805703124198
43000,oracle_event_oracle_qr,2387,2,111,16,5,0.7063269617876704,0.018335805703124198
43000,oracle_event_oracle_qr,2393,2,111,1,1,0.9704751335443136,0.2736281320792856
43000,oracle_event_oracle_qr,2393,2,111,4,4,0.7485109285844465,0.10466679548547372
43000,oracle_event_oracle_qr,2393,2,111,8,8,0.7107921003139628,0.08160546508531517
43000,oracle_event_oracle_qr,2393,2,111,16,16,0.3874269936789709,0.04294207429662497
43000,oracle_event_oracle_qr,2417,2,110,1,1,-0.2964089759331627,0.0014474180403984415
43000,oracle_event_oracle_qr,2417,2,110,4,4,-0.20373595125743263,0.005667716393189777
43000,oracle_event_oracle_qr,2417,2,110,8,4,-0.20373595125743263,0.005667716393189777
43000,oracle_event_oracle_qr,2417,2,110,16,4,-0.20373595125743263,0.005667716393189777
43000,oracle_event_oracle_qr,2422,2,110,1,1,-0.4719552995223794,0.006584912272800266
43000,oracle_event_oracle_qr,2422,2,110,4,4,0.07978324932348455,0.0031328464502930063
43000,oracle_event_oracle_qr,2422,2,110,8,8,0.1445224038683725,0.007527543552357078
43000,oracle_event_oracle_qr,2422,2,110,16,15,0.029785142252740426,0.00547832258870854
43000,oracle_event_oracle_qr,2438,2,110,1,1,0.4598343725440369,0.006948299055822722
43000,oracle_event_oracle_qr,2438,2,110,4,3,0.33521242990293515,0.0048151709220278635
43000,oracle_event_oracle_qr,2438,2,110,8,3,0.33521242990293515,0.0048151709220278635
43000,oracle_event_oracle_qr,2438,2,110,16,3,0.33521242990293515,0.0048151709220278635
43000,oracle_event_oracle_qr,2442,2,110,1,1,-0.4716850710565873,0.02143197723623782
43000,oracle_event_oracle_qr,2442,2,110,4,4,-0.4574998991570184,0.012597256081642786
43000,oracle_event_oracle_qr,2442,2,110,8,8,-0.4267493009041884,0.012795443229550368
43000,oracle_event_oracle_qr,2442,2,110,16,10,-0.43036628203975713,0.01338260416050636
43000,oracle_event_oracle_qr,2453,2,110,1,1,2.72776911537164,0.006670900198124263
43000,oracle_event_oracle_qr,2453,2,110,4,4,0.6342081837066269,0.01057615192676796
43000,oracle_event_oracle_qr,2453,2,110,8,8,0.09823608578518386,0.008562951140832858
43000,oracle_event_oracle_qr,2453,2,110,16,16,0.5911178187442363,0.03150429963990671
43000,oracle_event_oracle_qr,2596,2,110,1,1,-0.4098138599283716,0.005697639586250791
43000,oracle_event_oracle_qr,2596,2,110,4,4,-0.3019091797066211,0.00417365452573802
43000,oracle_event_oracle_qr,2596,2,110,8,8,-0.13352188355228212,0.0041567185890447785
43000,oracle_event_oracle_qr,2596,2,110,16,16,-0.18726045037335753,0.004241410637538921
43000,oracle_event_oracle_qr,2623,2,110,1,1,0.06784207459795381,0.0001173565748973174
43000,oracle_event_oracle_qr,2623,2,110,4,4,0.2629666200904475,0.0034463688896884084
43000,oracle_event_oracle_qr,2623,2,110,8,8,0.7500542479904325,0.0033418312005178493
43000,oracle_event_oracle_qr,2623,2,110,16,16,0.3940373459809083,0.004585309978839721
43000,oracle_event_oracle_qr,2651,2,110,1,1,-0.4075951348412193,1.1975869835821523e-05
43000,oracle_event_oracle_qr,2651,2,110,4,4,-0.37329895839146315,0.006143584451439754
43000,oracle_event_oracle_qr,2651,2,110,8,8,-0.14697236361088684,0.013607445246614029
43000,oracle_event_oracle_qr,2651,2,110,16,16,-0.17838061006585326,0.009720345414590145
43000,oracle_event_oracle_qr,2669,2,110,1,1,0.12436024017779714,0.00040767559658127145
43000,oracle_event_oracle_qr,2669,2,110,4,1,0.12436024017779714,0.00040767559658127145
43000,oracle_event_oracle_qr,2669,2,110,8,1,0.12436024017779714,0.00040767559658127145
43000,oracle_event_oracle_qr,2669,2,110,16,1,0.12436024017779714,0.00040767559658127145
43000,oracle_event_oracle_qr,2671,2,110,1,1,-0.045681525849410175,0.00015231527037242422
43000,oracle_event_oracle_qr,2671,2,110,4,4,0.15755998702192595,0.007605906794191904
43000,oracle_event_oracle_qr,2671,2,110,8,7,0.24102849092904127,0.007371825173087783
43000,oracle_event_oracle_qr,2671,2,110,16,7,0.24102849092904127,0.007371825173087783
43000,oracle_event_oracle_qr,2679,2,110,1,1,-0.3478574346507166,0.020418621743174877
43000,oracle_event_oracle_qr,2679,2,110,4,4,-0.2301689656116909,0.011552427262178939
43000,oracle_event_oracle_qr,2679,2,110,8,8,-0.13982268577098972,0.008741183361113337
43000,oracle_event_oracle_qr,2679,2,110,16,16,-0.08019757086812423,0.0060506091496422745
43000,oracle_event_oracle_qr,2714,2,110,1,1,0.5704785292441833,0.045263197196948476
43000,oracle_event_oracle_qr,2714,2,110,4,4,0.1626132009021868,0.015958548129230612
43000,oracle_event_oracle_qr,2714,2,110,8,8,0.16894833985180638,0.012765262240005824
43000,oracle_event_oracle_qr,2714,2,110,16,16,0.36060369746831,0.010194892459423496
43000,oracle_event_oracle_qr,2741,2,101,1,1,1.6586412408121751,0.005996114056489285
43000,oracle_event_oracle_qr,2741,2,101,4,4,0.6973505394868178,0.00879661685544867
43000,oracle_event_oracle_qr,2741,2,101,8,8,0.5811791498958374,0.005052839256951322
43000,oracle_event_oracle_qr,2741,2,101,16,16,0.6887772347434065,0.004272296106061448
43000,oracle_event_oracle_qr,2769,2,101,1,1,0.4232142618029633,0.300103762506524
43000,oracle_event_oracle_qr,2769,2,101,4,4,0.8683743505231727,0.2454284718614907
43000,oracle_event_oracle_qr,2769,2,101,8,8,0.5243827405577779,0.26657647052792
43000,oracle_event_oracle_qr,2769,2,101,16,8,0.5243827405577779,0.26657647052792
43000,oracle_event_oracle_qr,2778,2,101,1,1,0.36428461984076693,0.33454461578084727
43000,oracle_event_oracle_qr,2778,2,101,4,4,1.1710666454420242,0.09779076367557102
43000,oracle_event_oracle_qr,2778,2,101,8,8,0.8596779074764586,0.06685216136590055
43000,oracle_event_oracle_qr,2778,2,101,16,8,0.8596779074764586,0.06685216136590055
43000,oracle_event_oracle_qr,2787,2,101,1,1,0.3683343347726273,0.13349072616523328
43000,oracle_event_oracle_qr,2787,2,101,4,4,1.1272500427982206,0.0597329525273507
43000,oracle_event_oracle_qr,2787,2,101,8,7,1.052925940706929,0.037806180176975616
43000,oracle_event_oracle_qr,2787,2,101,16,7,1.052925940706929,0.037806180176975616
43000,oracle_event_oracle_qr,2795,2,101,1,1,1.7234551482081293,0.2736172665490851
43000,oracle_event_oracle_qr,2795,2,101,4,4,0.6819043002228999,0.25773504441678613
43000,oracle_event_oracle_qr,2795,2,101,8,8,0.8171189280621977,0.17502545496599392
43000,oracle_event_oracle_qr,2795,2,101,16,16,0.8037629165146942,0.10289652813300529
43000,oracle_event_oracle_qr,2831,2,110,1,1,1.9747581079277905,0.006708573536304474
43000,oracle_event_oracle_qr,2831,2,110,4,4,0.9312152962003523,0.006229843319903993
43000,oracle_event_oracle_qr,2831,2,110,8,8,0.3834818768049113,0.00584938171604912
43000,oracle_event_oracle_qr,2831,2,110,16,16,0.0657121855356082,0.005738610665989229
43000,oracle_event_oracle_qr,2852,2,110,1,1,-0.3044486568336111,0.00809675878690475
43000,oracle_event_oracle_qr,2852,2,110,4,1,-0.3044486568336111,0.00809675878690475
43000,oracle_event_oracle_qr,2852,2,110,8,1,-0.3044486568336111,0.00809675878690475
43000,oracle_event_oracle_qr,2852,2,110,16,1,-0.3044486568336111,0.00809675878690475
43000,oracle_event_oracle_qr,2854,2,110,1,1,-0.4568409711048135,0.0006668070224649268
43000,oracle_event_oracle_qr,2854,2,110,4,1,-0.4568409711048135,0.0006668070224649268
43000,oracle_event_oracle_qr,2854,2,110,8,1,-0.4568409711048135,0.0006668070224649268
43000,oracle_event_oracle_qr,2854,2,110,16,1,-0.4568409711048135,0.0006668070224649268
43000,oracle_event_oracle_qr,2856,2,110,1,1,-0.26855271504584544,0.003906873184496667
43000,oracle_event_oracle_qr,2856,2,110,4,4,-0.1348712466416941,0.006609375784640601
43000,oracle_event_oracle_qr,2856,2,110,8,8,-0.15377459986650005,0.0061451480478071025
43000,oracle_event_oracle_qr,2856,2,110,16,14,-0.15673349339896256,0.006082843613587691
43000,oracle_event_oracle_qr,2871,2,110,1,1,-0.4556264287743368,0.005931671023663346
43000,oracle_event_oracle_qr,2871,2,110,4,4,-0.031706532707394604,0.003663320013369501
43000,oracle_event_oracle_qr,2871,2,110,8,7,-0.07964859897483025,0.0034789961575091947
43000,oracle_event_oracle_qr,2871,2,110,16,7,-0.07964859897483025,0.0034789961575091947
43000,oracle_event_oracle_qr,2879,2,110,1,1,0.38267402013101703,0.0002499897575951082
43000,oracle_event_oracle_qr,2879,2,110,4,4,-0.11159041441220813,0.00022626439890664605
43000,oracle_event_oracle_qr,2879,2,110,8,8,0.060162576174858005,0.0007396366239013541
43000,oracle_event_oracle_qr,2879,2,110,16,12,0.38502909248315714,0.007112209473331438
43000,oracle_event_oracle_qr,2892,2,110,1,1,-0.3833337255329066,0.05192415080871815
43000,oracle_event_oracle_qr,2892,2,110,4,3,-0.43808465849228995,0.02276506846178614
43000,oracle_event_oracle_qr,2892,2,110,8,3,-0.43808465849228995,0.02276506846178614
43000,oracle_event_oracle_qr,2892,2,110,16,3,-0.43808465849228995,0.02276506846178614
43000,oracle_event_oracle_qr,2896,2,110,1,1,0.11693377240047913,0.0003443604342992892
43000,oracle_event_oracle_qr,2896,2,110,4,4,-0.17543847108015242,0.0041348725395586785
43000,oracle_event_oracle_qr,2896,2,110,8,8,-0.20506019140049236,0.0069638465558841565
43000,oracle_event_oracle_qr,2896,2,110,16,10,-0.24085270453641933,0.005668980818727442
43000,oracle_event_oracle_qr,2907,2,110,1,1,-0.3678335753284405,0.02711603053826483
43000,oracle_event_oracle_qr,2907,2,110,4,4,-0.15235670795570166,0.015456814053991276
43000,oracle_event_oracle_qr,2907,2,110,8,8,0.10164476285689711,0.012007668856478965
43000,oracle_event_oracle_qr,2907,2,110,16,13,0.38810890750391686,0.02158147239728306
43000,oracle_event_oracle_qr,2921,2,111,1,1,0.6710175952329894,0.002209623818279413
43000,oracle_event_oracle_qr,2921,2,111,4,4,0.48101015804480063,0.005762769917496179
43000,oracle_event_oracle_qr,2921,2,111,8,4,0.48101015804480063,0.005762769917496179
43000,oracle_event_oracle_qr,2921,2,111,16,4,0.48101015804480063,0.005762769917496179
43000,oracle_event_oracle_qr,2926,2,111,1,1,0.7964936186082623,0.00132150950730234
43000,oracle_event_oracle_qr,2926,2,111,4,4,0.5989161647138753,0.010888950035383716
43000,oracle_event_oracle_qr,2926,2,111,8,8,0.5089417579551734,0.031568850851995095
43000,oracle_event_oracle_qr,2926,2,111,16,15,0.5545644529297225,0.036383227329078734
43000,oracle_event_oracle_qr,2942,2,111,1,1,0.43306828035895584,0.0018614140964531678
43000,oracle_event_oracle_qr,2942,2,111,4,4,0.4913135102322115,0.05141546061179634
43000,oracle_event_oracle_qr,2942,2,111,8,8,0.678149284746532,0.03073411775749782
43000,oracle_event_oracle_qr,2942,2,111,16,16,0.6674426177929674,0.04657647762797067
43000,oracle_event_oracle_qr,3153,2,101,1,1,0.37302795655606286,0.004197623794254335
43000,oracle_event_oracle_qr,3153,2,101,4,4,0.3246170493031352,0.003527269009652839
43000,oracle_event_oracle_qr,3153,2,101,8,8,0.3010241690815507,0.01016472428393628
43000,oracle_event_oracle_qr,3153,2,101,16,16,0.3964462466713862,0.01315699162901793
43000,oracle_event_oracle_qr,3170,2,101,1,1,0.4026859201290519,0.3407202600345142
43000,oracle_event_oracle_qr,3170,2,101,4,4,0.9760177307080826,0.17349116149414823
43000,oracle_event_oracle_qr,3170,2,101,8,8,1.2874587914508138,0.10807004196989287
43000,oracle_event_oracle_qr,3170,2,101,16,16,1.0224253638259349,0.07035551834716572
43000,oracle_event_oracle_qr,3202,2,101,1,1,0.4705675596000085,0.017671248422291973
43000,oracle_event_oracle_qr,3202,2,101,4,4,0.7235149758562978,0.00808254310696301
43000,oracle_event_oracle_qr,3202,2,101,8,8,0.5215360725253164,0.020603668488990062
43000,oracle_event_oracle_qr,3202,2,101,16,16,0.7006674865679868,0.026488278118315764
43000,oracle_event_oracle_qr,3237,2,101,1,1,2.0864088723006056,0.12131415138524534
43000,oracle_event_oracle_qr,3237,2,101,4,3,1.0001901413957446,0.17695265634680493
43000,oracle_event_oracle_qr,3237,2,101,8,3,1.0001901413957446,0.17695265634680493
43000,oracle_event_oracle_qr,3237,2,101,16,3,1.0001901413957446,0.17695265634680493
43000,oracle_event_oracle_qr,3242,2,101,1,1,0.4211987356773555,0.055667634300090814
43000,oracle_event_oracle_qr,3242,2,101,4,1,0.4211987356773555,0.055667634300090814
43000,oracle_event_oracle_qr,3242,2,101,8,1,0.4211987356773555,0.055667634300090814
43000,oracle_event_oracle_qr,3242,2,101,16,1,0.4211987356773555,0.055667634300090814
43000,oracle_event_oracle_qr,3244,2,101,1,1,0.37709098621293463,0.08882145412384754
43000,oracle_event_oracle_qr,3244,2,101,4,4,0.833647772185132,0.03397172474149443
43000,oracle_event_oracle_qr,3244,2,101,8,8,1.0151034558452459,0.022732818006646817
43000,oracle_event_oracle_qr,3244,2,101,16,13,0.9343106478779059,0.014597962814081208
43000,oracle_event_oracle_qr,3258,2,101,1,1,2.5092950740425795,0.022544783805479446
43000,oracle_event_oracle_qr,3258,2,101,4,4,1.2977810427710692,0.013012747859622267
43000,oracle_event_oracle_qr,3258,2,101,8,8,1.0813703981342875,0.012429276856684983
43000,oracle_event_oracle_qr,3258,2,101,16,16,0.8134084162316428,0.012213115358758384
43000,oracle_event_oracle_qr,3280,2,111,1,1,0.44152778014056626,0.00023356594615476126
43000,oracle_event_oracle_qr,3280,2,111,4,4,0.8476561828852693,0.06727935912961666
43000,oracle_event_oracle_qr,3280,2,111,8,4,0.8476561828852693,0.06727935912961666
43000,oracle_event_oracle_qr,3280,2,111,16,4,0.8476561828852693,0.06727935912961666
43000,oracle_event_oracle_qr,3285,2,111,1,1,0.4738405411533618,0.014879958766790517
43000,oracle_event_oracle_qr,3285,2,111,4,4,0.6463535888665188,0.07441666281235192
43000,oracle_event_oracle_qr,3285,2,111,8,5,0.6467291614611702,0.07141353398948534
43000,oracle_event_oracle_qr,3285,2,111,16,5,0.6467291614611702,0.07141353398948534
43000,oracle_event_oracle_qr,3291,2,111,1,1,0.8727459770531871,0.03461852050902025
43000,oracle_event_oracle_qr,3291,2,111,4,4,1.0171316751916146,0.0433965103958329
43000,oracle_event_oracle_qr,3291,2,111,8,8,0.9255867482285426,0.024811093747552748
43000,oracle_event_oracle_qr,3291,2,111,16,16,0.8699897915014081,0.09036949043503714
43000,oracle_event_oracle_qr,3313,2,111,1,1,0.4837954595976169,0.03317124192796637
43000,oracle_event_oracle_qr,3313,2,111,4,4,0.4884236176669731,0.036554424330454284
43000,oracle_event_oracle_qr,3313,2,111,8,8,0.9597825480882225,0.07272467837710388
43000,oracle_event_oracle_qr,3313,2,111,16,11,0.8668635496202852,0.06713936013616723
43000,oracle_event_oracle_qr,3326,2,111,1,1,1.5873046755638545,9.846988251237994e-05
43000,oracle_event_oracle_qr,3326,2,111,4,4,1.4620598154270013,0.009779625660990153
43000,oracle_event_oracle_qr,3326,2,111,8,8,1.2632956472242913,0.020978361930046242
43000,oracle_event_oracle_qr,3326,2,111,16,11,1.0110497928239095,0.01603095403833638
43000,oracle_event_oracle_qr,3338,2,111,1,1,0.49764671842686187,0.0017287364471410863
43000,oracle_event_oracle_qr,3338,2,111,4,4,0.5057850622739675,0.06241825922779469
43000,oracle_event_oracle_qr,3338,2,111,8,8,0.6536648039053381,0.06478560920418082
43000,oracle_event_oracle_qr,3338,2,111,16,16,0.551371090376104,0.09122377041689328
43000,oracle_event_oracle_qr,3361,2,111,1,1,0.828043567462846,0.2609133850180136
43000,oracle_event_oracle_qr,3361,2,111,4,4,1.349198474306916,0.11410120954769724
43000,oracle_event_oracle_qr,3361,2,111,8,8,0.8978419892320408,0.08411659548391688
43000,oracle_event_oracle_qr,3361,2,111,16,16,0.6849788616032886,0.058584770156270775
43000,oracle_event_oracle_qr,3382,2,111,1,1,0.8523777777051329,0.15821208590194666
43000,oracle_event_oracle_qr,3382,2,111,4,4,0.9189837251327161,0.10686330218634266
43000,oracle_event_oracle_qr,3382,2,111,8,8,0.6361853297067379,0.07906608211623777
43000,oracle_event_oracle_qr,3382,2,111,16,16,0.5758950058778495,0.058713821649175005
43000,oracle_event_oracle_qr,3420,2,101,1,1,0.3867534362317669,0.1566956283968045
43000,oracle_event_oracle_qr,3420,2,101,4,3,1.0431992138833837,0.09988781312489914
43000,oracle_event_oracle_qr,3420,2,101,8,3,1.0431992138833837,0.09988781312489914
43000,oracle_event_oracle_qr,3420,2,101,16,3,1.0431992138833837,0.09988781312489914
43000,oracle_event_oracle_qr,3424,2,101,1,1,0.3810387453844306,0.05105699858130368
43000,oracle_event_oracle_qr,3424,2,101,4,3,1.2432448205465205,0.05916861843351769
43000,oracle_event_oracle_qr,3424,2,101,8,3,1.2432448205465205,0.05916861843351769
43000,oracle_event_oracle_qr,3424,2,101,16,3,1.2432448205465205,0.05916861843351769
43000,oracle_event_oracle_qr,3428,2,101,1,1,0.37379203624896334,0.11516999625891984
43000,oracle_event_oracle_qr,3428,2,101,4,1,0.37379203624896334,0.11516999625891984
43000,oracle_event_oracle_qr,3428,2,101,8,1,0.37379203624896334,0.11516999625891984
43000,oracle_event_oracle_qr,3428,2,101,16,1,0.37379203624896334,0.11516999625891984
43000,oracle_event_oracle_qr,3430,2,101,1,1,0.6361572952777033,0.0007209949117578436
43000,oracle_event_oracle_qr,3430,2,101,4,4,0.6837439034798081,0.006363411511437523
43000,oracle_event_oracle_qr,3430,2,101,8,8,0.48568415676464605,0.011330619612331217
43000,oracle_event_oracle_qr,3430,2,101,16,16,0.8145417313358485,0.01999963804474452
43000,oracle_event_oracle_qr,3586,3,110,1,1,-0.26341671522816756,0.0073907113536054395
43000,oracle_event_oracle_qr,3586,3,110,4,4,-0.322609441015778,0.003969364950988661
43000,oracle_event_oracle_qr,3586,3,110,8,8,-0.04838322641074369,0.00268247958299779
43000,oracle_event_oracle_qr,3586,3,110,16,13,-0.0054216323922025534,0.003427658598289852
43000,oracle_event_oracle_qr,3600,3,110,1,1,-0.41029011649907776,0.012623566207739571
43000,oracle_event_oracle_qr,3600,3,110,4,3,-0.46101119347431835,0.006948827894107327
43000,oracle_event_oracle_qr,3600,3,110,8,3,-0.46101119347431835,0.006948827894107327
43000,oracle_event_oracle_qr,3600,3,110,16,3,-0.46101119347431835,0.006948827894107327
43000,oracle_event_oracle_qr,3604,3,110,1,1,-0.2056652839664852,0.017627377496542484
43000,oracle_event_oracle_qr,3604,3,110,4,4,-0.32390809267029314,0.006542662923228193
43000,oracle_event_oracle_qr,3604,3,110,8,8,-0.28379103824456725,0.006277052210673413
43000,oracle_event_oracle_qr,3604,3,110,16,12,-0.23054918665457205,0.004367803593868271
43000,oracle_event_oracle_qr,3617,3,110,1,1,-0.2956585913873991,0.0015572447036594946
43000,oracle_event_oracle_qr,3617,3,110,4,4,0.07716194087555014,0.007987478234396404
43000,oracle_event_oracle_qr,3617,3,110,8,8,0.0710515493264327,0.0086842409900233
43000,oracle_event_oracle_qr,3617,3,110,16,9,0.010648920484040461,0.008051381046545054
43000,oracle_event_oracle_qr,3627,3,110,1,1,0.5455565546856701,0.00031455542617303496
43000,oracle_event_oracle_qr,3627,3,110,4,2,0.029049756894035744,0.0035691555917555184
43000,oracle_event_oracle_qr,3627,3,110,8,2,0.029049756894035744,0.0035691555917555184
43000,oracle_event_oracle_qr,3627,3,110,16,2,0.029049756894035744,0.0035691555917555184
43000,oracle_event_oracle_qr,3630,3,110,1,1,0.22181427312361643,0.011840004608865074
43000,oracle_event_oracle_qr,3630,3,110,4,4,0.1826715275016103,0.004495841686075489
43000,oracle_event_oracle_qr,3630,3,110,8,8,-0.12872175377438833,0.005839801039977067
43000,oracle_event_oracle_qr,3630,3,110,16,8,-0.12872175377438833,0.005839801039977067
43000,oracle_event_oracle_qr,3639,3,110,1,1,0.13379730831637177,0.001369845051917789
43000,oracle_event_oracle_qr,3639,3,110,4,4,0.18847342854997973,0.0035673500024661084
43000,oracle_event_oracle_qr,3639,3,110,8,8,-0.08197354189014203,0.008764348504829177
43000,oracle_event_oracle_qr,3639,3,110,16,16,-0.18192499736994322,0.00842878487952486
43000,oracle_event_oracle_qr,3672,3,110,1,1,-0.215110542043784,4.0653737639395136e-06
43000,oracle_event_oracle_qr,3672,3,110,4,4,0.2886463198791908,0.004925913232783954
43000,oracle_event_oracle_qr,3672,3,110,8,8,-0.041288210926107266,0.006572297726895279
43000,oracle_event_oracle_qr,3672,3,110,16,16,-0.12202969500559471,0.005901279052950514
43000,oracle_event_oracle_qr,3695,3,110,1,1,0.39440928509198614,0.012343320454199176
43000,oracle_event_oracle_qr,3695,3,110,4,2,-0.04243591019851922,0.04307445873609414
43000,oracle_event_oracle_qr,3695,3,110,8,2,-0.04243591019851922,0.04307445873609414
43000,oracle_event_oracle_qr,3695,3,110,16,2,-0.04243591019851922,0.04307445873609414
43000,oracle_event_oracle_qr,3698,3,110,1,1,-0.2811935281102963,0.004109559428636523
43000,oracle_event_oracle_qr,3698,3,110,4,4,-0.20493798332092417,0.004562724761930488
43000,oracle_event_oracle_qr,3698,3,110,8,8,-0.05086670618130271,0.009381806983588346
43000,oracle_event_oracle_qr,3698,3,110,16,16,0.11569142093879903,0.012710220006314237
43000,oracle_event_oracle_qr,3719,3,111,1,1,0.5781844843632379,0.022198548261070178
43000,oracle_event_oracle_qr,3719,3,111,4,4,0.6432142468874784,0.09413030357335211
43000,oracle_event_oracle_qr,3719,3,111,8,8,0.8968682151148148,0.11758000719648232
43000,oracle_event_oracle_qr,3719,3,111,16,13,0.7320466428077381,0.08303069499407899
43000,oracle_event_oracle_qr,3733,3,111,1,1,2.1469358744482445,0.018038945306160473
43000,oracle_event_oracle_qr,3733,3,111,4,4,1.125343353396033,0.06204572669349563
43000,oracle_event_oracle_qr,3733,3,111,8,8,1.0971172077954083,0.08881407002070164
43000,oracle_event_oracle_qr,3733,3,111,16,16,1.051797489566888,0.07527843349694929
43000,oracle_event_oracle_qr,3778,3,111,1,1,0.8367931428842169,0.4725091606366437
43000,oracle_event_oracle_qr,3778,3,111,4,4,0.5739705618320162,0.21451756032540087
43000,oracle_event_oracle_qr,3778,3,111,8,5,0.8803893157702525,0.1846169981668177
43000,oracle_event_oracle_qr,3778,3,111,16,5,0.8803893157702525,0.1846169981668177
43000,oracle_event_oracle_qr,3784,3,111,1,1,4.274482765180092,0.2004820212692552
43000,oracle_event_oracle_qr,3784,3,111,4,2,3.1339765458374753,0.10075718049377679
43000,oracle_event_oracle_qr,3784,3,111,8,2,3.1339765458374753,0.10075718049377679
43000,oracle_event_oracle_qr,3784,3,111,16,2,3.1339765458374753,0.10075718049377679
43000,oracle_event_oracle_qr,3787,3,111,1,1,3.5951064205305694,0.0066076634553623075
43000,oracle_event_oracle_qr,3787,3,111,4,4,1.56186633144421,0.025343324741658433
43000,oracle_event_oracle_qr,3787,3,111,8,8,1.0547985798348556,0.026178703197637276
43000,oracle_event_oracle_qr,3787,3,111,16,16,0.7925337885076817,0.024995862118788945
43000,oracle_event_oracle_qr,3816,3,111,1,1,0.4522635660776222,0.05299902667687171
43000,oracle_event_oracle_qr,3816,3,111,4,4,0.5098821142509246,0.058169083125689136
43000,oracle_event_oracle_qr,3816,3,111,8,8,0.43093957139204386,0.03949649200175853
43000,oracle_event_oracle_qr,3816,3,111,16,8,0.43093957139204386,0.03949649200175853
43000,oracle_event_oracle_qr,3825,3,111,1,1,0.650819225122402,0.018390213579164743
43000,oracle_event_oracle_qr,3825,3,111,4,4,0.42278052346768974,0.01075910221138882
43000,oracle_event_oracle_qr,3825,3,111,8,8,1.123239197195475,0.025864356581993743
43000,oracle_event_oracle_qr,3825,3,111,16,10,1.0028192209759317,0.021458849871798927
43000,oracle_event_oracle_qr,3836,3,111,1,1,0.5015888946594332,0.038079716182159544
43000,oracle_event_oracle_qr,3836,3,111,4,4,0.689104426829607,0.08781521818096881
43000,oracle_event_oracle_qr,3836,3,111,8,8,0.4919743908951444,0.07423560697604127
43000,oracle_event_oracle_qr,3836,3,111,16,16,0.7157833448292097,0.08422553126595589
43000,oracle_event_oracle_qr,3898,3,011,1,1,0.9603120479220262,0.17794306692150347
43000,oracle_event_oracle_qr,3898,3,011,4,4,0.6978446799731662,0.08602107049254304
43000,oracle_event_oracle_qr,3898,3,011,8,8,0.7678461675913915,0.06139463283341022
43000,oracle_event_oracle_qr,3898,3,011,16,16,0.689050444830541,0.05179356069288629
43000,oracle_event_oracle_qr,4009,3,111,1,1,0.43636403736224816,0.012278858231134173
43000,oracle_event_oracle_qr,4009,3,111,4,4,0.564010942885345,0.042304541523120284
43000,oracle_event_oracle_qr,4009,3,111,8,8,0.6824571172661216,0.045781776673870414
43000,oracle_event_oracle_qr,4009,3,111,16,16,0.6545588580361348,0.05678850455503144
43000,oracle_event_oracle_qr,4029,3,111,1,1,0.44702645681771125,0.009301610127312147
43000,oracle_event_oracle_qr,4029,3,111,4,4,0.812140584572004,0.01941667164107893
43000,oracle_event_oracle_qr,4029,3,111,8,8,0.8769090978275087,0.01665221336152562
43000,oracle_event_oracle_qr,4029,3,111,16,15,0.9216753136923422,0.01754044044903121
43000,oracle_event_oracle_qr,4045,3,111,1,1,0.42148503287230427,0.004228710261770236
43000,oracle_event_oracle_qr,4045,3,111,4,4,0.8086754809741927,0.04438053074788124
43000,oracle_event_oracle_qr,4045,3,111,8,4,0.8086754809741927,0.04438053074788124
43000,oracle_event_oracle_qr,4045,3,111,16,4,0.8086754809741927,0.04438053074788124
43000,oracle_event_oracle_qr,4050,3,111,1,1,0.49317732968663713,0.0008232605710268737
43000,oracle_event_oracle_qr,4050,3,111,4,4,0.8613234891388952,0.07048988237724303
43000,oracle_event_oracle_qr,4050,3,111,8,7,1.0369938582446665,0.07045972519942154
43000,oracle_event_oracle_qr,4050,3,111,16,7,1.0369938582446665,0.07045972519942154
43000,oracle_event_oracle_qr,4058,3,111,1,1,0.848512897747836,0.012213798529460944
43000,oracle_event_oracle_qr,4058,3,111,4,4,0.6510680631924979,0.016508026983024896
43000,oracle_event_oracle_qr,4058,3,111,8,8,1.5871266997960176,0.05341643893939993
43000,oracle_event_oracle_qr,4058,3,111,16,16,1.0357644549632736,0.03254695973733429
43000,oracle_event_oracle_qr,4086,3,111,1,1,1.1907254319787401,0.038830073790655034
43000,oracle_event_oracle_qr,4086,3,111,4,1,1.1907254319787401,0.038830073790655034
43000,oracle_event_oracle_qr,4086,3,111,8,1,1.1907254319787401,0.038830073790655034
43000,oracle_event_oracle_qr,4086,3,111,16,1,1.1907254319787401,0.038830073790655034
43000,oracle_event_oracle_qr,4088,3,111,1,1,1.9637537120686777,0.004225688090074803
43000,oracle_event_oracle_qr,4088,3,111,4,3,1.3819281240816113,0.03628497120812497
43000,oracle_event_oracle_qr,4088,3,111,8,3,1.3819281240816113,0.03628497120812497
43000,oracle_event_oracle_qr,4088,3,111,16,3,1.3819281240816113,0.03628497120812497
43000,oracle_event_oracle_qr,4092,3,111,1,1,1.5822432993798072,0.000620211816215614
43000,oracle_event_oracle_qr,4092,3,111,4,4,1.5767432013111533,0.1040971769864119
43000,oracle_event_oracle_qr,4092,3,111,8,4,1.5767432013111533,0.1040971769864119
43000,oracle_event_oracle_qr,4092,3,111,16,4,1.5767432013111533,0.1040971769864119
43000,oracle_event_oracle_qr,4097,3,111,1,1,1.8286475256817294,0.06002490706848776
43000,oracle_event_oracle_qr,4097,3,111,4,4,1.1421320847723786,0.06583589816701885
43000,oracle_event_oracle_qr,4097,3,111,8,8,0.8660010899121209,0.06437511863900378
43000,oracle_event_oracle_qr,4097,3,111,16,16,0.7490835618653293,0.06873489144490381
43000,oracle_event_oracle_qr,4116,3,111,1,1,0.7944991643534747,0.019164225452891162
43000,oracle_event_oracle_qr,4116,3,111,4,3,0.47512217866612366,0.006791002877265012
43000,oracle_event_oracle_qr,4116,3,111,8,3,0.47512217866612366,0.006791002877265012
43000,oracle_event_oracle_qr,4116,3,111,16,3,0.47512217866612366,0.006791002877265012
43000,oracle_event_oracle_qr,4120,3,111,1,1,0.6290652082902247,0.0012627038155916736
43000,oracle_event_oracle_qr,4120,3,111,4,3,0.4648146022745263,0.00733026523406011
43000,oracle_event_oracle_qr,4120,3,111,8,3,0.4648146022745263,0.00733026523406011
43000,oracle_event_oracle_qr,4120,3,111,16,3,0.4648146022745263,0.00733026523406011
43000,oracle_event_oracle_qr,4124,3,111,1,1,1.2054500212985972,0.055859107715993644
43000,oracle_event_oracle_qr,4124,3,111,4,4,1.172429581150039,0.0222515896704046
43000,oracle_event_oracle_qr,4124,3,111,8,8,0.8080710150733683,0.08960855790082844
43000,oracle_event_oracle_qr,4124,3,111,16,16,0.7304079449717681,0.05456212565588539
43000,oracle_event_oracle_qr,4148,3,111,1,1,0.43327001771457896,0.32066498427453605
43000,oracle_event_oracle_qr,4148,3,111,4,4,0.556912651146465,0.14977457643930922
43000,oracle_event_oracle_qr,4148,3,111,8,8,0.6659942296960657,0.08635250166850385
43000,oracle_event_oracle_qr,4148,3,111,16,15,0.600337241963107,0.0591714178876993
43000,oracle_event_oracle_qr,4166,3,101,1,1,0.873077740256727,0.23138804193427992
43000,oracle_event_oracle_qr,4166,3,101,4,4,0.729795031224424,0.13778255589488508
43000,oracle_event_oracle_qr,4166,3,101,8,8,0.7007835144237072,0.07067876092603209
43000,oracle_event_oracle_qr,4166,3,101,16,16,0.8192370252459698,0.037067810852740295
43000,oracle_event_oracle_qr,4216,3,101,1,1,0.383259980390972,0.10989758647898092
43000,oracle_event_oracle_qr,4216,3,101,4,4,0.6166526761616707,0.06352492347823759
43000,oracle_event_oracle_qr,4216,3,101,8,8,0.64076502139213,0.03841999547104635
43000,oracle_event_oracle_qr,4216,3,101,16,10,0.4514345579455532,0.03128367890025569
43000,oracle_event_oracle_qr,4227,3,110,1,1,-0.3098816809516445,0.009690463796204758
43000,oracle_event_oracle_qr,4227,3,110,4,4,0.013920867069186396,0.00858033233312785
43000,oracle_event_oracle_qr,4227,3,110,8,8,0.10590567563632333,0.008720288840963018
43000,oracle_event_oracle_qr,4227,3,110,16,13,0.24396841979879305,0.006975030790500165
43000,oracle_event_oracle_qr,4241,3,110,1,1,-0.03944222278536946,0.004402309451411792
43000,oracle_event_oracle_qr,4241,3,110,4,4,-0.13984249693328304,0.0019511379859788872
43000,oracle_event_oracle_qr,4241,3,110,8,8,0.3570319255587022,0.008249040718267391
43000,oracle_event_oracle_qr,4241,3,110,16,15,0.16034074452047575,0.007221015252240376
43000,oracle_event_oracle_qr,4257,3,110,1,1,0.24579753899969362,0.02825808369067628
43000,oracle_event_oracle_qr,4257,3,110,4,4,-0.1439532510449594,0.008887506590767119
43000,oracle_event_oracle_qr,4257,3,110,8,5,-0.19928637381593747,0.007767266663436322
43000,oracle_event_oracle_qr,4257,3,110,16,5,-0.19928637381593747,0.007767266663436322
43000,oracle_event_oracle_qr,4263,3,110,1,1,-0.06490339225827334,0.0004766022626093495
43000,oracle_event_oracle_qr,4263,3,110,4,2,-0.24562442356069453,0.00024275864937223685
43000,oracle_event_oracle_qr,4263,3,110,8,2,-0.24562442356069453,0.00024275864937223685
43000,oracle_event_oracle_qr,4263,3,110,16,2,-0.24562442356069453,0.00024275864937223685
43000,oracle_event_oracle_qr,4266,3,110,1,1,-0.3329309252031981,0.00925035530320898
43000,oracle_event_oracle_qr,4266,3,110,4,2,-0.2895229902516498,0.008626545171428869
43000,oracle_event_oracle_qr,4266,3,110,8,2,-0.2895229902516498,0.008626545171428869
43000,oracle_event_oracle_qr,4266,3,110,16,2,-0.2895229902516498,0.008626545171428869
43000,oracle_event_oracle_qr,4269,3,110,1,1,0.013513406333921115,0.00648538186318204
43000,oracle_event_oracle_qr,4269,3,110,4,4,0.19569615578431365,0.005831509508594512
43000,oracle_event_oracle_qr,4269,3,110,8,8,0.37936984173974564,0.005525541670459697
43000,oracle_event_oracle_qr,4269,3,110,16,9,0.3211207388975865,0.004922340621967647
43000,oracle_event_oracle_qr,4281,3,110,1,1,-0.3831235647217383,0.0001494611280847811
43000,oracle_event_oracle_qr,4281,3,110,4,2,-0.35575987167832557,0.00033592856314144806
43000,oracle_event_oracle_qr,4281,3,110,8,2,-0.35575987167832557,0.00033592856314144806
43000,oracle_event_oracle_qr,4281,3,110,16,2,-0.35575987167832557,0.00033592856314144806
43000,oracle_event_oracle_qr,4284,3,110,1,1,-0.20168099342780238,6.811204863904306e-05
43000,oracle_event_oracle_qr,4284,3,110,4,4,-0.09582651499740251,0.01214277223333754
43000,oracle_event_oracle_qr,4284,3,110,8,8,0.269474253546655,0.01080369405945758
43000,oracle_event_oracle_qr,4284,3,110,16,16,0.002254915312162903,0.006223283405400633
43000,oracle_event_oracle_qr,4352,3,101,1,1,0.7633380576948825,0.006385483841869504
43000,oracle_event_oracle_qr,4352,3,101,4,4,0.36096340249633313,0.004954371177553025
43000,oracle_event_oracle_qr,4352,3,101,8,8,0.3119047399558662,0.018180290469745845
43000,oracle_event_oracle_qr,4352,3,101,16,16,0.41360882191459863,0.028272473683723914
43000,oracle_event_oracle_qr,4400,3,101,1,1,0.42499356276162203,0.024755252302446656
43000,oracle_event_oracle_qr,4400,3,101,4,4,0.530853548217518,0.018705166257222836
43000,oracle_event_oracle_qr,4400,3,101,8,8,0.6615781450624183,0.04910098480381719
43000,oracle_event_oracle_qr,4400,3,101,16,16,0.5079442464760977,0.06331307112798332
43000,oracle_event_oracle_qr,4419,3,101,1,1,0.41175706962512415,0.006217112953754304
43000,oracle_event_oracle_qr,4419,3,101,4,4,0.3140690992284821,0.016033516213410093
43000,oracle_event_oracle_qr,4419,3,101,8,8,0.5109408343699766,0.01065245837070269
43000,oracle_event_oracle_qr,4419,3,101,16,16,0.45010757907385357,0.014614617055287875
43000,oracle_event_oracle_qr,4443,3,101,1,1,1.5390412711753982,1.2068289833542544e-05
43000,oracle_event_oracle_qr,4443,3,101,4,4,1.1879466040156594,0.011906421799667114
43000,oracle_event_oracle_qr,4443,3,101,8,8,1.2809504421427111,0.03924742199227108
43000,oracle_event_oracle_qr,4443,3,101,16,11,1.1248417066501142,0.035600876768534725
43000,oracle_event_oracle_qr,4455,3,101,1,1,2.2914579643090613,0.07866979421403039
43000,oracle_event_oracle_qr,4455,3,101,4,3,1.3490795160492086,0.05090364671329279
43000,oracle_event_oracle_qr,4455,3,101,8,3,1.3490795160492086,0.05090364671329279
43000,oracle_event_oracle_qr,4455,3,101,16,3,1.3490795160492086,0.05090364671329279
43000,oracle_event_oracle_qr,4459,3,101,1,1,0.4607204512566997,0.008040774258952322
43000,oracle_event_oracle_qr,4459,3,101,4,4,0.4348820637560278,0.02823547293841293
43000,oracle_event_oracle_qr,4459,3,101,8,8,0.5232843680225764,0.014499720197036844
43000,oracle_event_oracle_qr,4459,3,101,16,10,0.4960454909002598,0.011871447327990985
43000,oracle_event_oracle_qr,4470,3,101,1,1,0.3869693693311484,0.0930616798956597
43000,oracle_event_oracle_qr,4470,3,101,4,4,0.4467220352033312,0.026593998086886256
43000,oracle_event_oracle_qr,4470,3,101,8,8,0.46561371344422176,0.02161211856590849
43000,oracle_event_oracle_qr,4470,3,101,16,10,0.4443332597583217,0.020429217833611017
43000,oracle_event_oracle_qr,4481,3,101,1,1,1.2783745473909716,0.14521937011540043
43000,oracle_event_oracle_qr,4481,3,101,4,4,1.1943953923019115,0.05876421814648023
43000,oracle_event_oracle_qr,4481,3,101,8,8,1.05398451946174,0.036559091463126
43000,oracle_event_oracle_qr,4481,3,101,16,14,0.8549954674830297,0.024178552398403445
43000,oracle_event_oracle_qr,4496,3,101,1,1,0.3919241005916475,0.009474212622647225
43000,oracle_event_oracle_qr,4496,3,101,4,4,0.33452072495238033,0.009901273262256037
43000,oracle_event_oracle_qr,4496,3,101,8,8,0.45375830368954995,0.008859675767277439
43000,oracle_event_oracle_qr,4496,3,101,16,13,0.34489942717767325,0.014353703342719171
43000,oracle_event_oracle_qr,4511,3,101,1,1,2.3287376774494932,0.005283536795669585
43000,oracle_event_oracle_qr,4511,3,101,4,4,1.5261399129711397,0.02991862028169043
43000,oracle_event_oracle_qr,4511,3,101,8,8,1.233008747937597,0.02870892972024954
43000,oracle_event_oracle_qr,4511,3,101,16,16,1.006974786608871,0.042632875928276505
43000,oracle_event_oracle_qr,4535,3,101,1,1,0.6306604719381013,0.11930594099357526
43000,oracle_event_oracle_qr,4535,3,101,4,4,0.6602556483520263,0.05700432341533698
43000,oracle_event_oracle_qr,4535,3,101,8,8,0.7403701034008774,0.03317095340604377
43000,oracle_event_oracle_qr,4535,3,101,16,9,0.6209553847143121,0.029636522994618594
43000,oracle_event_oracle_qr,4545,3,110,1,1,-0.23292643034933028,2.8596534685717572e-08
43000,oracle_event_oracle_qr,4545,3,110,4,4,0.2783450969251776,0.013303490538414408
43000,oracle_event_oracle_qr,4545,3,110,8,8,0.19741291400479338,0.01709304419140208
43000,oracle_event_oracle_qr,4545,3,110,16,16,-0.06489042643778686,0.012692947539975897
43000,oracle_event_oracle_qr,4588,3,110,1,1,0.48299619171262115,0.00030243732917267785
43000,oracle_event_oracle_qr,4588,3,110,4,3,0.5380394254535107,0.010376552753228054
43000,oracle_event_oracle_qr,4588,3,110,8,3,0.5380394254535107,0.010376552753228054
43000,oracle_event_oracle_qr,4588,3,110,16,3,0.5380394254535107,0.010376552753228054
43000,oracle_event_oracle_qr,4592,3,110,1,1,-0.44050152615281746,0.07492419426162703
43000,oracle_event_oracle_qr,4592,3,110,4,2,0.8795141386941447,0.04662981962226136
43000,oracle_event_oracle_qr,4592,3,110,8,2,0.8795141386941447,0.04662981962226136
43000,oracle_event_oracle_qr,4592,3,110,16,2,0.8795141386941447,0.04662981962226136
43000,oracle_event_oracle_qr,4595,3,110,1,1,0.48713689023375556,0.0009708166844985799
43000,oracle_event_oracle_qr,4595,3,110,4,4,-0.19990816511117357,0.0042051796205308635
43000,oracle_event_oracle_qr,4595,3,110,8,5,0.04771880225367926,0.005839393849335644
43000,oracle_event_oracle_qr,4595,3,110,16,5,0.04771880225367926,0.005839393849335644
43000,oracle_event_oracle_qr,4601,3,110,1,1,-0.19921570473353079,0.010167106108099748
43000,oracle_event_oracle_qr,4601,3,110,4,2,-0.2814451269224306,0.012201359032695166
43000,oracle_event_oracle_qr,4601,3,110,8,2,-0.2814451269224306,0.012201359032695166
43000,oracle_event_oracle_qr,4601,3,110,16,2,-0.2814451269224306,0.012201359032695166
43000,oracle_event_oracle_qr,4604,3,110,1,1,-0.22738924873205404,0.007083228626547933
43000,oracle_event_oracle_qr,4604,3,110,4,3,0.3707676927746897,0.006837305432012889
43000,oracle_event_oracle_qr,4604,3,110,8,3,0.3707676927746897,0.006837305432012889
43000,oracle_event_oracle_qr,4604,3,110,16,3,0.3707676927746897,0.006837305432012889
43000,h_plus_total_variance,9,0,011,1,1,1.0046625911910598,0.007187816686338436
43000,h_plus_total_variance,9,0,011,4,4,0.5179256512433457,0.025940762897622538
43000,h_plus_total_variance,9,0,011,8,8,0.9652864614943212,0.11572538306548286
43000,h_plus_total_variance,9,0,011,16,16,0.9978943298662803,0.09175265703538396
43000,h_plus_total_variance,115,0,101,1,1,5.000203123783849,0.909778710718769
43000,h_plus_total_variance,115,0,101,4,4,1.5229174418737914,0.4227714979907768
43000,h_plus_total_variance,115,0,101,8,7,1.2087471560361245,0.26173775928226267
43000,h_plus_total_variance,115,0,101,16,7,1.2087471560361245,0.26173775928226267
43000,h_plus_total_variance,123,0,101,1,1,3.8073281955318365,0.0005274518952143193
43000,h_plus_total_variance,123,0,101,4,4,1.454614557199115,0.02293401411048585
43000,h_plus_total_variance,123,0,101,8,5,1.2315377563982801,0.018652333798864527
43000,h_plus_total_variance,123,0,101,16,5,1.2315377563982801,0.018652333798864527
43000,h_plus_total_variance,129,0,101,1,1,1.7702218657060156,0.0830186460652879
43000,h_plus_total_variance,129,0,101,4,4,1.1880750683322416,0.15007930464746663
43000,h_plus_total_variance,129,0,101,8,8,0.9450755020445654,0.12973550510738588
43000,h_plus_total_variance,129,0,101,16,15,1.0865671403553963,0.10461447431546746
43000,h_plus_total_variance,146,0,101,1,1,0.5946845370376463,0.23746645372276148
43000,h_plus_total_variance,146,0,101,4,4,1.003455073153868,0.10972859900862629
43000,h_plus_total_variance,146,0,101,8,8,0.8021832281809054,0.09061734207221753
43000,h_plus_total_variance,146,0,101,16,16,0.8259460869369581,0.07707576462932675
43000,h_plus_total_variance,166,0,101,1,1,1.550075305294342,0.025320426225220957
43000,h_plus_total_variance,166,0,101,4,4,0.9151279974143948,0.10828928383667441
43000,h_plus_total_variance,166,0,101,8,4,0.9151279974143948,0.10828928383667441
43000,h_plus_total_variance,166,0,101,16,4,0.9151279974143948,0.10828928383667441
43000,h_plus_total_variance,171,0,101,1,1,2.3479011888559755,0.09788898411255961
43000,h_plus_total_variance,171,0,101,4,4,1.004790030447915,0.051548422987255454
43000,h_plus_total_variance,171,0,101,8,8,0.8371625889194629,0.04473840082556054
43000,h_plus_total_variance,171,0,101,16,10,0.7748255403513119,0.044515165575236146
43000,h_plus_total_variance,182,0,101,1,1,1.2839703395765978,0.02310253999578787
43000,h_plus_total_variance,182,0,101,4,4,0.6731111799914702,0.06157265653924633
43000,h_plus_total_variance,182,0,101,8,8,0.9526263906586521,0.09586426921669164
43000,h_plus_total_variance,182,0,101,16,11,0.8685542015580979,0.09112989335237888
43000,h_plus_total_variance,195,0,101,1,1,0.5255262733065792,0.010140688394394871
43000,h_plus_total_variance,195,0,101,4,4,0.6100821057764667,0.08566051640164968
43000,h_plus_total_variance,195,0,101,8,8,0.6165273402821211,0.06883353185655366
43000,h_plus_total_variance,195,0,101,16,11,0.6233461788870654,0.07340992954877062
43000,h_plus_total_variance,207,0,101,1,1,1.567838342578046,0.26552792647734386
43000,h_plus_total_variance,207,0,101,4,4,1.0061766127952394,0.07456520475872618
43000,h_plus_total_variance,207,0,101,8,5,0.9014473964941067,0.059698620809246525
43000,h_plus_total_variance,207,0,101,16,5,0.9014473964941067,0.059698620809246525
43000,h_plus_total_variance,213,0,101,1,1,1.7620886586563265,0.35468253541155265
43000,h_plus_total_variance,213,0,101,4,4,0.8841553292957828,0.1562874828454154
43000,h_plus_total_variance,213,0,101,8,7,0.7121519572788736,0.11134511325846642
43000,h_plus_total_variance,213,0,101,16,7,0.7121519572788736,0.11134511325846642
43000,h_plus_total_variance,221,0,101,1,1,0.5714896312638733,0.034017739609953954
43000,h_plus_total_variance,221,0,101,4,4,0.32114978398644356,0.02462958117412409
43000,h_plus_total_variance,221,0,101,8,8,0.2590858936968312,0.017902240901547087
43000,h_plus_total_variance,221,0,101,16,16,0.27645890931421274,0.013521867117790506
43000,h_plus_total_variance,244,0,110,1,1,-0.1266600648314678,0.01051050685530111
43000,h_plus_total_variance,244,0,110,4,1,-0.1266600648314678,0.01051050685530111
43000,h_plus_total_variance,244,0,110,8,1,-0.1266600648314678,0.01051050685530111
43000,h_plus_total_variance,244,0,110,16,1,-0.1266600648314678,0.01051050685530111
43000,h_plus_total_variance,246,0,110,1,1,-0.02536283169664195,3.604313554754302e-05
43000,h_plus_total_variance,246,0,110,4,4,0.027247416137257008,0.0034367049066254584
43000,h_plus_total_variance,246,0,110,8,8,0.12495425813349711,0.004867908192360491
43000,h_plus_total_variance,246,0,110,16,16,0.00947743686551964,0.005451915084230165
43000,h_plus_total_variance,273,0,110,1,1,-0.004942382664930338,0.0021222063098503595
43000,h_plus_total_variance,273,0,110,4,4,-0.14830652828753066,0.0029605991354303947
43000,h_plus_total_variance,273,0,110,8,6,-0.04000769453816113,0.0057868847458026965
43000,h_plus_total_variance,273,0,110,16,6,-0.04000769453816113,0.0057868847458026965
43000,h_plus_total_variance,280,0,110,1,1,0.5695844920675897,0.022855712770887663
43000,h_plus_total_variance,280,0,110,4,4,-0.0070350584242304184,0.006906416871865745
43000,h_plus_total_variance,280,0,110,8,6,-0.06020634022379759,0.005676096162205459
43000,h_plus_total_variance,280,0,110,16,6,-0.06020634022379759,0.005676096162205459
43000,h_plus_total_variance,287,0,110,1,1,2.1178837803068515,0.15285125285799553
43000,h_plus_total_variance,287,0,110,4,4,1.4151927395862292,0.15408964701741207
43000,h_plus_total_variance,287,0,110,8,4,1.4151927395862292,0.15408964701741207
43000,h_plus_total_variance,287,0,110,16,4,1.4151927395862292,0.15408964701741207
43000,h_plus_total_variance,292,0,101,1,1,1.6011057837745728,0.0030994517599598303
43000,h_plus_total_variance,292,0,101,4,4,0.492761272760505,0.03929682705039747
43000,h_plus_total_variance,292,0,101,8,8,0.25581330715827955,0.03211325436539086
43000,h_plus_total_variance,292,0,101,16,16,0.5918462338243129,0.06414798832420585
43000,h_plus_total_variance,328,0,101,1,1,0.22209273202539592,0.17832647087674447
43000,h_plus_total_variance,328,0,101,4,4,1.4593036309214564,0.15759133916427925
43000,h_plus_total_variance,328,0,101,8,8,1.098370620802718,0.19802544944214137
43000,h_plus_total_variance,328,0,101,16,8,1.098370620802718,0.19802544944214137
43000,h_plus_total_variance,338,0,101,1,1,0.9888993956196617,0.014375165951230659
43000,h_plus_total_variance,338,0,101,4,4,0.4979910049264575,0.005300453058378854
43000,h_plus_total_variance,338,0,101,8,8,0.4114915222260714,0.01747220169602604
43000,h_plus_total_variance,338,0,101,16,16,0.7625182654085259,0.08361223341364002
43000,h_plus_total_variance,377,0,101,1,1,1.544781804658269,0.41463936835126197
43000,h_plus_total_variance,377,0,101,4,4,0.9730269706487766,0.14399413668524025
43000,h_plus_total_variance,377,0,101,8,8,0.8382578432336603,0.13711753385472708
43000,h_plus_total_variance,377,0,101,16,16,0.8395467629487487,0.09624298631340528
43000,h_plus_total_variance,422,0,101,1,1,0.632688906359743,8.87386710407519e-05
43000,h_plus_total_variance,422,0,101,4,2,0.9774803452678876,0.1945095919632475
43000,h_plus_total_variance,422,0,101,8,2,0.9774803452678876,0.1945095919632475
43000,h_plus_total_variance,422,0,101,16,2,0.9774803452678876,0.1945095919632475
43000,h_plus_total_variance,425,0,101,1,1,0.39649196535979636,0.05645526006495087
43000,h_plus_total_variance,425,0,101,4,4,1.119560421216391,0.12631031729090791
43000,h_plus_total_variance,425,0,101,8,4,1.119560421216391,0.12631031729090791
43000,h_plus_total_variance,425,0,101,16,4,1.119560421216391,0.12631031729090791
43000,h_plus_total_variance,430,0,101,1,1,0.7180785144137276,0.00010974241490601305
43000,h_plus_total_variance,430,0,101,4,4,1.179269277339596,0.18343331863144155
43000,h_plus_total_variance,430,0,101,8,8,1.3504055280125082,0.2235272538522105
43000,h_plus_total_variance,430,0,101,16,16,1.0573536746269845,0.1568904708506872
43000,h_plus_total_variance,465,0,111,1,1,0.7801689464035599,0.15531644217372717
43000,h_plus_total_variance,465,0,111,4,4,0.5726010854313749,0.21085586702998355
43000,h_plus_total_variance,465,0,111,8,8,0.6540211731560923,0.21473788036381458
43000,h_plus_total_variance,465,0,111,16,13,0.7006415739646429,0.16956822299688612
43000,h_plus_total_variance,480,0,111,1,1,1.9054922642859804,0.008558499900775307
43000,h_plus_total_variance,480,0,111,4,4,1.5713327801649886,0.09630715656337735
43000,h_plus_total_variance,480,0,111,8,8,1.3127820951150446,0.0882820877689339
43000,h_plus_total_variance,480,0,111,16,8,1.3127820951150446,0.0882820877689339
43000,h_plus_total_variance,489,0,111,1,1,2.32153721759522,0.18314089587145588
43000,h_plus_total_variance,489,0,111,4,4,1.4328345239199658,0.07213855800848834
43000,h_plus_total_variance,489,0,111,8,4,1.4328345239199658,0.07213855800848834
43000,h_plus_total_variance,489,0,111,16,4,1.4328345239199658,0.07213855800848834
43000,h_plus_total_variance,494,0,111,1,1,0.7069193864935222,0.06915005803332336
43000,h_plus_total_variance,494,0,111,4,4,0.666954812670725,0.03756922091243711
43000,h_plus_total_variance,494,0,111,8,8,0.8656105626032367,0.04981647881898545
43000,h_plus_total_variance,494,0,111,16,13,0.8517603446624344,0.04946274599370385
43000,h_plus_total_variance,508,0,111,1,1,0.5049907019215614,0.12301475120106961
43000,h_plus_total_variance,508,0,111,4,4,0.6396947538630895,0.1430126048935766
43000,h_plus_total_variance,508,0,111,8,8,1.0386533611223467,0.1994039234887781
43000,h_plus_total_variance,508,0,111,16,8,1.0386533611223467,0.1994039234887781
43000,h_plus_total_variance,517,0,111,1,1,0.5662978927064802,0.014027359427539465
43000,h_plus_total_variance,517,0,111,4,1,0.5662978927064802,0.014027359427539465
43000,h_plus_total_variance,517,0,111,8,1,0.5662978927064802,0.014027359427539465
43000,h_plus_total_variance,517,0,111,16,1,0.5662978927064802,0.014027359427539465
43000,h_plus_total_variance,519,0,111,1,1,0.8996441618911587,0.04196792493932164
43000,h_plus_total_variance,519,0,111,4,4,0.7114703546365958,0.022811937930537582
43000,h_plus_total_variance,519,0,111,8,4,0.7114703546365958,0.022811937930537582
43000,h_plus_total_variance,519,0,111,16,4,0.7114703546365958,0.022811937930537582
43000,h_plus_total_variance,524,0,111,1,1,0.9448829168706859,0.15521350182986726
43000,h_plus_total_variance,524,0,111,4,2,0.9299730501309539,0.07771370788960714
43000,h_plus_total_variance,524,0,111,8,2,0.9299730501309539,0.07771370788960714
43000,h_plus_total_variance,524,0,111,16,2,0.9299730501309539,0.07771370788960714
43000,h_plus_total_variance,527,0,111,1,1,1.4730688287249551,0.30545963315192026
43000,h_plus_total_variance,527,0,111,4,4,1.0922561921153404,0.17054099114940424
43000,h_plus_total_variance,527,0,111,8,8,1.0988167809631286,0.13781133703650572
43000,h_plus_total_variance,527,0,111,16,16,1.0885820534526651,0.11491321940715711
43000,h_plus_total_variance,548,0,111,1,1,1.1136315565116113,0.011420140280107854
43000,h_plus_total_variance,548,0,111,4,2,0.8319892923518611,0.006394615353292253
43000,h_plus_total_variance,548,0,111,8,2,0.8319892923518611,0.006394615353292253
43000,h_plus_total_variance,548,0,111,16,2,0.8319892923518611,0.006394615353292253
43000,h_plus_total_variance,551,0,111,1,1,1.2674567693586207,0.03216177469825251
43000,h_plus_total_variance,551,0,111,4,4,1.080167313190309,0.10548021977104599
43000,h_plus_total_variance,551,0,111,8,8,1.0482628007171577,0.11129324168468034
43000,h_plus_total_variance,551,0,111,16,16,1.0485868848466646,0.15395740072915656
43000,h_plus_total_variance,588,0,111,1,1,0.5877112818967731,0.14499548702881307
43000,h_plus_total_variance,588,0,111,4,4,0.5021563850670274,0.1292851678655116
43000,h_plus_total_variance,588,0,111,8,8,1.1354102705305276,0.22219578234740675
43000,h_plus_total_variance,588,0,111,16,16,0.9882707519452157,0.15641055222359687
43000,h_plus_total_variance,614,0,110,1,1,0.4212771034330278,0.0008431737934785672
43000,h_plus_total_variance,614,0,110,4,4,0.4218709407265948,0.00027953142213687273
43000,h_plus_total_variance,614,0,110,8,8,0.3636638093397298,0.003415325789999608
43000,h_plus_total_variance,614,0,110,16,16,0.35061885548206895,0.003830562027679108
43000,h_plus_total_variance,640,0,110,1,1,0.006221814582332855,0.009333031531288775
43000,h_plus_total_variance,640,0,110,4,4,0.08955394834030221,0.012774953687030808
43000,h_plus_total_variance,640,0,110,8,8,0.07940561650286498,0.012446449925771865
43000,h_plus_total_variance,640,0,110,16,12,0.1151541781528526,0.014398074430599385
43000,h_plus_total_variance,653,0,110,1,1,0.17076044466492502,0.009073648676820568
43000,h_plus_total_variance,653,0,110,4,3,-0.00769149493107089,0.005629566498961294
43000,h_plus_total_variance,653,0,110,8,3,-0.00769149493107089,0.005629566498961294
43000,h_plus_total_variance,653,0,110,16,3,-0.00769149493107089,0.005629566498961294
43000,h_plus_total_variance,657,0,110,1,1,0.11344525854475607,0.005530441103167349
43000,h_plus_total_variance,657,0,110,4,1,0.11344525854475607,0.005530441103167349
43000,h_plus_total_variance,657,0,110,8,1,0.11344525854475607,0.005530441103167349
43000,h_plus_total_variance,657,0,110,16,1,0.11344525854475607,0.005530441103167349
43000,h_plus_total_variance,659,0,110,1,1,-0.16722697121972968,0.0038218128629592366
43000,h_plus_total_variance,659,0,110,4,4,-0.11832175799250998,0.0032276860097617413
43000,h_plus_total_variance,659,0,110,8,8,-0.17024103951933464,0.004066477612117754
43000,h_plus_total_variance,659,0,110,16,13,-0.21304890335473645,0.0063231914849091915
43000,h_plus_total_variance,673,0,110,1,1,1.549262750126174,0.007428249444319948
43000,h_plus_total_variance,673,0,110,4,4,0.9442417444688656,0.00926024015280365
43000,h_plus_total_variance,673,0,110,8,8,0.5846048648127457,0.008714452412610995
43000,h_plus_total_variance,673,0,110,16,16,0.3614549596654726,0.010118967756550846
43000,h_plus_total_variance,698,0,110,1,1,0.480510028872241,0.013972187299549762
43000,h_plus_total_variance,698,0,110,4,4,0.40585182368666634,0.004823062941167562
43000,h_plus_total_variance,698,0,110,8,8,0.7261094561521734,0.11428781153863761
43000,h_plus_total_variance,698,0,110,16,16,1.5711914392395072,0.13746959684949378
43000,h_plus_total_variance,807,0,110,1,1,0.0018842246027888183,0.00045746419656673753
43000,h_plus_total_variance,807,0,110,4,3,0.06205256903269437,0.004533268344514941
43000,h_plus_total_variance,807,0,110,8,3,0.06205256903269437,0.004533268344514941
43000,h_plus_total_variance,807,0,110,16,3,0.06205256903269437,0.004533268344514941
43000,h_plus_total_variance,811,0,110,1,1,0.30058664769462373,0.01241893366508411
43000,h_plus_total_variance,811,0,110,4,2,0.08696286653111256,0.006441775317322794
43000,h_plus_total_variance,811,0,110,8,2,0.08696286653111256,0.006441775317322794
43000,h_plus_total_variance,811,0,110,16,2,0.08696286653111256,0.006441775317322794
43000,h_plus_total_variance,814,0,110,1,1,-0.19992916929263432,0.00017862048183394917
43000,h_plus_total_variance,814,0,110,4,4,0.1444234774289072,0.0077839286301856735
43000,h_plus_total_variance,814,0,110,8,8,0.016200782052749205,0.004699924377421963
43000,h_plus_total_variance,814,0,110,16,9,0.1400747264203272,0.004209480479170639
43000,h_plus_total_variance,824,0,110,1,1,0.04131802160662103,0.006250617724467096
43000,h_plus_total_variance,824,0,110,4,2,0.2715791569775107,0.006182214256943933
43000,h_plus_total_variance,824,0,110,8,2,0.2715791569775107,0.006182214256943933
43000,h_plus_total_variance,824,0,110,16,2,0.2715791569775107,0.006182214256943933
43000,h_plus_total_variance,827,0,110,1,1,0.28185651979159704,0.00766245268369259
43000,h_plus_total_variance,827,0,110,4,4,0.2857216876330547,0.008050436429199271
43000,h_plus_total_variance,827,0,110,8,4,0.2857216876330547,0.008050436429199271
43000,h_plus_total_variance,827,0,110,16,4,0.2857216876330547,0.008050436429199271
43000,h_plus_total_variance,832,0,110,1,1,0.16733535200272254,0.0003405638301069199
43000,h_plus_total_variance,832,0,110,4,4,-0.017821893030181404,0.004831890544126138
43000,h_plus_total_variance,832,0,110,8,8,0.19257830516649724,0.005795234448302919
43000,h_plus_total_variance,832,0,110,16,16,0.04286876937454377,0.006305554815990587
43000,h_plus_total_variance,849,0,110,1,1,-0.07028614674863658,0.07304355572497577
43000,h_plus_total_variance,849,0,110,4,4,0.7394129083178127,0.022543632492026386
43000,h_plus_total_variance,849,0,110,8,8,0.3679358851587227,0.016340457522357184
43000,h_plus_total_variance,849,0,110,16,16,0.05390562846593574,0.013520150696683138
43000,h_plus_total_variance,869,0,110,1,1,-0.4847776676820012,0.0010998984195916238
43000,h_plus_total_variance,869,0,110,4,4,-0.45996190685680954,0.0025871098326912573
43000,h_plus_total_variance,869,0,110,8,8,-0.3902906397460594,0.00326463676709037
43000,h_plus_total_variance,869,0,110,16,9,-0.41227566917404235,0.0029542853617727577
43000,h_plus_total_variance,879,0,110,1,1,-0.5511075351764004,0.0005630431109009484
43000,h_plus_total_variance,879,0,110,4,4,0.7086136931012545,0.011572387275587827
43000,h_plus_total_variance,879,0,110,8,4,0.7086136931012545,0.011572387275587827
43000,h_plus_total_variance,879,0,110,16,4,0.7086136931012545,0.011572387275587827
43000,h_plus_total_variance,884,0,110,1,1,-0.37590957762809846,3.138145344878691e-05
43000,h_plus_total_variance,884,0,110,4,4,-0.14186776142131394,0.009308692884660817
43000,h_plus_total_variance,884,0,110,8,8,0.246730090425049,0.014746248138294539
43000,h_plus_total_variance,884,0,110,16,16,1.0896107555283208,0.11191815512595735
43000,h_plus_total_variance,1060,0,111,1,1,0.5218011092123798,0.015196908815678601
43000,h_plus_total_variance,1060,0,111,4,4,0.804387652469747,0.14699646149227524
43000,h_plus_total_variance,1060,0,111,8,5,0.7293092183320037,0.21391835748332397
43000,h_plus_total_variance,1060,0,111,16,5,0.7293092183320037,0.21391835748332397
43000,h_plus_total_variance,1066,0,111,1,1,1.1925156197175082,0.19202937048801325
43000,h_plus_total_variance,1066,0,111,4,2,1.679032052532361,0.13365874991854426
43000,h_plus_total_variance,1066,0,111,8,2,1.679032052532361,0.13365874991854426
43000,h_plus_total_variance,1066,0,111,16,2,1.679032052532361,0.13365874991854426
43000,h_plus_total_variance,1069,0,111,1,1,1.3495784817744179,0.18739694162399442
43000,h_plus_total_variance,1069,0,111,4,1,1.3495784817744179,0.18739694162399442
43000,h_plus_total_variance,1069,0,111,8,1,1.3495784817744179,0.18739694162399442
43000,h_plus_total_variance,1069,0,111,16,1,1.3495784817744179,0.18739694162399442
43000,h_plus_total_variance,1071,0,111,1,1,1.2698532021877573,0.03571697984319161
43000,h_plus_total_variance,1071,0,111,4,4,0.7651188335419999,0.010157117759297979
43000,h_plus_total_variance,1071,0,111,8,8,0.6934949748397758,0.021483525942057668
43000,h_plus_total_variance,1071,0,111,16,16,0.8469850881010578,0.11157385086465724
43000,h_plus_total_variance,1106,0,111,1,1,1.3513827751927525,0.21432952865732724
43000,h_plus_total_variance,1106,0,111,4,4,0.9973075404542009,0.08094581452055358
43000,h_plus_total_variance,1106,0,111,8,8,0.7523472228777829,0.05421724222032881
43000,h_plus_total_variance,1106,0,111,16,16,0.6121894726215498,0.07423035062877059
43000,h_plus_total_variance,1140,0,111,1,1,0.9043285600128078,0.10596379329626746
43000,h_plus_total_variance,1140,0,111,4,1,0.9043285600128078,0.10596379329626746
43000,h_plus_total_variance,1140,0,111,8,1,0.9043285600128078,0.10596379329626746
43000,h_plus_total_variance,1140,0,111,16,1,0.9043285600128078,0.10596379329626746
43000,h_plus_total_variance,1142,0,111,1,1,0.19495051213928566,0.1624776278415057
43000,h_plus_total_variance,1142,0,111,4,2,0.44548266936258496,0.12782044435515955
43000,h_plus_total_variance,1142,0,111,8,2,0.44548266936258496,0.12782044435515955
43000,h_plus_total_variance,1142,0,111,16,2,0.44548266936258496,0.12782044435515955
43000,h_plus_total_variance,1145,0,111,1,1,0.21272350956414296,0.010942761982337122
43000,h_plus_total_variance,1145,0,111,4,4,0.1569100900773919,0.062196153567208624
43000,h_plus_total_variance,1145,0,111,8,4,0.1569100900773919,0.062196153567208624
43000,h_plus_total_variance,1145,0,111,16,4,0.1569100900773919,0.062196153567208624
43000,h_plus_total_variance,1150,0,111,1,1,1.3760811726074895,0.10562147729152907
43000,h_plus_total_variance,1150,0,111,4,1,1.3760811726074895,0.10562147729152907
43000,h_plus_total_variance,1150,0,111,8,1,1.3760811726074895,0.10562147729152907
43000,h_plus_total_variance,1150,0,111,16,1,1.3760811726074895,0.10562147729152907
43000,h_plus_total_variance,1312,1,110,1,1,0.47907157392794164,0.005318368643177826
43000,h_plus_total_variance,1312,1,110,4,4,0.3212924955632766,0.006664669756567827
43000,h_plus_total_variance,1312,1,110,8,8,0.22712202496013548,0.00840588808924053
43000,h_plus_total_variance,1312,1,110,16,11,0.24897407220787457,0.007198346812839252
43000,h_plus_total_variance,1324,1,110,1,1,0.024076121743174923,0.036048101382137133
43000,h_plus_total_variance,1324,1,110,4,4,0.8236941387247355,0.021650836716405164
43000,h_plus_total_variance,1324,1,110,8,8,0.5750089191362964,0.0178429220668487
43000,h_plus_total_variance,1324,1,110,16,16,0.5237229775747108,0.012811922582092456
43000,h_plus_total_variance,1352,1,110,1,1,0.6067847255838208,0.0017503699523640172
43000,h_plus_total_variance,1352,1,110,4,4,0.08782008025060001,0.009043326013322887
43000,h_plus_total_variance,1352,1,110,8,8,0.13947821855269063,0.008703397639510644
43000,h_plus_total_variance,1352,1,110,16,16,0.19115279159228477,0.012809496385882961
43000,h_plus_total_variance,1373,1,110,1,1,-0.2486485678609684,0.011195675232926972
43000,h_plus_total_variance,1373,1,110,4,4,0.12598441685345219,0.00884075477808724
43000,h_plus_total_variance,1373,1,110,8,8,0.061521237426001386,0.01148114753381443
43000,h_plus_total_variance,1373,1,110,16,16,0.20047115526930245,0.011412479743249784
43000,h_plus_total_variance,1395,1,110,1,1,0.03107041650990912,0.004536913955436018
43000,h_plus_total_variance,1395,1,110,4,4,-0.05208128848169688,0.014601653645607133
43000,h_plus_total_variance,1395,1,110,8,4,-0.05208128848169688,0.014601653645607133
43000,h_plus_total_variance,1395,1,110,16,4,-0.05208128848169688,0.014601653645607133
43000,h_plus_total_variance,1401,1,110,1,1,-0.1164350265095268,0.013458163105039096
43000,h_plus_total_variance,1401,1,110,4,4,-0.15418826970997412,0.006803484692244375
43000,h_plus_total_variance,1401,1,110,8,8,-0.12418610387278951,0.004166474393365582
43000,h_plus_total_variance,1401,1,110,16,15,-0.11329490972649489,0.004574713129694831
43000,h_plus_total_variance,1417,1,110,1,1,-0.3299840348518464,0.0013029671258793262
43000,h_plus_total_variance,1417,1,110,4,4,0.2815032884096456,0.016513056769971713
43000,h_plus_total_variance,1417,1,110,8,8,0.02475727334905875,0.012115490336133149
43000,h_plus_total_variance,1417,1,110,16,16,0.4112749113171772,0.014456366208842782
43000,h_plus_total_variance,1452,1,111,1,1,3.1068961471151564,0.4229738671238181
43000,h_plus_total_variance,1452,1,111,4,4,2.0406513810656226,0.24605977021465872
43000,h_plus_total_variance,1452,1,111,8,7,1.7375616496555721,0.2052945520492648
43000,h_plus_total_variance,1452,1,111,16,7,1.7375616496555721,0.2052945520492648
43000,h_plus_total_variance,1460,1,111,1,1,0.49904209028800955,0.08876587639404984
43000,h_plus_total_variance,1460,1,111,4,4,0.7821163458357362,0.12585535147400298
43000,h_plus_total_variance,1460,1,111,8,8,0.8218830060731832,0.07941201242814047
43000,h_plus_total_variance,1460,1,111,16,16,0.751709393545423,0.11445885532059413
43000,h_plus_total_variance,1485,1,111,1,1,2.1213237207624713,0.05235044345559544
43000,h_plus_total_variance,1485,1,111,4,4,1.1021252723820072,0.2101299176959059
43000,h_plus_total_variance,1485,1,111,8,8,0.946337804368389,0.14733841901358008
43000,h_plus_total_variance,1485,1,111,16,11,0.8181732689158345,0.1088453638546027
43000,h_plus_total_variance,1497,1,111,1,1,1.9931896015033503,0.02482936988264934
43000,h_plus_total_variance,1497,1,111,4,3,0.9659270124823268,0.023963303999427348
43000,h_plus_total_variance,1497,1,111,8,3,0.9659270124823268,0.023963303999427348
43000,h_plus_total_variance,1497,1,111,16,3,0.9659270124823268,0.023963303999427348
43000,h_plus_total_variance,1501,1,111,1,1,2.8497000921728652,3.344209508729137e-06
43000,h_plus_total_variance,1501,1,111,4,4,1.2255150821416327,0.09868663631508048
43000,h_plus_total_variance,1501,1,111,8,4,1.2255150821416327,0.09868663631508048
43000,h_plus_total_variance,1501,1,111,16,4,1.2255150821416327,0.09868663631508048
43000,h_plus_total_variance,1506,1,101,1,1,2.960660640616389,0.3077602903951403
43000,h_plus_total_variance,1506,1,101,4,4,1.2950590679284786,0.11039826287191354
43000,h_plus_total_variance,1506,1,101,8,8,1.1043383724916476,0.07923361603967659
43000,h_plus_total_variance,1506,1,101,16,16,0.8883974823032442,0.06406648675997187
43000,h_plus_total_variance,1552,1,101,1,1,1.4051361138955198,0.03198881545151345
43000,h_plus_total_variance,1552,1,101,4,1,1.4051361138955198,0.03198881545151345
43000,h_plus_total_variance,1552,1,101,8,1,1.4051361138955198,0.03198881545151345
43000,h_plus_total_variance,1552,1,101,16,1,1.4051361138955198,0.03198881545151345
43000,h_plus_total_variance,1555,1,101,1,1,0.3378746961191599,0.04147827866995869
43000,h_plus_total_variance,1555,1,101,4,4,0.29724455727050264,0.023660562831272058
43000,h_plus_total_variance,1555,1,101,8,7,0.3173244774173432,0.023286263120050537
43000,h_plus_total_variance,1555,1,101,16,7,0.3173244774173432,0.023286263120050537
43000,h_plus_total_variance,1563,1,101,1,1,0.4838837089504567,0.0015009782660029122
43000,h_plus_total_variance,1563,1,101,4,2,0.7746422415457106,0.09765421545431342
43000,h_plus_total_variance,1563,1,101,8,2,0.7746422415457106,0.09765421545431342
43000,h_plus_total_variance,1563,1,101,16,2,0.7746422415457106,0.09765421545431342
43000,h_plus_total_variance,1566,1,101,1,1,1.776222082319516,0.10983155536471181
43000,h_plus_total_variance,1566,1,101,4,4,1.073071540696511,0.0577895583480715
43000,h_plus_total_variance,1566,1,101,8,8,1.1111117625069105,0.128491521013866
43000,h_plus_total_variance,1566,1,101,16,16,0.9372642623447103,0.09889572098546717
43000,h_plus_total_variance,1594,1,101,1,1,0.40413501047358674,0.008385518651082164
43000,h_plus_total_variance,1594,1,101,4,4,0.6781198586969227,0.22114733134938824
43000,h_plus_total_variance,1594,1,101,8,8,0.6945254635516838,0.11716331408522518
43000,h_plus_total_variance,1594,1,101,16,16,0.7335996380109904,0.13205114737328189
43000,h_plus_total_variance,1611,1,111,1,1,0.3641143731336359,0.01831527837111033
43000,h_plus_total_variance,1611,1,111,4,4,0.6671008165232619,0.19143042424603043
43000,h_plus_total_variance,1611,1,111,8,5,0.6263307534544419,0.21092074076364678
43000,h_plus_total_variance,1611,1,111,16,5,0.6263307534544419,0.21092074076364678
43000,h_plus_total_variance,1617,1,111,1,1,4.506003902729326,0.5270290556439432
43000,h_plus_total_variance,1617,1,111,4,4,2.4602655590941573,0.23694256489513138
43000,h_plus_total_variance,1617,1,111,8,8,2.118675696367445,0.19968013258528114
43000,h_plus_total_variance,1617,1,111,16,9,2.0067490522990976,0.1778546961767134
43000,h_plus_total_variance,1627,1,111,1,1,0.6507523929227809,0.0013329343661596523
43000,h_plus_total_variance,1627,1,111,4,4,1.051218320241866,0.33068721582341415
43000,h_plus_total_variance,1627,1,111,8,8,0.8706662413985797,0.19283067922659747
43000,h_plus_total_variance,1627,1,111,16,14,1.1552765463981207,0.29163595556609845
43000,h_plus_total_variance,1642,1,111,1,1,0.4613392181425955,0.0008150528396266151
43000,h_plus_total_variance,1642,1,111,4,4,0.5863967377738063,0.00763357848895069
43000,h_plus_total_variance,1642,1,111,8,8,0.9880847974013379,0.05282801975706066
43000,h_plus_total_variance,1642,1,111,16,16,0.8807305844878441,0.05715799765293979
43000,h_plus_total_variance,1680,1,111,1,1,1.566398524934683,0.02579059703277844
43000,h_plus_total_variance,1680,1,111,4,1,1.566398524934683,0.02579059703277844
43000,h_plus_total_variance,1680,1,111,8,1,1.566398524934683,0.02579059703277844
43000,h_plus_total_variance,1680,1,111,16,1,1.566398524934683,0.02579059703277844
43000,h_plus_total_variance,1682,1,111,1,1,0.6829612817976187,0.0383357064527898
43000,h_plus_total_variance,1682,1,111,4,4,1.0968756555454702,0.2563847270049505
43000,h_plus_total_variance,1682,1,111,8,8,0.8684900158981148,0.17776373993344857
43000,h_plus_total_variance,1682,1,111,16,16,0.8073424115895339,0.11068669671231775
43000,h_plus_total_variance,1699,1,111,1,1,0.9155216409138894,0.1167057672937975
43000,h_plus_total_variance,1699,1,111,4,4,0.6474107062770934,0.08603031878059036
43000,h_plus_total_variance,1699,1,111,8,8,0.8057665771168373,0.12198445217751235
43000,h_plus_total_variance,1699,1,111,16,16,0.7756533671243092,0.11528815301685238
43000,h_plus_total_variance,1721,1,111,1,1,0.4836436848153128,0.07662213144284367
43000,h_plus_total_variance,1721,1,111,4,4,0.43918848142709144,0.06070070917261993
43000,h_plus_total_variance,1721,1,111,8,8,0.40668422864759507,0.08355734458028777
43000,h_plus_total_variance,1721,1,111,16,16,0.33010396263446795,0.046535397767195084
43000,h_plus_total_variance,1800,1,101,1,1,1.8204027664676852,6.155399948722618e-05
43000,h_plus_total_variance,1800,1,101,4,4,0.735308594010617,0.01219646990190836
43000,h_plus_total_variance,1800,1,101,8,8,0.7248487391809351,0.03870601558683474
43000,h_plus_total_variance,1800,1,101,16,16,0.8084560773652911,0.08484515301513326
43000,h_plus_total_variance,1825,1,101,1,1,0.31093264793313136,0.008280039880717106
43000,h_plus_total_variance,1825,1,101,4,4,0.6288709992322462,0.12274971836143792
43000,h_plus_total_variance,1825,1,101,8,8,0.5743102302418006,0.07206796041060723
43000,h_plus_total_variance,1825,1,101,16,16,0.5792775827990921,0.09688054713289498
43000,h_plus_total_variance,1842,1,101,1,1,0.453365139254056,0.02397248792583013
43000,h_plus_total_variance,1842,1,101,4,4,0.5662372148630703,0.0968750101083104
43000,h_plus_total_variance,1842,1,101,8,4,0.5662372148630703,0.0968750101083104
43000,h_plus_total_variance,1842,1,101,16,4,0.5662372148630703,0.0968750101083104
43000,h_plus_total_variance,1847,1,101,1,1,1.3163249285113836,0.057662049378921436
43000,h_plus_total_variance,1847,1,101,4,4,0.5155677331219659,0.08363659543066487
43000,h_plus_total_variance,1847,1,101,8,8,0.845081582017198,0.09992401721912617
43000,h_plus_total_variance,1847,1,101,16,12,0.8715367605157237,0.10459820601191104
43000,h_plus_total_variance,1860,1,101,1,1,0.4222001637419413,1.2632233448165227e-05
43000,h_plus_total_variance,1860,1,101,4,4,0.5642975661066807,0.04390496032624857
43000,h_plus_total_variance,1860,1,101,8,6,0.519376072281849,0.06277882660283023
43000,h_plus_total_variance,1860,1,101,16,6,0.519376072281849,0.06277882660283023
43000,h_plus_total_variance,1867,1,101,1,1,0.387804826483122,0.005025010991060533
43000,h_plus_total_variance,1867,1,101,4,4,0.6348180037201949,0.029174702672117275
43000,h_plus_total_variance,1867,1,101,8,8,0.5526096935175699,0.045984294856812616
43000,h_plus_total_variance,1867,1,101,16,11,0.49000917017947965,0.03526292274021254
43000,h_plus_total_variance,1879,1,101,1,1,4.00325879753005,0.1632361101422875
43000,h_plus_total_variance,1879,1,101,4,4,1.468461854121256,0.08064712307310168
43000,h_plus_total_variance,1879,1,101,8,8,1.0225552396879816,0.07267449368869286
43000,h_plus_total_variance,1879,1,101,16,13,0.8883599421590419,0.06860333536767457
43000,h_plus_total_variance,1893,1,101,1,1,0.38295937025365584,7.759137683360311e-07
43000,h_plus_total_variance,1893,1,101,4,4,1.3131643401149018,0.13273917209650912
43000,h_plus_total_variance,1893,1,101,8,8,1.0926308225246104,0.14783972246753915
43000,h_plus_total_variance,1893,1,101,16,13,1.035780962767765,0.1157080189016427
43000,h_plus_total_variance,1907,1,101,1,1,0.9652882983787329,0.018281164839516084
43000,h_plus_total_variance,1907,1,101,4,4,0.6487230620795801,0.051701361105069045
43000,h_plus_total_variance,1907,1,101,8,6,0.5633874236698987,0.06216880407585251
43000,h_plus_total_variance,1907,1,101,16,6,0.5633874236698987,0.06216880407585251
43000,h_plus_total_variance,1914,1,101,1,1,3.3819834082209765,0.08242170016991598
43000,h_plus_total_variance,1914,1,101,4,4,1.827058233879489,0.06520971933232232
43000,h_plus_total_variance,1914,1,101,8,8,1.602927451059875,0.1650118595276343
43000,h_plus_total_variance,1914,1,101,16,16,1.1679318353620367,0.1060313064239326
43000,h_plus_total_variance,1931,1,101,1,1,0.8789641554276081,0.1371799175606006
43000,h_plus_total_variance,1931,1,101,4,4,0.7403960274367323,0.13359857406391296
43000,h_plus_total_variance,1931,1,101,8,8,0.6949890781381636,0.1186719257133425
43000,h_plus_total_variance,1931,1,101,16,11,0.8935356419137851,0.12464939683721851
43000,h_plus_total_variance,1943,1,101,1,1,0.6287933509962864,0.002877292852071822
43000,h_plus_total_variance,1943,1,101,4,4,0.6362802750952521,0.011638749549210643
43000,h_plus_total_variance,1943,1,101,8,6,0.7065956032160531,0.0263197350068734
43000,h_plus_total_variance,1943,1,101,16,6,0.7065956032160531,0.0263197350068734
43000,h_plus_total_variance,1950,1,101,1,1,0.7456857940707862,0.1300693873066194
43000,h_plus_total_variance,1950,1,101,4,4,0.7623109184276975,0.14583049762282985
43000,h_plus_total_variance,1950,1,101,8,5,0.7262002071582438,0.11800228742125336
43000,h_plus_total_variance,1950,1,101,16,5,0.7262002071582438,0.11800228742125336
43000,h_plus_total_variance,1956,1,101,1,1,1.0604252096329814,0.1453754061323637
43000,h_plus_total_variance,1956,1,101,4,4,0.7200174274586006,0.04736889859291254
43000,h_plus_total_variance,1956,1,101,8,8,0.5737243309284574,0.029161764091943966
43000,h_plus_total_variance,1956,1,101,16,15,0.6045013734572839,0.06879627325797474
43000,h_plus_total_variance,1972,1,101,1,1,0.5056585203056373,0.0853181635389362
43000,h_plus_total_variance,1972,1,101,4,4,0.646515772729915,0.07825934527739223
43000,h_plus_total_variance,1972,1,101,8,8,0.5617540414915886,0.04575209960580821
43000,h_plus_total_variance,1972,1,101,16,16,0.8387153691564179,0.09019035999023556
43000,h_plus_total_variance,2116,1,111,1,1,0.7614429829299204,0.010319364546088748
43000,h_plus_total_variance,2116,1,111,4,4,0.6889132523663479,0.017479977280222304
43000,h_plus_total_variance,2116,1,111,8,8,0.6058966781561758,0.02411960502182235
43000,h_plus_total_variance,2116,1,111,16,9,0.5993502150490688,0.048114382520548594
43000,h_plus_total_variance,2126,1,111,1,1,1.7853318402088152,0.0019224013431735883
43000,h_plus_total_variance,2126,1,111,4,1,1.7853318402088152,0.0019224013431735883
43000,h_plus_total_variance,2126,1,111,8,1,1.7853318402088152,0.0019224013431735883
43000,h_plus_total_variance,2126,1,111,16,1,1.7853318402088152,0.0019224013431735883
43000,h_plus_total_variance,2129,1,111,1,1,0.8301948805146487,0.3587894531398153
43000,h_plus_total_variance,2129,1,111,4,4,1.166161389101902,0.11693587390468047
43000,h_plus_total_variance,2129,1,111,8,8,0.9463887111921346,0.08153375000229908
43000,h_plus_total_variance,2129,1,111,16,16,0.8587530175865546,0.11347939603754831
43000,h_plus_total_variance,2149,1,111,1,1,0.5404769790655214,0.007941513535350954
43000,h_plus_total_variance,2149,1,111,4,4,0.49530079841877594,0.024447969538775934
43000,h_plus_total_variance,2149,1,111,8,5,0.48578113941856615,0.019563275738577697
43000,h_plus_total_variance,2149,1,111,16,5,0.48578113941856615,0.019563275738577697
43000,h_plus_total_variance,2155,1,111,1,1,0.36873466781429715,0.023645621815491295
43000,h_plus_total_variance,2155,1,111,4,4,0.45029421300167005,0.022189439105806952
43000,h_plus_total_variance,2155,1,111,8,8,0.5474874568221337,0.05079021911678225
43000,h_plus_total_variance,2155,1,111,16,10,0.6924397222012653,0.04603768381636368
43000,h_plus_total_variance,2166,1,111,1,1,3.6139596228153033,0.44612904059176967
43000,h_plus_total_variance,2166,1,111,4,2,2.175434967218393,0.2641553658724642
43000,h_plus_total_variance,2166,1,111,8,2,2.175434967218393,0.2641553658724642
43000,h_plus_total_variance,2166,1,111,16,2,2.175434967218393,0.2641553658724642
43000,h_plus_total_variance,2169,1,111,1,1,1.093082271406193,0.006581893473018569
43000,h_plus_total_variance,2169,1,111,4,1,1.093082271406193,0.006581893473018569
43000,h_plus_total_variance,2169,1,111,8,1,1.093082271406193,0.006581893473018569
43000,h_plus_total_variance,2169,1,111,16,1,1.093082271406193,0.006581893473018569
43000,h_plus_total_variance,2171,1,111,1,1,0.4902262206677578,0.6331994784954725
43000,h_plus_total_variance,2171,1,111,4,3,0.6981862280525083,0.2642457397336871
43000,h_plus_total_variance,2171,1,111,8,3,0.6981862280525083,0.2642457397336871
43000,h_plus_total_variance,2171,1,111,16,3,0.6981862280525083,0.2642457397336871
43000,h_plus_total_variance,2175,1,111,1,1,0.5100454721983708,0.012729190336976743
43000,h_plus_total_variance,2175,1,111,4,4,0.44770855617608935,0.02192791574397433
43000,h_plus_total_variance,2175,1,111,8,8,0.5035211761091799,0.13112775576481314
43000,h_plus_total_variance,2175,1,111,16,16,0.715577125591891,0.16625478116700798
43000,h_plus_total_variance,2202,1,111,1,1,2.056240133695381,0.03885215885460938
43000,h_plus_total_variance,2202,1,111,4,4,1.2025571350021307,0.025954994053693663
43000,h_plus_total_variance,2202,1,111,8,8,0.8046017384919797,0.015217631764263401
43000,h_plus_total_variance,2202,1,111,16,11,0.6585236881581483,0.012007132423650453
43000,h_plus_total_variance,2214,1,110,1,1,0.26517068259618004,0.0191338100338518
43000,h_plus_total_variance,2214,1,110,4,4,0.1810645358285796,0.011543619242301037
43000,h_plus_total_variance,2214,1,110,8,8,0.2130106540161904,0.01065974861194309
43000,h_plus_total_variance,2214,1,110,16,9,0.1893061064731826,0.010948884377934117
43000,h_plus_total_variance,2224,1,110,1,1,0.04405329439057591,0.0326764607882097
43000,h_plus_total_variance,2224,1,110,4,4,0.2728848242868494,0.008806502359364475
43000,h_plus_total_variance,2224,1,110,8,8,0.2099790067484386,0.007443323083975786
43000,h_plus_total_variance,2224,1,110,16,16,0.0466230745326467,0.00844476295821482
43000,h_plus_total_variance,2248,1,110,1,1,-0.004352160700870524,0.0002178299870938242
43000,h_plus_total_variance,2248,1,110,4,4,-0.17338222401570974,0.006327303785825526
43000,h_plus_total_variance,2248,1,110,8,8,-0.2566091524117504,0.006096803741176676
43000,h_plus_total_variance,2248,1,110,16,16,-0.2677068633374702,0.006132344204969875
43000,h_plus_total_variance,2276,1,110,1,1,-0.302057776610388,0.00409287793645511
43000,h_plus_total_variance,2276,1,110,4,4,0.5093609873002648,0.01962208854553444
43000,h_plus_total_variance,2276,1,110,8,8,0.2874383557991678,0.012425554941493845
43000,h_plus_total_variance,2276,1,110,16,16,0.07263101635638011,0.008016957113624813
43000,h_plus_total_variance,2313,2,111,1,1,2.131822540919221,0.11388915600287323
43000,h_plus_total_variance,2313,2,111,4,4,1.2620542878153775,0.11074698596556234
43000,h_plus_total_variance,2313,2,111,8,4,1.2620542878153775,0.11074698596556234
43000,h_plus_total_variance,2313,2,111,16,4,1.2620542878153775,0.11074698596556234
43000,h_plus_total_variance,2318,2,111,1,1,0.5920997773520329,0.197057440043626
43000,h_plus_total_variance,2318,2,111,4,4,0.6488897117062518,0.05596680093922509
43000,h_plus_total_variance,2318,2,111,8,7,0.6528152359418646,0.03322636267966962
43000,h_plus_total_variance,2318,2,111,16,7,0.6528152359418646,0.03322636267966962
43000,h_plus_total_variance,2326,2,111,1,1,1.3409246904016203,0.11651626268306337
43000,h_plus_total_variance,2326,2,111,4,4,0.6357329903872595,0.04983265499019706
43000,h_plus_total_variance,2326,2,111,8,8,0.5501170424665627,0.036393507400794084
43000,h_plus_total_variance,2326,2,111,16,16,0.6267406440032564,0.05277317401819126
43000,h_plus_total_variance,2345,2,111,1,1,1.0667578697271367,0.05515274112891896
43000,h_plus_total_variance,2345,2,111,4,4,0.6748178469667144,0.036975256164897344
43000,h_plus_total_variance,2345,2,111,8,8,0.7979451540917468,0.08660710279331643
43000,h_plus_total_variance,2345,2,111,16,16,1.074130361030687,0.14101430135334797
43000,h_plus_total_variance,2378,2,111,1,1,0.8502222574150529,0.0143961305060194
43000,h_plus_total_variance,2378,2,111,4,4,0.8083269145151262,0.21938123880840016
43000,h_plus_total_variance,2378,2,111,8,8,1.0005606908268943,0.1312039669540398
43000,h_plus_total_variance,2378,2,111,16,8,1.0005606908268943,0.1312039669540398
43000,h_plus_total_variance,2387,2,111,1,1,0.6746484904354877,0.011493207380015732
43000,h_plus_total_variance,2387,2,111,4,4,0.8917283698057565,0.018863771942945078
43000,h_plus_total_variance,2387,2,111,8,5,0.8466377509077647,0.015472279590269356
43000,h_plus_total_variance,2387,2,111,16,5,0.8466377509077647,0.015472279590269356
43000,h_plus_total_variance,2393,2,111,1,1,1.238005522519557,0.3872862848399894
43000,h_plus_total_variance,2393,2,111,4,4,0.9879605312936317,0.13029184196691862
43000,h_plus_total_variance,2393,2,111,8,8,0.9710854919523642,0.10016953567480541
43000,h_plus_total_variance,2393,2,111,16,16,0.7845935170811291,0.052832244441304826
43000,h_plus_total_variance,2417,2,110,1,1,0.27431382434703977,0.004134786010165575
43000,h_plus_total_variance,2417,2,110,4,4,0.29761678573801786,0.006327699104780933
43000,h_plus_total_variance,2417,2,110,8,4,0.29761678573801786,0.006327699104780933
43000,h_plus_total_variance,2417,2,110,16,4,0.29761678573801786,0.006327699104780933
43000,h_plus_total_variance,2422,2,110,1,1,0.2568063610538502,0.015959938447219088
43000,h_plus_total_variance,2422,2,110,4,4,0.36275517468318685,0.007200089829819141
43000,h_plus_total_variance,2422,2,110,8,8,0.33773413609022207,0.007765831404178927
43000,h_plus_total_variance,2422,2,110,16,15,0.258872124900101,0.006272466257625387
43000,h_plus_total_variance,2438,2,110,1,1,0.391205737218872,0.00294415703607641
43000,h_plus_total_variance,2438,2,110,4,3,0.31083574635480177,0.005983463914599943
43000,h_plus_total_variance,2438,2,110,8,3,0.31083574635480177,0.005983463914599943
43000,h_plus_total_variance,2438,2,110,16,3,0.31083574635480177,0.005983463914599943
43000,h_plus_total_variance,2442,2,110,1,1,0.029515605171222255,0.03491786118193709
43000,h_plus_total_variance,2442,2,110,4,4,-0.05765466561785467,0.015761317609444745
43000,h_plus_total_variance,2442,2,110,8,8,-0.09779651373299976,0.014378467875909634
43000,h_plus_total_variance,2442,2,110,16,10,-0.12593111290483067,0.014680608715548604
43000,h_plus_total_variance,2453,2,110,1,1,1.8506091783937102,0.0011976412008452432
43000,h_plus_total_variance,2453,2,110,4,4,0.5086072644128248,0.008463688602033684
43000,h_plus_total_variance,2453,2,110,8,8,0.08977800646052853,0.007965527616741455
43000,h_plus_total_variance,2453,2,110,16,16,0.9665757805006627,0.08536623271452409
43000,h_plus_total_variance,2596,2,110,1,1,0.17651863863845366,0.005912001130839704
43000,h_plus_total_variance,2596,2,110,4,4,0.1789753328566141,0.004483441831027137
43000,h_plus_total_variance,2596,2,110,8,8,0.20704645998720866,0.005412860431607838
43000,h_plus_total_variance,2596,2,110,16,16,0.12021049959526962,0.0045902301111733455
43000,h_plus_total_variance,2623,2,110,1,1,0.0879107420402804,0.0009779418494194263
43000,h_plus_total_variance,2623,2,110,4,4,0.24951950192905364,0.002822185105553396
43000,h_plus_total_variance,2623,2,110,8,8,0.6267303343939874,0.002265375839188655
43000,h_plus_total_variance,2623,2,110,16,16,0.3517789302811827,0.004177086577439532
43000,h_plus_total_variance,2651,2,110,1,1,-0.2719059622768279,8.159268159271926e-05
43000,h_plus_total_variance,2651,2,110,4,4,-0.27420120984489577,0.0056232471214915794
43000,h_plus_total_variance,2651,2,110,8,8,-0.10538721786996842,0.012019960792359135
43000,h_plus_total_variance,2651,2,110,16,16,-0.1464725889100045,0.008605854462130986
43000,h_plus_total_variance,2669,2,110,1,1,0.18334468587578032,0.001718170653947675
43000,h_plus_total_variance,2669,2,110,4,1,0.18334468587578032,0.001718170653947675
43000,h_plus_total_variance,2669,2,110,8,1,0.18334468587578032,0.001718170653947675
43000,h_plus_total_variance,2669,2,110,16,1,0.18334468587578032,0.001718170653947675
43000,h_plus_total_variance,2671,2,110,1,1,0.5324946867900505,0.0037708087987756065
43000,h_plus_total_variance,2671,2,110,4,4,0.25596220113857604,0.009367327378861095
43000,h_plus_total_variance,2671,2,110,8,7,0.34859247980925223,0.011299700308605155
43000,h_plus_total_variance,2671,2,110,16,7,0.34859247980925223,0.011299700308605155
43000,h_plus_total_variance,2679,2,110,1,1,-0.20914713505528582,0.022888315202209183
43000,h_plus_total_variance,2679,2,110,4,4,-0.12172144646661295,0.011603433447705718
43000,h_plus_total_variance,2679,2,110,8,8,-0.05959947113486239,0.007599622289656585
43000,h_plus_total_variance,2679,2,110,16,16,-0.02655149090064718,0.005874456252094264
43000,h_plus_total_variance,2714,2,110,1,1,1.132117123445448,0.023777644820330138
43000,h_plus_total_variance,2714,2,110,4,4,0.37651096699347497,0.008282969458953335
43000,h_plus_total_variance,2714,2,110,8,8,0.2461622137610882,0.01385219216922802
43000,h_plus_total_variance,2714,2,110,16,16,0.6371972821472117,0.05911321421230741
43000,h_plus_total_variance,2741,2,101,1,1,1.5216739208518764,0.12304913414349868
43000,h_plus_total_variance,2741,2,101,4,4,0.7215782493014953,0.0606291830054553
43000,h_plus_total_variance,2741,2,101,8,8,0.6213114654705845,0.05881929802037421
43000,h_plus_total_variance,2741,2,101,16,16,1.0407456180557277,0.09207256033763397
43000,h_plus_total_variance,2769,2,101,1,1,0.3363745959864378,0.37320129098387256
43000,h_plus_total_variance,2769,2,101,4,4,1.0993581411071272,0.28386283200254997
43000,h_plus_total_variance,2769,2,101,8,8,0.8004069942184766,0.3138950528644431
43000,h_plus_total_variance,2769,2,101,16,8,0.8004069942184766,0.3138950528644431
43000,h_plus_total_variance,2778,2,101,1,1,0.3611950732949854,0.3227150429603606
43000,h_plus_total_variance,2778,2,101,4,4,1.1016221658885548,0.13892166678719384
43000,h_plus_total_variance,2778,2,101,8,8,1.0723295321448405,0.13943292644156538
43000,h_plus_total_variance,2778,2,101,16,8,1.0723295321448405,0.13943292644156538
43000,h_plus_total_variance,2787,2,101,1,1,0.5224569156316881,0.12856646893320073
43000,h_plus_total_variance,2787,2,101,4,4,0.8291037513152991,0.24988921855711965
43000,h_plus_total_variance,2787,2,101,8,7,1.0355508359281518,0.18179040180737757
43000,h_plus_total_variance,2787,2,101,16,7,1.0355508359281518,0.18179040180737757
43000,h_plus_total_variance,2795,2,101,1,1,1.555751512362401,0.6038066999586862
43000,h_plus_total_variance,2795,2,101,4,4,0.8506913045616782,0.3239029791721601
43000,h_plus_total_variance,2795,2,101,8,8,0.7090637870792342,0.17342612734676643
43000,h_plus_total_variance,2795,2,101,16,16,0.7216720168120896,0.14523601660865956
43000,h_plus_total_variance,2831,2,110,1,1,1.375376639960526,6.901540396232347e-09
43000,h_plus_total_variance,2831,2,110,4,4,0.6843800666117156,0.0069508502846046165
43000,h_plus_total_variance,2831,2,110,8,8,0.4208783103967735,0.00529350944580701
43000,h_plus_total_variance,2831,2,110,16,16,0.2230418304290519,0.005610830920363486
43000,h_plus_total_variance,2852,2,110,1,1,-0.18983952178353508,0.0050319903377908405
43000,h_plus_total_variance,2852,2,110,4,1,-0.18983952178353508,0.0050319903377908405
43000,h_plus_total_variance,2852,2,110,8,1,-0.18983952178353508,0.0050319903377908405
43000,h_plus_total_variance,2852,2,110,16,1,-0.18983952178353508,0.0050319903377908405
43000,h_plus_total_variance,2854,2,110,1,1,-0.1431847062601418,0.0009639158759595604
43000,h_plus_total_variance,2854,2,110,4,1,-0.1431847062601418,0.0009639158759595604
43000,h_plus_total_variance,2854,2,110,8,1,-0.1431847062601418,0.0009639158759595604
43000,h_plus_total_variance,2854,2,110,16,1,-0.1431847062601418,0.0009639158759595604
43000,h_plus_total_variance,2856,2,110,1,1,-0.0353068873635789,0.005481562419152956
43000,h_plus_total_variance,2856,2,110,4,4,0.019673770113611364,0.005460154676956326
43000,h_plus_total_variance,2856,2,110,8,8,-0.008795430513613416,0.006480575184272473
43000,h_plus_total_variance,2856,2,110,16,14,-0.031639891164586674,0.005457819649754525
43000,h_plus_total_variance,2871,2,110,1,1,-0.3401134980137907,0.0056450828944261235
43000,h_plus_total_variance,2871,2,110,4,4,0.036039153661710815,0.0027881053952587224
43000,h_plus_total_variance,2871,2,110,8,7,-0.019806673520615648,0.0022771952419618517
43000,h_plus_total_variance,2871,2,110,16,7,-0.019806673520615648,0.0022771952419618517
43000,h_plus_total_variance,2879,2,110,1,1,0.40165951156475077,0.0015923422204015653
43000,h_plus_total_variance,2879,2,110,4,4,-0.08206647785243619,0.0008007090122536384
43000,h_plus_total_variance,2879,2,110,8,8,0.08156165818909686,0.0006274685187522042
43000,h_plus_total_variance,2879,2,110,16,12,0.37800775366144107,0.006737028052602898
43000,h_plus_total_variance,2892,2,110,1,1,-0.20734075588558853,0.055026000673399855
43000,h_plus_total_variance,2892,2,110,4,3,-0.27160323919057094,0.02370841468893378
43000,h_plus_total_variance,2892,2,110,8,3,-0.27160323919057094,0.02370841468893378
43000,h_plus_total_variance,2892,2,110,16,3,-0.27160323919057094,0.02370841468893378
43000,h_plus_total_variance,2896,2,110,1,1,0.3042909451952547,0.0001921577533705301
43000,h_plus_total_variance,2896,2,110,4,4,-0.10348624144752609,0.0043155903416852315
43000,h_plus_total_variance,2896,2,110,8,8,-0.14449364441123258,0.007629976545766461
43000,h_plus_total_variance,2896,2,110,16,10,-0.20076489153470298,0.006268488729951238
43000,h_plus_total_variance,2907,2,110,1,1,-0.3989086080951895,0.024304327293975227
43000,h_plus_total_variance,2907,2,110,4,4,-0.11659455222425832,0.015608483688190719
43000,h_plus_total_variance,2907,2,110,8,8,0.14077613772325098,0.012788531770320393
43000,h_plus_total_variance,2907,2,110,16,13,0.54369963732456,0.026437173498398407
43000,h_plus_total_variance,2921,2,111,1,1,0.9302480466004139,0.002067545178866221
43000,h_plus_total_variance,2921,2,111,4,4,0.2436998742563598,0.012154298622897021
43000,h_plus_total_variance,2921,2,111,8,4,0.2436998742563598,0.012154298622897021
43000,h_plus_total_variance,2921,2,111,16,4,0.2436998742563598,0.012154298622897021
43000,h_plus_total_variance,2926,2,111,1,1,2.3093371853417306,0.022577443686829776
43000,h_plus_total_variance,2926,2,111,4,4,1.1198286586061421,0.02767686762225296
43000,h_plus_total_variance,2926,2,111,8,8,0.6618571458912886,0.03323640799984948
43000,h_plus_total_variance,2926,2,111,16,15,0.8553653289104107,0.05429265524446685
43000,h_plus_total_variance,2942,2,111,1,1,0.035440945231290405,0.0006877197982538461
43000,h_plus_total_variance,2942,2,111,4,4,0.3040790301087222,0.09688770122307341
43000,h_plus_total_variance,2942,2,111,8,8,0.627701223553506,0.06615738218635649
43000,h_plus_total_variance,2942,2,111,16,16,0.747216958886713,0.1106713326049329
43000,h_plus_total_variance,3153,2,101,1,1,0.4160726679861089,0.0050822875070685326
43000,h_plus_total_variance,3153,2,101,4,4,0.44807460740971905,0.011795157175240767
43000,h_plus_total_variance,3153,2,101,8,8,0.4228222289644758,0.042737623863498546
43000,h_plus_total_variance,3153,2,101,16,16,0.5296605626109154,0.06218189895700997
43000,h_plus_total_variance,3170,2,101,1,1,0.3182244894858077,0.3159439418874032
43000,h_plus_total_variance,3170,2,101,4,4,0.6967903847462261,0.1183012544965859
43000,h_plus_total_variance,3170,2,101,8,8,1.3630930224344362,0.2137725894352077
43000,h_plus_total_variance,3170,2,101,16,16,1.2391629349968727,0.17442778660038905
43000,h_plus_total_variance,3202,2,101,1,1,0.21355900452835985,0.00026941174834225936
43000,h_plus_total_variance,3202,2,101,4,4,0.5958484316882017,0.08059942539769029
43000,h_plus_total_variance,3202,2,101,8,8,0.6145905547464771,0.05655121483172982
43000,h_plus_total_variance,3202,2,101,16,16,0.8582293299935386,0.09436004226400625
43000,h_plus_total_variance,3237,2,101,1,1,3.45467740419541,0.01603788059751269
43000,h_plus_total_variance,3237,2,101,4,3,1.6433462103368435,0.13500497202989825
43000,h_plus_total_variance,3237,2,101,8,3,1.6433462103368435,0.13500497202989825
43000,h_plus_total_variance,3237,2,101,16,3,1.6433462103368435,0.13500497202989825
43000,h_plus_total_variance,3242,2,101,1,1,0.5595815158376236,0.03370465814471948
43000,h_plus_total_variance,3242,2,101,4,1,0.5595815158376236,0.03370465814471948
43000,h_plus_total_variance,3242,2,101,8,1,0.5595815158376236,0.03370465814471948
43000,h_plus_total_variance,3242,2,101,16,1,0.5595815158376236,0.03370465814471948
43000,h_plus_total_variance,3244,2,101,1,1,0.5483448422293132,0.09955070651493149
43000,h_plus_total_variance,3244,2,101,4,4,0.9292714434628782,0.08531944443887948
43000,h_plus_total_variance,3244,2,101,8,8,1.0708059503639105,0.13230904266171353
43000,h_plus_total_variance,3244,2,101,16,13,1.0807840993807452,0.1196174080465264
43000,h_plus_total_variance,3258,2,101,1,1,2.0138130244221535,0.18972592825253395
43000,h_plus_total_variance,3258,2,101,4,4,1.3625473463449471,0.1248414948789119
43000,h_plus_total_variance,3258,2,101,8,8,1.229388150217243,0.12151655651379774
43000,h_plus_total_variance,3258,2,101,16,16,0.9679702173229146,0.08941216403072436
43000,h_plus_total_variance,3280,2,111,1,1,0.5136461008638897,0.0006309381698376754
43000,h_plus_total_variance,3280,2,111,4,4,1.0307016004056129,0.13012841646296183
43000,h_plus_total_variance,3280,2,111,8,4,1.0307016004056129,0.13012841646296183
43000,h_plus_total_variance,3280,2,111,16,4,1.0307016004056129,0.13012841646296183
43000,h_plus_total_variance,3285,2,111,1,1,0.60171404099654,0.00691533148975837
43000,h_plus_total_variance,3285,2,111,4,4,0.705363043430357,0.042458317224870076
43000,h_plus_total_variance,3285,2,111,8,5,0.704918670619592,0.03531739398144501
43000,h_plus_total_variance,3285,2,111,16,5,0.704918670619592,0.03531739398144501
43000,h_plus_total_variance,3291,2,111,1,1,0.671037838300697,0.1172794080282068
43000,h_plus_total_variance,3291,2,111,4,4,1.1479205711920062,0.14874417846590454
43000,h_plus_total_variance,3291,2,111,8,8,1.0631058539725091,0.08427746753080127
43000,h_plus_total_variance,3291,2,111,16,16,0.9499786649654575,0.11165418244798134
43000,h_plus_total_variance,3313,2,111,1,1,0.5315011011045044,0.08351371550913436
43000,h_plus_total_variance,3313,2,111,4,4,0.5972228766119686,0.08893357488213746
43000,h_plus_total_variance,3313,2,111,8,8,0.9804504992915368,0.15633926719596275
43000,h_plus_total_variance,3313,2,111,16,11,0.9292782994863823,0.13742598264096983
43000,h_plus_total_variance,3326,2,111,1,1,1.6055615447594578,0.04092016064466096
43000,h_plus_total_variance,3326,2,111,4,4,1.5543657935339468,0.1072058569077061
43000,h_plus_total_variance,3326,2,111,8,8,1.3565671312046335,0.13799735517302453
43000,h_plus_total_variance,3326,2,111,16,11,1.1595870520175529,0.10279627080349864
43000,h_plus_total_variance,3338,2,111,1,1,0.6241591215557547,0.0002913006562917748
43000,h_plus_total_variance,3338,2,111,4,4,0.6761189450485603,0.09787717872795958
43000,h_plus_total_variance,3338,2,111,8,8,0.7047081720504079,0.05341614666651798
43000,h_plus_total_variance,3338,2,111,16,16,0.5975594515933744,0.10344559063842798
43000,h_plus_total_variance,3361,2,111,1,1,0.5647579001455979,0.44440662462207703
43000,h_plus_total_variance,3361,2,111,4,4,1.0374180248691562,0.22608823384225266
43000,h_plus_total_variance,3361,2,111,8,8,0.888116470462152,0.14535278207012725
43000,h_plus_total_variance,3361,2,111,16,16,0.7082541303754096,0.10445583508477627
43000,h_plus_total_variance,3382,2,111,1,1,0.5301326170301487,0.055121369712665874
43000,h_plus_total_variance,3382,2,111,4,4,0.7962119837764532,0.0785092265703933
43000,h_plus_total_variance,3382,2,111,8,8,0.6404619826014386,0.07644637851601158
43000,h_plus_total_variance,3382,2,111,16,16,0.5506486554901306,0.057803855481992336
43000,h_plus_total_variance,3420,2,101,1,1,0.5456132279130408,0.17909618336558084
43000,h_plus_total_variance,3420,2,101,4,3,1.142693736869975,0.21548201481583104
43000,h_plus_total_variance,3420,2,101,8,3,1.142693736869975,0.21548201481583104
43000,h_plus_total_variance,3420,2,101,16,3,1.142693736869975,0.21548201481583104
43000,h_plus_total_variance,3424,2,101,1,1,0.6020652016666698,0.06776313743979254
43000,h_plus_total_variance,3424,2,101,4,3,1.2328439709395875,0.16535815191326406
43000,h_plus_total_variance,3424,2,101,8,3,1.2328439709395875,0.16535815191326406
43000,h_plus_total_variance,3424,2,101,16,3,1.2328439709395875,0.16535815191326406
43000,h_plus_total_variance,3428,2,101,1,1,0.6431283731080519,0.111685132720724
43000,h_plus_total_variance,3428,2,101,4,1,0.6431283731080519,0.111685132720724
43000,h_plus_total_variance,3428,2,101,8,1,0.6431283731080519,0.111685132720724
43000,h_plus_total_variance,3428,2,101,16,1,0.6431283731080519,0.111685132720724
43000,h_plus_total_variance,3430,2,101,1,1,1.1040313084980165,0.003896480234804338
43000,h_plus_total_variance,3430,2,101,4,4,1.0324619519669593,0.04990746305202535
43000,h_plus_total_variance,3430,2,101,8,8,0.8712668227693725,0.05911138430808775
43000,h_plus_total_variance,3430,2,101,16,16,1.0207298231338355,0.18458514947865337
43000,h_plus_total_variance,3586,3,110,1,1,0.36032474249360336,0.012029370623713266
43000,h_plus_total_variance,3586,3,110,4,4,0.34999980036503886,0.004756573118885497
43000,h_plus_total_variance,3586,3,110,8,8,0.38149842833833525,0.004182118900466257
43000,h_plus_total_variance,3586,3,110,16,13,0.35521200558594407,0.0054430564222493665
43000,h_plus_total_variance,3600,3,110,1,1,0.1609540986995401,0.012832846005746123
43000,h_plus_total_variance,3600,3,110,4,3,0.12662899265092725,0.006970619680675957
43000,h_plus_total_variance,3600,3,110,8,3,0.12662899265092725,0.006970619680675957
43000,h_plus_total_variance,3600,3,110,16,3,0.12662899265092725,0.006970619680675957
43000,h_plus_total_variance,3604,3,110,1,1,0.19706015852708422,0.013800580209858106
43000,h_plus_total_variance,3604,3,110,4,4,0.1203639176953854,0.0065229192419995995
43000,h_plus_total_variance,3604,3,110,8,8,0.0903194669051137,0.006551447204257799
43000,h_plus_total_variance,3604,3,110,16,12,0.07552383277110584,0.004643315055758867
43000,h_plus_total_variance,3617,3,110,1,1,-0.03134593766150588,0.002400465888280472
43000,h_plus_total_variance,3617,3,110,4,4,0.15994904656659809,0.010390788640881632
43000,h_plus_total_variance,3617,3,110,8,8,0.15456007777582395,0.011070757319649228
43000,h_plus_total_variance,3617,3,110,16,9,0.11536835287830652,0.01007134834770354
43000,h_plus_total_variance,3627,3,110,1,1,0.43074084901283827,9.169937636071171e-05
43000,h_plus_total_variance,3627,3,110,4,2,0.10359333639060936,0.0028714958483876058
43000,h_plus_total_variance,3627,3,110,8,2,0.10359333639060936,0.0028714958483876058
43000,h_plus_total_variance,3627,3,110,16,2,0.10359333639060936,0.0028714958483876058
43000,h_plus_total_variance,3630,3,110,1,1,0.26235698876334673,0.017689109159892653
43000,h_plus_total_variance,3630,3,110,4,4,0.275849245806783,0.007456203974358037
43000,h_plus_total_variance,3630,3,110,8,8,-0.007075724031212927,0.0072749226341571795
43000,h_plus_total_variance,3630,3,110,16,8,-0.007075724031212927,0.0072749226341571795
43000,h_plus_total_variance,3639,3,110,1,1,-0.1923435372263175,0.0008067647107473209
43000,h_plus_total_variance,3639,3,110,4,4,0.12763702906120386,0.0026099458946717354
43000,h_plus_total_variance,3639,3,110,8,8,-0.062226494619531295,0.007516499299089466
43000,h_plus_total_variance,3639,3,110,16,16,-0.15312869477538257,0.009113960129652937
43000,h_plus_total_variance,3672,3,110,1,1,-0.2506719947273277,0.0001499667672553946
43000,h_plus_total_variance,3672,3,110,4,4,0.42332267732167234,0.004626929752644018
43000,h_plus_total_variance,3672,3,110,8,8,0.00338302226563314,0.006679939819513706
43000,h_plus_total_variance,3672,3,110,16,16,-0.10774153489719437,0.006780991810371386
43000,h_plus_total_variance,3695,3,110,1,1,0.5684700558454272,0.0072762431125518385
43000,h_plus_total_variance,3695,3,110,4,2,-0.01603538117010922,0.0392491315770774
43000,h_plus_total_variance,3695,3,110,8,2,-0.01603538117010922,0.0392491315770774
43000,h_plus_total_variance,3695,3,110,16,2,-0.01603538117010922,0.0392491315770774
43000,h_plus_total_variance,3698,3,110,1,1,-0.31960498679727484,0.0027021339602884137
43000,h_plus_total_variance,3698,3,110,4,4,-0.1908868252305021,0.005162655360832915
43000,h_plus_total_variance,3698,3,110,8,8,0.01883047093658087,0.011366869483952814
43000,h_plus_total_variance,3698,3,110,16,16,0.42617634017628336,0.016635431569394454
43000,h_plus_total_variance,3719,3,111,1,1,0.39628393895766884,0.004852609469517326
43000,h_plus_total_variance,3719,3,111,4,4,0.9848014107325989,0.10515961428889489
43000,h_plus_total_variance,3719,3,111,8,8,1.4169730874039628,0.21812529860793295
43000,h_plus_total_variance,3719,3,111,16,13,1.1074279211355558,0.15601354316596738
43000,h_plus_total_variance,3733,3,111,1,1,3.7005936368866674,0.3713067911436094
43000,h_plus_total_variance,3733,3,111,4,4,1.9311434458369228,0.20928056968327946
43000,h_plus_total_variance,3733,3,111,8,8,1.6623326710983295,0.2666427428480041
43000,h_plus_total_variance,3733,3,111,16,16,1.3462022040908805,0.16952371849297343
43000,h_plus_total_variance,3778,3,111,1,1,0.5982788400142993,0.7290592612888661
43000,h_plus_total_variance,3778,3,111,4,4,0.6479982768085097,0.26530935315970805
43000,h_plus_total_variance,3778,3,111,8,5,0.8878769652927406,0.2919432769738718
43000,h_plus_total_variance,3778,3,111,16,5,0.8878769652927406,0.2919432769738718
43000,h_plus_total_variance,3784,3,111,1,1,3.436309946595321,1.2739382560876524
43000,h_plus_total_variance,3784,3,111,4,2,3.4470144374435905,0.6811401204660863
43000,h_plus_total_variance,3784,3,111,8,2,3.4470144374435905,0.6811401204660863
43000,h_plus_total_variance,3784,3,111,16,2,3.4470144374435905,0.6811401204660863
43000,h_plus_total_variance,3787,3,111,1,1,3.2850161226892984,0.2236269532373212
43000,h_plus_total_variance,3787,3,111,4,4,1.6908689691471597,0.14415118511584624
43000,h_plus_total_variance,3787,3,111,8,8,1.2496461860016463,0.11431420176192894
43000,h_plus_total_variance,3787,3,111,16,16,1.0115755489776217,0.07339609337472389
43000,h_plus_total_variance,3816,3,111,1,1,0.5755035363047597,0.04049272103578728
43000,h_plus_total_variance,3816,3,111,4,4,0.6527109729731317,0.025081629347393684
43000,h_plus_total_variance,3816,3,111,8,8,0.5641791913452193,0.02526782787066259
43000,h_plus_total_variance,3816,3,111,16,8,0.5641791913452193,0.02526782787066259
43000,h_plus_total_variance,3825,3,111,1,1,0.689664123561861,0.047690170411851265
43000,h_plus_total_variance,3825,3,111,4,4,0.4889066918534907,0.01409243534104576
43000,h_plus_total_variance,3825,3,111,8,8,1.3311290436448946,0.23164130792429705
43000,h_plus_total_variance,3825,3,111,16,10,1.221477790594271,0.1921824087706951
43000,h_plus_total_variance,3836,3,111,1,1,0.5873712280482817,0.052457680645244864
43000,h_plus_total_variance,3836,3,111,4,4,0.9310856848689651,0.13247312460582344
43000,h_plus_total_variance,3836,3,111,8,8,0.6692073683268617,0.09287426392139207
43000,h_plus_total_variance,3836,3,111,16,16,0.9026332035892629,0.12487503216574589
43000,h_plus_total_variance,3898,3,011,1,1,0.9517627565188422,0.08261949226286483
43000,h_plus_total_variance,3898,3,011,4,4,0.7523665366545941,0.046795084012802315
43000,h_plus_total_variance,3898,3,011,8,8,0.8321324009189361,0.08303395474471967
43000,h_plus_total_variance,3898,3,011,16,16,0.7844653965582495,0.06114315575164553
43000,h_plus_total_variance,4009,3,111,1,1,0.6739422850428893,0.023790420425579495
43000,h_plus_total_variance,4009,3,111,4,4,0.7567475473281235,0.09210167048880535
43000,h_plus_total_variance,4009,3,111,8,8,0.8071758377893354,0.06823286030101625
43000,h_plus_total_variance,4009,3,111,16,16,0.7090866176041448,0.12657873514837925
43000,h_plus_total_variance,4029,3,111,1,1,0.48242540312332066,0.0060310078192327065
43000,h_plus_total_variance,4029,3,111,4,4,0.6534254095999946,0.03786355871397511
43000,h_plus_total_variance,4029,3,111,8,8,0.820555135853984,0.06902701043874901
43000,h_plus_total_variance,4029,3,111,16,15,0.8839631998536025,0.05708015719987968
43000,h_plus_total_variance,4045,3,111,1,1,0.36818731703917595,0.006219421368828851
43000,h_plus_total_variance,4045,3,111,4,4,0.9915109245820799,0.12615025050092785
43000,h_plus_total_variance,4045,3,111,8,4,0.9915109245820799,0.12615025050092785
43000,h_plus_total_variance,4045,3,111,16,4,0.9915109245820799,0.12615025050092785
43000,h_plus_total_variance,4050,3,111,1,1,0.7792681936628378,2.2076624153474324e-05
43000,h_plus_total_variance,4050,3,111,4,4,0.9724578467182431,0.08379233904859182
43000,h_plus_total_variance,4050,3,111,8,7,1.0048751731775145,0.1782884268573676
43000,h_plus_total_variance,4050,3,111,16,7,1.0048751731775145,0.1782884268573676
43000,h_plus_total_variance,4058,3,111,1,1,0.6949616473651833,0.004154104436010132
43000,h_plus_total_variance,4058,3,111,4,4,0.6993816214995932,0.0553041913783404
43000,h_plus_total_variance,4058,3,111,8,8,1.7176610560176533,0.4724283868989749
43000,h_plus_total_variance,4058,3,111,16,16,1.2339018161078783,0.24267474116275942
43000,h_plus_total_variance,4086,3,111,1,1,1.2598651392907545,0.0025122731704942274
43000,h_plus_total_variance,4086,3,111,4,1,1.2598651392907545,0.0025122731704942274
43000,h_plus_total_variance,4086,3,111,8,1,1.2598651392907545,0.0025122731704942274
43000,h_plus_total_variance,4086,3,111,16,1,1.2598651392907545,0.0025122731704942274
43000,h_plus_total_variance,4088,3,111,1,1,1.1890062976967035,0.11649703333710733
43000,h_plus_total_variance,4088,3,111,4,3,1.3209366124033053,0.136673406243888
43000,h_plus_total_variance,4088,3,111,8,3,1.3209366124033053,0.136673406243888
43000,h_plus_total_variance,4088,3,111,16,3,1.3209366124033053,0.136673406243888
43000,h_plus_total_variance,4092,3,111,1,1,1.421552463149512,0.04668153634416826
43000,h_plus_total_variance,4092,3,111,4,4,1.4941813122277512,0.20517963652787718
43000,h_plus_total_variance,4092,3,111,8,4,1.4941813122277512,0.20517963652787718
43000,h_plus_total_variance,4092,3,111,16,4,1.4941813122277512,0.20517963652787718
43000,h_plus_total_variance,4097,3,111,1,1,1.095186717273822,0.284139778606615
43000,h_plus_total_variance,4097,3,111,4,4,1.1206725788112477,0.121258929581045
43000,h_plus_total_variance,4097,3,111,8,8,0.9980221920335489,0.1223656749718448
43000,h_plus_total_variance,4097,3,111,16,16,0.938089532976857,0.1167175076129455
43000,h_plus_total_variance,4116,3,111,1,1,0.8575106595767926,0.0009040089538715008
43000,h_plus_total_variance,4116,3,111,4,3,0.655787883515397,0.0006711176515463257
43000,h_plus_total_variance,4116,3,111,8,3,0.655787883515397,0.0006711176515463257
43000,h_plus_total_variance,4116,3,111,16,3,0.655787883515397,0.0006711176515463257
43000,h_plus_total_variance,4120,3,111,1,1,1.0604161065842008,0.002215767499706909
43000,h_plus_total_variance,4120,3,111,4,3,0.7642401767800374,0.006560312287300442
43000,h_plus_total_variance,4120,3,111,8,3,0.7642401767800374,0.006560312287300442
43000,h_plus_total_variance,4120,3,111,16,3,0.7642401767800374,0.006560312287300442
43000,h_plus_total_variance,4124,3,111,1,1,1.3185483828687528,0.13995215121654614
43000,h_plus_total_variance,4124,3,111,4,4,1.3000964042473795,0.10521990133112356
43000,h_plus_total_variance,4124,3,111,8,8,0.9857728169505874,0.15732459178580965
43000,h_plus_total_variance,4124,3,111,16,16,0.8679442952461509,0.09216658712201654
43000,h_plus_total_variance,4148,3,111,1,1,0.6265965853350068,0.406304061092517
43000,h_plus_total_variance,4148,3,111,4,4,0.6758336954281952,0.1343290522936135
43000,h_plus_total_variance,4148,3,111,8,8,0.7347950704420205,0.11957427680375107
43000,h_plus_total_variance,4148,3,111,16,15,0.7530772037853886,0.0958053225124879
43000,h_plus_total_variance,4166,3,101,1,1,0.8669212258575062,0.1057525899481582
43000,h_plus_total_variance,4166,3,101,4,4,0.635305098553639,0.038379348045740114
43000,h_plus_total_variance,4166,3,101,8,8,0.7384490814090497,0.0568166882879359
43000,h_plus_total_variance,4166,3,101,16,16,1.0750364062878366,0.09354375877708428
43000,h_plus_total_variance,4216,3,101,1,1,0.41715593735892326,0.10311254233726748
43000,h_plus_total_variance,4216,3,101,4,4,0.7119342512942268,0.06869755465440609
43000,h_plus_total_variance,4216,3,101,8,8,0.6218867389398919,0.05378612695858861
43000,h_plus_total_variance,4216,3,101,16,10,0.5639398782740349,0.04381912389675262
43000,h_plus_total_variance,4227,3,110,1,1,0.2380885598359481,0.014109076172384185
43000,h_plus_total_variance,4227,3,110,4,4,0.34915650561891287,0.012811472188715225
43000,h_plus_total_variance,4227,3,110,8,8,0.330676575621463,0.00911161425628728
43000,h_plus_total_variance,4227,3,110,16,13,0.35875352783867087,0.007027753091466554
43000,h_plus_total_variance,4241,3,110,1,1,0.1173390157653178,0.0035613417728762907
43000,h_plus_total_variance,4241,3,110,4,4,0.11036852534501077,0.0019946946660011236
43000,h_plus_total_variance,4241,3,110,8,8,0.35754226658623844,0.011887066833854444
43000,h_plus_total_variance,4241,3,110,16,15,0.23653665461742016,0.009193413952306368
43000,h_plus_total_variance,4257,3,110,1,1,0.015393219950382831,0.029953560801777405
43000,h_plus_total_variance,4257,3,110,4,4,-0.05332885800535483,0.009759506357595094
43000,h_plus_total_variance,4257,3,110,8,5,-0.08568649500115204,0.008607118095788336
43000,h_plus_total_variance,4257,3,110,16,5,-0.08568649500115204,0.008607118095788336
43000,h_plus_total_variance,4263,3,110,1,1,0.02217034091775499,0.0015143505770157327
43000,h_plus_total_variance,4263,3,110,4,2,-0.10931790425782788,0.0007690740747731233
43000,h_plus_total_variance,4263,3,110,8,2,-0.10931790425782788,0.0007690740747731233
43000,h_plus_total_variance,4263,3,110,16,2,-0.10931790425782788,0.0007690740747731233
43000,h_plus_total_variance,4266,3,110,1,1,-0.15868344288362674,0.007751558225418485
43000,h_plus_total_variance,4266,3,110,4,2,-0.14159732801231334,0.009101364433299201
43000,h_plus_total_variance,4266,3,110,8,2,-0.14159732801231334,0.009101364433299201
43000,h_plus_total_variance,4266,3,110,16,2,-0.14159732801231334,0.009101364433299201
43000,h_plus_total_variance,4269,3,110,1,1,0.09600786353739316,0.003717470995409745
43000,h_plus_total_variance,4269,3,110,4,4,0.19050694327247414,0.006389557811848048
43000,h_plus_total_variance,4269,3,110,8,8,0.3815270405413231,0.004496356849828877
43000,h_plus_total_variance,4269,3,110,16,9,0.3375614919905725,0.004005959589369087
43000,h_plus_total_variance,4281,3,110,1,1,-0.15081851488127604,0.0004019926506382461
43000,h_plus_total_variance,4281,3,110,4,2,-0.13713594747611899,0.00024638599378307754
43000,h_plus_total_variance,4281,3,110,8,2,-0.13713594747611899,0.00024638599378307754
43000,h_plus_total_variance,4281,3,110,16,2,-0.13713594747611899,0.00024638599378307754
43000,h_plus_total_variance,4284,3,110,1,1,-0.01128394748209889,5.51249349937514e-05
43000,h_plus_total_variance,4284,3,110,4,4,0.04882168929073693,0.013447393846469298
43000,h_plus_total_variance,4284,3,110,8,8,0.3703112881644778,0.010236888422996273
43000,h_plus_total_variance,4284,3,110,16,16,0.11088311616301205,0.0058377461539052275
43000,h_plus_total_variance,4352,3,101,1,1,0.6731996816540567,0.003679523632970875
43000,h_plus_total_variance,4352,3,101,4,4,0.356173674947008,0.0034067242070588066
43000,h_plus_total_variance,4352,3,101,8,8,0.32370225676737635,0.04611158442305333
43000,h_plus_total_variance,4352,3,101,16,16,0.37684529986894494,0.057045391849399774
43000,h_plus_total_variance,4400,3,101,1,1,0.22753420199594732,0.04525737281542209
43000,h_plus_total_variance,4400,3,101,4,4,0.43656497470480243,0.06045252132727577
43000,h_plus_total_variance,4400,3,101,8,8,0.5803912904461443,0.22061406329370603
43000,h_plus_total_variance,4400,3,101,16,16,0.5293913812050729,0.1439610721447557
43000,h_plus_total_variance,4419,3,101,1,1,0.1034352632432073,0.015148454445649117
43000,h_plus_total_variance,4419,3,101,4,4,0.14437369079165524,0.02638907300696232
43000,h_plus_total_variance,4419,3,101,8,8,0.4584320002807898,0.08176637775413573
43000,h_plus_total_variance,4419,3,101,16,16,0.5017868438369726,0.0798086956540294
43000,h_plus_total_variance,4443,3,101,1,1,1.980988346346605,0.055647564903714995
43000,h_plus_total_variance,4443,3,101,4,4,1.4337173151138205,0.14095958690974753
43000,h_plus_total_variance,4443,3,101,8,8,1.3929842995295136,0.23071772515437977
43000,h_plus_total_variance,4443,3,101,16,11,1.2733643797532308,0.1882103871497403
43000,h_plus_total_variance,4455,3,101,1,1,2.126014295192681,0.34541455447122926
43000,h_plus_total_variance,4455,3,101,4,3,1.3832748959502108,0.16315562422019272
43000,h_plus_total_variance,4455,3,101,8,3,1.3832748959502108,0.16315562422019272
43000,h_plus_total_variance,4455,3,101,16,3,1.3832748959502108,0.16315562422019272
43000,h_plus_total_variance,4459,3,101,1,1,0.7361147698353748,0.012646124787894309
43000,h_plus_total_variance,4459,3,101,4,4,0.6448158069986681,0.054594861479546106
43000,h_plus_total_variance,4459,3,101,8,8,0.7465170752393537,0.0542410795173642
43000,h_plus_total_variance,4459,3,101,16,10,0.730576411073444,0.05334810753901416
43000,h_plus_total_variance,4470,3,101,1,1,0.5560428712301589,0.11991423979867766
43000,h_plus_total_variance,4470,3,101,4,4,0.6328388152551688,0.03842946842091899
43000,h_plus_total_variance,4470,3,101,8,8,0.6138444421109825,0.03463237063232521
43000,h_plus_total_variance,4470,3,101,16,10,0.560746229537082,0.030136995725622152
43000,h_plus_total_variance,4481,3,101,1,1,1.2999281983155901,0.3448594204495689
43000,h_plus_total_variance,4481,3,101,4,4,1.1291812964134391,0.195620210288955
43000,h_plus_total_variance,4481,3,101,8,8,1.1306204614579374,0.17044382727741997
43000,h_plus_total_variance,4481,3,101,16,14,0.8989928276869209,0.13435208730338383
43000,h_plus_total_variance,4496,3,101,1,1,0.41212045045185497,0.0011672247956654592
43000,h_plus_total_variance,4496,3,101,4,4,0.4452417710285471,0.021897253415826053
43000,h_plus_total_variance,4496,3,101,8,8,0.6849377645445756,0.04137034623870274
43000,h_plus_total_variance,4496,3,101,16,13,0.5613866625932967,0.03335394547636382
43000,h_plus_total_variance,4511,3,101,1,1,3.3604294578121467,0.10573699971160547
43000,h_plus_total_variance,4511,3,101,4,4,2.071228649091703,0.1706220158867616
43000,h_plus_total_variance,4511,3,101,8,8,1.3619121761565505,0.22490079689038917
43000,h_plus_total_variance,4511,3,101,16,16,1.1386852742255624,0.2058878786532278
43000,h_plus_total_variance,4535,3,101,1,1,0.7015333678976264,0.2045815043116947
43000,h_plus_total_variance,4535,3,101,4,4,0.8688085945327839,0.08765798759615795
43000,h_plus_total_variance,4535,3,101,8,8,0.8369759862892991,0.1194024075146887
43000,h_plus_total_variance,4535,3,101,16,9,0.8446580006938184,0.109767969293342
43000,h_plus_total_variance,4545,3,110,1,1,0.5411382567548941,3.9343201121970985e-06
43000,h_plus_total_variance,4545,3,110,4,4,0.602202938072264,0.018587519647106254
43000,h_plus_total_variance,4545,3,110,8,8,0.5485114669022625,0.0202008736708104
43000,h_plus_total_variance,4545,3,110,16,16,0.4098771335343747,0.013865959195484447
43000,h_plus_total_variance,4588,3,110,1,1,0.3882738839425835,0.0018377758895311758
43000,h_plus_total_variance,4588,3,110,4,3,0.507118928597003,0.011232907808428732
43000,h_plus_total_variance,4588,3,110,8,3,0.507118928597003,0.011232907808428732
43000,h_plus_total_variance,4588,3,110,16,3,0.507118928597003,0.011232907808428732
43000,h_plus_total_variance,4592,3,110,1,1,-0.2636569512428947,0.07432926910704316
43000,h_plus_total_variance,4592,3,110,4,2,0.7261015389248084,0.05285707656965584
43000,h_plus_total_variance,4592,3,110,8,2,0.7261015389248084,0.05285707656965584
43000,h_plus_total_variance,4592,3,110,16,2,0.7261015389248084,0.05285707656965584
43000,h_plus_total_variance,4595,3,110,1,1,0.010881831566072699,0.0018148518652977461
43000,h_plus_total_variance,4595,3,110,4,4,-0.12450176867009329,0.004182177861574688
43000,h_plus_total_variance,4595,3,110,8,5,0.04736785873703869,0.007544667833021532
43000,h_plus_total_variance,4595,3,110,16,5,0.04736785873703869,0.007544667833021532
43000,h_plus_total_variance,4601,3,110,1,1,-0.03088375131172037,0.012770355732889597
43000,h_plus_total_variance,4601,3,110,4,2,-0.08098031420469787,0.015069060869537809
43000,h_plus_total_variance,4601,3,110,8,2,-0.08098031420469787,0.015069060869537809
43000,h_plus_total_variance,4601,3,110,16,2,-0.08098031420469787,0.015069060869537809
43000,h_plus_total_variance,4604,3,110,1,1,0.3186615887695702,0.01880022902811097
43000,h_plus_total_variance,4604,3,110,4,3,0.45633094146989567,0.009160632818123625
43000,h_plus_total_variance,4604,3,110,8,3,0.45633094146989567,0.009160632818123625
43000,h_plus_total_variance,4604,3,110,16,3,0.45633094146989567,0.009160632818123625
43000,generator_supported_seen_mode_imm,9,0,011,1,1,0.8022516244724412,0.00011313001020288537
43000,generator_supported_seen_mode_imm,9,0,011,4,4,0.4188386581981733,0.01445422814529524
43000,generator_supported_seen_mode_imm,9,0,011,8,8,0.877871550812936,0.03762023290850064
43000,generator_supported_seen_mode_imm,9,0,011,16,16,0.849983865714442,0.04299911200210186
43000,generator_supported_seen_mode_imm,115,0,101,1,1,4.225277056873246,0.218334524058379
43000,generator_supported_seen_mode_imm,115,0,101,4,4,1.2269698169387855,0.20261111033727836
43000,generator_supported_seen_mode_imm,115,0,101,8,7,1.1827158739680983,0.14456962101188825
43000,generator_supported_seen_mode_imm,115,0,101,16,7,1.1827158739680983,0.14456962101188825
43000,generator_supported_seen_mode_imm,123,0,101,1,1,7.498297548528421,0.2408974042998539
43000,generator_supported_seen_mode_imm,123,0,101,4,4,2.4473069981034,0.0681201159777723
43000,generator_supported_seen_mode_imm,123,0,101,8,5,1.9825255720075536,0.05517061648571846
43000,generator_supported_seen_mode_imm,123,0,101,16,5,1.9825255720075536,0.05517061648571846
43000,generator_supported_seen_mode_imm,129,0,101,1,1,2.0056350080835172,0.005385128759548841
43000,generator_supported_seen_mode_imm,129,0,101,4,4,1.2733155974017567,0.04793051872894569
43000,generator_supported_seen_mode_imm,129,0,101,8,8,0.9907572928915505,0.024678079217748686
43000,generator_supported_seen_mode_imm,129,0,101,16,15,0.8657919695006352,0.01575201062563569
43000,generator_supported_seen_mode_imm,146,0,101,1,1,0.3541232096330981,0.16739123078618975
43000,generator_supported_seen_mode_imm,146,0,101,4,4,0.7909204837678061,0.05527521679128273
43000,generator_supported_seen_mode_imm,146,0,101,8,8,0.5363536463694469,0.03593754878000361
43000,generator_supported_seen_mode_imm,146,0,101,16,16,0.5343400807675285,0.034770686262766706
43000,generator_supported_seen_mode_imm,166,0,101,1,1,1.7271119851496277,0.36889406136065683
43000,generator_supported_seen_mode_imm,166,0,101,4,4,2.3620957393875264,0.1966050518992792
43000,generator_supported_seen_mode_imm,166,0,101,8,4,2.3620957393875264,0.1966050518992792
43000,generator_supported_seen_mode_imm,166,0,101,16,4,2.3620957393875264,0.1966050518992792
43000,generator_supported_seen_mode_imm,171,0,101,1,1,7.136570181363032,0.19210314971417106
43000,generator_supported_seen_mode_imm,171,0,101,4,4,2.2671285891724957,0.07188174302413275
43000,generator_supported_seen_mode_imm,171,0,101,8,8,1.3451416813629478,0.03883348923855191
43000,generator_supported_seen_mode_imm,171,0,101,16,10,1.1586064967735041,0.031392578999936055
43000,generator_supported_seen_mode_imm,182,0,101,1,1,1.5356732224334022,0.05553684936983284
43000,generator_supported_seen_mode_imm,182,0,101,4,4,0.7019830313754972,0.02873548059790676
43000,generator_supported_seen_mode_imm,182,0,101,8,8,0.8303911524248029,0.020732746204725545
43000,generator_supported_seen_mode_imm,182,0,101,16,11,0.7151167751403663,0.01609389393476733
43000,generator_supported_seen_mode_imm,195,0,101,1,1,0.6048154113642973,0.011335851607169193
43000,generator_supported_seen_mode_imm,195,0,101,4,4,0.6048639929452514,0.008235491669625884
43000,generator_supported_seen_mode_imm,195,0,101,8,8,0.48273873438570636,0.006213249744352115
43000,generator_supported_seen_mode_imm,195,0,101,16,11,0.4975872456186707,0.006778359523428658
43000,generator_supported_seen_mode_imm,207,0,101,1,1,0.3548428206475191,0.20386012036479703
43000,generator_supported_seen_mode_imm,207,0,101,4,4,0.8952540557388401,0.14492391887440936
43000,generator_supported_seen_mode_imm,207,0,101,8,5,0.7411698899146326,0.12291021341152653
43000,generator_supported_seen_mode_imm,207,0,101,16,5,0.7411698899146326,0.12291021341152653
43000,generator_supported_seen_mode_imm,213,0,101,1,1,3.7964336249309985,0.03171575048150887
43000,generator_supported_seen_mode_imm,213,0,101,4,4,1.2566396845471137,0.008324666586155566
43000,generator_supported_seen_mode_imm,213,0,101,8,7,0.8585023307602963,0.0067370309826289354
43000,generator_supported_seen_mode_imm,213,0,101,16,7,0.8585023307602963,0.0067370309826289354
43000,generator_supported_seen_mode_imm,221,0,101,1,1,1.2549801175063284,0.0665239653064254
43000,generator_supported_seen_mode_imm,221,0,101,4,4,0.4599399001143145,0.02276526253718059
43000,generator_supported_seen_mode_imm,221,0,101,8,8,0.23527285249696478,0.020956370742560994
43000,generator_supported_seen_mode_imm,221,0,101,16,16,0.26657097850380973,0.014907268819553648
43000,generator_supported_seen_mode_imm,244,0,110,1,1,-0.47983731636117183,0.012852105988241037
43000,generator_supported_seen_mode_imm,244,0,110,4,1,-0.47983731636117183,0.012852105988241037
43000,generator_supported_seen_mode_imm,244,0,110,8,1,-0.47983731636117183,0.012852105988241037
43000,generator_supported_seen_mode_imm,244,0,110,16,1,-0.47983731636117183,0.012852105988241037
43000,generator_supported_seen_mode_imm,246,0,110,1,1,-0.3527400875143551,8.58583759988269e-05
43000,generator_supported_seen_mode_imm,246,0,110,4,4,-0.20395671603038693,0.001930028056215938
43000,generator_supported_seen_mode_imm,246,0,110,8,8,-0.0031317823968617653,0.002567569320946446
43000,generator_supported_seen_mode_imm,246,0,110,16,16,-0.11721325934497487,0.0038109089322199566
43000,generator_supported_seen_mode_imm,273,0,110,1,1,-0.1042750018871006,0.005194196102171094
43000,generator_supported_seen_mode_imm,273,0,110,4,4,-0.3018294423578442,0.0035140273824338783
43000,generator_supported_seen_mode_imm,273,0,110,8,6,-0.10818994728077753,0.005960715415234067
43000,generator_supported_seen_mode_imm,273,0,110,16,6,-0.10818994728077753,0.005960715415234067
43000,generator_supported_seen_mode_imm,280,0,110,1,1,0.9911208964853456,0.03251708924672331
43000,generator_supported_seen_mode_imm,280,0,110,4,4,-0.008919838872152953,0.009522687531630443
43000,generator_supported_seen_mode_imm,280,0,110,8,6,-0.08852719334144403,0.00772094845402731
43000,generator_supported_seen_mode_imm,280,0,110,16,6,-0.08852719334144403,0.00772094845402731
43000,generator_supported_seen_mode_imm,287,0,110,1,1,3.1700246125458187,0.16395378243200687
43000,generator_supported_seen_mode_imm,287,0,110,4,4,1.9712930876075423,0.13407231774188455
43000,generator_supported_seen_mode_imm,287,0,110,8,4,1.9712930876075423,0.13407231774188455
43000,generator_supported_seen_mode_imm,287,0,110,16,4,1.9712930876075423,0.13407231774188455
43000,generator_supported_seen_mode_imm,292,0,101,1,1,1.7247168334738137,0.15027151109746723
43000,generator_supported_seen_mode_imm,292,0,101,4,4,0.5450426943723129,0.1371640448414069
43000,generator_supported_seen_mode_imm,292,0,101,8,8,0.2818404693241113,0.09115071761929784
43000,generator_supported_seen_mode_imm,292,0,101,16,16,0.5756970399307031,0.051461166743790386
43000,generator_supported_seen_mode_imm,328,0,101,1,1,0.16560430678868238,0.1605476482344939
43000,generator_supported_seen_mode_imm,328,0,101,4,4,1.0819887338753493,0.07414516644819615
43000,generator_supported_seen_mode_imm,328,0,101,8,8,0.7935211820287511,0.10006869307038635
43000,generator_supported_seen_mode_imm,328,0,101,16,8,0.7935211820287511,0.10006869307038635
43000,generator_supported_seen_mode_imm,338,0,101,1,1,1.607777726208687,0.24958020847813037
43000,generator_supported_seen_mode_imm,338,0,101,4,4,0.8856930380736387,0.11891361721787613
43000,generator_supported_seen_mode_imm,338,0,101,8,8,0.5290551861212727,0.0728945303269886
43000,generator_supported_seen_mode_imm,338,0,101,16,16,0.70230525251579,0.04784601239002112
43000,generator_supported_seen_mode_imm,377,0,101,1,1,1.1701292493481863,0.2540390186685492
43000,generator_supported_seen_mode_imm,377,0,101,4,4,1.0032768179162412,0.10145303354869344
43000,generator_supported_seen_mode_imm,377,0,101,8,8,0.9019584015310157,0.059922685328579584
43000,generator_supported_seen_mode_imm,377,0,101,16,16,0.6704990153867283,0.03553586796190868
43000,generator_supported_seen_mode_imm,422,0,101,1,1,0.6110703150823193,0.0076413162987458505
43000,generator_supported_seen_mode_imm,422,0,101,4,2,0.875524295428918,0.07714325941034918
43000,generator_supported_seen_mode_imm,422,0,101,8,2,0.875524295428918,0.07714325941034918
43000,generator_supported_seen_mode_imm,422,0,101,16,2,0.875524295428918,0.07714325941034918
43000,generator_supported_seen_mode_imm,425,0,101,1,1,0.2679223352353133,0.06044456357718042
43000,generator_supported_seen_mode_imm,425,0,101,4,4,1.0502720832913002,0.02759051180991353
43000,generator_supported_seen_mode_imm,425,0,101,8,4,1.0502720832913002,0.02759051180991353
43000,generator_supported_seen_mode_imm,425,0,101,16,4,1.0502720832913002,0.02759051180991353
43000,generator_supported_seen_mode_imm,430,0,101,1,1,0.7027373520800501,0.00033362947144777513
43000,generator_supported_seen_mode_imm,430,0,101,4,4,1.205219293603943,0.020076357722326268
43000,generator_supported_seen_mode_imm,430,0,101,8,8,1.2704533603230095,0.031498184084563466
43000,generator_supported_seen_mode_imm,430,0,101,16,16,0.9041140302997064,0.025536789634719087
43000,generator_supported_seen_mode_imm,465,0,111,1,1,1.7502725328630946,0.32094026943828663
43000,generator_supported_seen_mode_imm,465,0,111,4,4,0.6655688209226611,0.20733835932877248
43000,generator_supported_seen_mode_imm,465,0,111,8,8,0.7576148109185465,0.19822613547464543
43000,generator_supported_seen_mode_imm,465,0,111,16,13,0.6443915221570496,0.16080589141846763
43000,generator_supported_seen_mode_imm,480,0,111,1,1,2.1017378131205655,0.0028346494489193
43000,generator_supported_seen_mode_imm,480,0,111,4,4,1.6554173176372875,0.06472435150378444
43000,generator_supported_seen_mode_imm,480,0,111,8,8,1.6844080895322453,0.11489833082082414
43000,generator_supported_seen_mode_imm,480,0,111,16,8,1.6844080895322453,0.11489833082082414
43000,generator_supported_seen_mode_imm,489,0,111,1,1,3.0655534961156072,0.007508407962186989
43000,generator_supported_seen_mode_imm,489,0,111,4,4,1.2248813827592686,0.008835535600676651
43000,generator_supported_seen_mode_imm,489,0,111,8,4,1.2248813827592686,0.008835535600676651
43000,generator_supported_seen_mode_imm,489,0,111,16,4,1.2248813827592686,0.008835535600676651
43000,generator_supported_seen_mode_imm,494,0,111,1,1,1.1007430846556154,0.03135630330353859
43000,generator_supported_seen_mode_imm,494,0,111,4,4,0.3598596750231486,0.06651139012202963
43000,generator_supported_seen_mode_imm,494,0,111,8,8,1.0870651268816,0.2122736551506571
43000,generator_supported_seen_mode_imm,494,0,111,16,13,1.0473887978394145,0.17744613666250258
43000,generator_supported_seen_mode_imm,508,0,111,1,1,0.07721868654612773,0.11661160005192452
43000,generator_supported_seen_mode_imm,508,0,111,4,4,0.464211975571479,0.13762996289568288
43000,generator_supported_seen_mode_imm,508,0,111,8,8,1.4047028335081462,0.13277913001388691
43000,generator_supported_seen_mode_imm,508,0,111,16,8,1.4047028335081462,0.13277913001388691
43000,generator_supported_seen_mode_imm,517,0,111,1,1,-0.0562905840361555,0.014292724546746226
43000,generator_supported_seen_mode_imm,517,0,111,4,1,-0.0562905840361555,0.014292724546746226
43000,generator_supported_seen_mode_imm,517,0,111,8,1,-0.0562905840361555,0.014292724546746226
43000,generator_supported_seen_mode_imm,517,0,111,16,1,-0.0562905840361555,0.014292724546746226
43000,generator_supported_seen_mode_imm,519,0,111,1,1,0.4170167837851252,0.0032237765201883267
43000,generator_supported_seen_mode_imm,519,0,111,4,4,0.3821250843982529,0.01594371433070757
43000,generator_supported_seen_mode_imm,519,0,111,8,4,0.3821250843982529,0.01594371433070757
43000,generator_supported_seen_mode_imm,519,0,111,16,4,0.3821250843982529,0.01594371433070757
43000,generator_supported_seen_mode_imm,524,0,111,1,1,0.8710495476245459,0.13677599349149602
43000,generator_supported_seen_mode_imm,524,0,111,4,2,0.8800400123590273,0.08020821088857046
43000,generator_supported_seen_mode_imm,524,0,111,8,2,0.8800400123590273,0.08020821088857046
43000,generator_supported_seen_mode_imm,524,0,111,16,2,0.8800400123590273,0.08020821088857046
43000,generator_supported_seen_mode_imm,527,0,111,1,1,1.7777121415963892,0.09699066270141977
43000,generator_supported_seen_mode_imm,527,0,111,4,4,0.9956895127110021,0.03497950722496406
43000,generator_supported_seen_mode_imm,527,0,111,8,8,1.000686881587657,0.1003597636296753
43000,generator_supported_seen_mode_imm,527,0,111,16,16,0.9256363045296457,0.07973248359838639
43000,generator_supported_seen_mode_imm,548,0,111,1,1,1.3564050858785544,0.0839366519902618
43000,generator_supported_seen_mode_imm,548,0,111,4,2,0.788393078235006,0.04312253063932461
43000,generator_supported_seen_mode_imm,548,0,111,8,2,0.788393078235006,0.04312253063932461
43000,generator_supported_seen_mode_imm,548,0,111,16,2,0.788393078235006,0.04312253063932461
43000,generator_supported_seen_mode_imm,551,0,111,1,1,2.7515568052403028,0.6148321693568702
43000,generator_supported_seen_mode_imm,551,0,111,4,4,1.9529339033119575,0.406711535063022
43000,generator_supported_seen_mode_imm,551,0,111,8,8,1.3880722351420918,0.20893507581626572
43000,generator_supported_seen_mode_imm,551,0,111,16,16,1.1769575532722532,0.1247180602418745
43000,generator_supported_seen_mode_imm,588,0,111,1,1,0.16272925359882284,0.12426432665944241
43000,generator_supported_seen_mode_imm,588,0,111,4,4,-0.484647964878398,0.1251966083983838
43000,generator_supported_seen_mode_imm,588,0,111,8,8,1.219981319477116,0.24252165991981223
43000,generator_supported_seen_mode_imm,588,0,111,16,16,0.9992273817830486,0.14696295989201857
43000,generator_supported_seen_mode_imm,614,0,110,1,1,0.26088626842091234,0.0008401023367178375
43000,generator_supported_seen_mode_imm,614,0,110,4,4,0.2577659303025499,0.009141826639058478
43000,generator_supported_seen_mode_imm,614,0,110,8,8,0.03577937534727681,0.008219399013241944
43000,generator_supported_seen_mode_imm,614,0,110,16,16,0.1898752736543905,0.01156158870440432
43000,generator_supported_seen_mode_imm,640,0,110,1,1,-0.1855030118941352,0.007983784413194884
43000,generator_supported_seen_mode_imm,640,0,110,4,4,0.08048743226930546,0.011699258468263567
43000,generator_supported_seen_mode_imm,640,0,110,8,8,0.016795016337700766,0.011617922441052076
43000,generator_supported_seen_mode_imm,640,0,110,16,12,0.061406206376122374,0.01213425254873138
43000,generator_supported_seen_mode_imm,653,0,110,1,1,1.1882477909626625,0.10394242462918982
43000,generator_supported_seen_mode_imm,653,0,110,4,3,0.34344523311689,0.034735112418679735
43000,generator_supported_seen_mode_imm,653,0,110,8,3,0.34344523311689,0.034735112418679735
43000,generator_supported_seen_mode_imm,653,0,110,16,3,0.34344523311689,0.034735112418679735
43000,generator_supported_seen_mode_imm,657,0,110,1,1,0.30923249977747436,0.002669104897533119
43000,generator_supported_seen_mode_imm,657,0,110,4,1,0.30923249977747436,0.002669104897533119
43000,generator_supported_seen_mode_imm,657,0,110,8,1,0.30923249977747436,0.002669104897533119
43000,generator_supported_seen_mode_imm,657,0,110,16,1,0.30923249977747436,0.002669104897533119
43000,generator_supported_seen_mode_imm,659,0,110,1,1,-0.7672596859900341,0.0022955328128165583
43000,generator_supported_seen_mode_imm,659,0,110,4,4,-0.1306478945931592,0.009044282182243122
43000,generator_supported_seen_mode_imm,659,0,110,8,8,-0.03896340943807863,0.010735950694834332
43000,generator_supported_seen_mode_imm,659,0,110,16,13,-0.15885051948397536,0.01330196828810951
43000,generator_supported_seen_mode_imm,673,0,110,1,1,3.0339439447160683,0.0030069720779279134
43000,generator_supported_seen_mode_imm,673,0,110,4,4,1.410138981238897,0.013698094704293604
43000,generator_supported_seen_mode_imm,673,0,110,8,8,0.8081602424999409,0.009659996593920488
43000,generator_supported_seen_mode_imm,673,0,110,16,16,0.44364777863179183,0.009553110636759943
43000,generator_supported_seen_mode_imm,698,0,110,1,1,0.8691931135002662,0.028259181961071668
43000,generator_supported_seen_mode_imm,698,0,110,4,4,0.8180064543992729,0.008468096134921667
43000,generator_supported_seen_mode_imm,698,0,110,8,8,1.0507492532463216,0.03052726215730897
43000,generator_supported_seen_mode_imm,698,0,110,16,16,0.9763339416131799,0.03504042169122229
43000,generator_supported_seen_mode_imm,807,0,110,1,1,-0.15357017106574486,0.0007935010155353106
43000,generator_supported_seen_mode_imm,807,0,110,4,3,-0.07723400693769408,0.003490959297854517
43000,generator_supported_seen_mode_imm,807,0,110,8,3,-0.07723400693769408,0.003490959297854517
43000,generator_supported_seen_mode_imm,807,0,110,16,3,-0.07723400693769408,0.003490959297854517
43000,generator_supported_seen_mode_imm,811,0,110,1,1,0.4061674784316074,0.013686749634110859
43000,generator_supported_seen_mode_imm,811,0,110,4,2,0.01641870681362706,0.007142480511832153
43000,generator_supported_seen_mode_imm,811,0,110,8,2,0.01641870681362706,0.007142480511832153
43000,generator_supported_seen_mode_imm,811,0,110,16,2,0.01641870681362706,0.007142480511832153
43000,generator_supported_seen_mode_imm,814,0,110,1,1,-0.7351372489816276,5.2312148523848554e-06
43000,generator_supported_seen_mode_imm,814,0,110,4,4,0.33418638500696674,0.008673453456187585
43000,generator_supported_seen_mode_imm,814,0,110,8,8,-0.031142250096500568,0.006012040811943006
43000,generator_supported_seen_mode_imm,814,0,110,16,9,0.22810825387727224,0.005344201273138566
43000,generator_supported_seen_mode_imm,824,0,110,1,1,-0.040795208526513194,0.003376469934467157
43000,generator_supported_seen_mode_imm,824,0,110,4,2,0.4363517701718739,0.00690971760798343
43000,generator_supported_seen_mode_imm,824,0,110,8,2,0.4363517701718739,0.00690971760798343
43000,generator_supported_seen_mode_imm,824,0,110,16,2,0.4363517701718739,0.00690971760798343
43000,generator_supported_seen_mode_imm,827,0,110,1,1,0.7648380325476591,0.0015028057128743397
43000,generator_supported_seen_mode_imm,827,0,110,4,4,0.8539723361449107,0.0110831289315028
43000,generator_supported_seen_mode_imm,827,0,110,8,4,0.8539723361449107,0.0110831289315028
43000,generator_supported_seen_mode_imm,827,0,110,16,4,0.8539723361449107,0.0110831289315028
43000,generator_supported_seen_mode_imm,832,0,110,1,1,0.27586529887974215,0.002269726821700092
43000,generator_supported_seen_mode_imm,832,0,110,4,4,0.08163445157659172,0.008704020223524426
43000,generator_supported_seen_mode_imm,832,0,110,8,8,0.2306569116939812,0.006614515969587556
43000,generator_supported_seen_mode_imm,832,0,110,16,16,-0.00673977807606041,0.006493310131709779
43000,generator_supported_seen_mode_imm,849,0,110,1,1,-0.18026335725471382,0.08034617929952964
43000,generator_supported_seen_mode_imm,849,0,110,4,4,0.7900420401751933,0.023788174679180204
43000,generator_supported_seen_mode_imm,849,0,110,8,8,0.32793819569907107,0.01685587981737632
43000,generator_supported_seen_mode_imm,849,0,110,16,16,-0.021656769358600586,0.013842444280242533
43000,generator_supported_seen_mode_imm,869,0,110,1,1,-0.690555220085113,0.0011883032464377057
43000,generator_supported_seen_mode_imm,869,0,110,4,4,-0.6515324125026805,0.001326746057132398
43000,generator_supported_seen_mode_imm,869,0,110,8,8,-0.5797246007671223,0.001735954782289037
43000,generator_supported_seen_mode_imm,869,0,110,16,9,-0.6272386140883971,0.0017324470269511243
43000,generator_supported_seen_mode_imm,879,0,110,1,1,-0.809956309593909,0.0013686238422479088
43000,generator_supported_seen_mode_imm,879,0,110,4,4,1.193081996525369,0.027813362795596937
43000,generator_supported_seen_mode_imm,879,0,110,8,4,1.193081996525369,0.027813362795596937
43000,generator_supported_seen_mode_imm,879,0,110,16,4,1.193081996525369,0.027813362795596937
43000,generator_supported_seen_mode_imm,884,0,110,1,1,-0.7003337855681132,0.00029601880720317984
43000,generator_supported_seen_mode_imm,884,0,110,4,4,0.2056050817773309,0.022998517908846907
43000,generator_supported_seen_mode_imm,884,0,110,8,8,0.44240372844856557,0.02293850404855184
43000,generator_supported_seen_mode_imm,884,0,110,16,16,1.138551550426939,0.049325697337626456
43000,generator_supported_seen_mode_imm,1060,0,111,1,1,0.10185242042116482,0.0024489555727268794
43000,generator_supported_seen_mode_imm,1060,0,111,4,4,1.1397535209489837,0.008536329284957424
43000,generator_supported_seen_mode_imm,1060,0,111,8,5,1.2804660392947278,0.008170503981210178
43000,generator_supported_seen_mode_imm,1060,0,111,16,5,1.2804660392947278,0.008170503981210178
43000,generator_supported_seen_mode_imm,1066,0,111,1,1,1.0336178682420059,0.10798470770093278
43000,generator_supported_seen_mode_imm,1066,0,111,4,2,1.6412989655190626,0.05928181108634949
43000,generator_supported_seen_mode_imm,1066,0,111,8,2,1.6412989655190626,0.05928181108634949
43000,generator_supported_seen_mode_imm,1066,0,111,16,2,1.6412989655190626,0.05928181108634949
43000,generator_supported_seen_mode_imm,1069,0,111,1,1,1.110394192653864,0.028542097051897284
43000,generator_supported_seen_mode_imm,1069,0,111,4,1,1.110394192653864,0.028542097051897284
43000,generator_supported_seen_mode_imm,1069,0,111,8,1,1.110394192653864,0.028542097051897284
43000,generator_supported_seen_mode_imm,1069,0,111,16,1,1.110394192653864,0.028542097051897284
43000,generator_supported_seen_mode_imm,1071,0,111,1,1,4.833922193815073,0.9808230248693314
43000,generator_supported_seen_mode_imm,1071,0,111,4,4,1.8245333346769566,0.28198095319198513
43000,generator_supported_seen_mode_imm,1071,0,111,8,8,1.1452738585292126,0.14852960290683606
43000,generator_supported_seen_mode_imm,1071,0,111,16,16,1.1966932179086085,0.0916832816571963
43000,generator_supported_seen_mode_imm,1106,0,111,1,1,1.5811259320052828,0.18108837036118156
43000,generator_supported_seen_mode_imm,1106,0,111,4,4,1.0923714292877804,0.11228519920084651
43000,generator_supported_seen_mode_imm,1106,0,111,8,8,0.7257612340945405,0.08285913391583312
43000,generator_supported_seen_mode_imm,1106,0,111,16,16,0.575395249026496,0.06776218580189165
43000,generator_supported_seen_mode_imm,1140,0,111,1,1,1.866650653087854,0.10985460559784581
43000,generator_supported_seen_mode_imm,1140,0,111,4,1,1.866650653087854,0.10985460559784581
43000,generator_supported_seen_mode_imm,1140,0,111,8,1,1.866650653087854,0.10985460559784581
43000,generator_supported_seen_mode_imm,1140,0,111,16,1,1.866650653087854,0.10985460559784581
43000,generator_supported_seen_mode_imm,1142,0,111,1,1,-0.11253322116615472,0.16362297216604113
43000,generator_supported_seen_mode_imm,1142,0,111,4,2,0.6582021125496639,0.1264486209085543
43000,generator_supported_seen_mode_imm,1142,0,111,8,2,0.6582021125496639,0.1264486209085543
43000,generator_supported_seen_mode_imm,1142,0,111,16,2,0.6582021125496639,0.1264486209085543
43000,generator_supported_seen_mode_imm,1145,0,111,1,1,-0.07244778565349752,0.01365072431661997
43000,generator_supported_seen_mode_imm,1145,0,111,4,4,-0.09083249559824773,0.0595840920568103
43000,generator_supported_seen_mode_imm,1145,0,111,8,4,-0.09083249559824773,0.0595840920568103
43000,generator_supported_seen_mode_imm,1145,0,111,16,4,-0.09083249559824773,0.0595840920568103
43000,generator_supported_seen_mode_imm,1150,0,111,1,1,4.305869756260439,0.10850473169288379
43000,generator_supported_seen_mode_imm,1150,0,111,4,1,4.305869756260439,0.10850473169288379
43000,generator_supported_seen_mode_imm,1150,0,111,8,1,4.305869756260439,0.10850473169288379
43000,generator_supported_seen_mode_imm,1150,0,111,16,1,4.305869756260439,0.10850473169288379
43000,generator_supported_seen_mode_imm,1312,1,110,1,1,0.6738204229769569,0.0014737735133017703
43000,generator_supported_seen_mode_imm,1312,1,110,4,4,0.35084514983558723,0.013835306059271291
43000,generator_supported_seen_mode_imm,1312,1,110,8,8,0.09323359569423628,0.012656293400376054
43000,generator_supported_seen_mode_imm,1312,1,110,16,11,0.21736715992863492,0.010999435785478366
43000,generator_supported_seen_mode_imm,1324,1,110,1,1,-0.47791634359396107,0.037190762818008344
43000,generator_supported_seen_mode_imm,1324,1,110,4,4,0.922158559047606,0.029842681803503992
43000,generator_supported_seen_mode_imm,1324,1,110,8,8,0.6825369030555799,0.05820541156918506
43000,generator_supported_seen_mode_imm,1324,1,110,16,16,0.601148308660729,0.06668300519860926
43000,generator_supported_seen_mode_imm,1352,1,110,1,1,2.431160912206949,1.992865285146384e-06
43000,generator_supported_seen_mode_imm,1352,1,110,4,4,0.1838912178549571,0.010748866656515803
43000,generator_supported_seen_mode_imm,1352,1,110,8,8,0.4953310259282268,0.012489139102646596
43000,generator_supported_seen_mode_imm,1352,1,110,16,16,0.3658318893637269,0.014991056428773037
43000,generator_supported_seen_mode_imm,1373,1,110,1,1,0.03647552008512378,0.02368559876574655
43000,generator_supported_seen_mode_imm,1373,1,110,4,4,0.17870059702991392,0.010497406199603711
43000,generator_supported_seen_mode_imm,1373,1,110,8,8,0.05481568251146905,0.012021863774663162
43000,generator_supported_seen_mode_imm,1373,1,110,16,16,0.16027067290143865,0.012050501413132915
43000,generator_supported_seen_mode_imm,1395,1,110,1,1,0.036181786981085456,0.005508961992298916
43000,generator_supported_seen_mode_imm,1395,1,110,4,4,-0.049877676340509824,0.0130760916608457
43000,generator_supported_seen_mode_imm,1395,1,110,8,4,-0.049877676340509824,0.0130760916608457
43000,generator_supported_seen_mode_imm,1395,1,110,16,4,-0.049877676340509824,0.0130760916608457
43000,generator_supported_seen_mode_imm,1401,1,110,1,1,-0.0640545103446711,0.016177810184766227
43000,generator_supported_seen_mode_imm,1401,1,110,4,4,-0.23528611958056142,0.00745921564677072
43000,generator_supported_seen_mode_imm,1401,1,110,8,8,-0.18718581527898487,0.004434057918878805
43000,generator_supported_seen_mode_imm,1401,1,110,16,15,-0.15911110694625355,0.005067612270056675
43000,generator_supported_seen_mode_imm,1417,1,110,1,1,-0.5295862570628005,0.0008282987252414475
43000,generator_supported_seen_mode_imm,1417,1,110,4,4,0.40984502119414656,0.015599670522492864
43000,generator_supported_seen_mode_imm,1417,1,110,8,8,0.02962082186804041,0.011687747047726045
43000,generator_supported_seen_mode_imm,1417,1,110,16,16,0.4500191166249964,0.013180356146636804
43000,generator_supported_seen_mode_imm,1452,1,111,1,1,2.9886339944829095,0.09066339061954048
43000,generator_supported_seen_mode_imm,1452,1,111,4,4,1.9777012336726971,0.0983455066263252
43000,generator_supported_seen_mode_imm,1452,1,111,8,7,1.3708852884351799,0.06819888254485797
43000,generator_supported_seen_mode_imm,1452,1,111,16,7,1.3708852884351799,0.06819888254485797
43000,generator_supported_seen_mode_imm,1460,1,111,1,1,0.08719893995205222,0.1747154466867955
43000,generator_supported_seen_mode_imm,1460,1,111,4,4,0.36737555241887493,0.07311499359717709
43000,generator_supported_seen_mode_imm,1460,1,111,8,8,0.4372783622409454,0.055726529671624
43000,generator_supported_seen_mode_imm,1460,1,111,16,16,0.6171329221184068,0.04770394545094248
43000,generator_supported_seen_mode_imm,1485,1,111,1,1,5.507252186037538,0.4287934569682377
43000,generator_supported_seen_mode_imm,1485,1,111,4,4,2.594083883594463,0.15480232987915588
43000,generator_supported_seen_mode_imm,1485,1,111,8,8,1.4907969518026716,0.10760166885595336
43000,generator_supported_seen_mode_imm,1485,1,111,16,11,1.246997114800174,0.09969761989261347
43000,generator_supported_seen_mode_imm,1497,1,111,1,1,1.4870157553877335,0.044762154042506976
43000,generator_supported_seen_mode_imm,1497,1,111,4,3,0.7449541668136996,0.043619221527005224
43000,generator_supported_seen_mode_imm,1497,1,111,8,3,0.7449541668136996,0.043619221527005224
43000,generator_supported_seen_mode_imm,1497,1,111,16,3,0.7449541668136996,0.043619221527005224
43000,generator_supported_seen_mode_imm,1501,1,111,1,1,7.38347669020624,0.1563368126481188
43000,generator_supported_seen_mode_imm,1501,1,111,4,4,2.5479536194784673,0.06133216848858117
43000,generator_supported_seen_mode_imm,1501,1,111,8,4,2.5479536194784673,0.06133216848858117
43000,generator_supported_seen_mode_imm,1501,1,111,16,4,2.5479536194784673,0.06133216848858117
43000,generator_supported_seen_mode_imm,1506,1,101,1,1,3.6658601344605586,0.03661172244711221
43000,generator_supported_seen_mode_imm,1506,1,101,4,4,1.1825134713319017,0.017245151528725328
43000,generator_supported_seen_mode_imm,1506,1,101,8,8,0.8910625235077166,0.017180008535307004
43000,generator_supported_seen_mode_imm,1506,1,101,16,16,0.6451557587704542,0.020055715354190935
43000,generator_supported_seen_mode_imm,1552,1,101,1,1,2.96505179395012,0.005044517310072278
43000,generator_supported_seen_mode_imm,1552,1,101,4,1,2.96505179395012,0.005044517310072278
43000,generator_supported_seen_mode_imm,1552,1,101,8,1,2.96505179395012,0.005044517310072278
43000,generator_supported_seen_mode_imm,1552,1,101,16,1,2.96505179395012,0.005044517310072278
43000,generator_supported_seen_mode_imm,1555,1,101,1,1,0.22941428107573453,0.03175651481567176
43000,generator_supported_seen_mode_imm,1555,1,101,4,4,0.14563861560977628,0.013736825670919984
43000,generator_supported_seen_mode_imm,1555,1,101,8,7,0.22102441002113565,0.017869421710204676
43000,generator_supported_seen_mode_imm,1555,1,101,16,7,0.22102441002113565,0.017869421710204676
43000,generator_supported_seen_mode_imm,1563,1,101,1,1,1.1635058382001329,0.009686169458504921
43000,generator_supported_seen_mode_imm,1563,1,101,4,2,1.3496891953434678,0.04998746111669519
43000,generator_supported_seen_mode_imm,1563,1,101,8,2,1.3496891953434678,0.04998746111669519
43000,generator_supported_seen_mode_imm,1563,1,101,16,2,1.3496891953434678,0.04998746111669519
43000,generator_supported_seen_mode_imm,1566,1,101,1,1,0.4861271703246019,0.0011700688689368804
43000,generator_supported_seen_mode_imm,1566,1,101,4,4,0.46620329871763555,0.002089388458469629
43000,generator_supported_seen_mode_imm,1566,1,101,8,8,0.6552592319110724,0.009819809567797332
43000,generator_supported_seen_mode_imm,1566,1,101,16,16,0.7238477266340924,0.020284787123076433
43000,generator_supported_seen_mode_imm,1594,1,101,1,1,0.31186825190179335,0.014634261547629207
43000,generator_supported_seen_mode_imm,1594,1,101,4,4,0.5966145132225136,0.09466596876096235
43000,generator_supported_seen_mode_imm,1594,1,101,8,8,0.5377946957333362,0.06369244464411657
43000,generator_supported_seen_mode_imm,1594,1,101,16,16,0.5504184179504599,0.10980588545694006
43000,generator_supported_seen_mode_imm,1611,1,111,1,1,0.1186360898443477,0.028348767739667304
43000,generator_supported_seen_mode_imm,1611,1,111,4,4,0.6307365298650989,0.06743780468026533
43000,generator_supported_seen_mode_imm,1611,1,111,8,5,0.6150696143826362,0.07202777886243769
43000,generator_supported_seen_mode_imm,1611,1,111,16,5,0.6150696143826362,0.07202777886243769
43000,generator_supported_seen_mode_imm,1617,1,111,1,1,5.28114007266664,0.21443261074367173
43000,generator_supported_seen_mode_imm,1617,1,111,4,4,3.2281919222783544,0.29016532762499647
43000,generator_supported_seen_mode_imm,1617,1,111,8,8,2.670958558734694,0.1594353824033452
43000,generator_supported_seen_mode_imm,1617,1,111,16,9,2.46418537773806,0.15133425760715116
43000,generator_supported_seen_mode_imm,1627,1,111,1,1,0.2905862847626334,0.007401463922630583
43000,generator_supported_seen_mode_imm,1627,1,111,4,4,0.8439223001237839,0.24483165553643293
43000,generator_supported_seen_mode_imm,1627,1,111,8,8,0.6745771825888511,0.20992975315492043
43000,generator_supported_seen_mode_imm,1627,1,111,16,14,1.2820429762111825,0.3426716124196972
43000,generator_supported_seen_mode_imm,1642,1,111,1,1,-0.4609703456552551,1.9760987945070954e-06
43000,generator_supported_seen_mode_imm,1642,1,111,4,4,0.8009892807652997,0.012318045737743597
43000,generator_supported_seen_mode_imm,1642,1,111,8,8,1.2694607589934426,0.009625636148027566
43000,generator_supported_seen_mode_imm,1642,1,111,16,16,1.0030895682440955,0.04678512764271013
43000,generator_supported_seen_mode_imm,1680,1,111,1,1,6.404129733322756,0.04553766949283073
43000,generator_supported_seen_mode_imm,1680,1,111,4,1,6.404129733322756,0.04553766949283073
43000,generator_supported_seen_mode_imm,1680,1,111,8,1,6.404129733322756,0.04553766949283073
43000,generator_supported_seen_mode_imm,1680,1,111,16,1,6.404129733322756,0.04553766949283073
43000,generator_supported_seen_mode_imm,1682,1,111,1,1,0.2766535588351613,0.043460742100331684
43000,generator_supported_seen_mode_imm,1682,1,111,4,4,1.0365578858608946,0.07239269016474655
43000,generator_supported_seen_mode_imm,1682,1,111,8,8,0.7522278695955696,0.039823770770853834
43000,generator_supported_seen_mode_imm,1682,1,111,16,16,0.6415794903974846,0.041913305395217926
43000,generator_supported_seen_mode_imm,1699,1,111,1,1,1.7154090552983936,0.031091855534413165
43000,generator_supported_seen_mode_imm,1699,1,111,4,4,1.1476916096523428,0.03623383971348621
43000,generator_supported_seen_mode_imm,1699,1,111,8,8,0.8991193154409167,0.03542211047452771
43000,generator_supported_seen_mode_imm,1699,1,111,16,16,0.9226616993606769,0.06375358669444897
43000,generator_supported_seen_mode_imm,1721,1,111,1,1,0.6964447014385698,0.00011058226166254256
43000,generator_supported_seen_mode_imm,1721,1,111,4,4,0.27862286581885193,0.014420970352531188
43000,generator_supported_seen_mode_imm,1721,1,111,8,8,0.2815976064634904,0.09540273405310937
43000,generator_supported_seen_mode_imm,1721,1,111,16,16,0.21555740068847512,0.05420460288106439
43000,generator_supported_seen_mode_imm,1800,1,101,1,1,2.205447626783449,0.15001393772049185
43000,generator_supported_seen_mode_imm,1800,1,101,4,4,0.8820048631363592,0.07197035112134689
43000,generator_supported_seen_mode_imm,1800,1,101,8,8,0.7027598338506523,0.036208427679701824
43000,generator_supported_seen_mode_imm,1800,1,101,16,16,0.6921991614200858,0.0223614405365559
43000,generator_supported_seen_mode_imm,1825,1,101,1,1,0.2757548682595873,0.0014930111063433556
43000,generator_supported_seen_mode_imm,1825,1,101,4,4,0.585503821961072,0.04340228319912241
43000,generator_supported_seen_mode_imm,1825,1,101,8,8,0.42954374150561664,0.023937698434207497
43000,generator_supported_seen_mode_imm,1825,1,101,16,16,0.4868720226272844,0.016798847729489412
43000,generator_supported_seen_mode_imm,1842,1,101,1,1,0.6201905177987551,0.057200166461150954
43000,generator_supported_seen_mode_imm,1842,1,101,4,4,0.6180352820227282,0.08677753661144466
43000,generator_supported_seen_mode_imm,1842,1,101,8,4,0.6180352820227282,0.08677753661144466
43000,generator_supported_seen_mode_imm,1842,1,101,16,4,0.6180352820227282,0.08677753661144466
43000,generator_supported_seen_mode_imm,1847,1,101,1,1,0.20076742348099433,0.08030408713425341
43000,generator_supported_seen_mode_imm,1847,1,101,4,4,0.12906317340123216,0.08596610930788554
43000,generator_supported_seen_mode_imm,1847,1,101,8,8,0.38062186690813804,0.06125956239825496
43000,generator_supported_seen_mode_imm,1847,1,101,16,12,0.4322028958353179,0.05790364045126404
43000,generator_supported_seen_mode_imm,1860,1,101,1,1,0.2385664384418238,0.0021062504342824096
43000,generator_supported_seen_mode_imm,1860,1,101,4,4,0.5030662040546394,0.0070693936424186445
43000,generator_supported_seen_mode_imm,1860,1,101,8,6,0.4548094685295714,0.01110308698865819
43000,generator_supported_seen_mode_imm,1860,1,101,16,6,0.4548094685295714,0.01110308698865819
43000,generator_supported_seen_mode_imm,1867,1,101,1,1,2.2093892481353348,0.3280314209063458
43000,generator_supported_seen_mode_imm,1867,1,101,4,4,1.430786300700918,0.1978849408798151
43000,generator_supported_seen_mode_imm,1867,1,101,8,8,1.0686741291158273,0.11019018950641167
43000,generator_supported_seen_mode_imm,1867,1,101,16,11,0.8218221296146683,0.08522721732265841
43000,generator_supported_seen_mode_imm,1879,1,101,1,1,3.9807814711625853,0.008888708123055379
43000,generator_supported_seen_mode_imm,1879,1,101,4,4,1.5030185619747891,0.011077039235916063
43000,generator_supported_seen_mode_imm,1879,1,101,8,8,0.9813447694085102,0.010518362513133088
43000,generator_supported_seen_mode_imm,1879,1,101,16,13,0.8253784297612928,0.007355036700122785
43000,generator_supported_seen_mode_imm,1893,1,101,1,1,0.40104684096651405,0.0006890442151235593
43000,generator_supported_seen_mode_imm,1893,1,101,4,4,1.0165819749051033,0.020091104781878994
43000,generator_supported_seen_mode_imm,1893,1,101,8,8,0.9260625103387534,0.01665796774156731
43000,generator_supported_seen_mode_imm,1893,1,101,16,13,0.7641326399212016,0.012908532028774962
43000,generator_supported_seen_mode_imm,1907,1,101,1,1,0.18638158343708927,0.01278613877380024
43000,generator_supported_seen_mode_imm,1907,1,101,4,4,0.2891478922309292,0.03244193516393643
43000,generator_supported_seen_mode_imm,1907,1,101,8,6,0.2226440255278639,0.05941927305563518
43000,generator_supported_seen_mode_imm,1907,1,101,16,6,0.2226440255278639,0.05941927305563518
43000,generator_supported_seen_mode_imm,1914,1,101,1,1,2.2884618955383127,0.0391207506063928
43000,generator_supported_seen_mode_imm,1914,1,101,4,4,1.2483951888902995,0.016202363825137733
43000,generator_supported_seen_mode_imm,1914,1,101,8,8,1.323614130411861,0.011574945764710833
43000,generator_supported_seen_mode_imm,1914,1,101,16,16,0.826727601748819,0.007679149136818934
43000,generator_supported_seen_mode_imm,1931,1,101,1,1,3.3629807081328917,0.009495462949824212
43000,generator_supported_seen_mode_imm,1931,1,101,4,4,1.3930965588759059,0.05445848779890087
43000,generator_supported_seen_mode_imm,1931,1,101,8,8,0.9100580540346277,0.03680446341506503
43000,generator_supported_seen_mode_imm,1931,1,101,16,11,0.9384875509087828,0.032997687395976964
43000,generator_supported_seen_mode_imm,1943,1,101,1,1,1.260037262713057,0.018363087152759982
43000,generator_supported_seen_mode_imm,1943,1,101,4,4,0.5786504051219008,0.00683691344078754
43000,generator_supported_seen_mode_imm,1943,1,101,8,6,0.6165610307286697,0.005114691944385937
43000,generator_supported_seen_mode_imm,1943,1,101,16,6,0.6165610307286697,0.005114691944385937
43000,generator_supported_seen_mode_imm,1950,1,101,1,1,0.5015276641306363,0.1510120155165257
43000,generator_supported_seen_mode_imm,1950,1,101,4,4,0.5438161019823676,0.14900492855376388
43000,generator_supported_seen_mode_imm,1950,1,101,8,5,0.515220667703282,0.13643365736226795
43000,generator_supported_seen_mode_imm,1950,1,101,16,5,0.515220667703282,0.13643365736226795
43000,generator_supported_seen_mode_imm,1956,1,101,1,1,1.391063794557753,0.03562531688963149
43000,generator_supported_seen_mode_imm,1956,1,101,4,4,0.5394203945067568,0.023975247645156246
43000,generator_supported_seen_mode_imm,1956,1,101,8,8,0.2236070486898416,0.012289074739281465
43000,generator_supported_seen_mode_imm,1956,1,101,16,15,0.40997383684412025,0.016046988339115182
43000,generator_supported_seen_mode_imm,1972,1,101,1,1,0.5473004068545468,0.03588719510599162
43000,generator_supported_seen_mode_imm,1972,1,101,4,4,0.5652472984421615,0.018839530999171853
43000,generator_supported_seen_mode_imm,1972,1,101,8,8,0.40088051958823584,0.01109327180118606
43000,generator_supported_seen_mode_imm,1972,1,101,16,16,0.5797795971540338,0.05719800639375522
43000,generator_supported_seen_mode_imm,2116,1,111,1,1,0.44459700053146695,0.007389580774949352
43000,generator_supported_seen_mode_imm,2116,1,111,4,4,0.5179226745016059,0.004629511298244401
43000,generator_supported_seen_mode_imm,2116,1,111,8,8,0.41660557829021194,0.013948315538112991
43000,generator_supported_seen_mode_imm,2116,1,111,16,9,0.42990363254522923,0.019300748036641193
43000,generator_supported_seen_mode_imm,2126,1,111,1,1,0.3579534376647845,0.0043473072428190755
43000,generator_supported_seen_mode_imm,2126,1,111,4,1,0.3579534376647845,0.0043473072428190755
43000,generator_supported_seen_mode_imm,2126,1,111,8,1,0.3579534376647845,0.0043473072428190755
43000,generator_supported_seen_mode_imm,2126,1,111,16,1,0.3579534376647845,0.0043473072428190755
43000,generator_supported_seen_mode_imm,2129,1,111,1,1,1.9580097235461722,0.21358304591525926
43000,generator_supported_seen_mode_imm,2129,1,111,4,4,1.3615177440195294,0.13248498946987763
43000,generator_supported_seen_mode_imm,2129,1,111,8,8,1.0899229989665933,0.08448728759176688
43000,generator_supported_seen_mode_imm,2129,1,111,16,16,0.9322895452555795,0.12042195566765905
43000,generator_supported_seen_mode_imm,2149,1,111,1,1,0.08928409114854689,0.005826283429145295
43000,generator_supported_seen_mode_imm,2149,1,111,4,4,0.17555321445374306,0.046878563924673156
43000,generator_supported_seen_mode_imm,2149,1,111,8,5,0.25170785908964477,0.05328485510066585
43000,generator_supported_seen_mode_imm,2149,1,111,16,5,0.25170785908964477,0.05328485510066585
43000,generator_supported_seen_mode_imm,2155,1,111,1,1,0.2879236543589306,0.0006701270306477746
43000,generator_supported_seen_mode_imm,2155,1,111,4,4,0.29806872574230553,0.02039048144576938
43000,generator_supported_seen_mode_imm,2155,1,111,8,8,0.38129254272404534,0.10590077965332292
43000,generator_supported_seen_mode_imm,2155,1,111,16,10,0.5058178016926012,0.09938713507735437
43000,generator_supported_seen_mode_imm,2166,1,111,1,1,3.363089406592812,0.07311963460697589
43000,generator_supported_seen_mode_imm,2166,1,111,4,2,1.8057787323197523,0.059141898943477905
43000,generator_supported_seen_mode_imm,2166,1,111,8,2,1.8057787323197523,0.059141898943477905
43000,generator_supported_seen_mode_imm,2166,1,111,16,2,1.8057787323197523,0.059141898943477905
43000,generator_supported_seen_mode_imm,2169,1,111,1,1,1.2164963883202828,0.010642505987710701
43000,generator_supported_seen_mode_imm,2169,1,111,4,1,1.2164963883202828,0.010642505987710701
43000,generator_supported_seen_mode_imm,2169,1,111,8,1,1.2164963883202828,0.010642505987710701
43000,generator_supported_seen_mode_imm,2169,1,111,16,1,1.2164963883202828,0.010642505987710701
43000,generator_supported_seen_mode_imm,2171,1,111,1,1,0.1539515251315012,0.706763745935757
43000,generator_supported_seen_mode_imm,2171,1,111,4,3,0.4833891674900373,0.39621466116549614
43000,generator_supported_seen_mode_imm,2171,1,111,8,3,0.4833891674900373,0.39621466116549614
43000,generator_supported_seen_mode_imm,2171,1,111,16,3,0.4833891674900373,0.39621466116549614
43000,generator_supported_seen_mode_imm,2175,1,111,1,1,0.4955290442918354,0.12585471415758304
43000,generator_supported_seen_mode_imm,2175,1,111,4,4,0.6113777706597947,0.20214927824970014
43000,generator_supported_seen_mode_imm,2175,1,111,8,8,0.8834582084817533,0.1550938468107208
43000,generator_supported_seen_mode_imm,2175,1,111,16,16,0.9076673478887748,0.09508541194150022
43000,generator_supported_seen_mode_imm,2202,1,111,1,1,2.2020355873077126,0.005308925052028056
43000,generator_supported_seen_mode_imm,2202,1,111,4,4,0.9970189486750247,0.003919534169335705
43000,generator_supported_seen_mode_imm,2202,1,111,8,8,0.604631986070191,0.011604942442923405
43000,generator_supported_seen_mode_imm,2202,1,111,16,11,0.44021043374839786,0.010482494551827466
43000,generator_supported_seen_mode_imm,2214,1,110,1,1,0.40439780474664144,0.06224154548333975
43000,generator_supported_seen_mode_imm,2214,1,110,4,4,-0.1835668010572054,0.028752740192976963
43000,generator_supported_seen_mode_imm,2214,1,110,8,8,0.01566943401383318,0.0171414947738411
43000,generator_supported_seen_mode_imm,2214,1,110,16,9,-0.0683817550850779,0.017430713642462976
43000,generator_supported_seen_mode_imm,2224,1,110,1,1,0.006388465827334655,0.05524017528183783
43000,generator_supported_seen_mode_imm,2224,1,110,4,4,0.5740891634883488,0.014711465766946144
43000,generator_supported_seen_mode_imm,2224,1,110,8,8,0.31829899480987556,0.010479249319799317
43000,generator_supported_seen_mode_imm,2224,1,110,16,16,0.0005406620434717652,0.009453610544849066
43000,generator_supported_seen_mode_imm,2248,1,110,1,1,0.00547595022275299,0.004951693477802004
43000,generator_supported_seen_mode_imm,2248,1,110,4,4,-0.24936665178341455,0.008400402076667503
43000,generator_supported_seen_mode_imm,2248,1,110,8,8,-0.35408195170637263,0.007053094450067949
43000,generator_supported_seen_mode_imm,2248,1,110,16,16,-0.31603252955058414,0.007247104308445442
43000,generator_supported_seen_mode_imm,2276,1,110,1,1,-0.3787273284001108,0.006972429349317858
43000,generator_supported_seen_mode_imm,2276,1,110,4,4,0.6517670170572392,0.02209283771596543
43000,generator_supported_seen_mode_imm,2276,1,110,8,8,0.3290972310647049,0.01403225309387342
43000,generator_supported_seen_mode_imm,2276,1,110,16,16,0.09237573209799257,0.008914473609899724
43000,generator_supported_seen_mode_imm,2313,2,111,1,1,2.181209976378589,0.1097952427957775
43000,generator_supported_seen_mode_imm,2313,2,111,4,4,1.2453200641775577,0.09181731350144304
43000,generator_supported_seen_mode_imm,2313,2,111,8,4,1.2453200641775577,0.09181731350144304
43000,generator_supported_seen_mode_imm,2313,2,111,16,4,1.2453200641775577,0.09181731350144304
43000,generator_supported_seen_mode_imm,2318,2,111,1,1,0.5310864178384114,0.12494686692605926
43000,generator_supported_seen_mode_imm,2318,2,111,4,4,0.5442710662327459,0.05056565015538329
43000,generator_supported_seen_mode_imm,2318,2,111,8,7,0.5913987471043252,0.05617427107803689
43000,generator_supported_seen_mode_imm,2318,2,111,16,7,0.5913987471043252,0.05617427107803689
43000,generator_supported_seen_mode_imm,2326,2,111,1,1,1.36201427202269,0.025945700953976924
43000,generator_supported_seen_mode_imm,2326,2,111,4,4,0.5537741851802934,0.033670744593447814
43000,generator_supported_seen_mode_imm,2326,2,111,8,8,0.6234348687534234,0.06311157538587364
43000,generator_supported_seen_mode_imm,2326,2,111,16,16,0.5452028348957471,0.055240284842257875
43000,generator_supported_seen_mode_imm,2345,2,111,1,1,0.08270350886500363,0.17298889873804404
43000,generator_supported_seen_mode_imm,2345,2,111,4,4,0.24815187429496308,0.061639780391318295
43000,generator_supported_seen_mode_imm,2345,2,111,8,8,0.6306205847214272,0.04734060771970661
43000,generator_supported_seen_mode_imm,2345,2,111,16,16,0.9018994134380713,0.057207040879309896
43000,generator_supported_seen_mode_imm,2378,2,111,1,1,0.8147425328290563,0.18669278041936252
43000,generator_supported_seen_mode_imm,2378,2,111,4,4,0.42653924420774214,0.3295114947649267
43000,generator_supported_seen_mode_imm,2378,2,111,8,8,1.2233898192334949,0.256203634899883
43000,generator_supported_seen_mode_imm,2378,2,111,16,8,1.2233898192334949,0.256203634899883
43000,generator_supported_seen_mode_imm,2387,2,111,1,1,0.0824621916239214,0.00877123613846271
43000,generator_supported_seen_mode_imm,2387,2,111,4,4,0.6734678729539793,0.041007965934745094
43000,generator_supported_seen_mode_imm,2387,2,111,8,5,0.5582595387431448,0.0401073855256668
43000,generator_supported_seen_mode_imm,2387,2,111,16,5,0.5582595387431448,0.0401073855256668
43000,generator_supported_seen_mode_imm,2393,2,111,1,1,1.182166579631404,0.26888172764974866
43000,generator_supported_seen_mode_imm,2393,2,111,4,4,0.7671846701505461,0.10946761584826563
43000,generator_supported_seen_mode_imm,2393,2,111,8,8,0.9226622210839148,0.12039100773275005
43000,generator_supported_seen_mode_imm,2393,2,111,16,16,0.6289449347781935,0.0889429779092369
43000,generator_supported_seen_mode_imm,2417,2,110,1,1,-0.42472551322462176,0.0030967561457151084
43000,generator_supported_seen_mode_imm,2417,2,110,4,4,-0.24515418955521615,0.00620953859017725
43000,generator_supported_seen_mode_imm,2417,2,110,8,4,-0.24515418955521615,0.00620953859017725
43000,generator_supported_seen_mode_imm,2417,2,110,16,4,-0.24515418955521615,0.00620953859017725
43000,generator_supported_seen_mode_imm,2422,2,110,1,1,-0.3584545511928176,0.012388074199265473
43000,generator_supported_seen_mode_imm,2422,2,110,4,4,0.1136681466342905,0.004922884216395861
43000,generator_supported_seen_mode_imm,2422,2,110,8,8,0.1587927000035056,0.008173854284188597
43000,generator_supported_seen_mode_imm,2422,2,110,16,15,0.035624680732091026,0.005841376321336941
43000,generator_supported_seen_mode_imm,2438,2,110,1,1,0.5800921463955636,0.0057441909639613774
43000,generator_supported_seen_mode_imm,2438,2,110,4,3,0.3922819859407587,0.004841054994179782
43000,generator_supported_seen_mode_imm,2438,2,110,8,3,0.3922819859407587,0.004841054994179782
43000,generator_supported_seen_mode_imm,2438,2,110,16,3,0.3922819859407587,0.004841054994179782
43000,generator_supported_seen_mode_imm,2442,2,110,1,1,-0.41287390793725204,0.027908660441771045
43000,generator_supported_seen_mode_imm,2442,2,110,4,4,-0.4684227281347729,0.013957074765376736
43000,generator_supported_seen_mode_imm,2442,2,110,8,8,-0.45867396105172586,0.013731341530500742
43000,generator_supported_seen_mode_imm,2442,2,110,16,10,-0.4883402420785342,0.014514384554940776
43000,generator_supported_seen_mode_imm,2453,2,110,1,1,4.700252501261782,0.0007790284904166444
43000,generator_supported_seen_mode_imm,2453,2,110,4,4,1.167833319510499,0.007137255639501574
43000,generator_supported_seen_mode_imm,2453,2,110,8,8,0.3387595715994031,0.007103015596552378
43000,generator_supported_seen_mode_imm,2453,2,110,16,16,1.1499216406813593,0.04296780369879652
43000,generator_supported_seen_mode_imm,2596,2,110,1,1,-0.5446447436395037,0.0034021619268973496
43000,generator_supported_seen_mode_imm,2596,2,110,4,4,-0.41763088169088225,0.005760498894208007
43000,generator_supported_seen_mode_imm,2596,2,110,8,8,0.26172109298398777,0.010299066068327787
43000,generator_supported_seen_mode_imm,2596,2,110,16,16,0.020456147062647756,0.006975216631839549
43000,generator_supported_seen_mode_imm,2623,2,110,1,1,0.1842693346524526,0.0007673805144222338
43000,generator_supported_seen_mode_imm,2623,2,110,4,4,0.35449957803136545,0.0031264355057178707
43000,generator_supported_seen_mode_imm,2623,2,110,8,8,0.7941367495096636,0.0029283727454608634
43000,generator_supported_seen_mode_imm,2623,2,110,16,16,0.41768807176446415,0.0043860424577536845
43000,generator_supported_seen_mode_imm,2651,2,110,1,1,-0.5650562536838892,0.0006261539979745418
43000,generator_supported_seen_mode_imm,2651,2,110,4,4,-0.6754681546246493,0.0047950072696990335
43000,generator_supported_seen_mode_imm,2651,2,110,8,8,-0.285683594946245,0.008871647783573442
43000,generator_supported_seen_mode_imm,2651,2,110,16,16,-0.27996273097080776,0.007218093113405237
43000,generator_supported_seen_mode_imm,2669,2,110,1,1,0.6406394772078938,0.008476181711915567
43000,generator_supported_seen_mode_imm,2669,2,110,4,1,0.6406394772078938,0.008476181711915567
43000,generator_supported_seen_mode_imm,2669,2,110,8,1,0.6406394772078938,0.008476181711915567
43000,generator_supported_seen_mode_imm,2669,2,110,16,1,0.6406394772078938,0.008476181711915567
43000,generator_supported_seen_mode_imm,2671,2,110,1,1,0.32121292221916975,0.007669247878494784
43000,generator_supported_seen_mode_imm,2671,2,110,4,4,0.5537589345362989,0.010458171712934167
43000,generator_supported_seen_mode_imm,2671,2,110,8,7,0.6996575105563307,0.022889054611380716
43000,generator_supported_seen_mode_imm,2671,2,110,16,7,0.6996575105563307,0.022889054611380716
43000,generator_supported_seen_mode_imm,2679,2,110,1,1,1.2604935287178394,0.016358394355211487
43000,generator_supported_seen_mode_imm,2679,2,110,4,4,0.26666620759402004,0.008739426535137353
43000,generator_supported_seen_mode_imm,2679,2,110,8,8,0.1550542412495255,0.006055594926550238
43000,generator_supported_seen_mode_imm,2679,2,110,16,16,0.06952032739004695,0.0050929913476464
43000,generator_supported_seen_mode_imm,2714,2,110,1,1,1.460709711735991,0.003293050180274762
43000,generator_supported_seen_mode_imm,2714,2,110,4,4,0.4590422061212852,0.00463363195278847
43000,generator_supported_seen_mode_imm,2714,2,110,8,8,0.27706900042314164,0.014054904994103392
43000,generator_supported_seen_mode_imm,2714,2,110,16,16,0.677593290278807,0.0322715288057276
43000,generator_supported_seen_mode_imm,2741,2,101,1,1,0.35000710232904414,0.0817298104133364
43000,generator_supported_seen_mode_imm,2741,2,101,4,4,0.47312702678683566,0.06857839174455672
43000,generator_supported_seen_mode_imm,2741,2,101,8,8,0.5551888466621201,0.04642109198679207
43000,generator_supported_seen_mode_imm,2741,2,101,16,16,0.6578395559652143,0.0295234397655748
43000,generator_supported_seen_mode_imm,2769,2,101,1,1,0.09367733331734351,0.32653090517915123
43000,generator_supported_seen_mode_imm,2769,2,101,4,4,0.9114832863834887,0.25197003150850106
43000,generator_supported_seen_mode_imm,2769,2,101,8,8,0.5305617536684991,0.27167133597764637
43000,generator_supported_seen_mode_imm,2769,2,101,16,8,0.5305617536684991,0.27167133597764637
43000,generator_supported_seen_mode_imm,2778,2,101,1,1,-0.3797409672410278,0.32212374525885074
43000,generator_supported_seen_mode_imm,2778,2,101,4,4,1.3102544845828736,0.08665612098076324
43000,generator_supported_seen_mode_imm,2778,2,101,8,8,0.923535903607881,0.061959712456889846
43000,generator_supported_seen_mode_imm,2778,2,101,16,8,0.923535903607881,0.061959712456889846
43000,generator_supported_seen_mode_imm,2787,2,101,1,1,-0.06974713080311012,0.1193091935279452
43000,generator_supported_seen_mode_imm,2787,2,101,4,4,1.1652409563286104,0.06451460772097489
43000,generator_supported_seen_mode_imm,2787,2,101,8,7,1.088180843099137,0.04050836480704708
43000,generator_supported_seen_mode_imm,2787,2,101,16,7,1.088180843099137,0.04050836480704708
43000,generator_supported_seen_mode_imm,2795,2,101,1,1,1.79217195818048,0.2772942404776223
43000,generator_supported_seen_mode_imm,2795,2,101,4,4,0.6849192767125325,0.25842856391247465
43000,generator_supported_seen_mode_imm,2795,2,101,8,8,0.7942541954868643,0.16816765271803819
43000,generator_supported_seen_mode_imm,2795,2,101,16,16,0.7931245977019448,0.09778483920218115
43000,generator_supported_seen_mode_imm,2831,2,110,1,1,3.39850938169056,0.028078364741194066
43000,generator_supported_seen_mode_imm,2831,2,110,4,4,1.3601534315661117,0.012335066519417555
43000,generator_supported_seen_mode_imm,2831,2,110,8,8,0.5884709796526736,0.0087994958986307
43000,generator_supported_seen_mode_imm,2831,2,110,16,16,0.1302912289306642,0.00725689352182219
43000,generator_supported_seen_mode_imm,2852,2,110,1,1,-0.4813642124730975,0.004299538466059033
43000,generator_supported_seen_mode_imm,2852,2,110,4,1,-0.4813642124730975,0.004299538466059033
43000,generator_supported_seen_mode_imm,2852,2,110,8,1,-0.4813642124730975,0.004299538466059033
43000,generator_supported_seen_mode_imm,2852,2,110,16,1,-0.4813642124730975,0.004299538466059033
43000,generator_supported_seen_mode_imm,2854,2,110,1,1,-0.7727672735338219,0.0008433186943397269
43000,generator_supported_seen_mode_imm,2854,2,110,4,1,-0.7727672735338219,0.0008433186943397269
43000,generator_supported_seen_mode_imm,2854,2,110,8,1,-0.7727672735338219,0.0008433186943397269
43000,generator_supported_seen_mode_imm,2854,2,110,16,1,-0.7727672735338219,0.0008433186943397269
43000,generator_supported_seen_mode_imm,2856,2,110,1,1,-0.40883807686463836,0.010741507642790452
43000,generator_supported_seen_mode_imm,2856,2,110,4,4,-0.08447063111310543,0.0050604726606595755
43000,generator_supported_seen_mode_imm,2856,2,110,8,8,-0.006893986505476735,0.010972236882137441
43000,generator_supported_seen_mode_imm,2856,2,110,16,14,0.011501076847970257,0.008194147811391156
43000,generator_supported_seen_mode_imm,2871,2,110,1,1,-0.8567516187931657,0.005069284922945167
43000,generator_supported_seen_mode_imm,2871,2,110,4,4,0.4675328410580528,0.0038164859316095205
43000,generator_supported_seen_mode_imm,2871,2,110,8,7,0.2014877523103242,0.0025255343200607824
43000,generator_supported_seen_mode_imm,2871,2,110,16,7,0.2014877523103242,0.0025255343200607824
43000,generator_supported_seen_mode_imm,2879,2,110,1,1,1.1486907353681408,2.469538878943908e-06
43000,generator_supported_seen_mode_imm,2879,2,110,4,4,0.04497278671850799,0.0030664617618301722
43000,generator_supported_seen_mode_imm,2879,2,110,8,8,0.26507217476735356,0.0016487614586877361
43000,generator_supported_seen_mode_imm,2879,2,110,16,12,0.5258403928638731,0.009296253430267135
43000,generator_supported_seen_mode_imm,2892,2,110,1,1,-0.6927151479733151,0.06377230076611248
43000,generator_supported_seen_mode_imm,2892,2,110,4,3,-0.9135153749900059,0.026978044413473828
43000,generator_supported_seen_mode_imm,2892,2,110,8,3,-0.9135153749900059,0.026978044413473828
43000,generator_supported_seen_mode_imm,2892,2,110,16,3,-0.9135153749900059,0.026978044413473828
43000,generator_supported_seen_mode_imm,2896,2,110,1,1,2.1652066053789367,0.013000302316433033
43000,generator_supported_seen_mode_imm,2896,2,110,4,4,0.0560150854542468,0.010325327838276579
43000,generator_supported_seen_mode_imm,2896,2,110,8,8,0.16673475384544661,0.015754799655710555
43000,generator_supported_seen_mode_imm,2896,2,110,16,10,-0.032732433809610904,0.012769422051124232
43000,generator_supported_seen_mode_imm,2907,2,110,1,1,-0.6927929462717527,0.018808859747931138
43000,generator_supported_seen_mode_imm,2907,2,110,4,4,0.16636702105905804,0.018229686870287337
43000,generator_supported_seen_mode_imm,2907,2,110,8,8,0.3375071468235884,0.012330860719843545
43000,generator_supported_seen_mode_imm,2907,2,110,16,13,0.8507582896874056,0.030487413228279612
43000,generator_supported_seen_mode_imm,2921,2,111,1,1,2.4164196480473774,1.6509370110060804e-05
43000,generator_supported_seen_mode_imm,2921,2,111,4,4,0.8288258824625616,0.00943291995242962
43000,generator_supported_seen_mode_imm,2921,2,111,8,4,0.8288258824625616,0.00943291995242962
43000,generator_supported_seen_mode_imm,2921,2,111,16,4,0.8288258824625616,0.00943291995242962
43000,generator_supported_seen_mode_imm,2926,2,111,1,1,2.8689793141039672,0.1939395637073757
43000,generator_supported_seen_mode_imm,2926,2,111,4,4,1.4361110069736789,0.11313836830566606
43000,generator_supported_seen_mode_imm,2926,2,111,8,8,0.8577558253262342,0.09463331533065596
43000,generator_supported_seen_mode_imm,2926,2,111,16,15,0.8390894081155771,0.07563207182005907
43000,generator_supported_seen_mode_imm,2942,2,111,1,1,0.17554557633352802,0.0017698493915711605
43000,generator_supported_seen_mode_imm,2942,2,111,4,4,0.42846634701880526,0.0457812051685942
43000,generator_supported_seen_mode_imm,2942,2,111,8,8,0.9127965756586388,0.07232189381560525
43000,generator_supported_seen_mode_imm,2942,2,111,16,16,0.9042441113684614,0.05882290992964953
43000,generator_supported_seen_mode_imm,3153,2,101,1,1,-0.11729774391659364,0.002834414798334627
43000,generator_supported_seen_mode_imm,3153,2,101,4,4,0.23191488350910455,0.0030267175963821216
43000,generator_supported_seen_mode_imm,3153,2,101,8,8,0.27204442308510807,0.013763007071450135
43000,generator_supported_seen_mode_imm,3153,2,101,16,16,0.4066036883489338,0.019417440692615105
43000,generator_supported_seen_mode_imm,3170,2,101,1,1,0.33116513199902425,0.34327006542412664
43000,generator_supported_seen_mode_imm,3170,2,101,4,4,1.0052217813672233,0.16982505256908303
43000,generator_supported_seen_mode_imm,3170,2,101,8,8,1.309340496120968,0.10625504243613682
43000,generator_supported_seen_mode_imm,3170,2,101,16,16,1.032576255447601,0.07001325808196687
43000,generator_supported_seen_mode_imm,3202,2,101,1,1,0.05307980042797476,0.0030345278335541562
43000,generator_supported_seen_mode_imm,3202,2,101,4,4,0.7592810744890015,0.01711801464460709
43000,generator_supported_seen_mode_imm,3202,2,101,8,8,0.5001373268202239,0.012589095503344036
43000,generator_supported_seen_mode_imm,3202,2,101,16,16,0.6530978617838356,0.017854072552430468
43000,generator_supported_seen_mode_imm,3237,2,101,1,1,7.205972766425087,0.0168799089224774
43000,generator_supported_seen_mode_imm,3237,2,101,4,3,3.0824894488667165,0.09176028566181223
43000,generator_supported_seen_mode_imm,3237,2,101,8,3,3.0824894488667165,0.09176028566181223
43000,generator_supported_seen_mode_imm,3237,2,101,16,3,3.0824894488667165,0.09176028566181223
43000,generator_supported_seen_mode_imm,3242,2,101,1,1,0.17181750378101163,0.04793370164958271
43000,generator_supported_seen_mode_imm,3242,2,101,4,1,0.17181750378101163,0.04793370164958271
43000,generator_supported_seen_mode_imm,3242,2,101,8,1,0.17181750378101163,0.04793370164958271
43000,generator_supported_seen_mode_imm,3242,2,101,16,1,0.17181750378101163,0.04793370164958271
43000,generator_supported_seen_mode_imm,3244,2,101,1,1,-0.6608075348367813,0.08614235394947188
43000,generator_supported_seen_mode_imm,3244,2,101,4,4,1.3983212498051223,0.060063484491115315
43000,generator_supported_seen_mode_imm,3244,2,101,8,8,1.2974805622004437,0.0355764066927594
43000,generator_supported_seen_mode_imm,3244,2,101,16,13,1.1070914977758013,0.022507844625228143
43000,generator_supported_seen_mode_imm,3258,2,101,1,1,7.58662618670079,0.015086834801483835
43000,generator_supported_seen_mode_imm,3258,2,101,4,4,2.5653173433787804,0.06872689363690666
43000,generator_supported_seen_mode_imm,3258,2,101,8,8,1.7640599365072132,0.03557943910122342
43000,generator_supported_seen_mode_imm,3258,2,101,16,16,1.28520568018264,0.030193842607140198
43000,generator_supported_seen_mode_imm,3280,2,111,1,1,0.2988075395061677,8.379875669743972e-05
43000,generator_supported_seen_mode_imm,3280,2,111,4,4,0.7977975258694447,0.05363014661694909
43000,generator_supported_seen_mode_imm,3280,2,111,8,4,0.7977975258694447,0.05363014661694909
43000,generator_supported_seen_mode_imm,3280,2,111,16,4,0.7977975258694447,0.05363014661694909
43000,generator_supported_seen_mode_imm,3285,2,111,1,1,0.30744090736411955,0.016164589607974813
43000,generator_supported_seen_mode_imm,3285,2,111,4,4,0.6832308561811293,0.11462396529522711
43000,generator_supported_seen_mode_imm,3285,2,111,8,5,0.7167306799128964,0.1233489709796528
43000,generator_supported_seen_mode_imm,3285,2,111,16,5,0.7167306799128964,0.1233489709796528
43000,generator_supported_seen_mode_imm,3291,2,111,1,1,0.20951880794028488,0.07029423481338759
43000,generator_supported_seen_mode_imm,3291,2,111,4,4,1.3274552979898873,0.025003411037040787
43000,generator_supported_seen_mode_imm,3291,2,111,8,8,0.9435919625110669,0.017090799536922996
43000,generator_supported_seen_mode_imm,3291,2,111,16,16,0.9586052422780007,0.10880827036161406
43000,generator_supported_seen_mode_imm,3313,2,111,1,1,1.2534631290705989,0.6589821634804935
43000,generator_supported_seen_mode_imm,3313,2,111,4,4,1.4922149856488067,0.3297944757475619
43000,generator_supported_seen_mode_imm,3313,2,111,8,8,1.4311407747860434,0.287520626583467
43000,generator_supported_seen_mode_imm,3313,2,111,16,11,1.2147549074303472,0.22151043655914962
43000,generator_supported_seen_mode_imm,3326,2,111,1,1,2.5907719418891224,2.744796364291368e-05
43000,generator_supported_seen_mode_imm,3326,2,111,4,4,1.743974449406457,0.000533996973538038
43000,generator_supported_seen_mode_imm,3326,2,111,8,8,1.4108628070732923,0.0025354613430011966
43000,generator_supported_seen_mode_imm,3326,2,111,16,11,1.058270595318929,0.0034138230043264123
43000,generator_supported_seen_mode_imm,3338,2,111,1,1,0.22830340871688054,0.005048165355835184
43000,generator_supported_seen_mode_imm,3338,2,111,4,4,0.3599386835336963,0.03227780517940887
43000,generator_supported_seen_mode_imm,3338,2,111,8,8,0.7456153139532558,0.12375877218667362
43000,generator_supported_seen_mode_imm,3338,2,111,16,16,0.6642333402540214,0.17532056666300783
43000,generator_supported_seen_mode_imm,3361,2,111,1,1,0.7218468998904112,1.1816072288475963
43000,generator_supported_seen_mode_imm,3361,2,111,4,4,2.982694676119559,0.5824507686794763
43000,generator_supported_seen_mode_imm,3361,2,111,8,8,1.839216891239999,0.31878317584003757
43000,generator_supported_seen_mode_imm,3361,2,111,16,16,1.082611285996562,0.17305340809441544
43000,generator_supported_seen_mode_imm,3382,2,111,1,1,0.9591673271760911,0.01056746606475656
43000,generator_supported_seen_mode_imm,3382,2,111,4,4,0.874923454914843,0.04250603971047428
43000,generator_supported_seen_mode_imm,3382,2,111,8,8,0.5505070057282916,0.03899175732731043
43000,generator_supported_seen_mode_imm,3382,2,111,16,16,0.5304817947808482,0.04661561981027647
43000,generator_supported_seen_mode_imm,3420,2,101,1,1,0.1938660628418239,0.16497822595147824
43000,generator_supported_seen_mode_imm,3420,2,101,4,3,1.0494166981213087,0.10247569745971707
43000,generator_supported_seen_mode_imm,3420,2,101,8,3,1.0494166981213087,0.10247569745971707
43000,generator_supported_seen_mode_imm,3420,2,101,16,3,1.0494166981213087,0.10247569745971707
43000,generator_supported_seen_mode_imm,3424,2,101,1,1,2.2987859532579136,0.9085995442772015
43000,generator_supported_seen_mode_imm,3424,2,101,4,3,3.010851404623605,0.6649530712888262
43000,generator_supported_seen_mode_imm,3424,2,101,8,3,3.010851404623605,0.6649530712888262
43000,generator_supported_seen_mode_imm,3424,2,101,16,3,3.010851404623605,0.6649530712888262
43000,generator_supported_seen_mode_imm,3428,2,101,1,1,0.055298454285443166,0.1126018714160469
43000,generator_supported_seen_mode_imm,3428,2,101,4,1,0.055298454285443166,0.1126018714160469
43000,generator_supported_seen_mode_imm,3428,2,101,8,1,0.055298454285443166,0.1126018714160469
43000,generator_supported_seen_mode_imm,3428,2,101,16,1,0.055298454285443166,0.1126018714160469
43000,generator_supported_seen_mode_imm,3430,2,101,1,1,2.053155652302481,0.000499954943123156
43000,generator_supported_seen_mode_imm,3430,2,101,4,4,1.5155268437600697,0.021749432890133286
43000,generator_supported_seen_mode_imm,3430,2,101,8,8,0.9174099285934212,0.015492210495307582
43000,generator_supported_seen_mode_imm,3430,2,101,16,16,1.007911954070355,0.03731438072696727
43000,generator_supported_seen_mode_imm,3586,3,110,1,1,0.7394129460331413,0.24172692138272628
43000,generator_supported_seen_mode_imm,3586,3,110,4,4,0.2548544101230377,0.0705678300762706
43000,generator_supported_seen_mode_imm,3586,3,110,8,8,0.3246548753639034,0.04782994051847036
43000,generator_supported_seen_mode_imm,3586,3,110,16,13,0.28743719103717774,0.036438804327659044
43000,generator_supported_seen_mode_imm,3600,3,110,1,1,-0.4575589898083565,0.013687995769517843
43000,generator_supported_seen_mode_imm,3600,3,110,4,3,-0.5896340168463489,0.00741055849455604
43000,generator_supported_seen_mode_imm,3600,3,110,8,3,-0.5896340168463489,0.00741055849455604
43000,generator_supported_seen_mode_imm,3600,3,110,16,3,-0.5896340168463489,0.00741055849455604
43000,generator_supported_seen_mode_imm,3604,3,110,1,1,-0.20186525451427534,0.007402097318980976
43000,generator_supported_seen_mode_imm,3604,3,110,4,4,-0.49913109989689525,0.009893797330817218
43000,generator_supported_seen_mode_imm,3604,3,110,8,8,-0.2893070167107999,0.010355540640727967
43000,generator_supported_seen_mode_imm,3604,3,110,16,12,-0.19747770381696092,0.008767298183971402
43000,generator_supported_seen_mode_imm,3617,3,110,1,1,-0.44104658202818814,0.006318498768805458
43000,generator_supported_seen_mode_imm,3617,3,110,4,4,0.48176976134382243,0.014194830415913101
43000,generator_supported_seen_mode_imm,3617,3,110,8,8,0.4982150991527248,0.016071642072075717
43000,generator_supported_seen_mode_imm,3617,3,110,16,9,0.3786581490909696,0.014573903840001746
43000,generator_supported_seen_mode_imm,3627,3,110,1,1,1.545856965713365,0.0019631286727852548
43000,generator_supported_seen_mode_imm,3627,3,110,4,2,0.4183291227496262,0.0021188699803382604
43000,generator_supported_seen_mode_imm,3627,3,110,8,2,0.4183291227496262,0.0021188699803382604
43000,generator_supported_seen_mode_imm,3627,3,110,16,2,0.4183291227496262,0.0021188699803382604
43000,generator_supported_seen_mode_imm,3630,3,110,1,1,0.9080987278222804,0.034427093368916487
43000,generator_supported_seen_mode_imm,3630,3,110,4,4,1.187800846964675,0.012655127767867508
43000,generator_supported_seen_mode_imm,3630,3,110,8,8,0.24978425839817409,0.00988995328295612
43000,generator_supported_seen_mode_imm,3630,3,110,16,8,0.24978425839817409,0.00988995328295612
43000,generator_supported_seen_mode_imm,3639,3,110,1,1,-0.15807782890215405,0.000307799835779587
43000,generator_supported_seen_mode_imm,3639,3,110,4,4,0.1288583617610234,0.0026223762309833124
43000,generator_supported_seen_mode_imm,3639,3,110,8,8,-0.1233530104328564,0.008100658769578913
43000,generator_supported_seen_mode_imm,3639,3,110,16,16,-0.20355798699724492,0.008717653599073769
43000,generator_supported_seen_mode_imm,3672,3,110,1,1,-0.23298436969606606,0.00037484446514949514
43000,generator_supported_seen_mode_imm,3672,3,110,4,4,0.38812101214601485,0.004434204197735666
43000,generator_supported_seen_mode_imm,3672,3,110,8,8,-0.043358152987627824,0.006569944560796485
43000,generator_supported_seen_mode_imm,3672,3,110,16,16,-0.10384205043715189,0.0070602182814070965
43000,generator_supported_seen_mode_imm,3695,3,110,1,1,0.5418198052410284,0.010094665977281625
43000,generator_supported_seen_mode_imm,3695,3,110,4,2,-0.0005041981148323216,0.04034714959428914
43000,generator_supported_seen_mode_imm,3695,3,110,8,2,-0.0005041981148323216,0.04034714959428914
43000,generator_supported_seen_mode_imm,3695,3,110,16,2,-0.0005041981148323216,0.04034714959428914
43000,generator_supported_seen_mode_imm,3698,3,110,1,1,-0.3997113684197777,0.0008939700308600359
43000,generator_supported_seen_mode_imm,3698,3,110,4,4,-0.042981077551317914,0.006738869374166829
43000,generator_supported_seen_mode_imm,3698,3,110,8,8,0.13966979109508362,0.013500390265363118
43000,generator_supported_seen_mode_imm,3698,3,110,16,16,0.4449996465086066,0.019453140395755963
43000,generator_supported_seen_mode_imm,3719,3,111,1,1,0.6979199714880624,0.001826608945822537
43000,generator_supported_seen_mode_imm,3719,3,111,4,4,0.730091493681122,0.08274150841332788
43000,generator_supported_seen_mode_imm,3719,3,111,8,8,0.9489532978790847,0.08127140375127753
43000,generator_supported_seen_mode_imm,3719,3,111,16,13,0.7181444404896591,0.06245202672175333
43000,generator_supported_seen_mode_imm,3733,3,111,1,1,0.24660087226216637,0.3788868890805561
43000,generator_supported_seen_mode_imm,3733,3,111,4,4,1.5167246490236868,0.33060837964589773
43000,generator_supported_seen_mode_imm,3733,3,111,8,8,1.5254813567871293,0.16977331738808266
43000,generator_supported_seen_mode_imm,3733,3,111,16,16,1.6292747176311801,0.19005292403414237
43000,generator_supported_seen_mode_imm,3778,3,111,1,1,0.0863276467090532,1.0185614375382925
43000,generator_supported_seen_mode_imm,3778,3,111,4,4,0.8367342817156489,0.6114430693747239
43000,generator_supported_seen_mode_imm,3778,3,111,8,5,1.6616540367159793,0.499008782848725
43000,generator_supported_seen_mode_imm,3778,3,111,16,5,1.6616540367159793,0.499008782848725
43000,generator_supported_seen_mode_imm,3784,3,111,1,1,1.8420566776494933,0.46273402046715134
43000,generator_supported_seen_mode_imm,3784,3,111,4,2,2.64978805585001,0.28813167006091545
43000,generator_supported_seen_mode_imm,3784,3,111,8,2,2.64978805585001,0.28813167006091545
43000,generator_supported_seen_mode_imm,3784,3,111,16,2,2.64978805585001,0.28813167006091545
43000,generator_supported_seen_mode_imm,3787,3,111,1,1,7.267400046224043,0.04412688205261457
43000,generator_supported_seen_mode_imm,3787,3,111,4,4,2.634040457879616,0.0266778904166179
43000,generator_supported_seen_mode_imm,3787,3,111,8,8,1.5979652891591372,0.018974867443150807
43000,generator_supported_seen_mode_imm,3787,3,111,16,16,0.9933933516800727,0.02529742660293399
43000,generator_supported_seen_mode_imm,3816,3,111,1,1,0.7082491423384137,0.06437641220180917
43000,generator_supported_seen_mode_imm,3816,3,111,4,4,0.6413018011967043,0.07768432277144016
43000,generator_supported_seen_mode_imm,3816,3,111,8,8,0.41132726236023176,0.04945380775155639
43000,generator_supported_seen_mode_imm,3816,3,111,16,8,0.41132726236023176,0.04945380775155639
43000,generator_supported_seen_mode_imm,3825,3,111,1,1,1.2716464166071257,0.01583535611017035
43000,generator_supported_seen_mode_imm,3825,3,111,4,4,0.43101230699592996,0.01098007439661136
43000,generator_supported_seen_mode_imm,3825,3,111,8,8,1.5100354089928185,0.12411749282498045
43000,generator_supported_seen_mode_imm,3825,3,111,16,10,1.292666239390885,0.09951620982041348
43000,generator_supported_seen_mode_imm,3836,3,111,1,1,0.46776145270785685,0.03387643079743471
43000,generator_supported_seen_mode_imm,3836,3,111,4,4,0.631460144750882,0.07644087748428402
43000,generator_supported_seen_mode_imm,3836,3,111,8,8,0.3083234180607844,0.07065668610690216
43000,generator_supported_seen_mode_imm,3836,3,111,16,16,0.6960045868323854,0.08204082276142935
43000,generator_supported_seen_mode_imm,3898,3,011,1,1,1.1002995882462714,0.2039559607914838
43000,generator_supported_seen_mode_imm,3898,3,011,4,4,0.6892461226557649,0.1163196342750795
43000,generator_supported_seen_mode_imm,3898,3,011,8,8,0.8661596187879103,0.06994891389851293
43000,generator_supported_seen_mode_imm,3898,3,011,16,16,0.6554830856961535,0.06237180882652755
43000,generator_supported_seen_mode_imm,4009,3,111,1,1,0.0032739323961991085,0.013406383812801218
43000,generator_supported_seen_mode_imm,4009,3,111,4,4,0.5924123086937673,0.024872280680546435
43000,generator_supported_seen_mode_imm,4009,3,111,8,8,0.7052898383529304,0.05380946703045382
43000,generator_supported_seen_mode_imm,4009,3,111,16,16,0.8556730775548926,0.06193137153925646
43000,generator_supported_seen_mode_imm,4029,3,111,1,1,0.07145454687653266,0.014612966343855477
43000,generator_supported_seen_mode_imm,4029,3,111,4,4,1.2808400688814034,0.026546440440834602
43000,generator_supported_seen_mode_imm,4029,3,111,8,8,1.3869073529867642,0.018385036323085732
43000,generator_supported_seen_mode_imm,4029,3,111,16,15,1.2429785263641768,0.04752227208904013
43000,generator_supported_seen_mode_imm,4045,3,111,1,1,0.46501280151072466,0.05394086779688458
43000,generator_supported_seen_mode_imm,4045,3,111,4,4,0.6895345796024694,0.06372985957368121
43000,generator_supported_seen_mode_imm,4045,3,111,8,4,0.6895345796024694,0.06372985957368121
43000,generator_supported_seen_mode_imm,4045,3,111,16,4,0.6895345796024694,0.06372985957368121
43000,generator_supported_seen_mode_imm,4050,3,111,1,1,2.801280876668603,0.14691094198426172
43000,generator_supported_seen_mode_imm,4050,3,111,4,4,1.7991146028335092,0.07192850191408824
43000,generator_supported_seen_mode_imm,4050,3,111,8,7,1.6061974812559574,0.05098639585892935
43000,generator_supported_seen_mode_imm,4050,3,111,16,7,1.6061974812559574,0.05098639585892935
43000,generator_supported_seen_mode_imm,4058,3,111,1,1,0.831091579180053,0.03967893348705538
43000,generator_supported_seen_mode_imm,4058,3,111,4,4,0.48466503724196025,0.04660315266327586
43000,generator_supported_seen_mode_imm,4058,3,111,8,8,2.2297021463886475,0.3420540990091788
43000,generator_supported_seen_mode_imm,4058,3,111,16,16,1.3328607600172053,0.18712405517811323
43000,generator_supported_seen_mode_imm,4086,3,111,1,1,2.682956963649134,0.057163396799342625
43000,generator_supported_seen_mode_imm,4086,3,111,4,1,2.682956963649134,0.057163396799342625
43000,generator_supported_seen_mode_imm,4086,3,111,8,1,2.682956963649134,0.057163396799342625
43000,generator_supported_seen_mode_imm,4086,3,111,16,1,2.682956963649134,0.057163396799342625
43000,generator_supported_seen_mode_imm,4088,3,111,1,1,0.8322229567949984,0.027975813708554422
43000,generator_supported_seen_mode_imm,4088,3,111,4,3,1.021443990406001,0.04150553063349122
43000,generator_supported_seen_mode_imm,4088,3,111,8,3,1.021443990406001,0.04150553063349122
43000,generator_supported_seen_mode_imm,4088,3,111,16,3,1.021443990406001,0.04150553063349122
43000,generator_supported_seen_mode_imm,4092,3,111,1,1,1.7517319355255838,0.00046141095475670196
43000,generator_supported_seen_mode_imm,4092,3,111,4,4,1.6563650244326271,0.09320854529721681
43000,generator_supported_seen_mode_imm,4092,3,111,8,4,1.6563650244326271,0.09320854529721681
43000,generator_supported_seen_mode_imm,4092,3,111,16,4,1.6563650244326271,0.09320854529721681
43000,generator_supported_seen_mode_imm,4097,3,111,1,1,1.0814769088487097,0.3169023485403869
43000,generator_supported_seen_mode_imm,4097,3,111,4,4,1.2460099047720399,0.21580647519935076
43000,generator_supported_seen_mode_imm,4097,3,111,8,8,1.0255260876532093,0.13911780788877742
43000,generator_supported_seen_mode_imm,4097,3,111,16,16,0.7633135395966724,0.09745919494993277
43000,generator_supported_seen_mode_imm,4116,3,111,1,1,0.9231385335088399,0.025602820209128137
43000,generator_supported_seen_mode_imm,4116,3,111,4,3,0.367653966942939,0.009476316384196326
43000,generator_supported_seen_mode_imm,4116,3,111,8,3,0.367653966942939,0.009476316384196326
43000,generator_supported_seen_mode_imm,4116,3,111,16,3,0.367653966942939,0.009476316384196326
43000,generator_supported_seen_mode_imm,4120,3,111,1,1,2.965670485413218,0.008986696301860643
43000,generator_supported_seen_mode_imm,4120,3,111,4,3,1.1684074590819014,0.010148131023981878
43000,generator_supported_seen_mode_imm,4120,3,111,8,3,1.1684074590819014,0.010148131023981878
43000,generator_supported_seen_mode_imm,4120,3,111,16,3,1.1684074590819014,0.010148131023981878
43000,generator_supported_seen_mode_imm,4124,3,111,1,1,4.38097789879381,0.2023006474879227
43000,generator_supported_seen_mode_imm,4124,3,111,4,4,2.2007947332763056,0.06817260284111847
43000,generator_supported_seen_mode_imm,4124,3,111,8,8,1.319632297360239,0.071010082838843
43000,generator_supported_seen_mode_imm,4124,3,111,16,16,0.9283968200508842,0.05251468799060025
43000,generator_supported_seen_mode_imm,4148,3,111,1,1,0.9616562581241092,0.5217183118043494
43000,generator_supported_seen_mode_imm,4148,3,111,4,4,0.8780974489236494,0.25323406649075203
43000,generator_supported_seen_mode_imm,4148,3,111,8,8,0.8560300407234185,0.14016661033914266
43000,generator_supported_seen_mode_imm,4148,3,111,16,15,0.7162196078796221,0.08219890329166678
43000,generator_supported_seen_mode_imm,4166,3,101,1,1,3.2044746230902192,0.16318539201504503
43000,generator_supported_seen_mode_imm,4166,3,101,4,4,1.5134098914480942,0.08399182502167335
43000,generator_supported_seen_mode_imm,4166,3,101,8,8,1.1528363637010623,0.06123025089349722
43000,generator_supported_seen_mode_imm,4166,3,101,16,16,1.0343604349429227,0.03238202624776064
43000,generator_supported_seen_mode_imm,4216,3,101,1,1,-0.18552580770775023,0.120367485366001
43000,generator_supported_seen_mode_imm,4216,3,101,4,4,0.7690468413418526,0.06236931529182592
43000,generator_supported_seen_mode_imm,4216,3,101,8,8,0.6555768701356612,0.0511375387036729
43000,generator_supported_seen_mode_imm,4216,3,101,16,10,0.5429858757855311,0.04273964263738271
43000,generator_supported_seen_mode_imm,4227,3,110,1,1,0.44661745392076935,0.18279560167475178
43000,generator_supported_seen_mode_imm,4227,3,110,4,4,0.7194615169011515,0.13351364549896372
43000,generator_supported_seen_mode_imm,4227,3,110,8,8,0.45601865160749677,0.07101523612032427
43000,generator_supported_seen_mode_imm,4227,3,110,16,13,0.4561837101491583,0.04514055900308888
43000,generator_supported_seen_mode_imm,4241,3,110,1,1,-0.2132878435199121,0.004995344254953852
43000,generator_supported_seen_mode_imm,4241,3,110,4,4,-0.20466462010029618,0.002164450332650209
43000,generator_supported_seen_mode_imm,4241,3,110,8,8,0.3342640207711152,0.008779963458080771
43000,generator_supported_seen_mode_imm,4241,3,110,16,15,0.13661728649388002,0.007473550516876848
43000,generator_supported_seen_mode_imm,4257,3,110,1,1,-0.07231757767907997,0.025965462280253638
43000,generator_supported_seen_mode_imm,4257,3,110,4,4,-0.25143848645016026,0.008323838979275985
43000,generator_supported_seen_mode_imm,4257,3,110,8,5,-0.29723154124994994,0.007342117479567101
43000,generator_supported_seen_mode_imm,4257,3,110,16,5,-0.29723154124994994,0.007342117479567101
43000,generator_supported_seen_mode_imm,4263,3,110,1,1,-0.0006926389029903168,0.0022557666100338665
43000,generator_supported_seen_mode_imm,4263,3,110,4,2,-0.3701907002472751,0.001128061317206535
43000,generator_supported_seen_mode_imm,4263,3,110,8,2,-0.3701907002472751,0.001128061317206535
43000,generator_supported_seen_mode_imm,4263,3,110,16,2,-0.3701907002472751,0.001128061317206535
43000,generator_supported_seen_mode_imm,4266,3,110,1,1,-0.5982514811953338,0.004167796131395091
43000,generator_supported_seen_mode_imm,4266,3,110,4,2,-0.5872974781994142,0.010677721893526268
43000,generator_supported_seen_mode_imm,4266,3,110,8,2,-0.5872974781994142,0.010677721893526268
43000,generator_supported_seen_mode_imm,4266,3,110,16,2,-0.5872974781994142,0.010677721893526268
43000,generator_supported_seen_mode_imm,4269,3,110,1,1,0.3086066076237072,0.0002631977741277879
43000,generator_supported_seen_mode_imm,4269,3,110,4,4,0.5137965043042918,0.01020364522591083
43000,generator_supported_seen_mode_imm,4269,3,110,8,8,0.5067746099301013,0.006021672264736383
43000,generator_supported_seen_mode_imm,4269,3,110,16,9,0.4733399264380507,0.0060228741408886515
43000,generator_supported_seen_mode_imm,4281,3,110,1,1,-0.7362072396783961,0.0013335649584366317
43000,generator_supported_seen_mode_imm,4281,3,110,4,2,-0.5856011786699094,0.0013382966613577985
43000,generator_supported_seen_mode_imm,4281,3,110,8,2,-0.5856011786699094,0.0013382966613577985
43000,generator_supported_seen_mode_imm,4281,3,110,16,2,-0.5856011786699094,0.0013382966613577985
43000,generator_supported_seen_mode_imm,4284,3,110,1,1,-0.28392409672334645,0.0014874119760853938
43000,generator_supported_seen_mode_imm,4284,3,110,4,4,0.15952572970698103,0.018262437619376452
43000,generator_supported_seen_mode_imm,4284,3,110,8,8,0.6747370906251016,0.016730575031162046
43000,generator_supported_seen_mode_imm,4284,3,110,16,16,0.17563836628126064,0.009612248251045546
43000,generator_supported_seen_mode_imm,4352,3,101,1,1,0.7735050674028873,0.005774756051750842
43000,generator_supported_seen_mode_imm,4352,3,101,4,4,0.29048954044856906,0.004574176378314595
43000,generator_supported_seen_mode_imm,4352,3,101,8,8,0.26073946975100065,0.020373023979667417
43000,generator_supported_seen_mode_imm,4352,3,101,16,16,0.3787000578946153,0.034611770184710976
43000,generator_supported_seen_mode_imm,4400,3,101,1,1,-0.09506048347633744,0.03392550775537198
43000,generator_supported_seen_mode_imm,4400,3,101,4,4,0.518334831738336,0.025613035642649044
43000,generator_supported_seen_mode_imm,4400,3,101,8,8,0.6683375161969092,0.05712600631136074
43000,generator_supported_seen_mode_imm,4400,3,101,16,16,0.4974917254752401,0.06785256770166735
43000,generator_supported_seen_mode_imm,4419,3,101,1,1,-0.46581248596346836,0.010464580514015729
43000,generator_supported_seen_mode_imm,4419,3,101,4,4,-0.08359612226189211,0.0198779120998358
43000,generator_supported_seen_mode_imm,4419,3,101,8,8,0.4236089503206204,0.050238886678799485
43000,generator_supported_seen_mode_imm,4419,3,101,16,16,0.48361182584212264,0.043998356655578094
43000,generator_supported_seen_mode_imm,4443,3,101,1,1,5.082719102172227,0.0012382181607574496
43000,generator_supported_seen_mode_imm,4443,3,101,4,4,2.4445297626853364,0.04624818245637999
43000,generator_supported_seen_mode_imm,4443,3,101,8,8,1.9275180296854624,0.04465112716192214
43000,generator_supported_seen_mode_imm,4443,3,101,16,11,1.5754907281941073,0.03667290099206825
43000,generator_supported_seen_mode_imm,4455,3,101,1,1,2.3755755997786605,0.08133913609547018
43000,generator_supported_seen_mode_imm,4455,3,101,4,3,1.3697822525991763,0.05162596269042408
43000,generator_supported_seen_mode_imm,4455,3,101,8,3,1.3697822525991763,0.05162596269042408
43000,generator_supported_seen_mode_imm,4455,3,101,16,3,1.3697822525991763,0.05162596269042408
43000,generator_supported_seen_mode_imm,4459,3,101,1,1,0.6296625067257682,0.009311545871416567
43000,generator_supported_seen_mode_imm,4459,3,101,4,4,0.5122332739400648,0.033809425956013474
43000,generator_supported_seen_mode_imm,4459,3,101,8,8,0.5568817289988307,0.017228624860738628
43000,generator_supported_seen_mode_imm,4459,3,101,16,10,0.5156359238576069,0.014169787367052983
43000,generator_supported_seen_mode_imm,4470,3,101,1,1,1.6160357065599018,0.8563125963015844
43000,generator_supported_seen_mode_imm,4470,3,101,4,4,1.893662479040637,0.42573176462278467
43000,generator_supported_seen_mode_imm,4470,3,101,8,8,1.179341201698672,0.22213670529804042
43000,generator_supported_seen_mode_imm,4470,3,101,16,10,0.9521791851722441,0.17829253919442833
43000,generator_supported_seen_mode_imm,4481,3,101,1,1,2.1349763998388505,0.15561296006841394
43000,generator_supported_seen_mode_imm,4481,3,101,4,4,1.4188421981086639,0.0612959971474129
43000,generator_supported_seen_mode_imm,4481,3,101,8,8,1.1588813883239526,0.03900096236748874
43000,generator_supported_seen_mode_imm,4481,3,101,16,14,0.902996391359719,0.025782199616360964
43000,generator_supported_seen_mode_imm,4496,3,101,1,1,0.96736906669711,0.1855125454407224
43000,generator_supported_seen_mode_imm,4496,3,101,4,4,0.8316563483391833,0.14004412408373745
43000,generator_supported_seen_mode_imm,4496,3,101,8,8,0.8597607930216011,0.12303953874877545
43000,generator_supported_seen_mode_imm,4496,3,101,16,13,0.6181710530607003,0.10215390853146948
43000,generator_supported_seen_mode_imm,4511,3,101,1,1,4.643075137690585,0.10799692966711187
43000,generator_supported_seen_mode_imm,4511,3,101,4,4,1.9661628865259067,0.1329522014558664
43000,generator_supported_seen_mode_imm,4511,3,101,8,8,1.6040327999523214,0.08169117630752212
43000,generator_supported_seen_mode_imm,4511,3,101,16,16,1.180999790396235,0.06179426424503604
43000,generator_supported_seen_mode_imm,4535,3,101,1,1,0.6304391282071803,0.12349502656914126
43000,generator_supported_seen_mode_imm,4535,3,101,4,4,0.6551501586157703,0.058051582715031184
43000,generator_supported_seen_mode_imm,4535,3,101,8,8,0.7274842431535726,0.03391569249227264
43000,generator_supported_seen_mode_imm,4535,3,101,16,9,0.6562488259605207,0.030618400378604242
43000,generator_supported_seen_mode_imm,4545,3,110,1,1,0.2081743920307863,0.0005862550306015752
43000,generator_supported_seen_mode_imm,4545,3,110,4,4,0.5083222666043273,0.0947225288526099
43000,generator_supported_seen_mode_imm,4545,3,110,8,8,0.4897411886362626,0.11393700376781588
43000,generator_supported_seen_mode_imm,4545,3,110,16,16,0.04070691838904115,0.06233325671245682
43000,generator_supported_seen_mode_imm,4588,3,110,1,1,0.9650272198105846,0.0024622574719190197
43000,generator_supported_seen_mode_imm,4588,3,110,4,3,0.8152603996215037,0.013654522953893742
43000,generator_supported_seen_mode_imm,4588,3,110,8,3,0.8152603996215037,0.013654522953893742
43000,generator_supported_seen_mode_imm,4588,3,110,16,3,0.8152603996215037,0.013654522953893742
43000,generator_supported_seen_mode_imm,4592,3,110,1,1,-0.6475921479284897,0.07477946632330543
43000,generator_supported_seen_mode_imm,4592,3,110,4,2,1.0269622508649183,0.04842656559342729
43000,generator_supported_seen_mode_imm,4592,3,110,8,2,1.0269622508649183,0.04842656559342729
43000,generator_supported_seen_mode_imm,4592,3,110,16,2,1.0269622508649183,0.04842656559342729
43000,generator_supported_seen_mode_imm,4595,3,110,1,1,0.018684217697716388,0.008193394482880931
43000,generator_supported_seen_mode_imm,4595,3,110,4,4,-0.3419880962379873,0.006469421730353523
43000,generator_supported_seen_mode_imm,4595,3,110,8,5,-0.04563542167176844,0.00812589293845093
43000,generator_supported_seen_mode_imm,4595,3,110,16,5,-0.04563542167176844,0.00812589293845093
43000,generator_supported_seen_mode_imm,4601,3,110,1,1,-0.24769903495709492,0.013565496195664833
43000,generator_supported_seen_mode_imm,4601,3,110,4,2,-0.32807335826573414,0.01674732395811306
43000,generator_supported_seen_mode_imm,4601,3,110,8,2,-0.32807335826573414,0.01674732395811306
43000,generator_supported_seen_mode_imm,4601,3,110,16,2,-0.32807335826573414,0.01674732395811306
43000,generator_supported_seen_mode_imm,4604,3,110,1,1,0.12142778112944849,0.013835424250663942
43000,generator_supported_seen_mode_imm,4604,3,110,4,3,0.5304174722915785,0.008788248338256468
43000,generator_supported_seen_mode_imm,4604,3,110,8,3,0.5304174722915785,0.008788248338256468
43000,generator_supported_seen_mode_imm,4604,3,110,16,3,0.5304174722915785,0.008788248338256468
43000,selected_fixed_jump,9,0,011,1,1,1.296400137242434,3.8012951092280423e-06
43000,selected_fixed_jump,9,0,011,4,4,0.3960023059280355,0.018369415084850745
43000,selected_fixed_jump,9,0,011,8,8,1.3351947141151017,0.06812774321297196
43000,selected_fixed_jump,9,0,011,16,16,1.5001763998261681,0.0633458513293706
43000,selected_fixed_jump,115,0,101,1,1,6.499545104307235,1.2817579805701778
43000,selected_fixed_jump,115,0,101,4,4,2.1641314939914404,0.6150925427601316
43000,selected_fixed_jump,115,0,101,8,7,1.9083864838943563,0.36116096128335595
43000,selected_fixed_jump,115,0,101,16,7,1.9083864838943563,0.36116096128335595
43000,selected_fixed_jump,123,0,101,1,1,5.749782897661905,0.0022479809495241808
43000,selected_fixed_jump,123,0,101,4,4,1.9321508627097137,0.014538249378854212
43000,selected_fixed_jump,123,0,101,8,5,1.480152164254424,0.01197126505357898
43000,selected_fixed_jump,123,0,101,16,5,1.480152164254424,0.01197126505357898
43000,selected_fixed_jump,129,0,101,1,1,4.16792702661958,0.028497611468774622
43000,selected_fixed_jump,129,0,101,4,4,2.570261637824909,0.09609467575234151
43000,selected_fixed_jump,129,0,101,8,8,1.8117269044446624,0.07982676484294997
43000,selected_fixed_jump,129,0,101,16,15,1.9130178579623676,0.06453993821222358
43000,selected_fixed_jump,146,0,101,1,1,-0.09290816891572022,0.16772290705637902
43000,selected_fixed_jump,146,0,101,4,4,1.481972226412689,0.06619156204912081
43000,selected_fixed_jump,146,0,101,8,8,0.7661470300623077,0.05438429171030425
43000,selected_fixed_jump,146,0,101,16,16,0.9412330106790784,0.04314401189889413
43000,selected_fixed_jump,166,0,101,1,1,4.207466279503989,0.10131236851211814
43000,selected_fixed_jump,166,0,101,4,4,2.0607446517734127,0.08408850646571255
43000,selected_fixed_jump,166,0,101,8,4,2.0607446517734127,0.08408850646571255
43000,selected_fixed_jump,166,0,101,16,4,2.0607446517734127,0.08408850646571255
43000,selected_fixed_jump,171,0,101,1,1,5.019210118540924,0.07130276446129394
43000,selected_fixed_jump,171,0,101,4,4,1.3623245201573841,0.03708206363946261
43000,selected_fixed_jump,171,0,101,8,8,0.9662658658859569,0.026040311687760793
43000,selected_fixed_jump,171,0,101,16,10,0.8189611908386732,0.024760922173771877
43000,selected_fixed_jump,182,0,101,1,1,2.4963270283978476,0.06787530099306574
43000,selected_fixed_jump,182,0,101,4,4,0.8969296575180609,0.047068519871374136
43000,selected_fixed_jump,182,0,101,8,8,1.5271575806833546,0.057819451238276406
43000,selected_fixed_jump,182,0,101,16,11,1.280369776391312,0.053516877959934026
43000,selected_fixed_jump,195,0,101,1,1,0.6172882673027852,6.8860552571166e-05
43000,selected_fixed_jump,195,0,101,4,4,0.613301822837756,0.04733059661746717
43000,selected_fixed_jump,195,0,101,8,8,0.5993238946699546,0.037111308074355115
43000,selected_fixed_jump,195,0,101,16,11,0.6649921043246084,0.040898111688355915
43000,selected_fixed_jump,207,0,101,1,1,2.1528132034195786,0.16543467102236908
43000,selected_fixed_jump,207,0,101,4,4,1.2544091962850286,0.04565575671400713
43000,selected_fixed_jump,207,0,101,8,5,1.0000299059099302,0.036995343500842916
43000,selected_fixed_jump,207,0,101,16,5,1.0000299059099302,0.036995343500842916
43000,selected_fixed_jump,213,0,101,1,1,5.772184517742384,0.29440907488067475
43000,selected_fixed_jump,213,0,101,4,4,1.9805844686267935,0.13939523568410842
43000,selected_fixed_jump,213,0,101,8,7,1.2369625004442653,0.09130465005743187
43000,selected_fixed_jump,213,0,101,16,7,1.2369625004442653,0.09130465005743187
43000,selected_fixed_jump,221,0,101,1,1,1.0002894330042376,0.003476550668284857
43000,selected_fixed_jump,221,0,101,4,4,0.07751742818394548,0.015064439471255247
43000,selected_fixed_jump,221,0,101,8,8,-0.027247908966120976,0.013798116335784396
43000,selected_fixed_jump,221,0,101,16,16,0.07084131189317411,0.0175585954364254
43000,selected_fixed_jump,244,0,110,1,1,-0.1106771226527305,0.00073834071593539
43000,selected_fixed_jump,244,0,110,4,1,-0.1106771226527305,0.00073834071593539
43000,selected_fixed_jump,244,0,110,8,1,-0.1106771226527305,0.00073834071593539
43000,selected_fixed_jump,244,0,110,16,1,-0.1106771226527305,0.00073834071593539
43000,selected_fixed_jump,246,0,110,1,1,0.0590969915714075,0.007725614920837027
43000,selected_fixed_jump,246,0,110,4,4,0.16712484997174018,0.02047982304593329
43000,selected_fixed_jump,246,0,110,8,8,0.2064009806744771,0.022154341428566
43000,selected_fixed_jump,246,0,110,16,16,0.05380912503685799,0.01637484425362256
43000,selected_fixed_jump,273,0,110,1,1,-0.12073167132251744,5.365875393043282e-05
43000,selected_fixed_jump,273,0,110,4,4,-0.24889496835216482,0.00407114351949642
43000,selected_fixed_jump,273,0,110,8,6,-0.09554309815546254,0.011849427006425549
43000,selected_fixed_jump,273,0,110,16,6,-0.09554309815546254,0.011849427006425549
43000,selected_fixed_jump,280,0,110,1,1,0.48422303547348056,0.009122522737586451
43000,selected_fixed_jump,280,0,110,4,4,-0.014816769667148753,0.0041780886404342065
43000,selected_fixed_jump,280,0,110,8,6,-0.030203528505333314,0.00483608289589482
43000,selected_fixed_jump,280,0,110,16,6,-0.030203528505333314,0.00483608289589482
43000,selected_fixed_jump,287,0,110,1,1,3.649865160755023,0.04826655435572239
43000,selected_fixed_jump,287,0,110,4,4,1.9680313168239425,0.07349955564541838
43000,selected_fixed_jump,287,0,110,8,4,1.9680313168239425,0.07349955564541838
43000,selected_fixed_jump,287,0,110,16,4,1.9680313168239425,0.07349955564541838
43000,selected_fixed_jump,292,0,101,1,1,2.9716663070906075,0.015155368603398861
43000,selected_fixed_jump,292,0,101,4,4,0.5844881756827064,0.042895368998426914
43000,selected_fixed_jump,292,0,101,8,8,0.2043701645847737,0.03229036170467844
43000,selected_fixed_jump,292,0,101,16,16,0.5727461374329831,0.04549834850126554
43000,selected_fixed_jump,328,0,101,1,1,-0.20719851331945427,0.18912232671863133
43000,selected_fixed_jump,328,0,101,4,4,2.6655191232797764,0.1927611613443302
43000,selected_fixed_jump,328,0,101,8,8,1.7746794587241321,0.19194528341613287
43000,selected_fixed_jump,328,0,101,16,8,1.7746794587241321,0.19194528341613287
43000,selected_fixed_jump,338,0,101,1,1,2.7157425281184984,0.08367813565447414
43000,selected_fixed_jump,338,0,101,4,4,0.7696756926120041,0.02392486933327472
43000,selected_fixed_jump,338,0,101,8,8,0.36325109977595005,0.01988448123954737
43000,selected_fixed_jump,338,0,101,16,16,1.0235400978837075,0.05504847283710687
43000,selected_fixed_jump,377,0,101,1,1,3.7684288787602114,0.24522094092538319
43000,selected_fixed_jump,377,0,101,4,4,1.7849462775795106,0.08474382847745342
43000,selected_fixed_jump,377,0,101,8,8,1.2625668530727516,0.07843099521448177
43000,selected_fixed_jump,377,0,101,16,16,1.1454287087998751,0.05623034908367902
43000,selected_fixed_jump,422,0,101,1,1,0.7377644550079835,0.006578688784608639
43000,selected_fixed_jump,422,0,101,4,2,1.54004536257568,0.1298617133834846
43000,selected_fixed_jump,422,0,101,8,2,1.54004536257568,0.1298617133834846
43000,selected_fixed_jump,422,0,101,16,2,1.54004536257568,0.1298617133834846
43000,selected_fixed_jump,425,0,101,1,1,-0.145251503009526,0.06868471372861731
43000,selected_fixed_jump,425,0,101,4,4,2.1344915808245264,0.08768387696882335
43000,selected_fixed_jump,425,0,101,8,4,2.1344915808245264,0.08768387696882335
43000,selected_fixed_jump,425,0,101,16,4,2.1344915808245264,0.08768387696882335
43000,selected_fixed_jump,430,0,101,1,1,0.7428281942724142,0.006801960930550783
43000,selected_fixed_jump,430,0,101,4,4,2.032641298454237,0.2854528240198985
43000,selected_fixed_jump,430,0,101,8,8,2.5212902248920965,0.35463393697502354
43000,selected_fixed_jump,430,0,101,16,16,1.7071186553849305,0.21668890646901237
43000,selected_fixed_jump,465,0,111,1,1,1.198501518655779,0.08184184336323863
43000,selected_fixed_jump,465,0,111,4,4,0.3998991880467654,0.14442342504785627
43000,selected_fixed_jump,465,0,111,8,8,0.7583943947872058,0.16704028813367838
43000,selected_fixed_jump,465,0,111,16,13,0.7980366799431903,0.12267898344858984
43000,selected_fixed_jump,480,0,111,1,1,2.714779354283411,0.00230860963953803
43000,selected_fixed_jump,480,0,111,4,4,2.5759209372203142,0.10035148200234983
43000,selected_fixed_jump,480,0,111,8,8,2.1116155953490003,0.07172136018776645
43000,selected_fixed_jump,480,0,111,16,8,2.1116155953490003,0.07172136018776645
43000,selected_fixed_jump,489,0,111,1,1,6.77060856200321,0.22638387433999707
43000,selected_fixed_jump,489,0,111,4,4,2.937879647289326,0.07501560424258592
43000,selected_fixed_jump,489,0,111,8,4,2.937879647289326,0.07501560424258592
43000,selected_fixed_jump,489,0,111,16,4,2.937879647289326,0.07501560424258592
43000,selected_fixed_jump,494,0,111,1,1,0.6572594565272505,0.017968130058582558
43000,selected_fixed_jump,494,0,111,4,4,0.07249729635538563,0.020058979907410776
43000,selected_fixed_jump,494,0,111,8,8,0.9988301498520645,0.03271519454779774
43000,selected_fixed_jump,494,0,111,16,13,1.0074623904997924,0.02811699618997387
43000,selected_fixed_jump,508,0,111,1,1,-0.2042156388228355,0.11316440776965672
43000,selected_fixed_jump,508,0,111,4,4,0.33553325321198313,0.12969522491469151
43000,selected_fixed_jump,508,0,111,8,8,1.2952650735908458,0.23028984807085806
43000,selected_fixed_jump,508,0,111,16,8,1.2952650735908458,0.23028984807085806
43000,selected_fixed_jump,517,0,111,1,1,-0.22173346214210968,0.01750610121756084
43000,selected_fixed_jump,517,0,111,4,1,-0.22173346214210968,0.01750610121756084
43000,selected_fixed_jump,517,0,111,8,1,-0.22173346214210968,0.01750610121756084
43000,selected_fixed_jump,517,0,111,16,1,-0.22173346214210968,0.01750610121756084
43000,selected_fixed_jump,519,0,111,1,1,2.3174314506928084,0.10814535472427361
43000,selected_fixed_jump,519,0,111,4,4,0.6646796336361096,0.040106147359211475
43000,selected_fixed_jump,519,0,111,8,4,0.6646796336361096,0.040106147359211475
43000,selected_fixed_jump,519,0,111,16,4,0.6646796336361096,0.040106147359211475
43000,selected_fixed_jump,524,0,111,1,1,0.4380517392295809,0.14247095219964792
43000,selected_fixed_jump,524,0,111,4,2,0.9182992319426526,0.07629780746968444
43000,selected_fixed_jump,524,0,111,8,2,0.9182992319426526,0.07629780746968444
43000,selected_fixed_jump,524,0,111,16,2,0.9182992319426526,0.07629780746968444
43000,selected_fixed_jump,527,0,111,1,1,2.878608038529629,0.20665363955372992
43000,selected_fixed_jump,527,0,111,4,4,1.740169801152147,0.09596038717302416
43000,selected_fixed_jump,527,0,111,8,8,1.9266067425139561,0.0979212574805024
43000,selected_fixed_jump,527,0,111,16,16,1.7831609835879014,0.07482444946611883
43000,selected_fixed_jump,548,0,111,1,1,2.136743365354618,0.044999323746930206
43000,selected_fixed_jump,548,0,111,4,2,0.917331080409961,0.02252326025647279
43000,selected_fixed_jump,548,0,111,8,2,0.917331080409961,0.02252326025647279
43000,selected_fixed_jump,548,0,111,16,2,0.917331080409961,0.02252326025647279
43000,selected_fixed_jump,551,0,111,1,1,4.351875343481279,0.14414246627895017
43000,selected_fixed_jump,551,0,111,4,4,2.414692696432925,0.10260874241024859
43000,selected_fixed_jump,551,0,111,8,8,1.9449381021054477,0.10713824602642302
43000,selected_fixed_jump,551,0,111,16,16,1.839626541808743,0.1342764935758884
43000,selected_fixed_jump,588,0,111,1,1,0.017083066853404622,0.1229980990336218
43000,selected_fixed_jump,588,0,111,4,4,-0.22160742963865987,0.12515210657098658
43000,selected_fixed_jump,588,0,111,8,8,1.308320732244754,0.2502018547644261
43000,selected_fixed_jump,588,0,111,16,16,1.1276164198396323,0.15825308054821566
43000,selected_fixed_jump,614,0,110,1,1,-0.08939846690848073,0.0041309389557408985
43000,selected_fixed_jump,614,0,110,4,4,-0.0603853828675837,0.002610240449461865
43000,selected_fixed_jump,614,0,110,8,8,-0.12904190502526655,0.003769035793166565
43000,selected_fixed_jump,614,0,110,16,16,0.028806030738116162,0.009306835061427364
43000,selected_fixed_jump,640,0,110,1,1,-0.06058235949712371,0.004753743844230389
43000,selected_fixed_jump,640,0,110,4,4,0.0074403453247465015,0.013165636075894164
43000,selected_fixed_jump,640,0,110,8,8,0.09996834797358241,0.01676322676445183
43000,selected_fixed_jump,640,0,110,16,12,0.11154586016709721,0.024668429580126855
43000,selected_fixed_jump,653,0,110,1,1,1.4382036162228282,0.06380360673694041
43000,selected_fixed_jump,653,0,110,4,3,0.3459446580839148,0.0226390201450275
43000,selected_fixed_jump,653,0,110,8,3,0.3459446580839148,0.0226390201450275
43000,selected_fixed_jump,653,0,110,16,3,0.3459446580839148,0.0226390201450275
43000,selected_fixed_jump,657,0,110,1,1,0.13243745914508032,0.0013559595513833555
43000,selected_fixed_jump,657,0,110,4,1,0.13243745914508032,0.0013559595513833555
43000,selected_fixed_jump,657,0,110,8,1,0.13243745914508032,0.0013559595513833555
43000,selected_fixed_jump,657,0,110,16,1,0.13243745914508032,0.0013559595513833555
43000,selected_fixed_jump,659,0,110,1,1,-0.18190770348505425,0.00207699980308027
43000,selected_fixed_jump,659,0,110,4,4,-0.12382604115895864,0.006575632830574776
43000,selected_fixed_jump,659,0,110,8,8,-0.13265851064903839,0.008514756611038184
43000,selected_fixed_jump,659,0,110,16,13,-0.15936960994870297,0.012335259420158994
43000,selected_fixed_jump,673,0,110,1,1,0.793485911354666,6.468483249782865e-05
43000,selected_fixed_jump,673,0,110,4,4,0.6795559027818078,0.035278520647843245
43000,selected_fixed_jump,673,0,110,8,8,0.38062986340526406,0.028160695116797696
43000,selected_fixed_jump,673,0,110,16,16,0.23589770275870167,0.02080682343854287
43000,selected_fixed_jump,698,0,110,1,1,0.15596938844660194,0.024833140691107234
43000,selected_fixed_jump,698,0,110,4,4,0.16264411102711812,0.01471047067248998
43000,selected_fixed_jump,698,0,110,8,8,0.7763620194874243,0.0607231690186069
43000,selected_fixed_jump,698,0,110,16,16,1.316923608124178,0.06370425538600005
43000,selected_fixed_jump,807,0,110,1,1,-0.07943660308753758,4.804559455012554e-07
43000,selected_fixed_jump,807,0,110,4,3,0.03085228850055428,0.013435973498921958
43000,selected_fixed_jump,807,0,110,8,3,0.03085228850055428,0.013435973498921958
43000,selected_fixed_jump,807,0,110,16,3,0.03085228850055428,0.013435973498921958
43000,selected_fixed_jump,811,0,110,1,1,0.1987999456579966,0.004219416271170065
43000,selected_fixed_jump,811,0,110,4,2,-0.02443401976147029,0.0021730405023159907
43000,selected_fixed_jump,811,0,110,8,2,-0.02443401976147029,0.0021730405023159907
43000,selected_fixed_jump,811,0,110,16,2,-0.02443401976147029,0.0021730405023159907
43000,selected_fixed_jump,814,0,110,1,1,-0.20120575759584136,2.4782436347651433e-05
43000,selected_fixed_jump,814,0,110,4,4,0.013718927190971245,0.01626022395143139
43000,selected_fixed_jump,814,0,110,8,8,-0.09703769882669305,0.010087210858720955
43000,selected_fixed_jump,814,0,110,16,9,0.03322677866583571,0.01135961498253028
43000,selected_fixed_jump,824,0,110,1,1,0.021960452137903264,0.001718329727402389
43000,selected_fixed_jump,824,0,110,4,2,0.10159268518519506,0.009395594337078997
43000,selected_fixed_jump,824,0,110,8,2,0.10159268518519506,0.009395594337078997
43000,selected_fixed_jump,824,0,110,16,2,0.10159268518519506,0.009395594337078997
43000,selected_fixed_jump,827,0,110,1,1,0.17052299415467786,0.0017829830505720155
43000,selected_fixed_jump,827,0,110,4,4,0.27283321644591335,0.02443031732391484
43000,selected_fixed_jump,827,0,110,8,4,0.27283321644591335,0.02443031732391484
43000,selected_fixed_jump,827,0,110,16,4,0.27283321644591335,0.02443031732391484
43000,selected_fixed_jump,832,0,110,1,1,0.10747046052614609,0.003496328872809945
43000,selected_fixed_jump,832,0,110,4,4,-0.02293212938091934,0.014133115001305832
43000,selected_fixed_jump,832,0,110,8,8,0.08896374535874635,0.016085599860851924
43000,selected_fixed_jump,832,0,110,16,16,-0.043058700340486984,0.012782942420127823
43000,selected_fixed_jump,849,0,110,1,1,-0.027368051784593443,0.0923611623395701
43000,selected_fixed_jump,849,0,110,4,4,0.45949266049923304,0.03800414869183565
43000,selected_fixed_jump,849,0,110,8,8,0.21940591148415975,0.032196570476607025
43000,selected_fixed_jump,849,0,110,16,16,-0.0012902514093865447,0.02083969442904625
43000,selected_fixed_jump,869,0,110,1,1,-0.22011172611687163,0.0016805890983054822
43000,selected_fixed_jump,869,0,110,4,4,-0.2559062204009542,0.00138858513028576
43000,selected_fixed_jump,869,0,110,8,8,-0.2355171335287639,0.001763882254019496
43000,selected_fixed_jump,869,0,110,16,9,-0.24631123256261478,0.0016864923744855144
43000,selected_fixed_jump,879,0,110,1,1,-0.2133223941993302,0.0006595939071788105
43000,selected_fixed_jump,879,0,110,4,4,0.31016894843225207,0.026068303940105002
43000,selected_fixed_jump,879,0,110,8,4,0.31016894843225207,0.026068303940105002
43000,selected_fixed_jump,879,0,110,16,4,0.31016894843225207,0.026068303940105002
43000,selected_fixed_jump,884,0,110,1,1,-0.18899434999984815,0.0004267229936222923
43000,selected_fixed_jump,884,0,110,4,4,-0.04465551589490699,0.02131070659167565
43000,selected_fixed_jump,884,0,110,8,8,0.11895602921775979,0.02526846744430898
43000,selected_fixed_jump,884,0,110,16,16,1.2323273267080483,0.12153950135553832
43000,selected_fixed_jump,1060,0,111,1,1,0.25368611767656857,0.03324084224054367
43000,selected_fixed_jump,1060,0,111,4,4,1.1688854819591197,0.09257206459932049
43000,selected_fixed_jump,1060,0,111,8,5,1.0422606174833298,0.13993888314893077
43000,selected_fixed_jump,1060,0,111,16,5,1.0422606174833298,0.13993888314893077
43000,selected_fixed_jump,1066,0,111,1,1,1.2640066038834357,0.15418373992614942
43000,selected_fixed_jump,1066,0,111,4,2,3.424093684655439,0.12425374088218863
43000,selected_fixed_jump,1066,0,111,8,2,3.424093684655439,0.12425374088218863
43000,selected_fixed_jump,1066,0,111,16,2,3.424093684655439,0.12425374088218863
43000,selected_fixed_jump,1069,0,111,1,1,3.6217531021009637,0.10242550582994113
43000,selected_fixed_jump,1069,0,111,4,1,3.6217531021009637,0.10242550582994113
43000,selected_fixed_jump,1069,0,111,8,1,3.6217531021009637,0.10242550582994113
43000,selected_fixed_jump,1069,0,111,16,1,3.6217531021009637,0.10242550582994113
43000,selected_fixed_jump,1071,0,111,1,1,4.800016000857138,0.10312294507046656
43000,selected_fixed_jump,1071,0,111,4,4,1.2674085804788309,0.027548000612260672
43000,selected_fixed_jump,1071,0,111,8,8,0.8430164708284826,0.020628442675217355
43000,selected_fixed_jump,1071,0,111,16,16,1.213305250612266,0.13669010136067747
43000,selected_fixed_jump,1106,0,111,1,1,3.9169970830517307,0.10429756702029681
43000,selected_fixed_jump,1106,0,111,4,4,1.9256942603034544,0.04791628570928557
43000,selected_fixed_jump,1106,0,111,8,8,0.908246547033408,0.03218733301116606
43000,selected_fixed_jump,1106,0,111,16,16,0.581189397235983,0.046782086332676595
43000,selected_fixed_jump,1140,0,111,1,1,1.169406613278811,0.05960185526147757
43000,selected_fixed_jump,1140,0,111,4,1,1.169406613278811,0.05960185526147757
43000,selected_fixed_jump,1140,0,111,8,1,1.169406613278811,0.05960185526147757
43000,selected_fixed_jump,1140,0,111,16,1,1.169406613278811,0.05960185526147757
43000,selected_fixed_jump,1142,0,111,1,1,-0.0174612700636358,0.18822603949660166
43000,selected_fixed_jump,1142,0,111,4,2,0.353906280047234,0.11933695806717687
43000,selected_fixed_jump,1142,0,111,8,2,0.353906280047234,0.11933695806717687
43000,selected_fixed_jump,1142,0,111,16,2,0.353906280047234,0.11933695806717687
43000,selected_fixed_jump,1145,0,111,1,1,-0.022237832400406356,0.018319646880397437
43000,selected_fixed_jump,1145,0,111,4,4,-0.07743200007572108,0.05503341156554929
43000,selected_fixed_jump,1145,0,111,8,4,-0.07743200007572108,0.05503341156554929
43000,selected_fixed_jump,1145,0,111,16,4,-0.07743200007572108,0.05503341156554929
43000,selected_fixed_jump,1150,0,111,1,1,1.6535347878146767,0.05323591876851587
43000,selected_fixed_jump,1150,0,111,4,1,1.6535347878146767,0.05323591876851587
43000,selected_fixed_jump,1150,0,111,8,1,1.6535347878146767,0.05323591876851587
43000,selected_fixed_jump,1150,0,111,16,1,1.6535347878146767,0.05323591876851587
43000,selected_fixed_jump,1312,1,110,1,1,0.32568649274081773,0.0007041043754865783
43000,selected_fixed_jump,1312,1,110,4,4,0.05931682217813327,0.009002702795407514
43000,selected_fixed_jump,1312,1,110,8,8,-0.08422335298661199,0.011082886238867495
43000,selected_fixed_jump,1312,1,110,16,11,-0.001995732678098373,0.009543357544369142
43000,selected_fixed_jump,1324,1,110,1,1,-0.22061660128566785,0.037951833451803745
43000,selected_fixed_jump,1324,1,110,4,4,0.9455960295267598,0.037696463143424036
43000,selected_fixed_jump,1324,1,110,8,8,0.6246690814382064,0.034778344338072406
43000,selected_fixed_jump,1324,1,110,16,16,0.5525858460566753,0.029977839878093455
43000,selected_fixed_jump,1352,1,110,1,1,0.5422785287805371,0.0002825497077140536
43000,selected_fixed_jump,1352,1,110,4,4,-0.029232942551043847,0.011559624922534144
43000,selected_fixed_jump,1352,1,110,8,8,0.0694743841127363,0.012677786626242925
43000,selected_fixed_jump,1352,1,110,16,16,0.1717741003220756,0.02533063053642738
43000,selected_fixed_jump,1373,1,110,1,1,-0.13742479227364857,0.010496554023024548
43000,selected_fixed_jump,1373,1,110,4,4,0.24895244265427147,0.01975819018556645
43000,selected_fixed_jump,1373,1,110,8,8,0.1269077486285731,0.018234256296056066
43000,selected_fixed_jump,1373,1,110,16,16,0.25830596080521884,0.016662010015662275
43000,selected_fixed_jump,1395,1,110,1,1,0.0697014083033222,0.000804696652799756
43000,selected_fixed_jump,1395,1,110,4,4,-0.031022661654109933,0.02281728156713356
43000,selected_fixed_jump,1395,1,110,8,4,-0.031022661654109933,0.02281728156713356
43000,selected_fixed_jump,1395,1,110,16,4,-0.031022661654109933,0.02281728156713356
43000,selected_fixed_jump,1401,1,110,1,1,0.5688923217512342,0.048649289425297504
43000,selected_fixed_jump,1401,1,110,4,4,0.010211455200576808,0.01638447396055136
43000,selected_fixed_jump,1401,1,110,8,8,-0.06663615219748309,0.009857905028818526
43000,selected_fixed_jump,1401,1,110,16,15,-0.0858160471152394,0.007445149230824914
43000,selected_fixed_jump,1417,1,110,1,1,-0.1892309758285316,0.0007435464789533026
43000,selected_fixed_jump,1417,1,110,4,4,0.14862615101172955,0.028561456188798157
43000,selected_fixed_jump,1417,1,110,8,8,-0.0671346007268139,0.01803677880510541
43000,selected_fixed_jump,1417,1,110,16,16,0.3688492882588973,0.0348536942538691
43000,selected_fixed_jump,1452,1,111,1,1,5.295102866593785,0.24574720939901476
43000,selected_fixed_jump,1452,1,111,4,4,3.348716634038584,0.19248110909601884
43000,selected_fixed_jump,1452,1,111,8,7,2.8766248468570335,0.16196778071464693
43000,selected_fixed_jump,1452,1,111,16,7,2.8766248468570335,0.16196778071464693
43000,selected_fixed_jump,1460,1,111,1,1,-0.06965341125596432,0.08059688135282161
43000,selected_fixed_jump,1460,1,111,4,4,0.7658286028709533,0.08016840536188823
43000,selected_fixed_jump,1460,1,111,8,8,0.7964225944950389,0.04643929372214926
43000,selected_fixed_jump,1460,1,111,16,16,0.790622481095412,0.07328345736713042
43000,selected_fixed_jump,1485,1,111,1,1,6.026111950090363,0.09265802162946825
43000,selected_fixed_jump,1485,1,111,4,4,2.202410980855629,0.16395735827304417
43000,selected_fixed_jump,1485,1,111,8,8,1.4968630794210878,0.13197915499919893
43000,selected_fixed_jump,1485,1,111,16,11,1.1634854636466647,0.09648796278034028
43000,selected_fixed_jump,1497,1,111,1,1,5.3750196318159125,0.04568919514146191
43000,selected_fixed_jump,1497,1,111,4,3,1.8555160340467989,0.03163094645275224
43000,selected_fixed_jump,1497,1,111,8,3,1.8555160340467989,0.03163094645275224
43000,selected_fixed_jump,1497,1,111,16,3,1.8555160340467989,0.03163094645275224
43000,selected_fixed_jump,1501,1,111,1,1,4.65518297599471,0.0006044511724266875
43000,selected_fixed_jump,1501,1,111,4,4,1.6391824411209899,0.056097903691809
43000,selected_fixed_jump,1501,1,111,8,4,1.6391824411209899,0.056097903691809
43000,selected_fixed_jump,1501,1,111,16,4,1.6391824411209899,0.056097903691809
43000,selected_fixed_jump,1506,1,101,1,1,6.526223100195741,0.5134124621107512
43000,selected_fixed_jump,1506,1,101,4,4,2.4401477938503433,0.1478598795992085
43000,selected_fixed_jump,1506,1,101,8,8,1.7772948546002647,0.08467621791095485
43000,selected_fixed_jump,1506,1,101,16,16,1.0521185207979158,0.057878853059881934
43000,selected_fixed_jump,1552,1,101,1,1,2.1092252009491315,0.005643920976652606
43000,selected_fixed_jump,1552,1,101,4,1,2.1092252009491315,0.005643920976652606
43000,selected_fixed_jump,1552,1,101,8,1,2.1092252009491315,0.005643920976652606
43000,selected_fixed_jump,1552,1,101,16,1,2.1092252009491315,0.005643920976652606
43000,selected_fixed_jump,1555,1,101,1,1,0.012180003921734085,0.03826188612212567
43000,selected_fixed_jump,1555,1,101,4,4,-0.128768954448814,0.019493957476569103
43000,selected_fixed_jump,1555,1,101,8,7,-0.04746088125146767,0.019609399690530705
43000,selected_fixed_jump,1555,1,101,16,7,-0.04746088125146767,0.019609399690530705
43000,selected_fixed_jump,1563,1,101,1,1,0.34905753485035973,0.008311248545402125
43000,selected_fixed_jump,1563,1,101,4,2,0.8229311598370621,0.06067604867057364
43000,selected_fixed_jump,1563,1,101,8,2,0.8229311598370621,0.06067604867057364
43000,selected_fixed_jump,1563,1,101,16,2,0.8229311598370621,0.06067604867057364
43000,selected_fixed_jump,1566,1,101,1,1,3.073509530593611,0.22220142630637715
43000,selected_fixed_jump,1566,1,101,4,4,1.7065022710501014,0.08095164188209833
43000,selected_fixed_jump,1566,1,101,8,8,1.7085648004776606,0.13600138547967255
43000,selected_fixed_jump,1566,1,101,16,16,1.328475509470668,0.08389640268031288
43000,selected_fixed_jump,1594,1,101,1,1,-0.06803175895065676,0.014889614656454836
43000,selected_fixed_jump,1594,1,101,4,4,0.6921972460385978,0.1661960132099765
43000,selected_fixed_jump,1594,1,101,8,8,0.7353836332896828,0.09054309543498544
43000,selected_fixed_jump,1594,1,101,16,16,0.8139742625691201,0.10074073027280228
43000,selected_fixed_jump,1611,1,111,1,1,-0.16976800534820488,0.022147141970959752
43000,selected_fixed_jump,1611,1,111,4,4,0.7419425286530661,0.13323371031986073
43000,selected_fixed_jump,1611,1,111,8,5,0.634604056348114,0.14986689713773557
43000,selected_fixed_jump,1611,1,111,16,5,0.634604056348114,0.14986689713773557
43000,selected_fixed_jump,1617,1,111,1,1,7.235779164372741,0.6547916654873069
43000,selected_fixed_jump,1617,1,111,4,4,4.400419967387036,0.2924296592891928
43000,selected_fixed_jump,1617,1,111,8,8,3.9897519996012027,0.20568256914236815
43000,selected_fixed_jump,1617,1,111,16,9,3.799779161404605,0.18734246941667468
43000,selected_fixed_jump,1627,1,111,1,1,-0.1556834865704336,0.0017803816833799762
43000,selected_fixed_jump,1627,1,111,4,4,1.487802927159527,0.2987959292368415
43000,selected_fixed_jump,1627,1,111,8,8,0.9348693134542166,0.1807076136213974
43000,selected_fixed_jump,1627,1,111,16,14,1.4507597662967093,0.2804277149781838
43000,selected_fixed_jump,1642,1,111,1,1,-0.14573877402371993,9.680758667735265e-05
43000,selected_fixed_jump,1642,1,111,4,4,0.36056639863700535,0.014183266006221523
43000,selected_fixed_jump,1642,1,111,8,8,1.4244434765412408,0.03161460580702964
43000,selected_fixed_jump,1642,1,111,16,16,1.169069031623894,0.04724473518833153
43000,selected_fixed_jump,1680,1,111,1,1,4.301279696522198,0.008254753122409076
43000,selected_fixed_jump,1680,1,111,4,1,4.301279696522198,0.008254753122409076
43000,selected_fixed_jump,1680,1,111,8,1,4.301279696522198,0.008254753122409076
43000,selected_fixed_jump,1680,1,111,16,1,4.301279696522198,0.008254753122409076
43000,selected_fixed_jump,1682,1,111,1,1,0.3569693024581856,0.010629663132824187
43000,selected_fixed_jump,1682,1,111,4,4,2.129902311805428,0.16559261124688304
43000,selected_fixed_jump,1682,1,111,8,8,1.0967767791602252,0.12068718556498345
43000,selected_fixed_jump,1682,1,111,16,16,1.0196601044465143,0.08047029102549763
43000,selected_fixed_jump,1699,1,111,1,1,1.8996874091938143,0.036225375182238166
43000,selected_fixed_jump,1699,1,111,4,4,0.6695329267743322,0.0438362790165388
43000,selected_fixed_jump,1699,1,111,8,8,1.0517602428808166,0.0802671893381888
43000,selected_fixed_jump,1699,1,111,16,16,1.1365116725717712,0.08614372694917073
43000,selected_fixed_jump,1721,1,111,1,1,0.4910832324382268,0.02996310201528087
43000,selected_fixed_jump,1721,1,111,4,4,0.16442420623953513,0.0342110437191922
43000,selected_fixed_jump,1721,1,111,8,8,0.13335136664097152,0.08320120083103791
43000,selected_fixed_jump,1721,1,111,16,16,0.13430339860591176,0.05006092805374214
43000,selected_fixed_jump,1800,1,101,1,1,1.6276628668825048,0.01359958517763839
43000,selected_fixed_jump,1800,1,101,4,4,0.5315738973494363,0.009180740918909063
43000,selected_fixed_jump,1800,1,101,8,8,0.5838732821934461,0.023144645131394144
43000,selected_fixed_jump,1800,1,101,16,16,0.9412170533195702,0.07007206115163003
43000,selected_fixed_jump,1825,1,101,1,1,-0.18120173634432954,0.006656416007200639
43000,selected_fixed_jump,1825,1,101,4,4,0.6684528174704211,0.08648949523518253
43000,selected_fixed_jump,1825,1,101,8,8,0.46465329934021127,0.04794111974519088
43000,selected_fixed_jump,1825,1,101,16,16,0.5831149948374864,0.06417725507465977
43000,selected_fixed_jump,1842,1,101,1,1,0.32705059584067925,0.04220693775708495
43000,selected_fixed_jump,1842,1,101,4,4,0.6286638778897187,0.08264580561244855
43000,selected_fixed_jump,1842,1,101,8,4,0.6286638778897187,0.08264580561244855
43000,selected_fixed_jump,1842,1,101,16,4,0.6286638778897187,0.08264580561244855
43000,selected_fixed_jump,1847,1,101,1,1,1.2563041278268419,0.027005867596141802
43000,selected_fixed_jump,1847,1,101,4,4,0.23242595122057946,0.06188024849029089
43000,selected_fixed_jump,1847,1,101,8,8,0.8705661786118539,0.06541060487343411
43000,selected_fixed_jump,1847,1,101,16,12,0.9795434534575259,0.06858779441658892
43000,selected_fixed_jump,1860,1,101,1,1,-0.16484290408928348,3.301141403001375e-05
43000,selected_fixed_jump,1860,1,101,4,4,0.34464330207742944,0.025153523579313358
43000,selected_fixed_jump,1860,1,101,8,6,0.3242300004780221,0.03594371829265463
43000,selected_fixed_jump,1860,1,101,16,6,0.3242300004780221,0.03594371829265463
43000,selected_fixed_jump,1867,1,101,1,1,0.24779533494844577,0.002387849313201779
43000,selected_fixed_jump,1867,1,101,4,4,0.6222095145121272,0.010233008231932916
43000,selected_fixed_jump,1867,1,101,8,8,0.410832940281696,0.027029106415647423
43000,selected_fixed_jump,1867,1,101,16,11,0.27579356569753616,0.019997622382779585
43000,selected_fixed_jump,1879,1,101,1,1,6.2611045335657165,0.245955729466818
43000,selected_fixed_jump,1879,1,101,4,4,2.141248123634125,0.091271387879077
43000,selected_fixed_jump,1879,1,101,8,8,1.4234795235273379,0.06742467289875229
43000,selected_fixed_jump,1879,1,101,16,13,1.2037624237895097,0.05138377212537418
43000,selected_fixed_jump,1893,1,101,1,1,0.11723542550070697,0.0017670550319402564
43000,selected_fixed_jump,1893,1,101,4,4,2.1251496936664367,0.06863247630805663
43000,selected_fixed_jump,1893,1,101,8,8,1.7464666369041346,0.10077777650153517
43000,selected_fixed_jump,1893,1,101,16,13,1.5946129339815764,0.08364989100138034
43000,selected_fixed_jump,1907,1,101,1,1,0.9266676555752148,0.004568085146047778
43000,selected_fixed_jump,1907,1,101,4,4,0.46062238476864836,0.0324498820285111
43000,selected_fixed_jump,1907,1,101,8,6,0.24343399986693826,0.044717006260485644
43000,selected_fixed_jump,1907,1,101,16,6,0.24343399986693826,0.044717006260485644
43000,selected_fixed_jump,1914,1,101,1,1,6.7561122470157695,0.22200064310792925
43000,selected_fixed_jump,1914,1,101,4,4,3.5444447869208515,0.074812356210724
43000,selected_fixed_jump,1914,1,101,8,8,2.793700908774583,0.19467037111972293
43000,selected_fixed_jump,1914,1,101,16,16,1.8397558748899685,0.12491208829328773
43000,selected_fixed_jump,1931,1,101,1,1,0.2545520178435897,0.14119362818083322
43000,selected_fixed_jump,1931,1,101,4,4,0.6677603726352646,0.13162646731075597
43000,selected_fixed_jump,1931,1,101,8,8,0.5748762560397198,0.09791518949483402
43000,selected_fixed_jump,1931,1,101,16,11,1.1793233150048656,0.11676532854040306
43000,selected_fixed_jump,1943,1,101,1,1,-0.15402847017940324,0.01864259037129424
43000,selected_fixed_jump,1943,1,101,4,4,0.1433020087566454,0.010425546174353446
43000,selected_fixed_jump,1943,1,101,8,6,0.44526050519138627,0.013254885553954912
43000,selected_fixed_jump,1943,1,101,16,6,0.44526050519138627,0.013254885553954912
43000,selected_fixed_jump,1950,1,101,1,1,-0.22455697351283962,0.20281729732630743
43000,selected_fixed_jump,1950,1,101,4,4,0.3335404803045401,0.16580772227859178
43000,selected_fixed_jump,1950,1,101,8,5,0.28792905741090336,0.13786878261091814
43000,selected_fixed_jump,1950,1,101,16,5,0.28792905741090336,0.13786878261091814
43000,selected_fixed_jump,1956,1,101,1,1,2.0118252943686556,0.07349107257616362
43000,selected_fixed_jump,1956,1,101,4,4,0.5194227081704325,0.031863875892922056
43000,selected_fixed_jump,1956,1,101,8,8,0.12807755278217647,0.018664453524005434
43000,selected_fixed_jump,1956,1,101,16,15,0.4017961090829862,0.04007488827556703
43000,selected_fixed_jump,1972,1,101,1,1,0.16195035208500555,0.06550048320951
43000,selected_fixed_jump,1972,1,101,4,4,0.5877055499258554,0.04631672439635612
43000,selected_fixed_jump,1972,1,101,8,8,0.38080071124549353,0.026362471847441504
43000,selected_fixed_jump,1972,1,101,16,16,1.0369159781557058,0.06212831852110764
43000,selected_fixed_jump,2116,1,111,1,1,0.11697196041052764,0.009852243653871762
43000,selected_fixed_jump,2116,1,111,4,4,0.5157780297820704,0.00682517648308247
43000,selected_fixed_jump,2116,1,111,8,8,0.3951272275746516,0.010325169801034035
43000,selected_fixed_jump,2116,1,111,16,9,0.40694603487932907,0.027394015933472706
43000,selected_fixed_jump,2126,1,111,1,1,2.8186230989746246,0.017173277691611345
43000,selected_fixed_jump,2126,1,111,4,1,2.8186230989746246,0.017173277691611345
43000,selected_fixed_jump,2126,1,111,8,1,2.8186230989746246,0.017173277691611345
43000,selected_fixed_jump,2126,1,111,16,1,2.8186230989746246,0.017173277691611345
43000,selected_fixed_jump,2129,1,111,1,1,0.9063626938723237,0.2887511985070319
43000,selected_fixed_jump,2129,1,111,4,4,2.27864163253517,0.11431930038704398
43000,selected_fixed_jump,2129,1,111,8,8,1.6744320461995457,0.06770511879628646
43000,selected_fixed_jump,2129,1,111,16,16,1.2448650455741066,0.09195887056466688
43000,selected_fixed_jump,2149,1,111,1,1,0.039079009277357434,0.01488465248167487
43000,selected_fixed_jump,2149,1,111,4,4,0.07983758097333181,0.03554226933023933
43000,selected_fixed_jump,2149,1,111,8,5,0.14262015122053948,0.030090117976649854
43000,selected_fixed_jump,2149,1,111,16,5,0.14262015122053948,0.030090117976649854
43000,selected_fixed_jump,2155,1,111,1,1,-0.09549867897335348,0.013514126534874105
43000,selected_fixed_jump,2155,1,111,4,4,0.23428891324672207,0.024241079196773492
43000,selected_fixed_jump,2155,1,111,8,8,0.43103565257489374,0.05327846063500942
43000,selected_fixed_jump,2155,1,111,16,10,0.7683067595271827,0.043148102867532935
43000,selected_fixed_jump,2166,1,111,1,1,6.708608789018924,0.8902461022591879
43000,selected_fixed_jump,2166,1,111,4,2,4.553167798889213,0.5464355578410666
43000,selected_fixed_jump,2166,1,111,8,2,4.553167798889213,0.5464355578410666
43000,selected_fixed_jump,2166,1,111,16,2,4.553167798889213,0.5464355578410666
43000,selected_fixed_jump,2169,1,111,1,1,1.8663708005814041,0.00019411818651036898
43000,selected_fixed_jump,2169,1,111,4,1,1.8663708005814041,0.00019411818651036898
43000,selected_fixed_jump,2169,1,111,8,1,1.8663708005814041,0.00019411818651036898
43000,selected_fixed_jump,2169,1,111,16,1,1.8663708005814041,0.00019411818651036898
43000,selected_fixed_jump,2171,1,111,1,1,-0.23672502357181988,0.6526418105212665
43000,selected_fixed_jump,2171,1,111,4,3,0.6088505494524575,0.2934944301859535
43000,selected_fixed_jump,2171,1,111,8,3,0.6088505494524575,0.2934944301859535
43000,selected_fixed_jump,2171,1,111,16,3,0.6088505494524575,0.2934944301859535
43000,selected_fixed_jump,2175,1,111,1,1,0.20934968420761252,0.03430443481426145
43000,selected_fixed_jump,2175,1,111,4,4,0.17195720227179273,0.043403059511947395
43000,selected_fixed_jump,2175,1,111,8,8,0.4409958180904451,0.1184258619398208
43000,selected_fixed_jump,2175,1,111,16,16,1.022594373083658,0.1504007342583738
43000,selected_fixed_jump,2202,1,111,1,1,4.966356506503285,0.01484289687207075
43000,selected_fixed_jump,2202,1,111,4,4,2.1908824392063835,0.006541141608333191
43000,selected_fixed_jump,2202,1,111,8,8,1.084453867339627,0.006163116534102499
43000,selected_fixed_jump,2202,1,111,16,11,0.7272053235253573,0.005239008853009687
43000,selected_fixed_jump,2214,1,110,1,1,0.06882876704871432,0.04466062345291024
43000,selected_fixed_jump,2214,1,110,4,4,-0.1849110920102056,0.02054772360801823
43000,selected_fixed_jump,2214,1,110,8,8,-0.09749565129081239,0.012812647997066249
43000,selected_fixed_jump,2214,1,110,16,9,-0.12270645131793494,0.013346876605397061
43000,selected_fixed_jump,2224,1,110,1,1,-0.1210069030348716,0.053176639326759596
43000,selected_fixed_jump,2224,1,110,4,4,0.4302154554570171,0.02216818486630413
43000,selected_fixed_jump,2224,1,110,8,8,0.25351375881074734,0.014625530413508281
43000,selected_fixed_jump,2224,1,110,16,16,0.044407625281913506,0.016332192433336577
43000,selected_fixed_jump,2248,1,110,1,1,-0.24257340197236205,0.0006745749552897093
43000,selected_fixed_jump,2248,1,110,4,4,-0.24071142230458883,0.007451287795484013
43000,selected_fixed_jump,2248,1,110,8,8,-0.24458398602641018,0.007516397698934123
43000,selected_fixed_jump,2248,1,110,16,16,-0.20887969757935615,0.009463914904728574
43000,selected_fixed_jump,2276,1,110,1,1,-0.0615489570813149,0.009613453259392201
43000,selected_fixed_jump,2276,1,110,4,4,0.40355812748884984,0.0362414389134476
43000,selected_fixed_jump,2276,1,110,8,8,0.29636218565907163,0.02201958312494303
43000,selected_fixed_jump,2276,1,110,16,16,0.0755833725054687,0.014207549821614972
43000,selected_fixed_jump,2313,2,111,1,1,5.33283371277567,0.14073752688905072
43000,selected_fixed_jump,2313,2,111,4,4,2.712899627853845,0.08908834011860611
43000,selected_fixed_jump,2313,2,111,8,4,2.712899627853845,0.08908834011860611
43000,selected_fixed_jump,2313,2,111,16,4,2.712899627853845,0.08908834011860611
43000,selected_fixed_jump,2318,2,111,1,1,0.1669947961659536,0.16841550785284376
43000,selected_fixed_jump,2318,2,111,4,4,0.5519626203826553,0.047109970621356516
43000,selected_fixed_jump,2318,2,111,8,7,0.6606174699993063,0.03036942908269589
43000,selected_fixed_jump,2318,2,111,16,7,0.6606174699993063,0.03036942908269589
43000,selected_fixed_jump,2326,2,111,1,1,2.8686608694997076,0.048832386796421524
43000,selected_fixed_jump,2326,2,111,4,4,0.7094453895485695,0.03176008462667904
43000,selected_fixed_jump,2326,2,111,8,8,0.6056168443650518,0.027143846077552047
43000,selected_fixed_jump,2326,2,111,16,16,0.697401708669269,0.03723183947597397
43000,selected_fixed_jump,2345,2,111,1,1,2.628833938174492,0.018261499694673087
43000,selected_fixed_jump,2345,2,111,4,4,0.934102869822522,0.0432169800648846
43000,selected_fixed_jump,2345,2,111,8,8,1.1840377626605065,0.07622788357526034
43000,selected_fixed_jump,2345,2,111,16,16,1.6880528305655316,0.1669758033771551
43000,selected_fixed_jump,2378,2,111,1,1,0.603283109589934,0.022712120611197914
43000,selected_fixed_jump,2378,2,111,4,4,0.3163842448375043,0.19029664972840543
43000,selected_fixed_jump,2378,2,111,8,8,1.101547103465305,0.14142735770730314
43000,selected_fixed_jump,2378,2,111,16,8,1.101547103465305,0.14142735770730314
43000,selected_fixed_jump,2387,2,111,1,1,-0.3289887994570963,0.004379426256216008
43000,selected_fixed_jump,2387,2,111,4,4,0.9776347596792874,0.0056272128654793075
43000,selected_fixed_jump,2387,2,111,8,5,0.7438328834279269,0.004701789933766726
43000,selected_fixed_jump,2387,2,111,16,5,0.7438328834279269,0.004701789933766726
43000,selected_fixed_jump,2393,2,111,1,1,1.7181632431779934,0.31402779272974446
43000,selected_fixed_jump,2393,2,111,4,4,1.2730091383233129,0.11245323692054085
43000,selected_fixed_jump,2393,2,111,8,8,1.4012614557739775,0.09895080239316457
43000,selected_fixed_jump,2393,2,111,16,16,0.7827011153768204,0.057966264673643686
43000,selected_fixed_jump,2417,2,110,1,1,-0.04316989842198676,0.02591667361854324
43000,selected_fixed_jump,2417,2,110,4,4,-0.10510958467462979,0.01683944429339781
43000,selected_fixed_jump,2417,2,110,8,4,-0.10510958467462979,0.01683944429339781
43000,selected_fixed_jump,2417,2,110,16,4,-0.10510958467462979,0.01683944429339781
43000,selected_fixed_jump,2422,2,110,1,1,0.20664752542758258,0.052213635356241045
43000,selected_fixed_jump,2422,2,110,4,4,0.46577781784903916,0.03414757767122306
43000,selected_fixed_jump,2422,2,110,8,8,0.25237735532846406,0.018520542955079065
43000,selected_fixed_jump,2422,2,110,16,15,0.1585882501836658,0.016403607598088933
43000,selected_fixed_jump,2438,2,110,1,1,0.3647845203042351,2.680000455169964e-06
43000,selected_fixed_jump,2438,2,110,4,3,0.2502913624691686,0.014657749814589525
43000,selected_fixed_jump,2438,2,110,8,3,0.2502913624691686,0.014657749814589525
43000,selected_fixed_jump,2438,2,110,16,3,0.2502913624691686,0.014657749814589525
43000,selected_fixed_jump,2442,2,110,1,1,0.31384812778608434,0.09162345437991784
43000,selected_fixed_jump,2442,2,110,4,4,-0.16043600812505449,0.02749021266373825
43000,selected_fixed_jump,2442,2,110,8,8,-0.21301533038463824,0.02124900388319109
43000,selected_fixed_jump,2442,2,110,16,10,-0.23112355228245646,0.020829166581852514
43000,selected_fixed_jump,2453,2,110,1,1,1.4277291617290908,0.002060255305087843
43000,selected_fixed_jump,2453,2,110,4,4,0.4660332674932654,0.008898879782791854
43000,selected_fixed_jump,2453,2,110,8,8,0.08872102020710712,0.00946381890603249
43000,selected_fixed_jump,2453,2,110,16,16,1.0111734944626753,0.05729882390114698
43000,selected_fixed_jump,2596,2,110,1,1,-0.20502552762819742,0.004189878853264078
43000,selected_fixed_jump,2596,2,110,4,4,-0.1897449535877229,0.005324501898554579
43000,selected_fixed_jump,2596,2,110,8,8,-0.007572779309549624,0.011872351360355356
43000,selected_fixed_jump,2596,2,110,16,16,-0.04488334914799818,0.009191640778570136
43000,selected_fixed_jump,2623,2,110,1,1,0.08892570963844627,0.004728017159470725
43000,selected_fixed_jump,2623,2,110,4,4,0.29559571441869453,0.00941381994789898
43000,selected_fixed_jump,2623,2,110,8,8,0.7708938236111098,0.014135216375308438
43000,selected_fixed_jump,2623,2,110,16,16,0.44284630222358845,0.014531673674501307
43000,selected_fixed_jump,2651,2,110,1,1,-0.20219040347820574,0.0002513783167112904
43000,selected_fixed_jump,2651,2,110,4,4,-0.24609879208544155,0.005101152267789372
43000,selected_fixed_jump,2651,2,110,8,8,-0.15315553770245413,0.009563014939747878
43000,selected_fixed_jump,2651,2,110,16,16,-0.1599679720703956,0.007377233998349844
43000,selected_fixed_jump,2669,2,110,1,1,0.1431215403610388,0.007136292674980065
43000,selected_fixed_jump,2669,2,110,4,1,0.1431215403610388,0.007136292674980065
43000,selected_fixed_jump,2669,2,110,8,1,0.1431215403610388,0.007136292674980065
43000,selected_fixed_jump,2669,2,110,16,1,0.1431215403610388,0.007136292674980065
43000,selected_fixed_jump,2671,2,110,1,1,1.425459393383026,0.05444170291090033
43000,selected_fixed_jump,2671,2,110,4,4,0.2384842464661512,0.02351811255502086
43000,selected_fixed_jump,2671,2,110,8,7,0.4862315659466662,0.03909339823073778
43000,selected_fixed_jump,2671,2,110,16,7,0.4862315659466662,0.03909339823073778
43000,selected_fixed_jump,2679,2,110,1,1,-0.17234053706225202,0.02686124496716202
43000,selected_fixed_jump,2679,2,110,4,4,-0.1362360480833087,0.012371860726577926
43000,selected_fixed_jump,2679,2,110,8,8,-0.0874542486995737,0.006368439328351378
43000,selected_fixed_jump,2679,2,110,16,16,-0.07993621767517631,0.00783384006778579
43000,selected_fixed_jump,2714,2,110,1,1,2.299791477048286,0.0024222457174983645
43000,selected_fixed_jump,2714,2,110,4,4,0.9642690530748247,0.007999758281158072
43000,selected_fixed_jump,2714,2,110,8,8,0.4803728745616369,0.009265366012682172
43000,selected_fixed_jump,2714,2,110,16,16,0.7423779984329967,0.03349314273855062
43000,selected_fixed_jump,2741,2,101,1,1,1.7414955738763798,0.06207587409727556
43000,selected_fixed_jump,2741,2,101,4,4,0.7112245333931885,0.035166416841914766
43000,selected_fixed_jump,2741,2,101,8,8,0.5906063764680679,0.03083754083841001
43000,selected_fixed_jump,2741,2,101,16,16,1.4449854498637524,0.07525430485295917
43000,selected_fixed_jump,2769,2,101,1,1,-0.1560303786182316,0.3570154380950333
43000,selected_fixed_jump,2769,2,101,4,4,1.7238146495220072,0.2514788964571536
43000,selected_fixed_jump,2769,2,101,8,8,0.8730394425997919,0.2832022344034398
43000,selected_fixed_jump,2769,2,101,16,8,0.8730394425997919,0.2832022344034398
43000,selected_fixed_jump,2778,2,101,1,1,-0.2257388348145933,0.32045371447822535
43000,selected_fixed_jump,2778,2,101,4,4,2.073506187989295,0.11160023923916879
43000,selected_fixed_jump,2778,2,101,8,8,1.8048023706400276,0.14158182970125766
43000,selected_fixed_jump,2778,2,101,16,8,1.8048023706400276,0.14158182970125766
43000,selected_fixed_jump,2787,2,101,1,1,-0.1909813937561331,0.11298415807953385
43000,selected_fixed_jump,2787,2,101,4,4,1.4056922021358322,0.1570851698331362
43000,selected_fixed_jump,2787,2,101,8,7,1.9845009445369233,0.10699725733244865
43000,selected_fixed_jump,2787,2,101,16,7,1.9845009445369233,0.10699725733244865
43000,selected_fixed_jump,2795,2,101,1,1,4.066223410634595,0.433489765364735
43000,selected_fixed_jump,2795,2,101,4,4,1.162687002093177,0.29744858823118625
43000,selected_fixed_jump,2795,2,101,8,8,0.8753281627767272,0.1555334883123706
43000,selected_fixed_jump,2795,2,101,16,16,0.9831808862641567,0.11007719068134836
43000,selected_fixed_jump,2831,2,110,1,1,3.8495457543779836,0.041345161477123846
43000,selected_fixed_jump,2831,2,110,4,4,1.4693253309026841,0.04022694649571308
43000,selected_fixed_jump,2831,2,110,8,8,0.6552830840759587,0.020754600467944365
43000,selected_fixed_jump,2831,2,110,16,16,0.21585064742778098,0.014138503207609248
43000,selected_fixed_jump,2852,2,110,1,1,-0.29817320840284617,0.0008650786382099884
43000,selected_fixed_jump,2852,2,110,4,1,-0.29817320840284617,0.0008650786382099884
43000,selected_fixed_jump,2852,2,110,8,1,-0.29817320840284617,0.0008650786382099884
43000,selected_fixed_jump,2852,2,110,16,1,-0.29817320840284617,0.0008650786382099884
43000,selected_fixed_jump,2854,2,110,1,1,-0.21495832047511482,0.0016820527979246568
43000,selected_fixed_jump,2854,2,110,4,1,-0.21495832047511482,0.0016820527979246568
43000,selected_fixed_jump,2854,2,110,8,1,-0.21495832047511482,0.0016820527979246568
43000,selected_fixed_jump,2854,2,110,16,1,-0.21495832047511482,0.0016820527979246568
43000,selected_fixed_jump,2856,2,110,1,1,-0.11668135664910724,0.009283075027087759
43000,selected_fixed_jump,2856,2,110,4,4,-0.09324435628892741,0.004534905913927262
43000,selected_fixed_jump,2856,2,110,8,8,-0.0903723522234064,0.010060459606212496
43000,selected_fixed_jump,2856,2,110,16,14,-0.0848099309441311,0.006843208681021079
43000,selected_fixed_jump,2871,2,110,1,1,-0.2121879917083143,0.004846684381037055
43000,selected_fixed_jump,2871,2,110,4,4,0.07491378242800904,0.00426232956618547
43000,selected_fixed_jump,2871,2,110,8,7,-0.01613467906742423,0.002439752523047625
43000,selected_fixed_jump,2871,2,110,16,7,-0.01613467906742423,0.002439752523047625
43000,selected_fixed_jump,2879,2,110,1,1,0.15330496301043667,0.0020638488871045552
43000,selected_fixed_jump,2879,2,110,4,4,-0.10529888728327465,0.0027610703731408125
43000,selected_fixed_jump,2879,2,110,8,8,-0.03468989421736581,0.0023631315835915055
43000,selected_fixed_jump,2879,2,110,16,12,0.26213675995178354,0.012609911150937575
43000,selected_fixed_jump,2892,2,110,1,1,-0.18959316396360296,0.0606966161776388
43000,selected_fixed_jump,2892,2,110,4,3,-0.2760718170089961,0.025668090746519472
43000,selected_fixed_jump,2892,2,110,8,3,-0.2760718170089961,0.025668090746519472
43000,selected_fixed_jump,2892,2,110,16,3,-0.2760718170089961,0.025668090746519472
43000,selected_fixed_jump,2896,2,110,1,1,0.3249782667285412,0.009957369738003959
43000,selected_fixed_jump,2896,2,110,4,4,-0.10874063375798115,0.008723750154117863
43000,selected_fixed_jump,2896,2,110,8,8,-0.08880184693565324,0.014221721997339612
43000,selected_fixed_jump,2896,2,110,16,10,-0.13138724046313105,0.011638220364366892
43000,selected_fixed_jump,2907,2,110,1,1,-0.13544012637617703,0.016334025510116576
43000,selected_fixed_jump,2907,2,110,4,4,-0.062037620348806166,0.015795624720146634
43000,selected_fixed_jump,2907,2,110,8,8,-0.005335103669255343,0.011706670334925546
43000,selected_fixed_jump,2907,2,110,16,13,0.47358384879424203,0.014312427352889694
43000,selected_fixed_jump,2921,2,111,1,1,0.607801794724865,0.00046263247063071456
43000,selected_fixed_jump,2921,2,111,4,4,0.1660196597761488,0.0057325651103017836
43000,selected_fixed_jump,2921,2,111,8,4,0.1660196597761488,0.0057325651103017836
43000,selected_fixed_jump,2921,2,111,16,4,0.1660196597761488,0.0057325651103017836
43000,selected_fixed_jump,2926,2,111,1,1,1.0697647264866594,0.007807998223285259
43000,selected_fixed_jump,2926,2,111,4,4,0.6176784602634977,0.014945469094210224
43000,selected_fixed_jump,2926,2,111,8,8,0.35186218801445973,0.027470253029100167
43000,selected_fixed_jump,2926,2,111,16,15,0.5671982679015126,0.03779499810188273
43000,selected_fixed_jump,2942,2,111,1,1,-0.2183289595318043,0.0010480361018823335
43000,selected_fixed_jump,2942,2,111,4,4,0.1933591994474328,0.06207054324516234
43000,selected_fixed_jump,2942,2,111,8,8,0.7637569274036026,0.03544015940368574
43000,selected_fixed_jump,2942,2,111,16,16,0.848507570140372,0.06359906323645365
43000,selected_fixed_jump,3153,2,101,1,1,-0.17477104627149687,0.002622820428718452
43000,selected_fixed_jump,3153,2,101,4,4,-0.03877179105346237,0.005219844859771896
43000,selected_fixed_jump,3153,2,101,8,8,0.023244400941512103,0.027886588025814788
43000,selected_fixed_jump,3153,2,101,16,16,0.40233411169323735,0.03961375096543143
43000,selected_fixed_jump,3170,2,101,1,1,-0.0004840503681138213,0.356751289659438
43000,selected_fixed_jump,3170,2,101,4,4,1.3424214440799171,0.13293036070379308
43000,selected_fixed_jump,3170,2,101,8,8,2.4666823155451407,0.30730237478857353
43000,selected_fixed_jump,3170,2,101,16,16,2.429849877073504,0.2191901558401797
43000,selected_fixed_jump,3202,2,101,1,1,-0.3151833439091615,0.000465192048294406
43000,selected_fixed_jump,3202,2,101,4,4,0.9007073065198278,0.03743748170524333
43000,selected_fixed_jump,3202,2,101,8,8,0.6947267465509203,0.03330483786880524
43000,selected_fixed_jump,3202,2,101,16,16,1.2547139294560075,0.05215237793833882
43000,selected_fixed_jump,3237,2,101,1,1,6.144600566022943,0.022059281793262116
43000,selected_fixed_jump,3237,2,101,4,3,3.033831721802409,0.09484308156801624
43000,selected_fixed_jump,3237,2,101,8,3,3.033831721802409,0.09484308156801624
43000,selected_fixed_jump,3237,2,101,16,3,3.033831721802409,0.09484308156801624
43000,selected_fixed_jump,3242,2,101,1,1,-0.17101835092332301,0.03546800034649217
43000,selected_fixed_jump,3242,2,101,4,1,-0.17101835092332301,0.03546800034649217
43000,selected_fixed_jump,3242,2,101,8,1,-0.17101835092332301,0.03546800034649217
43000,selected_fixed_jump,3242,2,101,16,1,-0.17101835092332301,0.03546800034649217
43000,selected_fixed_jump,3244,2,101,1,1,-0.1851719799260973,0.08932200197429398
43000,selected_fixed_jump,3244,2,101,4,4,1.4650012679186812,0.05404896685865525
43000,selected_fixed_jump,3244,2,101,8,8,2.0083439214115906,0.07807834653071763
43000,selected_fixed_jump,3244,2,101,16,13,2.008115693880351,0.06738035032735937
43000,selected_fixed_jump,3258,2,101,1,1,7.109717219229949,0.4747152883629742
43000,selected_fixed_jump,3258,2,101,4,4,4.001389644752963,0.16275037643613416
43000,selected_fixed_jump,3258,2,101,8,8,2.9881169628601043,0.12332670935430329
43000,selected_fixed_jump,3258,2,101,16,16,1.713604482045327,0.07426448567723443
43000,selected_fixed_jump,3280,2,111,1,1,-0.08651109920713278,8.937336177738606e-05
43000,selected_fixed_jump,3280,2,111,4,4,1.6507713784463025,0.07910129065417852
43000,selected_fixed_jump,3280,2,111,8,4,1.6507713784463025,0.07910129065417852
43000,selected_fixed_jump,3280,2,111,16,4,1.6507713784463025,0.07910129065417852
43000,selected_fixed_jump,3285,2,111,1,1,-0.03596485905482932,0.013450782839041544
43000,selected_fixed_jump,3285,2,111,4,4,0.712807919768418,0.055915836074345575
43000,selected_fixed_jump,3285,2,111,8,5,0.7125281529463685,0.05110546184350952
43000,selected_fixed_jump,3285,2,111,16,5,0.7125281529463685,0.05110546184350952
43000,selected_fixed_jump,3291,2,111,1,1,0.05894341823961403,0.10327246383383284
43000,selected_fixed_jump,3291,2,111,4,4,1.9879052417018717,0.271417214019654
43000,selected_fixed_jump,3291,2,111,8,8,1.906599319562762,0.16880507805631031
43000,selected_fixed_jump,3291,2,111,16,16,1.5851009819397108,0.16490064172528335
43000,selected_fixed_jump,3313,2,111,1,1,0.05384655158091767,0.03291893126098539
43000,selected_fixed_jump,3313,2,111,4,4,0.23810299103537255,0.04594145165865803
43000,selected_fixed_jump,3313,2,111,8,8,1.7736825239824445,0.09845610861778184
43000,selected_fixed_jump,3313,2,111,16,11,1.5465072005541691,0.09082467190957716
43000,selected_fixed_jump,3326,2,111,1,1,4.521458771082071,0.006538849892034684
43000,selected_fixed_jump,3326,2,111,4,4,3.4818722103632416,0.1253563597291922
43000,selected_fixed_jump,3326,2,111,8,8,3.047083186103725,0.22904281018470274
43000,selected_fixed_jump,3326,2,111,16,11,2.2387724696879125,0.16833937409389388
43000,selected_fixed_jump,3338,2,111,1,1,0.01842533143861479,0.0038548847823554142
43000,selected_fixed_jump,3338,2,111,4,4,0.28591375706546795,0.07231866109304345
43000,selected_fixed_jump,3338,2,111,8,8,0.6724867096343865,0.04992271783030907
43000,selected_fixed_jump,3338,2,111,16,16,0.42607627494174405,0.0855579397958554
43000,selected_fixed_jump,3361,2,111,1,1,0.08019684922437342,0.47344264920663764
43000,selected_fixed_jump,3361,2,111,4,4,2.53372923441368,0.2550469232715674
43000,selected_fixed_jump,3361,2,111,8,8,1.6022277949319363,0.15966571322885392
43000,selected_fixed_jump,3361,2,111,16,16,0.9692505110429558,0.09989417357122068
43000,selected_fixed_jump,3382,2,111,1,1,1.3181235879371176,0.1274049538611971
43000,selected_fixed_jump,3382,2,111,4,4,1.523096743961546,0.09416947284296473
43000,selected_fixed_jump,3382,2,111,8,8,0.7963665379154393,0.07697482708156178
43000,selected_fixed_jump,3382,2,111,16,16,0.6036046098664123,0.05634232818289199
43000,selected_fixed_jump,3420,2,101,1,1,-0.22426331221687512,0.19097031164809708
43000,selected_fixed_jump,3420,2,101,4,3,2.1928352996184093,0.16098649849697869
43000,selected_fixed_jump,3420,2,101,8,3,2.1928352996184093,0.16098649849697869
43000,selected_fixed_jump,3420,2,101,16,3,2.1928352996184093,0.16098649849697869
43000,selected_fixed_jump,3424,2,101,1,1,0.08989643569502889,0.07890403425003358
43000,selected_fixed_jump,3424,2,101,4,3,2.790381366196152,0.11681639730608469
43000,selected_fixed_jump,3424,2,101,8,3,2.790381366196152,0.11681639730608469
43000,selected_fixed_jump,3424,2,101,16,3,2.790381366196152,0.11681639730608469
43000,selected_fixed_jump,3428,2,101,1,1,-0.2258009819339943,0.10921801431296359
43000,selected_fixed_jump,3428,2,101,4,1,-0.2258009819339943,0.10921801431296359
43000,selected_fixed_jump,3428,2,101,8,1,-0.2258009819339943,0.10921801431296359
43000,selected_fixed_jump,3428,2,101,16,1,-0.2258009819339943,0.10921801431296359
43000,selected_fixed_jump,3430,2,101,1,1,0.4824331639563491,0.00677574271970736
43000,selected_fixed_jump,3430,2,101,4,4,1.186257775900674,0.023795801665499796
43000,selected_fixed_jump,3430,2,101,8,8,0.6311318609692251,0.034057944151296336
43000,selected_fixed_jump,3430,2,101,16,16,1.2535766753780173,0.19385116229629437
43000,selected_fixed_jump,3586,3,110,1,1,-0.2843669168791099,0.024081531675745216
43000,selected_fixed_jump,3586,3,110,4,4,-0.238306480561365,0.007438256853789444
43000,selected_fixed_jump,3586,3,110,8,8,0.040094965567913504,0.013777406883216013
43000,selected_fixed_jump,3586,3,110,16,13,0.10286125805927139,0.018537587311484652
43000,selected_fixed_jump,3600,3,110,1,1,-0.19956216665013718,0.015860543608808
43000,selected_fixed_jump,3600,3,110,4,3,-0.2781266097657351,0.008135768447335072
43000,selected_fixed_jump,3600,3,110,8,3,-0.2781266097657351,0.008135768447335072
43000,selected_fixed_jump,3600,3,110,16,3,-0.2781266097657351,0.008135768447335072
43000,selected_fixed_jump,3604,3,110,1,1,-0.05940685864470187,0.008064059530568343
43000,selected_fixed_jump,3604,3,110,4,4,-0.19182189460078009,0.008482410141055007
43000,selected_fixed_jump,3604,3,110,8,8,-0.17190188067212314,0.009074198846625432
43000,selected_fixed_jump,3604,3,110,16,12,-0.15301698407857897,0.007453768539387823
43000,selected_fixed_jump,3617,3,110,1,1,-0.13762929563020138,0.0046285068201651495
43000,selected_fixed_jump,3617,3,110,4,4,0.06553222765002206,0.019738481575921216
43000,selected_fixed_jump,3617,3,110,8,8,0.15576909116472842,0.027001030895884903
43000,selected_fixed_jump,3617,3,110,16,9,0.10358604392809034,0.02412754520632855
43000,selected_fixed_jump,3627,3,110,1,1,0.3817581211124172,0.003960260842297784
43000,selected_fixed_jump,3627,3,110,4,2,0.05624296230620349,0.0029266115276447772
43000,selected_fixed_jump,3627,3,110,8,2,0.05624296230620349,0.0029266115276447772
43000,selected_fixed_jump,3627,3,110,16,2,0.05624296230620349,0.0029266115276447772
43000,selected_fixed_jump,3630,3,110,1,1,0.2356125788110492,0.03196398167251409
43000,selected_fixed_jump,3630,3,110,4,4,0.41643246239508397,0.02544528032491728
43000,selected_fixed_jump,3630,3,110,8,8,0.04686665548650501,0.016227821921052685
43000,selected_fixed_jump,3630,3,110,16,8,0.04686665548650501,0.016227821921052685
43000,selected_fixed_jump,3639,3,110,1,1,-0.33222663099697297,7.855062804408736e-05
43000,selected_fixed_jump,3639,3,110,4,4,0.08116868033555254,0.006646730924693798
43000,selected_fixed_jump,3639,3,110,8,8,-0.1037136982425412,0.008873957181654717
43000,selected_fixed_jump,3639,3,110,16,16,-0.12871749483965944,0.01505692326379358
43000,selected_fixed_jump,3672,3,110,1,1,-0.09058934149407616,0.0011922812837475954
43000,selected_fixed_jump,3672,3,110,4,4,0.0931937462107844,0.009627964003199586
43000,selected_fixed_jump,3672,3,110,8,8,-0.08901616308870927,0.01051315573228832
43000,selected_fixed_jump,3672,3,110,16,16,-0.10457595476588485,0.012226664354342349
43000,selected_fixed_jump,3695,3,110,1,1,0.32607356160079703,0.0010159318974672206
43000,selected_fixed_jump,3695,3,110,4,2,0.017469274270691004,0.02946738308379625
43000,selected_fixed_jump,3695,3,110,8,2,0.017469274270691004,0.02946738308379625
43000,selected_fixed_jump,3695,3,110,16,2,0.017469274270691004,0.02946738308379625
43000,selected_fixed_jump,3698,3,110,1,1,-0.14403708516509384,0.0014491300372196452
43000,selected_fixed_jump,3698,3,110,4,4,-0.10103899514088165,0.010916039908641758
43000,selected_fixed_jump,3698,3,110,8,8,0.02634906163366963,0.02344966288281359
43000,selected_fixed_jump,3698,3,110,16,16,0.38013823657441637,0.018733560776424664
43000,selected_fixed_jump,3719,3,111,1,1,0.2532537448560242,0.014337917292453749
43000,selected_fixed_jump,3719,3,111,4,4,0.7386009893631316,0.08762626520235582
43000,selected_fixed_jump,3719,3,111,8,8,1.3871690807156198,0.16909802126323134
43000,selected_fixed_jump,3719,3,111,16,13,1.1175973704332067,0.12011361585263096
43000,selected_fixed_jump,3733,3,111,1,1,5.278181914697677,0.12088907387417673
43000,selected_fixed_jump,3733,3,111,4,4,2.356490387460309,0.10934014757980873
43000,selected_fixed_jump,3733,3,111,8,8,2.1938778483859354,0.1677523851007317
43000,selected_fixed_jump,3733,3,111,16,16,1.8968345576746657,0.10536638238034068
43000,selected_fixed_jump,3778,3,111,1,1,-0.10449947155499704,0.7584547468384749
43000,selected_fixed_jump,3778,3,111,4,4,0.49864097626962894,0.3069947247453616
43000,selected_fixed_jump,3778,3,111,8,5,1.4570547882230358,0.30616507441773544
43000,selected_fixed_jump,3778,3,111,16,5,1.4570547882230358,0.30616507441773544
43000,selected_fixed_jump,3784,3,111,1,1,6.2401013309423305,1.5247376585094192
43000,selected_fixed_jump,3784,3,111,4,2,6.517381947122139,0.8851026560692171
43000,selected_fixed_jump,3784,3,111,8,2,6.517381947122139,0.8851026560692171
43000,selected_fixed_jump,3784,3,111,16,2,6.517381947122139,0.8851026560692171
43000,selected_fixed_jump,3787,3,111,1,1,6.2518760091389955,0.35674874550457797
43000,selected_fixed_jump,3787,3,111,4,4,3.3497517643300045,0.13988886659675362
43000,selected_fixed_jump,3787,3,111,8,8,1.9624107427444026,0.09274505848023787
43000,selected_fixed_jump,3787,3,111,16,16,1.2992464519005489,0.057985932982740004
43000,selected_fixed_jump,3816,3,111,1,1,-0.19050949885971724,0.03829294729712334
43000,selected_fixed_jump,3816,3,111,4,4,0.26463046659643874,0.039237449556008615
43000,selected_fixed_jump,3816,3,111,8,8,0.10071318420517347,0.03037900313177453
43000,selected_fixed_jump,3816,3,111,16,8,0.10071318420517347,0.03037900313177453
43000,selected_fixed_jump,3825,3,111,1,1,0.7148100037645636,0.021450685883632074
43000,selected_fixed_jump,3825,3,111,4,4,0.09034455188132016,0.010160164317784754
43000,selected_fixed_jump,3825,3,111,8,8,2.1174449677984533,0.22304792728643308
43000,selected_fixed_jump,3825,3,111,16,10,1.8645315570350807,0.18253482210400734
43000,selected_fixed_jump,3836,3,111,1,1,0.2844461201290417,0.02989322679401913
43000,selected_fixed_jump,3836,3,111,4,4,1.1081675055474465,0.0901171567448406
43000,selected_fixed_jump,3836,3,111,8,8,0.4185314740033772,0.07353563124470629
43000,selected_fixed_jump,3836,3,111,16,16,1.1666629780923943,0.11263037669490605
43000,selected_fixed_jump,3898,3,011,1,1,1.2741916915528022,0.13115735332996287
43000,selected_fixed_jump,3898,3,011,4,4,0.8048642123563128,0.06133245603234294
43000,selected_fixed_jump,3898,3,011,8,8,1.134015788067296,0.05966778090905319
43000,selected_fixed_jump,3898,3,011,16,16,0.9757868537145986,0.049410351490910956
43000,selected_fixed_jump,4009,3,111,1,1,-0.1839948105340219,0.015719051004646538
43000,selected_fixed_jump,4009,3,111,4,4,0.5170110316104186,0.056425115912403095
43000,selected_fixed_jump,4009,3,111,8,8,0.9391310312535969,0.04814963490528447
43000,selected_fixed_jump,4009,3,111,16,16,0.7718837890507699,0.07928101675664448
43000,selected_fixed_jump,4029,3,111,1,1,-0.045932876329812494,0.012804197127973305
43000,selected_fixed_jump,4029,3,111,4,4,1.1594971037421073,0.020597282778635036
43000,selected_fixed_jump,4029,3,111,8,8,1.4572402565910902,0.03573966015029204
43000,selected_fixed_jump,4029,3,111,16,15,1.7021176701324536,0.053950880121717386
43000,selected_fixed_jump,4045,3,111,1,1,-0.32573493973756273,0.003961404343156663
43000,selected_fixed_jump,4045,3,111,4,4,1.4381254758393027,0.0737055467700468
43000,selected_fixed_jump,4045,3,111,8,4,1.4381254758393027,0.0737055467700468
43000,selected_fixed_jump,4045,3,111,16,4,1.4381254758393027,0.0737055467700468
43000,selected_fixed_jump,4050,3,111,1,1,0.16922099313149877,0.0024709451687391073
43000,selected_fixed_jump,4050,3,111,4,4,1.4950284391435762,0.06577676635632632
43000,selected_fixed_jump,4050,3,111,8,7,1.6460031703350801,0.17824414730626775
43000,selected_fixed_jump,4050,3,111,16,7,1.6460031703350801,0.17824414730626775
43000,selected_fixed_jump,4058,3,111,1,1,1.5006867323555706,0.008876307505777937
43000,selected_fixed_jump,4058,3,111,4,4,0.8802116344336166,0.023400981332835778
43000,selected_fixed_jump,4058,3,111,8,8,3.2067037182569256,0.447892480268299
43000,selected_fixed_jump,4058,3,111,16,16,1.9212584391844778,0.2286888954630457
43000,selected_fixed_jump,4086,3,111,1,1,2.1080861134298567,0.018515054032070283
43000,selected_fixed_jump,4086,3,111,4,1,2.1080861134298567,0.018515054032070283
43000,selected_fixed_jump,4086,3,111,8,1,2.1080861134298567,0.018515054032070283
43000,selected_fixed_jump,4086,3,111,16,1,2.1080861134298567,0.018515054032070283
43000,selected_fixed_jump,4088,3,111,1,1,1.5990864093152857,0.09934808778154201
43000,selected_fixed_jump,4088,3,111,4,3,2.706819910598201,0.10660113334456289
43000,selected_fixed_jump,4088,3,111,8,3,2.706819910598201,0.10660113334456289
43000,selected_fixed_jump,4088,3,111,16,3,2.706819910598201,0.10660113334456289
43000,selected_fixed_jump,4092,3,111,1,1,4.7457624808414,0.006147083144139404
43000,selected_fixed_jump,4092,3,111,4,4,4.159070961329579,0.17205505573748425
43000,selected_fixed_jump,4092,3,111,8,4,4.159070961329579,0.17205505573748425
43000,selected_fixed_jump,4092,3,111,16,4,4.159070961329579,0.17205505573748425
43000,selected_fixed_jump,4097,3,111,1,1,3.7502349581406036,0.14220152650371223
43000,selected_fixed_jump,4097,3,111,4,4,2.5203398100409844,0.08644522641285383
43000,selected_fixed_jump,4097,3,111,8,8,1.5511270577806817,0.08287442189186633
43000,selected_fixed_jump,4097,3,111,16,16,1.2447002559528173,0.08181186708592222
43000,selected_fixed_jump,4116,3,111,1,1,0.8367992983372451,0.008537658171719722
43000,selected_fixed_jump,4116,3,111,4,3,0.06758306048680716,0.003058933152776617
43000,selected_fixed_jump,4116,3,111,8,3,0.06758306048680716,0.003058933152776617
43000,selected_fixed_jump,4116,3,111,16,3,0.06758306048680716,0.003058933152776617
43000,selected_fixed_jump,4120,3,111,1,1,0.5710245225016585,0.002500888757483352
43000,selected_fixed_jump,4120,3,111,4,3,0.15652402674824395,0.007697072999454613
43000,selected_fixed_jump,4120,3,111,8,3,0.15652402674824395,0.007697072999454613
43000,selected_fixed_jump,4120,3,111,16,3,0.15652402674824395,0.007697072999454613
43000,selected_fixed_jump,4124,3,111,1,1,3.836113392389291,0.03938051716268112
43000,selected_fixed_jump,4124,3,111,4,4,2.853867349659128,0.037523655165067796
43000,selected_fixed_jump,4124,3,111,8,8,1.5512812451309315,0.1091721405251788
43000,selected_fixed_jump,4124,3,111,16,16,1.2236054247901946,0.0637029906445602
43000,selected_fixed_jump,4148,3,111,1,1,-0.15985635382453084,0.30150215649421497
43000,selected_fixed_jump,4148,3,111,4,4,0.3476959615811795,0.125093240044235
43000,selected_fixed_jump,4148,3,111,8,8,0.7958078473336914,0.08359515687086261
43000,selected_fixed_jump,4148,3,111,16,15,0.7743658383759668,0.0633691602514713
43000,selected_fixed_jump,4166,3,101,1,1,0.8890333927130271,0.15043415097429186
43000,selected_fixed_jump,4166,3,101,4,4,0.5031031842101013,0.06276022063587122
43000,selected_fixed_jump,4166,3,101,8,8,0.7671784168772489,0.0490908685609367
43000,selected_fixed_jump,4166,3,101,16,16,1.6148784650729855,0.12418493101674977
43000,selected_fixed_jump,4216,3,101,1,1,-0.15354573972183191,0.11840622055144061
43000,selected_fixed_jump,4216,3,101,4,4,0.820900415066575,0.06038059994433519
43000,selected_fixed_jump,4216,3,101,8,8,0.6198018131329028,0.03908501099806577
43000,selected_fixed_jump,4216,3,101,16,10,0.44222342135198894,0.03234597953138155
43000,selected_fixed_jump,4227,3,110,1,1,-0.2643581452777919,0.02970331790964032
43000,selected_fixed_jump,4227,3,110,4,4,0.3472601378950087,0.038638386772731036
43000,selected_fixed_jump,4227,3,110,8,8,0.2016011755762075,0.020340299951288773
43000,selected_fixed_jump,4227,3,110,16,13,0.29687736597027825,0.017886529574796257
43000,selected_fixed_jump,4241,3,110,1,1,-0.2492253597562237,0.002042531349256304
43000,selected_fixed_jump,4241,3,110,4,4,-0.1602806561354247,0.004561839571648739
43000,selected_fixed_jump,4241,3,110,8,8,0.45989931780514914,0.03285520131255677
43000,selected_fixed_jump,4241,3,110,16,15,0.2932335889978981,0.023762008020661817
43000,selected_fixed_jump,4257,3,110,1,1,-0.17619844485200828,0.0396863425063746
43000,selected_fixed_jump,4257,3,110,4,4,-0.1240431959058315,0.01613113678238471
43000,selected_fixed_jump,4257,3,110,8,5,-0.16416289063741266,0.013738210319913896
43000,selected_fixed_jump,4257,3,110,16,5,-0.16416289063741266,0.013738210319913896
43000,selected_fixed_jump,4263,3,110,1,1,0.0006918422414209859,0.0050362722288231744
43000,selected_fixed_jump,4263,3,110,4,2,-0.1540079650836762,0.002518291139758735
43000,selected_fixed_jump,4263,3,110,8,2,-0.1540079650836762,0.002518291139758735
43000,selected_fixed_jump,4263,3,110,16,2,-0.1540079650836762,0.002518291139758735
43000,selected_fixed_jump,4266,3,110,1,1,-0.1705719441077467,0.0055322633332638375
43000,selected_fixed_jump,4266,3,110,4,2,-0.1841937988048286,0.010910688450303012
43000,selected_fixed_jump,4266,3,110,8,2,-0.1841937988048286,0.010910688450303012
43000,selected_fixed_jump,4266,3,110,16,2,-0.1841937988048286,0.010910688450303012
43000,selected_fixed_jump,4269,3,110,1,1,0.07112362710613993,0.0004995419678158282
43000,selected_fixed_jump,4269,3,110,4,4,0.05084408974811006,0.01002120487612165
43000,selected_fixed_jump,4269,3,110,8,8,0.4534452303953118,0.009439653759585782
43000,selected_fixed_jump,4269,3,110,16,9,0.40802296886170375,0.00910289388492446
43000,selected_fixed_jump,4281,3,110,1,1,-0.17969399704717273,0.001312488944610549
43000,selected_fixed_jump,4281,3,110,4,2,-0.18098587090465446,0.000994616957781965
43000,selected_fixed_jump,4281,3,110,8,2,-0.18098587090465446,0.000994616957781965
43000,selected_fixed_jump,4281,3,110,16,2,-0.18098587090465446,0.000994616957781965
43000,selected_fixed_jump,4284,3,110,1,1,-0.04258262594747752,0.001606653779023361
43000,selected_fixed_jump,4284,3,110,4,4,-0.028096229125186247,0.017350600451650874
43000,selected_fixed_jump,4284,3,110,8,8,0.19134463374155913,0.014262911723176517
43000,selected_fixed_jump,4284,3,110,16,16,-0.023720320834482472,0.008074020579177447
43000,selected_fixed_jump,4352,3,101,1,1,0.6916457478449803,8.488424394453142e-06
43000,selected_fixed_jump,4352,3,101,4,4,0.018134173378185584,0.003446926570429317
43000,selected_fixed_jump,4352,3,101,8,8,0.0018024815243414677,0.03617161156343917
43000,selected_fixed_jump,4352,3,101,16,16,0.2382761193369486,0.044447934199922566
43000,selected_fixed_jump,4400,3,101,1,1,-0.16942670315932948,0.03931370515663132
43000,selected_fixed_jump,4400,3,101,4,4,0.37734135595224116,0.03621930613249467
43000,selected_fixed_jump,4400,3,101,8,8,0.6880042576178087,0.1530088226607132
43000,selected_fixed_jump,4400,3,101,16,16,0.5407752718655626,0.11060078227855949
43000,selected_fixed_jump,4419,3,101,1,1,-0.15772301912942183,0.01107396608037103
43000,selected_fixed_jump,4419,3,101,4,4,-0.10097206540557777,0.021041593418048343
43000,selected_fixed_jump,4419,3,101,8,8,0.4445348679708561,0.04461439309715492
43000,selected_fixed_jump,4419,3,101,16,16,0.4879268080663708,0.05050294158958922
43000,selected_fixed_jump,4443,3,101,1,1,2.783948947730081,0.017347568212651033
43000,selected_fixed_jump,4443,3,101,4,4,2.201455637534428,0.07173487229626703
43000,selected_fixed_jump,4443,3,101,8,8,2.3647649736955474,0.21372283641784617
43000,selected_fixed_jump,4443,3,101,16,11,2.1895086180583867,0.16554656232940712
43000,selected_fixed_jump,4455,3,101,1,1,5.401815533444047,0.27179838512145865
43000,selected_fixed_jump,4455,3,101,4,3,3.037787940046482,0.12278883735221807
43000,selected_fixed_jump,4455,3,101,8,3,3.037787940046482,0.12278883735221807
43000,selected_fixed_jump,4455,3,101,16,3,3.037787940046482,0.12278883735221807
43000,selected_fixed_jump,4459,3,101,1,1,-0.02291714662011593,0.01515408835759485
43000,selected_fixed_jump,4459,3,101,4,4,0.2187381834685878,0.04128670971409666
43000,selected_fixed_jump,4459,3,101,8,8,0.6690649326666714,0.029290319335168714
43000,selected_fixed_jump,4459,3,101,16,10,0.6299725831131594,0.027816660465863934
43000,selected_fixed_jump,4470,3,101,1,1,0.24681286266088856,0.12672963899762693
43000,selected_fixed_jump,4470,3,101,4,4,0.46501955219909746,0.03419307564230058
43000,selected_fixed_jump,4470,3,101,8,8,0.45852735475260253,0.023422731829049276
43000,selected_fixed_jump,4470,3,101,16,10,0.3213247632823112,0.01988571926143567
43000,selected_fixed_jump,4481,3,101,1,1,2.3161480414669167,0.2304997745873651
43000,selected_fixed_jump,4481,3,101,4,4,2.0922854558727715,0.16749283001635093
43000,selected_fixed_jump,4481,3,101,8,8,1.9841437934447776,0.1597652256238467
43000,selected_fixed_jump,4481,3,101,16,14,1.3982492763353143,0.11585833185023162
43000,selected_fixed_jump,4496,3,101,1,1,0.08132141998617848,2.4678502041094555e-05
43000,selected_fixed_jump,4496,3,101,4,4,0.0610626729755034,0.010230731492655635
43000,selected_fixed_jump,4496,3,101,8,8,0.6106737026587089,0.01939440118777961
43000,selected_fixed_jump,4496,3,101,16,13,0.3067332008720377,0.019193242413802124
43000,selected_fixed_jump,4511,3,101,1,1,8.527256952108642,0.194245014629952
43000,selected_fixed_jump,4511,3,101,4,4,4.602716332992397,0.16186852032806284
43000,selected_fixed_jump,4511,3,101,8,8,2.5862371421593355,0.17659714336873977
43000,selected_fixed_jump,4511,3,101,16,16,2.0620172850492633,0.15886186452479337
43000,selected_fixed_jump,4535,3,101,1,1,0.3924226067112272,0.16411947981769387
43000,selected_fixed_jump,4535,3,101,4,4,1.0509219558842882,0.06655575861069794
43000,selected_fixed_jump,4535,3,101,8,8,1.0813526357306595,0.07250636877154952
43000,selected_fixed_jump,4535,3,101,16,9,1.036813877383499,0.07034352270217693
43000,selected_fixed_jump,4545,3,110,1,1,-0.11985952831721414,0.0009999542596393009
43000,selected_fixed_jump,4545,3,110,4,4,0.3319923206395251,0.047333955619566034
43000,selected_fixed_jump,4545,3,110,8,8,0.20772704280197304,0.043088767500541476
43000,selected_fixed_jump,4545,3,110,16,16,-0.018552057330886697,0.024954606253329056
43000,selected_fixed_jump,4588,3,110,1,1,0.26773503873160953,0.007647933909443591
43000,selected_fixed_jump,4588,3,110,4,3,0.49783500498583017,0.02322756606525501
43000,selected_fixed_jump,4588,3,110,8,3,0.49783500498583017,0.02322756606525501
43000,selected_fixed_jump,4588,3,110,16,3,0.49783500498583017,0.02322756606525501
43000,selected_fixed_jump,4592,3,110,1,1,-0.22475521174622978,0.07235866102097285
43000,selected_fixed_jump,4592,3,110,4,2,0.6624135230764172,0.08211868742614764
43000,selected_fixed_jump,4592,3,110,8,2,0.6624135230764172,0.08211868742614764
43000,selected_fixed_jump,4592,3,110,16,2,0.6624135230764172,0.08211868742614764
43000,selected_fixed_jump,4595,3,110,1,1,-0.21253260545549968,0.010396065812926876
43000,selected_fixed_jump,4595,3,110,4,4,-0.2703479013513981,0.007653437502277736
43000,selected_fixed_jump,4595,3,110,8,5,-0.08404254654908767,0.017455001426415612
43000,selected_fixed_jump,4595,3,110,16,5,-0.08404254654908767,0.017455001426415612
43000,selected_fixed_jump,4601,3,110,1,1,-0.09976071884516162,0.018488239126647314
43000,selected_fixed_jump,4601,3,110,4,2,-0.14908546977574172,0.023215916545544675
43000,selected_fixed_jump,4601,3,110,8,2,-0.14908546977574172,0.023215916545544675
43000,selected_fixed_jump,4601,3,110,16,2,-0.14908546977574172,0.023215916545544675
43000,selected_fixed_jump,4604,3,110,1,1,1.1455631841258207,0.08553985197596639
43000,selected_fixed_jump,4604,3,110,4,3,0.9006560584865074,0.03992826450160431
43000,selected_fixed_jump,4604,3,110,8,3,0.9006560584865074,0.03992826450160431
43000,selected_fixed_jump,4604,3,110,16,3,0.9006560584865074,0.03992826450160431
43000,dynamic_parameter_oracle,9,0,011,1,1,0.6583314764835988,0.000909246466198841
43000,dynamic_parameter_oracle,9,0,011,4,4,0.4630234489038242,0.01486642753154619
43000,dynamic_parameter_oracle,9,0,011,8,8,0.7488529061193502,0.04800055802182808
43000,dynamic_parameter_oracle,9,0,011,16,16,0.7890311308219489,0.04060143988388354
43000,dynamic_parameter_oracle,115,0,101,1,1,3.7351505831911624,0.40621129967259956
43000,dynamic_parameter_oracle,115,0,101,4,4,1.2244661113941113,0.3138281388722388
43000,dynamic_parameter_oracle,115,0,101,8,7,1.1619578684514493,0.20027256671340227
43000,dynamic_parameter_oracle,115,0,101,16,7,1.1619578684514493,0.20027256671340227
43000,dynamic_parameter_oracle,123,0,101,1,1,4.902973573253919,0.0003591352893224203
43000,dynamic_parameter_oracle,123,0,101,4,4,1.7190612728019639,0.01123422634304907
43000,dynamic_parameter_oracle,123,0,101,8,5,1.4155200085308326,0.00914876411112708
43000,dynamic_parameter_oracle,123,0,101,16,5,1.4155200085308326,0.00914876411112708
43000,dynamic_parameter_oracle,129,0,101,1,1,1.5883951594441728,0.0072323594593769625
43000,dynamic_parameter_oracle,129,0,101,4,4,1.194636383527718,0.053863549170780664
43000,dynamic_parameter_oracle,129,0,101,8,8,0.969357482402068,0.03010167851456768
43000,dynamic_parameter_oracle,129,0,101,16,15,0.9117786766224621,0.020019358442903125
43000,dynamic_parameter_oracle,146,0,101,1,1,0.562032842726773,0.22442045132459024
43000,dynamic_parameter_oracle,146,0,101,4,4,0.8552940799115869,0.07552920656322339
43000,dynamic_parameter_oracle,146,0,101,8,8,0.5937990251529406,0.0477536463576665
43000,dynamic_parameter_oracle,146,0,101,16,16,0.5992225948812243,0.03668380719692634
43000,dynamic_parameter_oracle,166,0,101,1,1,1.7274133939467413,0.3066191135167367
43000,dynamic_parameter_oracle,166,0,101,4,4,1.598021687452428,0.10202425722798657
43000,dynamic_parameter_oracle,166,0,101,8,4,1.598021687452428,0.10202425722798657
43000,dynamic_parameter_oracle,166,0,101,16,4,1.598021687452428,0.10202425722798657
43000,dynamic_parameter_oracle,171,0,101,1,1,2.1820812956047577,0.04407518845171826
43000,dynamic_parameter_oracle,171,0,101,4,4,0.832101503198272,0.02428694922324356
43000,dynamic_parameter_oracle,171,0,101,8,8,0.6421274852417267,0.014597944542403247
43000,dynamic_parameter_oracle,171,0,101,16,10,0.6023966053474062,0.011984220407672521
43000,dynamic_parameter_oracle,182,0,101,1,1,1.309469541003464,0.11266661384312715
43000,dynamic_parameter_oracle,182,0,101,4,4,0.7802950939092146,0.03699734791409318
43000,dynamic_parameter_oracle,182,0,101,8,8,0.8425153006871227,0.029516717582353538
43000,dynamic_parameter_oracle,182,0,101,16,11,0.7568566200624253,0.02380778099801776
43000,dynamic_parameter_oracle,195,0,101,1,1,0.6390292023527739,0.009387222275321364
43000,dynamic_parameter_oracle,195,0,101,4,4,0.6215215452954242,0.013213678243527696
43000,dynamic_parameter_oracle,195,0,101,8,8,0.537383911868645,0.009576301624015841
43000,dynamic_parameter_oracle,195,0,101,16,11,0.5465460807841582,0.01056295637689687
43000,dynamic_parameter_oracle,207,0,101,1,1,0.5200808543148879,0.18886763805460827
43000,dynamic_parameter_oracle,207,0,101,4,4,0.7790156269067452,0.08445810068417438
43000,dynamic_parameter_oracle,207,0,101,8,5,0.659005687039618,0.06788272542157534
43000,dynamic_parameter_oracle,207,0,101,16,5,0.659005687039618,0.06788272542157534
43000,dynamic_parameter_oracle,213,0,101,1,1,3.5274118560248464,0.015389171957513124
43000,dynamic_parameter_oracle,213,0,101,4,4,1.3224245833877784,0.04070899529567722
43000,dynamic_parameter_oracle,213,0,101,8,7,0.9491174046976256,0.02945894058782515
43000,dynamic_parameter_oracle,213,0,101,16,7,0.9491174046976256,0.02945894058782515
43000,dynamic_parameter_oracle,221,0,101,1,1,1.1676649294779118,0.04246551940262813
43000,dynamic_parameter_oracle,221,0,101,4,4,0.25373276587248206,0.01450896297719372
43000,dynamic_parameter_oracle,221,0,101,8,8,0.03603109953996009,0.012931393129379727
43000,dynamic_parameter_oracle,221,0,101,16,16,0.1611757409667025,0.009765953502545752
43000,dynamic_parameter_oracle,244,0,110,1,1,-0.440669130804827,0.013721022891112806
43000,dynamic_parameter_oracle,244,0,110,4,1,-0.440669130804827,0.013721022891112806
43000,dynamic_parameter_oracle,244,0,110,8,1,-0.440669130804827,0.013721022891112806
43000,dynamic_parameter_oracle,244,0,110,16,1,-0.440669130804827,0.013721022891112806
43000,dynamic_parameter_oracle,246,0,110,1,1,-0.3483139324449858,0.00037214732560511516
43000,dynamic_parameter_oracle,246,0,110,4,4,-0.1824264805254638,0.0016400235888745932
43000,dynamic_parameter_oracle,246,0,110,8,8,0.02380802165201748,0.002191773240037861
43000,dynamic_parameter_oracle,246,0,110,16,16,-0.08123056861587272,0.003605585179393827
43000,dynamic_parameter_oracle,273,0,110,1,1,-0.14400881917627645,0.004455003505905208
43000,dynamic_parameter_oracle,273,0,110,4,4,-0.3120426269898029,0.003065707244722393
43000,dynamic_parameter_oracle,273,0,110,8,6,-0.13769941319323145,0.005124863471982172
43000,dynamic_parameter_oracle,273,0,110,16,6,-0.13769941319323145,0.005124863471982172
43000,dynamic_parameter_oracle,280,0,110,1,1,0.8231693927666078,0.03333458373009694
43000,dynamic_parameter_oracle,280,0,110,4,4,-0.030888099411805703,0.009905926949149626
43000,dynamic_parameter_oracle,280,0,110,8,6,-0.09938116536961228,0.0079628879681413
43000,dynamic_parameter_oracle,280,0,110,16,6,-0.09938116536961228,0.0079628879681413
43000,dynamic_parameter_oracle,287,0,110,1,1,1.0602922969059023,0.0006300950438405101
43000,dynamic_parameter_oracle,287,0,110,4,4,0.8740311582398468,0.009953870746431807
43000,dynamic_parameter_oracle,287,0,110,8,4,0.8740311582398468,0.009953870746431807
43000,dynamic_parameter_oracle,287,0,110,16,4,0.8740311582398468,0.009953870746431807
43000,dynamic_parameter_oracle,292,0,101,1,1,1.3133084415335723,0.09141015912738794
43000,dynamic_parameter_oracle,292,0,101,4,4,0.48109913996175846,0.08857101989809535
43000,dynamic_parameter_oracle,292,0,101,8,8,0.34145431426702905,0.060366353391785775
43000,dynamic_parameter_oracle,292,0,101,16,16,0.5084526494731548,0.03870036782029671
43000,dynamic_parameter_oracle,328,0,101,1,1,0.40543184771164337,0.14942870270437447
43000,dynamic_parameter_oracle,328,0,101,4,4,1.1373713745779255,0.07778123542278004
43000,dynamic_parameter_oracle,328,0,101,8,8,0.8471170724914177,0.11634808489079762
43000,dynamic_parameter_oracle,328,0,101,16,8,0.8471170724914177,0.11634808489079762
43000,dynamic_parameter_oracle,338,0,101,1,1,1.5558313461260105,0.21406728116357146
43000,dynamic_parameter_oracle,338,0,101,4,4,0.8809003209647841,0.09837112138603508
43000,dynamic_parameter_oracle,338,0,101,8,8,0.5594233973211928,0.05941900204856904
43000,dynamic_parameter_oracle,338,0,101,16,16,0.6976285542246872,0.043247109128164735
43000,dynamic_parameter_oracle,377,0,101,1,1,1.160428000420242,0.2536030161423854
43000,dynamic_parameter_oracle,377,0,101,4,4,1.0426949717947251,0.10235790610558532
43000,dynamic_parameter_oracle,377,0,101,8,8,0.9465668109419252,0.06032903845618018
43000,dynamic_parameter_oracle,377,0,101,16,16,0.7183191129546028,0.035691799461191914
43000,dynamic_parameter_oracle,422,0,101,1,1,0.6026347241500926,0.007484911410328405
43000,dynamic_parameter_oracle,422,0,101,4,2,0.8836047878474074,0.0788104205603689
43000,dynamic_parameter_oracle,422,0,101,8,2,0.8836047878474074,0.0788104205603689
43000,dynamic_parameter_oracle,422,0,101,16,2,0.8836047878474074,0.0788104205603689
43000,dynamic_parameter_oracle,425,0,101,1,1,0.40111440755510414,0.05894309419149243
43000,dynamic_parameter_oracle,425,0,101,4,4,1.0777855727807835,0.032491496445074305
43000,dynamic_parameter_oracle,425,0,101,8,4,1.0777855727807835,0.032491496445074305
43000,dynamic_parameter_oracle,425,0,101,16,4,1.0777855727807835,0.032491496445074305
43000,dynamic_parameter_oracle,430,0,101,1,1,0.6823005741911112,0.013218630208117104
43000,dynamic_parameter_oracle,430,0,101,4,4,1.2062108440629766,0.0561688576638128
43000,dynamic_parameter_oracle,430,0,101,8,8,1.3083853735614,0.0911436189519493
43000,dynamic_parameter_oracle,430,0,101,16,16,0.9620605626664076,0.06591341660705788
43000,dynamic_parameter_oracle,465,0,111,1,1,0.6851610691608333,0.13881913545657243
43000,dynamic_parameter_oracle,465,0,111,4,4,0.5128829490189911,0.1507797610714701
43000,dynamic_parameter_oracle,465,0,111,8,8,0.6430498261073312,0.16544303516607198
43000,dynamic_parameter_oracle,465,0,111,16,13,0.6384248472578711,0.1201963505345765
43000,dynamic_parameter_oracle,480,0,111,1,1,2.0888447576170557,0.0012141834147085034
43000,dynamic_parameter_oracle,480,0,111,4,4,1.5738901474084084,0.03904900786201744
43000,dynamic_parameter_oracle,480,0,111,8,8,1.3077131023109916,0.031005813381231304
43000,dynamic_parameter_oracle,480,0,111,16,8,1.3077131023109916,0.031005813381231304
43000,dynamic_parameter_oracle,489,0,111,1,1,2.76888331594674,0.031169049558792353
43000,dynamic_parameter_oracle,489,0,111,4,4,1.283546518879154,0.01847866800432091
43000,dynamic_parameter_oracle,489,0,111,8,4,1.283546518879154,0.01847866800432091
43000,dynamic_parameter_oracle,489,0,111,16,4,1.283546518879154,0.01847866800432091
43000,dynamic_parameter_oracle,494,0,111,1,1,0.7188029173096383,0.0027560259284799766
43000,dynamic_parameter_oracle,494,0,111,4,4,0.4391750310932161,0.019425683324259653
43000,dynamic_parameter_oracle,494,0,111,8,8,0.7787736457603044,0.05331180394324954
43000,dynamic_parameter_oracle,494,0,111,16,13,0.756003708488794,0.036326719232887494
43000,dynamic_parameter_oracle,508,0,111,1,1,0.4466720161355464,0.12099458717523848
43000,dynamic_parameter_oracle,508,0,111,4,4,0.5313433993982701,0.13367221758429865
43000,dynamic_parameter_oracle,508,0,111,8,8,1.014421144289354,0.1502314162348323
43000,dynamic_parameter_oracle,508,0,111,16,8,1.014421144289354,0.1502314162348323
43000,dynamic_parameter_oracle,517,0,111,1,1,0.45366656757571666,0.010610834856015338
43000,dynamic_parameter_oracle,517,0,111,4,1,0.45366656757571666,0.010610834856015338
43000,dynamic_parameter_oracle,517,0,111,8,1,0.45366656757571666,0.010610834856015338
43000,dynamic_parameter_oracle,517,0,111,16,1,0.45366656757571666,0.010610834856015338
43000,dynamic_parameter_oracle,519,0,111,1,1,0.527788338216096,0.02947117224617929
43000,dynamic_parameter_oracle,519,0,111,4,4,0.46886905802794476,0.015178070651827745
43000,dynamic_parameter_oracle,519,0,111,8,4,0.46886905802794476,0.015178070651827745
43000,dynamic_parameter_oracle,519,0,111,16,4,0.46886905802794476,0.015178070651827745
43000,dynamic_parameter_oracle,524,0,111,1,1,0.848401306724429,0.12531987662698843
43000,dynamic_parameter_oracle,524,0,111,4,2,0.8210398699865831,0.06846271838188625
43000,dynamic_parameter_oracle,524,0,111,8,2,0.8210398699865831,0.06846271838188625
43000,dynamic_parameter_oracle,524,0,111,16,2,0.8210398699865831,0.06846271838188625
43000,dynamic_parameter_oracle,527,0,111,1,1,1.6284946096412773,0.12900402162116387
43000,dynamic_parameter_oracle,527,0,111,4,4,0.9834449112541198,0.06337441024913008
43000,dynamic_parameter_oracle,527,0,111,8,8,1.0077411867452901,0.08792869569061862
43000,dynamic_parameter_oracle,527,0,111,16,16,0.9394430289484887,0.0656156796287407
43000,dynamic_parameter_oracle,548,0,111,1,1,1.1231795147369372,0.06147212035442041
43000,dynamic_parameter_oracle,548,0,111,4,2,0.7389782152787148,0.030837125747497418
43000,dynamic_parameter_oracle,548,0,111,8,2,0.7389782152787148,0.030837125747497418
43000,dynamic_parameter_oracle,548,0,111,16,2,0.7389782152787148,0.030837125747497418
43000,dynamic_parameter_oracle,551,0,111,1,1,1.878591440779624,0.2629499515258936
43000,dynamic_parameter_oracle,551,0,111,4,4,1.2257587353933672,0.15279850325115096
43000,dynamic_parameter_oracle,551,0,111,8,8,1.042999276060248,0.10635207024020527
43000,dynamic_parameter_oracle,551,0,111,16,16,0.9976248317585212,0.11102588590404269
43000,dynamic_parameter_oracle,588,0,111,1,1,0.5311967035547801,0.10757104302703928
43000,dynamic_parameter_oracle,588,0,111,4,4,0.37905489409702936,0.11837585058746387
43000,dynamic_parameter_oracle,588,0,111,8,8,1.0819301471036948,0.2462287518484536
43000,dynamic_parameter_oracle,588,0,111,16,16,0.8747965226523036,0.1501724455405733
43000,dynamic_parameter_oracle,614,0,110,1,1,-0.10959796196531538,0.0009553023965900655
43000,dynamic_parameter_oracle,614,0,110,4,4,-0.08027705727877435,0.0008032113853731582
43000,dynamic_parameter_oracle,614,0,110,8,8,-0.1180989915039949,0.0045129814214430585
43000,dynamic_parameter_oracle,614,0,110,16,16,0.04914712132589426,0.0034766051508006135
43000,dynamic_parameter_oracle,640,0,110,1,1,-0.15202801916817005,0.012380550067375862
43000,dynamic_parameter_oracle,640,0,110,4,4,0.023489677906655432,0.015065504532498993
43000,dynamic_parameter_oracle,640,0,110,8,8,-0.006431329251986334,0.01330775467415721
43000,dynamic_parameter_oracle,640,0,110,16,12,0.05345037358303806,0.012958466224043605
43000,dynamic_parameter_oracle,653,0,110,1,1,-0.020071629334045913,0.005081220767251014
43000,dynamic_parameter_oracle,653,0,110,4,3,-0.15461450401861662,0.0038604281648348202
43000,dynamic_parameter_oracle,653,0,110,8,3,-0.15461450401861662,0.0038604281648348202
43000,dynamic_parameter_oracle,653,0,110,16,3,-0.15461450401861662,0.0038604281648348202
43000,dynamic_parameter_oracle,657,0,110,1,1,0.030174385150795444,0.0090067217670203
43000,dynamic_parameter_oracle,657,0,110,4,1,0.030174385150795444,0.0090067217670203
43000,dynamic_parameter_oracle,657,0,110,8,1,0.030174385150795444,0.0090067217670203
43000,dynamic_parameter_oracle,657,0,110,16,1,0.030174385150795444,0.0090067217670203
43000,dynamic_parameter_oracle,659,0,110,1,1,-0.3782774696078817,0.004851357648706324
43000,dynamic_parameter_oracle,659,0,110,4,4,-0.28568934128467266,0.0032745666692738694
43000,dynamic_parameter_oracle,659,0,110,8,8,-0.29632678776489974,0.004126767417034558
43000,dynamic_parameter_oracle,659,0,110,16,13,-0.2886846085222138,0.005477876854116191
43000,dynamic_parameter_oracle,673,0,110,1,1,1.240514549273772,0.013471326412310945
43000,dynamic_parameter_oracle,673,0,110,4,4,0.6851745310943691,0.009519549348469637
43000,dynamic_parameter_oracle,673,0,110,8,8,0.4153592658547377,0.00716708072419577
43000,dynamic_parameter_oracle,673,0,110,16,16,0.25815585579851386,0.009009574049289568
43000,dynamic_parameter_oracle,698,0,110,1,1,0.2496373910583982,0.009138891642286857
43000,dynamic_parameter_oracle,698,0,110,4,4,0.20839073097325905,0.00318854515167383
43000,dynamic_parameter_oracle,698,0,110,8,8,0.4679515550189489,0.017402233388946736
43000,dynamic_parameter_oracle,698,0,110,16,16,0.665467709435495,0.02242615421541177
43000,dynamic_parameter_oracle,807,0,110,1,1,-0.11341540983183888,0.0012441800551450445
43000,dynamic_parameter_oracle,807,0,110,4,3,-0.07034892117045699,0.003452579018192742
43000,dynamic_parameter_oracle,807,0,110,8,3,-0.07034892117045699,0.003452579018192742
43000,dynamic_parameter_oracle,807,0,110,16,3,-0.07034892117045699,0.003452579018192742
43000,dynamic_parameter_oracle,811,0,110,1,1,0.26285068170652276,0.01791998152395169
43000,dynamic_parameter_oracle,811,0,110,4,2,0.03351322461932331,0.009444222851094457
43000,dynamic_parameter_oracle,811,0,110,8,2,0.03351322461932331,0.009444222851094457
43000,dynamic_parameter_oracle,811,0,110,16,2,0.03351322461932331,0.009444222851094457
43000,dynamic_parameter_oracle,814,0,110,1,1,-0.3741046169948278,0.00036067952891947135
43000,dynamic_parameter_oracle,814,0,110,4,4,0.05332857916143598,0.005657497492453164
43000,dynamic_parameter_oracle,814,0,110,8,8,-0.08250368387436666,0.003370201327926021
43000,dynamic_parameter_oracle,814,0,110,16,9,0.03705886312679417,0.003044378294768146
43000,dynamic_parameter_oracle,824,0,110,1,1,-0.0871946628473331,0.009366069460754672
43000,dynamic_parameter_oracle,824,0,110,4,2,0.23479964585660307,0.00603365961283766
43000,dynamic_parameter_oracle,824,0,110,8,2,0.23479964585660307,0.00603365961283766
43000,dynamic_parameter_oracle,824,0,110,16,2,0.23479964585660307,0.00603365961283766
43000,dynamic_parameter_oracle,827,0,110,1,1,0.21438801363705304,0.011848530528639427
43000,dynamic_parameter_oracle,827,0,110,4,4,0.174878275405151,0.00617916467989572
43000,dynamic_parameter_oracle,827,0,110,8,4,0.174878275405151,0.00617916467989572
43000,dynamic_parameter_oracle,827,0,110,16,4,0.174878275405151,0.00617916467989572
43000,dynamic_parameter_oracle,832,0,110,1,1,0.031159057486066413,2.19662265661648e-06
43000,dynamic_parameter_oracle,832,0,110,4,4,-0.17647493631418926,0.0034793543612885247
43000,dynamic_parameter_oracle,832,0,110,8,8,0.0801294463681834,0.003942194222568385
43000,dynamic_parameter_oracle,832,0,110,16,16,-0.05288056289859042,0.0050084763052032225
43000,dynamic_parameter_oracle,849,0,110,1,1,-0.14833473800770203,0.06493256294301074
43000,dynamic_parameter_oracle,849,0,110,4,4,0.6313463451038682,0.019659535752567646
43000,dynamic_parameter_oracle,849,0,110,8,8,0.26840861280813705,0.014235412318360976
43000,dynamic_parameter_oracle,849,0,110,16,16,-0.015584151285118364,0.012706027012677982
43000,dynamic_parameter_oracle,869,0,110,1,1,-0.42820367946857624,0.0009801778067687103
43000,dynamic_parameter_oracle,869,0,110,4,4,-0.39006392989352,0.0032399912209804594
43000,dynamic_parameter_oracle,869,0,110,8,8,-0.32224302012768363,0.004217916101771671
43000,dynamic_parameter_oracle,869,0,110,16,9,-0.32730407414535095,0.003818208595064066
43000,dynamic_parameter_oracle,879,0,110,1,1,-0.3895196514638085,0.0003191768016717422
43000,dynamic_parameter_oracle,879,0,110,4,4,0.40995504775392655,0.009691009783272931
43000,dynamic_parameter_oracle,879,0,110,8,4,0.40995504775392655,0.009691009783272931
43000,dynamic_parameter_oracle,879,0,110,16,4,0.40995504775392655,0.009691009783272931
43000,dynamic_parameter_oracle,884,0,110,1,1,-0.38350157286983966,7.469905117447655e-07
43000,dynamic_parameter_oracle,884,0,110,4,4,-0.2016068846269029,0.006584192131134316
43000,dynamic_parameter_oracle,884,0,110,8,8,0.15401472579664405,0.013541025449879548
43000,dynamic_parameter_oracle,884,0,110,16,16,0.5397561420088228,0.04087366355879124
43000,dynamic_parameter_oracle,1060,0,111,1,1,0.4376362603564336,0.03450987349332692
43000,dynamic_parameter_oracle,1060,0,111,4,4,0.75640285242902,0.06791807218899035
43000,dynamic_parameter_oracle,1060,0,111,8,5,0.7394330449285358,0.10466743807103747
43000,dynamic_parameter_oracle,1060,0,111,16,5,0.7394330449285358,0.10466743807103747
43000,dynamic_parameter_oracle,1066,0,111,1,1,1.0558695665308684,0.13854662433534828
43000,dynamic_parameter_oracle,1066,0,111,4,2,1.55664262209969,0.07050891500748545
43000,dynamic_parameter_oracle,1066,0,111,8,2,1.55664262209969,0.07050891500748545
43000,dynamic_parameter_oracle,1066,0,111,16,2,1.55664262209969,0.07050891500748545
43000,dynamic_parameter_oracle,1069,0,111,1,1,1.2012348065471306,0.07576448854158678
43000,dynamic_parameter_oracle,1069,0,111,4,1,1.2012348065471306,0.07576448854158678
43000,dynamic_parameter_oracle,1069,0,111,8,1,1.2012348065471306,0.07576448854158678
43000,dynamic_parameter_oracle,1069,0,111,16,1,1.2012348065471306,0.07576448854158678
43000,dynamic_parameter_oracle,1071,0,111,1,1,2.3119504337620795,0.2752795244549075
43000,dynamic_parameter_oracle,1071,0,111,4,4,1.0111665996936838,0.08698350615609297
43000,dynamic_parameter_oracle,1071,0,111,8,8,0.7635488368161684,0.0485638121419842
43000,dynamic_parameter_oracle,1071,0,111,16,16,0.8487833993323337,0.0882510548567277
43000,dynamic_parameter_oracle,1106,0,111,1,1,1.4229308989588905,0.09132423497354106
43000,dynamic_parameter_oracle,1106,0,111,4,4,0.9591516558986334,0.051659669596361917
43000,dynamic_parameter_oracle,1106,0,111,8,8,0.6736705736825482,0.03412467285186946
43000,dynamic_parameter_oracle,1106,0,111,16,16,0.5847906358968875,0.04150621530902383
43000,dynamic_parameter_oracle,1140,0,111,1,1,0.7639936325369204,0.05950235388048282
43000,dynamic_parameter_oracle,1140,0,111,4,1,0.7639936325369204,0.05950235388048282
43000,dynamic_parameter_oracle,1140,0,111,8,1,0.7639936325369204,0.05950235388048282
43000,dynamic_parameter_oracle,1140,0,111,16,1,0.7639936325369204,0.05950235388048282
43000,dynamic_parameter_oracle,1142,0,111,1,1,0.5705844836129867,0.23199088285548752
43000,dynamic_parameter_oracle,1142,0,111,4,2,0.5782659813722976,0.1403530241365008
43000,dynamic_parameter_oracle,1142,0,111,8,2,0.5782659813722976,0.1403530241365008
43000,dynamic_parameter_oracle,1142,0,111,16,2,0.5782659813722976,0.1403530241365008
43000,dynamic_parameter_oracle,1145,0,111,1,1,0.5262296871843587,0.02610139882889945
43000,dynamic_parameter_oracle,1145,0,111,4,4,0.42356318522230807,0.05799945793146927
43000,dynamic_parameter_oracle,1145,0,111,8,4,0.42356318522230807,0.05799945793146927
43000,dynamic_parameter_oracle,1145,0,111,16,4,0.42356318522230807,0.05799945793146927
43000,dynamic_parameter_oracle,1150,0,111,1,1,0.80859223747953,0.06341105764090813
43000,dynamic_parameter_oracle,1150,0,111,4,1,0.80859223747953,0.06341105764090813
43000,dynamic_parameter_oracle,1150,0,111,8,1,0.80859223747953,0.06341105764090813
43000,dynamic_parameter_oracle,1150,0,111,16,1,0.80859223747953,0.06341105764090813
43000,dynamic_parameter_oracle,1312,1,110,1,1,0.3539757823574247,0.011772475806728529
43000,dynamic_parameter_oracle,1312,1,110,4,4,0.035059051158502205,0.00821670791001654
43000,dynamic_parameter_oracle,1312,1,110,8,8,-0.12126431913014088,0.008585311400344669
43000,dynamic_parameter_oracle,1312,1,110,16,11,0.010075915872677733,0.00786352232739424
43000,dynamic_parameter_oracle,1324,1,110,1,1,-0.4261311470103079,0.03492598885887062
43000,dynamic_parameter_oracle,1324,1,110,4,4,1.5948286339545301,0.017091025021819025
43000,dynamic_parameter_oracle,1324,1,110,8,8,0.902664488219437,0.014231128419224784
43000,dynamic_parameter_oracle,1324,1,110,16,16,0.7781914871791088,0.010019843182510545
43000,dynamic_parameter_oracle,1352,1,110,1,1,0.9194788064031045,0.005477718930903382
43000,dynamic_parameter_oracle,1352,1,110,4,4,0.10000186893582537,0.008254870704900337
43000,dynamic_parameter_oracle,1352,1,110,8,8,0.15997224184578368,0.008510959107457663
43000,dynamic_parameter_oracle,1352,1,110,16,16,0.1979465185546093,0.011000137286470976
43000,dynamic_parameter_oracle,1373,1,110,1,1,-0.35616123637511593,0.013005994745264666
43000,dynamic_parameter_oracle,1373,1,110,4,4,0.05417075988410282,0.007890682148490369
43000,dynamic_parameter_oracle,1373,1,110,8,8,0.010719664320007039,0.010624474286485821
43000,dynamic_parameter_oracle,1373,1,110,16,16,0.15266385218680023,0.01151308587757731
43000,dynamic_parameter_oracle,1395,1,110,1,1,0.017877423678105415,0.00759209034462312
43000,dynamic_parameter_oracle,1395,1,110,4,4,-0.048048710474614884,0.012763888340467083
43000,dynamic_parameter_oracle,1395,1,110,8,4,-0.048048710474614884,0.012763888340467083
43000,dynamic_parameter_oracle,1395,1,110,16,4,-0.048048710474614884,0.012763888340467083
43000,dynamic_parameter_oracle,1401,1,110,1,1,-0.31934078669488886,0.010009291483839045
43000,dynamic_parameter_oracle,1401,1,110,4,4,-0.26669229056824356,0.005865018210150817
43000,dynamic_parameter_oracle,1401,1,110,8,8,-0.17803575404868321,0.0036768563221221484
43000,dynamic_parameter_oracle,1401,1,110,16,15,-0.1341010820772586,0.004835605521342435
43000,dynamic_parameter_oracle,1417,1,110,1,1,-0.33959047326553815,0.0019246826638967803
43000,dynamic_parameter_oracle,1417,1,110,4,4,0.3181333667738798,0.014157235589309172
43000,dynamic_parameter_oracle,1417,1,110,8,8,0.035307204853335133,0.011214733339454596
43000,dynamic_parameter_oracle,1417,1,110,16,16,0.4343486193976135,0.011848946043875985
43000,dynamic_parameter_oracle,1452,1,111,1,1,2.016407582219734,0.10380904615238373
43000,dynamic_parameter_oracle,1452,1,111,4,4,1.6359898615803623,0.07205076158356735
43000,dynamic_parameter_oracle,1452,1,111,8,7,1.292680412993675,0.058509570021990254
43000,dynamic_parameter_oracle,1452,1,111,16,7,1.292680412993675,0.058509570021990254
43000,dynamic_parameter_oracle,1460,1,111,1,1,0.34545070633011843,0.0912957467421472
43000,dynamic_parameter_oracle,1460,1,111,4,4,0.598308169008256,0.0707777860960003
43000,dynamic_parameter_oracle,1460,1,111,8,8,0.6115824208077607,0.04128761317941351
43000,dynamic_parameter_oracle,1460,1,111,16,16,0.6323664834190437,0.058571581949841814
43000,dynamic_parameter_oracle,1485,1,111,1,1,2.840165085595831,0.018440264405847378
43000,dynamic_parameter_oracle,1485,1,111,4,4,1.3906608782195633,0.08858963492335271
43000,dynamic_parameter_oracle,1485,1,111,8,8,0.9890251259958066,0.09162137691204275
43000,dynamic_parameter_oracle,1485,1,111,16,11,0.8627471835887529,0.06886481148492479
43000,dynamic_parameter_oracle,1497,1,111,1,1,1.2470679408798158,0.04099526998775773
43000,dynamic_parameter_oracle,1497,1,111,4,3,0.736475672757314,0.03786104425324482
43000,dynamic_parameter_oracle,1497,1,111,8,3,0.736475672757314,0.03786104425324482
43000,dynamic_parameter_oracle,1497,1,111,16,3,0.736475672757314,0.03786104425324482
43000,dynamic_parameter_oracle,1501,1,111,1,1,4.190536747236996,0.08079424579594739
43000,dynamic_parameter_oracle,1501,1,111,4,4,1.6500513630272882,0.03755936060942375
43000,dynamic_parameter_oracle,1501,1,111,8,4,1.6500513630272882,0.03755936060942375
43000,dynamic_parameter_oracle,1501,1,111,16,4,1.6500513630272882,0.03755936060942375
43000,dynamic_parameter_oracle,1506,1,101,1,1,3.12006733437749,0.04407433884906161
43000,dynamic_parameter_oracle,1506,1,101,4,4,1.1125787112431427,0.019905406698598443
43000,dynamic_parameter_oracle,1506,1,101,8,8,0.8774163883541174,0.01794459515016271
43000,dynamic_parameter_oracle,1506,1,101,16,16,0.6487246092744308,0.018068216085940236
43000,dynamic_parameter_oracle,1552,1,101,1,1,1.295504282338212,0.004354500267841252
43000,dynamic_parameter_oracle,1552,1,101,4,1,1.295504282338212,0.004354500267841252
43000,dynamic_parameter_oracle,1552,1,101,8,1,1.295504282338212,0.004354500267841252
43000,dynamic_parameter_oracle,1552,1,101,16,1,1.295504282338212,0.004354500267841252
43000,dynamic_parameter_oracle,1555,1,101,1,1,0.5970120848248713,5.1374225387091694e-05
43000,dynamic_parameter_oracle,1555,1,101,4,4,0.31173721183079267,0.015055435381842668
43000,dynamic_parameter_oracle,1555,1,101,8,7,0.32130431920444263,0.023698482599329957
43000,dynamic_parameter_oracle,1555,1,101,16,7,0.32130431920444263,0.023698482599329957
43000,dynamic_parameter_oracle,1563,1,101,1,1,0.6221454145901768,0.019455667893713925
43000,dynamic_parameter_oracle,1563,1,101,4,2,0.6663703618400368,0.049412845189143934
43000,dynamic_parameter_oracle,1563,1,101,8,2,0.6663703618400368,0.049412845189143934
43000,dynamic_parameter_oracle,1563,1,101,16,2,0.6663703618400368,0.049412845189143934
43000,dynamic_parameter_oracle,1566,1,101,1,1,0.814403663827163,0.07976769752748486
43000,dynamic_parameter_oracle,1566,1,101,4,4,0.6858822018289117,0.03527460437561066
43000,dynamic_parameter_oracle,1566,1,101,8,8,0.841555307018107,0.043413092082496524
43000,dynamic_parameter_oracle,1566,1,101,16,16,0.797744826786307,0.029932001936178156
43000,dynamic_parameter_oracle,1594,1,101,1,1,0.4212289446036814,0.014562690700864182
43000,dynamic_parameter_oracle,1594,1,101,4,4,0.617387792296902,0.09917322135320994
43000,dynamic_parameter_oracle,1594,1,101,8,8,0.5956535771927485,0.06252093870210834
43000,dynamic_parameter_oracle,1594,1,101,16,16,0.6232590815651116,0.08390523248640708
43000,dynamic_parameter_oracle,1611,1,111,1,1,0.47997973490023577,0.03053481051605267
43000,dynamic_parameter_oracle,1611,1,111,4,4,0.6534475968372849,0.11073784602550579
43000,dynamic_parameter_oracle,1611,1,111,8,5,0.6210097515702678,0.124673834093882
43000,dynamic_parameter_oracle,1611,1,111,16,5,0.6210097515702678,0.124673834093882
43000,dynamic_parameter_oracle,1617,1,111,1,1,4.227925315775194,0.07618698911676855
43000,dynamic_parameter_oracle,1617,1,111,4,4,2.446462278145005,0.15070467647947094
43000,dynamic_parameter_oracle,1617,1,111,8,8,1.9925818364268415,0.11542641795360796
43000,dynamic_parameter_oracle,1617,1,111,16,9,1.8949354512148442,0.11081905496417906
43000,dynamic_parameter_oracle,1627,1,111,1,1,0.5151612316126387,0.007774656829812508
43000,dynamic_parameter_oracle,1627,1,111,4,4,0.8988581000900279,0.27317524787744396
43000,dynamic_parameter_oracle,1627,1,111,8,8,0.7211265617124207,0.17610627078512525
43000,dynamic_parameter_oracle,1627,1,111,16,14,1.1135355732147458,0.29703423810434615
43000,dynamic_parameter_oracle,1642,1,111,1,1,0.7039034148207624,0.0012206499925243922
43000,dynamic_parameter_oracle,1642,1,111,4,4,0.5848832751140867,0.01755103898904439
43000,dynamic_parameter_oracle,1642,1,111,8,8,0.8610296512070601,0.01664297555133436
43000,dynamic_parameter_oracle,1642,1,111,16,16,0.777855513555423,0.04043011402135441
43000,dynamic_parameter_oracle,1680,1,111,1,1,2.818721567092328,0.036204483216129874
43000,dynamic_parameter_oracle,1680,1,111,4,1,2.818721567092328,0.036204483216129874
43000,dynamic_parameter_oracle,1680,1,111,8,1,2.818721567092328,0.036204483216129874
43000,dynamic_parameter_oracle,1680,1,111,16,1,2.818721567092328,0.036204483216129874
43000,dynamic_parameter_oracle,1682,1,111,1,1,0.4424280931929959,0.0159030890934428
43000,dynamic_parameter_oracle,1682,1,111,4,4,1.017701731136816,0.12446781698737643
43000,dynamic_parameter_oracle,1682,1,111,8,8,0.737772924197436,0.08874308742664096
43000,dynamic_parameter_oracle,1682,1,111,16,16,0.7082939087076414,0.064241839683012
43000,dynamic_parameter_oracle,1699,1,111,1,1,1.0338037912278895,0.013611281412710716
43000,dynamic_parameter_oracle,1699,1,111,4,4,0.63947799903469,0.025530133391274537
43000,dynamic_parameter_oracle,1699,1,111,8,8,0.7208065391406312,0.049790913243978004
43000,dynamic_parameter_oracle,1699,1,111,16,16,0.7629798713750575,0.06760775128642676
43000,dynamic_parameter_oracle,1721,1,111,1,1,0.6157487329308118,0.012293042864739303
43000,dynamic_parameter_oracle,1721,1,111,4,4,0.45336489154194765,0.024652062535050173
43000,dynamic_parameter_oracle,1721,1,111,8,8,0.39243537137842344,0.0660094779753126
43000,dynamic_parameter_oracle,1721,1,111,16,16,0.17671228774717157,0.03749456564632376
43000,dynamic_parameter_oracle,1800,1,101,1,1,1.1472056398326775,0.05389025214709417
43000,dynamic_parameter_oracle,1800,1,101,4,4,0.5674253435426115,0.02340274652718033
43000,dynamic_parameter_oracle,1800,1,101,8,8,0.536538445871886,0.015626086662103945
43000,dynamic_parameter_oracle,1800,1,101,16,16,0.6693670267865695,0.021327700628044063
43000,dynamic_parameter_oracle,1825,1,101,1,1,0.4527401197736331,0.0006964591531566596
43000,dynamic_parameter_oracle,1825,1,101,4,4,0.6213439891205055,0.043681393134859726
43000,dynamic_parameter_oracle,1825,1,101,8,8,0.4741571677753588,0.023941062421905097
43000,dynamic_parameter_oracle,1825,1,101,16,16,0.5293094677669956,0.019631807626833572
43000,dynamic_parameter_oracle,1842,1,101,1,1,0.5764056454295783,0.06010466613346859
43000,dynamic_parameter_oracle,1842,1,101,4,4,0.6029519660877855,0.08685316818885966
43000,dynamic_parameter_oracle,1842,1,101,8,4,0.6029519660877855,0.08685316818885966
43000,dynamic_parameter_oracle,1842,1,101,16,4,0.6029519660877855,0.08685316818885966
43000,dynamic_parameter_oracle,1847,1,101,1,1,0.32142977314572474,0.06035344093845834
43000,dynamic_parameter_oracle,1847,1,101,4,4,0.24206644563540383,0.07357998277029174
43000,dynamic_parameter_oracle,1847,1,101,8,8,0.46206625447625493,0.055099794800245405
43000,dynamic_parameter_oracle,1847,1,101,16,12,0.5101005841688928,0.054025625077816775
43000,dynamic_parameter_oracle,1860,1,101,1,1,0.46236358868534816,0.003907836846335308
43000,dynamic_parameter_oracle,1860,1,101,4,4,0.5321641165388118,0.0074037595696089965
43000,dynamic_parameter_oracle,1860,1,101,8,6,0.49621576078845214,0.011146340614495827
43000,dynamic_parameter_oracle,1860,1,101,16,6,0.49621576078845214,0.011146340614495827
43000,dynamic_parameter_oracle,1867,1,101,1,1,1.1348823255886709,0.02689553899427952
43000,dynamic_parameter_oracle,1867,1,101,4,4,0.7248298838672036,0.016556568909291736
43000,dynamic_parameter_oracle,1867,1,101,8,8,0.556671362852648,0.013029224595644038
43000,dynamic_parameter_oracle,1867,1,101,16,11,0.4655453196433608,0.009516164787955304
43000,dynamic_parameter_oracle,1879,1,101,1,1,3.4141173286003346,6.48472586722494e-05
43000,dynamic_parameter_oracle,1879,1,101,4,4,1.2958049322869751,0.004218885894646392
43000,dynamic_parameter_oracle,1879,1,101,8,8,0.9298782080573147,0.015058338399301721
43000,dynamic_parameter_oracle,1879,1,101,16,13,0.812871578355572,0.010127889715298662
43000,dynamic_parameter_oracle,1893,1,101,1,1,0.4472414740828612,0.0006547878870231739
43000,dynamic_parameter_oracle,1893,1,101,4,4,1.0364645569781694,0.020687762670167947
43000,dynamic_parameter_oracle,1893,1,101,8,8,0.9566274885943795,0.020671360590912763
43000,dynamic_parameter_oracle,1893,1,101,16,13,0.8289820916749875,0.016703942159560344
43000,dynamic_parameter_oracle,1907,1,101,1,1,0.29808092372091877,0.008898366719256668
43000,dynamic_parameter_oracle,1907,1,101,4,4,0.3615574744718792,0.02869020987997212
43000,dynamic_parameter_oracle,1907,1,101,8,6,0.297729166140162,0.05321208296414354
43000,dynamic_parameter_oracle,1907,1,101,16,6,0.297729166140162,0.05321208296414354
43000,dynamic_parameter_oracle,1914,1,101,1,1,3.1933051096141734,0.0021829661250431453
43000,dynamic_parameter_oracle,1914,1,101,4,4,1.4696681155106477,0.011530064609325274
43000,dynamic_parameter_oracle,1914,1,101,8,8,1.3986183318888488,0.0311986386088876
43000,dynamic_parameter_oracle,1914,1,101,16,16,0.9360732825611525,0.026320856264280455
43000,dynamic_parameter_oracle,1931,1,101,1,1,1.1558872136068163,0.08514110089484636
43000,dynamic_parameter_oracle,1931,1,101,4,4,0.786310417621217,0.11519914860860912
43000,dynamic_parameter_oracle,1931,1,101,8,8,0.6049775515171382,0.07700882163402631
43000,dynamic_parameter_oracle,1931,1,101,16,11,0.7558751098674873,0.06516570722298604
43000,dynamic_parameter_oracle,1943,1,101,1,1,0.6668981467321997,0.00035566997418985284
43000,dynamic_parameter_oracle,1943,1,101,4,4,0.4511721293985249,0.0016408654143641455
43000,dynamic_parameter_oracle,1943,1,101,8,6,0.5212140780870462,0.0011807025268970965
43000,dynamic_parameter_oracle,1943,1,101,16,6,0.5212140780870462,0.0011807025268970965
43000,dynamic_parameter_oracle,1950,1,101,1,1,0.45664498669613685,0.15331732738621034
43000,dynamic_parameter_oracle,1950,1,101,4,4,0.49523980726401323,0.1448406916866028
43000,dynamic_parameter_oracle,1950,1,101,8,5,0.49007014470877336,0.13435262767427916
43000,dynamic_parameter_oracle,1950,1,101,16,5,0.49007014470877336,0.13435262767427916
43000,dynamic_parameter_oracle,1956,1,101,1,1,1.1547448451074354,0.03622471183335213
43000,dynamic_parameter_oracle,1956,1,101,4,4,0.5254813395887871,0.02399234980122583
43000,dynamic_parameter_oracle,1956,1,101,8,8,0.37259004550083025,0.012129215965384563
43000,dynamic_parameter_oracle,1956,1,101,16,15,0.4417144761511179,0.01337470518643747
43000,dynamic_parameter_oracle,1972,1,101,1,1,0.6428245154482217,0.028990549363487744
43000,dynamic_parameter_oracle,1972,1,101,4,4,0.5807134008412375,0.01753584538142623
43000,dynamic_parameter_oracle,1972,1,101,8,8,0.44681637051622675,0.010603427482688025
43000,dynamic_parameter_oracle,1972,1,101,16,16,0.624702263355265,0.044509865313443905
43000,dynamic_parameter_oracle,2116,1,111,1,1,0.5609781073094082,0.009051860633643632
43000,dynamic_parameter_oracle,2116,1,111,4,4,0.5916643837908806,0.00514650674079183
43000,dynamic_parameter_oracle,2116,1,111,8,8,0.5350149092438081,0.008712344939361577
43000,dynamic_parameter_oracle,2116,1,111,16,9,0.5381145199907061,0.022600806620813936
43000,dynamic_parameter_oracle,2126,1,111,1,1,1.0555109915811531,0.026096869554648447
43000,dynamic_parameter_oracle,2126,1,111,4,1,1.0555109915811531,0.026096869554648447
43000,dynamic_parameter_oracle,2126,1,111,8,1,1.0555109915811531,0.026096869554648447
43000,dynamic_parameter_oracle,2126,1,111,16,1,1.0555109915811531,0.026096869554648447
43000,dynamic_parameter_oracle,2129,1,111,1,1,0.9008478361807398,0.2252292100619569
43000,dynamic_parameter_oracle,2129,1,111,4,4,1.0909339167745495,0.1053663375106551
43000,dynamic_parameter_oracle,2129,1,111,8,8,0.9222880420251651,0.06119860480615516
43000,dynamic_parameter_oracle,2129,1,111,16,16,0.7830562168505253,0.0806058520027631
43000,dynamic_parameter_oracle,2149,1,111,1,1,0.4030307763229579,0.017898320495910176
43000,dynamic_parameter_oracle,2149,1,111,4,4,0.42303890286114487,0.04361518201865356
43000,dynamic_parameter_oracle,2149,1,111,8,5,0.4519156231933157,0.039066250127873056
43000,dynamic_parameter_oracle,2149,1,111,16,5,0.4519156231933157,0.039066250127873056
43000,dynamic_parameter_oracle,2155,1,111,1,1,0.38685676920085,0.008140311635825298
43000,dynamic_parameter_oracle,2155,1,111,4,4,0.4730807434071766,0.02517760840974815
43000,dynamic_parameter_oracle,2155,1,111,8,8,0.5264165246066503,0.06054969897871419
43000,dynamic_parameter_oracle,2155,1,111,16,10,0.6181235559339324,0.048923972513482454
43000,dynamic_parameter_oracle,2166,1,111,1,1,2.929379396188214,0.17258150565039232
43000,dynamic_parameter_oracle,2166,1,111,4,2,1.724154377619561,0.12378511644470575
43000,dynamic_parameter_oracle,2166,1,111,8,2,1.724154377619561,0.12378511644470575
43000,dynamic_parameter_oracle,2166,1,111,16,2,1.724154377619561,0.12378511644470575
43000,dynamic_parameter_oracle,2169,1,111,1,1,1.1165333069323613,0.004102619865181455
43000,dynamic_parameter_oracle,2169,1,111,4,1,1.1165333069323613,0.004102619865181455
43000,dynamic_parameter_oracle,2169,1,111,8,1,1.1165333069323613,0.004102619865181455
43000,dynamic_parameter_oracle,2169,1,111,16,1,1.1165333069323613,0.004102619865181455
43000,dynamic_parameter_oracle,2171,1,111,1,1,0.34343960155712944,0.6579668337502296
43000,dynamic_parameter_oracle,2171,1,111,4,3,0.5800854854899785,0.3116661368887823
43000,dynamic_parameter_oracle,2171,1,111,8,3,0.5800854854899785,0.3116661368887823
43000,dynamic_parameter_oracle,2171,1,111,16,3,0.5800854854899785,0.3116661368887823
43000,dynamic_parameter_oracle,2175,1,111,1,1,0.4758123669614098,0.04753329771881181
43000,dynamic_parameter_oracle,2175,1,111,4,4,0.48010012106056693,0.06165302694972164
43000,dynamic_parameter_oracle,2175,1,111,8,8,0.5674928030104521,0.11183787543887629
43000,dynamic_parameter_oracle,2175,1,111,16,16,0.7290683296738794,0.1148976387610257
43000,dynamic_parameter_oracle,2202,1,111,1,1,1.7618684816461123,0.0004321360521132706
43000,dynamic_parameter_oracle,2202,1,111,4,4,0.9941660961605567,0.0020441178362307177
43000,dynamic_parameter_oracle,2202,1,111,8,8,0.5094578806368175,0.0028191940461465385
43000,dynamic_parameter_oracle,2202,1,111,16,11,0.2771447139859596,0.003078923531929747
43000,dynamic_parameter_oracle,2214,1,110,1,1,-0.13798253249835934,0.013654588987968707
43000,dynamic_parameter_oracle,2214,1,110,4,4,-0.2500165076086332,0.009998936635760384
43000,dynamic_parameter_oracle,2214,1,110,8,8,-0.0515211741661743,0.01155003137539791
43000,dynamic_parameter_oracle,2214,1,110,16,9,-0.09550867508136358,0.011686548793611647
43000,dynamic_parameter_oracle,2224,1,110,1,1,-0.23799673181650124,0.027184842530020806
43000,dynamic_parameter_oracle,2224,1,110,4,4,0.23667857365407283,0.009017170356893329
43000,dynamic_parameter_oracle,2224,1,110,8,8,0.16410517750202874,0.00782764249967166
43000,dynamic_parameter_oracle,2224,1,110,16,16,-0.05476498752312022,0.007814630389346822
43000,dynamic_parameter_oracle,2248,1,110,1,1,-0.004261252640339566,0.0011446190327749968
43000,dynamic_parameter_oracle,2248,1,110,4,4,-0.2295878048446958,0.006233795245316255
43000,dynamic_parameter_oracle,2248,1,110,8,8,-0.2907730769744137,0.005817975286834855
43000,dynamic_parameter_oracle,2248,1,110,16,16,-0.2595724244480979,0.005654781908493417
43000,dynamic_parameter_oracle,2276,1,110,1,1,-0.23687838122333318,0.0025883995173976446
43000,dynamic_parameter_oracle,2276,1,110,4,4,0.3788531921511771,0.017316478914444367
43000,dynamic_parameter_oracle,2276,1,110,8,8,0.21147934478092723,0.01186289059049804
43000,dynamic_parameter_oracle,2276,1,110,16,16,0.06312346128971957,0.007792853842937296
43000,dynamic_parameter_oracle,2313,2,111,1,1,2.52672840218181,0.2727604361805986
43000,dynamic_parameter_oracle,2313,2,111,4,4,1.43554977203278,0.16210615883026314
43000,dynamic_parameter_oracle,2313,2,111,8,4,1.43554977203278,0.16210615883026314
43000,dynamic_parameter_oracle,2313,2,111,16,4,1.43554977203278,0.16210615883026314
43000,dynamic_parameter_oracle,2318,2,111,1,1,0.6283325139789528,0.13222411262337744
43000,dynamic_parameter_oracle,2318,2,111,4,4,0.6037553400873208,0.04004579459271888
43000,dynamic_parameter_oracle,2318,2,111,8,7,0.6243367370564784,0.02959077570304691
43000,dynamic_parameter_oracle,2318,2,111,16,7,0.6243367370564784,0.02959077570304691
43000,dynamic_parameter_oracle,2326,2,111,1,1,1.1849247126338218,0.04386037908084748
43000,dynamic_parameter_oracle,2326,2,111,4,4,0.6170494215739264,0.03162830773304536
43000,dynamic_parameter_oracle,2326,2,111,8,8,0.6043026304991115,0.0322573561518773
43000,dynamic_parameter_oracle,2326,2,111,16,16,0.6132266966035312,0.03815458933308209
43000,dynamic_parameter_oracle,2345,2,111,1,1,0.4582968827734493,0.08241246602331095
43000,dynamic_parameter_oracle,2345,2,111,4,4,0.48953757238054263,0.049207258871194856
43000,dynamic_parameter_oracle,2345,2,111,8,8,0.6836781605884827,0.054305641111518504
43000,dynamic_parameter_oracle,2345,2,111,16,16,0.8946687168454968,0.07550571066265042
43000,dynamic_parameter_oracle,2378,2,111,1,1,0.8611413683716921,0.1081187190053994
43000,dynamic_parameter_oracle,2378,2,111,4,4,0.5530535595558164,0.24413517888987968
43000,dynamic_parameter_oracle,2378,2,111,8,8,0.9207175518431715,0.14268519522990547
43000,dynamic_parameter_oracle,2378,2,111,16,8,0.9207175518431715,0.14268519522990547
43000,dynamic_parameter_oracle,2387,2,111,1,1,0.3134147145025355,0.0026972365231962884
43000,dynamic_parameter_oracle,2387,2,111,4,4,0.674427195572322,0.005755674325317637
43000,dynamic_parameter_oracle,2387,2,111,8,5,0.605164049288314,0.004996216131115748
43000,dynamic_parameter_oracle,2387,2,111,16,5,0.605164049288314,0.004996216131115748
43000,dynamic_parameter_oracle,2393,2,111,1,1,1.004307642404243,0.28508664858615324
43000,dynamic_parameter_oracle,2393,2,111,4,4,0.7879551166513025,0.1065066792150675
43000,dynamic_parameter_oracle,2393,2,111,8,8,0.7564530685086353,0.08008719428936412
43000,dynamic_parameter_oracle,2393,2,111,16,16,0.42145966083597597,0.04218168633685461
43000,dynamic_parameter_oracle,2417,2,110,1,1,-0.40614528081047163,0.0026461375095133957
43000,dynamic_parameter_oracle,2417,2,110,4,4,-0.2096721939026428,0.006109642799881436
43000,dynamic_parameter_oracle,2417,2,110,8,4,-0.2096721939026428,0.006109642799881436
43000,dynamic_parameter_oracle,2417,2,110,16,4,-0.2096721939026428,0.006109642799881436
43000,dynamic_parameter_oracle,2422,2,110,1,1,-0.3795765547514235,0.009119495700358336
43000,dynamic_parameter_oracle,2422,2,110,4,4,0.13157172982114199,0.0038489586402860104
43000,dynamic_parameter_oracle,2422,2,110,8,8,0.1891175619974131,0.008018820285084776
43000,dynamic_parameter_oracle,2422,2,110,16,15,0.07407297843399299,0.005737858961326764
43000,dynamic_parameter_oracle,2438,2,110,1,1,0.4936366780668736,0.007079736147647311
43000,dynamic_parameter_oracle,2438,2,110,4,3,0.3692766308537588,0.004794125537458228
43000,dynamic_parameter_oracle,2438,2,110,8,3,0.3692766308537588,0.004794125537458228
43000,dynamic_parameter_oracle,2438,2,110,16,3,0.3692766308537588,0.004794125537458228
43000,dynamic_parameter_oracle,2442,2,110,1,1,-0.39066341570543645,0.025943933661516087
43000,dynamic_parameter_oracle,2442,2,110,4,4,-0.41325547669287377,0.013532712116189713
43000,dynamic_parameter_oracle,2442,2,110,8,8,-0.3849864710205273,0.013265363286479547
43000,dynamic_parameter_oracle,2442,2,110,16,10,-0.3890038296267385,0.01375925633558613
43000,dynamic_parameter_oracle,2453,2,110,1,1,2.768004634064331,0.006751232172962117
43000,dynamic_parameter_oracle,2453,2,110,4,4,0.6760229254505832,0.010605289822099306
43000,dynamic_parameter_oracle,2453,2,110,8,8,0.14077305536556406,0.008577292431466158
43000,dynamic_parameter_oracle,2453,2,110,16,16,0.6119076388998955,0.0315158571510267
43000,dynamic_parameter_oracle,2596,2,110,1,1,-0.3663209956430963,0.005705973250951345
43000,dynamic_parameter_oracle,2596,2,110,4,4,-0.2584223775470244,0.004176045636021703
43000,dynamic_parameter_oracle,2596,2,110,8,8,-0.0900735671486049,0.004152038866086767
43000,dynamic_parameter_oracle,2596,2,110,16,16,-0.14324833389852237,0.004239922734881975
43000,dynamic_parameter_oracle,2623,2,110,1,1,0.10253886035595727,0.00010540945925269739
43000,dynamic_parameter_oracle,2623,2,110,4,4,0.2932859228548575,0.0035507695603081875
43000,dynamic_parameter_oracle,2623,2,110,8,8,0.7390041511567553,0.003557951298031861
43000,dynamic_parameter_oracle,2623,2,110,16,16,0.40565743607553373,0.004717293552280883
43000,dynamic_parameter_oracle,2651,2,110,1,1,-0.36948345051583836,1.143763918592858e-05
43000,dynamic_parameter_oracle,2651,2,110,4,4,-0.3350968301570674,0.0061532733012586585
43000,dynamic_parameter_oracle,2651,2,110,8,8,-0.10911002981117776,0.01365369443105172
43000,dynamic_parameter_oracle,2651,2,110,16,16,-0.14014031204592675,0.009746724705711921
43000,dynamic_parameter_oracle,2669,2,110,1,1,0.1539312008853416,0.00038643910991875924
43000,dynamic_parameter_oracle,2669,2,110,4,1,0.1539312008853416,0.00038643910991875924
43000,dynamic_parameter_oracle,2669,2,110,8,1,0.1539312008853416,0.00038643910991875924
43000,dynamic_parameter_oracle,2669,2,110,16,1,0.1539312008853416,0.00038643910991875924
43000,dynamic_parameter_oracle,2671,2,110,1,1,0.38012660005887466,0.000716568039316658
43000,dynamic_parameter_oracle,2671,2,110,4,4,0.25897796112986643,0.007630545710594832
43000,dynamic_parameter_oracle,2671,2,110,8,7,0.30790164944791293,0.00729427235850587
43000,dynamic_parameter_oracle,2671,2,110,16,7,0.30790164944791293,0.00729427235850587
43000,dynamic_parameter_oracle,2679,2,110,1,1,-0.31536293327605924,0.02038178083783545
43000,dynamic_parameter_oracle,2679,2,110,4,4,-0.19805512193827043,0.011552860648483565
43000,dynamic_parameter_oracle,2679,2,110,8,8,-0.10829207394710544,0.008766199513087995
43000,dynamic_parameter_oracle,2679,2,110,16,16,-0.0484552120191751,0.00606322578596271
43000,dynamic_parameter_oracle,2714,2,110,1,1,1.0414411787857827,0.041740118046306014
43000,dynamic_parameter_oracle,2714,2,110,4,4,0.310796454455668,0.01510038593342574
43000,dynamic_parameter_oracle,2714,2,110,8,8,0.26089662476257697,0.011671610069151413
43000,dynamic_parameter_oracle,2714,2,110,16,16,0.4334274406676393,0.010246746648834085
43000,dynamic_parameter_oracle,2741,2,101,1,1,0.434562985051267,0.07051227379123522
43000,dynamic_parameter_oracle,2741,2,101,4,4,0.49795129527389814,0.05291770919735311
43000,dynamic_parameter_oracle,2741,2,101,8,8,0.5356520419090645,0.031073862997133578
43000,dynamic_parameter_oracle,2741,2,101,16,16,0.7093877096308244,0.021086366969109066
43000,dynamic_parameter_oracle,2769,2,101,1,1,0.45537248811555686,0.3000480902392764
43000,dynamic_parameter_oracle,2769,2,101,4,4,0.895955258036341,0.23734216793330346
43000,dynamic_parameter_oracle,2769,2,101,8,8,0.5782050034822048,0.25931982314845314
43000,dynamic_parameter_oracle,2769,2,101,16,8,0.5782050034822048,0.25931982314845314
43000,dynamic_parameter_oracle,2778,2,101,1,1,0.39025496460152465,0.33491515718260184
43000,dynamic_parameter_oracle,2778,2,101,4,4,1.1551806838109009,0.09179071274036021
43000,dynamic_parameter_oracle,2778,2,101,8,8,0.9171205087307418,0.07350558968400342
43000,dynamic_parameter_oracle,2778,2,101,16,8,0.9171205087307418,0.07350558968400342
43000,dynamic_parameter_oracle,2787,2,101,1,1,0.39723475759255317,0.13409142626842252
43000,dynamic_parameter_oracle,2787,2,101,4,4,1.128960966608204,0.06632785233583303
43000,dynamic_parameter_oracle,2787,2,101,8,7,1.0775203078295443,0.042719515111454054
43000,dynamic_parameter_oracle,2787,2,101,16,7,1.0775203078295443,0.042719515111454054
43000,dynamic_parameter_oracle,2795,2,101,1,1,1.7234062193787092,0.30192996177153564
43000,dynamic_parameter_oracle,2795,2,101,4,4,0.7185991029673622,0.2701488644802011
43000,dynamic_parameter_oracle,2795,2,101,8,8,0.7732923348263047,0.16082805740128145
43000,dynamic_parameter_oracle,2795,2,101,16,16,0.7514807239031136,0.0896474285439608
43000,dynamic_parameter_oracle,2831,2,110,1,1,2.6899931168382056,0.006923613991021139
43000,dynamic_parameter_oracle,2831,2,110,4,4,1.129937628533197,0.006281552607875081
43000,dynamic_parameter_oracle,2831,2,110,8,8,0.49759033668009905,0.005912031548612511
43000,dynamic_parameter_oracle,2831,2,110,16,16,0.13740078129405447,0.0057673793669100505
43000,dynamic_parameter_oracle,2852,2,110,1,1,-0.41360706980708,0.005917607823666094
43000,dynamic_parameter_oracle,2852,2,110,4,1,-0.41360706980708,0.005917607823666094
43000,dynamic_parameter_oracle,2852,2,110,8,1,-0.41360706980708,0.005917607823666094
43000,dynamic_parameter_oracle,2852,2,110,16,1,-0.41360706980708,0.005917607823666094
43000,dynamic_parameter_oracle,2854,2,110,1,1,-0.42552814207161704,0.0006672249636639825
43000,dynamic_parameter_oracle,2854,2,110,4,1,-0.42552814207161704,0.0006672249636639825
43000,dynamic_parameter_oracle,2854,2,110,8,1,-0.42552814207161704,0.0006672249636639825
43000,dynamic_parameter_oracle,2854,2,110,16,1,-0.42552814207161704,0.0006672249636639825
43000,dynamic_parameter_oracle,2856,2,110,1,1,-0.24314533169938377,0.0038767137825734717
43000,dynamic_parameter_oracle,2856,2,110,4,4,-0.11038570054444918,0.0066906673671264984
43000,dynamic_parameter_oracle,2856,2,110,8,8,-0.12848587311767057,0.006167990163653292
43000,dynamic_parameter_oracle,2856,2,110,16,14,-0.13164418151070675,0.006134757185359815
43000,dynamic_parameter_oracle,2871,2,110,1,1,-0.43035783983350145,0.005932444360061723
43000,dynamic_parameter_oracle,2871,2,110,4,4,-0.00954607399659091,0.0037040356880763247
43000,dynamic_parameter_oracle,2871,2,110,8,7,-0.05675988808452149,0.00352423012170628
43000,dynamic_parameter_oracle,2871,2,110,16,7,-0.05675988808452149,0.00352423012170628
43000,dynamic_parameter_oracle,2879,2,110,1,1,0.40283550956688147,0.0002237520656053482
43000,dynamic_parameter_oracle,2879,2,110,4,4,-0.08824574973282974,0.00021752479033624122
43000,dynamic_parameter_oracle,2879,2,110,8,8,0.08359457945155796,0.0007853491848698722
43000,dynamic_parameter_oracle,2879,2,110,16,12,0.3895322659838167,0.007433674966054082
43000,dynamic_parameter_oracle,2892,2,110,1,1,-0.36128422943451144,0.051863897379097815
43000,dynamic_parameter_oracle,2892,2,110,4,3,-0.41570065766492714,0.022744213694330596
43000,dynamic_parameter_oracle,2892,2,110,8,3,-0.41570065766492714,0.022744213694330596
43000,dynamic_parameter_oracle,2892,2,110,16,3,-0.41570065766492714,0.022744213694330596
43000,dynamic_parameter_oracle,2896,2,110,1,1,0.2269880096936847,0.00021278478752249195
43000,dynamic_parameter_oracle,2896,2,110,4,4,-0.1330110151279083,0.004132830133997934
43000,dynamic_parameter_oracle,2896,2,110,8,8,-0.17257973195460674,0.006955209490430141
43000,dynamic_parameter_oracle,2896,2,110,16,10,-0.21020162465661207,0.0056611621542116885
43000,dynamic_parameter_oracle,2907,2,110,1,1,-0.34407486055142267,0.027117016838190126
43000,dynamic_parameter_oracle,2907,2,110,4,4,-0.1286528191459919,0.015457421863057838
43000,dynamic_parameter_oracle,2907,2,110,8,8,0.12569806851540505,0.01201242593813095
43000,dynamic_parameter_oracle,2907,2,110,16,13,0.4063846775333244,0.020067564217406447
43000,dynamic_parameter_oracle,2921,2,111,1,1,0.685662951706905,0.0018928732779348906
43000,dynamic_parameter_oracle,2921,2,111,4,4,0.4978584097493959,0.005651269138519714
43000,dynamic_parameter_oracle,2921,2,111,8,4,0.4978584097493959,0.005651269138519714
43000,dynamic_parameter_oracle,2921,2,111,16,4,0.4978584097493959,0.005651269138519714
43000,dynamic_parameter_oracle,2926,2,111,1,1,0.4545160439402357,0.08664153841229547
43000,dynamic_parameter_oracle,2926,2,111,4,4,0.6114208774795208,0.0564162279989176
43000,dynamic_parameter_oracle,2926,2,111,8,8,0.5358033880123797,0.05713507246707718
43000,dynamic_parameter_oracle,2926,2,111,16,15,0.580787991881195,0.05095533402935739
43000,dynamic_parameter_oracle,2942,2,111,1,1,0.4487577560919171,0.0018640982493157118
43000,dynamic_parameter_oracle,2942,2,111,4,4,0.5081808855256441,0.05276363924573817
43000,dynamic_parameter_oracle,2942,2,111,8,8,0.6875304674302964,0.03069949720303325
43000,dynamic_parameter_oracle,2942,2,111,16,16,0.6828789630670251,0.04844847406585646
43000,dynamic_parameter_oracle,3153,2,101,1,1,0.396626036811397,0.0043451989320975725
43000,dynamic_parameter_oracle,3153,2,101,4,4,0.3520687103281257,0.0035988573466856537
43000,dynamic_parameter_oracle,3153,2,101,8,8,0.33178605564418695,0.012233629362519443
43000,dynamic_parameter_oracle,3153,2,101,16,16,0.4353904497516811,0.01617591488612116
43000,dynamic_parameter_oracle,3170,2,101,1,1,0.42687322003979594,0.3389127651693375
43000,dynamic_parameter_oracle,3170,2,101,4,4,0.9548440445769497,0.15541591683206313
43000,dynamic_parameter_oracle,3170,2,101,8,8,1.316822136841552,0.10887093605900362
43000,dynamic_parameter_oracle,3170,2,101,16,16,1.1049953733770321,0.07662951905691257
43000,dynamic_parameter_oracle,3202,2,101,1,1,0.15648883586181142,0.0038099285428478914
43000,dynamic_parameter_oracle,3202,2,101,4,4,0.7553226363456208,0.015099122902223667
43000,dynamic_parameter_oracle,3202,2,101,8,8,0.5647668860000885,0.015597333536860667
43000,dynamic_parameter_oracle,3202,2,101,16,16,0.7232443241026227,0.019399294155981114
43000,dynamic_parameter_oracle,3237,2,101,1,1,3.8108345940977992,0.02402848642155719
43000,dynamic_parameter_oracle,3237,2,101,4,3,1.737525886434682,0.14172559581919442
43000,dynamic_parameter_oracle,3237,2,101,8,3,1.737525886434682,0.14172559581919442
43000,dynamic_parameter_oracle,3237,2,101,16,3,1.737525886434682,0.14172559581919442
43000,dynamic_parameter_oracle,3242,2,101,1,1,0.44654165862158934,0.055712466535134515
43000,dynamic_parameter_oracle,3242,2,101,4,1,0.44654165862158934,0.055712466535134515
43000,dynamic_parameter_oracle,3242,2,101,8,1,0.44654165862158934,0.055712466535134515
43000,dynamic_parameter_oracle,3242,2,101,16,1,0.44654165862158934,0.055712466535134515
43000,dynamic_parameter_oracle,3244,2,101,1,1,0.39670822706282377,0.08938944903384453
43000,dynamic_parameter_oracle,3244,2,101,4,4,0.8723618804916491,0.03453042401944903
43000,dynamic_parameter_oracle,3244,2,101,8,8,1.0362414454161692,0.031755139625292444
43000,dynamic_parameter_oracle,3244,2,101,16,13,0.9846801271605254,0.021636189954811848
43000,dynamic_parameter_oracle,3258,2,101,1,1,5.042730683778371,0.11403469018148567
43000,dynamic_parameter_oracle,3258,2,101,4,4,2.015139610397227,0.05885110732171911
43000,dynamic_parameter_oracle,3258,2,101,8,8,1.5024348570521444,0.03823549641855341
43000,dynamic_parameter_oracle,3258,2,101,16,16,1.032334717996064,0.026397476970599933
43000,dynamic_parameter_oracle,3280,2,111,1,1,0.46403071667587426,0.0002736895178239276
43000,dynamic_parameter_oracle,3280,2,111,4,4,0.8753945555392838,0.06957952000961473
43000,dynamic_parameter_oracle,3280,2,111,8,4,0.8753945555392838,0.06957952000961473
43000,dynamic_parameter_oracle,3280,2,111,16,4,0.8753945555392838,0.06957952000961473
43000,dynamic_parameter_oracle,3285,2,111,1,1,0.49092867559014025,0.014458450841016345
43000,dynamic_parameter_oracle,3285,2,111,4,4,0.659026639223229,0.0689284766658934
43000,dynamic_parameter_oracle,3285,2,111,8,5,0.6570606117432971,0.06561461905408303
43000,dynamic_parameter_oracle,3285,2,111,16,5,0.6570606117432971,0.06561461905408303
43000,dynamic_parameter_oracle,3291,2,111,1,1,0.39851334897374313,0.09932770296130487
43000,dynamic_parameter_oracle,3291,2,111,4,4,1.1034898887541862,0.06788229727996925
43000,dynamic_parameter_oracle,3291,2,111,8,8,0.9910387696093755,0.03579662678720655
43000,dynamic_parameter_oracle,3291,2,111,16,16,0.9108323814481082,0.08962759973060654
43000,dynamic_parameter_oracle,3313,2,111,1,1,0.6486781256223948,0.16372787836138322
43000,dynamic_parameter_oracle,3313,2,111,4,4,0.6142425798988547,0.0797460682124496
43000,dynamic_parameter_oracle,3313,2,111,8,8,1.0100196271496535,0.10226112077808688
43000,dynamic_parameter_oracle,3313,2,111,16,11,0.9132380189948077,0.0899182328362803
43000,dynamic_parameter_oracle,3326,2,111,1,1,1.5936988167131347,0.0009026269695123389
43000,dynamic_parameter_oracle,3326,2,111,4,4,1.4752005837509743,0.015674112436854393
43000,dynamic_parameter_oracle,3326,2,111,8,8,1.3113244756528015,0.03922005536386683
43000,dynamic_parameter_oracle,3326,2,111,16,11,1.060037770529763,0.029334502496129112
43000,dynamic_parameter_oracle,3338,2,111,1,1,0.3929665797890114,0.005230464689711816
43000,dynamic_parameter_oracle,3338,2,111,4,4,0.4755450771185315,0.06185903372572839
43000,dynamic_parameter_oracle,3338,2,111,8,8,0.6329252609194449,0.058050102215902497
43000,dynamic_parameter_oracle,3338,2,111,16,16,0.5490184915590852,0.08656429249944175
43000,dynamic_parameter_oracle,3361,2,111,1,1,0.37289327456615273,0.564461973734369
43000,dynamic_parameter_oracle,3361,2,111,4,4,1.4207225749393437,0.23091306704780057
43000,dynamic_parameter_oracle,3361,2,111,8,8,0.9723206088869826,0.1446440034279254
43000,dynamic_parameter_oracle,3361,2,111,16,16,0.7345029901533394,0.08945070810390346
43000,dynamic_parameter_oracle,3382,2,111,1,1,0.5112046330384136,0.022743502741765287
43000,dynamic_parameter_oracle,3382,2,111,4,4,0.7498550266199867,0.043956983692680286
43000,dynamic_parameter_oracle,3382,2,111,8,8,0.5709778001315178,0.04839690249173456
43000,dynamic_parameter_oracle,3382,2,111,16,16,0.5425349965708928,0.041404962478207255
43000,dynamic_parameter_oracle,3420,2,101,1,1,0.40724140228174854,0.15631544181907722
43000,dynamic_parameter_oracle,3420,2,101,4,3,1.0624827572593565,0.10255070365747869
43000,dynamic_parameter_oracle,3420,2,101,8,3,1.0624827572593565,0.10255070365747869
43000,dynamic_parameter_oracle,3420,2,101,16,3,1.0624827572593565,0.10255070365747869
43000,dynamic_parameter_oracle,3424,2,101,1,1,1.3326271561814775,0.3736174989012645
43000,dynamic_parameter_oracle,3424,2,101,4,3,1.8847497913241062,0.26423615226860153
43000,dynamic_parameter_oracle,3424,2,101,8,3,1.8847497913241062,0.26423615226860153
43000,dynamic_parameter_oracle,3424,2,101,16,3,1.8847497913241062,0.26423615226860153
43000,dynamic_parameter_oracle,3428,2,101,1,1,0.3891560423604732,0.11533042914628103
43000,dynamic_parameter_oracle,3428,2,101,4,1,0.3891560423604732,0.11533042914628103
43000,dynamic_parameter_oracle,3428,2,101,8,1,0.3891560423604732,0.11533042914628103
43000,dynamic_parameter_oracle,3428,2,101,16,1,0.3891560423604732,0.11533042914628103
43000,dynamic_parameter_oracle,3430,2,101,1,1,0.9364114319998667,0.0010945728826256872
43000,dynamic_parameter_oracle,3430,2,101,4,4,0.804965262276112,0.009281084786712777
43000,dynamic_parameter_oracle,3430,2,101,8,8,0.5648478778256287,0.014101891471204282
43000,dynamic_parameter_oracle,3430,2,101,16,16,0.8018269715646282,0.10066940766913673
43000,dynamic_parameter_oracle,3586,3,110,1,1,-0.3910044805466964,0.010094933786524261
43000,dynamic_parameter_oracle,3586,3,110,4,4,-0.3253429310715093,0.0045572539362416795
43000,dynamic_parameter_oracle,3586,3,110,8,8,-0.03306229185381532,0.0029374071066979052
43000,dynamic_parameter_oracle,3586,3,110,16,13,0.01842159019288198,0.003550664541578311
43000,dynamic_parameter_oracle,3600,3,110,1,1,-0.3626001475301406,0.012604694950986267
43000,dynamic_parameter_oracle,3600,3,110,4,3,-0.4130182650314418,0.006942331412661844
43000,dynamic_parameter_oracle,3600,3,110,8,3,-0.4130182650314418,0.006942331412661844
43000,dynamic_parameter_oracle,3600,3,110,16,3,-0.4130182650314418,0.006942331412661844
43000,dynamic_parameter_oracle,3604,3,110,1,1,-0.1645512178904674,0.017703974282168917
43000,dynamic_parameter_oracle,3604,3,110,4,4,-0.28184111512140425,0.006546190058109433
43000,dynamic_parameter_oracle,3604,3,110,8,8,-0.24193417039627824,0.0062742125480820705
43000,dynamic_parameter_oracle,3604,3,110,16,12,-0.18897107453098283,0.004365636033683582
43000,dynamic_parameter_oracle,3617,3,110,1,1,-0.2531524945780709,0.0015430638811741058
43000,dynamic_parameter_oracle,3617,3,110,4,4,0.1150609387001626,0.007884371286686431
43000,dynamic_parameter_oracle,3617,3,110,8,8,0.1090146661975502,0.008615867628641506
43000,dynamic_parameter_oracle,3617,3,110,16,9,0.04914479117766293,0.007992060979097933
43000,dynamic_parameter_oracle,3627,3,110,1,1,0.57524739233712,0.0003596484430665305
43000,dynamic_parameter_oracle,3627,3,110,4,2,0.06425473591891862,0.0036091423975979755
43000,dynamic_parameter_oracle,3627,3,110,8,2,0.06425473591891862,0.0036091423975979755
43000,dynamic_parameter_oracle,3627,3,110,16,2,0.06425473591891862,0.0036091423975979755
43000,dynamic_parameter_oracle,3630,3,110,1,1,0.25739090078989774,0.011732486582628243
43000,dynamic_parameter_oracle,3630,3,110,4,4,0.2174544699564391,0.004456327109873777
43000,dynamic_parameter_oracle,3630,3,110,8,8,-0.09116358178102646,0.005820183006645845
43000,dynamic_parameter_oracle,3630,3,110,16,8,-0.09116358178102646,0.005820183006645845
43000,dynamic_parameter_oracle,3639,3,110,1,1,-0.15645870861641478,0.0005289958786198791
43000,dynamic_parameter_oracle,3639,3,110,4,4,0.13803408475199952,0.0033914875606435345
43000,dynamic_parameter_oracle,3639,3,110,8,8,-0.08646461476589673,0.00868686965081853
43000,dynamic_parameter_oracle,3639,3,110,16,16,-0.16360574194525543,0.00837777486153321
43000,dynamic_parameter_oracle,3672,3,110,1,1,-0.17785842629567722,5.184252498417621e-06
43000,dynamic_parameter_oracle,3672,3,110,4,4,0.32354100148807396,0.004869445524952339
43000,dynamic_parameter_oracle,3672,3,110,8,8,-0.004539728091242229,0.006537688909906603
43000,dynamic_parameter_oracle,3672,3,110,16,16,-0.08497809443147335,0.0058728463291526575
43000,dynamic_parameter_oracle,3695,3,110,1,1,0.426815485502541,0.012492229564705028
43000,dynamic_parameter_oracle,3695,3,110,4,2,-0.007055611208986123,0.043167010719508674
43000,dynamic_parameter_oracle,3695,3,110,8,2,-0.007055611208986123,0.043167010719508674
43000,dynamic_parameter_oracle,3695,3,110,16,2,-0.007055611208986123,0.043167010719508674
43000,dynamic_parameter_oracle,3698,3,110,1,1,-0.2437743227824437,0.004123465565586609
43000,dynamic_parameter_oracle,3698,3,110,4,4,-0.16804158552859358,0.004553926735924458
43000,dynamic_parameter_oracle,3698,3,110,8,8,-0.014939339422241779,0.009354204104468184
43000,dynamic_parameter_oracle,3698,3,110,16,16,0.15106017078210243,0.012342585276737806
43000,dynamic_parameter_oracle,3719,3,111,1,1,0.6329024185491647,0.005508152302894977
43000,dynamic_parameter_oracle,3719,3,111,4,4,0.6805572483590812,0.08133766703981933
43000,dynamic_parameter_oracle,3719,3,111,8,8,0.9193767861905955,0.11192607523023393
43000,dynamic_parameter_oracle,3719,3,111,16,13,0.7746819322068375,0.07826579977951507
43000,dynamic_parameter_oracle,3733,3,111,1,1,0.9000806937347021,0.1886266312609428
43000,dynamic_parameter_oracle,3733,3,111,4,4,1.0006568661500808,0.14695750359437104
43000,dynamic_parameter_oracle,3733,3,111,8,8,1.0441049305097532,0.1402916811711223
43000,dynamic_parameter_oracle,3733,3,111,16,16,1.0101321862624688,0.09497837501949394
43000,dynamic_parameter_oracle,3778,3,111,1,1,0.34177631576655704,0.8000362176514126
43000,dynamic_parameter_oracle,3778,3,111,4,4,0.578140672018544,0.3453751204459835
43000,dynamic_parameter_oracle,3778,3,111,8,5,0.9014150975513076,0.294586552825184
43000,dynamic_parameter_oracle,3778,3,111,16,5,0.9014150975513076,0.294586552825184
43000,dynamic_parameter_oracle,3784,3,111,1,1,3.548828066193689,0.6951842343277541
43000,dynamic_parameter_oracle,3784,3,111,4,2,3.0947732622355346,0.3488112984321547
43000,dynamic_parameter_oracle,3784,3,111,8,2,3.0947732622355346,0.3488112984321547
43000,dynamic_parameter_oracle,3784,3,111,16,2,3.0947732622355346,0.3488112984321547
43000,dynamic_parameter_oracle,3787,3,111,1,1,4.407346697027901,0.2494852884770855
43000,dynamic_parameter_oracle,3787,3,111,4,4,1.9105122003845967,0.09495431283484929
43000,dynamic_parameter_oracle,3787,3,111,8,8,1.2419063041492255,0.06331147345910325
43000,dynamic_parameter_oracle,3787,3,111,16,16,0.9047548806698208,0.043572395444563844
43000,dynamic_parameter_oracle,3816,3,111,1,1,0.8149762637868229,0.08798518734810964
43000,dynamic_parameter_oracle,3816,3,111,4,4,0.6580876974198898,0.07146514345613068
43000,dynamic_parameter_oracle,3816,3,111,8,8,0.5220725794514895,0.046439430439312396
43000,dynamic_parameter_oracle,3816,3,111,16,8,0.5220725794514895,0.046439430439312396
43000,dynamic_parameter_oracle,3825,3,111,1,1,0.6732134191696395,0.019640016027966743
43000,dynamic_parameter_oracle,3825,3,111,4,4,0.45194578854755935,0.010904991627162519
43000,dynamic_parameter_oracle,3825,3,111,8,8,1.1832016087232609,0.13605247751411279
43000,dynamic_parameter_oracle,3825,3,111,16,10,1.0679876334552603,0.1112702725445199
43000,dynamic_parameter_oracle,3836,3,111,1,1,0.5297815884630263,0.03880518666076553
43000,dynamic_parameter_oracle,3836,3,111,4,4,0.7083668931833584,0.09010794511740056
43000,dynamic_parameter_oracle,3836,3,111,8,8,0.4905882048043573,0.07535352405393837
43000,dynamic_parameter_oracle,3836,3,111,16,16,0.7094176624050048,0.08476327479023832
43000,dynamic_parameter_oracle,3898,3,011,1,1,0.9387922876732402,0.17788274724902964
43000,dynamic_parameter_oracle,3898,3,011,4,4,0.6753062951321792,0.0859757349639996
43000,dynamic_parameter_oracle,3898,3,011,8,8,0.7450829364961944,0.06138888094819893
43000,dynamic_parameter_oracle,3898,3,011,16,16,0.6668996167671174,0.05175047824733505
43000,dynamic_parameter_oracle,4009,3,111,1,1,0.4625918582703788,0.012378219354907165
43000,dynamic_parameter_oracle,4009,3,111,4,4,0.5882027757038718,0.04514173527282407
43000,dynamic_parameter_oracle,4009,3,111,8,8,0.705722024175303,0.04542700961328448
43000,dynamic_parameter_oracle,4009,3,111,16,16,0.6728990495418623,0.06027234427729324
43000,dynamic_parameter_oracle,4029,3,111,1,1,0.4739805695018428,0.0088778308839146
43000,dynamic_parameter_oracle,4029,3,111,4,4,0.8107844696641613,0.018405466169436786
43000,dynamic_parameter_oracle,4029,3,111,8,8,0.8808255003172789,0.021183096265353325
43000,dynamic_parameter_oracle,4029,3,111,16,15,0.9387292625207395,0.018852317369529036
43000,dynamic_parameter_oracle,4045,3,111,1,1,0.3170386758351781,0.0010584727473763472
43000,dynamic_parameter_oracle,4045,3,111,4,4,0.7896237806126095,0.04540856495486221
43000,dynamic_parameter_oracle,4045,3,111,8,4,0.7896237806126095,0.04540856495486221
43000,dynamic_parameter_oracle,4045,3,111,16,4,0.7896237806126095,0.04540856495486221
43000,dynamic_parameter_oracle,4050,3,111,1,1,1.2961980081964946,0.043145100893635546
43000,dynamic_parameter_oracle,4050,3,111,4,4,1.153290283904008,0.05065361275540477
43000,dynamic_parameter_oracle,4050,3,111,8,7,1.1795922555944476,0.0954379370102135
43000,dynamic_parameter_oracle,4050,3,111,16,7,1.1795922555944476,0.0954379370102135
43000,dynamic_parameter_oracle,4058,3,111,1,1,0.6555474915470337,0.006775801375744739
43000,dynamic_parameter_oracle,4058,3,111,4,4,0.5500070688411097,0.03091470189327008
43000,dynamic_parameter_oracle,4058,3,111,8,8,1.8527785768735054,0.4622025657156421
43000,dynamic_parameter_oracle,4058,3,111,16,16,1.2197237318690337,0.23670019365485262
43000,dynamic_parameter_oracle,4086,3,111,1,1,1.3970182629567955,0.0263557330857921
43000,dynamic_parameter_oracle,4086,3,111,4,1,1.3970182629567955,0.0263557330857921
43000,dynamic_parameter_oracle,4086,3,111,8,1,1.3970182629567955,0.0263557330857921
43000,dynamic_parameter_oracle,4086,3,111,16,1,1.3970182629567955,0.0263557330857921
43000,dynamic_parameter_oracle,4088,3,111,1,1,0.8699720206840169,0.05851173523085777
43000,dynamic_parameter_oracle,4088,3,111,4,3,1.1355000531643737,0.06059531051946484
43000,dynamic_parameter_oracle,4088,3,111,8,3,1.1355000531643737,0.06059531051946484
43000,dynamic_parameter_oracle,4088,3,111,16,3,1.1355000531643737,0.06059531051946484
43000,dynamic_parameter_oracle,4092,3,111,1,1,1.596690798097709,0.0015455699961447968
43000,dynamic_parameter_oracle,4092,3,111,4,4,1.6025721937328608,0.10882915543271678
43000,dynamic_parameter_oracle,4092,3,111,8,4,1.6025721937328608,0.10882915543271678
43000,dynamic_parameter_oracle,4092,3,111,16,4,1.6025721937328608,0.10882915543271678
43000,dynamic_parameter_oracle,4097,3,111,1,1,1.080168864825908,0.24890890743501287
43000,dynamic_parameter_oracle,4097,3,111,4,4,1.1365191199775677,0.1317559772648143
43000,dynamic_parameter_oracle,4097,3,111,8,8,0.8722965003528002,0.09888311632308736
43000,dynamic_parameter_oracle,4097,3,111,16,16,0.767865596090307,0.08646348469937601
43000,dynamic_parameter_oracle,4116,3,111,1,1,0.8133508185776367,0.01855848620276723
43000,dynamic_parameter_oracle,4116,3,111,4,3,0.49674506562023396,0.006584031695419518
43000,dynamic_parameter_oracle,4116,3,111,8,3,0.49674506562023396,0.006584031695419518
43000,dynamic_parameter_oracle,4116,3,111,16,3,0.49674506562023396,0.006584031695419518
43000,dynamic_parameter_oracle,4120,3,111,1,1,1.432052338312933,0.006829708426778417
43000,dynamic_parameter_oracle,4120,3,111,4,3,0.781083088178668,0.005873229486682053
43000,dynamic_parameter_oracle,4120,3,111,8,3,0.781083088178668,0.005873229486682053
43000,dynamic_parameter_oracle,4120,3,111,16,3,0.781083088178668,0.005873229486682053
43000,dynamic_parameter_oracle,4124,3,111,1,1,1.6200675498450212,0.008544175504224193
43000,dynamic_parameter_oracle,4124,3,111,4,4,1.2108020910833912,0.01575558297549038
43000,dynamic_parameter_oracle,4124,3,111,8,8,0.8428038939550003,0.08814438490300978
43000,dynamic_parameter_oracle,4124,3,111,16,16,0.7571648152292755,0.05283869319244573
43000,dynamic_parameter_oracle,4148,3,111,1,1,0.7540233316204502,0.5323692155536215
43000,dynamic_parameter_oracle,4148,3,111,4,4,0.7461509343560582,0.22526809711524537
43000,dynamic_parameter_oracle,4148,3,111,8,8,0.7571127168491794,0.12702653811576745
43000,dynamic_parameter_oracle,4148,3,111,16,15,0.6646814703943893,0.08244091046370218
43000,dynamic_parameter_oracle,4166,3,101,1,1,0.890904074695429,0.23038867614072894
43000,dynamic_parameter_oracle,4166,3,101,4,4,0.7447624015185705,0.1357918724457538
43000,dynamic_parameter_oracle,4166,3,101,8,8,0.7164147171844949,0.06952011134596207
43000,dynamic_parameter_oracle,4166,3,101,16,16,0.8353416120114634,0.04470953311783247
43000,dynamic_parameter_oracle,4216,3,101,1,1,0.40016814097118664,0.10907160852103147
43000,dynamic_parameter_oracle,4216,3,101,4,4,0.6449056562743309,0.0600110584174121
43000,dynamic_parameter_oracle,4216,3,101,8,8,0.6115778842922255,0.03518016520419241
43000,dynamic_parameter_oracle,4216,3,101,16,10,0.43777252419316104,0.028705140183936034
43000,dynamic_parameter_oracle,4227,3,110,1,1,-0.4220436712441151,0.01249239319972088
43000,dynamic_parameter_oracle,4227,3,110,4,4,0.016430072187526734,0.009374711091098475
43000,dynamic_parameter_oracle,4227,3,110,8,8,0.11687479189007469,0.00919764477607704
43000,dynamic_parameter_oracle,4227,3,110,16,13,0.25257681217593364,0.007375863152950459
43000,dynamic_parameter_oracle,4241,3,110,1,1,-0.1537686425385359,0.005194614651821731
43000,dynamic_parameter_oracle,4241,3,110,4,4,-0.1576481644894108,0.0021517179535259687
43000,dynamic_parameter_oracle,4241,3,110,8,8,0.355684098457778,0.008042390006798848
43000,dynamic_parameter_oracle,4241,3,110,16,15,0.1688097851309907,0.007112139077995229
43000,dynamic_parameter_oracle,4257,3,110,1,1,-0.01044265246920333,0.025023258496864636
43000,dynamic_parameter_oracle,4257,3,110,4,4,-0.20252605419829364,0.00804527630979011
43000,dynamic_parameter_oracle,4257,3,110,8,5,-0.24168197966794586,0.007091867613229369
43000,dynamic_parameter_oracle,4257,3,110,16,5,-0.24168197966794586,0.007091867613229369
43000,dynamic_parameter_oracle,4263,3,110,1,1,-0.047091511704284154,0.000458641699893676
43000,dynamic_parameter_oracle,4263,3,110,4,2,-0.22677776999050883,0.00023371714533873024
43000,dynamic_parameter_oracle,4263,3,110,8,2,-0.22677776999050883,0.00023371714533873024
43000,dynamic_parameter_oracle,4263,3,110,16,2,-0.22677776999050883,0.00023371714533873024
43000,dynamic_parameter_oracle,4266,3,110,1,1,-0.3148043809337518,0.009277272093324266
43000,dynamic_parameter_oracle,4266,3,110,4,2,-0.27114163149964254,0.008630108004348058
43000,dynamic_parameter_oracle,4266,3,110,8,2,-0.27114163149964254,0.008630108004348058
43000,dynamic_parameter_oracle,4266,3,110,16,2,-0.27114163149964254,0.008630108004348058
43000,dynamic_parameter_oracle,4269,3,110,1,1,0.028600939200068662,0.006545819371960245
43000,dynamic_parameter_oracle,4269,3,110,4,4,0.2120315759960487,0.005871408571925869
43000,dynamic_parameter_oracle,4269,3,110,8,8,0.38029519938470535,0.006357644888086812
43000,dynamic_parameter_oracle,4269,3,110,16,9,0.3237174743571186,0.005662453562107377
43000,dynamic_parameter_oracle,4281,3,110,1,1,-0.3716762667331829,0.00014778005207033418
43000,dynamic_parameter_oracle,4281,3,110,4,2,-0.34431934375427936,0.00033803583756932004
43000,dynamic_parameter_oracle,4281,3,110,8,2,-0.34431934375427936,0.00033803583756932004
43000,dynamic_parameter_oracle,4281,3,110,16,2,-0.34431934375427936,0.00033803583756932004
43000,dynamic_parameter_oracle,4284,3,110,1,1,-0.19124108415188204,6.913547181411064e-05
43000,dynamic_parameter_oracle,4284,3,110,4,4,-0.08534363681935173,0.012119540472634537
43000,dynamic_parameter_oracle,4284,3,110,8,8,0.2815970405201954,0.01093077201723167
43000,dynamic_parameter_oracle,4284,3,110,16,16,0.01421201481971035,0.006288481517291158
43000,dynamic_parameter_oracle,4352,3,101,1,1,0.7756201077294537,0.006128031671804927
43000,dynamic_parameter_oracle,4352,3,101,4,4,0.37666948169768527,0.004731817410615295
43000,dynamic_parameter_oracle,4352,3,101,8,8,0.32829361048331496,0.01992126076158527
43000,dynamic_parameter_oracle,4352,3,101,16,16,0.43046200495816445,0.029335900159483848
43000,dynamic_parameter_oracle,4400,3,101,1,1,0.4377403777958051,0.024756207051682903
43000,dynamic_parameter_oracle,4400,3,101,4,4,0.5390717306450891,0.018877338406909486
43000,dynamic_parameter_oracle,4400,3,101,8,8,0.6609127563707343,0.05982177815441364
43000,dynamic_parameter_oracle,4400,3,101,16,16,0.5292771340475296,0.0682145842106854
43000,dynamic_parameter_oracle,4419,3,101,1,1,0.4227060961040492,0.0062936486031622
43000,dynamic_parameter_oracle,4419,3,101,4,4,0.3280974388091278,0.015978621244374474
43000,dynamic_parameter_oracle,4419,3,101,8,8,0.5179593753318223,0.01328457077702697
43000,dynamic_parameter_oracle,4419,3,101,16,16,0.47932331321155863,0.018941310009698634
43000,dynamic_parameter_oracle,4443,3,101,1,1,2.01069007520831,0.008917822058888589
43000,dynamic_parameter_oracle,4443,3,101,4,4,1.320296503436837,0.01782504023566605
43000,dynamic_parameter_oracle,4443,3,101,8,8,1.3513292400671033,0.05663713640751636
43000,dynamic_parameter_oracle,4443,3,101,16,11,1.1929861475126413,0.0447187132881817
43000,dynamic_parameter_oracle,4455,3,101,1,1,2.288438885040272,0.10000623481203287
43000,dynamic_parameter_oracle,4455,3,101,4,3,1.3755299375423062,0.0579353565768592
43000,dynamic_parameter_oracle,4455,3,101,8,3,1.3755299375423062,0.0579353565768592
43000,dynamic_parameter_oracle,4455,3,101,16,3,1.3755299375423062,0.0579353565768592
43000,dynamic_parameter_oracle,4459,3,101,1,1,0.5161141358138945,0.008062185251453415
43000,dynamic_parameter_oracle,4459,3,101,4,4,0.46274103011364637,0.029257846246964793
43000,dynamic_parameter_oracle,4459,3,101,8,8,0.554702435755163,0.014948651782174466
43000,dynamic_parameter_oracle,4459,3,101,16,10,0.5269551648474804,0.012628543090641075
43000,dynamic_parameter_oracle,4470,3,101,1,1,1.2182020946946017,0.5375956367720452
43000,dynamic_parameter_oracle,4470,3,101,4,4,1.1345155894421965,0.1909236688526379
43000,dynamic_parameter_oracle,4470,3,101,8,8,0.7878882594935993,0.09603448239884738
43000,dynamic_parameter_oracle,4470,3,101,16,10,0.6831607516910783,0.07707307035497934
43000,dynamic_parameter_oracle,4481,3,101,1,1,1.2851231870609185,0.15061511131940203
43000,dynamic_parameter_oracle,4481,3,101,4,4,1.17296674431007,0.069918027931858
43000,dynamic_parameter_oracle,4481,3,101,8,8,1.092284441728736,0.05488157948170133
43000,dynamic_parameter_oracle,4481,3,101,16,14,0.8763360085576571,0.03857608535738077
43000,dynamic_parameter_oracle,4496,3,101,1,1,0.748516008933768,0.08948472789932799
43000,dynamic_parameter_oracle,4496,3,101,4,4,0.5963637359289112,0.05019193561345199
43000,dynamic_parameter_oracle,4496,3,101,8,8,0.6553993395677075,0.04674126434231009
43000,dynamic_parameter_oracle,4496,3,101,16,13,0.49269094812503617,0.04289499410311559
43000,dynamic_parameter_oracle,4511,3,101,1,1,4.515165975519105,0.06341233982694672
43000,dynamic_parameter_oracle,4511,3,101,4,4,2.009951487593384,0.12486145174081076
43000,dynamic_parameter_oracle,4511,3,101,8,8,1.5519859177735031,0.07926989263256827
43000,dynamic_parameter_oracle,4511,3,101,16,16,1.1809138257999043,0.06692417945673645
43000,dynamic_parameter_oracle,4535,3,101,1,1,0.6392515747279661,0.12055683147318165
43000,dynamic_parameter_oracle,4535,3,101,4,4,0.6743706164365054,0.0558305705608713
43000,dynamic_parameter_oracle,4535,3,101,8,8,0.7290917513463758,0.03741742974660861
43000,dynamic_parameter_oracle,4535,3,101,16,9,0.6420380993290107,0.03348809627959643
43000,dynamic_parameter_oracle,4545,3,110,1,1,-0.22419518126177188,1.436990380613281e-07
43000,dynamic_parameter_oracle,4545,3,110,4,4,0.28250700000979223,0.012470222290547298
43000,dynamic_parameter_oracle,4545,3,110,8,8,0.20378939670958643,0.016636396781644136
43000,dynamic_parameter_oracle,4545,3,110,16,16,-0.05692945366966694,0.012471275167665552
43000,dynamic_parameter_oracle,4588,3,110,1,1,0.4925203365436533,0.0002821997555950118
43000,dynamic_parameter_oracle,4588,3,110,4,3,0.5457463616918958,0.010474800080659964
43000,dynamic_parameter_oracle,4588,3,110,8,3,0.5457463616918958,0.010474800080659964
43000,dynamic_parameter_oracle,4588,3,110,16,3,0.5457463616918958,0.010474800080659964
43000,dynamic_parameter_oracle,4592,3,110,1,1,-0.4318585614910302,0.0749121939904927
43000,dynamic_parameter_oracle,4592,3,110,4,2,0.8807456714101853,0.04539074431740024
43000,dynamic_parameter_oracle,4592,3,110,8,2,0.8807456714101853,0.04539074431740024
43000,dynamic_parameter_oracle,4592,3,110,16,2,0.8807456714101853,0.04539074431740024
43000,dynamic_parameter_oracle,4595,3,110,1,1,0.08911953395399795,0.0021742759958956206
43000,dynamic_parameter_oracle,4595,3,110,4,4,-0.29046394226177175,0.0045726211557355085
43000,dynamic_parameter_oracle,4595,3,110,8,5,-0.023696754463480074,0.006026273430428094
43000,dynamic_parameter_oracle,4595,3,110,16,5,-0.023696754463480074,0.006026273430428094
43000,dynamic_parameter_oracle,4601,3,110,1,1,-0.19266245433529267,0.010117638689354658
43000,dynamic_parameter_oracle,4601,3,110,4,2,-0.2749284608320753,0.012154232695489861
43000,dynamic_parameter_oracle,4601,3,110,8,2,-0.2749284608320753,0.012154232695489861
43000,dynamic_parameter_oracle,4601,3,110,16,2,-0.2749284608320753,0.012154232695489861
43000,dynamic_parameter_oracle,4604,3,110,1,1,0.08170199522392417,0.009624340154753951
43000,dynamic_parameter_oracle,4604,3,110,4,3,0.4762318453437044,0.008157126482262534
43000,dynamic_parameter_oracle,4604,3,110,8,3,0.4762318453437044,0.008157126482262534
43000,dynamic_parameter_oracle,4604,3,110,16,3,0.4762318453437044,0.008157126482262534
