seed,method,block_id,sequence_id,previous_cell,cell,window,n_samples,nll,latent_mse
43000,learned_event_learned_qr,1,0,011,101,1,1,0.4064438805681038,0.20862379669765227
43000,learned_event_learned_qr,1,0,011,101,4,4,0.8342414615368337,0.1275928515221963
43000,learned_event_learned_qr,1,0,011,101,8,8,0.6366228292311069,0.08802184133634348
43000,learned_event_learned_qr,1,0,011,101,16,16,0.5928207907141092,0.08619726595009075
43000,learned_event_learned_qr,2,0,101,110,1,1,0.11840486119178674,0.030243640937534826
43000,learned_event_learned_qr,2,0,101,110,4,4,-0.12189843291979172,0.010249103164191418
43000,learned_event_learned_qr,2,0,101,110,8,8,-0.07277873140219572,0.017759704432575362
43000,learned_event_learned_qr,2,0,101,110,16,16,0.1972729798008081,0.013486971007995334
43000,learned_event_learned_qr,3,0,110,101,1,1,1.6933712639890437,0.12257040894669192
43000,learned_event_learned_qr,3,0,110,101,4,4,1.3191466089169548,0.11530753802200144
43000,learned_event_learned_qr,3,0,110,101,8,8,1.0137422524482673,0.1030073479508656
43000,learned_event_learned_qr,3,0,110,101,16,16,0.688235902114253,0.06336919680981005
43000,learned_event_learned_qr,4,0,101,101,1,1,0.29763678400578314,0.027668615532293345
43000,learned_event_learned_qr,4,0,101,101,4,4,0.6552864311669125,0.10506466603429021
43000,learned_event_learned_qr,4,0,101,101,8,8,0.7488803326608876,0.07659084280313312
43000,learned_event_learned_qr,4,0,101,101,16,16,0.7027774555683852,0.06774483000842485
43000,learned_event_learned_qr,5,0,101,111,1,1,0.5328835677962199,0.018721672083618295
43000,learned_event_learned_qr,5,0,101,111,4,4,0.5877138425293852,0.023364014126258777
43000,learned_event_learned_qr,5,0,101,111,8,8,0.7282234127626168,0.03516880997570417
43000,learned_event_learned_qr,5,0,101,111,16,16,0.8973134803023177,0.059816444967675825
43000,learned_event_learned_qr,6,0,111,111,1,1,0.40569891245339357,0.00484530594905522
43000,learned_event_learned_qr,6,0,111,111,4,4,0.6551949630429789,0.07801796969101553
43000,learned_event_learned_qr,6,0,111,111,8,8,1.2064520952162603,0.09586953983412236
43000,learned_event_learned_qr,6,0,111,111,16,16,1.160220990895663,0.09737759437346752
43000,learned_event_learned_qr,7,0,111,110,1,1,1.0049288142573383,0.002348526055459369
43000,learned_event_learned_qr,7,0,111,110,4,4,0.568280858303806,0.007964268664552363
43000,learned_event_learned_qr,7,0,111,110,8,8,1.2653417904017483,0.00510772861744758
43000,learned_event_learned_qr,7,0,111,110,16,16,0.64890323330499,0.005418534816583763
43000,learned_event_learned_qr,8,0,110,011,1,1,-0.5970368349543276,0.03228290160734512
43000,learned_event_learned_qr,8,0,110,011,4,4,2.0459556707216278,0.3038597017247847
43000,learned_event_learned_qr,8,0,110,011,8,8,1.6633504973844888,0.1587188232504491
43000,learned_event_learned_qr,8,0,110,011,16,16,1.6057813948400015,0.11952975971154578
43000,learned_event_learned_qr,9,0,011,110,1,1,0.3102648161595141,0.030308718453344007
43000,learned_event_learned_qr,9,0,011,110,4,4,0.21500741623471617,0.016233115678838013
43000,learned_event_learned_qr,9,0,011,110,8,8,0.06263544212190042,0.0284289713351825
43000,learned_event_learned_qr,9,0,011,110,16,16,0.21991093171351866,0.02228625358684113
43000,learned_event_learned_qr,10,0,110,011,1,1,1.3279850652607057,0.24172877271193163
43000,learned_event_learned_qr,10,0,110,011,4,4,1.977291992488583,0.280416516900295
43000,learned_event_learned_qr,10,0,110,011,8,8,1.4808919687040605,0.16811644467210785
43000,learned_event_learned_qr,10,0,110,011,16,16,1.1495715883942283,0.1255901843601645
43000,learned_event_learned_qr,11,0,011,111,1,1,1.3084208883434287,0.022421429756367774
43000,learned_event_learned_qr,11,0,011,111,4,4,0.8103477748028163,0.010014469825381617
43000,learned_event_learned_qr,11,0,011,111,8,8,0.6514215731015741,0.017115999222083532
43000,learned_event_learned_qr,11,0,011,111,16,16,0.4914204573175156,0.03309716635659378
43000,learned_event_learned_qr,13,1,011,011,1,1,0.3323421375929622,0.028850192816140995
43000,learned_event_learned_qr,13,1,011,011,4,4,0.562544871718852,0.08811041452269874
43000,learned_event_learned_qr,13,1,011,011,8,8,1.0479284301651322,0.11304680350993243
43000,learned_event_learned_qr,13,1,011,011,16,16,0.8556323956849128,0.10468582204980004
43000,learned_event_learned_qr,14,1,011,110,1,1,7.377158844759746,0.0005563540421829131
43000,learned_event_learned_qr,14,1,011,110,4,4,2.050435450508202,0.004075519533532328
43000,learned_event_learned_qr,14,1,011,110,8,8,0.947901231815956,0.0069869872475434094
43000,learned_event_learned_qr,14,1,011,110,16,16,1.1502601253275655,0.009441533739526779
43000,learned_event_learned_qr,15,1,110,111,1,1,-0.12984266390262217,0.20074586969170424
43000,learned_event_learned_qr,15,1,110,111,4,4,1.2789824090158337,0.09125240631703314
43000,learned_event_learned_qr,15,1,110,111,8,8,1.6040790554986262,0.11344214378300288
43000,learned_event_learned_qr,15,1,110,111,16,16,2.1437092061374754,0.11165567695288442
43000,learned_event_learned_qr,16,1,111,101,1,1,0.764669803705276,0.004582709183708118
43000,learned_event_learned_qr,16,1,111,101,4,4,2.330141759530675,0.172258475901221
43000,learned_event_learned_qr,16,1,111,101,8,8,1.5473231438694803,0.10167599680342401
43000,learned_event_learned_qr,16,1,111,101,16,16,1.131797573536574,0.06436435375027963
43000,learned_event_learned_qr,17,1,101,111,1,1,0.6909888504873721,0.009527990095130027
43000,learned_event_learned_qr,17,1,101,111,4,4,0.6618237781062374,0.010377897140882029
43000,learned_event_learned_qr,17,1,101,111,8,8,0.7238834377740293,0.08009392528123878
43000,learned_event_learned_qr,17,1,101,111,16,16,0.9444194662550359,0.10470038544600158
43000,learned_event_learned_qr,18,1,111,110,1,1,1.0360734982972244,0.05717682845463594
43000,learned_event_learned_qr,18,1,111,110,4,4,0.16821105123361335,0.019531125291867974
43000,learned_event_learned_qr,18,1,111,110,8,8,-0.02824915568627101,0.01846090911753627
43000,learned_event_learned_qr,18,1,111,110,16,16,0.18987857440515798,0.012241778734732481
43000,learned_event_learned_qr,19,1,110,101,1,1,0.3654834034033781,0.006817712207045866
43000,learned_event_learned_qr,19,1,110,101,4,4,0.2486710123567424,0.017494051699401714
43000,learned_event_learned_qr,19,1,110,101,8,8,1.1114545108267313,0.08802236320791901
43000,learned_event_learned_qr,19,1,110,101,16,16,0.8753568642556243,0.07225639526892941
43000,learned_event_learned_qr,20,1,101,101,1,1,0.25828650457657015,0.02540231411130009
43000,learned_event_learned_qr,20,1,101,101,4,4,0.9193977135293709,0.09618322702418697
43000,learned_event_learned_qr,20,1,101,101,8,8,1.4040798135371753,0.06569050507521058
43000,learned_event_learned_qr,20,1,101,101,16,16,1.1144495639992913,0.04993735621803063
43000,learned_event_learned_qr,21,1,101,011,1,1,0.8030959335251685,0.09250416795185433
43000,learned_event_learned_qr,21,1,101,011,4,4,1.155343230214885,0.09577710780205012
43000,learned_event_learned_qr,21,1,101,011,8,8,0.8187076791448097,0.08479221718577831
43000,learned_event_learned_qr,21,1,101,011,16,16,0.64086761284014,0.06455202432935069
43000,learned_event_learned_qr,22,1,011,111,1,1,3.6960892773667333,0.20089830102287864
43000,learned_event_learned_qr,22,1,011,111,4,4,1.5264640259967837,0.07488310093850975
43000,learned_event_learned_qr,22,1,011,111,8,8,1.58547138297109,0.042673199283919515
43000,learned_event_learned_qr,22,1,011,111,16,16,1.1662473880876787,0.04312297660479582
43000,learned_event_learned_qr,23,1,111,110,1,1,0.3922937890426479,2.3106420669546698e-05
43000,learned_event_learned_qr,23,1,111,110,4,4,0.2669611124731865,0.004474569500515418
43000,learned_event_learned_qr,23,1,111,110,8,8,0.13325724017175208,0.006284116408994232
43000,learned_event_learned_qr,23,1,111,110,16,16,0.005563666075102128,0.007786670079345411
43000,learned_event_learned_qr,25,2,111,110,1,1,0.48304606352447826,0.0028029150220586843
43000,learned_event_learned_qr,25,2,111,110,4,4,0.33747403609443055,0.005662482830113262
43000,learned_event_learned_qr,25,2,111,110,8,8,0.3744053441269362,0.008109374967612791
43000,learned_event_learned_qr,25,2,111,110,16,16,0.22356161961897297,0.009211793588931637
43000,learned_event_learned_qr,26,2,110,011,1,1,-0.01055316589160899,0.07262794015600806
43000,learned_event_learned_qr,26,2,110,011,4,4,2.7358266897645054,0.26314763738316826
43000,learned_event_learned_qr,26,2,110,011,8,8,1.9973613431440826,0.18148742944100538
43000,learned_event_learned_qr,26,2,110,011,16,16,1.3474054820985721,0.11744112992989669
43000,learned_event_learned_qr,27,2,011,110,1,1,0.4597741629118952,0.022712371012589706
43000,learned_event_learned_qr,27,2,011,110,4,4,0.08965401973590277,0.024038941533842197
43000,learned_event_learned_qr,27,2,011,110,8,8,0.8558907276604772,0.014276086471237048
43000,learned_event_learned_qr,27,2,011,110,16,16,0.3534893486922667,0.010441887047415586
43000,learned_event_learned_qr,28,2,110,101,1,1,0.634674890738636,0.02555926922604935
43000,learned_event_learned_qr,28,2,110,101,4,4,0.13873287592466327,0.014174258084695163
43000,learned_event_learned_qr,28,2,110,101,8,8,0.4040124407560083,0.02393503402304515
43000,learned_event_learned_qr,28,2,110,101,16,16,0.6912931552524957,0.05530627672336816
43000,learned_event_learned_qr,29,2,101,110,1,1,0.30102437648827796,0.0005455881263218436
43000,learned_event_learned_qr,29,2,101,110,4,4,0.4076420191861897,0.02504849458362127
43000,learned_event_learned_qr,29,2,101,110,8,8,0.26480391949882515,0.013393118936891277
43000,learned_event_learned_qr,29,2,101,110,16,16,0.32901377457329006,0.014597600438045852
43000,learned_event_learned_qr,30,2,110,111,1,1,0.19976486834614277,0.005833184054661832
43000,learned_event_learned_qr,30,2,110,111,4,4,0.3282450924630401,0.008501504650070532
43000,learned_event_learned_qr,30,2,110,111,8,8,0.9895988668522794,0.024249479053176877
43000,learned_event_learned_qr,30,2,110,111,16,16,1.2892368143695094,0.02723879227394975
43000,learned_event_learned_qr,31,2,111,011,1,1,1.9838849712866566,5.4150536012674074e-05
43000,learned_event_learned_qr,31,2,111,011,4,4,1.5420071780368434,0.0798340375642073
43000,learned_event_learned_qr,31,2,111,011,8,8,1.3433658624576668,0.12539630724599704
43000,learned_event_learned_qr,31,2,111,011,16,16,0.9605309625606413,0.08160386281537152
43000,learned_event_learned_qr,32,2,011,011,1,1,0.2386807534349257,0.0021029429730520747
43000,learned_event_learned_qr,32,2,011,011,4,4,0.903292478923304,0.07312033641794889
43000,learned_event_learned_qr,32,2,011,011,8,8,1.1681518364218937,0.10490101722389464
43000,learned_event_learned_qr,32,2,011,011,16,16,0.8666185393960728,0.10589275013197894
43000,learned_event_learned_qr,33,2,011,101,1,1,0.43029353696684797,0.08896467996900032
43000,learned_event_learned_qr,33,2,011,101,4,4,0.23772667902927258,0.06272831803848349
43000,learned_event_learned_qr,33,2,011,101,8,8,0.5392101630137092,0.09936007582282352
43000,learned_event_learned_qr,33,2,011,101,16,16,0.9529936365130085,0.10748247987126047
43000,learned_event_learned_qr,34,2,101,111,1,1,0.7402743999405397,0.19759542092224355
43000,learned_event_learned_qr,34,2,101,111,4,4,0.734959614754942,0.05395491760392592
43000,learned_event_learned_qr,34,2,101,111,8,8,0.5698313850629623,0.03304992873769051
43000,learned_event_learned_qr,34,2,101,111,16,16,0.59362431080177,0.0420769087206648
43000,learned_event_learned_qr,35,2,111,101,1,1,2.282014293651841,0.0010750489907702249
43000,learned_event_learned_qr,35,2,111,101,4,4,0.7668110222386965,0.0287888613364845
43000,learned_event_learned_qr,35,2,111,101,8,8,0.3914669374582317,0.019989864008047472
43000,learned_event_learned_qr,35,2,111,101,16,16,0.8117126199109297,0.06972034362211618
43000,learned_event_learned_qr,37,3,011,110,1,1,0.3929643590939682,0.106138231716495
43000,learned_event_learned_qr,37,3,011,110,4,4,0.4574344430394389,0.05419376786601177
43000,learned_event_learned_qr,37,3,011,110,8,8,0.30735220052764334,0.029071725620524933
43000,learned_event_learned_qr,37,3,011,110,16,16,0.2619072864030063,0.02024638131781238
43000,learned_event_learned_qr,38,3,110,111,1,1,0.4881293533022969,0.0002282683984315216
43000,learned_event_learned_qr,38,3,110,111,4,4,1.215068898885303,0.07728857404125981
43000,learned_event_learned_qr,38,3,110,111,8,8,1.4321598982053756,0.05642463354513305
43000,learned_event_learned_qr,38,3,110,111,16,16,1.263469301417941,0.10899725877668422
43000,learned_event_learned_qr,39,3,111,011,1,1,0.31593083186644444,0.011999549023929513
43000,learned_event_learned_qr,39,3,111,011,4,4,0.20537732559149435,0.047080769803315166
43000,learned_event_learned_qr,39,3,111,011,8,8,0.6418189328118962,0.0804381630257411
43000,learned_event_learned_qr,39,3,111,011,16,16,0.7102550619991638,0.08699383536322393
43000,learned_event_learned_qr,40,3,011,011,1,1,0.24339577399493792,0.12852520056974517
43000,learned_event_learned_qr,40,3,011,011,4,4,1.1906934975587964,0.2181031901411855
43000,learned_event_learned_qr,40,3,011,011,8,8,0.9332086680704723,0.21982565106387308
43000,learned_event_learned_qr,40,3,011,011,16,16,0.6572046460004295,0.12198471565343275
43000,learned_event_learned_qr,41,3,011,111,1,1,0.7631464176502862,0.005967006773331909
43000,learned_event_learned_qr,41,3,011,111,4,4,1.2019314531780214,0.07230399857652745
43000,learned_event_learned_qr,41,3,011,111,8,8,0.9789121193395132,0.06966351553923086
43000,learned_event_learned_qr,41,3,011,111,16,16,1.119500255100926,0.07309613826874309
43000,learned_event_learned_qr,42,3,111,111,1,1,5.07112806328499,2.180476655233368
43000,learned_event_learned_qr,42,3,111,111,4,4,2.5802327809724215,0.7359111057362859
43000,learned_event_learned_qr,42,3,111,111,8,8,1.692857321970449,0.3713804410738443
43000,learned_event_learned_qr,42,3,111,111,16,16,1.2652891476212518,0.21101251186370334
43000,learned_event_learned_qr,43,3,111,101,1,1,0.3360276422513474,0.06432519483344895
43000,learned_event_learned_qr,43,3,111,101,4,4,0.6269160999944969,0.0447744548462157
43000,learned_event_learned_qr,43,3,111,101,8,8,2.555258022051477,0.10661247274464708
43000,learned_event_learned_qr,43,3,111,101,16,16,1.643954879007155,0.07248736704536674
43000,learned_event_learned_qr,44,3,101,110,1,1,0.15765190847037314,4.5320948826129055e-05
43000,learned_event_learned_qr,44,3,101,110,4,4,0.2800588793459573,0.012786315537679593
43000,learned_event_learned_qr,44,3,101,110,8,8,0.24823884740250834,0.016335393116759335
43000,learned_event_learned_qr,44,3,101,110,16,16,0.3020544481651608,0.010702171646632914
43000,learned_event_learned_qr,45,3,110,101,1,1,-0.4597007304148243,0.04461476303702229
43000,learned_event_learned_qr,45,3,110,101,4,4,-0.06070053587096737,0.012114803473727674
43000,learned_event_learned_qr,45,3,110,101,8,8,0.4844823193682506,0.019217128175865128
43000,learned_event_learned_qr,45,3,110,101,16,16,0.19234402511384852,0.037966657996433624
43000,learned_event_learned_qr,46,3,101,101,1,1,0.6163397754216797,0.6817745859874441
43000,learned_event_learned_qr,46,3,101,101,4,4,1.287374626099665,0.2727684483046235
43000,learned_event_learned_qr,46,3,101,101,8,8,1.5525932213683395,0.16407319125597802
43000,learned_event_learned_qr,46,3,101,101,16,16,1.463386838504741,0.13314556337705527
43000,learned_event_learned_qr,47,3,101,110,1,1,0.7478872264688635,0.0472492411059396
43000,learned_event_learned_qr,47,3,101,110,4,4,1.554790228866226,0.01664360121871581
43000,learned_event_learned_qr,47,3,101,110,8,8,0.9935873529267496,0.03095194443741436
43000,learned_event_learned_qr,47,3,101,110,16,16,0.452760429485099,0.020171443231631694
43000,oracle_event_learned_qr,1,0,011,101,1,1,0.40641961766701207,0.20863869603890783
43000,oracle_event_learned_qr,1,0,011,101,4,4,0.8342499733555924,0.1276017094665084
43000,oracle_event_learned_qr,1,0,011,101,8,8,0.6366253459438336,0.08802685509245078
43000,oracle_event_learned_qr,1,0,011,101,16,16,0.592821658338005,0.08620017010206113
43000,oracle_event_learned_qr,2,0,101,110,1,1,0.09772998859212018,0.031630867624478184
43000,oracle_event_learned_qr,2,0,101,110,4,4,-0.1672656124024106,0.010602084566771478
43000,oracle_event_learned_qr,2,0,101,110,8,8,-0.09624243561963068,0.01801628551173147
43000,oracle_event_learned_qr,2,0,101,110,16,16,0.19647385716831656,0.013943138985910824
43000,oracle_event_learned_qr,3,0,110,101,1,1,1.3738854726648033,0.11376306983863356
43000,oracle_event_learned_qr,3,0,110,101,4,4,1.2398013470511704,0.10741420899603062
43000,oracle_event_learned_qr,3,0,110,101,8,8,0.8896442551796774,0.07601992734815258
43000,oracle_event_learned_qr,3,0,110,101,16,16,0.6214748440131412,0.04954789813320225
43000,oracle_event_learned_qr,4,0,101,101,1,1,0.29736444781052723,0.02766988154120668
43000,oracle_event_learned_qr,4,0,101,101,4,4,0.6555285276505429,0.10507056769383398
43000,oracle_event_learned_qr,4,0,101,101,8,8,0.7491807789545188,0.07659354135405982
43000,oracle_event_learned_qr,4,0,101,101,16,16,0.703061719081542,0.06774328281046449
43000,oracle_event_learned_qr,5,0,101,111,1,1,0.5284126317430794,0.019014646681607524
43000,oracle_event_learned_qr,5,0,101,111,4,4,0.5845109017030279,0.023223831694788456
43000,oracle_event_learned_qr,5,0,101,111,8,8,0.7261650641395543,0.03450800658092236
43000,oracle_event_learned_qr,5,0,101,111,16,16,0.8825137716275245,0.04527491708886924
43000,oracle_event_learned_qr,6,0,111,111,1,1,0.41081784274218625,0.004916289788821682
43000,oracle_event_learned_qr,6,0,111,111,4,4,0.6559500948574843,0.07795887551780441
43000,oracle_event_learned_qr,6,0,111,111,8,8,1.2071344173018368,0.07781457248464059
43000,oracle_event_learned_qr,6,0,111,111,16,16,1.1332550223337785,0.0834406871015397
43000,oracle_event_learned_qr,7,0,111,110,1,1,0.9994537087240517,0.0027766469439966324
43000,oracle_event_learned_qr,7,0,111,110,4,4,0.5632261110054718,0.008291352833346229
43000,oracle_event_learned_qr,7,0,111,110,8,8,1.2641561516289963,0.0052917336942664445
43000,oracle_event_learned_qr,7,0,111,110,16,16,0.6471881618635187,0.00551615108234676
43000,oracle_event_learned_qr,8,0,110,011,1,1,-0.6164506878261727,0.030751590131172433
43000,oracle_event_learned_qr,8,0,110,011,4,4,1.3156908585982938,0.1367013562786773
43000,oracle_event_learned_qr,8,0,110,011,8,8,1.4231218213079129,0.07361564743224971
43000,oracle_event_learned_qr,8,0,110,011,16,16,1.7725386646512742,0.06883314986295254
43000,oracle_event_learned_qr,9,0,011,110,1,1,0.29355668372153054,0.030215030226771175
43000,oracle_event_learned_qr,9,0,011,110,4,4,0.2029773802629523,0.01632307888479359
43000,oracle_event_learned_qr,9,0,011,110,8,8,0.05237820060724076,0.02851089529328686
43000,oracle_event_learned_qr,9,0,011,110,16,16,0.21438532413348477,0.02277107544632813
43000,oracle_event_learned_qr,10,0,110,011,1,1,1.2629354524681813,0.2346062201082986
43000,oracle_event_learned_qr,10,0,110,011,4,4,1.990229778035995,0.21506337110920415
43000,oracle_event_learned_qr,10,0,110,011,8,8,1.4752736303041163,0.1357052181490872
43000,oracle_event_learned_qr,10,0,110,011,16,16,1.143008622613352,0.10700357135717592
43000,oracle_event_learned_qr,11,0,011,111,1,1,1.3234329468211097,0.02330716521404211
43000,oracle_event_learned_qr,11,0,011,111,4,4,0.8198613743595508,0.010208852470334637
43000,oracle_event_learned_qr,11,0,011,111,8,8,0.6569554378375962,0.017155924914510512
43000,oracle_event_learned_qr,11,0,011,111,16,16,0.49560916914897923,0.03310826109311707
43000,oracle_event_learned_qr,13,1,011,011,1,1,0.35538708142043945,0.028300718537114824
43000,oracle_event_learned_qr,13,1,011,011,4,4,0.567121976604311,0.08858375488510838
43000,oracle_event_learned_qr,13,1,011,011,8,8,1.0392356424573785,0.11264227354653089
43000,oracle_event_learned_qr,13,1,011,011,16,16,0.8512010599638618,0.1044878798425324
43000,oracle_event_learned_qr,14,1,011,110,1,1,7.444783569583784,0.0011171979978776873
43000,oracle_event_learned_qr,14,1,011,110,4,4,2.10458507161653,0.004074901755583835
43000,oracle_event_learned_qr,14,1,011,110,8,8,1.0047255909177968,0.006981832931905067
43000,oracle_event_learned_qr,14,1,011,110,16,16,1.1740068141054696,0.010458113262352098
43000,oracle_event_learned_qr,15,1,110,111,1,1,-0.13001803091951275,0.2005660831429265
43000,oracle_event_learned_qr,15,1,110,111,4,4,1.2926261272154262,0.08864955278519178
43000,oracle_event_learned_qr,15,1,110,111,8,8,1.5775651479816921,0.09937212977409718
43000,oracle_event_learned_qr,15,1,110,111,16,16,2.1344370867369893,0.10314310690722261
43000,oracle_event_learned_qr,16,1,111,101,1,1,0.6172110050733154,0.008588490308185105
43000,oracle_event_learned_qr,16,1,111,101,4,4,2.3747921546370767,0.16677920487540576
43000,oracle_event_learned_qr,16,1,111,101,8,8,1.5327660422756777,0.09871933946652409
43000,oracle_event_learned_qr,16,1,111,101,16,16,1.118059309949979,0.06248091857465533
43000,oracle_event_learned_qr,17,1,101,111,1,1,0.6822536572478367,0.00967541333673623
43000,oracle_event_learned_qr,17,1,101,111,4,4,0.6575378078774275,0.010133111432684047
43000,oracle_event_learned_qr,17,1,101,111,8,8,0.7219852002101512,0.07874558168584407
43000,oracle_event_learned_qr,17,1,101,111,16,16,0.9435118266028307,0.10269169657188267
43000,oracle_event_learned_qr,18,1,111,110,1,1,1.0266478566985988,0.058852409414587116
43000,oracle_event_learned_qr,18,1,111,110,4,4,0.16744792161350117,0.020010901874685978
43000,oracle_event_learned_qr,18,1,111,110,8,8,-0.027981610896425174,0.018748244544121086
43000,oracle_event_learned_qr,18,1,111,110,16,16,0.19144044174709407,0.012935186131107739
43000,oracle_event_learned_qr,19,1,110,101,1,1,0.30043784893413034,0.007392490222046201
43000,oracle_event_learned_qr,19,1,110,101,4,4,0.23636452857975504,0.01744055377724578
43000,oracle_event_learned_qr,19,1,110,101,8,8,1.1015840653420965,0.07682053947330211
43000,oracle_event_learned_qr,19,1,110,101,16,16,0.8875502499843716,0.07087510368863467
43000,oracle_event_learned_qr,20,1,101,101,1,1,0.26652209777589086,0.02542705722309433
43000,oracle_event_learned_qr,20,1,101,101,4,4,0.9059883833114246,0.09147015521045641
43000,oracle_event_learned_qr,20,1,101,101,8,8,1.4000023791914549,0.06331439404685456
43000,oracle_event_learned_qr,20,1,101,101,16,16,1.1073940758344567,0.05128420530754657
43000,oracle_event_learned_qr,21,1,101,011,1,1,0.8180718296223362,0.08843171388839308
43000,oracle_event_learned_qr,21,1,101,011,4,4,1.1537969359957048,0.09643921823628555
43000,oracle_event_learned_qr,21,1,101,011,8,8,0.8160385212514649,0.08580611981929444
43000,oracle_event_learned_qr,21,1,101,011,16,16,0.6390745275468002,0.06495447734347512
43000,oracle_event_learned_qr,22,1,011,111,1,1,3.699467949640599,0.14636534973734971
43000,oracle_event_learned_qr,22,1,011,111,4,4,1.4863069848999932,0.06171192325772033
43000,oracle_event_learned_qr,22,1,011,111,8,8,1.5642444816411023,0.03605777142909826
43000,oracle_event_learned_qr,22,1,011,111,16,16,1.2191103575583389,0.04924229040326122
43000,oracle_event_learned_qr,23,1,111,110,1,1,0.37928463649514227,3.316747279289412e-05
43000,oracle_event_learned_qr,23,1,111,110,4,4,0.25765378724247057,0.004512525538504095
43000,oracle_event_learned_qr,23,1,111,110,8,8,0.11314872959334664,0.005417921235655563
43000,oracle_event_learned_qr,23,1,111,110,16,16,-0.0039836287085641825,0.0071431482537438465
43000,oracle_event_learned_qr,25,2,111,110,1,1,0.4652065362079281,0.0021844443405110887
43000,oracle_event_learned_qr,25,2,111,110,4,4,0.335328766468233,0.005447958242466569
43000,oracle_event_learned_qr,25,2,111,110,8,8,0.37376283077505845,0.008126995505088042
43000,oracle_event_learned_qr,25,2,111,110,16,16,0.22360903635000756,0.009262376429933245
43000,oracle_event_learned_qr,26,2,110,011,1,1,-0.010628811893964394,0.07257284806600825
43000,oracle_event_learned_qr,26,2,110,011,4,4,2.914616397368819,0.12476688354904508
43000,oracle_event_learned_qr,26,2,110,011,8,8,1.9752019545207262,0.10910889985769749
43000,oracle_event_learned_qr,26,2,110,011,16,16,1.33642764973053,0.08117904775807981
43000,oracle_event_learned_qr,27,2,011,110,1,1,0.4596069918815547,0.022918262715234967
43000,oracle_event_learned_qr,27,2,011,110,4,4,0.08854237464315347,0.02404962766274907
43000,oracle_event_learned_qr,27,2,011,110,8,8,0.8539163802304256,0.014279795979969534
43000,oracle_event_learned_qr,27,2,011,110,16,16,0.35257845230840656,0.010450215336719044
43000,oracle_event_learned_qr,28,2,110,101,1,1,0.7473384677268864,0.024846096392763133
43000,oracle_event_learned_qr,28,2,110,101,4,4,0.09904066481114134,0.013936480175615945
43000,oracle_event_learned_qr,28,2,110,101,8,8,0.4253135344336062,0.023415562047176597
43000,oracle_event_learned_qr,28,2,110,101,16,16,0.7094891586171543,0.05460771431068615
43000,oracle_event_learned_qr,29,2,101,110,1,1,0.2957545809282307,0.0005509775206349087
43000,oracle_event_learned_qr,29,2,101,110,4,4,0.40527149555503406,0.025331465394193727
43000,oracle_event_learned_qr,29,2,101,110,8,8,0.26159429640246223,0.013558354656706075
43000,oracle_event_learned_qr,29,2,101,110,16,16,0.32904638508474515,0.01207779543537173
43000,oracle_event_learned_qr,30,2,110,111,1,1,0.2018940440882799,0.00583918719745981
43000,oracle_event_learned_qr,30,2,110,111,4,4,0.3315780537956363,0.008497016378558597
43000,oracle_event_learned_qr,30,2,110,111,8,8,0.9741690377644379,0.014356773386075054
43000,oracle_event_learned_qr,30,2,110,111,16,16,1.2846004880542563,0.021922097297462795
43000,oracle_event_learned_qr,31,2,111,011,1,1,1.948271345590755,0.00051582930917415
43000,oracle_event_learned_qr,31,2,111,011,4,4,1.5346125640360688,0.07829798485716209
43000,oracle_event_learned_qr,31,2,111,011,8,8,1.3406817650860479,0.1221915544183925
43000,oracle_event_learned_qr,31,2,111,011,16,16,0.9594517463507986,0.08009598353640357
43000,oracle_event_learned_qr,32,2,011,011,1,1,0.23586223110663854,0.002033727030016497
43000,oracle_event_learned_qr,32,2,011,011,4,4,0.9012107733670774,0.0684447059578305
43000,oracle_event_learned_qr,32,2,011,011,8,8,1.1616014599121813,0.10027799747087343
43000,oracle_event_learned_qr,32,2,011,011,16,16,0.862102310554121,0.1033757489803191
43000,oracle_event_learned_qr,33,2,011,101,1,1,0.43095811235146725,0.08897467501353729
43000,oracle_event_learned_qr,33,2,011,101,4,4,0.23879031536085757,0.06270425779616613
43000,oracle_event_learned_qr,33,2,011,101,8,8,0.536845897819305,0.09695859238003779
43000,oracle_event_learned_qr,33,2,011,101,16,16,0.9383594362025948,0.1007439268209008
43000,oracle_event_learned_qr,34,2,101,111,1,1,0.7212810681111337,0.19431799901342484
43000,oracle_event_learned_qr,34,2,101,111,4,4,0.7191453726190628,0.05277277461086177
43000,oracle_event_learned_qr,34,2,101,111,8,8,0.5554512447768671,0.03228223347618962
43000,oracle_event_learned_qr,34,2,101,111,16,16,0.5858757238083027,0.041283091750647774
43000,oracle_event_learned_qr,35,2,111,101,1,1,2.2482773548870836,8.817371374770146e-05
43000,oracle_event_learned_qr,35,2,111,101,4,4,0.7614503527935517,0.027132802877943417
43000,oracle_event_learned_qr,35,2,111,101,8,8,0.3899697881929014,0.01911714231336269
43000,oracle_event_learned_qr,35,2,111,101,16,16,0.8318451575599644,0.04789026316261576
43000,oracle_event_learned_qr,37,3,011,110,1,1,0.3449109127138753,0.0931995184576063
43000,oracle_event_learned_qr,37,3,011,110,4,4,0.46622904734951554,0.031055074943381174
43000,oracle_event_learned_qr,37,3,011,110,8,8,0.32289706091398157,0.018097412608630067
43000,oracle_event_learned_qr,37,3,011,110,16,16,0.27032553226830464,0.014818934996338224
43000,oracle_event_learned_qr,38,3,110,111,1,1,0.5108439261303775,0.00012455562054591835
43000,oracle_event_learned_qr,38,3,110,111,4,4,1.1984309636659742,0.07780336945630476
43000,oracle_event_learned_qr,38,3,110,111,8,8,1.4233985097816637,0.05662185888943366
43000,oracle_event_learned_qr,38,3,110,111,16,16,1.2585433387775296,0.10391774881696703
43000,oracle_event_learned_qr,39,3,111,011,1,1,0.3023000711022034,0.012119574606712343
43000,oracle_event_learned_qr,39,3,111,011,4,4,0.19327003360162756,0.04712086738115273
43000,oracle_event_learned_qr,39,3,111,011,8,8,0.6366584285741218,0.08025947877900501
43000,oracle_event_learned_qr,39,3,111,011,16,16,0.7036556300142041,0.08506001318669588
43000,oracle_event_learned_qr,40,3,011,011,1,1,0.24146128552468926,0.1286640509413229
43000,oracle_event_learned_qr,40,3,011,011,4,4,1.2108342562102157,0.21664047308338624
43000,oracle_event_learned_qr,40,3,011,011,8,8,0.9367907359357666,0.218256640023813
43000,oracle_event_learned_qr,40,3,011,011,16,16,0.6590694271426127,0.12119327103054137
43000,oracle_event_learned_qr,41,3,011,111,1,1,0.7626784012029668,0.006161356184212874
43000,oracle_event_learned_qr,41,3,011,111,4,4,1.2006087923967868,0.07186345906591914
43000,oracle_event_learned_qr,41,3,011,111,8,8,0.9775841859913783,0.06906192537429516
43000,oracle_event_learned_qr,41,3,011,111,16,16,1.1202498813362767,0.07252560089060622
43000,oracle_event_learned_qr,42,3,111,111,1,1,5.0259671528318774,0.521599746534296
43000,oracle_event_learned_qr,42,3,111,111,4,4,2.265938567370922,0.25698267061857333
43000,oracle_event_learned_qr,42,3,111,111,8,8,1.495313453951212,0.13233182964004456
43000,oracle_event_learned_qr,42,3,111,111,16,16,1.1603282653761906,0.09049660417649773
43000,oracle_event_learned_qr,43,3,111,101,1,1,0.31098881772884557,0.06391841113993196
43000,oracle_event_learned_qr,43,3,111,101,4,4,0.6219182759460615,0.04325803073406321
43000,oracle_event_learned_qr,43,3,111,101,8,8,2.5602939090728074,0.10565402509027375
43000,oracle_event_learned_qr,43,3,111,101,16,16,1.641426393609504,0.07097242005999038
43000,oracle_event_learned_qr,44,3,101,110,1,1,0.15643345467898634,8.377266735118555e-05
43000,oracle_event_learned_qr,44,3,101,110,4,4,0.2780737169462515,0.0027183771540390035
43000,oracle_event_learned_qr,44,3,101,110,8,8,0.2268563803472271,0.008371359353806677
43000,oracle_event_learned_qr,44,3,101,110,16,16,0.29408918173744203,0.006876348507150416
43000,oracle_event_learned_qr,45,3,110,101,1,1,-0.4585004281253233,0.04449726530825222
43000,oracle_event_learned_qr,45,3,110,101,4,4,-0.0622974778665318,0.012104621277284228
43000,oracle_event_learned_qr,45,3,110,101,8,8,0.4648691407335896,0.017431680198590118
43000,oracle_event_learned_qr,45,3,110,101,16,16,0.17950568751890056,0.03705016889023006
43000,oracle_event_learned_qr,46,3,101,101,1,1,0.6422745777955192,0.6607434499229133
43000,oracle_event_learned_qr,46,3,101,101,4,4,1.281354314631711,0.2597815073479833
43000,oracle_event_learned_qr,46,3,101,101,8,8,1.5456694751988287,0.1567327965342919
43000,oracle_event_learned_qr,46,3,101,101,16,16,1.439329798212004,0.11278441070081699
43000,oracle_event_learned_qr,47,3,101,110,1,1,0.7224377302574156,0.04748047478726146
43000,oracle_event_learned_qr,47,3,101,110,4,4,1.5563367162666784,0.01674096917027572
43000,oracle_event_learned_qr,47,3,101,110,8,8,0.9942341616551454,0.031856417181244344
43000,oracle_event_learned_qr,47,3,101,110,16,16,0.451823013738879,0.02063638109403284
43000,learned_event_oracle_qr,1,0,011,101,1,1,0.6530179749488778,0.05142861041915044
43000,learned_event_oracle_qr,1,0,011,101,4,4,0.7823495007716295,0.023448372577772332
43000,learned_event_oracle_qr,1,0,011,101,8,8,0.6077061119228956,0.025359649423642622
43000,learned_event_oracle_qr,1,0,011,101,16,16,0.5059952979202741,0.022533520134419192
43000,learned_event_oracle_qr,2,0,101,110,1,1,-0.23986679557179805,0.006529498828200323
43000,learned_event_oracle_qr,2,0,101,110,4,4,-0.421890258278714,0.004404811439622173
43000,learned_event_oracle_qr,2,0,101,110,8,8,-0.19805673688492656,0.011864282842098792
43000,learned_event_oracle_qr,2,0,101,110,16,16,0.054997534915568,0.006796121879313649
43000,learned_event_oracle_qr,3,0,110,101,1,1,1.1624608866773207,0.0004173097242891519
43000,learned_event_oracle_qr,3,0,110,101,4,4,0.8569171036987735,0.0046625480444454715
43000,learned_event_oracle_qr,3,0,110,101,8,8,0.6546118696065862,0.07568209406306455
43000,learned_event_oracle_qr,3,0,110,101,16,16,0.5133705034215821,0.05840717451055778
43000,learned_event_oracle_qr,4,0,101,101,1,1,0.37790866757569586,0.005142022228084872
43000,learned_event_oracle_qr,4,0,101,101,4,4,0.6683637343530505,0.004659989555308252
43000,learned_event_oracle_qr,4,0,101,101,8,8,0.6037985173908619,0.005474502201691817
43000,learned_event_oracle_qr,4,0,101,101,16,16,0.5598302430415096,0.00960328517115975
43000,learned_event_oracle_qr,5,0,101,111,1,1,0.2654947208334179,0.01153395557673437
43000,learned_event_oracle_qr,5,0,101,111,4,4,0.4627293998755369,0.018858285509001226
43000,learned_event_oracle_qr,5,0,101,111,8,8,0.5990117115448421,0.022777112135921596
43000,learned_event_oracle_qr,5,0,101,111,16,16,0.7941772626724604,0.034496041819872814
43000,learned_event_oracle_qr,6,0,111,111,1,1,0.31532775777082844,0.02113768770477633
43000,learned_event_oracle_qr,6,0,111,111,4,4,0.581159300887888,0.04077878325145441
43000,learned_event_oracle_qr,6,0,111,111,8,8,1.178368367264797,0.10253264276497318
43000,learned_event_oracle_qr,6,0,111,111,16,16,1.1073986495532768,0.10584028724846133
43000,learned_event_oracle_qr,7,0,111,110,1,1,0.8613420190724891,0.017354009059814848
43000,learned_event_oracle_qr,7,0,111,110,4,4,0.6001457328657211,0.009083184623484696
43000,learned_event_oracle_qr,7,0,111,110,8,8,1.1980633864204857,0.005564977470818609
43000,learned_event_oracle_qr,7,0,111,110,16,16,0.5876725244476573,0.005454690935484681
43000,learned_event_oracle_qr,8,0,110,011,1,1,0.1806800308613592,0.044187864791795865
43000,learned_event_oracle_qr,8,0,110,011,4,4,0.9266158884447153,0.07321608826091658
43000,learned_event_oracle_qr,8,0,110,011,8,8,0.7975687235130686,0.041085210471515844
43000,learned_event_oracle_qr,8,0,110,011,16,16,1.001587221114762,0.03529824187493416
43000,learned_event_oracle_qr,9,0,011,110,1,1,-0.08012982978289712,0.010802353364894353
43000,learned_event_oracle_qr,9,0,011,110,4,4,-0.1844436912985566,0.0068443847594058535
43000,learned_event_oracle_qr,9,0,011,110,8,8,-0.2263957243848371,0.022496423567765607
43000,learned_event_oracle_qr,9,0,011,110,16,16,0.07018836668224049,0.015396454718037404
43000,learned_event_oracle_qr,10,0,110,011,1,1,0.9372116056721393,0.06240768026580196
43000,learned_event_oracle_qr,10,0,110,011,4,4,1.3106055972578554,0.12868571403579607
43000,learned_event_oracle_qr,10,0,110,011,8,8,1.109041114251392,0.1086852302400366
43000,learned_event_oracle_qr,10,0,110,011,16,16,0.925874314526833,0.08343053087467306
43000,learned_event_oracle_qr,11,0,011,111,1,1,1.0668610721470753,0.09897790112359246
43000,learned_event_oracle_qr,11,0,011,111,4,4,0.85827025492596,0.04683153543156064
43000,learned_event_oracle_qr,11,0,011,111,8,8,0.6803646260476117,0.03441058353280624
43000,learned_event_oracle_qr,11,0,011,111,16,16,0.5586833503726067,0.038167359030878166
43000,learned_event_oracle_qr,13,1,011,011,1,1,0.574892619214364,0.11952166450789443
43000,learned_event_oracle_qr,13,1,011,011,4,4,0.8123539826150125,0.0619841893557492
43000,learned_event_oracle_qr,13,1,011,011,8,8,0.9609089012331805,0.09443536186815644
43000,learned_event_oracle_qr,13,1,011,011,16,16,0.8263634046861584,0.08310002261585007
43000,learned_event_oracle_qr,14,1,011,110,1,1,7.741894649055057,0.0005500926235939474
43000,learned_event_oracle_qr,14,1,011,110,4,4,2.029812870399938,0.00736710190740519
43000,learned_event_oracle_qr,14,1,011,110,8,8,0.804896046167317,0.0077688907608108124
43000,learned_event_oracle_qr,14,1,011,110,16,16,1.0712134125678898,0.009241073938517676
43000,learned_event_oracle_qr,15,1,110,111,1,1,0.25727051876870854,0.12259196469432669
43000,learned_event_oracle_qr,15,1,110,111,4,4,0.8717179170358003,0.05118391561329659
43000,learned_event_oracle_qr,15,1,110,111,8,8,1.087273746312665,0.05373760558850495
43000,learned_event_oracle_qr,15,1,110,111,16,16,1.9794766507410817,0.058268010879354334
43000,learned_event_oracle_qr,16,1,111,101,1,1,0.3878286919398497,7.143542715166321e-07
43000,learned_event_oracle_qr,16,1,111,101,4,4,2.6148568591154357,0.08759411859784892
43000,learned_event_oracle_qr,16,1,111,101,8,8,1.4774518625342834,0.051715542710083745
43000,learned_event_oracle_qr,16,1,111,101,16,16,0.9968450165192783,0.03746849495131761
43000,learned_event_oracle_qr,17,1,101,111,1,1,0.3864758417529329,0.011633701227696362
43000,learned_event_oracle_qr,17,1,101,111,4,4,0.5190677493251025,0.0038473374075376795
43000,learned_event_oracle_qr,17,1,101,111,8,8,0.6323865586606982,0.043955666153274606
43000,learned_event_oracle_qr,17,1,101,111,16,16,0.8995718893685287,0.07986138882498464
43000,learned_event_oracle_qr,18,1,111,110,1,1,0.9649670532780549,0.011846845741085653
43000,learned_event_oracle_qr,18,1,111,110,4,4,0.016057723686707895,0.008577170082015494
43000,learned_event_oracle_qr,18,1,111,110,8,8,-0.1354778797429798,0.010378107057628882
43000,learned_event_oracle_qr,18,1,111,110,16,16,-0.009972612304933515,0.007841304165324435
43000,learned_event_oracle_qr,19,1,110,101,1,1,0.6542641335841399,0.04012250732023123
43000,learned_event_oracle_qr,19,1,110,101,4,4,0.3040226046125025,0.049720944827780125
43000,learned_event_oracle_qr,19,1,110,101,8,8,1.2837727977734994,0.05595215422368356
43000,learned_event_oracle_qr,19,1,110,101,16,16,0.9315965467537041,0.051248911507449556
43000,learned_event_oracle_qr,20,1,101,101,1,1,0.1397680647746003,0.046403168905184845
43000,learned_event_oracle_qr,20,1,101,101,4,4,0.5737758878070327,0.05142752256483409
43000,learned_event_oracle_qr,20,1,101,101,8,8,1.2814779368975164,0.03155351431051044
43000,learned_event_oracle_qr,20,1,101,101,16,16,1.1160297132218986,0.05326280333792079
43000,learned_event_oracle_qr,21,1,101,011,1,1,0.75454888703668,0.028488985223306125
43000,learned_event_oracle_qr,21,1,101,011,4,4,0.9764040729197885,0.08910231082387862
43000,learned_event_oracle_qr,21,1,101,011,8,8,0.7371204625665256,0.114112032406688
43000,learned_event_oracle_qr,21,1,101,011,16,16,0.6226924607493634,0.07341774093123936
43000,learned_event_oracle_qr,22,1,011,111,1,1,1.8912165251562878,0.02637836064409028
43000,learned_event_oracle_qr,22,1,011,111,4,4,0.855200760895904,0.019778213110236715
43000,learned_event_oracle_qr,22,1,011,111,8,8,1.281188389653531,0.013085918469622706
43000,learned_event_oracle_qr,22,1,011,111,16,16,0.9748372136942323,0.02016357643992174
43000,learned_event_oracle_qr,23,1,111,110,1,1,-0.05414343137221136,0.005177706544196026
43000,learned_event_oracle_qr,23,1,111,110,4,4,-0.22238483081466848,0.005682184210731316
43000,learned_event_oracle_qr,23,1,111,110,8,8,-0.2472459754485621,0.004775506271357689
43000,learned_event_oracle_qr,23,1,111,110,16,16,-0.17653973609155807,0.008090092094370447
43000,learned_event_oracle_qr,25,2,111,110,1,1,-0.08939550377618506,0.0023466328424858727
43000,learned_event_oracle_qr,25,2,111,110,4,4,-0.2382322652368372,0.004919012239704182
43000,learned_event_oracle_qr,25,2,111,110,8,8,0.09750737080812397,0.004410753811895641
43000,learned_event_oracle_qr,25,2,111,110,16,16,0.04330503286727022,0.0046200063024087745
43000,learned_event_oracle_qr,26,2,110,011,1,1,0.21940437275321137,0.09069654574557656
43000,learned_event_oracle_qr,26,2,110,011,4,4,1.516375653613471,0.03821287596967868
43000,learned_event_oracle_qr,26,2,110,011,8,8,1.0691553912086031,0.06585084354430125
43000,learned_event_oracle_qr,26,2,110,011,16,16,0.8473934557753849,0.046638721381181886
43000,learned_event_oracle_qr,27,2,011,110,1,1,0.3132228130676186,0.0018960524778828221
43000,learned_event_oracle_qr,27,2,011,110,4,4,-0.18240334952733056,0.01996734607997664
43000,learned_event_oracle_qr,27,2,011,110,8,8,0.7100776458798188,0.01201054414594572
43000,learned_event_oracle_qr,27,2,011,110,16,16,0.26360744962178045,0.00779836728511957
43000,learned_event_oracle_qr,28,2,110,101,1,1,0.6912764462227748,0.013919515336703202
43000,learned_event_oracle_qr,28,2,110,101,4,4,0.27843295659376377,0.006850715781344994
43000,learned_event_oracle_qr,28,2,110,101,8,8,0.3424823466293872,0.003919678599802678
43000,learned_event_oracle_qr,28,2,110,101,16,16,0.4958121442322141,0.006650102926660712
43000,learned_event_oracle_qr,29,2,101,110,1,1,-0.3217237783008244,0.00013460071304457043
43000,learned_event_oracle_qr,29,2,101,110,4,4,0.2106344970840638,0.016701429367126666
43000,learned_event_oracle_qr,29,2,101,110,8,8,0.08063251006425445,0.008923021954521899
43000,learned_event_oracle_qr,29,2,101,110,16,16,0.21227774751204925,0.008948148696747154
43000,learned_event_oracle_qr,30,2,110,111,1,1,0.3303770396363352,0.0009439304189517648
43000,learned_event_oracle_qr,30,2,110,111,4,4,0.35608628591509806,0.008563849074016121
43000,learned_event_oracle_qr,30,2,110,111,8,8,0.6347283034402909,0.02541831284264188
43000,learned_event_oracle_qr,30,2,110,111,16,16,1.0181006874338663,0.0475673482395539
43000,learned_event_oracle_qr,31,2,111,011,1,1,1.515025492640259,0.007071949640922115
43000,learned_event_oracle_qr,31,2,111,011,4,4,1.5722613117574613,0.031988731527250125
43000,learned_event_oracle_qr,31,2,111,011,8,8,1.4348861096111634,0.05884932053121465
43000,learned_event_oracle_qr,31,2,111,011,16,16,0.9286974564696129,0.051814533790242895
43000,learned_event_oracle_qr,32,2,011,011,1,1,0.440182199350616,0.0011363117360692443
43000,learned_event_oracle_qr,32,2,011,011,4,4,0.7438126787321665,0.021155172616504896
43000,learned_event_oracle_qr,32,2,011,011,8,8,0.884561437959904,0.058905968319916305
43000,learned_event_oracle_qr,32,2,011,011,16,16,0.7136603068372971,0.07794247881965374
43000,learned_event_oracle_qr,33,2,011,101,1,1,0.3731960805398203,0.14951314441910799
43000,learned_event_oracle_qr,33,2,011,101,4,4,0.29274379984261123,0.1252799283254768
43000,learned_event_oracle_qr,33,2,011,101,8,8,0.3952186060857037,0.10319462293278138
43000,learned_event_oracle_qr,33,2,011,101,16,16,0.6516285273178677,0.07157370757735582
43000,learned_event_oracle_qr,34,2,101,111,1,1,0.7947558888582854,0.04826946831711903
43000,learned_event_oracle_qr,34,2,101,111,4,4,0.5232337190924693,0.012951996925107206
43000,learned_event_oracle_qr,34,2,101,111,8,8,0.48042182703846814,0.007943020778661132
43000,learned_event_oracle_qr,34,2,101,111,16,16,0.5531876382141184,0.01702637847052904
43000,learned_event_oracle_qr,35,2,111,101,1,1,1.674817438397883,0.06545789033159986
43000,learned_event_oracle_qr,35,2,111,101,4,4,0.8085268664507309,0.019710752562244627
43000,learned_event_oracle_qr,35,2,111,101,8,8,0.5084834561752446,0.010143910400846917
43000,learned_event_oracle_qr,35,2,111,101,16,16,0.664023924091095,0.014468130813277236
43000,learned_event_oracle_qr,37,3,011,110,1,1,0.15771567205404338,0.07312836243573069
43000,learned_event_oracle_qr,37,3,011,110,4,4,0.41547773112207737,0.03174534145666315
43000,learned_event_oracle_qr,37,3,011,110,8,8,0.09364240656192514,0.016993331246533835
43000,learned_event_oracle_qr,37,3,011,110,16,16,0.11441703831756242,0.010226397949028222
43000,learned_event_oracle_qr,38,3,110,111,1,1,0.2853589737875371,8.01900406133306e-05
43000,learned_event_oracle_qr,38,3,110,111,4,4,0.6597739256467895,0.07630498067275412
43000,learned_event_oracle_qr,38,3,110,111,8,8,1.151433260483757,0.05727869672338579
43000,learned_event_oracle_qr,38,3,110,111,16,16,1.0317960682390415,0.08270386354839646
43000,learned_event_oracle_qr,39,3,111,011,1,1,0.28567355228504054,0.017671648338329668
43000,learned_event_oracle_qr,39,3,111,011,4,4,0.28732074082766973,0.049368953275734886
43000,learned_event_oracle_qr,39,3,111,011,8,8,0.5251295184796059,0.06895201209729217
43000,learned_event_oracle_qr,39,3,111,011,16,16,0.6297801319169746,0.07092635001741118
43000,learned_event_oracle_qr,40,3,011,011,1,1,0.3268659086043544,0.08858142945722067
43000,learned_event_oracle_qr,40,3,011,011,4,4,1.1233730539376778,0.19882416340626077
43000,learned_event_oracle_qr,40,3,011,011,8,8,0.8042142716082749,0.20732296072021097
43000,learned_event_oracle_qr,40,3,011,011,16,16,0.6420121312306899,0.10916183219840046
43000,learned_event_oracle_qr,41,3,011,111,1,1,0.33183689921823045,0.003498817516612625
43000,learned_event_oracle_qr,41,3,011,111,4,4,1.2880364056538018,0.08980542024342467
43000,learned_event_oracle_qr,41,3,011,111,8,8,0.9164986530081611,0.06525243082192517
43000,learned_event_oracle_qr,41,3,011,111,16,16,1.0615422592514108,0.06041248610669624
43000,learned_event_oracle_qr,42,3,111,111,1,1,5.306547936917336,2.4135688706630063
43000,learned_event_oracle_qr,42,3,111,111,4,4,3.190327542261318,0.8489740882186445
43000,learned_event_oracle_qr,42,3,111,111,8,8,1.8358902976157327,0.4340846236325061
43000,learned_event_oracle_qr,42,3,111,111,16,16,1.315671184950739,0.22678946064977187
43000,learned_event_oracle_qr,43,3,111,101,1,1,0.21271527643610963,0.055333645127577075
43000,learned_event_oracle_qr,43,3,111,101,4,4,0.46668890110476086,0.027353303394409893
43000,learned_event_oracle_qr,43,3,111,101,8,8,2.523992695074203,0.11690784367627327
43000,learned_event_oracle_qr,43,3,111,101,16,16,1.574027309744216,0.07906469359188392
43000,learned_event_oracle_qr,44,3,101,110,1,1,0.7695952077257974,1.816199457202827e-05
43000,learned_event_oracle_qr,44,3,101,110,4,4,0.4396172387919243,0.004743737405308085
43000,learned_event_oracle_qr,44,3,101,110,8,8,0.2198083912069409,0.007080642272928876
43000,learned_event_oracle_qr,44,3,101,110,16,16,0.3250812220793631,0.007108664824047248
43000,learned_event_oracle_qr,45,3,110,101,1,1,0.09446431488127469,0.035844762307324
43000,learned_event_oracle_qr,45,3,110,101,4,4,0.346043611480887,0.05988392597917622
43000,learned_event_oracle_qr,45,3,110,101,8,8,0.4004666842201344,0.04258766982933854
43000,learned_event_oracle_qr,45,3,110,101,16,16,0.38531841979787645,0.022186935724284235
43000,learned_event_oracle_qr,46,3,101,101,1,1,1.6927376646019177,0.15511678405399051
43000,learned_event_oracle_qr,46,3,101,101,4,4,1.3777398712624136,0.09209193633341717
43000,learned_event_oracle_qr,46,3,101,101,8,8,1.5694606505438462,0.05893892853525672
43000,learned_event_oracle_qr,46,3,101,101,16,16,1.4518733385232931,0.049413601923980435
43000,learned_event_oracle_qr,47,3,101,110,1,1,-0.10066615110038891,0.001968051677945448
43000,learned_event_oracle_qr,47,3,101,110,4,4,1.0592385959246946,0.007421105971691837
43000,learned_event_oracle_qr,47,3,101,110,8,8,0.7898175032021637,0.015295908709569131
43000,learned_event_oracle_qr,47,3,101,110,16,16,0.29065542897686497,0.013586762753123385
43000,oracle_event_oracle_qr,1,0,011,101,1,1,0.6530254578990705,0.051427362960915046
43000,oracle_event_oracle_qr,1,0,011,101,4,4,0.7823457312077892,0.023447262522557293
43000,oracle_event_oracle_qr,1,0,011,101,8,8,0.6077012678025164,0.025358706408394348
43000,oracle_event_oracle_qr,1,0,011,101,16,16,0.5059926265910959,0.02253273683827218
43000,oracle_event_oracle_qr,2,0,101,110,1,1,-0.03851102306930191,0.01275116286089376
43000,oracle_event_oracle_qr,2,0,101,110,4,4,-0.3725326944327635,0.005954088505901632
43000,oracle_event_oracle_qr,2,0,101,110,8,8,-0.17496913978361528,0.012650318341789398
43000,oracle_event_oracle_qr,2,0,101,110,16,16,0.06658962738656643,0.007193094573922079
43000,oracle_event_oracle_qr,3,0,110,101,1,1,0.8535349712047657,0.002854238545820649
43000,oracle_event_oracle_qr,3,0,110,101,4,4,0.8534435229615644,0.011866538020756007
43000,oracle_event_oracle_qr,3,0,110,101,8,8,0.6085806356036784,0.020582500490395332
43000,oracle_event_oracle_qr,3,0,110,101,16,16,0.45910087269347744,0.01671257774084747
43000,oracle_event_oracle_qr,4,0,101,101,1,1,0.3753969542556045,0.005159164814091042
43000,oracle_event_oracle_qr,4,0,101,101,4,4,0.6658481204969391,0.004652612188080461
43000,oracle_event_oracle_qr,4,0,101,101,8,8,0.6011816966205097,0.005466453157080399
43000,oracle_event_oracle_qr,4,0,101,101,16,16,0.5570860103725706,0.009604278507233653
43000,oracle_event_oracle_qr,5,0,101,111,1,1,0.26575724868024264,0.018084131970082247
43000,oracle_event_oracle_qr,5,0,101,111,4,4,0.4544222567791513,0.018144660620941756
43000,oracle_event_oracle_qr,5,0,101,111,8,8,0.5899005992308891,0.022115782435356404
43000,oracle_event_oracle_qr,5,0,101,111,16,16,0.7874209778994512,0.029207307818243863
43000,oracle_event_oracle_qr,6,0,111,111,1,1,0.31220844978063916,0.021671373797214795
43000,oracle_event_oracle_qr,6,0,111,111,4,4,0.5768558317895882,0.040902506026817075
43000,oracle_event_oracle_qr,6,0,111,111,8,8,1.18571283010565,0.06741028786457476
43000,oracle_event_oracle_qr,6,0,111,111,16,16,1.0356878139763452,0.06956784324618828
43000,oracle_event_oracle_qr,7,0,111,110,1,1,0.7679869273879674,0.01742175259457334
43000,oracle_event_oracle_qr,7,0,111,110,4,4,0.5732088474146388,0.009149504161238772
43000,oracle_event_oracle_qr,7,0,111,110,8,8,1.1922285015389074,0.005596151205884761
43000,oracle_event_oracle_qr,7,0,111,110,16,16,0.5833898921687359,0.005471222388577822
43000,oracle_event_oracle_qr,8,0,110,011,1,1,0.17870039183544983,0.04413677451883928
43000,oracle_event_oracle_qr,8,0,110,011,4,4,0.9207239331118123,0.05942808910915924
43000,oracle_event_oracle_qr,8,0,110,011,8,8,0.7820376436833238,0.034685826873031005
43000,oracle_event_oracle_qr,8,0,110,011,16,16,0.9832790890309149,0.029606121923610684
43000,oracle_event_oracle_qr,9,0,011,110,1,1,-0.11035244455675641,0.010560050773941149
43000,oracle_event_oracle_qr,9,0,011,110,4,4,-0.19487805002055641,0.006784031022887819
43000,oracle_event_oracle_qr,9,0,011,110,8,8,-0.2326720805615323,0.022486311752338894
43000,oracle_event_oracle_qr,9,0,011,110,16,16,0.06434975040706736,0.01544979205636442
43000,oracle_event_oracle_qr,10,0,110,011,1,1,0.9353256842008089,0.05705212701665595
43000,oracle_event_oracle_qr,10,0,110,011,4,4,1.285048894940231,0.08744443818899077
43000,oracle_event_oracle_qr,10,0,110,011,8,8,1.0799587173264191,0.09412202896390717
43000,oracle_event_oracle_qr,10,0,110,011,16,16,0.9011869611887159,0.07125676081679956
43000,oracle_event_oracle_qr,11,0,011,111,1,1,1.0644334079775744,0.10152937366633623
43000,oracle_event_oracle_qr,11,0,011,111,4,4,0.8609298565234348,0.049235495457179944
43000,oracle_event_oracle_qr,11,0,011,111,8,8,0.680073848257758,0.03573697185113521
43000,oracle_event_oracle_qr,11,0,011,111,16,16,0.5568907809257154,0.03905925942202229
43000,oracle_event_oracle_qr,13,1,011,011,1,1,0.587430780291298,0.12555947269189316
43000,oracle_event_oracle_qr,13,1,011,011,4,4,0.8281086013613057,0.062399683951518306
43000,oracle_event_oracle_qr,13,1,011,011,8,8,0.9650268151202492,0.09360571422965533
43000,oracle_event_oracle_qr,13,1,011,011,16,16,0.828437262215135,0.08290004742911047
43000,oracle_event_oracle_qr,14,1,011,110,1,1,7.7325695352240045,0.0005500926235939474
43000,oracle_event_oracle_qr,14,1,011,110,4,4,2.0275412015132037,0.007364925509382029
43000,oracle_event_oracle_qr,14,1,011,110,8,8,0.8037976747955022,0.0077679980305635655
43000,oracle_event_oracle_qr,14,1,011,110,16,16,1.0701666327269743,0.009141818435020974
43000,oracle_event_oracle_qr,15,1,110,111,1,1,0.2568634841440003,0.12206703019899029
43000,oracle_event_oracle_qr,15,1,110,111,4,4,0.8750867680528173,0.05074481843517534
43000,oracle_event_oracle_qr,15,1,110,111,8,8,1.080315674613916,0.05455833868746291
43000,oracle_event_oracle_qr,15,1,110,111,16,16,1.9774902247009798,0.05938578068846801
43000,oracle_event_oracle_qr,16,1,111,101,1,1,0.3100322818874951,1.934845751364933e-08
43000,oracle_event_oracle_qr,16,1,111,101,4,4,2.619460616048906,0.08032134050962454
43000,oracle_event_oracle_qr,16,1,111,101,8,8,1.4582797180254683,0.047718925348079755
43000,oracle_event_oracle_qr,16,1,111,101,16,16,0.985584958719544,0.037420512105614034
43000,oracle_event_oracle_qr,17,1,101,111,1,1,0.36897680086581175,0.011658322383018149
43000,oracle_event_oracle_qr,17,1,101,111,4,4,0.5099651854742129,0.0037773653607621124
43000,oracle_event_oracle_qr,17,1,101,111,8,8,0.6266494531801761,0.04269414700459473
43000,oracle_event_oracle_qr,17,1,101,111,16,16,0.8966430634117051,0.07800679266695573
43000,oracle_event_oracle_qr,18,1,111,110,1,1,0.9416731196465105,0.011959905966583176
43000,oracle_event_oracle_qr,18,1,111,110,4,4,0.009875633083412591,0.00859532532671846
43000,oracle_event_oracle_qr,18,1,111,110,8,8,-0.138463732889469,0.010397163619789537
43000,oracle_event_oracle_qr,18,1,111,110,16,16,-0.011370028565105599,0.007840513314745315
43000,oracle_event_oracle_qr,19,1,110,101,1,1,0.6516177228824193,0.04137503651628313
43000,oracle_event_oracle_qr,19,1,110,101,4,4,0.29850144286862335,0.051540811699297265
43000,oracle_event_oracle_qr,19,1,110,101,8,8,1.3708914388072113,0.037385461342074426
43000,oracle_event_oracle_qr,19,1,110,101,16,16,0.9694513781307852,0.0417526603696532
43000,oracle_event_oracle_qr,20,1,101,101,1,1,0.11441591147426322,0.03611185535336106
43000,oracle_event_oracle_qr,20,1,101,101,4,4,0.5520073516290338,0.04063720635659798
43000,oracle_event_oracle_qr,20,1,101,101,8,8,1.2688814630182308,0.026118180502593655
43000,oracle_event_oracle_qr,20,1,101,101,16,16,1.043429062948847,0.02335014800518395
43000,oracle_event_oracle_qr,21,1,101,011,1,1,0.7528651261213214,0.026764671412642663
43000,oracle_event_oracle_qr,21,1,101,011,4,4,0.9732387441038807,0.09127902640081209
43000,oracle_event_oracle_qr,21,1,101,011,8,8,0.7368987610034257,0.11842628806062719
43000,oracle_event_oracle_qr,21,1,101,011,16,16,0.6215880984253841,0.07538131973592363
43000,oracle_event_oracle_qr,22,1,011,111,1,1,1.899884990871562,0.02030950606392303
43000,oracle_event_oracle_qr,22,1,011,111,4,4,0.8446037442183583,0.01805352889650802
43000,oracle_event_oracle_qr,22,1,011,111,8,8,1.2635946312534785,0.012935053020634083
43000,oracle_event_oracle_qr,22,1,011,111,16,16,1.0301666160074836,0.031214458625458904
43000,oracle_event_oracle_qr,23,1,111,110,1,1,-0.08238794325490137,0.005306739494336645
43000,oracle_event_oracle_qr,23,1,111,110,4,4,-0.22915154663146517,0.005723373659791593
43000,oracle_event_oracle_qr,23,1,111,110,8,8,-0.25903141856773126,0.004861464403742851
43000,oracle_event_oracle_qr,23,1,111,110,16,16,-0.1817126940382049,0.008079574298395103
43000,oracle_event_oracle_qr,25,2,111,110,1,1,-0.15138166477293277,0.002582903177269781
43000,oracle_event_oracle_qr,25,2,111,110,4,4,-0.2512644293262847,0.004967937300003011
43000,oracle_event_oracle_qr,25,2,111,110,8,8,0.09133256280386168,0.0044444813663468185
43000,oracle_event_oracle_qr,25,2,111,110,16,16,0.04023718357798986,0.004641974824475295
43000,oracle_event_oracle_qr,26,2,110,011,1,1,0.2194854740795417,0.09069653723101448
43000,oracle_event_oracle_qr,26,2,110,011,4,4,1.5172582665305043,0.03815187637379535
43000,oracle_event_oracle_qr,26,2,110,011,8,8,1.0694304691846996,0.06577398331252118
43000,oracle_event_oracle_qr,26,2,110,011,16,16,0.8475758753825093,0.04658779890148616
43000,oracle_event_oracle_qr,27,2,011,110,1,1,0.3122342296708331,0.0019106577817615707
43000,oracle_event_oracle_qr,27,2,011,110,4,4,-0.18266899875342957,0.019971452501171806
43000,oracle_event_oracle_qr,27,2,011,110,8,8,0.7094238810375185,0.012012294945568746
43000,oracle_event_oracle_qr,27,2,011,110,16,16,0.26331140578300505,0.0078000521874804565
43000,oracle_event_oracle_qr,28,2,110,101,1,1,0.6912990522746923,0.0144608643277468
43000,oracle_event_oracle_qr,28,2,110,101,4,4,0.27549756435635203,0.007546802882228146
43000,oracle_event_oracle_qr,28,2,110,101,8,8,0.3380101592015453,0.004585259721222323
43000,oracle_event_oracle_qr,28,2,110,101,16,16,0.4880429983307183,0.006494550771938119
43000,oracle_event_oracle_qr,29,2,101,110,1,1,-0.38978765518100156,0.00021671558603681868
43000,oracle_event_oracle_qr,29,2,101,110,4,4,0.19548331717511908,0.01685156436402573
43000,oracle_event_oracle_qr,29,2,101,110,8,8,0.07188877446079849,0.008989166779953338
43000,oracle_event_oracle_qr,29,2,101,110,16,16,0.2079506536105477,0.008400494710730712
43000,oracle_event_oracle_qr,30,2,110,111,1,1,0.3303244955761192,0.0009446840604241432
43000,oracle_event_oracle_qr,30,2,110,111,4,4,0.3556462336694959,0.008558523658966652
43000,oracle_event_oracle_qr,30,2,110,111,8,8,0.6378439016332953,0.02706648564636168
43000,oracle_event_oracle_qr,30,2,110,111,16,16,1.0467321958533058,0.024787744332068828
43000,oracle_event_oracle_qr,31,2,111,011,1,1,1.4808403147515408,0.010624637267652814
43000,oracle_event_oracle_qr,31,2,111,011,4,4,1.5810138546144445,0.03009998605655501
43000,oracle_event_oracle_qr,31,2,111,011,8,8,1.4404797605858664,0.05308970117910236
43000,oracle_event_oracle_qr,31,2,111,011,16,16,0.9279068104574262,0.04950367674940686
43000,oracle_event_oracle_qr,32,2,011,011,1,1,0.43775359923021484,0.0011887939313908198
43000,oracle_event_oracle_qr,32,2,011,011,4,4,0.7427524998634467,0.0198231654471058
43000,oracle_event_oracle_qr,32,2,011,011,8,8,0.8761606515131418,0.05673193612973256
43000,oracle_event_oracle_qr,32,2,011,011,16,16,0.7083788342207362,0.07670824610407187
43000,oracle_event_oracle_qr,33,2,011,101,1,1,0.36911830415861463,0.1495109693924985
43000,oracle_event_oracle_qr,33,2,011,101,4,4,0.29100167874480254,0.12578304384341843
43000,oracle_event_oracle_qr,33,2,011,101,8,8,0.3918766775764738,0.10256034591479803
43000,oracle_event_oracle_qr,33,2,011,101,16,16,0.642306019960868,0.07415944222594295
43000,oracle_event_oracle_qr,34,2,101,111,1,1,0.770133358839949,0.03773605361126669
43000,oracle_event_oracle_qr,34,2,101,111,4,4,0.4993455333893769,0.010194504782611965
43000,oracle_event_oracle_qr,34,2,101,111,8,8,0.4685550800380941,0.006604686880418286
43000,oracle_event_oracle_qr,34,2,101,111,16,16,0.5458308440953628,0.015520157305743692
43000,oracle_event_oracle_qr,35,2,111,101,1,1,1.6633794147741334,0.07624590031498203
43000,oracle_event_oracle_qr,35,2,111,101,4,4,0.8387007560238918,0.026368659254620085
43000,oracle_event_oracle_qr,35,2,111,101,8,8,0.5278998110163102,0.013805253724794214
43000,oracle_event_oracle_qr,35,2,111,101,16,16,0.657320022146035,0.01395935473038172
43000,oracle_event_oracle_qr,37,3,011,110,1,1,0.1794234379153913,0.06961107227421687
43000,oracle_event_oracle_qr,37,3,011,110,4,4,0.4719330738824873,0.02458237282625243
43000,oracle_event_oracle_qr,37,3,011,110,8,8,0.12458657517228602,0.013464297659090867
43000,oracle_event_oracle_qr,37,3,011,110,16,16,0.13004173685371775,0.008468646358073272
43000,oracle_event_oracle_qr,38,3,110,111,1,1,0.28571506482806425,8.754738974152705e-05
43000,oracle_event_oracle_qr,38,3,110,111,4,4,0.657424415159557,0.07668521010064006
43000,oracle_event_oracle_qr,38,3,110,111,8,8,1.149960552898893,0.05120841757920533
43000,oracle_event_oracle_qr,38,3,110,111,16,16,1.023414384006854,0.08439421238784382
43000,oracle_event_oracle_qr,39,3,111,011,1,1,0.2817690112335699,0.0178028636240453
43000,oracle_event_oracle_qr,39,3,111,011,4,4,0.2847290838550496,0.049512399169053006
43000,oracle_event_oracle_qr,39,3,111,011,8,8,0.5221014634877891,0.0691379337736408
43000,oracle_event_oracle_qr,39,3,111,011,16,16,0.6208598705310429,0.06986319105806969
43000,oracle_event_oracle_qr,40,3,011,011,1,1,0.32563570045462825,0.08821751570370734
43000,oracle_event_oracle_qr,40,3,011,011,4,4,1.1435119902864135,0.19997341941449873
43000,oracle_event_oracle_qr,40,3,011,011,8,8,0.8032605950585116,0.2055958367802671
43000,oracle_event_oracle_qr,40,3,011,011,16,16,0.6405120438932865,0.10828334919787153
43000,oracle_event_oracle_qr,41,3,011,111,1,1,0.3252530288158578,0.003196718258828874
43000,oracle_event_oracle_qr,41,3,011,111,4,4,1.28803696163313,0.09191327891266518
43000,oracle_event_oracle_qr,41,3,011,111,8,8,0.9123896388696632,0.06701303441279471
43000,oracle_event_oracle_qr,41,3,011,111,16,16,1.0597644664004533,0.06090380968895423
43000,oracle_event_oracle_qr,42,3,111,111,1,1,5.327100317257436,0.09956065658658932
43000,oracle_event_oracle_qr,42,3,111,111,4,4,2.2413216710394037,0.08060023654356643
43000,oracle_event_oracle_qr,42,3,111,111,8,8,1.3459090231758069,0.05016449257643652
43000,oracle_event_oracle_qr,42,3,111,111,16,16,1.0712172591684201,0.03388243321341085
43000,oracle_event_oracle_qr,43,3,111,101,1,1,0.20412578661356426,0.05147475157659376
43000,oracle_event_oracle_qr,43,3,111,101,4,4,0.45867669560357793,0.025477121545515947
43000,oracle_event_oracle_qr,43,3,111,101,8,8,2.5279459079952598,0.11604061717459865
43000,oracle_event_oracle_qr,43,3,111,101,16,16,1.5760161638233225,0.07898081193586726
43000,oracle_event_oracle_qr,44,3,101,110,1,1,1.0697760792264897,7.178704504419272e-05
43000,oracle_event_oracle_qr,44,3,101,110,4,4,0.5040937212178821,0.0016658060482332958
43000,oracle_event_oracle_qr,44,3,101,110,8,8,0.25900729414353424,0.005123069190680572
43000,oracle_event_oracle_qr,44,3,101,110,16,16,0.3450381611452174,0.006048005870080846
43000,oracle_event_oracle_qr,45,3,110,101,1,1,0.0938813373997853,0.035567866812313
43000,oracle_event_oracle_qr,45,3,110,101,4,4,0.34639402258405033,0.06113029615182615
43000,oracle_event_oracle_qr,45,3,110,101,8,8,0.4023232157166622,0.04449495563354119
43000,oracle_event_oracle_qr,45,3,110,101,16,16,0.3962072675876035,0.023016570052420172
43000,oracle_event_oracle_qr,46,3,101,101,1,1,1.9852644635050418,0.09409899873586816
43000,oracle_event_oracle_qr,46,3,101,101,4,4,1.3739542802697629,0.06658842218487504
43000,oracle_event_oracle_qr,46,3,101,101,8,8,1.5549282601770393,0.05083012015687508
43000,oracle_event_oracle_qr,46,3,101,101,16,16,1.4372745738242467,0.043622534408206515
43000,oracle_event_oracle_qr,47,3,101,110,1,1,-0.33436236477821013,0.0013610797032172063
43000,oracle_event_oracle_qr,47,3,101,110,4,4,1.0035171620741645,0.007270579551668554
43000,oracle_event_oracle_qr,47,3,101,110,8,8,0.7620308405858939,0.015635679908851348
43000,oracle_event_oracle_qr,47,3,101,110,16,16,0.2765180995277082,0.013738971265280293
43000,h_plus_total_variance,1,0,011,101,1,1,0.2761977050485522,0.25348247040427946
43000,h_plus_total_variance,1,0,011,101,4,4,0.8446096704457995,0.16510857928241643
43000,h_plus_total_variance,1,0,011,101,8,8,0.6240940377537894,0.10994848220580988
43000,h_plus_total_variance,1,0,011,101,16,16,0.5590706872214667,0.10523694459063221
43000,h_plus_total_variance,2,0,101,110,1,1,0.3167166015948398,0.024462883529984335
43000,h_plus_total_variance,2,0,101,110,4,4,0.1893626891922197,0.008865501539194284
43000,h_plus_total_variance,2,0,101,110,8,8,0.20680566865908295,0.01523739108382129
43000,h_plus_total_variance,2,0,101,110,16,16,0.26815765194659724,0.009354443490345407
43000,h_plus_total_variance,3,0,110,101,1,1,2.1178837803068515,0.15285125285799553
43000,h_plus_total_variance,3,0,110,101,4,4,1.4151927395862292,0.15408964701741207
43000,h_plus_total_variance,3,0,110,101,8,8,1.1664731800640225,0.11797263197739016
43000,h_plus_total_variance,3,0,110,101,16,16,0.7466631610474531,0.07325380062598781
43000,h_plus_total_variance,4,0,101,101,1,1,0.3472989311267033,0.033963206461801926
43000,h_plus_total_variance,4,0,101,101,4,4,0.7080153922321243,0.12209567381319737
43000,h_plus_total_variance,4,0,101,101,8,8,0.789505515876705,0.09552769707428158
43000,h_plus_total_variance,4,0,101,101,16,16,0.7575801681959173,0.08797396963057304
43000,h_plus_total_variance,5,0,101,111,1,1,0.7259837383101805,0.011094000976742971
43000,h_plus_total_variance,5,0,101,111,4,4,0.7298762759097449,0.029551863826971562
43000,h_plus_total_variance,5,0,101,111,8,8,0.8118920687460064,0.052042930216797595
43000,h_plus_total_variance,5,0,101,111,16,16,0.8520886103666141,0.07129886263960289
43000,h_plus_total_variance,6,0,111,111,1,1,0.6365134990057516,0.003481251933747222
43000,h_plus_total_variance,6,0,111,111,4,4,0.8019305673062268,0.0987608572850279
43000,h_plus_total_variance,6,0,111,111,8,8,1.2176779677501428,0.09740403636407413
43000,h_plus_total_variance,6,0,111,111,16,16,1.1329703842336503,0.10434863902437724
43000,h_plus_total_variance,7,0,111,110,1,1,1.0599920957405131,4.847652383879962e-05
43000,h_plus_total_variance,7,0,111,110,4,4,0.6740715220167818,0.005257608977752342
43000,h_plus_total_variance,7,0,111,110,8,8,1.312553312082323,0.002992395606839917
43000,h_plus_total_variance,7,0,111,110,16,16,0.8444641153809637,0.004033006709497249
43000,h_plus_total_variance,8,0,110,011,1,1,-0.5789920300865568,0.03267516536120613
43000,h_plus_total_variance,8,0,110,011,4,4,2.0052645992633096,0.2817096570288838
43000,h_plus_total_variance,8,0,110,011,8,8,1.8299016925169211,0.1611699863757018
43000,h_plus_total_variance,8,0,110,011,16,16,2.081152813166253,0.20767069229923255
43000,h_plus_total_variance,9,0,011,110,1,1,0.44146877917121463,0.026277150053059754
43000,h_plus_total_variance,9,0,011,110,4,4,0.3596648509013436,0.012496102568111473
43000,h_plus_total_variance,9,0,011,110,8,8,0.2814747063865529,0.025891972883097428
43000,h_plus_total_variance,9,0,011,110,16,16,0.34364298603314053,0.01846542093544186
43000,h_plus_total_variance,10,0,110,011,1,1,2.100501355425678,0.30910882590046523
43000,h_plus_total_variance,10,0,110,011,4,4,2.8801271962980532,0.41333640411833167
43000,h_plus_total_variance,10,0,110,011,8,8,2.191815643295981,0.22728015319374417
43000,h_plus_total_variance,10,0,110,011,16,16,1.6154082503066274,0.17702865939491477
43000,h_plus_total_variance,11,0,011,111,1,1,0.9858174147604213,0.00837872318478958
43000,h_plus_total_variance,11,0,011,111,4,4,0.7617716005205662,0.010297413753471022
43000,h_plus_total_variance,11,0,011,111,8,8,0.6878325659642777,0.018755123703334937
43000,h_plus_total_variance,11,0,011,111,16,16,0.5793222388329746,0.036333480654750075
43000,h_plus_total_variance,13,1,011,011,1,1,0.3427607016666182,0.011646480007613813
43000,h_plus_total_variance,13,1,011,011,4,4,0.5325265507148463,0.1060579565123414
43000,h_plus_total_variance,13,1,011,011,8,8,1.049433489939201,0.14200373417069223
43000,h_plus_total_variance,13,1,011,011,16,16,0.8666840797673786,0.12695373092271647
43000,h_plus_total_variance,14,1,011,110,1,1,6.947016473974959,0.00023428471889418368
43000,h_plus_total_variance,14,1,011,110,4,4,2.0135213556124074,0.005216481347274834
43000,h_plus_total_variance,14,1,011,110,8,8,1.071393625809275,0.007057592503946253
43000,h_plus_total_variance,14,1,011,110,16,16,1.0627085621019332,0.008985625180527226
43000,h_plus_total_variance,15,1,110,111,1,1,-0.03585471437456775,0.21272877224923764
43000,h_plus_total_variance,15,1,110,111,4,4,1.1485677792025024,0.11671236243189324
43000,h_plus_total_variance,15,1,110,111,8,8,1.9824527926478894,0.18181231330404662
43000,h_plus_total_variance,15,1,110,111,16,16,2.3656130706902316,0.2103471193908712
43000,h_plus_total_variance,16,1,111,101,1,1,0.46203452652878113,0.014487368277011593
43000,h_plus_total_variance,16,1,111,101,4,4,2.0730606022627662,0.23655597219310484
43000,h_plus_total_variance,16,1,111,101,8,8,1.3971476033362116,0.13652481246768927
43000,h_plus_total_variance,16,1,111,101,16,16,1.118386772659008,0.08956334089237802
43000,h_plus_total_variance,17,1,101,111,1,1,0.8936567546803781,0.0033493029490065996
43000,h_plus_total_variance,17,1,101,111,4,4,0.7814735469733896,0.015791307148417956
43000,h_plus_total_variance,17,1,101,111,8,8,0.7976332501044157,0.10913384561988486
43000,h_plus_total_variance,17,1,101,111,16,16,0.9466809205418081,0.12455141080384487
43000,h_plus_total_variance,18,1,111,110,1,1,0.7522801778798635,0.036556139406614216
43000,h_plus_total_variance,18,1,111,110,4,4,0.3431777709459999,0.014417488810255818
43000,h_plus_total_variance,18,1,111,110,8,8,0.2474542508720754,0.01435458906535203
43000,h_plus_total_variance,18,1,111,110,16,16,0.24253912623988422,0.009750878613404424
43000,h_plus_total_variance,19,1,110,101,1,1,0.9642601051551322,0.012196570249564062
43000,h_plus_total_variance,19,1,110,101,4,4,0.4524925979611939,0.021997989750174314
43000,h_plus_total_variance,19,1,110,101,8,8,1.429256677928059,0.09581615809835847
43000,h_plus_total_variance,19,1,110,101,16,16,1.1133358074635182,0.07860733744419436
43000,h_plus_total_variance,20,1,101,101,1,1,0.2739943229367218,0.02299853168104831
43000,h_plus_total_variance,20,1,101,101,4,4,0.9244471175127753,0.11394658359748076
43000,h_plus_total_variance,20,1,101,101,8,8,1.377152126913229,0.07921356203162444
43000,h_plus_total_variance,20,1,101,101,16,16,1.0782574016628912,0.060377755585259166
43000,h_plus_total_variance,21,1,101,011,1,1,0.6414592822595706,0.16458457561111184
43000,h_plus_total_variance,21,1,101,011,4,4,1.2373215453329647,0.12014574868962555
43000,h_plus_total_variance,21,1,101,011,8,8,0.8713518437462977,0.09350196466130338
43000,h_plus_total_variance,21,1,101,011,16,16,0.6999500563864636,0.07320076546856796
43000,h_plus_total_variance,22,1,011,111,1,1,1.7773573147841266,0.22122295986796647
43000,h_plus_total_variance,22,1,011,111,4,4,1.023613352109715,0.08310359207542464
43000,h_plus_total_variance,22,1,011,111,8,8,1.5385543945017197,0.04719251582281527
43000,h_plus_total_variance,22,1,011,111,16,16,1.1437516714226277,0.051179730274990835
43000,h_plus_total_variance,23,1,111,110,1,1,0.45745495059965585,0.00021777146745766693
43000,h_plus_total_variance,23,1,111,110,4,4,0.37179026488234246,0.004221387984583439
43000,h_plus_total_variance,23,1,111,110,8,8,0.3148364079847802,0.004839863490184207
43000,h_plus_total_variance,23,1,111,110,16,16,0.24732972122129407,0.007382816080564307
43000,h_plus_total_variance,25,2,111,110,1,1,0.7388139026174518,0.0018597049180989244
43000,h_plus_total_variance,25,2,111,110,4,4,0.6432863155320581,0.0052484647393009985
43000,h_plus_total_variance,25,2,111,110,8,8,0.6461693997669025,0.005327757213559464
43000,h_plus_total_variance,25,2,111,110,16,16,0.5582581693635988,0.0059746703574073455
43000,h_plus_total_variance,26,2,110,011,1,1,-0.10008082605327552,0.051738088368381285
43000,h_plus_total_variance,26,2,110,011,4,4,2.4140837922249667,0.2596903024597046
43000,h_plus_total_variance,26,2,110,011,8,8,1.9784067215481858,0.17646883183363624
43000,h_plus_total_variance,26,2,110,011,16,16,1.3684569969227816,0.1255255738719931
43000,h_plus_total_variance,27,2,011,110,1,1,0.5271100515822551,0.014064100884654011
43000,h_plus_total_variance,27,2,011,110,4,4,0.284525926068014,0.02251163599504372
43000,h_plus_total_variance,27,2,011,110,8,8,1.2156222150979876,0.013586058648180188
43000,h_plus_total_variance,27,2,011,110,16,16,0.6740940574767091,0.009068211234832344
43000,h_plus_total_variance,28,2,110,101,1,1,1.086012234661781,0.03906751930329524
43000,h_plus_total_variance,28,2,110,101,4,4,0.1431324654350776,0.018408574081671607
43000,h_plus_total_variance,28,2,110,101,8,8,0.5194675176719756,0.03224698177321756
43000,h_plus_total_variance,28,2,110,101,16,16,0.8496465713070217,0.07264702398655046
43000,h_plus_total_variance,29,2,101,110,1,1,0.3850126744661002,0.00045160528007402094
43000,h_plus_total_variance,29,2,101,110,4,4,0.48883773938279473,0.020001909292377145
43000,h_plus_total_variance,29,2,101,110,8,8,0.42503341243634574,0.010542150406011185
43000,h_plus_total_variance,29,2,101,110,16,16,0.41835442382309884,0.010890556494655515
43000,h_plus_total_variance,30,2,110,111,1,1,0.20359872012367208,0.009757744035751135
43000,h_plus_total_variance,30,2,110,111,4,4,0.3981468276707603,0.009968579852450069
43000,h_plus_total_variance,30,2,110,111,8,8,0.9646381143354137,0.028338300262315725
43000,h_plus_total_variance,30,2,110,111,16,16,1.2002156589123543,0.032162204999717996
43000,h_plus_total_variance,31,2,111,011,1,1,2.43353372813933,0.013610461703159929
43000,h_plus_total_variance,31,2,111,011,4,4,1.7838676421509072,0.1204879940615206
43000,h_plus_total_variance,31,2,111,011,8,8,1.446481765452908,0.17717370615902744
43000,h_plus_total_variance,31,2,111,011,16,16,1.0305132414798226,0.10843949893659185
43000,h_plus_total_variance,32,2,011,011,1,1,0.5196168847188979,0.006589356703831294
43000,h_plus_total_variance,32,2,011,011,4,4,0.7495216520883011,0.08870177006486557
43000,h_plus_total_variance,32,2,011,011,8,8,1.0187024348080524,0.12964448867977713
43000,h_plus_total_variance,32,2,011,011,16,16,0.8329123812288942,0.12220536323951303
43000,h_plus_total_variance,33,2,011,101,1,1,0.4534890075399084,0.06756559723774512
43000,h_plus_total_variance,33,2,011,101,4,4,0.3643391964105386,0.052891427632888566
43000,h_plus_total_variance,33,2,011,101,8,8,0.5323691722040396,0.10442863046681064
43000,h_plus_total_variance,33,2,011,101,16,16,0.8655011174303318,0.12236367352858361
43000,h_plus_total_variance,34,2,101,111,1,1,0.7416644663710101,0.25314502413189305
43000,h_plus_total_variance,34,2,101,111,4,4,0.8140844988616511,0.07193427453180562
43000,h_plus_total_variance,34,2,101,111,8,8,0.7328369801038455,0.04506010995293281
43000,h_plus_total_variance,34,2,101,111,16,16,0.732918869474007,0.054937000850973104
43000,h_plus_total_variance,35,2,111,101,1,1,1.413015271452726,0.011801388627588531
43000,h_plus_total_variance,35,2,111,101,4,4,0.6370544633325949,0.03815614700919815
43000,h_plus_total_variance,35,2,111,101,8,8,0.4477841199130851,0.025776182605048707
43000,h_plus_total_variance,35,2,111,101,16,16,0.7432911180613413,0.07763662776024843
43000,h_plus_total_variance,37,3,011,110,1,1,0.4184783094193414,0.11058323535869675
43000,h_plus_total_variance,37,3,011,110,4,4,0.5078554425369842,0.04758402905825674
43000,h_plus_total_variance,37,3,011,110,8,8,0.4370685361799731,0.025131187299884145
43000,h_plus_total_variance,37,3,011,110,16,16,0.3930533187669754,0.015566654943659719
43000,h_plus_total_variance,38,3,110,111,1,1,0.296067173808138,0.008875224967608657
43000,h_plus_total_variance,38,3,110,111,4,4,2.6948341045679842,0.14508644952469624
43000,h_plus_total_variance,38,3,110,111,8,8,2.1812384794296227,0.09292915931100973
43000,h_plus_total_variance,38,3,110,111,16,16,1.7991057834167927,0.15552722895947135
43000,h_plus_total_variance,39,3,111,011,1,1,0.4847954995468088,0.009671857717763641
43000,h_plus_total_variance,39,3,111,011,4,4,0.436241555125573,0.04697026430386335
43000,h_plus_total_variance,39,3,111,011,8,8,0.7730670584082262,0.09232067125272922
43000,h_plus_total_variance,39,3,111,011,16,16,0.784085960525545,0.101405645266602
43000,h_plus_total_variance,40,3,011,011,1,1,0.3341829903743769,0.1293612816103247
43000,h_plus_total_variance,40,3,011,011,4,4,1.0021274161189495,0.23708429880718926
43000,h_plus_total_variance,40,3,011,011,8,8,0.8714233185996838,0.22654402324502448
43000,h_plus_total_variance,40,3,011,011,16,16,0.6885311422048115,0.12894017245908895
43000,h_plus_total_variance,41,3,011,111,1,1,0.8052377759529802,0.0034433837219121914
43000,h_plus_total_variance,41,3,011,111,4,4,1.1259768316353331,0.08231596689092908
43000,h_plus_total_variance,41,3,011,111,8,8,0.9612605589702147,0.08664238040919572
43000,h_plus_total_variance,41,3,011,111,16,16,1.1929921891809228,0.0902086477182362
43000,h_plus_total_variance,42,3,111,111,1,1,4.6990005517291875,2.4716644433395087
43000,h_plus_total_variance,42,3,111,111,4,4,2.668901401439583,0.8272951965748441
43000,h_plus_total_variance,42,3,111,111,8,8,1.686584453703909,0.4161795049214094
43000,h_plus_total_variance,42,3,111,111,16,16,1.2868950604989964,0.2442801025263337
43000,h_plus_total_variance,43,3,111,101,1,1,0.4967574331292427,0.061530760566059765
43000,h_plus_total_variance,43,3,111,101,4,4,0.6857560869413262,0.055132471698467245
43000,h_plus_total_variance,43,3,111,101,8,8,2.371392818684244,0.10807578788296189
43000,h_plus_total_variance,43,3,111,101,16,16,1.5528297316630366,0.07643847121236536
43000,h_plus_total_variance,44,3,101,110,1,1,0.3428373973234451,0.0006049702321537964
43000,h_plus_total_variance,44,3,101,110,4,4,0.43400155091611603,0.008474198280400566
43000,h_plus_total_variance,44,3,101,110,8,8,0.39157902826751445,0.010642835234557895
43000,h_plus_total_variance,44,3,101,110,16,16,0.39258509246842715,0.00774928092023609
43000,h_plus_total_variance,45,3,110,101,1,1,-0.43673789254546713,0.052525143575335456
43000,h_plus_total_variance,45,3,110,101,4,4,-0.08704045924197629,0.013441258575581387
43000,h_plus_total_variance,45,3,110,101,8,8,0.5070563573146571,0.026852475666921262
43000,h_plus_total_variance,45,3,110,101,16,16,0.21407226294837264,0.04554105603187773
43000,h_plus_total_variance,46,3,101,101,1,1,0.48435937612829866,0.8258580326807134
43000,h_plus_total_variance,46,3,101,101,4,4,1.3522512839452068,0.32047586339901196
43000,h_plus_total_variance,46,3,101,101,8,8,1.5915356311626985,0.19523575896429893
43000,h_plus_total_variance,46,3,101,101,16,16,1.4447709284730978,0.1485716531545248
43000,h_plus_total_variance,47,3,101,110,1,1,0.9061141159299717,0.032692463522568334
43000,h_plus_total_variance,47,3,101,110,4,4,1.6733455405918014,0.012834316636472436
43000,h_plus_total_variance,47,3,101,110,8,8,1.137532325940448,0.022349242891556338
43000,h_plus_total_variance,47,3,101,110,16,16,0.741409740921774,0.01630567089737999
43000,generator_supported_seen_mode_imm,1,0,011,101,1,1,0.32268655508791694,0.24652693868734085
43000,generator_supported_seen_mode_imm,1,0,011,101,4,4,1.1287338675083398,0.16537065997882266
43000,generator_supported_seen_mode_imm,1,0,011,101,8,8,0.9280604299516941,0.1347514775859242
43000,generator_supported_seen_mode_imm,1,0,011,101,16,16,0.6954127738615865,0.0860870883473335
43000,generator_supported_seen_mode_imm,2,0,101,110,1,1,0.10289099856740974,0.0001584328176898686
43000,generator_supported_seen_mode_imm,2,0,101,110,4,4,-0.13455981842370623,0.008013663595711927
43000,generator_supported_seen_mode_imm,2,0,101,110,8,8,-0.012984385922234408,0.014499263040474185
43000,generator_supported_seen_mode_imm,2,0,101,110,16,16,0.18484630824493664,0.009904970652143182
43000,generator_supported_seen_mode_imm,3,0,110,101,1,1,3.1700246125458187,0.16395378243200687
43000,generator_supported_seen_mode_imm,3,0,110,101,4,4,1.9712930876075423,0.13407231774188455
43000,generator_supported_seen_mode_imm,3,0,110,101,8,8,1.4100842494978387,0.16279309001482112
43000,generator_supported_seen_mode_imm,3,0,110,101,16,16,0.9052571353177669,0.10357220814909526
43000,generator_supported_seen_mode_imm,4,0,101,101,1,1,0.35006528521885805,0.004546558165248728
43000,generator_supported_seen_mode_imm,4,0,101,101,4,4,0.6438968516645689,0.00472148947184723
43000,generator_supported_seen_mode_imm,4,0,101,101,8,8,0.58964784063433,0.005564636710266637
43000,generator_supported_seen_mode_imm,4,0,101,101,16,16,0.5436656076822929,0.0096903394703774
43000,generator_supported_seen_mode_imm,5,0,101,111,1,1,0.1963283788529244,0.025885551813998008
43000,generator_supported_seen_mode_imm,5,0,101,111,4,4,0.33203367335093703,0.02111873603046293
43000,generator_supported_seen_mode_imm,5,0,101,111,8,8,0.4758649989803016,0.0326761806158919
43000,generator_supported_seen_mode_imm,5,0,101,111,16,16,1.0034983276602132,0.08169518242195553
43000,generator_supported_seen_mode_imm,6,0,111,111,1,1,0.16332850405337151,0.06114587405685541
43000,generator_supported_seen_mode_imm,6,0,111,111,4,4,0.47601436874522934,0.026615838679571843
43000,generator_supported_seen_mode_imm,6,0,111,111,8,8,1.4646665542284678,0.11722466188510804
43000,generator_supported_seen_mode_imm,6,0,111,111,16,16,1.4263693946852798,0.16307986885068687
43000,generator_supported_seen_mode_imm,7,0,111,110,1,1,0.11816527995458562,0.022822692567124204
43000,generator_supported_seen_mode_imm,7,0,111,110,4,4,0.20677218084317212,0.03360541607223842
43000,generator_supported_seen_mode_imm,7,0,111,110,8,8,1.4616969231730341,0.03460513296083169
43000,generator_supported_seen_mode_imm,7,0,111,110,16,16,0.8085388356409602,0.02325903401085204
43000,generator_supported_seen_mode_imm,8,0,110,011,1,1,-0.7359416240409113,0.03449186283519471
43000,generator_supported_seen_mode_imm,8,0,110,011,4,4,1.6036513061785627,0.0613950069207328
43000,generator_supported_seen_mode_imm,8,0,110,011,8,8,1.0657965853404407,0.04108611223776448
43000,generator_supported_seen_mode_imm,8,0,110,011,16,16,1.1661442652533598,0.035364760756014975
43000,generator_supported_seen_mode_imm,9,0,011,110,1,1,0.15932648580929362,0.002056259281837521
43000,generator_supported_seen_mode_imm,9,0,011,110,4,4,0.07207121443729561,0.00508708491717739
43000,generator_supported_seen_mode_imm,9,0,011,110,8,8,-0.061685776481901926,0.021647531033376907
43000,generator_supported_seen_mode_imm,9,0,011,110,16,16,0.21293832463171636,0.03232418140940169
43000,generator_supported_seen_mode_imm,10,0,110,011,1,1,2.208705914858664,0.3300281785494659
43000,generator_supported_seen_mode_imm,10,0,110,011,4,4,3.1238416697067906,0.11697879052367095
43000,generator_supported_seen_mode_imm,10,0,110,011,8,8,1.9432191407656139,0.10494164254975638
43000,generator_supported_seen_mode_imm,10,0,110,011,16,16,1.3380227692377349,0.06659216227959976
43000,generator_supported_seen_mode_imm,11,0,011,111,1,1,1.8881408261915429,0.33620259411174397
43000,generator_supported_seen_mode_imm,11,0,011,111,4,4,1.6865021273636447,0.1947858100939756
43000,generator_supported_seen_mode_imm,11,0,011,111,8,8,1.243052563964111,0.12942075728104316
43000,generator_supported_seen_mode_imm,11,0,011,111,16,16,0.7647284675199739,0.0802266716130863
43000,generator_supported_seen_mode_imm,13,1,011,011,1,1,1.4968516266161926,0.42609974542908585
43000,generator_supported_seen_mode_imm,13,1,011,011,4,4,1.4666654283502492,0.18362764196491424
43000,generator_supported_seen_mode_imm,13,1,011,011,8,8,1.6148220462439236,0.12179393537249726
43000,generator_supported_seen_mode_imm,13,1,011,011,16,16,1.186962393853873,0.11777618279811278
43000,generator_supported_seen_mode_imm,14,1,011,110,1,1,8.794975909019493,0.005539887058046468
43000,generator_supported_seen_mode_imm,14,1,011,110,4,4,2.5073254134602485,0.004980317410962922
43000,generator_supported_seen_mode_imm,14,1,011,110,8,8,1.1472753659962749,0.009713403700416874
43000,generator_supported_seen_mode_imm,14,1,011,110,16,16,1.3348946793845875,0.014765169837703457
43000,generator_supported_seen_mode_imm,15,1,110,111,1,1,-0.10628791081212975,0.2225059852868965
43000,generator_supported_seen_mode_imm,15,1,110,111,4,4,1.7077282167986174,0.07542178177683183
43000,generator_supported_seen_mode_imm,15,1,110,111,8,8,1.67721583201324,0.10706274628933701
43000,generator_supported_seen_mode_imm,15,1,110,111,16,16,2.571925349982532,0.09152666903105101
43000,generator_supported_seen_mode_imm,16,1,111,101,1,1,-0.19461657487007777,0.007528329947899438
43000,generator_supported_seen_mode_imm,16,1,111,101,4,4,3.2180780769160053,0.09656656253945933
43000,generator_supported_seen_mode_imm,16,1,111,101,8,8,1.7700152254429131,0.05600584724878954
43000,generator_supported_seen_mode_imm,16,1,111,101,16,16,1.1372183563619513,0.04119403822160954
43000,generator_supported_seen_mode_imm,17,1,101,111,1,1,0.2981100402876572,0.020527127754072515
43000,generator_supported_seen_mode_imm,17,1,101,111,4,4,0.38735861681399825,0.009021177399668427
43000,generator_supported_seen_mode_imm,17,1,101,111,8,8,0.5478351096745194,0.048806265495817736
43000,generator_supported_seen_mode_imm,17,1,101,111,16,16,0.999358408606021,0.0972360621985492
43000,generator_supported_seen_mode_imm,18,1,111,110,1,1,1.1042262036350765,0.21726728258797162
43000,generator_supported_seen_mode_imm,18,1,111,110,4,4,0.44196475920984346,0.09010342518075366
43000,generator_supported_seen_mode_imm,18,1,111,110,8,8,0.13466178205762927,0.05072713530090839
43000,generator_supported_seen_mode_imm,18,1,111,110,16,16,0.13053797634726444,0.02825623761407136
43000,generator_supported_seen_mode_imm,19,1,110,101,1,1,1.215199172701213,0.02019472525563828
43000,generator_supported_seen_mode_imm,19,1,110,101,4,4,0.5712149127114372,0.0247683452549843
43000,generator_supported_seen_mode_imm,19,1,110,101,8,8,1.727115040912016,0.2093672020025281
43000,generator_supported_seen_mode_imm,19,1,110,101,16,16,1.2600337178650816,0.15283967048814123
43000,generator_supported_seen_mode_imm,20,1,101,101,1,1,0.07110504463123694,0.04906152622737974
43000,generator_supported_seen_mode_imm,20,1,101,101,4,4,0.5353649536896774,0.051191796557282204
43000,generator_supported_seen_mode_imm,20,1,101,101,8,8,1.580083878805296,0.030890776898867482
43000,generator_supported_seen_mode_imm,20,1,101,101,16,16,1.43565154060581,0.10622238040662801
43000,generator_supported_seen_mode_imm,21,1,101,011,1,1,0.7356914696708765,0.008809336405960308
43000,generator_supported_seen_mode_imm,21,1,101,011,4,4,0.9045914868948123,0.10895746297382654
43000,generator_supported_seen_mode_imm,21,1,101,011,8,8,0.8403181699910053,0.24023876416090825
43000,generator_supported_seen_mode_imm,21,1,101,011,16,16,0.5558475568460559,0.13879387860142434
43000,generator_supported_seen_mode_imm,22,1,011,111,1,1,2.628575925304551,0.008918420795881538
43000,generator_supported_seen_mode_imm,22,1,011,111,4,4,0.8819396523440489,0.004591475546191019
43000,generator_supported_seen_mode_imm,22,1,011,111,8,8,1.5958837735729632,0.006278517341510271
43000,generator_supported_seen_mode_imm,22,1,011,111,16,16,1.1049785199120508,0.022955578902949265
43000,generator_supported_seen_mode_imm,23,1,111,110,1,1,0.0909769125411971,0.005670014243669334
43000,generator_supported_seen_mode_imm,23,1,111,110,4,4,0.1292438202341519,0.014074598747881563
43000,generator_supported_seen_mode_imm,23,1,111,110,8,8,0.09410346092255159,0.017472697007324026
43000,generator_supported_seen_mode_imm,23,1,111,110,16,16,-0.01668786957074564,0.014651028334838704
43000,generator_supported_seen_mode_imm,25,2,111,110,1,1,0.3040376789445323,0.06961566254993065
43000,generator_supported_seen_mode_imm,25,2,111,110,4,4,0.34397863539645923,0.04932947474250314
43000,generator_supported_seen_mode_imm,25,2,111,110,8,8,0.4048685160520975,0.07160224330694545
43000,generator_supported_seen_mode_imm,25,2,111,110,16,16,0.32056451934188007,0.05387320610179759
43000,generator_supported_seen_mode_imm,26,2,110,011,1,1,-0.2242771407096515,0.04270181688628446
43000,generator_supported_seen_mode_imm,26,2,110,011,4,4,2.6274866951464597,0.10666445551834783
43000,generator_supported_seen_mode_imm,26,2,110,011,8,8,1.9512353403770177,0.08162069371214026
43000,generator_supported_seen_mode_imm,26,2,110,011,16,16,1.2609382890452085,0.04768622738039548
43000,generator_supported_seen_mode_imm,27,2,011,110,1,1,0.14396965490181407,0.020626059847500034
43000,generator_supported_seen_mode_imm,27,2,011,110,4,4,0.054002059022442955,0.023320570227521837
43000,generator_supported_seen_mode_imm,27,2,011,110,8,8,0.8959899237764318,0.01453912932512699
43000,generator_supported_seen_mode_imm,27,2,011,110,16,16,0.5560105836493598,0.011581911802110822
43000,generator_supported_seen_mode_imm,28,2,110,101,1,1,1.368438475336914,0.054428328843347286
43000,generator_supported_seen_mode_imm,28,2,110,101,4,4,0.12068451655087305,0.022618906327659255
43000,generator_supported_seen_mode_imm,28,2,110,101,8,8,0.6405802945717298,0.03470845358401437
43000,generator_supported_seen_mode_imm,28,2,110,101,16,16,0.7251365701702865,0.03117868999175038
43000,generator_supported_seen_mode_imm,29,2,101,110,1,1,0.02885996677717162,0.0005013203910107104
43000,generator_supported_seen_mode_imm,29,2,101,110,4,4,0.36688827596303597,0.09081544448021933
43000,generator_supported_seen_mode_imm,29,2,101,110,8,8,0.2799293865229262,0.05988694955333166
43000,generator_supported_seen_mode_imm,29,2,101,110,16,16,0.392846845036302,0.058367921236985115
43000,generator_supported_seen_mode_imm,30,2,110,111,1,1,0.15455676955553949,0.002929541687445975
43000,generator_supported_seen_mode_imm,30,2,110,111,4,4,0.5086472725881188,0.0064320345693997544
43000,generator_supported_seen_mode_imm,30,2,110,111,8,8,1.2362523517010044,0.0373248230854375
43000,generator_supported_seen_mode_imm,30,2,110,111,16,16,1.7052294945723816,0.04355030496102062
43000,generator_supported_seen_mode_imm,31,2,111,011,1,1,1.1590843232355652,0.026611776612978345
43000,generator_supported_seen_mode_imm,31,2,111,011,4,4,1.8792009721630158,0.05801258987685534
43000,generator_supported_seen_mode_imm,31,2,111,011,8,8,1.6224570578315451,0.0560809396287618
43000,generator_supported_seen_mode_imm,31,2,111,011,16,16,0.9390480617418381,0.06765015481224071
43000,generator_supported_seen_mode_imm,32,2,011,011,1,1,0.25580173812948515,0.0060112745475449396
43000,generator_supported_seen_mode_imm,32,2,011,011,4,4,0.9545501304843443,0.016581935009002017
43000,generator_supported_seen_mode_imm,32,2,011,011,8,8,0.8501514366463891,0.05951930168868368
43000,generator_supported_seen_mode_imm,32,2,011,011,16,16,0.6965095618988875,0.10990005141324888
43000,generator_supported_seen_mode_imm,33,2,011,101,1,1,0.2700211914123034,0.18284755886489562
43000,generator_supported_seen_mode_imm,33,2,011,101,4,4,0.22168380397764584,0.15459474680911517
43000,generator_supported_seen_mode_imm,33,2,011,101,8,8,0.36451939578192233,0.12710295856841325
43000,generator_supported_seen_mode_imm,33,2,011,101,16,16,0.6325997819012203,0.09062929725721386
43000,generator_supported_seen_mode_imm,34,2,101,111,1,1,0.9649187597765275,0.008052629203291084
43000,generator_supported_seen_mode_imm,34,2,101,111,4,4,0.3919649668400216,0.0023904013935403187
43000,generator_supported_seen_mode_imm,34,2,101,111,8,8,0.43014240748176436,0.009985355693975066
43000,generator_supported_seen_mode_imm,34,2,101,111,16,16,0.6279698457318743,0.015734308551979263
43000,generator_supported_seen_mode_imm,35,2,111,101,1,1,1.74841031559759,0.12845075511015688
43000,generator_supported_seen_mode_imm,35,2,111,101,4,4,1.0062143552863971,0.06139887515852433
43000,generator_supported_seen_mode_imm,35,2,111,101,8,8,0.6008776572960404,0.03401904078072751
43000,generator_supported_seen_mode_imm,35,2,111,101,16,16,0.7176241395468713,0.02958000524528924
43000,generator_supported_seen_mode_imm,37,3,011,110,1,1,0.8918306984133221,0.006364376694827815
43000,generator_supported_seen_mode_imm,37,3,011,110,4,4,1.04407358520355,0.1977498698816676
43000,generator_supported_seen_mode_imm,37,3,011,110,8,8,0.6169112533293163,0.1058951828931825
43000,generator_supported_seen_mode_imm,37,3,011,110,16,16,0.4483478048915231,0.06393606340021948
43000,generator_supported_seen_mode_imm,38,3,110,111,1,1,-0.021818418346536007,0.01637217678373259
43000,generator_supported_seen_mode_imm,38,3,110,111,4,4,1.7113792737378173,0.09990480967938013
43000,generator_supported_seen_mode_imm,38,3,110,111,8,8,1.8871930779552333,0.05886583520227249
43000,generator_supported_seen_mode_imm,38,3,110,111,16,16,1.4180731879171589,0.07006861947677501
43000,generator_supported_seen_mode_imm,39,3,111,011,1,1,0.12264270033823825,0.023319822656116714
43000,generator_supported_seen_mode_imm,39,3,111,011,4,4,0.032209574887527195,0.05227129276993067
43000,generator_supported_seen_mode_imm,39,3,111,011,8,8,0.3738691595743307,0.06654729740201801
43000,generator_supported_seen_mode_imm,39,3,111,011,16,16,0.5996696230887987,0.06637026971304733
43000,generator_supported_seen_mode_imm,40,3,011,011,1,1,0.5623871120751962,0.0009086029785057897
43000,generator_supported_seen_mode_imm,40,3,011,011,4,4,1.2529802028776325,0.11700575187682344
43000,generator_supported_seen_mode_imm,40,3,011,011,8,8,0.7373539019594587,0.13819541741024394
43000,generator_supported_seen_mode_imm,40,3,011,011,16,16,0.606930460756689,0.07766205327101837
43000,generator_supported_seen_mode_imm,41,3,011,111,1,1,0.08037973022046395,1.8949489462809182e-06
43000,generator_supported_seen_mode_imm,41,3,011,111,4,4,1.594563690038003,0.19776682286483516
43000,generator_supported_seen_mode_imm,41,3,011,111,8,8,1.05077377058278,0.1830614135103084
43000,generator_supported_seen_mode_imm,41,3,011,111,16,16,1.2469723738157803,0.11188134780457028
43000,generator_supported_seen_mode_imm,42,3,111,111,1,1,7.590052153298632,1.9773473531901458
43000,generator_supported_seen_mode_imm,42,3,111,111,4,4,3.48478282966726,0.6457855872524336
43000,generator_supported_seen_mode_imm,42,3,111,111,8,8,1.9194051376849248,0.33875220648961585
43000,generator_supported_seen_mode_imm,42,3,111,111,16,16,1.5975883291402597,0.2048287193455898
43000,generator_supported_seen_mode_imm,43,3,111,101,1,1,0.20931874065316924,0.00026416896946733097
43000,generator_supported_seen_mode_imm,43,3,111,101,4,4,0.4488424650310913,0.001319884299235202
43000,generator_supported_seen_mode_imm,43,3,111,101,8,8,3.33306927995764,0.0770254367774369
43000,generator_supported_seen_mode_imm,43,3,111,101,16,16,2.0581047236504233,0.0590206775764653
43000,generator_supported_seen_mode_imm,44,3,101,110,1,1,0.634629308041222,0.10613818979461324
43000,generator_supported_seen_mode_imm,44,3,101,110,4,4,0.5083252938028511,0.10654969811771821
43000,generator_supported_seen_mode_imm,44,3,101,110,8,8,0.6138934053520013,0.12003167180834096
43000,generator_supported_seen_mode_imm,44,3,101,110,16,16,0.520177285857956,0.0632802618467829
43000,generator_supported_seen_mode_imm,45,3,110,101,1,1,-0.46078279880784045,0.05567506205836591
43000,generator_supported_seen_mode_imm,45,3,110,101,4,4,-0.13898347763275892,0.014348720425754882
43000,generator_supported_seen_mode_imm,45,3,110,101,8,8,0.3901371136776508,0.02758712592303445
43000,generator_supported_seen_mode_imm,45,3,110,101,16,16,0.13469981426221855,0.04640585185754547
43000,generator_supported_seen_mode_imm,46,3,101,101,1,1,2.387502674624607,0.06416453114207904
43000,generator_supported_seen_mode_imm,46,3,101,101,4,4,1.4105062966855884,0.043054071867464294
43000,generator_supported_seen_mode_imm,46,3,101,101,8,8,1.900333291631769,0.03499770341687726
43000,generator_supported_seen_mode_imm,46,3,101,101,16,16,1.8072286198926493,0.040957582065102
43000,generator_supported_seen_mode_imm,47,3,101,110,1,1,0.0863654884161053,0.004240063469257088
43000,generator_supported_seen_mode_imm,47,3,101,110,4,4,1.9700291995477053,0.005588214255672892
43000,generator_supported_seen_mode_imm,47,3,101,110,8,8,1.3701902458019282,0.08993404063219917
43000,generator_supported_seen_mode_imm,47,3,101,110,16,16,0.6428225915834956,0.06268378878880856
43000,selected_fixed_jump,1,0,011,101,1,1,0.41975597321342567,0.14454008367292537
43000,selected_fixed_jump,1,0,011,101,4,4,1.4231364013090901,0.09059214392611484
43000,selected_fixed_jump,1,0,011,101,8,8,0.9031566641637241,0.06614820423645396
43000,selected_fixed_jump,1,0,011,101,16,16,0.726224717661931,0.06741795003987248
43000,selected_fixed_jump,2,0,101,110,1,1,-0.14119731229564117,0.0335347824686135
43000,selected_fixed_jump,2,0,101,110,4,4,-0.27029367093877327,0.010894044165758253
43000,selected_fixed_jump,2,0,101,110,8,8,-0.16696898244586666,0.019069164919073185
43000,selected_fixed_jump,2,0,101,110,16,16,0.128702286822879,0.02027183021767249
43000,selected_fixed_jump,3,0,110,101,1,1,3.649865160755023,0.04826655435572239
43000,selected_fixed_jump,3,0,110,101,4,4,1.9680313168239425,0.07349955564541838
43000,selected_fixed_jump,3,0,110,101,8,8,1.4512855102948086,0.08793371401677119
43000,selected_fixed_jump,3,0,110,101,16,16,0.8211125073396163,0.053445104071871495
43000,selected_fixed_jump,4,0,101,101,1,1,-0.25981893483709384,0.02005865503578332
43000,selected_fixed_jump,4,0,101,101,4,4,0.7703946800770789,0.08127990549705055
43000,selected_fixed_jump,4,0,101,101,8,8,0.9804359874758136,0.05663741424999523
43000,selected_fixed_jump,4,0,101,101,16,16,0.9030853712368512,0.048465724857262985
43000,selected_fixed_jump,5,0,101,111,1,1,0.2919488870911697,0.02257613562341849
43000,selected_fixed_jump,5,0,101,111,4,4,0.5650759203091045,0.02014502408329365
43000,selected_fixed_jump,5,0,101,111,8,8,0.929804485640853,0.02670903443505479
43000,selected_fixed_jump,5,0,101,111,16,16,1.183833781797564,0.09826209212276517
43000,selected_fixed_jump,6,0,111,111,1,1,-0.31725129965169424,0.009981358716796377
43000,selected_fixed_jump,6,0,111,111,4,4,0.679809950615355,0.05453697130556323
43000,selected_fixed_jump,6,0,111,111,8,8,1.4713822361448765,0.09676964900665751
43000,selected_fixed_jump,6,0,111,111,16,16,1.7081601691251618,0.10195394751654027
43000,selected_fixed_jump,7,0,111,110,1,1,1.717034617476432,0.011868059364227015
43000,selected_fixed_jump,7,0,111,110,4,4,0.5438697077912376,0.0167085187666727
43000,selected_fixed_jump,7,0,111,110,8,8,1.367750992634526,0.011270026763111632
43000,selected_fixed_jump,7,0,111,110,16,16,0.6471957725436183,0.009472546256560185
43000,selected_fixed_jump,8,0,110,011,1,1,-0.33332574164182166,0.02610717890349765
43000,selected_fixed_jump,8,0,110,011,4,4,1.5155235502561868,0.16031619677570041
43000,selected_fixed_jump,8,0,110,011,8,8,1.278712220111508,0.08362697195221526
43000,selected_fixed_jump,8,0,110,011,16,16,1.9682742929122075,0.09185680192597337
43000,selected_fixed_jump,9,0,011,110,1,1,-0.20368898914265832,0.02807899677478004
43000,selected_fixed_jump,9,0,011,110,4,4,-0.1332314128557841,0.02018701488186513
43000,selected_fixed_jump,9,0,011,110,8,8,-0.17081725049064345,0.030427887229822592
43000,selected_fixed_jump,9,0,011,110,16,16,0.039799197704427434,0.027343657724297275
43000,selected_fixed_jump,10,0,110,011,1,1,1.0025601517337979,0.19755330882464367
43000,selected_fixed_jump,10,0,110,011,4,4,3.1087782010109124,0.39046374980792753
43000,selected_fixed_jump,10,0,110,011,8,8,2.537568344508748,0.22873357301305475
43000,selected_fixed_jump,10,0,110,011,16,16,1.8688611415895373,0.16629520713248996
43000,selected_fixed_jump,11,0,011,111,1,1,2.1181898060680835,0.058433453674719395
43000,selected_fixed_jump,11,0,011,111,4,4,1.306860615391005,0.02194110989833452
43000,selected_fixed_jump,11,0,011,111,8,8,0.8394969562993964,0.021175950119170225
43000,selected_fixed_jump,11,0,011,111,16,16,0.5018912580085412,0.032678498050397284
43000,selected_fixed_jump,13,1,011,011,1,1,0.02471623698125171,0.04225528864954927
43000,selected_fixed_jump,13,1,011,011,4,4,0.746281179073178,0.07446128005023492
43000,selected_fixed_jump,13,1,011,011,8,8,1.797626452005836,0.13833772356051516
43000,selected_fixed_jump,13,1,011,011,16,16,1.3858009206063975,0.10997353333856108
43000,selected_fixed_jump,14,1,011,110,1,1,7.589183434428017,1.3528077786323965e-06
43000,selected_fixed_jump,14,1,011,110,4,4,1.9867517294750394,0.004102185803101957
43000,selected_fixed_jump,14,1,011,110,8,8,0.8640423048097999,0.0078196478140229
43000,selected_fixed_jump,14,1,011,110,16,16,1.0628717898625106,0.014060574017905003
43000,selected_fixed_jump,15,1,110,111,1,1,-0.1981583087333815,0.19178410325452358
43000,selected_fixed_jump,15,1,110,111,4,4,1.5784515121909932,0.08204124618604128
43000,selected_fixed_jump,15,1,110,111,8,8,2.6341851078665863,0.15706697195929828
43000,selected_fixed_jump,15,1,110,111,16,16,3.416221347755971,0.17239503037996556
43000,selected_fixed_jump,16,1,111,101,1,1,-0.2499352611281304,0.00972478100254302
43000,selected_fixed_jump,16,1,111,101,4,4,3.726670474568231,0.24423738195732214
43000,selected_fixed_jump,16,1,111,101,8,8,2.287730083391142,0.13467208046187162
43000,selected_fixed_jump,16,1,111,101,16,16,1.5552000624036901,0.07712940505821163
43000,selected_fixed_jump,17,1,101,111,1,1,0.647852337221417,0.013354749290323095
43000,selected_fixed_jump,17,1,101,111,4,4,0.7053766873530962,0.0064672691050635155
43000,selected_fixed_jump,17,1,101,111,8,8,0.9704371417238017,0.0588509626717242
43000,selected_fixed_jump,17,1,101,111,16,16,1.1380112657499035,0.09038248311333522
43000,selected_fixed_jump,18,1,111,110,1,1,1.2225026640123378,0.09847686258882883
43000,selected_fixed_jump,18,1,111,110,4,4,0.17998354738291236,0.03214026918865465
43000,selected_fixed_jump,18,1,111,110,8,8,0.009550314745730454,0.02727479083597773
43000,selected_fixed_jump,18,1,111,110,16,16,0.1290768122129657,0.020427217739657416
43000,selected_fixed_jump,19,1,110,101,1,1,0.056067854646517236,0.008714008814555257
43000,selected_fixed_jump,19,1,110,101,4,4,0.12605734186730908,0.014002167747428414
43000,selected_fixed_jump,19,1,110,101,8,8,1.393419938522044,0.06124233984030525
43000,selected_fixed_jump,19,1,110,101,16,16,1.0470677890096785,0.05049984411606601
43000,selected_fixed_jump,20,1,101,101,1,1,-0.31071825508132495,0.0306968420588279
43000,selected_fixed_jump,20,1,101,101,4,4,1.19749800314887,0.07494217350289857
43000,selected_fixed_jump,20,1,101,101,8,8,1.6460888413593242,0.04791039986345596
43000,selected_fixed_jump,20,1,101,101,16,16,1.399288092700951,0.03652597034860945
43000,selected_fixed_jump,21,1,101,011,1,1,1.406201587848774,0.06634538175087716
43000,selected_fixed_jump,21,1,101,011,4,4,2.2107046297298716,0.08486513220271047
43000,selected_fixed_jump,21,1,101,011,8,8,1.2130032279650316,0.09216911187073588
43000,selected_fixed_jump,21,1,101,011,16,16,0.8107645960527519,0.06420690565016975
43000,selected_fixed_jump,22,1,011,111,1,1,4.722318592301052,0.09789325902109795
43000,selected_fixed_jump,22,1,011,111,4,4,1.6469804347241093,0.04031360126594595
43000,selected_fixed_jump,22,1,011,111,8,8,1.8391446319328315,0.0237498144080014
43000,selected_fixed_jump,22,1,011,111,16,16,1.4075825106158275,0.027264602113629476
43000,selected_fixed_jump,23,1,111,110,1,1,-0.16333219955973383,5.823450819989033e-07
43000,selected_fixed_jump,23,1,111,110,4,4,-0.12570388388323248,0.006051232707671522
43000,selected_fixed_jump,23,1,111,110,8,8,-0.13309440175877335,0.00976060856109632
43000,selected_fixed_jump,23,1,111,110,16,16,-0.13987137768626973,0.009596633405277118
43000,selected_fixed_jump,25,2,111,110,1,1,0.6638858933307057,0.005006684629634245
43000,selected_fixed_jump,25,2,111,110,4,4,-0.03293639010085175,0.006783636030119545
43000,selected_fixed_jump,25,2,111,110,8,8,0.2592151154784794,0.016140703471348692
43000,selected_fixed_jump,25,2,111,110,16,16,0.14241571253221055,0.016647401932616504
43000,selected_fixed_jump,26,2,110,011,1,1,0.04839131495160645,0.0880423567725046
43000,selected_fixed_jump,26,2,110,011,4,4,2.645426891679587,0.1161461899571839
43000,selected_fixed_jump,26,2,110,011,8,8,1.9703268368921403,0.11627438957024563
43000,selected_fixed_jump,26,2,110,011,16,16,1.42674920124845,0.07781258876017294
43000,selected_fixed_jump,27,2,011,110,1,1,0.4399749873675972,0.03623856346136534
43000,selected_fixed_jump,27,2,011,110,4,4,-0.06372556877805362,0.02572937676588648
43000,selected_fixed_jump,27,2,011,110,8,8,0.8467168880764656,0.015556276350778962
43000,selected_fixed_jump,27,2,011,110,16,16,0.3966519068698995,0.013144156669932835
43000,selected_fixed_jump,28,2,110,101,1,1,0.6082281300611588,0.014954959481927281
43000,selected_fixed_jump,28,2,110,101,4,4,0.005479683027031406,0.010346967085616582
43000,selected_fixed_jump,28,2,110,101,8,8,0.2664413954926097,0.016191157020975396
43000,selected_fixed_jump,28,2,110,101,16,16,0.7913544545001759,0.03861695757260684
43000,selected_fixed_jump,29,2,101,110,1,1,-0.31696382899652203,0.0011732799519249956
43000,selected_fixed_jump,29,2,101,110,4,4,0.20616605531262008,0.03722411372317836
43000,selected_fixed_jump,29,2,101,110,8,8,0.05874468509953677,0.020472656336957173
43000,selected_fixed_jump,29,2,101,110,16,16,0.22881448080792233,0.02350893064874335
43000,selected_fixed_jump,30,2,110,111,1,1,-0.01401757700006603,0.0029166604994364507
43000,selected_fixed_jump,30,2,110,111,4,4,0.05136741301029549,0.007617715949704459
43000,selected_fixed_jump,30,2,110,111,8,8,0.7872530432918619,0.012775363170216077
43000,selected_fixed_jump,30,2,110,111,16,16,1.3175878642689671,0.01902999577100343
43000,selected_fixed_jump,31,2,111,011,1,1,3.9721515256089654,0.0021507906044932615
43000,selected_fixed_jump,31,2,111,011,4,4,3.5635720039982632,0.07269226474399386
43000,selected_fixed_jump,31,2,111,011,8,8,3.112194040109822,0.13022048987135776
43000,selected_fixed_jump,31,2,111,011,16,16,1.663057056826489,0.08492780864614001
43000,selected_fixed_jump,32,2,011,011,1,1,0.1563900310354567,3.6550421987226027e-06
43000,selected_fixed_jump,32,2,011,011,4,4,1.0938788256576573,0.044792944608985794
43000,selected_fixed_jump,32,2,011,011,8,8,1.8031806137451998,0.08239050720289502
43000,selected_fixed_jump,32,2,011,011,16,16,1.1680201678651514,0.09055865619754391
43000,selected_fixed_jump,33,2,011,101,1,1,0.17905278307048697,0.11154028479498207
43000,selected_fixed_jump,33,2,011,101,4,4,-0.09455230810610013,0.07741279051471965
43000,selected_fixed_jump,33,2,011,101,8,8,0.39560599056931217,0.09430441949284804
43000,selected_fixed_jump,33,2,011,101,16,16,1.2456168256973807,0.12817714442520123
43000,selected_fixed_jump,34,2,101,111,1,1,0.10706629094969954,0.2106671422858401
43000,selected_fixed_jump,34,2,101,111,4,4,0.5590962944427863,0.05389234204023416
43000,selected_fixed_jump,34,2,101,111,8,8,0.32477951336387456,0.029465354875019105
43000,selected_fixed_jump,34,2,101,111,16,16,0.5593001656370636,0.03254010369312802
43000,selected_fixed_jump,35,2,111,101,1,1,3.728608548739059,0.00533932577047677
43000,selected_fixed_jump,35,2,111,101,4,4,1.0088223553479736,0.019248958161888607
43000,selected_fixed_jump,35,2,111,101,8,8,0.4223189819532356,0.013992450596819337
43000,selected_fixed_jump,35,2,111,101,16,16,1.0226730986941117,0.05674133436459524
43000,selected_fixed_jump,37,3,011,110,1,1,0.6777018231388638,0.19166685087448382
43000,selected_fixed_jump,37,3,011,110,4,4,0.38109463093577844,0.08908708667397663
43000,selected_fixed_jump,37,3,011,110,8,8,0.15922454763785562,0.048316498862238176
43000,selected_fixed_jump,37,3,011,110,16,16,0.19662136221204699,0.03582846562934136
43000,selected_fixed_jump,38,3,110,111,1,1,0.853769963894032,0.0022200185098934823
43000,selected_fixed_jump,38,3,110,111,4,4,1.4768539342440987,0.07587028362319073
43000,selected_fixed_jump,38,3,110,111,8,8,1.5929328871684825,0.0532920433943345
43000,selected_fixed_jump,38,3,110,111,16,16,1.490050983942051,0.11119503232878292
43000,selected_fixed_jump,39,3,111,011,1,1,-0.31850539105264,0.012990424910648115
43000,selected_fixed_jump,39,3,111,011,4,4,-0.3016740659948931,0.04716920014267183
43000,selected_fixed_jump,39,3,111,011,8,8,0.5722458620917334,0.07285516266685946
43000,selected_fixed_jump,39,3,111,011,16,16,0.832982077225257,0.1014350762434894
43000,selected_fixed_jump,40,3,011,011,1,1,-0.23810785872453424,0.11208221623959973
43000,selected_fixed_jump,40,3,011,011,4,4,1.6922404188031508,0.22314504028094545
43000,selected_fixed_jump,40,3,011,011,8,8,1.3416054688586072,0.23133376987978108
43000,selected_fixed_jump,40,3,011,011,16,16,0.8301455068074828,0.1239483548977316
43000,selected_fixed_jump,41,3,011,111,1,1,0.12361450399593013,0.0074861216274804574
43000,selected_fixed_jump,41,3,011,111,4,4,2.6105942410404888,0.10097306013875768
43000,selected_fixed_jump,41,3,011,111,8,8,1.8196456644584837,0.07332378905109027
43000,selected_fixed_jump,41,3,011,111,16,16,1.6278659048345951,0.06928777419823082
43000,selected_fixed_jump,42,3,111,111,1,1,6.412216359614718,2.6377602199375394
43000,selected_fixed_jump,42,3,111,111,4,4,5.146933966886161,0.8433466370565583
43000,selected_fixed_jump,42,3,111,111,8,8,2.7047130986491097,0.4296306313863321
43000,selected_fixed_jump,42,3,111,111,16,16,2.023047944218947,0.23195410623715043
43000,selected_fixed_jump,43,3,111,101,1,1,-0.28639729656830937,0.06284972258579181
43000,selected_fixed_jump,43,3,111,101,4,4,0.6013362959774586,0.033976447791388725
43000,selected_fixed_jump,43,3,111,101,8,8,3.0989771196752884,0.0993552374462536
43000,selected_fixed_jump,43,3,111,101,16,16,1.8967956185857473,0.06533046333075136
43000,selected_fixed_jump,44,3,101,110,1,1,-0.010029758589046707,0.0036114029727948084
43000,selected_fixed_jump,44,3,101,110,4,4,0.12678229791007217,0.021745017902792246
43000,selected_fixed_jump,44,3,101,110,8,8,0.23702121790254044,0.03019170233776164
43000,selected_fixed_jump,44,3,101,110,16,16,0.29153074873132384,0.01986794755054995
43000,selected_fixed_jump,45,3,110,101,1,1,-0.24243713437578282,0.03719614557061439
43000,selected_fixed_jump,45,3,110,101,4,4,-0.04010273014806887,0.012525327380558733
43000,selected_fixed_jump,45,3,110,101,8,8,0.19142463562499112,0.013338226831331096
43000,selected_fixed_jump,45,3,110,101,16,16,0.04258193972195612,0.030086425222950627
43000,selected_fixed_jump,46,3,101,101,1,1,1.0777216804783474,0.6359276501094366
43000,selected_fixed_jump,46,3,101,101,4,4,2.5280743098566667,0.3557108005394253
43000,selected_fixed_jump,46,3,101,101,8,8,2.6993433771042357,0.19811295130228285
43000,selected_fixed_jump,46,3,101,101,16,16,2.3684915776559152,0.13355337672745202
43000,selected_fixed_jump,47,3,101,110,1,1,0.6805038106062151,0.05304075414719624
43000,selected_fixed_jump,47,3,101,110,4,4,1.7156860708201562,0.019945432347422312
43000,selected_fixed_jump,47,3,101,110,8,8,1.103504644121613,0.047152084771945386
43000,selected_fixed_jump,47,3,101,110,16,16,0.47566454336802166,0.02886334479212678
43000,dynamic_parameter_oracle,1,0,011,101,1,1,0.7048152130018294,0.0514276552741684
43000,dynamic_parameter_oracle,1,0,011,101,4,4,0.8341722779865598,0.023452786026885827
43000,dynamic_parameter_oracle,1,0,011,101,8,8,0.659587120007845,0.025364772581824013
43000,dynamic_parameter_oracle,1,0,011,101,16,16,0.5579475123230808,0.022537590571150394
43000,dynamic_parameter_oracle,2,0,101,110,1,1,-0.21337351647974073,0.008092120226220384
43000,dynamic_parameter_oracle,2,0,101,110,4,4,-0.38776947115778904,0.00479149056604654
43000,dynamic_parameter_oracle,2,0,101,110,8,8,-0.1642521372110177,0.01203064655443184
43000,dynamic_parameter_oracle,2,0,101,110,16,16,0.08287745888486821,0.0068734041936478005
43000,dynamic_parameter_oracle,3,0,110,101,1,1,1.0602922969059023,0.0006300950438405101
43000,dynamic_parameter_oracle,3,0,110,101,4,4,0.8740311582398468,0.009953870746431807
43000,dynamic_parameter_oracle,3,0,110,101,8,8,0.6882778373375449,0.06903990100380514
43000,dynamic_parameter_oracle,3,0,110,101,16,16,0.5344527845030895,0.04885205135961988
43000,dynamic_parameter_oracle,4,0,101,101,1,1,0.4147500361369412,0.005116059924577872
43000,dynamic_parameter_oracle,4,0,101,101,4,4,0.7052939998939712,0.004671289650126016
43000,dynamic_parameter_oracle,4,0,101,101,8,8,0.6409942067553125,0.005486775994734909
43000,dynamic_parameter_oracle,4,0,101,101,16,16,0.5974358004220556,0.009601412796719515
43000,dynamic_parameter_oracle,5,0,101,111,1,1,0.29986094764191584,0.010117587988391909
43000,dynamic_parameter_oracle,5,0,101,111,4,4,0.49368910526590015,0.019033043892981202
43000,dynamic_parameter_oracle,5,0,101,111,8,8,0.6278249775114809,0.02312501806636798
43000,dynamic_parameter_oracle,5,0,101,111,16,16,0.8070025000829156,0.04031416746753702
43000,dynamic_parameter_oracle,6,0,111,111,1,1,0.3377257925629925,0.02082430748796748
43000,dynamic_parameter_oracle,6,0,111,111,4,4,0.6044894907311921,0.04070823103681671
43000,dynamic_parameter_oracle,6,0,111,111,8,8,1.1374522055271394,0.10167402023984279
43000,dynamic_parameter_oracle,6,0,111,111,16,16,1.0902257407936937,0.10401304524002403
43000,dynamic_parameter_oracle,7,0,111,110,1,1,0.9063868332571607,0.017378940383973238
43000,dynamic_parameter_oracle,7,0,111,110,4,4,0.6231657218839176,0.009067081466179006
43000,dynamic_parameter_oracle,7,0,111,110,8,8,1.1665207387370913,0.005557973206069616
43000,dynamic_parameter_oracle,7,0,111,110,16,16,0.581262662141271,0.005450738163475541
43000,dynamic_parameter_oracle,8,0,110,011,1,1,0.14389683378383947,0.044238432366615385
43000,dynamic_parameter_oracle,8,0,110,011,4,4,0.9036995102113774,0.06021573997762099
43000,dynamic_parameter_oracle,8,0,110,011,8,8,0.760229421245146,0.03505128112864041
43000,dynamic_parameter_oracle,8,0,110,011,16,16,0.9669962823492799,0.02989858069812351
43000,dynamic_parameter_oracle,9,0,011,110,1,1,-0.09335628605097443,0.010572919854797034
43000,dynamic_parameter_oracle,9,0,011,110,4,4,-0.17858908906734447,0.006776215431904639
43000,dynamic_parameter_oracle,9,0,011,110,8,8,-0.21643454767004083,0.02245506977050133
43000,dynamic_parameter_oracle,9,0,011,110,16,16,0.08057499676196664,0.015358081511135635
43000,dynamic_parameter_oracle,10,0,110,011,1,1,0.9090199936525039,0.057164744697672965
43000,dynamic_parameter_oracle,10,0,110,011,4,4,1.297588681939742,0.08969302858361233
43000,dynamic_parameter_oracle,10,0,110,011,8,8,1.0748487902617203,0.0947690208446183
43000,dynamic_parameter_oracle,10,0,110,011,16,16,0.886887563721193,0.0718513679661105
43000,dynamic_parameter_oracle,11,0,011,111,1,1,1.0738961188901837,0.09926227984567722
43000,dynamic_parameter_oracle,11,0,011,111,4,4,0.8671821285889829,0.046838064666739516
43000,dynamic_parameter_oracle,11,0,011,111,8,8,0.6898664845172775,0.034414768080110104
43000,dynamic_parameter_oracle,11,0,011,111,16,16,0.5686225488208682,0.03811650572859586
43000,dynamic_parameter_oracle,13,1,011,011,1,1,0.578432046929917,0.1239005543507862
43000,dynamic_parameter_oracle,13,1,011,011,4,4,0.8186086984835591,0.06227629103100166
43000,dynamic_parameter_oracle,13,1,011,011,8,8,0.9593537731075941,0.09382321891154491
43000,dynamic_parameter_oracle,13,1,011,011,16,16,0.8233989747484647,0.08294800766721928
43000,dynamic_parameter_oracle,14,1,011,110,1,1,5.803923816201216,0.0005500926235939474
43000,dynamic_parameter_oracle,14,1,011,110,4,4,1.5815377825138501,0.007377855040900918
43000,dynamic_parameter_oracle,14,1,011,110,8,8,0.6054509642918822,0.0077733020471003845
43000,dynamic_parameter_oracle,14,1,011,110,16,16,0.8460794158881,0.009636582970921558
43000,dynamic_parameter_oracle,15,1,110,111,1,1,0.2910766460559508,0.1237644918878203
43000,dynamic_parameter_oracle,15,1,110,111,4,4,0.8926264114682188,0.05226162933673262
43000,dynamic_parameter_oracle,15,1,110,111,8,8,1.119676947950152,0.056408223780013894
43000,dynamic_parameter_oracle,15,1,110,111,16,16,1.8539508939194134,0.06102720968237149
43000,dynamic_parameter_oracle,16,1,111,101,1,1,0.38021910226362127,0.0008802112094713369
43000,dynamic_parameter_oracle,16,1,111,101,4,4,2.3433014022840783,0.09633438488087288
43000,dynamic_parameter_oracle,16,1,111,101,8,8,1.374796106451894,0.05636700980335574
43000,dynamic_parameter_oracle,16,1,111,101,16,16,0.9611999303830547,0.03822665419067037
43000,dynamic_parameter_oracle,17,1,101,111,1,1,0.42632999868457383,0.011623843216889924
43000,dynamic_parameter_oracle,17,1,101,111,4,4,0.5493476450207133,0.003946608326117998
43000,dynamic_parameter_oracle,17,1,101,111,8,8,0.659150063310842,0.045242852802746945
43000,dynamic_parameter_oracle,17,1,101,111,16,16,0.8806998171020884,0.0815406955185464
43000,dynamic_parameter_oracle,18,1,111,110,1,1,0.9757925387795416,0.011678446188819686
43000,dynamic_parameter_oracle,18,1,111,110,4,4,0.035952631508804095,0.008538975939614047
43000,dynamic_parameter_oracle,18,1,111,110,8,8,-0.11444433083743351,0.010351759233030501
43000,dynamic_parameter_oracle,18,1,111,110,16,16,0.009013911216530363,0.00783667185657384
43000,dynamic_parameter_oracle,19,1,110,101,1,1,0.6778414634680295,0.039016967391882436
43000,dynamic_parameter_oracle,19,1,110,101,4,4,0.3326534036352551,0.048226075258486496
43000,dynamic_parameter_oracle,19,1,110,101,8,8,1.1918764438044411,0.05644799669001478
43000,dynamic_parameter_oracle,19,1,110,101,16,16,0.8933243150740995,0.05083189991325582
43000,dynamic_parameter_oracle,20,1,101,101,1,1,0.17152523425796515,0.0446816814789748
43000,dynamic_parameter_oracle,20,1,101,101,4,4,0.6061692435541685,0.05187728563295951
43000,dynamic_parameter_oracle,20,1,101,101,8,8,1.2395249089146363,0.031804878250210465
43000,dynamic_parameter_oracle,20,1,101,101,16,16,1.0793486476790624,0.04347914025290208
43000,dynamic_parameter_oracle,21,1,101,011,1,1,0.7158693637872192,0.028114374193327848
43000,dynamic_parameter_oracle,21,1,101,011,4,4,0.9382195659144262,0.09142720742630633
43000,dynamic_parameter_oracle,21,1,101,011,8,8,0.6990136523591531,0.11825394847817977
43000,dynamic_parameter_oracle,21,1,101,011,16,16,0.5821357728422719,0.07530695497070468
43000,dynamic_parameter_oracle,22,1,011,111,1,1,1.9051665380782463,0.02962743972263184
43000,dynamic_parameter_oracle,22,1,011,111,4,4,0.882243708164936,0.02063244076650362
43000,dynamic_parameter_oracle,22,1,011,111,8,8,1.23531012050536,0.01380387829105705
43000,dynamic_parameter_oracle,22,1,011,111,16,16,0.9600738657929102,0.020501003331940985
43000,dynamic_parameter_oracle,23,1,111,110,1,1,-0.030247673540238842,0.005155536430826315
43000,dynamic_parameter_oracle,23,1,111,110,4,4,-0.20465382161514112,0.005674145244932273
43000,dynamic_parameter_oracle,23,1,111,110,8,8,-0.23051980322030421,0.004767501120251577
43000,dynamic_parameter_oracle,23,1,111,110,16,16,-0.16035962306227167,0.008104022444784295
43000,dynamic_parameter_oracle,25,2,111,110,1,1,0.08042942921813422,0.0019745423445706877
43000,dynamic_parameter_oracle,25,2,111,110,4,4,-0.17031791135995974,0.004843775097985194
43000,dynamic_parameter_oracle,25,2,111,110,8,8,0.13426259265174978,0.004378287302515762
43000,dynamic_parameter_oracle,25,2,111,110,16,16,0.07992661035590294,0.0045884824022208595
43000,dynamic_parameter_oracle,26,2,110,011,1,1,0.20373078280011409,0.09068021435597869
43000,dynamic_parameter_oracle,26,2,110,011,4,4,1.5014674187018753,0.03815661372580759
43000,dynamic_parameter_oracle,26,2,110,011,8,8,1.0538042768117353,0.06578394551383282
43000,dynamic_parameter_oracle,26,2,110,011,16,16,0.8321114523901181,0.04659454448045714
43000,dynamic_parameter_oracle,27,2,011,110,1,1,0.3501972199333369,0.0018743782700579368
43000,dynamic_parameter_oracle,27,2,011,110,4,4,-0.14105861961576918,0.01995496803037174
43000,dynamic_parameter_oracle,27,2,011,110,8,8,0.5683744471606998,0.0120052108335509
43000,dynamic_parameter_oracle,27,2,011,110,16,16,0.21472661579161445,0.007793373665694099
43000,dynamic_parameter_oracle,28,2,110,101,1,1,0.7218627813049228,0.013125235742840604
43000,dynamic_parameter_oracle,28,2,110,101,4,4,0.3159880748532847,0.005926642957445593
43000,dynamic_parameter_oracle,28,2,110,101,8,8,0.38131987499154496,0.003312072675108154
43000,dynamic_parameter_oracle,28,2,110,101,16,16,0.5382427486687489,0.007057714548413745
43000,dynamic_parameter_oracle,29,2,101,110,1,1,-0.2509359411610103,0.00015605023604601384
43000,dynamic_parameter_oracle,29,2,101,110,4,4,0.24099289695843917,0.016670200366389176
43000,dynamic_parameter_oracle,29,2,101,110,8,8,0.10928865884517677,0.008917438979183111
43000,dynamic_parameter_oracle,29,2,101,110,16,16,0.23605103102910582,0.0089053426755852
43000,dynamic_parameter_oracle,30,2,110,111,1,1,0.35407933874930186,0.0009434251458302294
43000,dynamic_parameter_oracle,30,2,110,111,4,4,0.380048956176802,0.008567430013204062
43000,dynamic_parameter_oracle,30,2,110,111,8,8,0.6552470034815735,0.024421508298208786
43000,dynamic_parameter_oracle,30,2,110,111,16,16,1.0001151855510848,0.04323094054166071
43000,dynamic_parameter_oracle,31,2,111,011,1,1,1.5191060712508972,0.0073344153269238105
43000,dynamic_parameter_oracle,31,2,111,011,4,4,1.558718684455926,0.030379062672960876
43000,dynamic_parameter_oracle,31,2,111,011,8,8,1.422695890045772,0.053384553815787626
43000,dynamic_parameter_oracle,31,2,111,011,16,16,0.905393815709445,0.04962714683418029
43000,dynamic_parameter_oracle,32,2,011,011,1,1,0.4117398466823562,0.0011848228436221512
43000,dynamic_parameter_oracle,32,2,011,011,4,4,0.7185761064749149,0.019921316704988194
43000,dynamic_parameter_oracle,32,2,011,011,8,8,0.8547338158228224,0.05689108236865563
43000,dynamic_parameter_oracle,32,2,011,011,16,16,0.6846590036845502,0.07679817837760912
43000,dynamic_parameter_oracle,33,2,011,101,1,1,0.398180068566901,0.1492645398037096
43000,dynamic_parameter_oracle,33,2,011,101,4,4,0.3207380785021742,0.12506257278669358
43000,dynamic_parameter_oracle,33,2,011,101,8,8,0.42539402777773627,0.10424306114766024
43000,dynamic_parameter_oracle,33,2,011,101,16,16,0.6863494650696722,0.07125103062911264
43000,dynamic_parameter_oracle,34,2,101,111,1,1,0.7728699546219889,0.059406090547043655
43000,dynamic_parameter_oracle,34,2,101,111,4,4,0.5470597841870019,0.015612530947994661
43000,dynamic_parameter_oracle,34,2,101,111,8,8,0.5020425836668145,0.009301228654184406
43000,dynamic_parameter_oracle,34,2,101,111,16,16,0.5733628326286838,0.018268037515925803
43000,dynamic_parameter_oracle,35,2,111,101,1,1,1.6730262601560855,0.059359930442629834
43000,dynamic_parameter_oracle,35,2,111,101,4,4,0.8052449842323568,0.017379835198105136
43000,dynamic_parameter_oracle,35,2,111,101,8,8,0.514968075322786,0.009181496826122378
43000,dynamic_parameter_oracle,35,2,111,101,16,16,0.6777710942973465,0.016047143884786428
43000,dynamic_parameter_oracle,37,3,011,110,1,1,0.21013684988804696,0.07093517572180372
43000,dynamic_parameter_oracle,37,3,011,110,4,4,0.443620664703419,0.03029161371005043
43000,dynamic_parameter_oracle,37,3,011,110,8,8,0.1297842965564124,0.01626909516989096
43000,dynamic_parameter_oracle,37,3,011,110,16,16,0.15031048824173987,0.009826885005887217
43000,dynamic_parameter_oracle,38,3,110,111,1,1,0.3217069668003548,6.733176796369413e-05
43000,dynamic_parameter_oracle,38,3,110,111,4,4,0.6980998948895193,0.07559138166988513
43000,dynamic_parameter_oracle,38,3,110,111,8,8,1.0758117523132429,0.051444163949923336
43000,dynamic_parameter_oracle,38,3,110,111,16,16,0.9975942692519191,0.08168511959007863
43000,dynamic_parameter_oracle,39,3,111,011,1,1,0.26465136526502514,0.017353975339321488
43000,dynamic_parameter_oracle,39,3,111,011,4,4,0.26405540828254176,0.049343977488384344
43000,dynamic_parameter_oracle,39,3,111,011,8,8,0.5011020587638765,0.06906733627492455
43000,dynamic_parameter_oracle,39,3,111,011,16,16,0.6047331422759348,0.06992473701632519
43000,dynamic_parameter_oracle,40,3,011,011,1,1,0.30256576449659683,0.08825084606442946
43000,dynamic_parameter_oracle,40,3,011,011,4,4,1.1253098926848533,0.19984208446021476
43000,dynamic_parameter_oracle,40,3,011,011,8,8,0.7842386920234246,0.20574993087944526
43000,dynamic_parameter_oracle,40,3,011,011,16,16,0.6199175365341622,0.1083617549761917
43000,dynamic_parameter_oracle,41,3,011,111,1,1,0.3596904264033344,0.0030858593466920273
43000,dynamic_parameter_oracle,41,3,011,111,4,4,1.3127199049635567,0.08800872008606278
43000,dynamic_parameter_oracle,41,3,011,111,8,8,0.9508199364334388,0.06371142762362669
43000,dynamic_parameter_oracle,41,3,011,111,16,16,1.0336067279948336,0.060098321913151356
43000,dynamic_parameter_oracle,42,3,111,111,1,1,4.614566923560622,2.467431413661715
43000,dynamic_parameter_oracle,42,3,111,111,4,4,2.9754863984226203,0.8820216283044965
43000,dynamic_parameter_oracle,42,3,111,111,8,8,1.7388741940360968,0.4510890580243035
43000,dynamic_parameter_oracle,42,3,111,111,16,16,1.275356187712724,0.23615825744882274
43000,dynamic_parameter_oracle,43,3,111,101,1,1,0.23765467258921227,0.05739778317133839
43000,dynamic_parameter_oracle,43,3,111,101,4,4,0.489664026413559,0.02837553176711851
43000,dynamic_parameter_oracle,43,3,111,101,8,8,2.3667401562320016,0.11737808237319494
43000,dynamic_parameter_oracle,43,3,111,101,16,16,1.504309050640886,0.07915765476901869
43000,dynamic_parameter_oracle,44,3,101,110,1,1,0.6883884617611342,7.237827859549875e-05
43000,dynamic_parameter_oracle,44,3,101,110,4,4,0.43252695430162147,0.004674011164740705
43000,dynamic_parameter_oracle,44,3,101,110,8,8,0.2244785132445741,0.00702436112791959
43000,dynamic_parameter_oracle,44,3,101,110,16,16,0.3328967273648292,0.007126274433024278
43000,dynamic_parameter_oracle,45,3,110,101,1,1,0.10718770647560781,0.03592496620565796
43000,dynamic_parameter_oracle,45,3,110,101,4,4,0.3586476737912797,0.05953032535668548
43000,dynamic_parameter_oracle,45,3,110,101,8,8,0.41286421521326244,0.04207208793608812
43000,dynamic_parameter_oracle,45,3,110,101,16,16,0.3959503785833426,0.022006189439407402
43000,dynamic_parameter_oracle,46,3,101,101,1,1,1.6771973813665817,0.16396632999340335
43000,dynamic_parameter_oracle,46,3,101,101,4,4,1.3823619766973696,0.09544923257936667
43000,dynamic_parameter_oracle,46,3,101,101,8,8,1.5472259942323467,0.06040783615357566
43000,dynamic_parameter_oracle,46,3,101,101,16,16,1.4295370670104592,0.050433040297665294
43000,dynamic_parameter_oracle,47,3,101,110,1,1,-0.05439111680991118,0.002053428543498984
43000,dynamic_parameter_oracle,47,3,101,110,4,4,1.0262784751062817,0.007442235729094141
43000,dynamic_parameter_oracle,47,3,101,110,8,8,0.7755535134417895,0.015237760005669898
43000,dynamic_parameter_oracle,47,3,101,110,16,16,0.2877707744645023,0.013561089605821888
