candidate_index,retention_floor,retention_ceiling,bias,surprise_weight,entropy_weight,disagreement_weight,fast_retention,slow_retention,evidence_weight_floor,epsilon,natural_accuracy,natural_accuracy_loss,hidden_accuracy,post_switch_accuracy,reachability_auc,reachability_recall,false_alarms_per_1000,median_delay,mean_retention,eligible,selected
0,0.0,0.93,0.5,0.5,0.0,0.0,0.5,0.98,1.0,1e-12,0.7527701485823713,0.0005162258612970705,0.747732426303855,0.7616120218579235,0.5455228428034711,0.27049180327868855,18.766756032171582,1.0,0.3563668356821703,True,False
1,0.0,0.93,0.5,0.0,0.0,0.5,0.5,0.98,1.0,1e-12,0.7557703627119714,-0.0024839882683029835,0.7465986394557823,0.7622950819672131,0.8272433539097696,0.0,0.0,,0.3593835885002991,False,False
2,0.0,0.93,0.5,0.25,0.0,0.25,0.5,0.98,1.0,1e-12,0.7547030976879395,-0.001416723244271112,0.7468820861678004,0.764344262295082,0.7742938928473904,0.00819672131147541,8.04289544235925,0.0,0.3546746811014212,False,False
3,0.0,0.93,0.5,0.2,0.1,0.2,0.5,0.98,1.0,1e-12,0.7535937187511796,-0.0003073443075112259,0.7477324263038548,0.7650273224043715,0.7342357551112648,0.0,7.636688601836055,,0.35420291214716254,False,False
4,0.0,0.93,0.25,0.5,0.0,0.0,0.5,0.98,1.0,1e-12,0.7543626776705092,-0.0010763032268408246,0.7474489795918368,0.7575136612021859,0.5455228428034711,0.48360655737704916,33.715167763425136,2.0,0.4095923462155178,True,False
5,0.0,0.93,0.25,0.0,0.0,0.5,0.5,0.98,1.0,1e-12,0.7575610610487223,-0.004274686605053923,0.7502834467120181,0.7650273224043717,0.8272433539097696,0.12295081967213115,31.359168088390607,0.0,0.4131049984625723,True,False
6,0.0,0.93,0.25,0.25,0.0,0.25,0.5,0.98,1.0,1e-12,0.7563097991116784,-0.0030234246680099774,0.7497165532879819,0.7636612021857924,0.7742938928473904,0.09016393442622951,28.434478836623608,0.0,0.40914531366406676,False,False
7,0.0,0.93,0.25,0.2,0.1,0.2,0.5,0.98,1.0,1e-12,0.7560919865768284,-0.002805612133159996,0.7488662131519275,0.7629781420765028,0.7342357551112648,0.10655737704918032,24.04744495897311,0.0,0.40883935621719997,True,False
8,0.0,0.93,-0.0,0.5,0.0,0.0,0.5,0.98,1.0,1e-12,0.7563329117019953,-0.0030465372583269312,0.7457482993197279,0.75,0.5455228428034711,0.5819672131147541,43.13916646356325,2.0,0.46431407041760914,True,False
9,0.0,0.93,-0.0,0.0,0.0,0.5,0.5,0.98,1.0,1e-12,0.7592989857335404,-0.006012611289871961,0.7517006802721088,0.764344262295082,0.8272433539097696,0.19672131147540983,14.623446258835,0.0,0.4679810655215712,True,False
10,0.0,0.93,-0.0,0.25,0.0,0.25,0.5,0.98,1.0,1e-12,0.7574849267766243,-0.004198552332955852,0.7508503401360545,0.7616120218579234,0.7742938928473904,0.19672131147540983,34.44634007636689,0.0,0.46515800390101136,True,False
11,0.0,0.93,-0.0,0.2,0.1,0.2,0.5,0.98,1.0,1e-12,0.7573786342596175,-0.004092259815949073,0.7502834467120182,0.7609289617486339,0.7342357551112648,0.319672131147541,33.79640913152978,0.0,0.4650490220351648,True,False
12,0.0,0.93,-0.25,0.5,0.0,0.0,0.5,0.98,1.0,1e-12,0.7590254430806118,-0.005739068636943401,0.7440476190476191,0.7411202185792352,0.5455228428034711,0.5573770491803278,37.289787960029244,1.0,0.5190964664646074,True,False
13,0.0,0.93,-0.25,0.0,0.0,0.5,0.5,0.98,1.0,1e-12,0.7621629163935237,-0.008876541949855321,0.7485827664399093,0.7540983606557377,0.8272433539097696,0.319672131147541,6.255585344057194,0.0,0.5225428810045207,True,False
14,0.0,0.93,-0.25,0.25,0.0,0.25,0.5,0.98,1.0,1e-12,0.7610259801375399,-0.007739605693871443,0.747732426303855,0.7506830601092896,0.7742938928473904,0.6147540983606558,20.797790234787552,1.0,0.52115212767179,True,False
15,0.0,0.93,-0.25,0.2,0.1,0.2,0.5,0.98,1.0,1e-12,0.7593111275298301,-0.006024753086161683,0.7468820861678005,0.7486338797814208,0.7342357551112648,0.6639344262295082,27.297099683158663,1.0,0.5212531654113302,True,False
16,0.0,0.93,-0.5,0.5,0.0,0.0,0.5,0.98,1.0,1e-12,0.7627124880740478,-0.009426113630379374,0.742063492063492,0.7322404371584699,0.5455228428034711,0.36885245901639346,26.728410106426193,2.0,0.5724939178451233,True,False
17,0.0,0.93,-0.5,0.0,0.0,0.5,0.5,0.98,1.0,1e-12,0.7670472925235087,-0.013760918079840256,0.7485827664399093,0.7506830601092896,0.8272433539097696,0.639344262295082,3.493378828499472,1.0,0.5753873667532686,True,False
18,0.0,0.93,-0.5,0.25,0.0,0.25,0.5,0.98,1.0,1e-12,0.7647395879003329,-0.011453213456664502,0.7454648526077098,0.7418032786885246,0.7742938928473904,0.7295081967213115,9.667722804452026,2.0,0.5755714919252305,True,False
19,0.0,0.93,-0.5,0.2,0.1,0.2,0.5,0.98,1.0,1e-12,0.7644076568823118,-0.01112128243864341,0.7426303854875284,0.7363387978142077,0.7342357551112648,0.639344262295082,11.779998375172639,2.0,0.5758742989387713,True,False
20,0.0,0.93,1.0,1.0,0.0,0.0,0.5,0.98,1.0,1e-12,0.7470784767359427,0.006207897707725674,0.7429138321995465,0.7636612021857924,0.5455228428034711,0.27049180327868855,18.766756032171582,1.0,0.2781318222281803,True,False
21,0.0,0.93,1.0,0.0,0.0,1.0,0.5,0.98,1.0,1e-12,0.752223797887211,0.001062576556457362,0.7409297052154195,0.7581967213114754,0.8272433539097696,0.0,0.0,,0.2885811036396973,False,False
22,0.0,0.93,1.0,0.5,0.0,0.5,0.5,0.98,1.0,1e-12,0.7496979727423383,0.003588401701330124,0.7423469387755102,0.7609289617486339,0.7742938928473904,0.00819672131147541,8.04289544235925,0.0,0.26984534089714646,False,False
23,0.0,0.93,1.0,0.4,0.2,0.4,0.5,0.98,1.0,1e-12,0.7478857724523863,0.005400601991282117,0.7423469387755101,0.7609289617486339,0.7342357551112648,0.0,7.636688601836055,,0.26783402849711296,False,False
24,0.0,0.93,0.5,1.0,0.0,0.0,0.5,0.98,1.0,1e-12,0.7507865490110525,0.002499825432615954,0.7443310657596373,0.7575136612021859,0.5455228428034711,0.48360655737704916,33.715167763425136,2.0,0.3662456488724779,True,False
25,0.0,0.93,0.5,0.0,0.0,1.0,0.5,0.98,1.0,1e-12,0.7564092366826123,-0.0031228622389438687,0.7446145124716553,0.7595628415300547,0.8272433539097696,0.12295081967213115,31.359168088390607,0.0,0.3836117946076268,True,False
26,0.0,0.93,0.5,0.5,0.0,0.5,0.5,0.98,1.0,1e-12,0.7530693423339461,0.0002170321097223482,0.7460317460317459,0.7629781420765028,0.7742938928473904,0.09016393442622951,28.434478836623608,0.0,0.36372570976205554,False,False
27,0.0,0.93,0.5,0.4,0.2,0.4,0.5,0.98,1.0,1e-12,0.7521301030018496,0.0011562714418188458,0.7446145124716552,0.7622950819672131,0.7342357551112648,0.10655737704918032,24.04744495897311,0.0,0.36210983577419636,True,False
28,0.0,0.93,-0.0,1.0,0.0,0.0,0.5,0.98,1.0,1e-12,0.7540813690084152,-0.0007949945647467427,0.742063492063492,0.7445355191256832,0.5455228428034711,0.5819672131147541,43.13916646356325,2.0,0.46211165924116254,True,False
29,0.0,0.93,-0.0,0.0,0.0,1.0,0.5,0.98,1.0,1e-12,0.7617076075243779,-0.008421233080709523,0.7480158730158729,0.7595628415300546,0.8272433539097696,0.19672131147540983,14.623446258835,0.0,0.48215222044516415,True,False
30,0.0,0.93,-0.0,0.5,0.0,0.5,0.5,0.98,1.0,1e-12,0.758171734110685,-0.004885359667016531,0.7463151927437641,0.7575136612021859,0.7742938928473904,0.19672131147540983,34.44634007636689,0.0,0.466131176195492,True,False
31,0.0,0.93,-0.0,0.4,0.2,0.4,0.5,0.98,1.0,1e-12,0.7565134992679263,-0.00322712482425791,0.7446145124716554,0.7547814207650274,0.7342357551112648,0.319672131147541,33.79640913152978,0.0,0.4653233828493998,True,False
32,0.0,0.93,-0.5,1.0,0.0,0.0,0.5,0.98,1.0,1e-12,0.7597271860784125,-0.006440811634744081,0.7378117913832201,0.7240437158469943,0.5455228428034711,0.5573770491803278,37.289787960029244,1.0,0.5585212522606926,True,False
33,0.0,0.93,-0.5,0.0,0.0,1.0,0.5,0.98,1.0,1e-12,0.7676818506640244,-0.014395476220355974,0.7468820861678004,0.7513661202185793,0.8272433539097696,0.319672131147541,6.255585344057194,0.0,0.5755109946274529,True,False
34,0.0,0.93,-0.5,0.5,0.0,0.5,0.5,0.98,1.0,1e-12,0.7635324054459752,-0.01024603100230681,0.7468820861678004,0.7486338797814207,0.7742938928473904,0.6147540983606558,20.797790234787552,1.0,0.5680948963809992,True,False
35,0.0,0.93,-0.5,0.4,0.2,0.4,0.5,0.98,1.0,1e-12,0.7618692341057938,-0.008582859662125353,0.7440476190476191,0.7411202185792349,0.7342357551112648,0.6639344262295082,27.297099683158663,1.0,0.5684202366509581,True,False
36,0.0,0.93,-1.0,1.0,0.0,0.0,0.5,0.98,1.0,1e-12,0.7648570752173766,-0.011570700773708142,0.7310090702947846,0.6974043715846995,0.5455228428034711,0.36885245901639346,26.728410106426193,2.0,0.6481065993906189,True,False
37,0.0,0.93,-1.0,0.0,0.0,1.0,0.5,0.98,1.0,1e-12,0.7733270951144015,-0.020040720670733037,0.746031746031746,0.7452185792349728,0.8272433539097696,0.639344262295082,3.493378828499472,1.0,0.6578705213331484,True,False
38,0.0,0.93,-1.0,0.5,0.0,0.5,0.5,0.98,1.0,1e-12,0.7686000222012384,-0.015313647757569937,0.7423469387755101,0.730191256830601,0.7742938928473904,0.7295081967213115,9.667722804452026,2.0,0.6609644715758095,True,False
39,0.0,0.93,-1.0,0.4,0.2,0.4,0.5,0.98,1.0,1e-12,0.7681083830504513,-0.014822008606782844,0.7389455782312925,0.7226775956284153,0.7342357551112648,0.639344262295082,11.779998375172639,2.0,0.662424622297954,True,False
40,0.0,0.93,2.0,2.0,0.0,0.0,0.5,0.98,1.0,1e-12,0.7408892792906313,0.012397095153037108,0.7375283446712018,0.7568306010928961,0.5455228428034711,0.27049180327868855,18.766756032171582,1.0,0.19802930898050478,False,False
41,0.0,0.93,2.0,0.0,0.0,2.0,0.5,0.98,1.0,1e-12,0.7479668697061026,0.005319504737565817,0.7355442176870748,0.7554644808743168,0.8272433539097696,0.0,0.0,,0.20549728405171416,False,False
42,0.0,0.93,2.0,1.0,0.0,1.0,0.5,0.98,1.0,1e-12,0.7428036634653538,0.010482710978314658,0.7358276643990929,0.7554644808743168,0.7742938928473904,0.00819672131147541,8.04289544235925,0.0,0.17278721890751514,False,False
43,0.0,0.93,2.0,0.8,0.4,0.8,0.5,0.98,1.0,1e-12,0.7406302404899257,0.012656133953742765,0.7358276643990929,0.7554644808743168,0.7342357551112648,0.0,7.636688601836055,,0.16953498528804567,False,False
44,0.0,0.93,1.0,2.0,0.0,0.0,0.5,0.98,1.0,1e-12,0.7450507138764129,0.008235660567255554,0.7363945578231292,0.75,0.5455228428034711,0.48360655737704916,33.715167763425136,2.0,0.31660879046008145,True,False
45,0.0,0.93,1.0,0.0,0.0,2.0,0.5,0.98,1.0,1e-12,0.7536634803967558,-0.0003771059530873755,0.7397959183673469,0.7568306010928961,0.8272433539097696,0.12295081967213115,31.359168088390607,0.0,0.3671058137024004,True,False
46,0.0,0.93,1.0,1.0,0.0,1.0,0.5,0.98,1.0,1e-12,0.7477794799353794,0.005506894508289006,0.7380952380952381,0.7561475409836066,0.7742938928473904,0.09016393442622951,28.434478836623608,0.0,0.3069976507456496,False,False
47,0.0,0.93,1.0,0.8,0.4,0.8,0.5,0.98,1.0,1e-12,0.7459021728810674,0.0073842015626010005,0.7366780045351473,0.7534153005464481,0.7342357551112648,0.10655737704918032,24.04744495897311,0.0,0.3024973029651129,True,False
48,0.0,0.93,-0.0,2.0,0.0,0.0,0.5,0.98,1.0,1e-12,0.7511336188047176,0.0021527556389507874,0.731859410430839,0.726775956284153,0.5455228428034711,0.5819672131147541,43.13916646356325,2.0,0.4586549390598171,True,False
49,0.0,0.93,-0.0,0.0,0.0,2.0,0.5,0.98,1.0,1e-12,0.7635040132211596,-0.010217638777491156,0.7417800453514739,0.7540983606557377,0.8272433539097696,0.19672131147540983,14.623446258835,0.0,0.5286888107372206,True,False
50,0.0,0.93,-0.0,1.0,0.0,1.0,0.5,0.98,1.0,1e-12,0.7569583531353993,-0.0036719786917308594,0.7420634920634921,0.7547814207650273,0.7742938928473904,0.19672131147540983,34.44634007636689,0.0,0.47098771905026565,True,False
51,0.0,0.93,-0.0,0.8,0.4,0.8,0.5,0.98,1.0,1e-12,0.7546176272827686,-0.0013312528391001832,0.7409297052154195,0.7527322404371585,0.7342357551112648,0.319672131147541,33.79640913152978,0.0,0.4665688301868836,True,False
52,0.0,0.93,-1.0,2.0,0.0,0.0,0.5,0.98,1.0,1e-12,0.760118500011393,-0.006832125567724612,0.7227891156462585,0.6885245901639344,0.5455228428034711,0.5573770491803278,37.289787960029244,1.0,0.6021021114258297,True,False
53,0.0,0.93,-1.0,0.0,0.0,2.0,0.5,0.98,1.0,1e-12,0.7742028857593126,-0.020916511315644204,0.7440476190476191,0.7479508196721312,0.8272433539097696,0.319672131147541,6.255585344057194,0.0,0.6498084583528319,True,False
54,0.0,0.93,-1.0,1.0,0.0,1.0,0.5,0.98,1.0,1e-12,0.766083881689494,-0.012797507245825623,0.7429138321995465,0.7424863387978141,0.7742938928473904,0.6147540983606558,20.797790234787552,1.0,0.6295297708601157,True,False
55,0.0,0.93,-1.0,0.8,0.4,0.8,0.5,0.98,1.0,1e-12,0.7632607690136245,-0.00997439456995608,0.7352607709750567,0.726775956284153,0.7342357551112648,0.6639344262295082,27.297099683158663,1.0,0.629261883032671,True,False
56,0.0,0.93,-2.0,2.0,0.0,0.0,0.5,0.98,1.0,1e-12,0.7688389981322621,-0.01555262368859367,0.701530612244898,0.6236338797814208,0.5455228428034711,0.36885245901639346,26.728410106426193,2.0,0.7250003535176541,True,False
57,0.0,0.93,-2.0,0.0,0.0,2.0,0.5,0.98,1.0,1e-12,0.7813336962131078,-0.02804732176943936,0.7409297052154195,0.7260928961748635,0.8272433539097696,0.639344262295082,3.493378828499472,1.0,0.7330634491211573,True,False
58,0.0,0.93,-2.0,1.0,0.0,1.0,0.5,0.98,1.0,1e-12,0.7760691580901686,-0.022782783646500215,0.7327097505668934,0.6987704918032787,0.7742938928473904,0.7295081967213115,9.667722804452026,2.0,0.7550138365151939,True,False
59,0.0,0.93,-2.0,0.8,0.4,0.8,0.5,0.98,1.0,1e-12,0.7743633671014881,-0.021076992657819704,0.7259070294784581,0.6851092896174863,0.7342357551112648,0.639344262295082,11.779998375172639,2.0,0.7600649760224969,True,False
60,0.0,0.93,4.0,4.0,0.0,0.0,0.5,0.98,1.0,1e-12,0.7375942112634204,0.01569216318024802,0.7346938775510204,0.7527322404371585,0.5455228428034711,0.27049180327868855,18.766756032171582,1.0,0.14980128378488644,False,False
61,0.0,0.93,4.0,0.0,0.0,4.0,0.5,0.98,1.0,1e-12,0.742253635949474,0.011032738494194394,0.7346938775510204,0.7554644808743168,0.8272433539097696,0.0,0.0,,0.11383001129421608,False,False
62,0.0,0.93,4.0,2.0,0.0,2.0,0.5,0.98,1.0,1e-12,0.7373422586305154,0.015944115813153026,0.7344104308390024,0.7554644808743168,0.7742938928473904,0.00819672131147541,8.04289544235925,0.0,0.10324991890378178,False,False
63,0.0,0.93,4.0,1.6,0.8,1.6,0.5,0.98,1.0,1e-12,0.737109989797056,0.01617638464661242,0.7344104308390024,0.7554644808743168,0.7342357551112648,0.0,7.636688601836055,,0.10294645139668282,False,False
64,0.0,0.93,2.0,4.0,0.0,0.0,0.5,0.98,1.0,1e-12,0.7413538169575499,0.011932557486118545,0.731859410430839,0.7383879781420765,0.5455228428034711,0.48360655737704916,33.715167763425136,2.0,0.2827884311279145,False,False
65,0.0,0.93,2.0,0.0,0.0,4.0,0.5,0.98,1.0,1e-12,0.7525429066599592,0.0007434677837092618,0.7372448979591837,0.7554644808743168,0.8272433539097696,0.12295081967213115,31.359168088390607,0.0,0.37675413020777526,True,False
66,0.0,0.93,2.0,2.0,0.0,2.0,0.5,0.98,1.0,1e-12,0.7441843473178421,0.009102027125826306,0.7346938775510204,0.7547814207650273,0.7742938928473904,0.09016393442622951,28.434478836623608,0.0,0.2616397731116102,False,False
67,0.0,0.93,2.0,1.6,0.8,1.6,0.5,0.98,1.0,1e-12,0.7406696080888171,0.012616766354851316,0.733843537414966,0.7534153005464481,0.7342357551112648,0.10655737704918032,24.04744495897311,0.0,0.2564050193149385,False,False
68,0.0,0.93,-0.0,4.0,0.0,0.0,0.5,0.98,1.0,1e-12,0.7486011633274001,0.004685211116268295,0.7233560090702948,0.7090163934426229,0.5455228428034711,0.5819672131147541,43.13916646356325,2.0,0.4572622580041171,True,False
69,0.0,0.93,-0.0,0.0,0.0,4.0,0.5,0.98,1.0,1e-12,0.766404305227028,-0.013117930783359544,0.7383786848072562,0.7513661202185792,0.8272433539097696,0.19672131147540983,14.623446258835,0.0,0.6005071690214309,True,False
70,0.0,0.93,-0.0,2.0,0.0,2.0,0.5,0.98,1.0,1e-12,0.7561674199381428,-0.0028810454944744324,0.7366780045351473,0.7479508196721312,0.7742938928473904,0.19672131147540983,34.44634007636689,0.0,0.48246714192253237,True,False
71,0.0,0.93,-0.0,1.6,0.8,1.6,0.5,0.98,1.0,1e-12,0.751246997489525,0.002039376954143468,0.7332766439909296,0.7438524590163935,0.7342357551112648,0.319672131147541,33.79640913152978,0.0,0.4695955281523883,True,False
72,0.0,0.93,-2.0,4.0,0.0,0.0,0.5,0.98,1.0,1e-12,0.760005429313433,-0.00671905486976454,0.7049319727891157,0.6530054644808745,0.5455228428034711,0.5573770491803278,37.289787960029244,1.0,0.6316033466401068,True,False
73,0.0,0.93,-2.0,0.0,0.0,4.0,0.5,0.98,1.0,1e-12,0.7800276153963909,-0.026741240952722456,0.7403628117913832,0.7431693989071039,0.8272433539097696,0.319672131147541,6.255585344057194,0.0,0.6988724570126471,True,False
74,0.0,0.93,-2.0,2.0,0.0,2.0,0.5,0.98,1.0,1e-12,0.7694591593235488,-0.016172784879880386,0.7358276643990929,0.726775956284153,0.7742938928473904,0.6147540983606558,20.797790234787552,1.0,0.6788162751448779,True,False
75,0.0,0.93,-2.0,1.6,0.8,1.6,0.5,0.98,1.0,1e-12,0.7663117103740948,-0.01302533593042643,0.7273242630385487,0.711065573770492,0.7342357551112648,0.6639344262295082,27.297099683158663,1.0,0.6760797430133612,True,False
76,0.0,0.93,-4.0,4.0,0.0,0.0,0.5,0.98,1.0,1e-12,0.7696851891228714,-0.01639881467920301,0.6689342403628119,0.5396174863387979,0.5455228428034711,0.36885245901639346,26.728410106426193,2.0,0.7701386651512564,True,False
77,0.0,0.93,-4.0,0.0,0.0,4.0,0.5,0.98,1.0,1e-12,0.78792469119696,-0.03463831675329154,0.73781179138322,0.7165300546448088,0.8272433539097696,0.639344262295082,3.493378828499472,1.0,0.7548850070036895,True,False
78,0.0,0.93,-4.0,2.0,0.0,2.0,0.5,0.98,1.0,1e-12,0.7825332891106958,-0.029246914667027335,0.721371882086168,0.6618852459016393,0.7742938928473904,0.7295081967213115,9.667722804452026,2.0,0.8107269939221544,True,False
79,0.0,0.93,-4.0,1.6,0.8,1.6,0.5,0.98,1.0,1e-12,0.7779665044843873,-0.024680130040718895,0.7071995464852608,0.6290983606557377,0.7342357551112648,0.639344262295082,11.779998375172639,2.0,0.823274190874094,True,False
80,0.0,0.97,0.5,0.5,0.0,0.0,0.5,0.98,1.0,1e-12,0.7534079036844121,-0.00012152924074371185,0.7468820861678005,0.7595628415300547,0.5455228428034711,0.27049180327868855,18.766756032171582,1.0,0.3716944415179625,True,False
81,0.0,0.97,0.5,0.0,0.0,0.5,0.5,0.98,1.0,1e-12,0.7561955327799986,-0.0029091583363302087,0.7480158730158731,0.7629781420765028,0.8272433539097696,0.0,0.0,,0.3748409471454732,False,False
82,0.0,0.97,0.5,0.25,0.0,0.25,0.5,0.98,1.0,1e-12,0.7553479389577807,-0.002061564514112324,0.7482993197278912,0.764344262295082,0.7742938928473904,0.00819672131147541,8.04289544235925,0.0,0.3699295060950308,False,False
83,0.0,0.97,0.5,0.2,0.1,0.2,0.5,0.98,1.0,1e-12,0.7543448525380276,-0.0010584780943592165,0.7482993197278912,0.7650273224043715,0.7342357551112648,0.0,7.636688601836055,,0.36943744600295453,False,False
84,0.0,0.97,0.25,0.5,0.0,0.0,0.5,0.98,1.0,1e-12,0.7551138114573575,-0.0018274370136890372,0.7474489795918368,0.7547814207650274,0.5455228428034711,0.48360655737704916,33.715167763425136,2.0,0.42720922132156164,True,False
85,0.0,0.97,0.25,0.0,0.0,0.5,0.5,0.98,1.0,1e-12,0.7579025594215439,-0.004616184977875526,0.7508503401360545,0.7657103825136611,0.8272433539097696,0.12295081967213115,31.359168088390607,0.0,0.4308729553856937,True,False
86,0.0,0.97,0.25,0.25,0.0,0.25,0.5,0.98,1.0,1e-12,0.7564263987818495,-0.0031400243381810578,0.75,0.7629781420765028,0.7742938928473904,0.09016393442622951,28.434478836623608,0.0,0.4267429615635964,False,False
87,0.0,0.97,0.25,0.2,0.1,0.2,0.5,0.98,1.0,1e-12,0.7560919865768284,-0.002805612133159996,0.7494331065759637,0.7616120218579235,0.7342357551112648,0.10655737704918032,24.04744495897311,0.0,0.4264238446566494,True,False
88,0.0,0.97,-0.0,0.5,0.0,0.0,0.5,0.98,1.0,1e-12,0.7573958368720634,-0.004109462428394939,0.7446145124716554,0.7459016393442623,0.5455228428034711,0.5819672131147541,43.13916646356325,2.0,0.4842845680699794,True,False
89,0.0,0.97,-0.0,0.0,0.0,0.5,0.5,0.98,1.0,1e-12,0.7605815821054224,-0.007295207661753955,0.7525510204081632,0.7636612021857923,0.8272433539097696,0.19672131147540983,14.623446258835,0.0,0.48810928339346665,True,True
90,0.0,0.97,-0.0,0.25,0.0,0.25,0.5,0.98,1.0,1e-12,0.7582289743956719,-0.0049425999520035235,0.7511337868480725,0.7595628415300546,0.7742938928473904,0.19672131147540983,34.44634007636689,0.0,0.4851647997677215,True,False
91,0.0,0.97,-0.0,0.2,0.1,0.2,0.5,0.98,1.0,1e-12,0.7579100968446515,-0.004623722400983077,0.7491496598639455,0.7554644808743168,0.7342357551112648,0.319672131147541,33.79640913152978,0.0,0.4850511305097955,True,False
92,0.0,0.97,-0.25,0.5,0.0,0.0,0.5,0.98,1.0,1e-12,0.7608324158697275,-0.00754604142605908,0.7431972789115645,0.7370218579234972,0.5455228428034711,0.5573770491803278,37.289787960029244,1.0,0.5414231962050206,True,False
93,0.0,0.97,-0.25,0.0,0.0,0.5,0.5,0.98,1.0,1e-12,0.7647407067689331,-0.011454332325264716,0.7485827664399093,0.7527322404371586,0.8272433539097696,0.319672131147541,6.255585344057194,0.0,0.545017843628371,True,False
94,0.0,0.97,-0.25,0.25,0.0,0.25,0.5,0.98,1.0,1e-12,0.7626203678926419,-0.009333993448973454,0.7468820861678005,0.7486338797814208,0.7742938928473904,0.6147540983606558,20.797790234787552,1.0,0.5435672729479959,True,False
95,0.0,0.97,-0.25,0.2,0.1,0.2,0.5,0.98,1.0,1e-12,0.7615574427225739,-0.008271068278905447,0.7457482993197279,0.7452185792349728,0.7342357551112648,0.6639344262295082,27.297099683158663,1.0,0.5436726563967637,True,False
96,0.0,0.97,-0.5,0.5,0.0,0.0,0.5,0.98,1.0,1e-12,0.7635628282101022,-0.010276453766433824,0.7406462585034013,0.7260928961748633,0.5455228428034711,0.36885245901639346,26.728410106426193,2.0,0.5971173121610426,True,False
97,0.0,0.97,-0.5,0.0,0.0,0.5,0.5,0.98,1.0,1e-12,0.7684235837807523,-0.015137209337083846,0.7482993197278912,0.75,0.8272433539097696,0.639344262295082,3.493378828499472,1.0,0.600135210484592,True,False
98,0.0,0.97,-0.5,0.25,0.0,0.25,0.5,0.98,1.0,1e-12,0.7664525818410787,-0.013166207397410257,0.7440476190476191,0.7363387978142077,0.7742938928473904,0.7295081967213115,9.667722804452026,2.0,0.6003272550187886,True,False
99,0.0,0.97,-0.5,0.2,0.1,0.2,0.5,0.98,1.0,1e-12,0.7651896692686423,-0.011903294824973876,0.7429138321995465,0.7349726775956286,0.7342357551112648,0.639344262295082,11.779998375172639,2.0,0.6006430859899012,True,False
100,0.0,0.97,1.0,1.0,0.0,0.0,0.5,0.98,1.0,1e-12,0.7473799609659983,0.005906413477670069,0.7423469387755102,0.7616120218579236,0.5455228428034711,0.27049180327868855,18.766756032171582,1.0,0.29009448124874715,True,False
101,0.0,0.97,1.0,0.0,0.0,1.0,0.5,0.98,1.0,1e-12,0.7528855766426615,0.00040079780100688023,0.7414965986394558,0.7581967213114754,0.8272433539097696,0.0,0.0,,0.300993194118824,False,False
102,0.0,0.97,1.0,0.5,0.0,0.5,0.5,0.98,1.0,1e-12,0.7502562052946186,0.003030169149049855,0.7426303854875282,0.7609289617486339,0.7742938928473904,0.00819672131147541,8.04289544235925,0.0,0.2814515921185291,False,False
103,0.0,0.97,1.0,0.4,0.2,0.4,0.5,0.98,1.0,1e-12,0.74831617002125,0.004970204422418467,0.7423469387755101,0.7609289617486339,0.7342357551112648,0.0,7.636688601836055,,0.2793537716582791,False,False
104,0.0,0.97,0.5,1.0,0.0,0.0,0.5,0.98,1.0,1e-12,0.7510062202128666,0.0022801542308018563,0.7437641723356009,0.7554644808743171,0.5455228428034711,0.48360655737704916,33.715167763425136,2.0,0.3819981498992511,True,False
105,0.0,0.97,0.5,0.0,0.0,1.0,0.5,0.98,1.0,1e-12,0.7567237743796688,-0.0034373999360003404,0.7446145124716553,0.7595628415300547,0.8272433539097696,0.12295081967213115,31.359168088390607,0.0,0.4001112266337612,True,False
106,0.0,0.97,0.5,0.5,0.0,0.5,0.5,0.98,1.0,1e-12,0.7541322675040141,-0.0008458930603456594,0.7465986394557823,0.7636612021857924,0.7742938928473904,0.09016393442622951,28.434478836623608,0.0,0.37936982631096117,False,False
107,0.0,0.97,0.5,0.4,0.2,0.4,0.5,0.98,1.0,1e-12,0.7525552730698768,0.0007311013737916205,0.7440476190476191,0.760928961748634,0.7342357551112648,0.10655737704918032,24.04744495897311,0.0,0.3776844523666349,True,False
108,0.0,0.97,-0.0,1.0,0.0,0.0,0.5,0.98,1.0,1e-12,0.7551566078471199,-0.0018702334034514934,0.7383786848072562,0.7363387978142076,0.5455228428034711,0.5819672131147541,43.13916646356325,2.0,0.4819874295311049,True,False
109,0.0,0.97,-0.0,0.0,0.0,1.0,0.5,0.98,1.0,1e-12,0.7628965090108986,-0.009610134567230144,0.748015873015873,0.7581967213114754,0.8272433539097696,0.19672131147540983,14.623446258835,0.0,0.5028899503567841,True,False
110,0.0,0.97,-0.0,0.5,0.0,0.5,0.5,0.98,1.0,1e-12,0.7586830570609178,-0.005396682617249349,0.7463151927437642,0.7561475409836066,0.7742938928473904,0.19672131147540983,34.44634007636689,0.0,0.486179828935083,True,False
111,0.0,0.97,-0.0,0.4,0.2,0.4,0.5,0.98,1.0,1e-12,0.7571583405377675,-0.003871966094099122,0.7443310657596371,0.7527322404371586,0.7342357551112648,0.319672131147541,33.79640913152978,0.0,0.48533729178915896,True,False
112,0.0,0.97,-0.5,1.0,0.0,0.0,0.5,0.98,1.0,1e-12,0.7610026962824941,-0.007716321838825646,0.7363945578231292,0.717896174863388,0.5455228428034711,0.5573770491803278,37.289787960029244,1.0,0.5825436717127653,True,False
113,0.0,0.97,-0.5,0.0,0.0,1.0,0.5,0.98,1.0,1e-12,0.7701590747186294,-0.016872700274961017,0.7463151927437642,0.7493169398907105,0.8272433539097696,0.319672131147541,6.255585344057194,0.0,0.6002641556866981,True,False
114,0.0,0.97,-0.5,0.5,0.0,0.5,0.5,0.98,1.0,1e-12,0.7653379754034824,-0.012051600959813946,0.7457482993197279,0.7438524590163934,0.7742938928473904,0.6147540983606558,20.797790234787552,1.0,0.592529085472655,True,False
115,0.0,0.97,-0.5,0.4,0.2,0.4,0.5,0.98,1.0,1e-12,0.7637769879480715,-0.010490613504403057,0.7440476190476191,0.7404371584699454,0.7342357551112648,0.6639344262295082,27.297099683158663,1.0,0.5928684188725046,True,False
116,0.0,0.97,-1.0,1.0,0.0,0.0,0.5,0.98,1.0,1e-12,0.7656728194200204,-0.012386444976351996,0.7256235827664398,0.6837431693989071,0.5455228428034711,0.36885245901639346,26.728410106426193,2.0,0.6759821520525809,True,False
117,0.0,0.97,-1.0,0.0,0.0,1.0,0.5,0.98,1.0,1e-12,0.7759407910003405,-0.022654416556672108,0.7468820861678005,0.7445355191256832,0.8272433539097696,0.639344262295082,3.493378828499472,1.0,0.6861660276270473,True,False
118,0.0,0.97,-1.0,0.5,0.0,0.5,0.5,0.98,1.0,1e-12,0.7702211799235865,-0.016934805479918102,0.7397959183673469,0.7213114754098361,0.7742938928473904,0.7295081967213115,9.667722804452026,2.0,0.689393050998425,True,False
119,0.0,0.97,-1.0,0.4,0.2,0.4,0.5,0.98,1.0,1e-12,0.7681748521332111,-0.014888477689542712,0.7355442176870748,0.7131147540983607,0.7342357551112648,0.639344262295082,11.779998375172639,2.0,0.690916003902167,True,False
120,0.0,0.97,2.0,2.0,0.0,0.0,0.5,0.98,1.0,1e-12,0.7409955718076381,0.012290802636030329,0.7372448979591837,0.755464480874317,0.5455228428034711,0.27049180327868855,18.766756032171582,1.0,0.20654669861407488,False,False
121,0.0,0.97,2.0,0.0,0.0,2.0,0.5,0.98,1.0,1e-12,0.7483920397741298,0.004894334669538591,0.7355442176870748,0.7554644808743168,0.8272433539097696,0.0,0.0,,0.21433587691415348,False,False
122,0.0,0.97,2.0,1.0,0.0,1.0,0.5,0.98,1.0,1e-12,0.7430162484993673,0.0102701259443011,0.736111111111111,0.7554644808743168,0.7742938928473904,0.00819672131147541,8.04289544235925,0.0,0.18021892724762326,False,False
123,0.0,0.97,2.0,0.8,0.4,0.8,0.5,0.98,1.0,1e-12,0.7409562042087466,0.012330170234921778,0.7358276643990929,0.7554644808743168,0.7342357551112648,0.0,7.636688601836055,,0.17682681261226266,False,False
124,0.0,0.97,1.0,2.0,0.0,0.0,0.5,0.98,1.0,1e-12,0.7450507138764129,0.008235660567255554,0.7355442176870748,0.7479508196721312,0.5455228428034711,0.48360655737704916,33.715167763425136,2.0,0.3302263728454613,True,False
125,0.0,0.97,1.0,0.0,0.0,2.0,0.5,0.98,1.0,1e-12,0.7541083342642286,-0.0008219598205602141,0.7395124716553289,0.7561475409836066,0.8272433539097696,0.12295081967213115,31.359168088390607,0.0,0.38289531106594454,True,False
126,0.0,0.97,1.0,1.0,0.0,1.0,0.5,0.98,1.0,1e-12,0.7486298200714339,0.004656554372234556,0.7392290249433106,0.755464480874317,0.7742938928473904,0.09016393442622951,28.434478836623608,0.0,0.3202018507777205,False,False
127,0.0,0.97,1.0,0.8,0.4,0.8,0.5,0.98,1.0,1e-12,0.7468658917019292,0.006420482741739231,0.7369614512471656,0.7534153005464481,0.7342357551112648,0.10655737704918032,24.04744495897311,0.0,0.31550793965178436,True,False
128,0.0,0.97,-0.0,2.0,0.0,0.0,0.5,0.98,1.0,1e-12,0.7516650813897516,0.0016212930539167836,0.7304421768707483,0.7206284153005464,0.5455228428034711,0.5819672131147541,43.13916646356325,2.0,0.4783820332129275,True,False
129,0.0,0.97,-0.0,0.0,0.0,2.0,0.5,0.98,1.0,1e-12,0.7645543407595824,-0.01126796631591398,0.7414965986394558,0.7534153005464481,0.8272433539097696,0.19672131147540983,14.623446258835,0.0,0.5514281144248431,True,False
130,0.0,0.97,-0.0,1.0,0.0,1.0,0.5,0.98,1.0,1e-12,0.7578260865924183,-0.00453971214874993,0.7414965986394558,0.753415300546448,0.7742938928473904,0.19672131147540983,34.44634007636689,0.0,0.4912452553535029,True,False
131,0.0,0.97,-0.0,0.8,0.4,0.8,0.5,0.98,1.0,1e-12,0.755467967418823,-0.0021815929751546337,0.7397959183673469,0.75,0.7342357551112648,0.319672131147541,33.79640913152978,0.0,0.4866363067540614,True,False
132,0.0,0.97,-1.0,2.0,0.0,0.0,0.5,0.98,1.0,1e-12,0.7614806189330358,-0.008194244489367342,0.7145691609977325,0.6659836065573771,0.5455228428034711,0.5573770491803278,37.289787960029244,1.0,0.6279989764333922,True,False
133,0.0,0.97,-1.0,0.0,0.0,2.0,0.5,0.98,1.0,1e-12,0.7771996189643793,-0.023913244520710863,0.7443310657596371,0.7459016393442621,0.8272433539097696,0.319672131147541,6.255585344057194,0.0,0.6777572092497276,True,False
134,0.0,0.97,-1.0,1.0,0.0,1.0,0.5,0.98,1.0,1e-12,0.7692529734002524,-0.015966598956584033,0.7400793650793651,0.735655737704918,0.7742938928473904,0.6147540983606558,20.797790234787552,1.0,0.6566063201444217,True,False
135,0.0,0.97,-1.0,0.8,0.4,0.8,0.5,0.98,1.0,1e-12,0.7648693291043275,-0.011582954660659062,0.7346938775510204,0.7226775956284154,0.7342357551112648,0.6639344262295082,27.297099683158663,1.0,0.6563269102598827,True,False
136,0.0,0.97,-2.0,2.0,0.0,0.0,0.5,0.98,1.0,1e-12,0.7705233634387976,-0.017236988995129154,0.6794217687074829,0.5717213114754097,0.5455228428034711,0.36885245901639346,26.728410106426193,2.0,0.7561831644216389,True,False
137,0.0,0.97,-2.0,0.0,0.0,2.0,0.5,0.98,1.0,1e-12,0.7858843066819463,-0.032597932238277894,0.7397959183673469,0.7226775956284154,0.8272433539097696,0.639344262295082,3.493378828499472,1.0,0.7645930598360456,True,False
138,0.0,0.97,-2.0,1.0,0.0,1.0,0.5,0.98,1.0,1e-12,0.7789335445855075,-0.025647170141839037,0.7290249433106576,0.6857923497267759,0.7742938928473904,0.7295081967213115,9.667722804452026,2.0,0.787487549913697,True,False
139,0.0,0.97,-2.0,0.8,0.4,0.8,0.5,0.98,1.0,1e-12,0.7758850345116214,-0.02259866006795297,0.7191043083900226,0.665983606557377,0.7342357551112648,0.639344262295082,11.779998375172639,2.0,0.7927559427331418,True,False
140,0.0,0.97,4.0,4.0,0.0,0.0,0.5,0.98,1.0,1e-12,0.7374879187464136,0.0157984556972548,0.7344104308390024,0.7520491803278688,0.5455228428034711,0.27049180327868855,18.766756032171582,1.0,0.15624434975412885,False,False
141,0.0,0.97,4.0,0.0,0.0,4.0,0.5,0.98,1.0,1e-12,0.7422410383178288,0.011045336125839578,0.7346938775510204,0.7554644808743168,0.8272433539097696,0.0,0.0,,0.1187259257584834,False,False
142,0.0,0.97,4.0,2.0,0.0,2.0,0.5,0.98,1.0,1e-12,0.7374485511475222,0.015837823296146247,0.7344104308390024,0.7554644808743168,0.7742938928473904,0.00819672131147541,8.04289544235925,0.0,0.10769077563082614,False,False
143,0.0,0.97,4.0,1.6,0.8,1.6,0.5,0.98,1.0,1e-12,0.737109989797056,0.01617638464661242,0.7344104308390024,0.7554644808743168,0.7342357551112648,0.0,7.636688601836055,,0.10737425575783044,False,False
144,0.0,0.97,2.0,4.0,0.0,0.0,0.5,0.98,1.0,1e-12,0.7418852795425839,0.01140109490108454,0.7295918367346939,0.7336065573770492,0.5455228428034711,0.48360655737704916,33.715167763425136,2.0,0.2949513744022334,False,False
145,0.0,0.97,2.0,0.0,0.0,4.0,0.5,0.98,1.0,1e-12,0.7532940404468071,-7.666003138728783e-06,0.73781179138322,0.7554644808743168,0.8272433539097696,0.12295081967213115,31.359168088390607,0.0,0.3929586089263893,True,False
146,0.0,0.97,2.0,2.0,0.0,2.0,0.5,0.98,1.0,1e-12,0.744290639834849,0.008995734608819417,0.7341269841269842,0.7534153005464481,0.7742938928473904,0.09016393442622951,28.434478836623608,0.0,0.27289309668630307,False,False
147,0.0,0.97,2.0,1.6,0.8,1.6,0.5,0.98,1.0,1e-12,0.7409884856398375,0.01229788880383087,0.7332766439909297,0.7520491803278687,0.7342357551112648,0.10655737704918032,24.04744495897311,0.0,0.26743319218869926,False,False
148,0.0,0.97,-0.0,4.0,0.0,0.0,0.5,0.98,1.0,1e-12,0.7496640884974681,0.0036222859462002877,0.7148526077097507,0.6892076502732242,0.5455228428034711,0.5819672131147541,43.13916646356325,2.0,0.4769294518967673,True,False
149,0.0,0.97,-0.0,0.0,0.0,4.0,0.5,0.98,1.0,1e-12,0.7678002802837173,-0.014513905840048857,0.7383786848072562,0.75,0.8272433539097696,0.19672131147540983,14.623446258835,0.0,0.6263354343556858,True,False
150,0.0,0.97,-0.0,2.0,0.0,2.0,0.5,0.98,1.0,1e-12,0.7571437363906497,-0.0038573619469812748,0.7355442176870748,0.7459016393442625,0.7742938928473904,0.19672131147540983,34.44634007636689,0.0,0.5032184168439315,True,False
151,0.0,0.97,-0.0,1.6,0.8,1.6,0.5,0.98,1.0,1e-12,0.7511407049725182,0.0021456694711502466,0.7327097505668934,0.7424863387978141,0.7342357551112648,0.319672131147541,33.79640913152978,0.0,0.4897931852772222,True,False
152,0.0,0.97,-2.0,4.0,0.0,0.0,0.5,0.98,1.0,1e-12,0.7614790682529189,-0.008192693809250473,0.6842403628117913,0.6065573770491803,0.5455228428034711,0.5573770491803278,37.289787960029244,1.0,0.658769081979466,True,False
153,0.0,0.97,-2.0,0.0,0.0,4.0,0.5,0.98,1.0,1e-12,0.7845487095841466,-0.03126233514047816,0.7389455782312925,0.7390710382513661,0.8272433539097696,0.319672131147541,6.255585344057194,0.0,0.7289314874217933,True,False
154,0.0,0.97,-2.0,2.0,0.0,2.0,0.5,0.98,1.0,1e-12,0.7718043969024905,-0.01851802245882206,0.733843537414966,0.7185792349726775,0.7742938928473904,0.6147540983606558,20.797790234787552,1.0,0.7080126740758401,True,False
155,0.0,0.97,-2.0,1.6,0.8,1.6,0.5,0.98,1.0,1e-12,0.767168680842594,-0.013882306398925626,0.7244897959183674,0.7015027322404372,0.7342357551112648,0.6639344262295082,27.297099683158663,1.0,0.7051584416375918,True,False
156,0.0,0.97,-4.0,4.0,0.0,0.0,0.5,0.98,1.0,1e-12,0.7733836007886913,-0.020097226345022867,0.6258503401360545,0.4583333333333333,0.5455228428034711,0.36885245901639346,26.728410106426193,2.0,0.8032629088136758,True,False
157,0.0,0.97,-4.0,0.0,0.0,4.0,0.5,0.98,1.0,1e-12,0.7940403855253736,-0.04075401108170518,0.7369614512471656,0.7131147540983606,0.8272433539097696,0.639344262295082,3.493378828499472,1.0,0.7873531793479343,True,False
158,0.0,0.97,-4.0,2.0,0.0,2.0,0.5,0.98,1.0,1e-12,0.7864291542506033,-0.03314277980693492,0.7111678004535147,0.6331967213114753,0.7742938928473904,0.7295081967213115,9.667722804452026,2.0,0.8455969721553652,True,False
159,0.0,0.97,-4.0,1.6,0.8,1.6,0.5,0.98,1.0,1e-12,0.781970117714191,-0.028683743270522588,0.6924603174603174,0.5901639344262294,0.7342357551112648,0.639344262295082,11.779998375172639,2.0,0.8586838334923346,True,False
160,0.0,0.99,0.5,0.5,0.0,0.0,0.5,0.98,1.0,1e-12,0.7537267812354326,-0.00044040679176415853,0.7471655328798187,0.7602459016393442,0.5455228428034711,0.27049180327868855,18.766756032171582,1.0,0.37935824443585864,True,False
161,0.0,0.99,0.5,0.0,0.0,0.5,0.5,0.98,1.0,1e-12,0.7565144103310191,-0.0032280358873506554,0.7485827664399093,0.7636612021857923,0.8272433539097696,0.0,0.0,,0.38256962646806025,False,False
162,0.0,0.99,0.5,0.25,0.0,0.25,0.5,0.98,1.0,1e-12,0.7555605239917944,-0.002274149548125992,0.747732426303855,0.7629781420765027,0.7742938928473904,0.00819672131147541,8.04289544235925,0.0,0.37755691859183543,False,False
163,0.0,0.99,0.5,0.2,0.1,0.2,0.5,0.98,1.0,1e-12,0.7544708288544801,-0.0011844544108117194,0.7485827664399093,0.7650273224043715,0.7342357551112648,0.0,7.636688601836055,,0.3770547129308505,False,False
164,0.0,0.99,0.25,0.5,0.0,0.0,0.5,0.98,1.0,1e-12,0.755349509081688,-0.002063134638019548,0.7465986394557823,0.7527322404371586,0.5455228428034711,0.48360655737704916,33.715167763425136,2.0,0.43601765887458355,True,False
165,0.0,0.99,0.25,0.0,0.0,0.5,0.5,0.98,1.0,1e-12,0.7583240721126419,-0.00503769766897344,0.7514172335600907,0.7657103825136611,0.8272433539097696,0.12295081967213115,31.359168088390607,0.0,0.43975693384725445,True,False
166,0.0,0.99,0.25,0.25,0.0,0.25,0.5,0.98,1.0,1e-12,0.7572801677087752,-0.003993793265106738,0.7505668934240364,0.7636612021857924,0.7742938928473904,0.09016393442622951,28.434478836623608,0.0,0.4355417855133613,False,False
167,0.0,0.99,0.25,0.2,0.1,0.2,0.5,0.98,1.0,1e-12,0.7558775428758506,-0.0025911684321822115,0.7485827664399094,0.7595628415300547,0.7342357551112648,0.10655737704918032,24.04744495897311,0.0,0.43521608887637414,True,False
168,0.0,0.99,-0.0,0.5,0.0,0.0,0.5,0.98,1.0,1e-12,0.7578406907395362,-0.004554316295867777,0.7443310657596371,0.7452185792349728,0.5455228428034711,0.5819672131147541,43.13916646356325,2.0,0.4942698168961645,True,False
169,0.0,0.99,-0.0,0.0,0.0,0.5,0.5,0.98,1.0,1e-12,0.7608677223899963,-0.007581347946327921,0.751984126984127,0.7629781420765027,0.8272433539097696,0.19672131147540983,14.623446258835,0.0,0.4981733923294145,True,False
170,0.0,0.99,-0.0,0.25,0.0,0.25,0.5,0.98,1.0,1e-12,0.7589796523471645,-0.005693277903496052,0.7505668934240364,0.7575136612021857,0.7742938928473904,0.19672131147540983,34.44634007636689,0.0,0.49516819770107656,True,False
171,0.0,0.99,-0.0,0.2,0.1,0.2,0.5,0.98,1.0,1e-12,0.7580163893616583,-0.004730014917989855,0.7485827664399093,0.7540983606557377,0.7342357551112648,0.319672131147541,33.79640913152978,0.0,0.4950521847471109,True,False
172,0.0,0.99,-0.25,0.5,0.0,0.0,0.5,0.98,1.0,1e-12,0.7616827560057818,-0.00839638156211342,0.7429138321995463,0.7349726775956283,0.5455228428034711,0.5573770491803278,37.289787960029244,1.0,0.5525865610752272,True,False
173,0.0,0.99,-0.25,0.0,0.0,0.5,0.5,0.98,1.0,1e-12,0.7661421932894672,-0.012855818845798783,0.7485827664399093,0.7520491803278688,0.8272433539097696,0.319672131147541,6.255585344057194,0.0,0.5562553249402963,True,False
174,0.0,0.99,-0.25,0.25,0.0,0.25,0.5,0.98,1.0,1e-12,0.7637895855797167,-0.01050321113604824,0.7460317460317459,0.746584699453552,0.7742938928473904,0.6147540983606558,20.797790234787552,1.0,0.5547748455860989,True,False
175,0.0,0.99,-0.25,0.2,0.1,0.2,0.5,0.98,1.0,1e-12,0.7626203678926419,-0.009333993448973454,0.7451814058956916,0.7431693989071039,0.7342357551112648,0.6639344262295082,27.297099683158663,1.0,0.5548824018894805,True,False
176,0.0,0.99,-0.5,0.5,0.0,0.0,0.5,0.98,1.0,1e-12,0.764949858432027,-0.011663483988358592,0.740079365079365,0.7213114754098359,0.5455228428034711,0.36885245901639346,26.728410106426193,2.0,0.6094290093190022,True,False
177,0.0,0.99,-0.5,0.0,0.0,0.5,0.5,0.98,1.0,1e-12,0.769385012123133,-0.016098637679464622,0.7482993197278912,0.7486338797814208,0.8272433539097696,0.639344262295082,3.493378828499472,1.0,0.6125091323502536,True,False
178,0.0,0.99,-0.5,0.25,0.0,0.25,0.5,0.98,1.0,1e-12,0.7669513071596662,-0.01366493271599778,0.7429138321995464,0.7329234972677596,0.7742938928473904,0.7295081967213115,9.667722804452026,2.0,0.6127051365655678,True,False
179,0.0,0.99,-0.5,0.2,0.1,0.2,0.5,0.98,1.0,1e-12,0.7663588869557172,-0.013072512512048773,0.7417800453514739,0.7301912568306012,0.7342357551112648,0.639344262295082,11.779998375172639,2.0,0.6130274795154662,True,False
180,0.0,0.99,1.0,1.0,0.0,0.0,0.5,0.98,1.0,1e-12,0.7476988385170188,0.005587535926649623,0.7423469387755102,0.760928961748634,0.5455228428034711,0.27049180327868855,18.766756032171582,1.0,0.29607581075903056,True,False
181,0.0,0.99,1.0,0.0,0.0,1.0,0.5,0.98,1.0,1e-12,0.7531178454761208,0.00016852896754759872,0.7417800453514739,0.7581967213114754,0.8272433539097696,0.0,0.0,,0.3071992393583874,False,False
182,0.0,0.99,1.0,0.5,0.0,0.5,0.5,0.98,1.0,1e-12,0.7504687903286321,0.002817584115036298,0.7429138321995464,0.7609289617486339,0.7742938928473904,0.00819672131147541,8.04289544235925,0.0,0.2872547177292204,False,False
183,0.0,0.99,1.0,0.4,0.2,0.4,0.5,0.98,1.0,1e-12,0.7485287550552635,0.00475761938840491,0.7429138321995463,0.7616120218579234,0.7342357551112648,0.0,7.636688601836055,,0.28511364323886224,False,False
184,0.0,0.99,0.5,1.0,0.0,0.0,0.5,0.98,1.0,1e-12,0.7511125127298733,0.0021738617137950778,0.7434807256235827,0.7534153005464481,0.5455228428034711,0.48360655737704916,33.715167763425136,2.0,0.3898744004126377,True,False
185,0.0,0.99,0.5,0.0,0.0,1.0,0.5,0.98,1.0,1e-12,0.7573823515935456,-0.004095977149877195,0.7454648526077097,0.760928961748634,0.8272433539097696,0.12295081967213115,31.359168088390607,0.0,0.4083609426468285,True,False
186,0.0,0.99,0.5,0.5,0.0,0.5,0.5,0.98,1.0,1e-12,0.7543645363374734,-0.0010781618938049409,0.7465986394557823,0.7636612021857924,0.7742938928473904,0.09016393442622951,28.434478836623608,0.0,0.3871918845854139,False,False
187,0.0,0.99,0.5,0.4,0.2,0.4,0.5,0.98,1.0,1e-12,0.7524489805528699,0.0008373938907985101,0.7440476190476191,0.760928961748634,0.7342357551112648,0.10655737704918032,24.04744495897311,0.0,0.3854717606628542,True,False
188,0.0,0.99,-0.0,1.0,0.0,0.0,0.5,0.98,1.0,1e-12,0.7552629003641267,-0.001976525920458272,0.73781179138322,0.7342896174863388,0.5455228428034711,0.5819672131147541,43.13916646356325,2.0,0.49192531467607614,True,False
189,0.0,0.99,-0.0,0.0,0.0,1.0,0.5,0.98,1.0,1e-12,0.7635413502807398,-0.010254975837071356,0.7482993197278912,0.7568306010928961,0.8272433539097696,0.19672131147540983,14.623446258835,0.0,0.5132588153125941,True,False
190,0.0,0.99,-0.0,0.5,0.0,0.5,0.5,0.98,1.0,1e-12,0.7589008695957677,-0.00561449515209933,0.7463151927437642,0.755464480874317,0.7742938928473904,0.19672131147540983,34.44634007636689,0.0,0.4962041553048786,True,False
191,0.0,0.99,-0.0,0.4,0.2,0.4,0.5,0.98,1.0,1e-12,0.7575961082374401,-0.004309733793771642,0.7446145124716554,0.7527322404371586,0.7342357551112648,0.319672131147541,33.79640913152978,0.0,0.49534424625903856,True,False
192,0.0,0.99,-0.5,1.0,0.0,0.0,0.5,0.98,1.0,1e-12,0.7615341588675281,-0.00824778442385965,0.7352607709750567,0.7144808743169399,0.5455228428034711,0.5573770491803278,37.289787960029244,1.0,0.5945548814388018,True,False
193,0.0,0.99,-0.5,0.0,0.0,1.0,0.5,0.98,1.0,1e-12,0.7710361848219299,-0.01774981037826151,0.746031746031746,0.7493169398907105,0.8272433539097696,0.319672131147541,6.255585344057194,0.0,0.6126407362163208,True,False
194,0.0,0.99,-0.5,0.5,0.0,0.5,0.5,0.98,1.0,1e-12,0.7663142918559894,-0.01302791741232101,0.7446145124716553,0.7404371584699453,0.7742938928473904,0.6147540983606558,20.797790234787552,1.0,0.604746180018483,True,False
195,0.0,0.99,-0.5,0.4,0.2,0.4,0.5,0.98,1.0,1e-12,0.7640494117323999,-0.010763037288731514,0.7434807256235827,0.739071038251366,0.7342357551112648,0.6639344262295082,27.297099683158663,1.0,0.6050925099832779,True,False
196,0.0,0.99,-1.0,1.0,0.0,0.0,0.5,0.98,1.0,1e-12,0.7666163986060809,-0.013330024162412468,0.7205215419501135,0.6714480874316942,0.5455228428034711,0.36885245901639346,26.728410106426193,2.0,0.6899199283835621,True,False
197,0.0,0.99,-1.0,0.0,0.0,1.0,0.5,0.98,1.0,1e-12,0.7774336819277552,-0.024147307484086777,0.746031746031746,0.739071038251366,0.8272433539097696,0.639344262295082,3.493378828499472,1.0,0.7003137807739965,True,False
198,0.0,0.99,-1.0,0.5,0.0,0.5,0.5,0.98,1.0,1e-12,0.7723687205786408,-0.019082346134972394,0.7386621315192743,0.717896174863388,0.7742938928473904,0.7295081967213115,9.667722804452026,2.0,0.7036073407097327,True,False
199,0.0,0.99,-1.0,0.4,0.2,0.4,0.5,0.98,1.0,1e-12,0.7693637536197317,-0.016077379176063333,0.7349773242630385,0.7083333333333334,0.7342357551112648,0.639344262295082,11.779998375172639,2.0,0.7051616947042735,True,False
200,0.0,0.99,2.0,2.0,0.0,0.0,0.5,0.98,1.0,1e-12,0.7408892792906313,0.012397095153037108,0.7369614512471656,0.7547814207650273,0.5455228428034711,0.27049180327868855,18.766756032171582,1.0,0.21080539343085994,False,False
201,0.0,0.99,2.0,0.0,0.0,2.0,0.5,0.98,1.0,1e-12,0.7486046248081435,0.004681749635524923,0.7355442176870748,0.7554644808743168,0.8272433539097696,0.0,0.0,,0.21875517334537312,False,False
202,0.0,0.99,2.0,1.0,0.0,1.0,0.5,0.98,1.0,1e-12,0.7429965646999216,0.010289809743746825,0.736111111111111,0.7554644808743168,0.7742938928473904,0.00819672131147541,8.04289544235925,0.0,0.18393478141767738,False,False
203,0.0,0.99,2.0,0.8,0.4,0.8,0.5,0.98,1.0,1e-12,0.7411687892427603,0.01211758520090811,0.7358276643990929,0.7554644808743168,0.7342357551112648,0.0,7.636688601836055,,0.1804727262743712,False,False
204,0.0,0.99,1.0,2.0,0.0,0.0,0.5,0.98,1.0,1e-12,0.7453695914274333,0.007916783016235107,0.7344104308390023,0.744535519125683,0.5455228428034711,0.48360655737704916,33.715167763425136,2.0,0.3370351640381512,True,False
205,0.0,0.99,1.0,0.0,0.0,2.0,0.5,0.98,1.0,1e-12,0.7545264181644554,-0.0012400437207870096,0.7395124716553289,0.7561475409836066,0.8272433539097696,0.12295081967213115,31.359168088390607,0.0,0.3907900597477166,True,False
206,0.0,0.99,1.0,1.0,0.0,1.0,0.5,0.98,1.0,1e-12,0.7487361125884406,0.004550261855227777,0.7392290249433106,0.755464480874317,0.7742938928473904,0.09016393442622951,28.434478836623608,0.0,0.326803950793756,False,False
207,0.0,0.99,1.0,0.8,0.4,0.8,0.5,0.98,1.0,1e-12,0.7470784767359427,0.006207897707725674,0.7372448979591837,0.7540983606557377,0.7342357551112648,0.10655737704918032,24.04744495897311,0.0,0.3220132579951201,True,False
208,0.0,0.99,-0.0,2.0,0.0,0.0,0.5,0.98,1.0,1e-12,0.7518655006036369,0.0014208738400315335,0.7273242630385488,0.7117486338797814,0.5455228428034711,0.5819672131147541,43.13916646356325,2.0,0.4882455802894827,True,False
209,0.0,0.99,-0.0,0.0,0.0,2.0,0.5,0.98,1.0,1e-12,0.7654417580160472,-0.012155383572378775,0.7417800453514739,0.7534153005464481,0.8272433539097696,0.19672131147540983,14.623446258835,0.0,0.5627977662686542,True,False
210,0.0,0.99,-0.0,1.0,0.0,1.0,0.5,0.98,1.0,1e-12,0.7583575491774525,-0.005071174733784045,0.7414965986394558,0.7527322404371585,0.7742938928473904,0.19672131147540983,34.44634007636689,0.0,0.5013740235051215,True,False
211,0.0,0.99,-0.0,0.8,0.4,0.8,0.5,0.98,1.0,1e-12,0.7556734662850362,-0.002387091841367761,0.7389455782312925,0.7479508196721312,0.7342357551112648,0.319672131147541,33.79640913152978,0.0,0.4966700450376502,True,False
212,0.0,0.99,-1.0,2.0,0.0,0.0,0.5,0.98,1.0,1e-12,0.7620120815180698,-0.008725707074401345,0.7080498866213153,0.6516393442622952,0.5455228428034711,0.5573770491803278,37.289787960029244,1.0,0.6409474089371736,True,False
213,0.0,0.99,-1.0,0.0,0.0,2.0,0.5,0.98,1.0,1e-12,0.7768376969937479,-0.023551322550079523,0.7443310657596373,0.7452185792349727,0.8272433539097696,0.319672131147541,6.255585344057194,0.0,0.6917315846981757,True,False
214,0.0,0.99,-1.0,1.0,0.0,1.0,0.5,0.98,1.0,1e-12,0.7699970210193001,-0.016710646575631705,0.7392290249433107,0.7315573770491803,0.7742938928473904,0.6147540983606558,20.797790234787552,1.0,0.6701445947865748,True,False
215,0.0,0.99,-1.0,0.8,0.4,0.8,0.5,0.98,1.0,1e-12,0.765613376723375,-0.012327002279706623,0.7335600907029479,0.7185792349726776,0.7342357551112648,0.6639344262295082,27.297099683158663,1.0,0.6698594238734886,True,False
216,0.0,0.99,-2.0,2.0,0.0,0.0,0.5,0.98,1.0,1e-12,0.7709603913401061,-0.01767401689643766,0.6615646258503401,0.5382513661202185,0.5455228428034711,0.36885245901639346,26.728410106426193,2.0,0.7717745698736317,True,False
217,0.0,0.99,-2.0,0.0,0.0,2.0,0.5,0.98,1.0,1e-12,0.7885033708768251,-0.03521699643315668,0.7392290249433106,0.7206284153005463,0.8272433539097696,0.639344262295082,3.493378828499472,1.0,0.7803578651934899,True,False
218,0.0,0.99,-2.0,1.0,0.0,1.0,0.5,0.98,1.0,1e-12,0.7797976012218072,-0.026511226778138774,0.7273242630385487,0.6789617486338796,0.7742938928473904,0.7295081967213115,9.667722804452026,2.0,0.8037244066129483,True,False
219,0.0,0.99,-2.0,0.8,0.4,0.8,0.5,0.98,1.0,1e-12,0.7769827463236191,-0.023696371879950662,0.7142857142857143,0.6523224043715846,0.7342357551112648,0.639344262295082,11.779998375172639,2.0,0.8091014260884644,True,False
220,0.0,0.99,4.0,4.0,0.0,0.0,0.5,0.98,1.0,1e-12,0.7374879187464136,0.0157984556972548,0.733843537414966,0.7506830601092895,0.5455228428034711,0.27049180327868855,18.766756032171582,1.0,0.15946588273875006,False,False
221,0.0,0.99,4.0,0.0,0.0,4.0,0.5,0.98,1.0,1e-12,0.7423402446670352,0.010946129776633229,0.7346938775510204,0.7554644808743168,0.8272433539097696,0.0,0.0,,0.1211738829906171,False,False
222,0.0,0.99,4.0,2.0,0.0,2.0,0.5,0.98,1.0,1e-12,0.7376611361815357,0.01562523826213269,0.7344104308390024,0.7554644808743168,0.7742938928473904,0.00819672131147541,8.04289544235925,0.0,0.10991120399434832,False,False
223,0.0,0.99,4.0,1.6,0.8,1.6,0.5,0.98,1.0,1e-12,0.737109989797056,0.01617638464661242,0.7344104308390024,0.7554644808743168,0.7342357551112648,0.0,7.636688601836055,,0.10958815793840426,False,False
224,0.0,0.99,2.0,4.0,0.0,0.0,0.5,0.98,1.0,1e-12,0.7419915720595907,0.011294802384077762,0.7284580498866213,0.730191256830601,0.5455228428034711,0.48360655737704916,33.715167763425136,2.0,0.30103284603939284,False,False
225,0.0,0.99,2.0,0.0,0.0,4.0,0.5,0.98,1.0,1e-12,0.7540451742336552,-0.0007587997899868304,0.73781179138322,0.7554644808743168,0.8272433539097696,0.12295081967213115,31.359168088390607,0.0,0.4010608482856963,True,False
226,0.0,0.99,2.0,2.0,0.0,2.0,0.5,0.98,1.0,1e-12,0.744290639834849,0.008995734608819417,0.7341269841269842,0.7534153005464481,0.7742938928473904,0.09016393442622951,28.434478836623608,0.0,0.27851975847364957,False,False
227,0.0,0.99,2.0,1.6,0.8,1.6,0.5,0.98,1.0,1e-12,0.7412010706738511,0.012085303769817313,0.7332766439909297,0.7520491803278687,0.7342357551112648,0.10655737704918032,24.04744495897311,0.0,0.27294727862557966,False,False
228,0.0,0.99,-0.0,4.0,0.0,0.0,0.5,0.98,1.0,1e-12,0.7498766735314817,0.0034097009121867305,0.7091836734693877,0.6789617486338798,0.5455228428034711,0.5819672131147541,43.13916646356325,2.0,0.48676304884309235,True,False
229,0.0,0.99,-0.0,0.0,0.0,4.0,0.5,0.98,1.0,1e-12,0.7688817176433502,-0.01559534319968181,0.7383786848072562,0.7493169398907105,0.8272433539097696,0.19672131147540983,14.623446258835,0.0,0.6392495670228135,True,False
230,0.0,0.99,-0.0,2.0,0.0,2.0,0.5,0.98,1.0,1e-12,0.7578930115105338,-0.004606637066865371,0.7358276643990929,0.7459016393442625,0.7742938928473904,0.19672131147540983,34.44634007636689,0.0,0.5135940543046312,True,False
231,0.0,0.99,-0.0,1.6,0.8,1.6,0.5,0.98,1.0,1e-12,0.7517587762751132,0.0015275981685551887,0.7321428571428571,0.7404371584699454,0.7342357551112648,0.319672131147541,33.79640913152978,0.0,0.49989201383963916,True,False
232,0.0,0.99,-2.0,4.0,0.0,0.0,0.5,0.98,1.0,1e-12,0.7626535134408301,-0.009367138997161684,0.6683673469387755,0.5853825136612021,0.5455228428034711,0.5573770491803278,37.289787960029244,1.0,0.672351949649146,True,False
233,0.0,0.99,-2.0,0.0,0.0,4.0,0.5,0.98,1.0,1e-12,0.7868713263412871,-0.033584951897618676,0.7392290249433106,0.7383879781420765,0.8272433539097696,0.319672131147541,6.255585344057194,0.0,0.7439610026263662,True,False
234,0.0,0.99,-2.0,2.0,0.0,2.0,0.5,0.98,1.0,1e-12,0.7734853933751537,-0.020199018931485235,0.7327097505668934,0.7158469945355193,0.7742938928473904,0.6147540983606558,20.797790234787552,1.0,0.7226108735413214,True,False
235,0.0,0.99,-2.0,1.6,0.8,1.6,0.5,0.98,1.0,1e-12,0.768245778348263,-0.014959403904594604,0.7225056689342403,0.6967213114754099,0.7342357551112648,0.6639344262295082,27.297099683158663,1.0,0.7196977909497071,True,False
236,0.0,0.99,-4.0,4.0,0.0,0.0,0.5,0.98,1.0,1e-12,0.7737746307586635,-0.020488256314995068,0.5887188208616779,0.42486338797814205,0.5455228428034711,0.36885245901639346,26.728410106426193,2.0,0.8198250306448858,True,False
237,0.0,0.99,-4.0,0.0,0.0,4.0,0.5,0.98,1.0,1e-12,0.7970827611213156,-0.04379638667764718,0.7355442176870748,0.7103825136612021,0.8272433539097696,0.639344262295082,3.493378828499472,1.0,0.8035872655200565,True,False
238,0.0,0.99,-4.0,2.0,0.0,2.0,0.5,0.98,1.0,1e-12,0.788880252535035,-0.035593878091366604,0.7071995464852608,0.6229508196721311,0.7742938928473904,0.7295081967213115,9.667722804452026,2.0,0.8630319612719707,True,False
239,0.0,0.99,-4.0,1.6,0.8,1.6,0.5,0.98,1.0,1e-12,0.7835670106801316,-0.030280636236463154,0.6831065759637187,0.5696721311475409,0.7342357551112648,0.639344262295082,11.779998375172639,2.0,0.8763886548014548,True,False
240,0.25,0.93,0.5,0.5,0.0,0.0,0.5,0.98,1.0,1e-12,0.7589060970966042,-0.005619722652935755,0.7451814058956916,0.7438524590163935,0.5455228428034711,0.27049180327868855,18.766756032171582,1.0,0.5105692992084686,True,False
241,0.25,0.93,0.5,0.0,0.0,0.5,0.5,0.98,1.0,1e-12,0.760987068374004,-0.007700693930335567,0.75,0.755464480874317,0.8272433539097696,0.0,0.0,,0.5127750969679606,False,False
242,0.25,0.93,0.5,0.25,0.0,0.25,0.5,0.98,1.0,1e-12,0.7600496636850329,-0.00676328924136449,0.7488662131519275,0.7527322404371586,0.7742938928473904,0.00819672131147541,8.04289544235925,0.0,0.5093320248913618,False,False
243,0.25,0.93,0.5,0.2,0.1,0.2,0.5,0.98,1.0,1e-12,0.7585103189909262,-0.0052239445472578305,0.7468820861678004,0.7486338797814208,0.7342357551112648,0.0,7.636688601836055,,0.508987075548463,False,False
244,0.25,0.93,0.25,0.5,0.0,0.0,0.5,0.98,1.0,1e-12,0.7619684404550001,-0.008682066011331702,0.7437641723356009,0.735655737704918,0.5455228428034711,0.48360655737704916,33.715167763425136,2.0,0.5494868768027442,True,False
245,0.25,0.93,0.25,0.0,0.0,0.5,0.5,0.98,1.0,1e-12,0.7645407193665648,-0.011254344922896342,0.7494331065759637,0.7520491803278688,0.8272433539097696,0.12295081967213115,31.359168088390607,0.0,0.5520552676930636,True,False
246,0.25,0.93,0.25,0.25,0.0,0.25,0.5,0.98,1.0,1e-12,0.7631648839446767,-0.009878509501008326,0.7454648526077097,0.7438524590163934,0.7742938928473904,0.09016393442622951,28.434478836623608,0.0,0.5491600142920058,False,False
247,0.25,0.93,0.25,0.2,0.1,0.2,0.5,0.98,1.0,1e-12,0.7623014903416214,-0.009015115897953008,0.7440476190476191,0.7397540983606558,0.7342357551112648,0.10655737704918032,24.04744495897311,0.0,0.5489363034706408,True,False
248,0.25,0.93,-0.0,0.5,0.0,0.0,0.5,0.98,1.0,1e-12,0.7641136906315734,-0.010827316187905,0.7426303854875282,0.7308743169398906,0.5455228428034711,0.5819672131147541,43.13916646356325,2.0,0.5894984600902948,True,False
249,0.25,0.93,-0.0,0.0,0.0,0.5,0.5,0.98,1.0,1e-12,0.7674898559125007,-0.014203481468832324,0.7488662131519274,0.7493169398907104,0.8272433539097696,0.19672131147540983,14.623446258835,0.0,0.5921797038222241,True,False
250,0.25,0.93,-0.0,0.25,0.0,0.25,0.5,0.98,1.0,1e-12,0.7658345105384836,-0.012548136094815199,0.743764172335601,0.735655737704918,0.7742938928473904,0.19672131147540983,34.44634007636689,0.0,0.5901155297340728,True,False
251,0.25,0.93,-0.0,0.2,0.1,0.2,0.5,0.98,1.0,1e-12,0.7646582066836083,-0.011371832239939872,0.7417800453514739,0.7336065573770492,0.7342357551112648,0.319672131147541,33.79640913152978,0.0,0.5900358440687227,True,False
252,0.25,0.93,-0.25,0.5,0.0,0.0,0.5,0.98,1.0,1e-12,0.7664454956732782,-0.013159121229609827,0.740079365079365,0.7206284153005463,0.5455228428034711,0.5573770491803278,37.289787960029244,1.0,0.6295544055870248,True,False
253,0.25,0.93,-0.25,0.0,0.0,0.5,0.5,0.98,1.0,1e-12,0.7700227672251739,-0.016736392781505516,0.7448979591836735,0.7370218579234974,0.8272433539097696,0.319672131147541,6.255585344057194,0.0,0.632074364605456,True,False
254,0.25,0.93,-0.25,0.25,0.0,0.25,0.5,0.98,1.0,1e-12,0.767675670979268,-0.014389296535599616,0.7426303854875282,0.7274590163934426,0.7742938928473904,0.6147540983606558,20.797790234787552,1.0,0.6310574696955022,True,False
255,0.25,0.93,-0.25,0.2,0.1,0.2,0.5,0.98,1.0,1e-12,0.7672701847106865,-0.013983810267018115,0.7417800453514739,0.7267759562841529,0.7342357551112648,0.6639344262295082,27.297099683158663,1.0,0.6311313467523704,True,False
256,0.25,0.93,-0.5,0.5,0.0,0.0,0.5,0.98,1.0,1e-12,0.7682254145321393,-0.014939040088470912,0.7372448979591837,0.7076502732240437,0.5455228428034711,0.36885245901639346,26.728410106426193,2.0,0.6685977033706278,True,False
257,0.25,0.93,-0.5,0.0,0.0,0.5,0.5,0.98,1.0,1e-12,0.7726547440789501,-0.019368369635281657,0.7440476190476191,0.7295081967213115,0.8272433539097696,0.639344262295082,3.493378828499472,1.0,0.6707133434324974,True,False
258,0.25,0.93,-0.5,0.25,0.0,0.25,0.5,0.98,1.0,1e-12,0.7699767452699989,-0.016690370826330514,0.7426303854875282,0.7233606557377049,0.7742938928473904,0.7295081967213115,9.667722804452026,2.0,0.670847972590491,True,False
259,0.25,0.93,-0.5,0.2,0.1,0.2,0.5,0.98,1.0,1e-12,0.7687067465297621,-0.015420372086093703,0.742063492063492,0.7213114754098361,0.7342357551112648,0.639344262295082,11.779998375172639,2.0,0.6710693798692091,True,False
260,0.25,0.93,1.0,1.0,0.0,0.0,0.5,0.98,1.0,1e-12,0.7563258255341948,-0.0030394510905263905,0.7468820861678005,0.7527322404371586,0.5455228428034711,0.27049180327868855,18.766756032171582,1.0,0.45336520334963715,True,False
261,0.25,0.93,1.0,0.0,0.0,1.0,0.5,0.98,1.0,1e-12,0.7585497106136564,-0.0052633361699879755,0.7519841269841269,0.7663934426229508,0.8272433539097696,0.0,0.0,,0.461005538145155,False,False
262,0.25,0.93,1.0,0.5,0.0,0.5,0.5,0.98,1.0,1e-12,0.7574927527427887,-0.004206378299120295,0.7514172335600907,0.7657103825136612,0.7742938928473904,0.00819672131147541,8.04289544235925,0.0,0.44730627076350493,False,False
263,0.25,0.93,1.0,0.4,0.2,0.4,0.5,0.98,1.0,1e-12,0.7559838353928574,-0.00269746094918899,0.75,0.7616120218579235,0.7342357551112648,0.0,7.636688601836055,,0.44583563373982454,False,False
264,0.25,0.93,0.5,1.0,0.0,0.0,0.5,0.98,1.0,1e-12,0.7588025508934338,-0.005516176449765431,0.7426303854875282,0.7397540983606558,0.5455228428034711,0.48360655737704916,33.715167763425136,2.0,0.5177925174551452,True,False
265,0.25,0.93,0.5,0.0,0.0,1.0,0.5,0.98,1.0,1e-12,0.7626943789785577,-0.009408004534889325,0.752267573696145,0.7616120218579235,0.8272433539097696,0.12295081967213115,31.359168088390607,0.0,0.5304903444442862,True,False
266,0.25,0.93,0.5,0.5,0.0,0.5,0.5,0.98,1.0,1e-12,0.7599559687996713,-0.006669594356002895,0.7502834467120182,0.7568306010928962,0.7742938928473904,0.09016393442622951,28.434478836623608,0.0,0.5159499813313955,False,False
267,0.25,0.93,0.5,0.4,0.2,0.4,0.5,0.98,1.0,1e-12,0.7587801207801517,-0.005493746336483252,0.7480158730158731,0.7520491803278688,0.7342357551112648,0.10655737704918032,24.04744495897311,0.0,0.5147684820714554,True,False
268,0.25,0.93,-0.0,1.0,0.0,0.0,0.5,0.98,1.0,1e-12,0.7629582662098635,-0.009671891766195095,0.7383786848072562,0.7226775956284153,0.5455228428034711,0.5819672131147541,43.13916646356325,2.0,0.587888094929022,True,False
269,0.25,0.93,-0.0,0.0,0.0,1.0,0.5,0.98,1.0,1e-12,0.7686366246501215,-0.015350250206453087,0.7477324263038548,0.7506830601092896,0.8272433539097696,0.19672131147540983,14.623446258835,0.0,0.6025414084975395,True,False
270,0.25,0.93,-0.0,0.5,0.0,0.5,0.5,0.98,1.0,1e-12,0.7651647579683601,-0.011878383524691727,0.7454648526077098,0.743169398907104,0.7742938928473904,0.19672131147540983,34.44634007636689,0.0,0.5908270965730479,True,False
271,0.25,0.93,-0.0,0.4,0.2,0.4,0.5,0.98,1.0,1e-12,0.7647317619341686,-0.01144538749050017,0.7443310657596371,0.7404371584699452,0.7342357551112648,0.319672131147541,33.79640913152978,0.0,0.5902364519759054,True,False
272,0.25,0.93,-0.5,1.0,0.0,0.0,0.5,0.98,1.0,1e-12,0.7664038135720672,-0.0131174391283988,0.7321428571428571,0.698087431693989,0.5455228428034711,0.5573770491803278,37.289787960029244,1.0,0.6583811306852376,True,False
273,0.25,0.93,-0.5,0.0,0.0,1.0,0.5,0.98,1.0,1e-12,0.7727956325293674,-0.019509258085699033,0.7468820861678004,0.7445355191256832,0.8272433539097696,0.319672131147541,6.255585344057194,0.0,0.67080373800717,True,False
274,0.25,0.93,-0.5,0.5,0.0,0.5,0.5,0.98,1.0,1e-12,0.7686992285504447,-0.015412854106776286,0.7414965986394557,0.7254098360655736,0.7742938928473904,0.6147540983606558,20.797790234787552,1.0,0.66538121455815,True,False
275,0.25,0.93,-0.5,0.4,0.2,0.4,0.5,0.98,1.0,1e-12,0.7680016346980889,-0.014715260254420492,0.7386621315192743,0.7192622950819673,0.7342357551112648,0.6639344262295082,27.297099683158663,1.0,0.665619097766292,True,False
276,0.25,0.93,-1.0,1.0,0.0,0.0,0.5,0.98,1.0,1e-12,0.7703583510400759,-0.017071976596407468,0.7219387755102041,0.6693989071038251,0.5455228428034711,0.36885245901639346,26.728410106426193,2.0,0.7238843952533557,True,False
277,0.25,0.93,-1.0,0.0,0.0,1.0,0.5,0.98,1.0,1e-12,0.7785389117190702,-0.025252537275401776,0.7431972789115646,0.7267759562841529,0.8272433539097696,0.639344262295082,3.493378828499472,1.0,0.7310236069962806,True,False
278,0.25,0.93,-1.0,0.5,0.0,0.5,0.5,0.98,1.0,1e-12,0.7746765923805603,-0.021390217936891887,0.7366780045351473,0.706967213114754,0.7742938928473904,0.7295081967213115,9.667722804452026,2.0,0.7332858501844629,True,False
279,0.25,0.93,-1.0,0.4,0.2,0.4,0.5,0.98,1.0,1e-12,0.7728009768144686,-0.01951460237080016,0.7329931972789115,0.698087431693989,0.7342357551112648,0.639344262295082,11.779998375172639,2.0,0.7343534872716223,True,False
280,0.25,0.93,2.0,2.0,0.0,0.0,0.5,0.98,1.0,1e-12,0.753763858355843,-0.0004774839121746144,0.7448979591836735,0.755464480874317,0.5455228428034711,0.27049180327868855,18.766756032171582,1.0,0.3947956237706917,True,False
281,0.25,0.93,2.0,0.0,0.0,2.0,0.5,0.98,1.0,1e-12,0.7558766552289782,-0.002590280785309762,0.7494331065759636,0.76775956284153,0.8272433539097696,0.0,0.0,,0.40025607866146845,False,False
282,0.25,0.93,2.0,1.0,0.0,1.0,0.5,0.98,1.0,1e-12,0.7539393662694461,-0.0006529918257777156,0.748015873015873,0.7663934426229508,0.7742938928473904,0.00819672131147541,8.04289544235925,0.0,0.376339041781839,False,False
283,0.25,0.93,2.0,0.8,0.4,0.8,0.5,0.98,1.0,1e-12,0.7534252970053769,-0.0001389225617084433,0.7482993197278912,0.7657103825136612,0.7342357551112648,0.0,7.636688601836055,,0.3739610645116893,False,False
284,0.25,0.93,1.0,2.0,0.0,0.0,0.5,0.98,1.0,1e-12,0.7563402818328041,-0.0030539073891356905,0.7412131519274378,0.7397540983606556,0.5455228428034711,0.48360655737704916,33.715167763425136,2.0,0.4814989005514574,True,False
285,0.25,0.93,1.0,0.0,0.0,2.0,0.5,0.98,1.0,1e-12,0.7617128350252144,-0.008426460581545947,0.7522675736961452,0.7657103825136611,0.8272433539097696,0.12295081967213115,31.359168088390607,0.0,0.5184214551802497,True,False
286,0.25,0.93,1.0,1.0,0.0,1.0,0.5,0.98,1.0,1e-12,0.7575218131885157,-0.004235438744847331,0.7485827664399093,0.760928961748634,0.7742938928473904,0.09016393442622951,28.434478836623608,0.0,0.47447140054520615,False,False
287,0.25,0.93,1.0,0.8,0.4,0.8,0.5,0.98,1.0,1e-12,0.756750995602222,-0.0034646211585536157,0.7474489795918368,0.7581967213114754,0.7342357551112648,0.10655737704918032,24.04744495897311,0.0,0.47118082367341585,True,False
288,0.25,0.93,-0.0,2.0,0.0,0.0,0.5,0.98,1.0,1e-12,0.761133900099783,-0.007847525656114573,0.733843537414966,0.7131147540983607,0.5455228428034711,0.5819672131147541,43.13916646356325,2.0,0.585360600602877,True,False
289,0.25,0.93,-0.0,0.0,0.0,2.0,0.5,0.98,1.0,1e-12,0.7704055158876895,-0.017119141444021047,0.75,0.7575136612021857,0.8272433539097696,0.19672131147540983,14.623446258835,0.0,0.6365681626895807,True,False
290,0.25,0.93,-0.0,1.0,0.0,1.0,0.5,0.98,1.0,1e-12,0.7638613061871515,-0.010574931743483118,0.7468820861678004,0.7479508196721312,0.7742938928473904,0.19672131147540983,34.44634007636689,0.0,0.594378117155033,True,False
291,0.25,0.93,-0.0,0.8,0.4,0.8,0.5,0.98,1.0,1e-12,0.7624137501578286,-0.009127375714160224,0.7437641723356009,0.7431693989071039,0.7342357551112648,0.319672131147541,33.79640913152978,0.0,0.5911471016420224,True,False
292,0.25,0.93,-1.0,2.0,0.0,0.0,0.5,0.98,1.0,1e-12,0.7673070306093694,-0.014020656165701029,0.7185374149659864,0.6673497267759563,0.5455228428034711,0.5573770491803278,37.289787960029244,1.0,0.6902467051285637,True,False
293,0.25,0.93,-1.0,0.0,0.0,2.0,0.5,0.98,1.0,1e-12,0.7790099605873672,-0.02572358614369874,0.7465986394557823,0.741120218579235,0.8272433539097696,0.319672131147541,6.255585344057194,0.0,0.7251287652472318,True,False
294,0.25,0.93,-1.0,1.0,0.0,1.0,0.5,0.98,1.0,1e-12,0.772929742304768,-0.019643367861099548,0.7397959183673469,0.7213114754098361,0.7742938928473904,0.6147540983606558,20.797790234787552,1.0,0.7103013378332028,True,False
295,0.25,0.93,-1.0,0.8,0.4,0.8,0.5,0.98,1.0,1e-12,0.769695684637753,-0.016409310194084537,0.7355442176870748,0.7131147540983607,0.7342357551112648,0.6639344262295082,27.297099683158663,1.0,0.7101054628625983,True,False
296,0.25,0.93,-2.0,2.0,0.0,0.0,0.5,0.98,1.0,1e-12,0.7734188357315078,-0.02013246128783941,0.6910430839002266,0.5894808743169399,0.5455228428034711,0.36885245901639346,26.728410106426193,2.0,0.780107785367747,True,False
297,0.25,0.93,-2.0,0.0,0.0,2.0,0.5,0.98,1.0,1e-12,0.784752166115282,-0.03146579167161356,0.7409297052154195,0.7165300546448088,0.8272433539097696,0.639344262295082,3.493378828499472,1.0,0.7860033821531043,True,False
298,0.25,0.93,-2.0,1.0,0.0,1.0,0.5,0.98,1.0,1e-12,0.780477660945095,-0.027191286501426548,0.7264739229024944,0.6721311475409835,0.7742938928473904,0.7295081967213115,9.667722804452026,2.0,0.8020531277745505,True,False
299,0.25,0.93,-2.0,0.8,0.4,0.8,0.5,0.98,1.0,1e-12,0.7774312770118114,-0.024144902568142945,0.7171201814058956,0.6543715846994537,0.7342357551112648,0.639344262295082,11.779998375172639,2.0,0.8057464340809656,True,False
300,0.25,0.93,4.0,4.0,0.0,0.0,0.5,0.98,1.0,1e-12,0.752700933185775,0.0005854412578933932,0.7434807256235827,0.7554644808743168,0.5455228428034711,0.27049180327868855,18.766756032171582,1.0,0.35953212147712127,True,False
301,0.25,0.93,4.0,0.0,0.0,4.0,0.5,0.98,1.0,1e-12,0.7533434839771352,-5.71095334668259e-05,0.7485827664399093,0.7691256830601092,0.8272433539097696,0.0,0.0,,0.333230545892545,False,False
302,0.25,0.93,4.0,2.0,0.0,2.0,0.5,0.98,1.0,1e-12,0.7522560793183021,0.0010302951253663428,0.7485827664399093,0.7684426229508197,0.7742938928473904,0.00819672131147541,8.04289544235925,0.0,0.3254945643597544,False,False
303,0.25,0.93,4.0,1.6,0.8,1.6,0.5,0.98,1.0,1e-12,0.7518309092502748,0.001455465193393568,0.7482993197278912,0.7677595628415301,0.7342357551112648,0.0,7.636688601836055,,0.32527267413951005,False,False
304,0.25,0.93,2.0,4.0,0.0,0.0,0.5,0.98,1.0,1e-12,0.7543039772325846,-0.001017602788916161,0.7372448979591837,0.7342896174863388,0.5455228428034711,0.48360655737704916,33.715167763425136,2.0,0.4567700356634214,True,False
305,0.25,0.93,2.0,0.0,0.0,4.0,0.5,0.98,1.0,1e-12,0.7599349467056645,-0.006648572261996111,0.7508503401360545,0.7657103825136611,0.8272433539097696,0.12295081967213115,31.359168088390607,0.0,0.5254761382164379,True,False
306,0.25,0.93,2.0,2.0,0.0,2.0,0.5,0.98,1.0,1e-12,0.7548105285173365,-0.001524154073668127,0.7465986394557823,0.7622950819672131,0.7742938928473904,0.09016393442622951,28.434478836623608,0.0,0.44130650076977945,False,False
307,0.25,0.93,2.0,1.6,0.8,1.6,0.5,0.98,1.0,1e-12,0.7537494020572337,-0.0004630276135653144,0.7457482993197279,0.7609289617486339,0.7342357551112648,0.10655737704918032,24.04744495897311,0.0,0.4374789388539336,True,False
308,0.25,0.93,-0.0,4.0,0.0,0.0,0.5,0.98,1.0,1e-12,0.7607016438639553,-0.0074152694202869185,0.7227891156462585,0.6892076502732238,0.5455228428034711,0.5819672131147541,43.13916646356325,2.0,0.5843422961750534,True,False
309,0.25,0.93,-0.0,0.0,0.0,4.0,0.5,0.98,1.0,1e-12,0.7731921452457423,-0.019905770802073897,0.7505668934240364,0.7602459016393442,0.8272433539097696,0.19672131147540983,14.623446258835,0.0,0.6890805106823366,True,False
310,0.25,0.93,-0.0,2.0,0.0,2.0,0.5,0.98,1.0,1e-12,0.7642014949828542,-0.010915120539185752,0.7454648526077098,0.7500000000000001,0.7742938928473904,0.19672131147540983,34.44634007636689,0.0,0.6027716736637871,True,False
311,0.25,0.93,-0.0,1.6,0.8,1.6,0.5,0.98,1.0,1e-12,0.7603701686812897,-0.007083794237621288,0.7426303854875282,0.7431693989071039,0.7342357551112648,0.319672131147541,33.79640913152978,0.0,0.5933601711221763,True,False
312,0.25,0.93,-2.0,4.0,0.0,0.0,0.5,0.98,1.0,1e-12,0.7685257798935949,-0.015239405449926524,0.6998299319727891,0.6256830601092896,0.5455228428034711,0.5573770491803278,37.289787960029244,1.0,0.7118175007691104,True,False
313,0.25,0.93,-2.0,0.0,0.0,4.0,0.5,0.98,1.0,1e-12,0.7838595213579806,-0.030573146914312233,0.7443310657596371,0.7377049180327869,0.8272433539097696,0.319672131147541,6.255585344057194,0.0,0.761003516955484,True,False
314,0.25,0.93,-2.0,2.0,0.0,2.0,0.5,0.98,1.0,1e-12,0.7755957161016942,-0.022309341658025783,0.7363945578231292,0.7124316939890709,0.7742938928473904,0.6147540983606558,20.797790234787552,1.0,0.7463387818263624,True,False
315,0.25,0.93,-2.0,1.6,0.8,1.6,0.5,0.98,1.0,1e-12,0.7714632898279772,-0.018176915384308767,0.7304421768707483,0.6994535519125683,0.7342357551112648,0.6639344262295082,27.297099683158663,1.0,0.74433787661192,True,False
316,0.25,0.93,-4.0,4.0,0.0,0.0,0.5,0.98,1.0,1e-12,0.7756989665460895,-0.02241259210242108,0.663548752834467,0.5184426229508197,0.5455228428034711,0.36885245901639346,26.728410106426193,2.0,0.8131121422611337,True,False
317,0.25,0.93,-4.0,0.0,0.0,4.0,0.5,0.98,1.0,1e-12,0.7897368914869121,-0.036450517043243646,0.7389455782312925,0.7137978142076502,0.8272433539097696,0.639344262295082,3.493378828499472,1.0,0.8019589298521602,True,False
318,0.25,0.93,-4.0,2.0,0.0,2.0,0.5,0.98,1.0,1e-12,0.7850108493755263,-0.03172447493185793,0.7120181405895691,0.633879781420765,0.7742938928473904,0.7295081967213115,9.667722804452026,2.0,0.8427896299645861,True,False
319,0.25,0.93,-4.0,1.6,0.8,1.6,0.5,0.98,1.0,1e-12,0.7819878020385693,-0.028701427594900908,0.6998299319727891,0.6038251366120219,0.7342357551112648,0.639344262295082,11.779998375172639,2.0,0.8519639245100904,True,False
320,0.25,0.97,0.5,0.5,0.0,0.0,0.5,0.98,1.0,1e-12,0.760075314783679,-0.006788940340010541,0.7434807256235827,0.7383879781420766,0.5455228428034711,0.27049180327868855,18.766756032171582,1.0,0.5258969050442609,True,False
321,0.25,0.97,0.5,0.0,0.0,0.5,0.5,0.98,1.0,1e-12,0.7622692089105305,-0.0089828344668621,0.7494331065759637,0.7540983606557377,0.8272433539097696,0.0,0.0,,0.5282324556131347,False,False
322,0.25,0.97,0.5,0.25,0.0,0.25,0.5,0.98,1.0,1e-12,0.7615574427225739,-0.008271068278905447,0.7477324263038548,0.7493169398907105,0.7742938928473904,0.00819672131147541,8.04289544235925,0.0,0.5245868498849712,False,False
323,0.25,0.97,0.5,0.2,0.1,0.2,0.5,0.98,1.0,1e-12,0.7599433711680261,-0.006656996724357711,0.7468820861678004,0.7479508196721312,0.7342357551112648,0.0,7.636688601836055,,0.5242216094042549,False,False
324,0.25,0.97,0.25,0.5,0.0,0.0,0.5,0.98,1.0,1e-12,0.7624825097190694,-0.009196135275400974,0.7429138321995464,0.7336065573770492,0.5455228428034711,0.48360655737704916,33.715167763425136,2.0,0.567103751908788,True,False
325,0.25,0.97,0.25,0.0,0.0,0.5,0.5,0.98,1.0,1e-12,0.766466298341324,-0.013179923897655543,0.7491496598639455,0.7513661202185794,0.8272433539097696,0.12295081967213115,31.359168088390607,0.0,0.569823224616185,True,False
326,0.25,0.97,0.25,0.25,0.0,0.25,0.5,0.98,1.0,1e-12,0.7640007677821218,-0.010714393338453365,0.7443310657596371,0.7397540983606559,0.7742938928473904,0.09016393442622951,28.434478836623608,0.0,0.5667576621915356,False,False
327,0.25,0.97,0.25,0.2,0.1,0.2,0.5,0.98,1.0,1e-12,0.7635625442470937,-0.010276169803425272,0.7437641723356009,0.7377049180327869,0.7342357551112648,0.10655737704918032,24.04744495897311,0.0,0.5665207919100902,True,False
328,0.25,0.97,-0.0,0.5,0.0,0.0,0.5,0.98,1.0,1e-12,0.7658143709036823,-0.012527996460013902,0.7429138321995464,0.7267759562841529,0.5455228428034711,0.5819672131147541,43.13916646356325,2.0,0.6094689577426651,True,False
329,0.25,0.97,-0.0,0.0,0.0,0.5,0.5,0.98,1.0,1e-12,0.7680976200619314,-0.01481124561826297,0.7474489795918368,0.7452185792349727,0.8272433539097696,0.19672131147540983,14.623446258835,0.0,0.6123079216941195,True,False
330,0.25,0.97,-0.0,0.25,0.0,0.25,0.5,0.98,1.0,1e-12,0.7671835759931255,-0.013897201549457061,0.7431972789115646,0.7336065573770492,0.7742938928473904,0.19672131147540983,34.44634007636689,0.0,0.6101223256007829,True,False
331,0.25,0.97,-0.0,0.2,0.1,0.2,0.5,0.98,1.0,1e-12,0.7664722656405244,-0.013185891196855981,0.742063492063492,0.7295081967213115,0.7342357551112648,0.319672131147541,33.79640913152978,0.0,0.6100379525433534,True,False
332,0.25,0.97,-0.25,0.5,0.0,0.0,0.5,0.98,1.0,1e-12,0.766962501959703,-0.01367612751603453,0.7375283446712019,0.7131147540983606,0.5455228428034711,0.5573770491803278,37.289787960029244,1.0,0.651881135327438,True,False
333,0.25,0.97,-0.25,0.0,0.0,0.5,0.5,0.98,1.0,1e-12,0.7716290368373958,-0.018342662393727394,0.7440476190476191,0.7315573770491803,0.8272433539097696,0.319672131147541,6.255585344057194,0.0,0.6545493272293064,True,False
334,0.25,0.97,-0.25,0.25,0.0,0.25,0.5,0.98,1.0,1e-12,0.7683012602611806,-0.015014885817512202,0.7434807256235827,0.7267759562841529,0.7742938928473904,0.6147540983606558,20.797790234787552,1.0,0.6534726149717082,True,False
335,0.25,0.97,-0.25,0.2,0.1,0.2,0.5,0.98,1.0,1e-12,0.7680834477263305,-0.01479707328266211,0.7412131519274376,0.7240437158469943,0.7342357551112648,0.6639344262295082,27.297099683158663,1.0,0.6535508377378039,True,False
336,0.25,0.97,-0.5,0.5,0.0,0.0,0.5,0.98,1.0,1e-12,0.7688304323677336,-0.015544057924065213,0.7324263038548752,0.6939890710382512,0.5455228428034711,0.36885245901639346,26.728410106426193,2.0,0.6932210976865472,True,False
337,0.25,0.97,-0.5,0.0,0.0,0.5,0.5,0.98,1.0,1e-12,0.7739559053816777,-0.020669530938009273,0.7414965986394558,0.7247267759562843,0.8272433539097696,0.639344262295082,3.493378828499472,1.0,0.6954611871638208,True,False
338,0.25,0.97,-0.5,0.25,0.0,0.25,0.5,0.98,1.0,1e-12,0.7717357611659196,-0.01844938672225116,0.740079365079365,0.715846994535519,0.7742938928473904,0.7295081967213115,9.667722804452026,2.0,0.6956037356840493,True,False
339,0.25,0.97,-0.5,0.2,0.1,0.2,0.5,0.98,1.0,1e-12,0.7711530491248741,-0.01786667468120573,0.7380952380952381,0.7124316939890709,0.7342357551112648,0.639344262295082,11.779998375172639,2.0,0.695838166920339,True,False
340,0.25,0.97,1.0,1.0,0.0,0.0,0.5,0.98,1.0,1e-12,0.7565454967360089,-0.0032591222923404883,0.746031746031746,0.7506830601092896,0.5455228428034711,0.27049180327868855,18.766756032171582,1.0,0.4653278623702041,True,False
341,0.25,0.97,1.0,0.0,0.0,1.0,0.5,0.98,1.0,1e-12,0.759293758232704,-0.006007383789035536,0.7531179138321995,0.7663934426229508,0.8272433539097696,0.0,0.0,,0.4734176286242817,False,False
342,0.25,0.97,1.0,0.5,0.0,0.5,0.5,0.98,1.0,1e-12,0.7572671142417743,-0.00398073979810587,0.7505668934240364,0.7629781420765028,0.7742938928473904,0.00819672131147541,8.04289544235925,0.0,0.4589125219848876,False,False
343,0.25,0.97,1.0,0.4,0.2,0.4,0.5,0.98,1.0,1e-12,0.75694389683679,-0.0036575223931215595,0.7494331065759637,0.760928961748634,0.7342357551112648,0.0,7.636688601836055,,0.45735537690099065,False,False
344,0.25,0.97,0.5,1.0,0.0,0.0,0.5,0.98,1.0,1e-12,0.7591143422766538,-0.005827967832985337,0.7431972789115646,0.739071038251366,0.5455228428034711,0.48360655737704916,33.715167763425136,2.0,0.5335450184819184,True,False
345,0.25,0.97,0.5,0.0,0.0,1.0,0.5,0.98,1.0,1e-12,0.7641895603844534,-0.010903185940784987,0.7505668934240364,0.758879781420765,0.8272433539097696,0.12295081967213115,31.359168088390607,0.0,0.5469897764704207,True,False
346,0.25,0.97,0.5,0.5,0.0,0.5,0.5,0.98,1.0,1e-12,0.7609055152849321,-0.007619140841263694,0.7497165532879819,0.7540983606557377,0.7742938928473904,0.09016393442622951,28.434478836623608,0.0,0.531594097880301,False,False
347,0.25,0.97,0.5,0.4,0.2,0.4,0.5,0.98,1.0,1e-12,0.759543852198645,-0.006257477754976537,0.747732426303855,0.7506830601092896,0.7342357551112648,0.10655737704918032,24.04744495897311,0.0,0.5303430986638941,True,False
348,0.25,0.97,-0.0,1.0,0.0,0.0,0.5,0.98,1.0,1e-12,0.7636012488127406,-0.010314874369072191,0.7375283446712019,0.717896174863388,0.5455228428034711,0.5819672131147541,43.13916646356325,2.0,0.6077638652189644,True,False
349,0.25,0.97,-0.0,0.0,0.0,1.0,0.5,0.98,1.0,1e-12,0.7704527329825206,-0.017166358538852178,0.7482993197278912,0.75,0.8272433539097696,0.19672131147540983,14.623446258835,0.0,0.6232791384091594,True,False
350,0.25,0.97,-0.0,0.5,0.0,0.5,0.5,0.98,1.0,1e-12,0.7666383969078461,-0.01335202246417766,0.7448979591836735,0.7404371584699454,0.7742938928473904,0.19672131147540983,34.44634007636689,0.0,0.6108757493126389,True,False
351,0.25,0.97,-0.0,0.4,0.2,0.4,0.5,0.98,1.0,1e-12,0.7649443469681821,-0.011657972524513727,0.7429138321995464,0.7363387978142076,0.7342357551112648,0.319672131147541,33.79640913152978,0.0,0.6102503609156643,True,False
352,0.25,0.97,-0.5,1.0,0.0,0.0,0.5,0.98,1.0,1e-12,0.7676934961117498,-0.014407121668081335,0.7281746031746031,0.6878415300546448,0.5455228428034711,0.5573770491803278,37.289787960029244,1.0,0.6824035501373105,True,False
353,0.25,0.97,-0.5,0.0,0.0,1.0,0.5,0.98,1.0,1e-12,0.7753532832699757,-0.02206690882630724,0.7471655328798187,0.7431693989071039,0.8272433539097696,0.319672131147541,6.255585344057194,0.0,0.695556899066415,True,False
354,0.25,0.97,-0.5,0.5,0.0,0.5,0.5,0.98,1.0,1e-12,0.7701130287396157,-0.01682665429594732,0.7392290249433106,0.7192622950819672,0.7742938928473904,0.6147540983606558,20.797790234787552,1.0,0.6898154036498056,True,False
355,0.25,0.97,-0.5,0.4,0.2,0.4,0.5,0.98,1.0,1e-12,0.7685929360334378,-0.015306561589769396,0.7380952380952381,0.7151639344262295,0.7342357551112648,0.6639344262295082,27.297099683158663,1.0,0.6900672799878385,True,False
356,0.25,0.97,-1.0,1.0,0.0,0.0,0.5,0.98,1.0,1e-12,0.7719437939604135,-0.018657419516745044,0.7106009070294784,0.6400273224043714,0.5455228428034711,0.36885245901639346,26.728410106426193,2.0,0.7517599479153179,True,False
357,0.25,0.97,-1.0,0.0,0.0,1.0,0.5,0.98,1.0,1e-12,0.7797718333388965,-0.02648545889522813,0.7409297052154195,0.7192622950819673,0.8272433539097696,0.639344262295082,3.493378828499472,1.0,0.7593191132901793,True,False
358,0.25,0.97,-1.0,0.5,0.0,0.5,0.5,0.98,1.0,1e-12,0.7773911220609421,-0.02410474761727366,0.7327097505668935,0.6939890710382514,0.7742938928473904,0.7295081967213115,9.667722804452026,2.0,0.7617144296070784,True,False
359,0.25,0.97,-1.0,0.4,0.2,0.4,0.5,0.98,1.0,1e-12,0.7754135538318075,-0.02212717938813913,0.7281746031746033,0.6844262295081968,0.7342357551112648,0.639344262295082,11.779998375172639,2.0,0.7628448688758352,True,False
360,0.25,0.97,2.0,2.0,0.0,0.0,0.5,0.98,1.0,1e-12,0.7539764433898566,-0.0006900689461881715,0.7448979591836735,0.7540983606557377,0.5455228428034711,0.27049180327868855,18.766756032171582,1.0,0.4033130134042618,True,False
361,0.25,0.97,2.0,0.0,0.0,2.0,0.5,0.98,1.0,1e-12,0.755870687929778,-0.0025843134861095463,0.7494331065759636,0.76775956284153,0.8272433539097696,0.0,0.0,,0.40909467152390777,False,False
362,0.25,0.97,2.0,1.0,0.0,1.0,0.5,0.98,1.0,1e-12,0.7541448651356594,-0.0008584906919909541,0.748015873015873,0.7663934426229508,0.7742938928473904,0.00819672131147541,8.04289544235925,0.0,0.38377075012194717,False,False
363,0.25,0.97,2.0,0.8,0.4,0.8,0.5,0.98,1.0,1e-12,0.7537441745563973,-0.00045780011272889,0.7482993197278912,0.7657103825136612,0.7342357551112648,0.0,7.636688601836055,,0.3812528918359063,False,False
364,0.25,0.97,1.0,2.0,0.0,0.0,0.5,0.98,1.0,1e-12,0.7569884919365177,-0.0037021174928493217,0.7386621315192744,0.7322404371584698,0.5455228428034711,0.48360655737704916,33.715167763425136,2.0,0.49511648293683724,True,False
365,0.25,0.97,1.0,0.0,0.0,2.0,0.5,0.98,1.0,1e-12,0.7627828463630828,-0.009496471919414384,0.751984126984127,0.764344262295082,0.8272433539097696,0.12295081967213115,31.359168088390607,0.0,0.5342109525437939,True,False
366,0.25,0.97,1.0,1.0,0.0,1.0,0.5,0.98,1.0,1e-12,0.7586910308755905,-0.005404656431922117,0.7485827664399093,0.760928961748634,0.7742938928473904,0.09016393442622951,28.434478836623608,0.0,0.48767560057727705,False,False
367,0.25,0.97,1.0,0.8,0.4,0.8,0.5,0.98,1.0,1e-12,0.7569635806362357,-0.003677206192567284,0.7474489795918368,0.7575136612021857,0.7342357551112648,0.10655737704918032,24.04744495897311,0.0,0.4841914603600874,True,False
368,0.25,0.97,-0.0,2.0,0.0,0.0,0.5,0.98,1.0,1e-12,0.7609409988652152,-0.007654624421546741,0.7270408163265306,0.6967213114754098,0.5455228428034711,0.5819672131147541,43.13916646356325,2.0,0.6050876947559874,True,False
369,0.25,0.97,-0.0,0.0,0.0,2.0,0.5,0.98,1.0,1e-12,0.7722188350462417,-0.018932460602573253,0.7494331065759637,0.7561475409836065,0.8272433539097696,0.19672131147540983,14.623446258835,0.0,0.6593074663772032,True,False
370,0.25,0.97,-0.0,1.0,0.0,1.0,0.5,0.98,1.0,1e-12,0.7650089814078166,-0.011722606964148174,0.7463151927437641,0.7452185792349727,0.7742938928473904,0.19672131147540983,34.44634007636689,0.0,0.6146356534582702,True,False
371,0.25,0.97,-0.0,0.8,0.4,0.8,0.5,0.98,1.0,1e-12,0.7628047801278007,-0.009518405684132314,0.743764172335601,0.7418032786885246,0.7342357551112648,0.319672131147541,33.79640913152978,0.0,0.6112145782092001,True,False
372,0.25,0.97,-1.0,2.0,0.0,0.0,0.5,0.98,1.0,1e-12,0.768775442048019,-0.015489067604350537,0.7043650793650795,0.6345628415300547,0.5455228428034711,0.5573770491803278,37.289787960029244,1.0,0.7161435701361263,True,False
373,0.25,0.97,-1.0,0.0,0.0,2.0,0.5,0.98,1.0,1e-12,0.7806267257144707,-0.027340351270802254,0.7454648526077097,0.7377049180327869,0.8272433539097696,0.319672131147541,6.255585344057194,0.0,0.7530775161441278,True,False
374,0.25,0.97,-1.0,1.0,0.0,1.0,0.5,0.98,1.0,1e-12,0.7739701945015434,-0.020683820057874946,0.7372448979591836,0.7151639344262295,0.7742938928473904,0.6147540983606558,20.797790234787552,1.0,0.7373778871175091,True,False
375,0.25,0.97,-1.0,0.8,0.4,0.8,0.5,0.98,1.0,1e-12,0.7711636402410469,-0.017877265797378472,0.7315759637188208,0.7015027322404371,0.7342357551112648,0.6639344262295082,27.297099683158663,1.0,0.7371704900898097,True,False
376,0.25,0.97,-2.0,2.0,0.0,0.0,0.5,0.98,1.0,1e-12,0.7749263308060403,-0.021639956362371926,0.6615646258503401,0.5218579234972678,0.5455228428034711,0.36885245901639346,26.728410106426193,2.0,0.8112905962717321,True,False
377,0.25,0.97,-2.0,0.0,0.0,2.0,0.5,0.98,1.0,1e-12,0.7891809494131129,-0.03589457496944448,0.7369614512471656,0.7069672131147541,0.8272433539097696,0.639344262295082,3.493378828499472,1.0,0.8175329928679927,True,False
378,0.25,0.97,-2.0,1.0,0.0,1.0,0.5,0.98,1.0,1e-12,0.7823737476626101,-0.029087373218941726,0.7171201814058956,0.648224043715847,0.7742938928473904,0.7295081967213115,9.667722804452026,2.0,0.8345268411730533,True,False
379,0.25,0.97,-2.0,0.8,0.4,0.8,0.5,0.98,1.0,1e-12,0.7806717337895437,-0.02738535934587527,0.7103174603174602,0.6304644808743168,0.7342357551112648,0.639344262295082,11.779998375172639,2.0,0.8384374007916104,True,False
380,0.25,0.97,4.0,4.0,0.0,0.0,0.5,0.98,1.0,1e-12,0.752700933185775,0.0005854412578933932,0.7423469387755102,0.7527322404371585,0.5455228428034711,0.27049180327868855,18.766756032171582,1.0,0.36597518744636365,True,False
381,0.25,0.97,4.0,0.0,0.0,4.0,0.5,0.98,1.0,1e-12,0.7536623615281557,-0.0003759870844872726,0.7485827664399093,0.7691256830601092,0.8272433539097696,0.0,0.0,,0.33812646035681243,False,False
382,0.25,0.97,4.0,2.0,0.0,2.0,0.5,0.98,1.0,1e-12,0.7523623718353089,0.0009240026083595643,0.7485827664399093,0.7684426229508197,0.7742938928473904,0.00819672131147541,8.04289544235925,0.0,0.3299354210867988,False,False
383,0.25,0.97,4.0,1.6,0.8,1.6,0.5,0.98,1.0,1e-12,0.7519372017672816,0.0013491726763867895,0.7482993197278912,0.7677595628415301,0.7342357551112648,0.0,7.636688601836055,,0.32970047850065765,False,False
384,0.25,0.97,2.0,4.0,0.0,0.0,0.5,0.98,1.0,1e-12,0.755067708651078,-0.0017813342074095573,0.7332766439909296,0.7233606557377048,0.5455228428034711,0.48360655737704916,33.715167763425136,2.0,0.4689329789377403,True,False
385,0.25,0.97,2.0,0.0,0.0,4.0,0.5,0.98,1.0,1e-12,0.7612090540781377,-0.007922679634469243,0.7502834467120181,0.7650273224043715,0.8272433539097696,0.12295081967213115,31.359168088390607,0.0,0.5416806169350518,True,False
386,0.25,0.97,2.0,2.0,0.0,2.0,0.5,0.98,1.0,1e-12,0.7555598036372205,-0.0022734291935521123,0.7463151927437641,0.7609289617486339,0.7742938928473904,0.09016393442622951,28.434478836623608,0.0,0.4525598243444724,False,False
387,0.25,0.97,2.0,1.6,0.8,1.6,0.5,0.98,1.0,1e-12,0.7536234257407812,-0.00033705129711281145,0.7457482993197279,0.7602459016393442,0.7342357551112648,0.10655737704918032,24.04744495897311,0.0,0.4485071117276943,True,False
388,0.25,0.97,-0.0,4.0,0.0,0.0,0.5,0.98,1.0,1e-12,0.7613393989659962,-0.008053024522327812,0.7134353741496599,0.6680327868852459,0.5455228428034711,0.5819672131147541,43.13916646356325,2.0,0.6040094900677034,True,False
389,0.25,0.97,-0.0,0.0,0.0,4.0,0.5,0.98,1.0,1e-12,0.7754640587958513,-0.022177684352182925,0.7505668934240364,0.7595628415300547,0.8272433539097696,0.19672131147540983,14.623446258835,0.0,0.7149087760165916,True,False
390,0.25,0.97,-0.0,2.0,0.0,2.0,0.5,0.98,1.0,1e-12,0.766431779173033,-0.01314540472936454,0.7448979591836735,0.7479508196721312,0.7742938928473904,0.19672131147540983,34.44634007636689,0.0,0.6235229485851864,True,False
391,0.25,0.97,-0.0,1.6,0.8,1.6,0.5,0.98,1.0,1e-12,0.7621626851717961,-0.008876310728127668,0.7412131519274378,0.7390710382513661,0.7342357551112648,0.319672131147541,33.79640913152978,0.0,0.6135578282470103,True,False
392,0.25,0.97,-2.0,4.0,0.0,0.0,0.5,0.98,1.0,1e-12,0.7699272664141291,-0.016640891970460703,0.6731859410430839,0.5689890710382511,0.5455228428034711,0.5573770491803278,37.289787960029244,1.0,0.7389832361084697,True,False
393,0.25,0.97,-2.0,0.0,0.0,4.0,0.5,0.98,1.0,1e-12,0.7883006611844587,-0.035014286740790324,0.7440476190476191,0.7349726775956283,0.8272433539097696,0.319672131147541,6.255585344057194,0.0,0.79106254736463,True,False
394,0.25,0.97,-2.0,2.0,0.0,2.0,0.5,0.98,1.0,1e-12,0.7778386219473569,-0.02455224750368845,0.7341269841269841,0.7056010928961748,0.7742938928473904,0.6147540983606558,20.797790234787552,1.0,0.7755351807573246,True,False
395,0.25,0.97,-2.0,1.6,0.8,1.6,0.5,0.98,1.0,1e-12,0.7734104112691461,-0.020124036825477698,0.7247732426303855,0.6823770491803278,0.7342357551112648,0.6639344262295082,27.297099683158663,1.0,0.7734165752361506,True,False
396,0.25,0.97,-4.0,4.0,0.0,0.0,0.5,0.98,1.0,1e-12,0.7780701867402995,-0.02478381229663107,0.6125283446712019,0.4262295081967213,0.5455228428034711,0.36885245901639346,26.728410106426193,2.0,0.8462363859235532,True,False
397,0.25,0.97,-4.0,0.0,0.0,4.0,0.5,0.98,1.0,1e-12,0.7960722570171398,-0.04278588257347138,0.7349773242630386,0.7021857923497268,0.8272433539097696,0.639344262295082,3.493378828499472,1.0,0.8344271021964046,True,False
398,0.25,0.97,-4.0,2.0,0.0,2.0,0.5,0.98,1.0,1e-12,0.7892137342331732,-0.03592735978950479,0.6986961451247166,0.5997267759562842,0.7742938928473904,0.7295081967213115,9.667722804452026,2.0,0.8776596081977969,True,False
399,0.25,0.97,-4.0,1.6,0.8,1.6,0.5,0.98,1.0,1e-12,0.7871631381662864,-0.03387676372261794,0.6785714285714286,0.5525956284153006,0.7342357551112648,0.639344262295082,11.779998375172639,2.0,0.8873735671283308,True,False
400,0.25,0.99,0.5,0.5,0.0,0.0,0.5,0.98,1.0,1e-12,0.7601745211328853,-0.00688814668921689,0.7426303854875282,0.7363387978142077,0.5455228428034711,0.27049180327868855,18.766756032171582,1.0,0.533560707962157,True,False
401,0.25,0.99,0.5,0.0,0.0,0.5,0.5,0.98,1.0,1e-12,0.7621629163935237,-0.008876541949855321,0.7497165532879819,0.7540983606557377,0.8272433539097696,0.0,0.0,,0.5359611349357218,False,False
402,0.25,0.99,0.5,0.25,0.0,0.25,0.5,0.98,1.0,1e-12,0.7615574427225739,-0.008271068278905447,0.7474489795918368,0.7486338797814208,0.7742938928473904,0.00819672131147541,8.04289544235925,0.0,0.532214262381776,False,False
403,0.25,0.99,0.5,0.2,0.1,0.2,0.5,0.98,1.0,1e-12,0.7607071025865194,-0.007420728142850996,0.7463151927437642,0.7459016393442623,0.7342357551112648,0.0,7.636688601836055,,0.5318388763321509,False,False
404,0.25,0.99,0.25,0.5,0.0,0.0,0.5,0.98,1.0,1e-12,0.7630313656250681,-0.00974499118139971,0.7414965986394558,0.7315573770491803,0.5455228428034711,0.48360655737704916,33.715167763425136,2.0,0.57591218946181,True,False
405,0.25,0.99,0.25,0.0,0.0,0.5,0.5,0.98,1.0,1e-12,0.7670866601224001,-0.013800285678731705,0.7488662131519275,0.7513661202185794,0.8272433539097696,0.12295081967213115,31.359168088390607,0.0,0.5787072030777457,True,False
406,0.25,0.99,0.25,0.25,0.0,0.25,0.5,0.98,1.0,1e-12,0.7643196453331422,-0.011033270889473812,0.743764172335601,0.7377049180327869,0.7742938928473904,0.09016393442622951,28.434478836623608,0.0,0.5755564861413004,False,False
407,0.25,0.99,0.25,0.2,0.1,0.2,0.5,0.98,1.0,1e-12,0.7642133528161353,-0.010926978372466922,0.7429138321995465,0.7363387978142077,0.7342357551112648,0.10655737704918032,24.04744495897311,0.0,0.575313036129815,True,False
408,0.25,0.99,-0.0,0.5,0.0,0.0,0.5,0.98,1.0,1e-12,0.7662395409717095,-0.012953166528041127,0.7409297052154195,0.7219945355191255,0.5455228428034711,0.5819672131147541,43.13916646356325,2.0,0.6194542065688502,True,False
409,0.25,0.99,-0.0,0.0,0.0,0.5,0.5,0.98,1.0,1e-12,0.7692613262851614,-0.015974951841493,0.7463151927437641,0.7424863387978143,0.8272433539097696,0.19672131147540983,14.623446258835,0.0,0.6223720306300673,True,False
410,0.25,0.99,-0.0,0.25,0.0,0.25,0.5,0.98,1.0,1e-12,0.7672701847106865,-0.013983810267018115,0.7412131519274378,0.730191256830601,0.7742938928473904,0.19672131147540983,34.44634007636689,0.0,0.6201257235341381,True,False
411,0.25,0.99,-0.0,0.2,0.1,0.2,0.5,0.98,1.0,1e-12,0.7670037282255584,-0.013717353781889985,0.7412131519274378,0.7281420765027322,0.7342357551112648,0.319672131147541,33.79640913152978,0.0,0.6200390067806687,True,False
412,0.25,0.99,-0.25,0.5,0.0,0.0,0.5,0.98,1.0,1e-12,0.7677065495787506,-0.014420175135082203,0.7366780045351473,0.7090163934426229,0.5455228428034711,0.5573770491803278,37.289787960029244,1.0,0.6630445001976446,True,False
413,0.25,0.99,-0.25,0.0,0.0,0.5,0.5,0.98,1.0,1e-12,0.7722917032397189,-0.019005328796050436,0.7440476190476191,0.7301912568306012,0.8272433539097696,0.319672131147541,6.255585344057194,0.0,0.6657868085412315,True,False
414,0.25,0.99,-0.25,0.25,0.0,0.25,0.5,0.98,1.0,1e-12,0.7685981635342743,-0.015311789090605932,0.742063492063492,0.7233606557377049,0.7742938928473904,0.6147540983606558,20.797790234787552,1.0,0.6646801876098113,True,False
415,0.25,0.99,-0.25,0.2,0.1,0.2,0.5,0.98,1.0,1e-12,0.768088675227167,-0.014802300783498534,0.7423469387755102,0.7233606557377049,0.7342357551112648,0.6639344262295082,27.297099683158663,1.0,0.6647605832305208,True,False
416,0.25,0.99,-0.5,0.5,0.0,0.0,0.5,0.98,1.0,1e-12,0.7693422111533219,-0.016055836709653493,0.7304421768707483,0.6878415300546449,0.5455228428034711,0.36885245901639346,26.728410106426193,2.0,0.7055327948445068,True,False
417,0.25,0.99,-0.5,0.0,0.0,0.5,0.5,0.98,1.0,1e-12,0.7752455879213603,-0.02195921347769192,0.7414965986394558,0.7213114754098361,0.8272433539097696,0.639344262295082,3.493378828499472,1.0,0.7078351090294823,True,False
418,0.25,0.99,-0.5,0.25,0.0,0.25,0.5,0.98,1.0,1e-12,0.7728160796569523,-0.0195297052132839,0.7395124716553287,0.7144808743169399,0.7742938928473904,0.7295081967213115,9.667722804452026,2.0,0.7079816172308284,True,False
419,0.25,0.99,-0.5,0.2,0.1,0.2,0.5,0.98,1.0,1e-12,0.7720301592281748,-0.018743784784506334,0.7369614512471655,0.7076502732240437,0.7342357551112648,0.639344262295082,11.779998375172639,2.0,0.7082225604459039,True,False
420,0.25,0.99,1.0,1.0,0.0,0.0,0.5,0.98,1.0,1e-12,0.7567580817700225,-0.0034717073263540454,0.7457482993197279,0.7493169398907104,0.5455228428034711,0.27049180327868855,18.766756032171582,1.0,0.47130919188048753,True,False
421,0.25,0.99,1.0,0.0,0.0,1.0,0.5,0.98,1.0,1e-12,0.7596178632845608,-0.0063314888408924075,0.7531179138321995,0.7663934426229508,0.8272433539097696,0.0,0.0,,0.4796236738638451,False,False
422,0.25,0.99,1.0,0.5,0.0,0.5,0.5,0.98,1.0,1e-12,0.7573734067587811,-0.004087032315112649,0.7502834467120182,0.7622950819672131,0.7742938928473904,0.00819672131147541,8.04289544235925,0.0,0.46471564759557893,False,False
423,0.25,0.99,1.0,0.4,0.2,0.4,0.5,0.98,1.0,1e-12,0.7570501893537968,-0.003763814910128338,0.75,0.7609289617486339,0.7342357551112648,0.0,7.636688601836055,,0.4631152484815737,False,False
424,0.25,0.99,0.5,1.0,0.0,0.0,0.5,0.98,1.0,1e-12,0.7596458048616878,-0.006359430418019341,0.7414965986394558,0.733606557377049,0.5455228428034711,0.48360655737704916,33.715167763425136,2.0,0.541421268995305,True,False
425,0.25,0.99,0.5,0.0,0.0,1.0,0.5,0.98,1.0,1e-12,0.7643824616190212,-0.01109608717535282,0.7505668934240364,0.7581967213114754,0.8272433539097696,0.12295081967213115,31.359168088390607,0.0,0.5552394924834879,True,False
426,0.25,0.99,0.5,0.5,0.0,0.5,0.5,0.98,1.0,1e-12,0.7614195845490013,-0.008133210105332855,0.7488662131519274,0.7534153005464481,0.7742938928473904,0.09016393442622951,28.434478836623608,0.0,0.5394161561547539,False,False
427,0.25,0.99,0.5,0.4,0.2,0.4,0.5,0.98,1.0,1e-12,0.7599690222666722,-0.006682647823003762,0.7474489795918368,0.75,0.7342357551112648,0.10655737704918032,24.04744495897311,0.0,0.5381304069601132,True,False
428,0.25,0.99,-0.0,1.0,0.0,0.0,0.5,0.98,1.0,1e-12,0.7636944878627466,-0.010408113419078213,0.736111111111111,0.7137978142076503,0.5455228428034711,0.5819672131147541,43.13916646356325,2.0,0.6177017503639357,True,False
429,0.25,0.99,-0.0,0.0,0.0,1.0,0.5,0.98,1.0,1e-12,0.7711106277193627,-0.017824253275694257,0.7480158730158731,0.7493169398907105,0.8272433539097696,0.19672131147540983,14.623446258835,0.0,0.6336480033649693,True,False
430,0.25,0.99,-0.0,0.5,0.0,0.5,0.5,0.98,1.0,1e-12,0.766744689424853,-0.01345831498118455,0.7446145124716554,0.739071038251366,0.7742938928473904,0.19672131147540983,34.44634007636689,0.0,0.6209000756824344,True,False
431,0.25,0.99,-0.0,0.4,0.2,0.4,0.5,0.98,1.0,1e-12,0.7653301494373179,-0.012043774993649503,0.7412131519274375,0.7308743169398905,0.7342357551112648,0.319672131147541,33.79640913152978,0.0,0.620257315385544,True,False
432,0.25,0.99,-0.5,1.0,0.0,0.0,0.5,0.98,1.0,1e-12,0.7680123736627702,-0.014725999219101782,0.7247732426303855,0.6796448087431696,0.5455228428034711,0.5573770491803278,37.289787960029244,1.0,0.6944147598633468,True,False
433,0.25,0.99,-0.5,0.0,0.0,1.0,0.5,0.98,1.0,1e-12,0.7763711885692041,-0.023084814125535646,0.746031746031746,0.7397540983606558,0.8272433539097696,0.319672131147541,6.255585344057194,0.0,0.7079334795960376,True,False
434,0.25,0.99,-0.5,0.5,0.0,0.5,0.5,0.98,1.0,1e-12,0.7710861242067588,-0.0177997497630904,0.7383786848072562,0.7172131147540983,0.7742938928473904,0.6147540983606558,20.797790234787552,1.0,0.7020324981956338,True,False
435,0.25,0.99,-0.5,0.4,0.2,0.4,0.5,0.98,1.0,1e-12,0.7693422111533219,-0.016055836709653493,0.7363945578231292,0.712431693989071,0.7342357551112648,0.6639344262295082,27.297099683158663,1.0,0.7022913710986118,True,False
436,0.25,0.99,-1.0,1.0,0.0,0.0,0.5,0.98,1.0,1e-12,0.773970437951343,-0.0206840635076746,0.7029478458049887,0.6202185792349726,0.5455228428034711,0.36885245901639346,26.728410106426193,2.0,0.7656977242462989,True,False
437,0.25,0.99,-1.0,0.0,0.0,1.0,0.5,0.98,1.0,1e-12,0.7799811973875462,-0.026694822943877816,0.7397959183673469,0.7151639344262295,0.8272433539097696,0.639344262295082,3.493378828499472,1.0,0.7734668664371288,True,False
438,0.25,0.99,-1.0,0.5,0.0,0.5,0.5,0.98,1.0,1e-12,0.7777152271127988,-0.02442885266913042,0.7304421768707483,0.6878415300546449,0.7742938928473904,0.7295081967213115,9.667722804452026,2.0,0.775928719318386,True,False
439,0.25,0.99,-1.0,0.4,0.2,0.4,0.5,0.98,1.0,1e-12,0.7761843714181013,-0.022897996974432844,0.7253401360544217,0.6769125683060109,0.7342357551112648,0.639344262295082,11.779998375172639,2.0,0.7770905596779417,True,False
440,0.25,0.99,2.0,2.0,0.0,0.0,0.5,0.98,1.0,1e-12,0.7540827359068634,-0.00079636146319495,0.7446145124716553,0.7527322404371585,0.5455228428034711,0.27049180327868855,18.766756032171582,1.0,0.4075717082210469,True,False
441,0.25,0.99,2.0,0.0,0.0,2.0,0.5,0.98,1.0,1e-12,0.7559769804467847,-0.002690606003116325,0.7497165532879818,0.76775956284153,0.8272433539097696,0.0,0.0,,0.4135139679551274,False,False
442,0.25,0.99,2.0,1.0,0.0,1.0,0.5,0.98,1.0,1e-12,0.7541448651356594,-0.0008584906919909541,0.7482993197278912,0.7663934426229508,0.7742938928473904,0.00819672131147541,8.04289544235925,0.0,0.38748660429200127,False,False
443,0.25,0.99,2.0,0.8,0.4,0.8,0.5,0.98,1.0,1e-12,0.7537441745563973,-0.00045780011272889,0.748015873015873,0.7650273224043717,0.7342357551112648,0.0,7.636688601836055,,0.38489880549801486,False,False
444,0.25,0.99,1.0,2.0,0.0,0.0,0.5,0.98,1.0,1e-12,0.7569884919365177,-0.0037021174928493217,0.7372448979591837,0.7288251366120218,0.5455228428034711,0.48360655737704916,33.715167763425136,2.0,0.5019252741295271,True,False
445,0.25,0.99,1.0,0.0,0.0,2.0,0.5,0.98,1.0,1e-12,0.76320801643111,-0.00992164198744161,0.7517006802721088,0.7636612021857924,0.8272433539097696,0.12295081967213115,31.359168088390607,0.0,0.5421057012255659,True,False
446,0.25,0.99,1.0,1.0,0.0,1.0,0.5,0.98,1.0,1e-12,0.7589262367314055,-0.005639862287737052,0.7485827664399093,0.7602459016393442,0.7742938928473904,0.09016393442622951,28.434478836623608,0.0,0.49427770059331255,False,False
447,0.25,0.99,1.0,0.8,0.4,0.8,0.5,0.98,1.0,1e-12,0.7571761656702493,-0.003889791226580841,0.7474489795918368,0.7575136612021857,0.7342357551112648,0.10655737704918032,24.04744495897311,0.0,0.4906967787034231,True,False
448,0.25,0.99,-0.0,2.0,0.0,0.0,0.5,0.98,1.0,1e-12,0.7620905327528442,-0.008804158309175802,0.7233560090702948,0.6851092896174863,0.5455228428034711,0.5819672131147541,43.13916646356325,2.0,0.6149512418325426,True,False
449,0.25,0.99,-0.0,0.0,0.0,2.0,0.5,0.98,1.0,1e-12,0.7726510912820693,-0.01936471683840091,0.7497165532879819,0.755464480874317,0.8272433539097696,0.19672131147540983,14.623446258835,0.0,0.6706771182210143,True,False
450,0.25,0.99,-0.0,1.0,0.0,1.0,0.5,0.98,1.0,1e-12,0.7657553195053451,-0.012468945061676728,0.7463151927437641,0.744535519125683,0.7742938928473904,0.19672131147540983,34.44634007636689,0.0,0.6247644216098888,True,False
451,0.25,0.99,-0.0,0.8,0.4,0.8,0.5,0.98,1.0,1e-12,0.7636354364644095,-0.01034906202074104,0.743764172335601,0.7390710382513661,0.7342357551112648,0.319672131147541,33.79640913152978,0.0,0.6212483164927891,True,False
452,0.25,0.99,-1.0,2.0,0.0,0.0,0.5,0.98,1.0,1e-12,0.7696257821840734,-0.016339407740404988,0.695294784580499,0.6147540983606558,0.5455228428034711,0.5573770491803278,37.289787960029244,1.0,0.7290920026399075,True,False
453,0.25,0.99,-1.0,0.0,0.0,2.0,0.5,0.98,1.0,1e-12,0.7816719736005656,-0.0283855991568972,0.7446145124716553,0.7349726775956283,0.8272433539097696,0.319672131147541,6.255585344057194,0.0,0.7670518915925757,True,False
454,0.25,0.99,-1.0,1.0,0.0,1.0,0.5,0.98,1.0,1e-12,0.7743135515413291,-0.021027177097660665,0.7369614512471654,0.7131147540983607,0.7742938928473904,0.6147540983606558,20.797790234787552,1.0,0.7509161617596621,True,False
455,0.25,0.99,-1.0,0.8,0.4,0.8,0.5,0.98,1.0,1e-12,0.7724659204123746,-0.01917954596870619,0.7287414965986394,0.6953551912568307,0.7342357551112648,0.6639344262295082,27.297099683158663,1.0,0.7507030037034157,True,False
456,0.25,0.99,-2.0,2.0,0.0,0.0,0.5,0.98,1.0,1e-12,0.7768841912118906,-0.023597816768222146,0.6397392290249433,0.4883879781420765,0.5455228428034711,0.36885245901639346,26.728410106426193,2.0,0.8268820017237246,True,False
457,0.25,0.99,-2.0,0.0,0.0,2.0,0.5,0.98,1.0,1e-12,0.7935548803584672,-0.0402685059147988,0.7361111111111112,0.7042349726775957,0.8272433539097696,0.639344262295082,3.493378828499472,1.0,0.8332977982254369,True,False
458,0.25,0.99,-2.0,1.0,0.0,1.0,0.5,0.98,1.0,1e-12,0.78445471894001,-0.031168344496341538,0.713718820861678,0.6386612021857923,0.7742938928473904,0.7295081967213115,9.667722804452026,2.0,0.8507636978723049,True,False
459,0.25,0.99,-2.0,0.8,0.4,0.8,0.5,0.98,1.0,1e-12,0.7811905987429324,-0.02790422429926398,0.7046485260770976,0.6147540983606558,0.7342357551112648,0.639344262295082,11.779998375172639,2.0,0.8547828841469329,True,False
460,0.25,0.99,4.0,4.0,0.0,0.0,0.5,0.98,1.0,1e-12,0.7528072257027818,0.00047914874088661463,0.7423469387755102,0.7520491803278688,0.5455228428034711,0.27049180327868855,18.766756032171582,1.0,0.3691967204309849,True,False
461,0.25,0.99,4.0,0.0,0.0,4.0,0.5,0.98,1.0,1e-12,0.7537686540451625,-0.00048227960149405114,0.7485827664399093,0.7691256830601092,0.8272433539097696,0.0,0.0,,0.34057441758894613,False,False
462,0.25,0.99,4.0,2.0,0.0,2.0,0.5,0.98,1.0,1e-12,0.7523623718353089,0.0009240026083595643,0.7485827664399093,0.7684426229508197,0.7742938928473904,0.00819672131147541,8.04289544235925,0.0,0.332155849450321,False,False
463,0.25,0.99,4.0,1.6,0.8,1.6,0.5,0.98,1.0,1e-12,0.7520434942842884,0.001242880159380011,0.7482993197278912,0.7677595628415301,0.7342357551112648,0.0,7.636688601836055,,0.33191438068123147,False,False
464,0.25,0.99,2.0,4.0,0.0,0.0,0.5,0.98,1.0,1e-12,0.7554928787191052,-0.0022065042754367825,0.731859410430839,0.7192622950819672,0.5455228428034711,0.48360655737704916,33.715167763425136,2.0,0.4750144505748997,True,False
465,0.25,0.99,2.0,0.0,0.0,4.0,0.5,0.98,1.0,1e-12,0.7615453249501228,-0.008258950506454421,0.75,0.764344262295082,0.8272433539097696,0.12295081967213115,31.359168088390607,0.0,0.5497828562943587,True,False
466,0.25,0.99,2.0,2.0,0.0,2.0,0.5,0.98,1.0,1e-12,0.7555598036372205,-0.0022734291935521123,0.7463151927437641,0.7609289617486339,0.7742938928473904,0.09016393442622951,28.434478836623608,0.0,0.4581864861318188,False,False
467,0.25,0.99,2.0,1.6,0.8,1.6,0.5,0.98,1.0,1e-12,0.7537331470486592,-0.0004467726049908194,0.7454648526077097,0.7595628415300546,0.7342357551112648,0.10655737704918032,24.04744495897311,0.0,0.4540211981645747,True,False
468,0.25,0.99,-0.0,4.0,0.0,0.0,0.5,0.98,1.0,1e-12,0.7621897391020506,-0.008903364658382151,0.7054988662131519,0.6536885245901638,0.5455228428034711,0.5819672131147541,43.13916646356325,2.0,0.6138430870140286,True,False
469,0.25,0.99,-0.0,0.0,0.0,4.0,0.5,0.98,1.0,1e-12,0.7760064727311224,-0.022720098287454027,0.75,0.7575136612021859,0.8272433539097696,0.19672131147540983,14.623446258835,0.0,0.7278229086837192,True,False
470,0.25,0.99,-0.0,2.0,0.0,2.0,0.5,0.98,1.0,1e-12,0.7674080956255398,-0.014121721181871383,0.7437641723356009,0.744535519125683,0.7742938928473904,0.19672131147540983,34.44634007636689,0.0,0.6338985860458859,True,False
471,0.25,0.99,-0.0,1.6,0.8,1.6,0.5,0.98,1.0,1e-12,0.7627138315562758,-0.009427457112607396,0.740079365079365,0.7363387978142077,0.7342357551112648,0.319672131147541,33.79640913152978,0.0,0.6236566568094272,True,False
472,0.25,0.99,-2.0,4.0,0.0,0.0,0.5,0.98,1.0,1e-12,0.7705847053156156,-0.01729833087194721,0.6544784580498866,0.5450819672131147,0.5455228428034711,0.5573770491803278,37.289787960029244,1.0,0.7525661037781495,True,False
473,0.25,0.99,-2.0,0.0,0.0,4.0,0.5,0.98,1.0,1e-12,0.7910410778788177,-0.037754703435149306,0.7431972789115646,0.7315573770491803,0.8272433539097696,0.319672131147541,6.255585344057194,0.0,0.8060920625692031,True,False
474,0.25,0.99,-2.0,2.0,0.0,2.0,0.5,0.98,1.0,1e-12,0.778523334205059,-0.02523695976139062,0.7327097505668934,0.6994535519125682,0.7742938928473904,0.6147540983606558,20.797790234787552,1.0,0.790133380222806,True,False
475,0.25,0.99,-2.0,1.6,0.8,1.6,0.5,0.98,1.0,1e-12,0.7747993001580351,-0.021512925714366693,0.7213718820861678,0.6755464480874317,0.7342357551112648,0.6639344262295082,27.297099683158663,1.0,0.7879559245482659,True,False
476,0.25,0.99,-4.0,4.0,0.0,0.0,0.5,0.98,1.0,1e-12,0.7792197206279287,-0.025933346184260242,0.5671768707482994,0.38866120218579236,0.5455228428034711,0.36885245901639346,26.728410106426193,2.0,0.8627985077547632,True,False
477,0.25,0.99,-4.0,0.0,0.0,4.0,0.5,0.98,1.0,1e-12,0.7991941551628422,-0.045907780719173785,0.7335600907029479,0.6987704918032788,0.8272433539097696,0.639344262295082,3.493378828499472,1.0,0.8506611883685271,True,False
478,0.25,0.99,-4.0,2.0,0.0,2.0,0.5,0.98,1.0,1e-12,0.7921181348712779,-0.038831760427609496,0.6893424036281179,0.5792349726775957,0.7742938928473904,0.7295081967213115,9.667722804452026,2.0,0.8950945973144024,True,False
479,0.25,0.99,-4.0,1.6,0.8,1.6,0.5,0.98,1.0,1e-12,0.789497636780547,-0.03621126233687855,0.6629818594104309,0.5211748633879781,0.7342357551112648,0.639344262295082,11.779998375172639,2.0,0.9050783884374513,True,False
480,0.5,0.93,0.5,0.5,0.0,0.0,0.5,0.98,1.0,1e-12,0.768088675227167,-0.014802300783498534,0.7386621315192743,0.7124316939890709,0.5455228428034711,0.27049180327868855,18.766756032171582,1.0,0.6647717627347668,True,False
481,0.5,0.93,0.5,0.0,0.0,0.5,0.5,0.98,1.0,1e-12,0.7713208982510567,-0.018034523807388236,0.7443310657596373,0.7274590163934426,0.8272433539097696,0.0,0.0,,0.6661666054356222,False,False
482,0.5,0.93,0.5,0.25,0.0,0.25,0.5,0.98,1.0,1e-12,0.7694649664844105,-0.016178592040742124,0.7431972789115646,0.7247267759562841,0.7742938928473904,0.00819672131147541,8.04289544235925,0.0,0.6639893686813023,False,False
483,0.5,0.93,0.5,0.2,0.1,0.2,0.5,0.98,1.0,1e-12,0.7694752736375748,-0.016188899193906425,0.7426303854875284,0.7219945355191257,0.7342357551112648,0.0,7.636688601836055,,0.6637712389497634,False,False
484,0.5,0.93,0.25,0.5,0.0,0.0,0.5,0.98,1.0,1e-12,0.77009334494017,-0.016806970496501594,0.7366780045351473,0.7028688524590164,0.5455228428034711,0.48360655737704916,33.715167763425136,2.0,0.6893814073899706,True,False
485,0.5,0.93,0.25,0.0,0.0,0.5,0.5,0.98,1.0,1e-12,0.7736042905642109,-0.020317916120542456,0.7434807256235827,0.7226775956284154,0.8272433539097696,0.12295081967213115,31.359168088390607,0.0,0.6910055369235549,True,False
486,0.5,0.93,0.25,0.25,0.0,0.25,0.5,0.98,1.0,1e-12,0.7718523608360907,-0.01856598639242224,0.7412131519274375,0.7172131147540983,0.7742938928473904,0.09016393442622951,28.434478836623608,0.0,0.6891747149199449,False,False
487,0.5,0.93,0.25,0.2,0.1,0.2,0.5,0.98,1.0,1e-12,0.7708341715738538,-0.017547797130185394,0.7403628117913833,0.7144808743169399,0.7342357551112648,0.10655737704918032,24.04744495897311,0.0,0.6890332507240817,True,False
488,0.5,0.93,-0.0,0.5,0.0,0.0,0.5,0.98,1.0,1e-12,0.7720159868925739,-0.018729612448905475,0.7332766439909296,0.6926229508196721,0.5455228428034711,0.5819672131147541,43.13916646356325,2.0,0.7146828497629805,True,False
489,0.5,0.93,-0.0,0.0,0.0,0.5,0.5,0.98,1.0,1e-12,0.7750188305517458,-0.02173245610807739,0.7423469387755102,0.715846994535519,0.8272433539097696,0.19672131147540983,14.623446258835,0.0,0.716378342122877,True,False
490,0.5,0.93,-0.0,0.25,0.0,0.25,0.5,0.98,1.0,1e-12,0.7739117420934669,-0.0206253676497985,0.7386621315192743,0.7062841530054644,0.7742938928473904,0.19672131147540983,34.44634007636689,0.0,0.7150730555671343,True,False
491,0.5,0.93,-0.0,0.2,0.1,0.2,0.5,0.98,1.0,1e-12,0.7733672260414322,-0.020080851597763738,0.7369614512471654,0.7028688524590163,0.7342357551112648,0.319672131147541,33.79640913152978,0.0,0.7150226661022805,True,False
492,0.5,0.93,-0.25,0.5,0.0,0.0,0.5,0.98,1.0,1e-12,0.7745416712293433,-0.021255296785674838,0.7270408163265306,0.6748633879781422,0.5455228428034711,0.5573770491803278,37.289787960029244,1.0,0.7400123447094422,True,False
493,0.5,0.93,-0.25,0.0,0.0,0.5,0.5,0.98,1.0,1e-12,0.7780801266189943,-0.024793752175325867,0.7397959183673469,0.7069672131147541,0.8272433539097696,0.319672131147541,6.255585344057194,0.0,0.7416058482063913,True,False
494,0.5,0.93,-0.25,0.25,0.0,0.25,0.5,0.98,1.0,1e-12,0.7758584076992804,-0.022572033255611967,0.7363945578231292,0.6967213114754097,0.7742938928473904,0.6147540983606558,20.797790234787552,1.0,0.7409628117192146,True,False
495,0.5,0.93,-0.25,0.2,0.1,0.2,0.5,0.98,1.0,1e-12,0.7756632159862316,-0.02237684154256314,0.7335600907029479,0.6892076502732241,0.7342357551112648,0.6639344262295082,27.297099683158663,1.0,0.7410095280934107,True,False
496,0.5,0.93,-0.5,0.5,0.0,0.0,0.5,0.98,1.0,1e-12,0.7768573449735884,-0.023570970529919966,0.7222222222222222,0.657103825136612,0.5455228428034711,0.36885245901639346,26.728410106426193,2.0,0.7647014888961322,True,False
497,0.5,0.93,-0.5,0.0,0.0,0.5,0.5,0.98,1.0,1e-12,0.779483378552003,-0.026197004108334587,0.7363945578231292,0.6967213114754097,0.8272433539097696,0.639344262295082,3.493378828499472,1.0,0.7660393201117264,True,False
498,0.5,0.93,-0.5,0.25,0.0,0.25,0.5,0.98,1.0,1e-12,0.7784718723634918,-0.025185497919823385,0.7304421768707483,0.6789617486338797,0.7742938928473904,0.7295081967213115,9.667722804452026,2.0,0.7661244532557516,True,False
499,0.5,0.93,-0.5,0.2,0.1,0.2,0.5,0.98,1.0,1e-12,0.7784718723634918,-0.025185497919823385,0.7290249433106575,0.6741803278688525,0.7342357551112648,0.639344262295082,11.779998375172639,2.0,0.7662644607996469,True,False
500,0.5,0.93,1.0,1.0,0.0,0.0,0.5,0.98,1.0,1e-12,0.7665714719897307,-0.01328509754606233,0.7403628117913832,0.7206284153005463,0.5455228428034711,0.27049180327868855,18.766756032171582,1.0,0.6285985844710942,True,False
501,0.5,0.93,1.0,0.0,0.0,1.0,0.5,0.98,1.0,1e-12,0.7688290700493338,-0.015542695605665346,0.7423469387755102,0.7315573770491804,0.8272433539097696,0.0,0.0,,0.6334299726506127,False,False
502,0.5,0.93,1.0,0.5,0.0,0.5,0.5,0.98,1.0,1e-12,0.767057599676673,-0.013771225233004558,0.7429138321995464,0.7295081967213115,0.7742938928473904,0.00819672131147541,8.04289544235925,0.0,0.6247672006298635,False,False
503,0.5,0.93,1.0,0.4,0.2,0.4,0.5,0.98,1.0,1e-12,0.767309552309578,-0.014023177865909564,0.7423469387755102,0.7281420765027322,0.7342357551112648,0.0,7.636688601836055,,0.6238372389825362,False,False
504,0.5,0.93,0.5,1.0,0.0,0.0,0.5,0.98,1.0,1e-12,0.7679262207805646,-0.01463984633689619,0.7366780045351473,0.7076502732240437,0.5455228428034711,0.48360655737704916,33.715167763425136,2.0,0.6693393860378123,True,False
505,0.5,0.93,0.5,0.0,0.0,1.0,0.5,0.98,1.0,1e-12,0.7724355287124917,-0.019149154268823243,0.7426303854875282,0.7274590163934428,0.8272433539097696,0.12295081967213115,31.359168088390607,0.0,0.6773688942809457,True,False
506,0.5,0.93,0.5,0.5,0.0,0.5,0.5,0.98,1.0,1e-12,0.7687115422190816,-0.01542516777541314,0.7426303854875282,0.7233606557377049,0.7742938928473904,0.09016393442622951,28.434478836623608,0.0,0.6681742529007354,False,False
507,0.5,0.93,0.5,0.4,0.2,0.4,0.5,0.98,1.0,1e-12,0.7681949677441737,-0.014908593300505313,0.7426303854875282,0.7240437158469945,0.7342357551112648,0.10655737704918032,24.04744495897311,0.0,0.6674271283687145,True,False
508,0.5,0.93,-0.0,1.0,0.0,0.0,0.5,0.98,1.0,1e-12,0.7694878712692201,-0.01620149682555172,0.7293083900226758,0.6844262295081969,0.5455228428034711,0.5819672131147541,43.13916646356325,2.0,0.7136645306168816,True,False
509,0.5,0.93,-0.0,0.0,0.0,1.0,0.5,0.98,1.0,1e-12,0.7762219043738673,-0.022935529930198872,0.7417800453514739,0.7219945355191256,0.8272433539097696,0.19672131147540983,14.623446258835,0.0,0.7229305965499145,True,False
510,0.5,0.93,-0.0,0.5,0.0,0.5,0.5,0.98,1.0,1e-12,0.7731546410074185,-0.01986826656375007,0.7395124716553287,0.7144808743169399,0.7742938928473904,0.19672131147540983,34.44634007636689,0.0,0.7155230169506038,True,False
511,0.5,0.93,-0.0,0.4,0.2,0.4,0.5,0.98,1.0,1e-12,0.7720230730603743,-0.018736698616705905,0.7375283446712018,0.7083333333333333,0.7342357551112648,0.319672131147541,33.79640913152978,0.0,0.7151495211024107,True,False
512,0.5,0.93,-0.5,1.0,0.0,0.0,0.5,0.98,1.0,1e-12,0.7740675421837856,-0.02078116774011718,0.717687074829932,0.6536885245901639,0.5455228428034711,0.5573770491803278,37.289787960029244,1.0,0.7582410091097825,True,False
513,0.5,0.93,-0.5,0.0,0.0,1.0,0.5,0.98,1.0,1e-12,0.7793718585341598,-0.026085484090491384,0.73781179138322,0.7069672131147541,0.8272433539097696,0.319672131147541,6.255585344057194,0.0,0.7660964813868868,True,False
514,0.5,0.93,-0.5,0.5,0.0,0.5,0.5,0.98,1.0,1e-12,0.7770829834746029,-0.0237966090309345,0.7332766439909297,0.6905737704918032,0.7742938928473904,0.6147540983606558,20.797790234787552,1.0,0.7626675327353009,True,False
515,0.5,0.93,-0.5,0.4,0.2,0.4,0.5,0.98,1.0,1e-12,0.7765206422900863,-0.02323426784641791,0.7295918367346939,0.6816939890710382,0.7342357551112648,0.6639344262295082,27.297099683158663,1.0,0.7628179588816258,True,False
516,0.5,0.93,-1.0,1.0,0.0,0.0,0.5,0.98,1.0,1e-12,0.7789781156613966,-0.025691741217728215,0.7023809523809523,0.6086065573770492,0.5455228428034711,0.36885245901639346,26.728410106426193,2.0,0.7996621911160926,True,False
517,0.5,0.93,-1.0,0.0,0.0,1.0,0.5,0.98,1.0,1e-12,0.7820114941753566,-0.02872511973168823,0.7335600907029478,0.6878415300546447,0.8272433539097696,0.639344262295082,3.493378828499472,1.0,0.8041766926594128,True,False
518,0.5,0.93,-1.0,0.5,0.0,0.5,0.5,0.98,1.0,1e-12,0.7804084455484985,-0.027122071104830114,0.7216553287981861,0.6577868852459017,0.7742938928473904,0.7295081967213115,9.667722804452026,2.0,0.8056072287931163,True,False
519,0.5,0.93,-1.0,0.4,0.2,0.4,0.5,0.98,1.0,1e-12,0.7799473699699417,-0.026660995526273323,0.7179705215419501,0.6489071038251366,0.7342357551112648,0.639344262295082,11.779998375172639,2.0,0.8062823522452905,True,False
520,0.5,0.93,2.0,2.0,0.0,0.0,0.5,0.98,1.0,1e-12,0.7633696430125259,-0.01008326856885744,0.7380952380952381,0.7219945355191256,0.5455228428034711,0.27049180327868855,18.766756032171582,1.0,0.5915619385608786,True,False
521,0.5,0.93,2.0,0.0,0.0,2.0,0.5,0.98,1.0,1e-12,0.7667851758923444,-0.01349880144867599,0.746031746031746,0.7418032786885246,0.8272433539097696,0.0,0.0,,0.5950148732712227,False,False
522,0.5,0.93,2.0,1.0,0.0,1.0,0.5,0.98,1.0,1e-12,0.7637881827481081,-0.010501808304439697,0.7440476190476191,0.7390710382513661,0.7742938928473904,0.00819672131147541,8.04289544235925,0.0,0.5798908646561629,False,False
523,0.5,0.93,2.0,0.8,0.4,0.8,0.5,0.98,1.0,1e-12,0.7629444729444986,-0.009658098500830214,0.7434807256235827,0.7370218579234972,0.7342357551112648,0.0,7.636688601836055,,0.5783871437353328,False,False
524,0.5,0.93,1.0,2.0,0.0,0.0,0.5,0.98,1.0,1e-12,0.7656017858696686,-0.012315411426000233,0.7335600907029478,0.7042349726775956,0.5455228428034711,0.48360655737704916,33.715167763425136,2.0,0.6463890106428333,True,False
525,0.5,0.93,1.0,0.0,0.0,2.0,0.5,0.98,1.0,1e-12,0.7712343135573342,-0.017947939113665767,0.7434807256235828,0.7363387978142077,0.8272433539097696,0.12295081967213115,31.359168088390607,0.0,0.6697370966580991,True,False
526,0.5,0.93,1.0,1.0,0.0,1.0,0.5,0.98,1.0,1e-12,0.767495823211701,-0.01420944876803254,0.7417800453514739,0.7301912568306009,0.7742938928473904,0.09016393442622951,28.434478836623608,0.0,0.6419451503447625,False,False
527,0.5,0.93,1.0,0.8,0.4,0.8,0.5,0.98,1.0,1e-12,0.7661069343228121,-0.012820559879143656,0.7403628117913832,0.7267759562841529,0.7342357551112648,0.10655737704918032,24.04744495897311,0.0,0.6398643443817188,True,False
528,0.5,0.93,-0.0,2.0,0.0,0.0,0.5,0.98,1.0,1e-12,0.7683443046807914,-0.015057930237122985,0.7210884353741497,0.6714480874316942,0.5455228428034711,0.5819672131147541,43.13916646356325,2.0,0.712066262145937,True,False
529,0.5,0.93,-0.0,0.0,0.0,2.0,0.5,0.98,1.0,1e-12,0.777757786979612,-0.024471412535943537,0.7417800453514739,0.7247267759562842,0.8272433539097696,0.19672131147540983,14.623446258835,0.0,0.7444475146419407,True,False
530,0.5,0.93,-0.0,1.0,0.0,1.0,0.5,0.98,1.0,1e-12,0.7719293781750127,-0.01864300373134431,0.7380952380952381,0.715846994535519,0.7742938928473904,0.19672131147540983,34.44634007636689,0.0,0.7177685152598002,True,False
531,0.5,0.93,-0.0,0.8,0.4,0.8,0.5,0.98,1.0,1e-12,0.7696807725037881,-0.016394398060119664,0.7358276643990929,0.7103825136612022,0.7342357551112648,0.319672131147541,33.79640913152978,0.0,0.7157253730971612,True,False
532,0.5,0.93,-1.0,2.0,0.0,0.0,0.5,0.98,1.0,1e-12,0.7746207906850291,-0.021334416241360676,0.699546485260771,0.6086065573770492,0.5455228428034711,0.5573770491803278,37.289787960029244,1.0,0.7783912988312977,True,False
533,0.5,0.93,-1.0,0.0,0.0,2.0,0.5,0.98,1.0,1e-12,0.7823511984182616,-0.0290648239745932,0.7363945578231292,0.7062841530054644,0.8272433539097696,0.319672131147541,6.255585344057194,0.0,0.8004490721416317,True,False
534,0.5,0.93,-1.0,1.0,0.0,1.0,0.5,0.98,1.0,1e-12,0.7781277995491809,-0.02484142510551246,0.7273242630385487,0.6796448087431693,0.7742938928473904,0.6147540983606558,20.797790234787552,1.0,0.79107290480629,True,False
535,0.5,0.93,-1.0,0.8,0.4,0.8,0.5,0.98,1.0,1e-12,0.7776669551923517,-0.024380580748683323,0.7222222222222222,0.6700819672131146,0.7342357551112648,0.6639344262295082,27.297099683158663,1.0,0.7909490426925254,True,False
536,0.5,0.93,-2.0,2.0,0.0,0.0,0.5,0.98,1.0,1e-12,0.7803328644522305,-0.027046490008562074,0.673469387755102,0.5375683060109291,0.5455228428034711,0.36885245901639346,26.728410106426193,2.0,0.8352152172178401,True,False
537,0.5,0.93,-2.0,0.0,0.0,2.0,0.5,0.98,1.0,1e-12,0.7889917009754257,-0.03570532653175729,0.7307256235827664,0.6810109289617486,0.8272433539097696,0.639344262295082,3.493378828499472,1.0,0.8389433151850512,True,False
538,0.5,0.93,-2.0,1.0,0.0,1.0,0.5,0.98,1.0,1e-12,0.7841331953700478,-0.03084682092637936,0.7108843537414966,0.6270491803278688,0.7742938928473904,0.7295081967213115,9.667722804452026,2.0,0.8490924190339068,True,False
539,0.5,0.93,-2.0,0.8,0.4,0.8,0.5,0.98,1.0,1e-12,0.7826309277963516,-0.029344553352683156,0.70578231292517,0.6133879781420766,0.7342357551112648,0.639344262295082,11.779998375172639,2.0,0.8514278921394342,True,False
540,0.5,0.93,4.0,4.0,0.0,0.0,0.5,0.98,1.0,1e-12,0.7612437926723897,-0.007957418228721314,0.7380952380952381,0.7233606557377048,0.5455228428034711,0.27049180327868855,18.766756032171582,1.0,0.5692629591693561,True,False
541,0.5,0.93,4.0,0.0,0.0,4.0,0.5,0.98,1.0,1e-12,0.7617429738263328,-0.00845659938266441,0.7460317460317459,0.7424863387978141,0.8272433539097696,0.0,0.0,,0.5526310804908742,False,False
542,0.5,0.93,4.0,2.0,0.0,2.0,0.5,0.98,1.0,1e-12,0.7610115238389304,-0.007725149395262032,0.7448979591836735,0.741120218579235,0.7742938928473904,0.00819672131147541,8.04289544235925,0.0,0.5477392098157271,False,False
543,0.5,0.93,4.0,1.6,0.8,1.6,0.5,0.98,1.0,1e-12,0.7600352073864235,-0.006748832942755079,0.7451814058956916,0.7418032786885246,0.7342357551112648,0.0,7.636688601836055,,0.5475988968823371,False,False
544,0.5,0.93,2.0,4.0,0.0,0.0,0.5,0.98,1.0,1e-12,0.7635822280465394,-0.010295853602870997,0.7301587301587301,0.7008196721311475,0.5455228428034711,0.48360655737704916,33.715167763425136,2.0,0.6307516401989283,True,False
545,0.5,0.93,2.0,0.0,0.0,4.0,0.5,0.98,1.0,1e-12,0.7692665778098365,-0.015980203366168122,0.7446145124716553,0.7397540983606558,0.8272433539097696,0.12295081967213115,31.359168088390607,0.0,0.6741981462251004,True,False
546,0.5,0.93,2.0,2.0,0.0,2.0,0.5,0.98,1.0,1e-12,0.7650703232846346,-0.01178394884096623,0.7426303854875282,0.7349726775956283,0.7742938928473904,0.09016393442622951,28.434478836623608,0.0,0.6209732284279488,False,False
547,0.5,0.93,2.0,1.6,0.8,1.6,0.5,0.98,1.0,1e-12,0.7635822280465394,-0.010295853602870997,0.7414965986394558,0.7322404371584699,0.7342357551112648,0.10655737704918032,24.04744495897311,0.0,0.6185528583929286,True,False
548,0.5,0.93,-0.0,4.0,0.0,0.0,0.5,0.98,1.0,1e-12,0.7688627137988245,-0.015576339355156121,0.7134353741496599,0.6543715846994537,0.5455228428034711,0.5819672131147541,43.13916646356325,2.0,0.7114223343459897,True,False
549,0.5,0.93,-0.0,0.0,0.0,4.0,0.5,0.98,1.0,1e-12,0.7787737309701801,-0.025487356526511684,0.7426303854875282,0.7274590163934426,0.8272433539097696,0.19672131147540983,14.623446258835,0.0,0.7776538523432422,True,False
550,0.5,0.93,-0.0,2.0,0.0,2.0,0.5,0.98,1.0,1e-12,0.7720459778451838,-0.01875960340151539,0.7366780045351473,0.7158469945355193,0.7742938928473904,0.19672131147540983,34.44634007636689,0.0,0.7230762054050417,True,False
551,0.5,0.93,-0.0,1.6,0.8,1.6,0.5,0.98,1.0,1e-12,0.769056070868748,-0.015769696425079638,0.7335600907029477,0.7090163934426228,0.7342357551112648,0.319672131147541,33.79640913152978,0.0,0.7171248140919645,True,False
552,0.5,0.93,-2.0,4.0,0.0,0.0,0.5,0.98,1.0,1e-12,0.774375468384569,-0.02108909394090064,0.68140589569161,0.5689890710382515,0.5455228428034711,0.5573770491803278,37.289787960029244,1.0,0.7920316548981139,True,False
553,0.5,0.93,-2.0,0.0,0.0,4.0,0.5,0.98,1.0,1e-12,0.7871650443868643,-0.03387866994319588,0.7363945578231292,0.7062841530054645,0.8272433539097696,0.319672131147541,6.255585344057194,0.0,0.8231345768983207,True,False
554,0.5,0.93,-2.0,2.0,0.0,2.0,0.5,0.98,1.0,1e-12,0.7802350849584713,-0.026948710514802854,0.7287414965986394,0.6810109289617486,0.7742938928473904,0.6147540983606558,20.797790234787552,1.0,0.8138612885078467,True,False
555,0.5,0.93,-2.0,1.6,0.8,1.6,0.5,0.98,1.0,1e-12,0.7778053859855444,-0.024519011541875968,0.7174036281179139,0.6584699453551912,0.7342357551112648,0.6639344262295082,27.297099683158663,1.0,0.8125960102104789,True,False
556,0.5,0.93,-4.0,4.0,0.0,0.0,0.5,0.98,1.0,1e-12,0.7814118968959195,-0.028125522452251084,0.6490929705215421,0.4781420765027322,0.5455228428034711,0.36885245901639346,26.728410106426193,2.0,0.8560856193710111,True,False
557,0.5,0.93,-4.0,0.0,0.0,4.0,0.5,0.98,1.0,1e-12,0.7914427992598574,-0.03815642481618897,0.7250566893424036,0.6700819672131146,0.8272433539097696,0.639344262295082,3.493378828499472,1.0,0.8490328527006308,True,False
558,0.5,0.93,-4.0,2.0,0.0,2.0,0.5,0.98,1.0,1e-12,0.7885356117947073,-0.03524923735103891,0.6969954648526078,0.5922131147540983,0.7742938928473904,0.7295081967213115,9.667722804452026,2.0,0.8748522660070175,True,False
559,0.5,0.93,-4.0,1.6,0.8,1.6,0.5,0.98,1.0,1e-12,0.7868148446290779,-0.0335284701854095,0.683390022675737,0.5594262295081968,0.7342357551112648,0.639344262295082,11.779998375172639,2.0,0.8806536581460865,True,False
560,0.5,0.97,0.5,0.5,0.0,0.0,0.5,0.98,1.0,1e-12,0.7694775641160558,-0.016191189672387418,0.7372448979591837,0.7049180327868851,0.5455228428034711,0.27049180327868855,18.766756032171582,1.0,0.6800993685705591,True,False
561,0.5,0.97,0.5,0.0,0.0,0.5,0.5,0.98,1.0,1e-12,0.7727436432749922,-0.019457268831323815,0.7446145124716553,0.726775956284153,0.8272433539097696,0.0,0.0,,0.6816239640807964,False,False
562,0.5,0.97,0.5,0.25,0.0,0.25,0.5,0.98,1.0,1e-12,0.7705326873437981,-0.01724631290012968,0.7423469387755102,0.7206284153005464,0.7742938928473904,0.00819672131147541,8.04289544235925,0.0,0.6792441936749118,False,False
563,0.5,0.97,0.5,0.2,0.1,0.2,0.5,0.98,1.0,1e-12,0.769783844035431,-0.01649746959176257,0.740079365079365,0.715846994535519,0.7342357551112648,0.0,7.636688601836055,,0.6790057728055552,False,False
564,0.5,0.97,0.25,0.5,0.0,0.0,0.5,0.98,1.0,1e-12,0.7710593542395127,-0.017772979795844246,0.7349773242630385,0.6960382513661202,0.5455228428034711,0.48360655737704916,33.715167763425136,2.0,0.7069982824960145,True,False
565,0.5,0.97,0.25,0.0,0.0,0.5,0.5,0.98,1.0,1e-12,0.7746999530007254,-0.021413578557056945,0.7420634920634921,0.7178961748633881,0.8272433539097696,0.12295081967213115,31.359168088390607,0.0,0.7087734938466764,True,False
566,0.5,0.97,0.25,0.25,0.0,0.25,0.5,0.98,1.0,1e-12,0.7729420559734049,-0.019655681529736513,0.7403628117913832,0.7117486338797814,0.7742938928473904,0.09016393442622951,28.434478836623608,0.0,0.7067723628194745,False,False
567,0.5,0.97,0.25,0.2,0.1,0.2,0.5,0.98,1.0,1e-12,0.7723909095889251,-0.019104535145256674,0.7380952380952381,0.7069672131147541,0.7342357551112648,0.10655737704918032,24.04744495897311,0.0,0.7066177391635312,True,False
568,0.5,0.97,-0.0,0.5,0.0,0.0,0.5,0.98,1.0,1e-12,0.7736842449254884,-0.020397870481819957,0.7267573696145125,0.6755464480874317,0.5455228428034711,0.5819672131147541,43.13916646356325,2.0,0.7346533474153508,True,False
569,0.5,0.97,-0.0,0.0,0.0,0.5,0.5,0.98,1.0,1e-12,0.7774156015497073,-0.02412922710603893,0.7395124716553289,0.7083333333333333,0.8272433539097696,0.19672131147540983,14.623446258835,0.0,0.7365065599947725,True,False
570,0.5,0.97,-0.0,0.25,0.0,0.25,0.5,0.98,1.0,1e-12,0.7752380459182043,-0.021951671474535916,0.7366780045351473,0.6987704918032785,0.7742938928473904,0.19672131147540983,34.44634007636689,0.0,0.7350798514338445,True,False
571,0.5,0.97,-0.0,0.2,0.1,0.2,0.5,0.98,1.0,1e-12,0.774444323547101,-0.021157949103432605,0.7361111111111112,0.6967213114754097,0.7342357551112648,0.319672131147541,33.79640913152978,0.0,0.7350247745769113,True,False
572,0.5,0.97,-0.25,0.5,0.0,0.0,0.5,0.98,1.0,1e-12,0.7765210741016033,-0.0232346996579349,0.7227891156462585,0.659153005464481,0.5455228428034711,0.5573770491803278,37.289787960029244,1.0,0.7623390744498553,True,False
573,0.5,0.97,-0.25,0.0,0.0,0.5,0.5,0.98,1.0,1e-12,0.7792707935179893,-0.02598441907432092,0.7372448979591837,0.6994535519125683,0.8272433539097696,0.319672131147541,6.255585344057194,0.0,0.7640808108302416,True,False
574,0.5,0.97,-0.25,0.25,0.0,0.25,0.5,0.98,1.0,1e-12,0.7781529948124714,-0.02486662036880294,0.7295918367346939,0.6796448087431693,0.7742938928473904,0.6147540983606558,20.797790234787552,1.0,0.7633779569954207,True,False
575,0.5,0.97,-0.25,0.2,0.1,0.2,0.5,0.98,1.0,1e-12,0.7775899665708718,-0.024303592127203344,0.7281746031746033,0.674863387978142,0.7342357551112648,0.6639344262295082,27.297099683158663,1.0,0.7634290190788444,True,False
576,0.5,0.97,-0.5,0.5,0.0,0.0,0.5,0.98,1.0,1e-12,0.7781083756889049,-0.02482200124523648,0.7134353741496599,0.6352459016393442,0.5455228428034711,0.36885245901639346,26.728410106426193,2.0,0.7893248832120515,True,False
577,0.5,0.97,-0.5,0.0,0.0,0.5,0.5,0.98,1.0,1e-12,0.7808651812730915,-0.02757880682942304,0.733843537414966,0.6857923497267758,0.8272433539097696,0.639344262295082,3.493378828499472,1.0,0.7907871638430497,True,False
578,0.5,0.97,-0.5,0.25,0.0,0.25,0.5,0.98,1.0,1e-12,0.7794648663624382,-0.026178491918769753,0.723922902494331,0.6618852459016392,0.7742938928473904,0.7295081967213115,9.667722804452026,2.0,0.7908802163493102,True,False
579,0.5,0.97,-0.5,0.2,0.1,0.2,0.5,0.98,1.0,1e-12,0.779128595490453,-0.025842221046784575,0.7216553287981861,0.6550546448087432,0.7342357551112648,0.639344262295082,11.779998375172639,2.0,0.7910332478507768,True,False
580,0.5,0.97,1.0,1.0,0.0,0.0,0.5,0.98,1.0,1e-12,0.766551788190285,-0.013265413746616606,0.7383786848072562,0.7151639344262294,0.5455228428034711,0.27049180327868855,18.766756032171582,1.0,0.6405612434916609,True,False
581,0.5,0.97,1.0,0.0,0.0,1.0,0.5,0.98,1.0,1e-12,0.7698101821911603,-0.016523807747491848,0.7423469387755102,0.7315573770491804,0.8272433539097696,0.0,0.0,,0.6458420631297395,False,False
582,0.5,0.97,1.0,0.5,0.0,0.5,0.5,0.98,1.0,1e-12,0.7677819634962748,-0.014495589052606395,0.7429138321995465,0.7281420765027322,0.7742938928473904,0.00819672131147541,8.04289544235925,0.0,0.636373451851246,False,False
583,0.5,0.97,1.0,0.4,0.2,0.4,0.5,0.98,1.0,1e-12,0.767057599676673,-0.013771225233004558,0.7423469387755102,0.7274590163934426,0.7342357551112648,0.0,7.636688601836055,,0.6353569821437022,False,False
584,0.5,0.97,0.5,1.0,0.0,0.0,0.5,0.98,1.0,1e-12,0.7685442920831598,-0.015257917639491358,0.7327097505668935,0.6960382513661202,0.5455228428034711,0.48360655737704916,33.715167763425136,2.0,0.6850918870645856,True,False
585,0.5,0.97,0.5,0.0,0.0,1.0,0.5,0.98,1.0,1e-12,0.7732260300982311,-0.019939655654562682,0.7420634920634921,0.7254098360655737,0.8272433539097696,0.12295081967213115,31.359168088390607,0.0,0.6938683263070803,True,False
586,0.5,0.97,0.5,0.5,0.0,0.5,0.5,0.98,1.0,1e-12,0.7704193086589909,-0.01713293421532247,0.7417800453514739,0.7213114754098361,0.7742938928473904,0.09016393442622951,28.434478836623608,0.0,0.6838183694496409,False,False
587,0.5,0.97,0.5,0.4,0.2,0.4,0.5,0.98,1.0,1e-12,0.7689067339321304,-0.015620359488461966,0.7412131519274378,0.7192622950819673,0.7342357551112648,0.10655737704918032,24.04744495897311,0.0,0.6830017449611531,True,False
588,0.5,0.97,-0.0,1.0,0.0,0.0,0.5,0.98,1.0,1e-12,0.7707459881523371,-0.017459613708668664,0.7230725623582767,0.6693989071038253,0.5455228428034711,0.5819672131147541,43.13916646356325,2.0,0.733540300906824,True,False
589,0.5,0.97,-0.0,0.0,0.0,1.0,0.5,0.98,1.0,1e-12,0.7778663699750997,-0.02457999553143131,0.7417800453514739,0.7185792349726775,0.8272433539097696,0.19672131147540983,14.623446258835,0.0,0.7436683264615347,True,False
590,0.5,0.97,-0.0,0.5,0.0,0.5,0.5,0.98,1.0,1e-12,0.77435771482954,-0.02107134038587155,0.7375283446712018,0.7076502732240437,0.7742938928473904,0.19672131147540983,34.44634007636689,0.0,0.7355716696901948,True,False
591,0.5,0.97,-0.0,0.4,0.2,0.4,0.5,0.98,1.0,1e-12,0.7729246626524401,-0.01963828820877167,0.7344104308390023,0.6994535519125683,0.7342357551112648,0.319672131147541,33.79640913152978,0.0,0.7351634300421698,True,False
592,0.5,0.97,-0.5,1.0,0.0,0.0,0.5,0.98,1.0,1e-12,0.7764430546783457,-0.023156680234677318,0.7074829931972789,0.6256830601092894,0.5455228428034711,0.5573770491803278,37.289787960029244,1.0,0.7822634285618554,True,False
593,0.5,0.97,-0.5,0.0,0.0,1.0,0.5,0.98,1.0,1e-12,0.7804148159417738,-0.027128441498105338,0.7358276643990929,0.6987704918032785,0.8272433539097696,0.319672131147541,6.255585344057194,0.0,0.790849642446132,True,False
594,0.5,0.97,-0.5,0.5,0.0,0.5,0.5,0.98,1.0,1e-12,0.7786718597658601,-0.025385485322191648,0.7284580498866213,0.6775956284153006,0.7742938928473904,0.6147540983606558,20.797790234787552,1.0,0.7871017218269565,True,False
595,0.5,0.97,-0.5,0.4,0.2,0.4,0.5,0.98,1.0,1e-12,0.778053788463265,-0.02476741401959659,0.7244897959183674,0.6687158469945355,0.7342357551112648,0.6639344262295082,27.297099683158663,1.0,0.7872661411031724,True,False
596,0.5,0.97,-1.0,1.0,0.0,0.0,0.5,0.98,1.0,1e-12,0.7803521164401592,-0.02706574199649081,0.6848072562358276,0.5635245901639344,0.5455228428034711,0.36885245901639346,26.728410106426193,2.0,0.8275377437780547,True,False
597,0.5,0.97,-1.0,0.0,0.0,1.0,0.5,0.98,1.0,1e-12,0.7853903530288396,-0.03210397858517122,0.7307256235827664,0.6775956284153006,0.8272433539097696,0.639344262295082,3.493378828499472,1.0,0.8324721989533115,True,False
598,0.5,0.97,-1.0,0.5,0.0,0.5,0.5,0.98,1.0,1e-12,0.7824325150979389,-0.029146140654270458,0.7145691609977324,0.6352459016393442,0.7742938928473904,0.7295081967213115,9.667722804452026,2.0,0.8340358082157316,True,False
599,0.5,0.97,-1.0,0.4,0.2,0.4,0.5,0.98,1.0,1e-12,0.781357708070751,-0.028071333627082584,0.7108843537414966,0.628415300546448,0.7342357551112648,0.639344262295082,11.779998375172639,2.0,0.8347737338495036,True,False
600,0.5,0.97,2.0,2.0,0.0,0.0,0.5,0.98,1.0,1e-12,0.7635822280465394,-0.010295853602870997,0.7372448979591837,0.7192622950819672,0.5455228428034711,0.27049180327868855,18.766756032171582,1.0,0.6000793281944486,True,False
601,0.5,0.97,2.0,0.0,0.0,2.0,0.5,0.98,1.0,1e-12,0.7670914558117197,-0.013805081368051253,0.7463151927437642,0.7418032786885246,0.8272433539097696,0.0,0.0,,0.603853466133662,False,False
602,0.5,0.97,2.0,1.0,0.0,1.0,0.5,0.98,1.0,1e-12,0.7641070602991286,-0.010820685855460144,0.7443310657596373,0.7390710382513661,0.7742938928473904,0.00819672131147541,8.04289544235925,0.0,0.5873225729962711,False,False
603,0.5,0.97,2.0,0.8,0.4,0.8,0.5,0.98,1.0,1e-12,0.7631570579785122,-0.009870683534843772,0.7426303854875282,0.7349726775956283,0.7342357551112648,0.0,7.636688601836055,,0.5856789710595499,False,False
604,0.5,0.97,1.0,2.0,0.0,0.0,0.5,0.98,1.0,1e-12,0.7654758095532161,-0.01218943510954773,0.7295918367346939,0.6960382513661203,0.5455228428034711,0.48360655737704916,33.715167763425136,2.0,0.6600065930282132,True,False
605,0.5,0.97,1.0,0.0,0.0,2.0,0.5,0.98,1.0,1e-12,0.7719233181153864,-0.018636943671717976,0.7434807256235828,0.7363387978142077,0.8272433539097696,0.12295081967213115,31.359168088390607,0.0,0.6855265940216433,True,False
606,0.5,0.97,1.0,1.0,0.0,1.0,0.5,0.98,1.0,1e-12,0.7674827697447002,-0.014196395301031783,0.7412131519274375,0.7281420765027321,0.7742938928473904,0.09016393442622951,28.434478836623608,0.0,0.6551493503768335,False,False
607,0.5,0.97,1.0,0.8,0.4,0.8,0.5,0.98,1.0,1e-12,0.7665391905586397,-0.01325281611497131,0.7395124716553287,0.7254098360655736,0.7342357551112648,0.10655737704918032,24.04744495897311,0.0,0.6528749810683904,True,False
608,0.5,0.97,-0.0,2.0,0.0,0.0,0.5,0.98,1.0,1e-12,0.7704898388203731,-0.017203464376704725,0.7111678004535148,0.6468579234972677,0.5455228428034711,0.5819672131147541,43.13916646356325,2.0,0.7317933562990472,True,False
609,0.5,0.97,-0.0,0.0,0.0,2.0,0.5,0.98,1.0,1e-12,0.7794600419556765,-0.026173667512008114,0.7414965986394558,0.7219945355191256,0.8272433539097696,0.19672131147540983,14.623446258835,0.0,0.767186818329563,True,False
610,0.5,0.97,-0.0,1.0,0.0,1.0,0.5,0.98,1.0,1e-12,0.7739631083337429,-0.020676733890074517,0.7369614512471656,0.7103825136612022,0.7742938928473904,0.19672131147540983,34.44634007636689,0.0,0.7380260515630375,True,False
611,0.5,0.97,-0.0,0.8,0.4,0.8,0.5,0.98,1.0,1e-12,0.7703011342848641,-0.017014759841195715,0.733843537414966,0.7049180327868854,0.7342357551112648,0.319672131147541,33.79640913152978,0.0,0.7357928496643389,True,False
612,0.5,0.97,-1.0,2.0,0.0,0.0,0.5,0.98,1.0,1e-12,0.7762018410101219,-0.02291546656645349,0.6782879818594105,0.558743169398907,0.5455228428034711,0.5573770491803278,37.289787960029244,1.0,0.8042881638388603,True,False
613,0.5,0.97,-1.0,0.0,0.0,2.0,0.5,0.98,1.0,1e-12,0.7868832439562543,-0.03359686951258589,0.7332766439909297,0.6967213114754097,0.8272433539097696,0.319672131147541,6.255585344057194,0.0,0.8283978230385277,True,False
614,0.5,0.97,-1.0,1.0,0.0,1.0,0.5,0.98,1.0,1e-12,0.7810043278408094,-0.027717953397141004,0.7250566893424036,0.6680327868852459,0.7742938928473904,0.6147540983606558,20.797790234787552,1.0,0.8181494540905961,True,False
615,0.5,0.97,-1.0,0.8,0.4,0.8,0.5,0.98,1.0,1e-12,0.7792942709224192,-0.02600789647875079,0.7182539682539683,0.6523224043715846,0.7342357551112648,0.6639344262295082,27.297099683158663,1.0,0.8180140699197369,True,False
616,0.5,0.97,-2.0,2.0,0.0,0.0,0.5,0.98,1.0,1e-12,0.7831953922806053,-0.02990901783693689,0.634920634920635,0.45696721311475413,0.5455228428034711,0.36885245901639346,26.728410106426193,2.0,0.8663980281218251,True,False
617,0.5,0.97,-2.0,0.0,0.0,2.0,0.5,0.98,1.0,1e-12,0.7945119448230453,-0.04122557037937691,0.7244897959183674,0.6632513661202186,0.8272433539097696,0.639344262295082,3.493378828499472,1.0,0.8704729258999396,True,False
618,0.5,0.97,-2.0,1.0,0.0,1.0,0.5,0.98,1.0,1e-12,0.7879869993385082,-0.03470062489483983,0.6992630385487528,0.5963114754098361,0.7742938928473904,0.7295081967213115,9.667722804452026,2.0,0.8815661324324099,True,False
619,0.5,0.97,-2.0,0.8,0.4,0.8,0.5,0.98,1.0,1e-12,0.7865115017320583,-0.03322512728838989,0.687358276643991,0.5689890710382512,0.7342357551112648,0.639344262295082,11.779998375172639,2.0,0.884118858850079,True,False
620,0.5,0.97,4.0,4.0,0.0,0.0,0.5,0.98,1.0,1e-12,0.7613500851893966,-0.008063710745728203,0.7366780045351473,0.7199453551912568,0.5455228428034711,0.27049180327868855,18.766756032171582,1.0,0.5757060251385985,True,False
621,0.5,0.97,4.0,0.0,0.0,4.0,0.5,0.98,1.0,1e-12,0.7619358750609007,-0.008649500617232242,0.7460317460317459,0.7424863387978141,0.8272433539097696,0.0,0.0,,0.5575269949551415,False,False
622,0.5,0.97,4.0,2.0,0.0,2.0,0.5,0.98,1.0,1e-12,0.7609052313219237,-0.0076188568782552535,0.7448979591836735,0.741120218579235,0.7742938928473904,0.00819672131147541,8.04289544235925,0.0,0.5521800665427714,False,False
623,0.5,0.97,4.0,1.6,0.8,1.6,0.5,0.98,1.0,1e-12,0.7601414999034303,-0.006855125459761857,0.7451814058956916,0.7418032786885246,0.7342357551112648,0.0,7.636688601836055,,0.5520267012434849,False,False
624,0.5,0.97,2.0,4.0,0.0,0.0,0.5,0.98,1.0,1e-12,0.7640073981145666,-0.010721023670898222,0.7244897959183674,0.6857923497267759,0.5455228428034711,0.48360655737704916,33.715167763425136,2.0,0.642914583473247,True,False
625,0.5,0.97,2.0,0.0,0.0,4.0,0.5,0.98,1.0,1e-12,0.7712539973567799,-0.01796762291311149,0.7440476190476191,0.7383879781420766,0.8272433539097696,0.12295081967213115,31.359168088390607,0.0,0.6904026249437144,True,False
626,0.5,0.97,2.0,2.0,0.0,2.0,0.5,0.98,1.0,1e-12,0.7653892008356551,-0.012102826391986676,0.7426303854875282,0.7342896174863388,0.7742938928473904,0.09016393442622951,28.434478836623608,0.0,0.6322265520026417,False,False
627,0.5,0.97,2.0,1.6,0.8,1.6,0.5,0.98,1.0,1e-12,0.7643262756655871,-0.011039901221918669,0.7409297052154195,0.7308743169398906,0.7342357551112648,0.10655737704918032,24.04744495897311,0.0,0.6295810312666894,True,False
628,0.5,0.97,-0.0,4.0,0.0,0.0,0.5,0.98,1.0,1e-12,0.7699453227683383,-0.016658948324669853,0.6978458049886621,0.6222677595628415,0.5455228428034711,0.5819672131147541,43.13916646356325,2.0,0.7310895282386398,True,False
629,0.5,0.97,-0.0,0.0,0.0,4.0,0.5,0.98,1.0,1e-12,0.782077459869147,-0.02879108542547859,0.7403628117913833,0.7213114754098362,0.8272433539097696,0.19672131147540983,14.623446258835,0.0,0.8034821176774974,True,False
630,0.5,0.97,-0.0,2.0,0.0,2.0,0.5,0.98,1.0,1e-12,0.7730963053836066,-0.019809930939938214,0.7363945578231292,0.7117486338797814,0.7742938928473904,0.19672131147540983,34.44634007636689,0.0,0.7438274803264412,True,False
631,0.5,0.97,-0.0,1.6,0.8,1.6,0.5,0.98,1.0,1e-12,0.7705441661068433,-0.01725779166317487,0.7307256235827665,0.7021857923497268,0.7342357551112648,0.319672131147541,33.79640913152978,0.0,0.7373224712167984,True,False
632,0.5,0.97,-2.0,4.0,0.0,0.0,0.5,0.98,1.0,1e-12,0.7765459138244328,-0.023259539380764416,0.6479591836734694,0.5040983606557377,0.5455228428034711,0.5573770491803278,37.289787960029244,1.0,0.8191973902374734,True,False
633,0.5,0.97,-2.0,0.0,0.0,4.0,0.5,0.98,1.0,1e-12,0.7932981320362427,-0.04001175759257425,0.7341269841269841,0.7008196721311475,0.8272433539097696,0.319672131147541,6.255585344057194,0.0,0.8531936073074669,True,False
634,0.5,0.97,-2.0,2.0,0.0,2.0,0.5,0.98,1.0,1e-12,0.782699568226526,-0.02941319378285756,0.7210884353741497,0.66051912568306,0.7742938928473904,0.6147540983606558,20.797790234787552,1.0,0.8430576874388093,True,False
635,0.5,0.97,-2.0,1.6,0.8,1.6,0.5,0.98,1.0,1e-12,0.7796894500378363,-0.02640307559416788,0.7094671201814059,0.6359289617486339,0.7342357551112648,0.6639344262295082,27.297099683158663,1.0,0.8416747088347095,True,False
636,0.5,0.97,-4.0,4.0,0.0,0.0,0.5,0.98,1.0,1e-12,0.783448919617466,-0.030162545173797572,0.5864512471655329,0.37363387978142076,0.5455228428034711,0.36885245901639346,26.728410106426193,2.0,0.8892098630334306,True,False
637,0.5,0.97,-4.0,0.0,0.0,4.0,0.5,0.98,1.0,1e-12,0.7987471111117831,-0.045460736668114676,0.7185374149659864,0.6523224043715846,0.8272433539097696,0.639344262295082,3.493378828499472,1.0,0.8815010250448753,True,False
638,0.5,0.97,-4.0,2.0,0.0,2.0,0.5,0.98,1.0,1e-12,0.7943507095399378,-0.04106433509626939,0.6802721088435374,0.5484972677595629,0.7742938928473904,0.7295081967213115,9.667722804452026,2.0,0.9097222442402284,True,False
639,0.5,0.97,-4.0,1.6,0.8,1.6,0.5,0.98,1.0,1e-12,0.7917681234752089,-0.038481749031540446,0.6536281179138321,0.4863387978142077,0.7342357551112648,0.639344262295082,11.779998375172639,2.0,0.9160633007643271,True,False
640,0.5,0.99,0.5,0.5,0.0,0.0,0.5,0.98,1.0,1e-12,0.769650781551178,-0.016364407107509638,0.7358276643990929,0.7015027322404371,0.5455228428034711,0.27049180327868855,18.766756032171582,1.0,0.6877631714884554,True,False
641,0.5,0.99,0.5,0.0,0.0,0.5,0.5,0.98,1.0,1e-12,0.7734979980472041,-0.020211623603535678,0.7440476190476191,0.7240437158469946,0.8272433539097696,0.0,0.0,,0.6893526434033834,False,False
642,0.5,0.99,0.5,0.25,0.0,0.25,0.5,0.98,1.0,1e-12,0.7712964187622914,-0.018010044318622964,0.742063492063492,0.7192622950819673,0.7742938928473904,0.00819672131147541,8.04289544235925,0.0,0.6868716061717165,False,False
643,0.5,0.99,0.5,0.2,0.1,0.2,0.5,0.98,1.0,1e-12,0.7704090015058266,-0.01712262706215817,0.7395124716553287,0.7144808743169399,0.7342357551112648,0.0,7.636688601836055,,0.6866230397334512,False,False
644,0.5,0.99,0.25,0.5,0.0,0.0,0.5,0.98,1.0,1e-12,0.7718034018585602,-0.018517027414891807,0.7332766439909296,0.6926229508196722,0.5455228428034711,0.48360655737704916,33.715167763425136,2.0,0.7158067200490364,True,False
645,0.5,0.99,0.25,0.0,0.0,0.5,0.5,0.98,1.0,1e-12,0.7750188305517458,-0.02173245610807739,0.7414965986394558,0.715846994535519,0.8272433539097696,0.12295081967213115,31.359168088390607,0.0,0.717657472308237,True,False
646,0.5,0.99,0.25,0.25,0.0,0.25,0.5,0.98,1.0,1e-12,0.7737923961094593,-0.020506021665790852,0.7386621315192744,0.7062841530054644,0.7742938928473904,0.09016393442622951,28.434478836623608,0.0,0.7155711867692395,False,False
647,0.5,0.99,0.25,0.2,0.1,0.2,0.5,0.98,1.0,1e-12,0.772835763456398,-0.019549389012729623,0.7375283446712018,0.7042349726775956,0.7342357551112648,0.10655737704918032,24.04744495897311,0.0,0.7154099833832559,True,False
648,0.5,0.99,-0.0,0.5,0.0,0.0,0.5,0.98,1.0,1e-12,0.7745416712293433,-0.021255296785674838,0.7256235827664398,0.6721311475409837,0.5455228428034711,0.5819672131147541,43.13916646356325,2.0,0.744638596241536,True,False
649,0.5,0.99,-0.0,0.0,0.0,0.5,0.5,0.98,1.0,1e-12,0.7785167227087858,-0.025230348265117386,0.7392290249433107,0.7069672131147541,0.8272433539097696,0.19672131147540983,14.623446258835,0.0,0.7465706689307203,True,False
650,0.5,0.99,-0.0,0.25,0.0,0.25,0.5,0.98,1.0,1e-12,0.7765013903021576,-0.023215015858489174,0.7358276643990929,0.6960382513661203,0.7742938928473904,0.19672131147540983,34.44634007636689,0.0,0.7450832493671995,True,False
651,0.5,0.99,-0.0,0.2,0.1,0.2,0.5,0.98,1.0,1e-12,0.7756632159862316,-0.02237684154256314,0.7335600907029478,0.6892076502732241,0.7342357551112648,0.319672131147541,33.79640913152978,0.0,0.7450258288142266,True,False
652,0.5,0.99,-0.25,0.5,0.0,0.0,0.5,0.98,1.0,1e-12,0.7773828402594221,-0.024096465815753643,0.7191043083900227,0.6509562841530055,0.5455228428034711,0.5573770491803278,37.289787960029244,1.0,0.7735024393200619,True,False
653,0.5,0.99,-0.25,0.0,0.0,0.5,0.5,0.98,1.0,1e-12,0.7794936857051673,-0.02620731126149889,0.7358276643990929,0.6953551912568304,0.8272433539097696,0.319672131147541,6.255585344057194,0.0,0.7753182921421669,True,False
654,0.5,0.99,-0.25,0.25,0.0,0.25,0.5,0.98,1.0,1e-12,0.7789183009349203,-0.0256319264912519,0.7270408163265306,0.6707650273224044,0.7742938928473904,0.6147540983606558,20.797790234787552,1.0,0.7745855296335238,True,False
655,0.5,0.99,-0.25,0.2,0.1,0.2,0.5,0.98,1.0,1e-12,0.7784718723634918,-0.025185497919823385,0.7264739229024942,0.6680327868852459,0.7342357551112648,0.6639344262295082,27.297099683158663,1.0,0.7746387645715609,True,False
656,0.5,0.99,-0.5,0.5,0.0,0.0,0.5,0.98,1.0,1e-12,0.7796332640844021,-0.02634688964073373,0.7086167800453514,0.6215846994535519,0.5455228428034711,0.36885245901639346,26.728410106426193,2.0,0.8016365803700112,True,False
657,0.5,0.99,-0.5,0.0,0.0,0.5,0.5,0.98,1.0,1e-12,0.7815966312604937,-0.028310256816825308,0.7287414965986394,0.6714480874316939,0.8272433539097696,0.639344262295082,3.493378828499472,1.0,0.8031610857087114,True,False
658,0.5,0.99,-0.5,0.25,0.0,0.25,0.5,0.98,1.0,1e-12,0.7805518151859158,-0.02726544074224735,0.7216553287981861,0.6550546448087432,0.7742938928473904,0.7295081967213115,9.667722804452026,2.0,0.8032580978960892,True,False
659,0.5,0.99,-0.5,0.2,0.1,0.2,0.5,0.98,1.0,1e-12,0.7799963289474722,-0.026709954503803757,0.7191043083900227,0.6489071038251366,0.7342357551112648,0.639344262295082,11.779998375172639,2.0,0.8034176413763418,True,False
660,0.5,0.99,1.0,1.0,0.0,0.0,0.5,0.98,1.0,1e-12,0.7664454956732782,-0.013159121229609827,0.7372448979591837,0.7131147540983607,0.5455228428034711,0.27049180327868855,18.766756032171582,1.0,0.6465425730019444,True,False
661,0.5,0.99,1.0,0.0,0.0,1.0,0.5,0.98,1.0,1e-12,0.7705649927987278,-0.017278618355059394,0.7423469387755102,0.7315573770491804,0.8272433539097696,0.0,0.0,,0.6520481083693028,False,False
662,0.5,0.99,1.0,0.5,0.0,0.5,0.5,0.98,1.0,1e-12,0.7677819634962748,-0.014495589052606395,0.7426303854875282,0.7274590163934426,0.7742938928473904,0.00819672131147541,8.04289544235925,0.0,0.6421765774619373,False,False
663,0.5,0.99,1.0,0.4,0.2,0.4,0.5,0.98,1.0,1e-12,0.7672701847106865,-0.013983810267018115,0.7417800453514739,0.7267759562841529,0.7342357551112648,0.0,7.636688601836055,,0.6411168537242853,False,False
664,0.5,0.99,0.5,1.0,0.0,0.0,0.5,0.98,1.0,1e-12,0.7688434858347345,-0.01555711139106608,0.729875283446712,0.6892076502732241,0.5455228428034711,0.48360655737704916,33.715167763425136,2.0,0.6929681375779723,True,False
665,0.5,0.99,0.5,0.0,0.0,1.0,0.5,0.98,1.0,1e-12,0.7737504065154647,-0.020464032071796256,0.7423469387755103,0.7267759562841531,0.8272433539097696,0.12295081967213115,31.359168088390607,0.0,0.7021180423201474,True,False
666,0.5,0.99,0.5,0.5,0.0,0.5,0.5,0.98,1.0,1e-12,0.7707207928890465,-0.017434418445378075,0.7409297052154195,0.7192622950819673,0.7742938928473904,0.09016393442622951,28.434478836623608,0.0,0.6916404277240938,False,False
667,0.5,0.99,0.5,0.4,0.2,0.4,0.5,0.98,1.0,1e-12,0.7694381965171644,-0.01615182207349597,0.7406462585034014,0.717896174863388,0.7342357551112648,0.10655737704918032,24.04744495897311,0.0,0.6907890532573722,True,False
668,0.5,0.99,-0.0,1.0,0.0,0.0,0.5,0.98,1.0,1e-12,0.7722393108912687,-0.01895293644760032,0.7188208616780045,0.6577868852459018,0.5455228428034711,0.5819672131147541,43.13916646356325,2.0,0.7434781860517953,True,False
669,0.5,0.99,-0.0,0.0,0.0,1.0,0.5,0.98,1.0,1e-12,0.7788403959491258,-0.02555402150545738,0.742063492063492,0.7185792349726775,0.8272433539097696,0.19672131147540983,14.623446258835,0.0,0.7540371914173445,True,False
670,0.5,0.99,-0.0,0.5,0.0,0.5,0.5,0.98,1.0,1e-12,0.775420639999608,-0.02213426555593956,0.7358276643990929,0.7015027322404372,0.7742938928473904,0.19672131147540983,34.44634007636689,0.0,0.7455959960599904,True,False
671,0.5,0.99,-0.0,0.4,0.2,0.4,0.5,0.98,1.0,1e-12,0.7737994822772598,-0.020513107833591393,0.7329931972789115,0.694672131147541,0.7342357551112648,0.319672131147541,33.79640913152978,0.0,0.7451703845120493,True,False
672,0.5,0.99,-0.5,1.0,0.0,0.0,0.5,0.98,1.0,1e-12,0.7782797344570631,-0.024993360013394694,0.6998299319727891,0.6045081967213115,0.5455228428034711,0.5573770491803278,37.289787960029244,1.0,0.7942746382878919,True,False
673,0.5,0.99,-0.5,0.0,0.0,1.0,0.5,0.98,1.0,1e-12,0.7818926040267046,-0.028606229583036158,0.7349773242630385,0.6926229508196721,0.8272433539097696,0.319672131147541,6.255585344057194,0.0,0.8032262229757547,True,False
674,0.5,0.99,-0.5,0.5,0.0,0.5,0.5,0.98,1.0,1e-12,0.7795025161024688,-0.026216141658800374,0.7253401360544217,0.6700819672131147,0.7742938928473904,0.6147540983606558,20.797790234787552,1.0,0.7993188163727846,True,False
675,0.5,0.99,-0.5,0.4,0.2,0.4,0.5,0.98,1.0,1e-12,0.7787710661150664,-0.025484691671397997,0.7213718820861679,0.6584699453551913,0.7342357551112648,0.6639344262295082,27.297099683158663,1.0,0.7994902322139457,True,False
676,0.5,0.99,-1.0,1.0,0.0,0.0,0.5,0.98,1.0,1e-12,0.7807754278412224,-0.02748905339755403,0.671201814058957,0.5327868852459016,0.5455228428034711,0.36885245901639346,26.728410106426193,2.0,0.8414755201090356,True,False
677,0.5,0.99,-1.0,0.0,0.0,1.0,0.5,0.98,1.0,1e-12,0.7879513966271587,-0.034665022183490324,0.7270408163265306,0.6680327868852458,0.8272433539097696,0.639344262295082,3.493378828499472,1.0,0.8466199521002609,True,False
678,0.5,0.99,-1.0,0.5,0.0,0.5,0.5,0.98,1.0,1e-12,0.7847709504720886,-0.03148457602842014,0.7120181405895692,0.6263661202185793,0.7742938928473904,0.7295081967213115,9.667722804452026,2.0,0.8482500979270394,True,False
679,0.5,0.99,-1.0,0.4,0.2,0.4,0.5,0.98,1.0,1e-12,0.7830435002327336,-0.029757125789065197,0.7060657596371882,0.6113387978142076,0.7342357551112648,0.639344262295082,11.779998375172639,2.0,0.8490194246516101,True,False
680,0.5,0.99,2.0,2.0,0.0,0.0,0.5,0.98,1.0,1e-12,0.7634759355295326,-0.010189561085864218,0.7369614512471655,0.7192622950819672,0.5455228428034711,0.27049180327868855,18.766756032171582,1.0,0.6043380230112337,True,False
681,0.5,0.99,2.0,0.0,0.0,2.0,0.5,0.98,1.0,1e-12,0.7670543786913091,-0.013768004247640686,0.746031746031746,0.741120218579235,0.8272433539097696,0.0,0.0,,0.6082727625648815,False,False
682,0.5,0.99,2.0,1.0,0.0,1.0,0.5,0.98,1.0,1e-12,0.7642133528161353,-0.010926978372466922,0.7437641723356009,0.7377049180327869,0.7742938928473904,0.00819672131147541,8.04289544235925,0.0,0.5910384271663252,False,False
683,0.5,0.99,2.0,0.8,0.4,0.8,0.5,0.98,1.0,1e-12,0.7630310816620597,-0.009744707218391269,0.7426303854875282,0.7349726775956283,0.7342357551112648,0.0,7.636688601836055,,0.5893248847216584,False,False
684,0.5,0.99,1.0,2.0,0.0,0.0,0.5,0.98,1.0,1e-12,0.7659009796212434,-0.012614605177574956,0.7270408163265306,0.6892076502732242,0.5455228428034711,0.48360655737704916,33.715167763425136,2.0,0.6668153842209031,True,False
685,0.5,0.99,1.0,0.0,0.0,2.0,0.5,0.98,1.0,1e-12,0.772357864829695,-0.019071490386026624,0.7431972789115646,0.7349726775956286,0.8272433539097696,0.12295081967213115,31.359168088390607,0.0,0.6934213427034154,True,False
686,0.5,0.99,1.0,1.0,0.0,1.0,0.5,0.98,1.0,1e-12,0.7674827697447002,-0.014196395301031783,0.7412131519274375,0.7281420765027321,0.7742938928473904,0.09016393442622951,28.434478836623608,0.0,0.6617514503928693,False,False
687,0.5,0.99,1.0,0.8,0.4,0.8,0.5,0.98,1.0,1e-12,0.7668580681096602,-0.013571693665991758,0.7395124716553289,0.7240437158469945,0.7342357551112648,0.10655737704918032,24.04744495897311,0.0,0.6593802994117262,True,False
688,0.5,0.99,-0.0,2.0,0.0,0.0,0.5,0.98,1.0,1e-12,0.7706827400549411,-0.01739636561127267,0.7046485260770976,0.6311475409836065,0.5455228428034711,0.5819672131147541,43.13916646356325,2.0,0.7416569033756025,True,False
689,0.5,0.99,-0.0,0.0,0.0,2.0,0.5,0.98,1.0,1e-12,0.7798922981915042,-0.02660592374783577,0.7417800453514739,0.7206284153005464,0.8272433539097696,0.19672131147540983,14.623446258835,0.0,0.7785564701733744,True,False
690,0.5,0.99,-0.0,1.0,0.0,1.0,0.5,0.98,1.0,1e-12,0.7748402184370434,-0.02155384399337501,0.7366780045351473,0.7083333333333334,0.7742938928473904,0.19672131147540983,34.44634007636689,0.0,0.748154819714656,True,False
691,0.5,0.99,-0.0,0.8,0.4,0.8,0.5,0.98,1.0,1e-12,0.7711711582203642,-0.01788478377669578,0.731859410430839,0.7001366120218578,0.7342357551112648,0.319672131147541,33.79640913152978,0.0,0.7458265879479279,True,False
692,0.5,0.99,-1.0,2.0,0.0,0.0,0.5,0.98,1.0,1e-12,0.7771852436304294,-0.023898869186760985,0.6629818594104309,0.5300546448087431,0.5455228428034711,0.5573770491803278,37.289787960029244,1.0,0.8172365963426413,True,False
693,0.5,0.99,-1.0,0.0,0.0,2.0,0.5,0.98,1.0,1e-12,0.7882224580930876,-0.034936083649419136,0.7315759637188208,0.6919398907103824,0.8272433539097696,0.319672131147541,6.255585344057194,0.0,0.8423721984869758,True,False
694,0.5,0.99,-1.0,1.0,0.0,1.0,0.5,0.98,1.0,1e-12,0.7825043049360246,-0.029217930492356214,0.7205215419501134,0.6564207650273225,0.7742938928473904,0.6147540983606558,20.797790234787552,1.0,0.8316877287327491,True,False
695,0.5,0.99,-1.0,0.8,0.4,0.8,0.5,0.98,1.0,1e-12,0.7801402712045097,-0.026853896760841267,0.7151360544217688,0.6441256830601092,0.7342357551112648,0.6639344262295082,27.297099683158663,1.0,0.8315465835333429,True,False
696,0.5,0.99,-2.0,2.0,0.0,0.0,0.5,0.98,1.0,1e-12,0.7843666593431632,-0.03108028489949477,0.6048752834467119,0.4105191256830601,0.5455228428034711,0.36885245901639346,26.728410106426193,2.0,0.8819894335738176,True,False
697,0.5,0.99,-2.0,0.0,0.0,2.0,0.5,0.98,1.0,1e-12,0.7972377573702863,-0.04395138292661793,0.7213718820861679,0.6543715846994536,0.8272433539097696,0.639344262295082,3.493378828499472,1.0,0.8862377312573839,True,False
698,0.5,0.99,-2.0,1.0,0.0,1.0,0.5,0.98,1.0,1e-12,0.7906080700488596,-0.03732169560519116,0.6910430839002267,0.5751366120218578,0.7742938928473904,0.7295081967213115,9.667722804452026,2.0,0.8978029891316613,True,False
699,0.5,0.99,-2.0,0.8,0.4,0.8,0.5,0.98,1.0,1e-12,0.7882813974007634,-0.034995022957095,0.6763038548752833,0.5403005464480873,0.7342357551112648,0.639344262295082,11.779998375172639,2.0,0.9004643422054016,True,False
700,0.5,0.99,4.0,4.0,0.0,0.0,0.5,0.98,1.0,1e-12,0.7615626702234102,-0.00827629577974176,0.7361111111111112,0.7178961748633879,0.5455228428034711,0.27049180327868855,18.766756032171582,1.0,0.5789275581232197,True,False
701,0.5,0.99,4.0,0.0,0.0,4.0,0.5,0.98,1.0,1e-12,0.7621484600949143,-0.00886208565124591,0.7460317460317459,0.7424863387978141,0.8272433539097696,0.0,0.0,,0.5599749521872751,False,False
702,0.5,0.99,4.0,2.0,0.0,2.0,0.5,0.98,1.0,1e-12,0.761137500155383,-0.007851125711714535,0.7448979591836735,0.741120218579235,0.7742938928473904,0.00819672131147541,8.04289544235925,0.0,0.5544004949062936,False,False
703,0.5,0.99,4.0,1.6,0.8,1.6,0.5,0.98,1.0,1e-12,0.7602477924204372,-0.006961417976768747,0.7451814058956916,0.7418032786885246,0.7342357551112648,0.0,7.636688601836055,,0.5542406034240587,False,False
704,0.5,0.99,2.0,4.0,0.0,0.0,0.5,0.98,1.0,1e-12,0.7644325681825939,-0.011146193738925447,0.7216553287981861,0.6789617486338797,0.5455228428034711,0.48360655737704916,33.715167763425136,2.0,0.6489960551104066,True,False
705,0.5,0.99,2.0,0.0,0.0,4.0,0.5,0.98,1.0,1e-12,0.7712480300575796,-0.017961655613911165,0.7429138321995465,0.7363387978142077,0.8272433539097696,0.12295081967213115,31.359168088390607,0.0,0.6985048643030214,True,False
706,0.5,0.99,2.0,2.0,0.0,2.0,0.5,0.98,1.0,1e-12,0.7656883945872298,-0.012402020143561399,0.7412131519274376,0.7315573770491802,0.7742938928473904,0.09016393442622951,28.434478836623608,0.0,0.6378532137899882,False,False
707,0.5,0.99,2.0,1.6,0.8,1.6,0.5,0.98,1.0,1e-12,0.7645388606996006,-0.011252486255932226,0.7403628117913832,0.7295081967213114,0.7342357551112648,0.10655737704918032,24.04744495897311,0.0,0.6350951177035697,True,False
708,0.5,0.99,-0.0,4.0,0.0,0.0,0.5,0.98,1.0,1e-12,0.7707956629043927,-0.017509288460724304,0.6873582766439909,0.6058743169398906,0.5455228428034711,0.5819672131147541,43.13916646356325,2.0,0.740923125184965,True,False
709,0.5,0.99,-0.0,0.0,0.0,4.0,0.5,0.98,1.0,1e-12,0.7832269937567763,-0.029940619313107875,0.7395124716553289,0.7185792349726776,0.8272433539097696,0.19672131147540983,14.623446258835,0.0,0.8163962503446249,True,False
710,0.5,0.99,-0.0,2.0,0.0,2.0,0.5,0.98,1.0,1e-12,0.7735143892838334,-0.02022801484016501,0.7352607709750567,0.7090163934426229,0.7742938928473904,0.19672131147540983,34.44634007636689,0.0,0.7542031177871408,True,False
711,0.5,0.99,-0.0,1.6,0.8,1.6,0.5,0.98,1.0,1e-12,0.7717133837939181,-0.018427009350249657,0.7298752834467119,0.6987704918032787,0.7342357551112648,0.319672131147541,33.79640913152978,0.0,0.7474212997792153,True,False
712,0.5,0.99,-2.0,4.0,0.0,0.0,0.5,0.98,1.0,1e-12,0.7777006752128984,-0.024414300769230013,0.6218820861678005,0.4719945355191257,0.5455228428034711,0.5573770491803278,37.289787960029244,1.0,0.832780257907153,True,False
713,0.5,0.99,-2.0,0.0,0.0,4.0,0.5,0.98,1.0,1e-12,0.7958447598491613,-0.04255838540549284,0.7324263038548754,0.6953551912568305,0.8272433539097696,0.319672131147541,6.255585344057194,0.0,0.8682231225120398,True,False
714,0.5,0.99,-2.0,2.0,0.0,2.0,0.5,0.98,1.0,1e-12,0.7843908718523533,-0.031104497408684928,0.7168367346938775,0.6495901639344264,0.7742938928473904,0.6147540983606558,20.797790234787552,1.0,0.8576558869042903,True,False
715,0.5,0.99,-2.0,1.6,0.8,1.6,0.5,0.98,1.0,1e-12,0.7803547624591011,-0.027068388015432654,0.7035147392290251,0.6229508196721313,0.7342357551112648,0.6639344262295082,27.297099683158663,1.0,0.8562140581468247,True,False
716,0.5,0.99,-4.0,4.0,0.0,0.0,0.5,0.98,1.0,1e-12,0.784259892154629,-0.030973517710960574,0.5345804988662132,0.3312841530054645,0.5455228428034711,0.36885245901639346,26.728410106426193,2.0,0.9057719848646404,True,False
717,0.5,0.99,-4.0,0.0,0.0,4.0,0.5,0.98,1.0,1e-12,0.8009000629357875,-0.04761368849211911,0.7171201814058956,0.6468579234972678,0.8272433539097696,0.639344262295082,3.493378828499472,1.0,0.8977351112169977,True,False
718,0.5,0.99,-4.0,2.0,0.0,2.0,0.5,0.98,1.0,1e-12,0.7964577109862198,-0.04317133654255134,0.6649659863945578,0.5198087431693988,0.7742938928473904,0.7295081967213115,9.667722804452026,2.0,0.9271572333568341,True,False
719,0.5,0.99,-4.0,1.6,0.8,1.6,0.5,0.98,1.0,1e-12,0.7943259460881642,-0.04103957164449579,0.6340702947845804,0.4515027322404372,0.7342357551112648,0.639344262295082,11.779998375172639,2.0,0.9337681220734474,True,False
720,0.7,0.93,0.5,0.5,0.0,0.0,0.5,0.98,1.0,1e-12,0.7794600706731186,-0.026173696229450205,0.717687074829932,0.6441256830601092,0.5455228428034711,0.27049180327868855,18.766756032171582,1.0,0.7881337335558055,True,False
721,0.7,0.93,0.5,0.0,0.0,0.5,0.5,0.98,1.0,1e-12,0.7802377333242149,-0.02695135888054645,0.7250566893424036,0.6618852459016392,0.8272433539097696,0.0,0.0,,0.7888798122097515,False,False
722,0.7,0.93,0.5,0.25,0.0,0.25,0.5,0.98,1.0,1e-12,0.7795651915802446,-0.026278817136576205,0.7225056689342403,0.6564207650273225,0.7742938928473904,0.00819672131147541,8.04289544235925,0.0,0.7877152437132546,False,False
723,0.7,0.93,0.5,0.2,0.1,0.2,0.5,0.98,1.0,1e-12,0.7798105138807048,-0.026524139437036354,0.7205215419501134,0.6516393442622951,0.7342357551112648,0.0,7.636688601836055,,0.7875985696708037,False,False
724,0.7,0.93,0.25,0.5,0.0,0.0,0.5,0.98,1.0,1e-12,0.780127532764761,-0.026841158321092573,0.7111678004535148,0.6270491803278689,0.5455228428034711,0.48360655737704916,33.715167763425136,2.0,0.8012970318597519,True,False
725,0.7,0.93,0.25,0.0,0.0,0.5,0.5,0.98,1.0,1e-12,0.7816289126915847,-0.028342538247916327,0.7205215419501133,0.6509562841530054,0.8272433539097696,0.12295081967213115,31.359168088390607,0.0,0.802165752307948,True,False
726,0.7,0.93,0.25,0.25,0.0,0.25,0.5,0.98,1.0,1e-12,0.7805815221755175,-0.027295147731849045,0.7179705215419502,0.6427595628415301,0.7742938928473904,0.09016393442622951,28.434478836623608,0.0,0.801186475422296,False,False
727,0.7,0.93,0.25,0.2,0.1,0.2,0.5,0.98,1.0,1e-12,0.7803318600210933,-0.02704548557742492,0.7162698412698412,0.6407103825136612,0.7342357551112648,0.10655737704918032,24.04744495897311,0.0,0.8011108085268344,True,False
728,0.7,0.93,-0.0,0.5,0.0,0.0,0.5,0.98,1.0,1e-12,0.7812018839565935,-0.027915509512925096,0.7026643990929705,0.6079234972677596,0.5455228428034711,0.5819672131147541,43.13916646356325,2.0,0.8148303615011291,True,False
729,0.7,0.93,-0.0,0.0,0.0,0.5,0.5,0.98,1.0,1e-12,0.7825388076149458,-0.029252433171277348,0.7188208616780045,0.6434426229508197,0.8272433539097696,0.19672131147540983,14.623446258835,0.0,0.8157372527633991,True,False
730,0.7,0.93,-0.0,0.25,0.0,0.25,0.5,0.98,1.0,1e-12,0.7814813939087225,-0.028195019465054094,0.713718820861678,0.6325136612021859,0.7742938928473904,0.19672131147540983,34.44634007636689,0.0,0.8150390762335833,True,False
731,0.7,0.93,-0.0,0.2,0.1,0.2,0.5,0.98,1.0,1e-12,0.781857032379599,-0.02857065793593061,0.7120181405895691,0.6284153005464481,0.7342357551112648,0.319672131147541,33.79640913152978,0.0,0.8150121237291267,True,False
732,0.7,0.93,-0.25,0.5,0.0,0.0,0.5,0.98,1.0,1e-12,0.7827742974337689,-0.0294879229901005,0.6969954648526078,0.5922131147540983,0.5455228428034711,0.5573770491803278,37.289787960029244,1.0,0.828378696007376,True,False
733,0.7,0.93,-0.25,0.0,0.0,0.5,0.5,0.98,1.0,1e-12,0.7836977181488562,-0.030411343705187832,0.7134353741496599,0.6290983606557375,0.8272433539097696,0.319672131147541,6.255585344057194,0.0,0.8292310350871395,True,False
734,0.7,0.93,-0.25,0.25,0.0,0.25,0.5,0.98,1.0,1e-12,0.7836017327850138,-0.030315358341345355,0.7060657596371882,0.6120218579234973,0.7742938928473904,0.6147540983606558,20.797790234787552,1.0,0.8288870853381847,True,False
735,0.7,0.93,-0.25,0.2,0.1,0.2,0.5,0.98,1.0,1e-12,0.7829568915151724,-0.029670517071504032,0.7032312925170068,0.6058743169398908,0.7342357551112648,0.6639344262295082,27.297099683158663,1.0,0.8289120731662428,True,False
736,0.7,0.93,-0.5,0.5,0.0,0.0,0.5,0.98,1.0,1e-12,0.7841384228708842,-0.030852048427215784,0.6893424036281179,0.5717213114754099,0.5455228428034711,0.36885245901639346,26.728410106426193,2.0,0.8415845173165359,True,False
737,0.7,0.93,-0.5,0.0,0.0,0.5,0.5,0.98,1.0,1e-12,0.7851835229084705,-0.03189714846480207,0.7063492063492064,0.6113387978142076,0.8272433539097696,0.639344262295082,3.493378828499472,1.0,0.8423001014551095,True,False
738,0.7,0.93,-0.5,0.25,0.0,0.25,0.5,0.98,1.0,1e-12,0.7844502142541041,-0.03116383981043569,0.6981292517006803,0.5935792349726775,0.7742938928473904,0.7295081967213115,9.667722804452026,2.0,0.8423456377879601,True,False
739,0.7,0.93,-0.5,0.2,0.1,0.2,0.5,0.98,1.0,1e-12,0.7841313367030837,-0.030844962259415243,0.6955782312925171,0.5874316939890709,0.7342357551112648,0.639344262295082,11.779998375172639,2.0,0.8424205255439974,True,False
740,0.7,0.93,1.0,1.0,0.0,0.0,0.5,0.98,1.0,1e-12,0.777484792922465,-0.024198418478796557,0.7216553287981861,0.6564207650273225,0.5455228428034711,0.27049180327868855,18.766756032171582,1.0,0.7687852893682595,True,False
741,0.7,0.93,1.0,0.0,0.0,1.0,0.5,0.98,1.0,1e-12,0.7797156473854623,-0.02642927294179387,0.7315759637188208,0.6823770491803277,0.8272433539097696,0.0,0.0,,0.7713695202549788,False,False
742,0.7,0.93,1.0,0.5,0.0,0.5,0.5,0.98,1.0,1e-12,0.7786915435653058,-0.025405169121637372,0.7301587301587302,0.6775956284153005,0.7742938928473904,0.00819672131147541,8.04289544235925,0.0,0.7667359445229502,False,False
743,0.7,0.93,1.0,0.4,0.2,0.4,0.5,0.98,1.0,1e-12,0.7779333236106573,-0.02464694916698884,0.7295918367346939,0.6741803278688525,0.7342357551112648,0.0,7.636688601836055,,0.7662385231767053,False,False
744,0.7,0.93,0.5,1.0,0.0,0.0,0.5,0.98,1.0,1e-12,0.7788970424315189,-0.0256106679878505,0.7137188208616779,0.6359289617486339,0.5455228428034711,0.48360655737704916,33.715167763425136,2.0,0.7905768809039461,True,False
745,0.7,0.93,0.5,0.0,0.0,1.0,0.5,0.98,1.0,1e-12,0.7803337186880573,-0.027047344244388927,0.7281746031746031,0.6707650273224043,0.8272433539097696,0.12295081967213115,31.359168088390607,0.0,0.7948717341502733,True,False
746,0.7,0.93,0.5,0.5,0.0,0.5,0.5,0.98,1.0,1e-12,0.7791459888114177,-0.025859614367749306,0.7244897959183674,0.6618852459016393,0.7742938928473904,0.09016393442622951,28.434478836623608,0.0,0.7899536701562072,False,False
747,0.7,0.93,0.5,0.4,0.2,0.4,0.5,0.98,1.0,1e-12,0.7792545718069055,-0.025968197363237078,0.7225056689342404,0.657103825136612,0.7342357551112648,0.10655737704918032,24.04744495897311,0.0,0.7895540454065216,True,False
748,0.7,0.93,-0.0,1.0,0.0,0.0,0.5,0.98,1.0,1e-12,0.7811659784460638,-0.02787960400239542,0.701530612244898,0.6045081967213115,0.5455228428034711,0.5819672131147541,43.13916646356325,2.0,0.8142856791671692,True,False
749,0.7,0.93,-0.0,0.0,0.0,1.0,0.5,0.98,1.0,1e-12,0.7829733543292543,-0.029686979885585885,0.7222222222222222,0.6536885245901638,0.8272433539097696,0.19672131147540983,14.623446258835,0.0,0.8192419469918149,True,False
750,0.7,0.93,-0.0,0.5,0.0,0.5,0.5,0.98,1.0,1e-12,0.781738142230947,-0.028451767787278537,0.7162698412698413,0.6400273224043715,0.7742938928473904,0.19672131147540983,34.44634007636689,0.0,0.8152797532526485,True,False
751,0.7,0.93,-0.0,0.4,0.2,0.4,0.5,0.98,1.0,1e-12,0.781520761507614,-0.028234387063945543,0.7151360544217688,0.6386612021857924,0.7342357551112648,0.319672131147541,33.79640913152978,0.0,0.8150799764036151,True,False
752,0.7,0.93,-0.5,1.0,0.0,0.0,0.5,0.98,1.0,1e-12,0.7822061895398412,-0.028919815096172807,0.6876417233560089,0.5710382513661202,0.5455228428034711,0.5573770491803278,37.289787960029244,1.0,0.8381289118494186,True,False
753,0.7,0.93,-0.5,0.0,0.0,1.0,0.5,0.98,1.0,1e-12,0.7858425365139127,-0.032556162070244254,0.7159863945578231,0.6352459016393442,0.8272433539097696,0.319672131147541,6.255585344057194,0.0,0.8423306760906604,True,False
754,0.7,0.93,-0.5,0.5,0.0,0.5,0.5,0.98,1.0,1e-12,0.7837080253020206,-0.030421650858352134,0.7069160997732427,0.6147540983606558,0.7742938928473904,0.6147540983606558,20.797790234787552,1.0,0.8404965872770213,True,False
755,0.7,0.93,-0.5,0.4,0.2,0.4,0.5,0.98,1.0,1e-12,0.7829639776829729,-0.029677603239304462,0.7020975056689343,0.6031420765027323,0.7342357551112648,0.6639344262295082,27.297099683158663,1.0,0.8405770477738927,True,False
756,0.7,0.93,-1.0,1.0,0.0,0.0,0.5,0.98,1.0,1e-12,0.785525453092809,-0.03223907864914055,0.6709183673469388,0.5259562841530055,0.5455228428034711,0.36885245901639346,26.728410106426193,2.0,0.8602844278062822,True,False
757,0.7,0.93,-1.0,0.0,0.0,1.0,0.5,0.98,1.0,1e-12,0.7886761922582776,-0.03538981781460915,0.7091836734693877,0.6140710382513663,0.8272433539097696,0.639344262295082,3.493378828499472,1.0,0.8626991611899184,True,False
758,0.7,0.93,-1.0,0.5,0.0,0.5,0.5,0.98,1.0,1e-12,0.7861476735408491,-0.03286129909718072,0.6924603174603174,0.5778688524590164,0.7742938928473904,0.7295081967213115,9.667722804452026,2.0,0.8634643316800389,True,False
759,0.7,0.93,-1.0,0.4,0.2,0.4,0.5,0.98,1.0,1e-12,0.7856091247880146,-0.032322750344346174,0.689625850340136,0.5703551912568305,0.7342357551112648,0.639344262295082,11.779998375172639,2.0,0.863825444224225,True,False
760,0.7,0.93,2.0,2.0,0.0,0.0,0.5,0.98,1.0,1e-12,0.7751102109347877,-0.021823836491119297,0.7264739229024944,0.6721311475409837,0.5455228428034711,0.27049180327868855,18.766756032171582,1.0,0.7489749903930281,True,False
761,0.7,0.93,2.0,0.0,0.0,2.0,0.5,0.98,1.0,1e-12,0.7769462681934692,-0.02365989374980082,0.7363945578231292,0.6974043715846993,0.8272433539097696,0.0,0.0,,0.7508219089590261,False,False
762,0.7,0.93,2.0,1.0,0.0,1.0,0.5,0.98,1.0,1e-12,0.7756755296548683,-0.022389155211199885,0.7349773242630385,0.6926229508196722,0.7742938928473904,0.00819672131147541,8.04289544235925,0.0,0.742732322955622,False,False
763,0.7,0.93,2.0,0.8,0.4,0.8,0.5,0.98,1.0,1e-12,0.7754235770219633,-0.02213720257829488,0.7349773242630385,0.6919398907103824,0.7342357551112648,0.0,7.636688601836055,,0.7419280071142478,False,False
764,0.7,0.93,1.0,2.0,0.0,0.0,0.5,0.98,1.0,1e-12,0.7772628312421699,-0.023976456798501466,0.7154195011337868,0.6407103825136612,0.5455228428034711,0.48360655737704916,33.715167763425136,2.0,0.7783010987159341,True,False
765,0.7,0.93,1.0,0.0,0.0,2.0,0.5,0.98,1.0,1e-12,0.7802448194920153,-0.02695844504834688,0.733843537414966,0.6892076502732238,0.8272433539097696,0.12295081967213115,31.359168088390607,0.0,0.7907896098403786,True,False
766,0.7,0.93,1.0,1.0,0.0,1.0,0.5,0.98,1.0,1e-12,0.7784647861956913,-0.025178411752022845,0.7298752834467119,0.6782786885245902,0.7742938928473904,0.09016393442622951,28.434478836623608,0.0,0.775924150184408,False,False
767,0.7,0.93,1.0,0.8,0.4,0.8,0.5,0.98,1.0,1e-12,0.7776973779564785,-0.024411003512810114,0.7273242630385488,0.6721311475409835,0.7342357551112648,0.10655737704918032,24.04744495897311,0.0,0.7748111609483611,True,False
768,0.7,0.93,-0.0,2.0,0.0,0.0,0.5,0.98,1.0,1e-12,0.7806984797329511,-0.02741210528928273,0.6981292517006803,0.5969945355191255,0.5455228428034711,0.5819672131147541,43.13916646356325,2.0,0.8134307913803849,True,False
769,0.7,0.93,-0.0,0.0,0.0,2.0,0.5,0.98,1.0,1e-12,0.78426260505742,-0.030976230613751543,0.7290249433106575,0.6721311475409836,0.8272433539097696,0.19672131147540983,14.623446258835,0.0,0.8307509962038288,True,False
770,0.7,0.93,-0.0,1.0,0.0,1.0,0.5,0.98,1.0,1e-12,0.7810514281513758,-0.027765053707707432,0.7208049886621316,0.6536885245901639,0.7742938928473904,0.19672131147540983,34.44634007636689,0.0,0.8164808337436141,True,False
771,0.7,0.93,-0.0,0.8,0.4,0.8,0.5,0.98,1.0,1e-12,0.7805796136081378,-0.02729323916446935,0.7182539682539684,0.6468579234972677,0.7342357551112648,0.319672131147541,33.79640913152978,0.0,0.8153879902612723,True,False
772,0.7,0.93,-1.0,2.0,0.0,0.0,0.5,0.98,1.0,1e-12,0.7824096390305715,-0.029123264586903064,0.673469387755102,0.5368852459016393,0.5455228428034711,0.5573770491803278,37.289787960029244,1.0,0.8489069737934848,True,False
773,0.7,0.93,-1.0,0.0,0.0,2.0,0.5,0.98,1.0,1e-12,0.7883836528629865,-0.03509727841931809,0.7174036281179139,0.6400273224043715,0.8272433539097696,0.319672131147541,6.255585344057194,0.0,0.860705317657152,True,False
774,0.7,0.93,-1.0,1.0,0.0,1.0,0.5,0.98,1.0,1e-12,0.7852013480409522,-0.03191497359728379,0.707766439909297,0.6147540983606556,0.7742938928473904,0.6147540983606558,20.797790234787552,1.0,0.8556901583847597,True,False
775,0.7,0.93,-1.0,0.8,0.4,0.8,0.5,0.98,1.0,1e-12,0.7845828449268402,-0.031296470483171746,0.7012471655328799,0.5983606557377048,0.7342357551112648,0.6639344262295082,27.297099683158663,1.0,0.855623906556467,True,False
776,0.7,0.93,-2.0,2.0,0.0,0.0,0.5,0.98,1.0,1e-12,0.7871569179683215,-0.03387054352465313,0.6488095238095238,0.4726775956284153,0.5455228428034711,0.36885245901639346,26.728410106426193,2.0,0.8793011626979145,True,False
777,0.7,0.93,-2.0,0.0,0.0,2.0,0.5,0.98,1.0,1e-12,0.7915547510892174,-0.03826837664554894,0.7091836734693877,0.6140710382513663,0.8272433539097696,0.639344262295082,3.493378828499472,1.0,0.8812952616106089,True,False
778,0.7,0.93,-2.0,1.0,0.0,1.0,0.5,0.98,1.0,1e-12,0.7895093825231669,-0.03622300807949852,0.6839569160997732,0.5553278688524591,0.7742938928473904,0.7295081967213115,9.667722804452026,2.0,0.886723852041392,True,False
779,0.7,0.93,-2.0,0.8,0.4,0.8,0.5,0.98,1.0,1e-12,0.7884638506740638,-0.035177476230395355,0.6740362811791383,0.5314207650273224,0.7342357551112648,0.639344262295082,11.779998375172639,2.0,0.8879730585862089,True,False
780,0.7,0.93,4.0,4.0,0.0,0.0,0.5,0.98,1.0,1e-12,0.7741112736604797,-0.0208248992168113,0.7276077097505669,0.6741803278688525,0.5455228428034711,0.27049180327868855,18.766756032171582,1.0,0.7370476293231439,True,False
781,0.7,0.93,4.0,0.0,0.0,4.0,0.5,0.98,1.0,1e-12,0.7749196242025395,-0.021633249758871043,0.7380952380952381,0.7021857923497267,0.8272433539097696,0.0,0.0,,0.7281515081695372,False,False
782,0.7,0.93,4.0,2.0,0.0,2.0,0.5,0.98,1.0,1e-12,0.7744301512115002,-0.021143776767831746,0.7375283446712018,0.6994535519125683,0.7742938928473904,0.00819672131147541,8.04289544235925,0.0,0.7255349261805052,False,False
783,0.7,0.93,4.0,1.6,0.8,1.6,0.5,0.98,1.0,1e-12,0.7742175661774865,-0.020931191733818078,0.7375283446712018,0.6994535519125683,0.7342357551112648,0.0,7.636688601836055,,0.7254598750765989,False,False
784,0.7,0.93,2.0,4.0,0.0,0.0,0.5,0.98,1.0,1e-12,0.7763683278179047,-0.02308195337423624,0.7142857142857143,0.6420765027322404,0.5455228428034711,0.48360655737704916,33.715167763425136,2.0,0.7699369238273337,True,False
785,0.7,0.93,2.0,0.0,0.0,4.0,0.5,0.98,1.0,1e-12,0.7794659852310383,-0.026179610787369856,0.7349773242630385,0.6919398907103824,0.8272433539097696,0.12295081967213115,31.359168088390607,0.0,0.7931757526320303,True,False
786,0.7,0.93,2.0,2.0,0.0,2.0,0.5,0.98,1.0,1e-12,0.7768250635424975,-0.023538689098829058,0.7329931972789115,0.6885245901639344,0.7742938928473904,0.09016393442622951,28.434478836623608,0.0,0.7647066105544842,False,False
787,0.7,0.93,2.0,1.6,0.8,1.6,0.5,0.98,1.0,1e-12,0.7760668435878489,-0.022780469144180526,0.7312925170068028,0.6837431693989071,0.7342357551112648,0.10655737704918032,24.04744495897311,0.0,0.7634119940241246,True,False
788,0.7,0.93,-0.0,4.0,0.0,0.0,0.5,0.98,1.0,1e-12,0.7801576405016357,-0.026871266057967302,0.6927437641723355,0.5846994535519126,0.5455228428034711,0.5819672131147541,43.13916646356325,2.0,0.8130863648827387,True,False
789,0.7,0.93,-0.0,0.0,0.0,4.0,0.5,0.98,1.0,1e-12,0.7859270431147101,-0.03264066867104165,0.7298752834467119,0.6762295081967212,0.8272433539097696,0.19672131147540983,14.623446258835,0.0,0.8485125256719667,True,False
790,0.7,0.93,-0.0,2.0,0.0,2.0,0.5,0.98,1.0,1e-12,0.7811289013256535,-0.027842526881985075,0.7236394557823129,0.6618852459016393,0.7742938928473904,0.19672131147540983,34.44634007636689,0.0,0.8193198307980455,True,False
791,0.7,0.93,-0.0,1.6,0.8,1.6,0.5,0.98,1.0,1e-12,0.7799043255503308,-0.02661795110666243,0.7182539682539683,0.651639344262295,0.7342357551112648,0.319672131147541,33.79640913152978,0.0,0.8161365284677949,True,False
792,0.7,0.93,-2.0,4.0,0.0,0.0,0.5,0.98,1.0,1e-12,0.7827403744148731,-0.02945399997120468,0.6632653061224489,0.5109289617486339,0.5455228428034711,0.5573770491803278,37.289787960029244,1.0,0.8562029782013167,True,False
793,0.7,0.93,-2.0,0.0,0.0,4.0,0.5,0.98,1.0,1e-12,0.7908054759693334,-0.037519101525664955,0.7205215419501134,0.6509562841530055,0.8272433539097696,0.319672131147541,6.255585344057194,0.0,0.8728394248525901,True,False
794,0.7,0.93,-2.0,2.0,0.0,2.0,0.5,0.98,1.0,1e-12,0.7872400146971051,-0.03395364025343672,0.7054988662131519,0.6113387978142077,0.7742938928473904,0.6147540983606558,20.797790234787552,1.0,0.8678792938530342,True,False
795,0.7,0.93,-2.0,1.6,0.8,1.6,0.5,0.98,1.0,1e-12,0.7843157894514514,-0.031029415007783,0.6992630385487528,0.5949453551912569,0.7342357551112648,0.6639344262295082,27.297099683158663,1.0,0.8672025170893259,True,False
796,0.7,0.93,-4.0,4.0,0.0,0.0,0.5,0.98,1.0,1e-12,0.7876745208982051,-0.034388146454536694,0.6315192743764173,0.4344262295081967,0.5455228428034711,0.36885245901639346,26.728410106426193,2.0,0.890464401058913,True,False
797,0.7,0.93,-4.0,0.0,0.0,4.0,0.5,0.98,1.0,1e-12,0.7928153731831729,-0.03952899873950444,0.7071995464852608,0.612704918032787,0.8272433539097696,0.639344262295082,3.493378828499472,1.0,0.886691990979407,True,False
798,0.7,0.93,-4.0,2.0,0.0,2.0,0.5,0.98,1.0,1e-12,0.7911663026011397,-0.03787992815747132,0.6723356009070295,0.5259562841530054,0.7742938928473904,0.7295081967213115,9.667722804452026,2.0,0.900502374840963,True,False
799,0.7,0.93,-4.0,1.6,0.8,1.6,0.5,0.98,1.0,1e-12,0.7910867800513791,-0.037800405607710696,0.6570294784580499,0.4904371584699453,0.7342357551112648,0.639344262295082,11.779998375172639,2.0,0.9036054450548834,True,False
800,0.7,0.97,0.5,0.5,0.0,0.0,0.5,0.98,1.0,1e-12,0.7802338252817679,-0.026947450838099463,0.7100340136054422,0.6249999999999999,0.5455228428034711,0.27049180327868855,18.766756032171582,1.0,0.8034613393915978,True,False
801,0.7,0.97,0.5,0.0,0.0,0.5,0.5,0.98,1.0,1e-12,0.7819477902426052,-0.028661415798936773,0.7208049886621315,0.651639344262295,0.8272433539097696,0.0,0.0,,0.8043371708549255,False,False
802,0.7,0.97,0.5,0.25,0.0,0.25,0.5,0.98,1.0,1e-12,0.7809003997265378,-0.02761402528286938,0.717687074829932,0.6420765027322404,0.7742938928473904,0.00819672131147541,8.04289544235925,0.0,0.8029700687068642,False,False
803,0.7,0.97,0.5,0.2,0.1,0.2,0.5,0.98,1.0,1e-12,0.7804578363375458,-0.027171461893877424,0.7165532879818595,0.6413934426229508,0.7342357551112648,0.0,7.636688601836055,,0.8028331035265955,False,False
804,0.7,0.97,0.25,0.5,0.0,0.0,0.5,0.98,1.0,1e-12,0.7817136627421818,-0.028427288298513376,0.7012471655328798,0.6038251366120219,0.5455228428034711,0.48360655737704916,33.715167763425136,2.0,0.8189139069657956,True,False
805,0.7,0.97,0.25,0.0,0.0,0.5,0.5,0.98,1.0,1e-12,0.7831765627169865,-0.02989018827331813,0.7188208616780045,0.6434426229508197,0.8272433539097696,0.12295081967213115,31.359168088390607,0.0,0.8199337092310695,True,False
806,0.7,0.97,0.25,0.25,0.0,0.25,0.5,0.98,1.0,1e-12,0.7823388202125774,-0.029052445768908974,0.7131519274376418,0.6311475409836066,0.7742938928473904,0.09016393442622951,28.434478836623608,0.0,0.8187841233218258,False,False
807,0.7,0.97,0.25,0.2,0.1,0.2,0.5,0.98,1.0,1e-12,0.7821759099306195,-0.028889535486951057,0.7103174603174603,0.6243169398907105,0.7342357551112648,0.10655737704918032,24.04744495897311,0.0,0.8186952969662838,True,False
808,0.7,0.97,-0.0,0.5,0.0,0.0,0.5,0.98,1.0,1e-12,0.7829724261691731,-0.029686051725504647,0.6924603174603174,0.5812841530054645,0.5455228428034711,0.5819672131147541,43.13916646356325,2.0,0.8348008591534994,True,False
809,0.7,0.97,-0.0,0.0,0.0,0.5,0.5,0.98,1.0,1e-12,0.7841032044174377,-0.030816829973769333,0.7128684807256235,0.6270491803278688,0.8272433539097696,0.19672131147540983,14.623446258835,0.0,0.8358654706352948,True,False
810,0.7,0.97,-0.0,0.25,0.0,0.25,0.5,0.98,1.0,1e-12,0.7836017327850138,-0.030315358341345355,0.7040816326530612,0.60724043715847,0.7742938928473904,0.19672131147540983,34.44634007636689,0.0,0.8350458721002936,True,False
811,0.7,0.97,-0.0,0.2,0.1,0.2,0.5,0.98,1.0,1e-12,0.7837080253020206,-0.030421650858352134,0.7020975056689343,0.6024590163934426,0.7342357551112648,0.319672131147541,33.79640913152978,0.0,0.8350142322037574,True,False
812,0.7,0.97,-0.25,0.5,0.0,0.0,0.5,0.98,1.0,1e-12,0.7844573004219046,-0.03117092597823623,0.6822562358276644,0.5539617486338797,0.5455228428034711,0.5573770491803278,37.289787960029244,1.0,0.8507054257477892,True,False
813,0.7,0.97,-0.25,0.0,0.0,0.5,0.5,0.98,1.0,1e-12,0.7870240678696244,-0.033737693425956006,0.7043650793650794,0.6051912568306012,0.8272433539097696,0.319672131147541,6.255585344057194,0.0,0.8517059977109899,True,False
814,0.7,0.97,-0.25,0.25,0.0,0.25,0.5,0.98,1.0,1e-12,0.7849516858865282,-0.03166531144285978,0.6947278911564626,0.5833333333333334,0.7742938928473904,0.6147540983606558,20.797790234787552,1.0,0.8513022306143907,True,False
815,0.7,0.97,-0.25,0.2,0.1,0.2,0.5,0.98,1.0,1e-12,0.784643115488672,-0.03135674104500363,0.6938775510204082,0.5819672131147541,0.7342357551112648,0.6639344262295082,27.297099683158663,1.0,0.8513315641516765,True,False
816,0.7,0.97,-0.5,0.5,0.0,0.0,0.5,0.98,1.0,1e-12,0.7856246594420153,-0.0323382849983469,0.6712018140589568,0.5204918032786885,0.5455228428034711,0.36885245901639346,26.728410106426193,2.0,0.866207911632455,True,False
817,0.7,0.97,-0.5,0.0,0.0,0.5,0.5,0.98,1.0,1e-12,0.7884963444907105,-0.03520997004704207,0.6967120181405897,0.586065573770492,0.8272433539097696,0.639344262295082,3.493378828499472,1.0,0.8670479451864328,True,False
818,0.7,0.97,-0.5,0.25,0.0,0.25,0.5,0.98,1.0,1e-12,0.7872403057005188,-0.03395393125685042,0.6862244897959183,0.5607923497267758,0.7742938928473904,0.7295081967213115,9.667722804452026,2.0,0.8671014008815184,True,False
819,0.7,0.97,-0.5,0.2,0.1,0.2,0.5,0.98,1.0,1e-12,0.7865780711097127,-0.03329169666604426,0.6828231292517006,0.5519125683060109,0.7342357551112648,0.639344262295082,11.779998375172639,2.0,0.8671893125951272,True,False
820,0.7,0.97,1.0,1.0,0.0,0.0,0.5,0.98,1.0,1e-12,0.7781154618567053,-0.02482908741303691,0.7185374149659864,0.6475409836065572,0.5455228428034711,0.27049180327868855,18.766756032171582,1.0,0.7807479483888266,True,False
821,0.7,0.97,1.0,0.0,0.0,1.0,0.5,0.98,1.0,1e-12,0.7795999782221741,-0.026313603778505668,0.7304421768707483,0.6782786885245901,0.8272433539097696,0.0,0.0,,0.7837816107341056,False,False
822,0.7,0.97,1.0,0.5,0.0,0.5,0.5,0.98,1.0,1e-12,0.7790245934519271,-0.025738219008258678,0.727607709750567,0.6700819672131147,0.7742938928473904,0.00819672131147541,8.04289544235925,0.0,0.7783421957443327,False,False
823,0.7,0.97,1.0,0.4,0.2,0.4,0.5,0.98,1.0,1e-12,0.7787978360823126,-0.02551146163864415,0.7273242630385487,0.6687158469945356,0.7342357551112648,0.0,7.636688601836055,,0.7777582663378714,False,False
824,0.7,0.97,0.5,1.0,0.0,0.0,0.5,0.98,1.0,1e-12,0.7804045375060515,-0.027118163062383127,0.7071995464852606,0.6174863387978141,0.5455228428034711,0.48360655737704916,33.715167763425136,2.0,0.8063293819307193,True,False
825,0.7,0.97,0.5,0.0,0.0,1.0,0.5,0.98,1.0,1e-12,0.782021801328521,-0.028735426884852533,0.7261904761904762,0.6639344262295082,0.8272433539097696,0.12295081967213115,31.359168088390607,0.0,0.8113711661764077,True,False
826,0.7,0.97,0.5,0.5,0.0,0.5,0.5,0.98,1.0,1e-12,0.7809719056016151,-0.027685531157946697,0.7208049886621316,0.6523224043715847,0.7742938928473904,0.09016393442622951,28.434478836623608,0.0,0.8055977867051127,False,False
827,0.7,0.97,0.5,0.4,0.2,0.4,0.5,0.98,1.0,1e-12,0.7798900364304654,-0.026603661986796978,0.7179705215419502,0.6461748633879782,0.7342357551112648,0.10655737704918032,24.04744495897311,0.0,0.8051286619989602,True,False
828,0.7,0.97,-0.0,1.0,0.0,0.0,0.5,0.98,1.0,1e-12,0.7815814879048013,-0.028295113461132892,0.6887755102040817,0.5724043715846994,0.5455228428034711,0.5819672131147541,43.13916646356325,2.0,0.8341614494571117,True,False
829,0.7,0.97,-0.0,0.0,0.0,1.0,0.5,0.98,1.0,1e-12,0.7855236589628922,-0.03223728451922381,0.7202380952380952,0.6468579234972677,0.8272433539097696,0.19672131147540983,14.623446258835,0.0,0.8399796769034347,True,False
830,0.7,0.97,-0.0,0.5,0.0,0.5,0.5,0.98,1.0,1e-12,0.7830702701999798,-0.02978389575631135,0.7131519274376418,0.6297814207650274,0.7742938928473904,0.19672131147540983,34.44634007636689,0.0,0.8353284059922397,True,False
831,0.7,0.97,-0.0,0.4,0.2,0.4,0.5,0.98,1.0,1e-12,0.7822302372170896,-0.028943862773421203,0.7069160997732425,0.6168032786885246,0.7342357551112648,0.319672131147541,33.79640913152978,0.0,0.8350938853433741,True,False
832,0.7,0.97,-0.5,1.0,0.0,0.0,0.5,0.98,1.0,1e-12,0.7851302739773918,-0.03184389953372335,0.6658163265306123,0.5163934426229508,0.5455228428034711,0.5573770491803278,37.289787960029244,1.0,0.8621513313014912,True,False
833,0.7,0.97,-0.5,0.0,0.0,1.0,0.5,0.98,1.0,1e-12,0.7895580980508976,-0.03627172360722919,0.7120181405895692,0.6229508196721313,0.8272433539097696,0.319672131147541,6.255585344057194,0.0,0.8670838371499057,True,False
834,0.7,0.97,-0.5,0.5,0.0,0.5,0.5,0.98,1.0,1e-12,0.7862539660578559,-0.0329675916141875,0.6958616780045351,0.5860655737704917,0.7742938928473904,0.6147540983606558,20.797790234787552,1.0,0.864930776368677,True,False
835,0.7,0.97,-0.5,0.4,0.2,0.4,0.5,0.98,1.0,1e-12,0.7859453956599999,-0.03265902121633146,0.6924603174603174,0.5771857923497268,0.7342357551112648,0.6639344262295082,27.297099683158663,1.0,0.8650252299954393,True,False
836,0.7,0.97,-1.0,1.0,0.0,0.0,0.5,0.98,1.0,1e-12,0.7872458171643635,-0.033959442720695066,0.6394557823129252,0.4494535519125683,0.5455228428034711,0.36885245901639346,26.728410106426193,2.0,0.8881599804682442,True,False
837,0.7,0.97,-1.0,0.0,0.0,1.0,0.5,0.98,1.0,1e-12,0.791985148658081,-0.03869877421441259,0.6964285714285714,0.5840163934426229,0.8272433539097696,0.639344262295082,3.493378828499472,1.0,0.8909946674838172,True,False
838,0.7,0.97,-1.0,0.5,0.0,0.5,0.5,0.98,1.0,1e-12,0.7897361398927815,-0.03644976544911305,0.6748866213151928,0.5327868852459018,0.7742938928473904,0.7295081967213115,9.667722804452026,2.0,0.8918929111026543,True,False
839,0.7,0.97,-1.0,0.4,0.2,0.4,0.5,0.98,1.0,1e-12,0.7892346682603575,-0.03594829381668907,0.6695011337868481,0.5198087431693988,0.7342357551112648,0.639344262295082,11.779998375172639,2.0,0.8923168258284382,True,False
840,0.7,0.97,2.0,2.0,0.0,0.0,0.5,0.98,1.0,1e-12,0.7757479660368285,-0.02246159159316008,0.7213718820861678,0.659153005464481,0.5455228428034711,0.27049180327868855,18.766756032171582,1.0,0.7574923800265981,True,False
841,0.7,0.97,2.0,0.0,0.0,2.0,0.5,0.98,1.0,1e-12,0.7782652018873978,-0.024978827443729368,0.7366780045351473,0.6967213114754096,0.8272433539097696,0.0,0.0,,0.7596605018214654,False,False
842,0.7,0.97,2.0,1.0,0.0,1.0,0.5,0.98,1.0,1e-12,0.7766321623079295,-0.023345787864261114,0.733843537414966,0.6892076502732241,0.7742938928473904,0.00819672131147541,8.04289544235925,0.0,0.7501640312957301,False,False
843,0.7,0.97,2.0,0.8,0.4,0.8,0.5,0.98,1.0,1e-12,0.775636162055977,-0.022349787612308547,0.7332766439909296,0.6878415300546449,0.7342357551112648,0.0,7.636688601836055,,0.7492198344384648,False,False
844,0.7,0.97,1.0,2.0,0.0,0.0,0.5,0.98,1.0,1e-12,0.7782391476946768,-0.02495277325100842,0.7086167800453514,0.6236338797814207,0.5455228428034711,0.48360655737704916,33.715167763425136,2.0,0.7919186811013139,True,False
845,0.7,0.97,1.0,0.0,0.0,2.0,0.5,0.98,1.0,1e-12,0.7804077297739732,-0.027121355330304797,0.731859410430839,0.683743169398907,0.8272433539097696,0.12295081967213115,31.359168088390607,0.0,0.8065791072039226,True,False
846,0.7,0.97,1.0,1.0,0.0,1.0,0.5,0.98,1.0,1e-12,0.7791096274655326,-0.025823253021864168,0.7264739229024944,0.6700819672131147,0.7742938928473904,0.09016393442622951,28.434478836623608,0.0,0.789128350216479,False,False
847,0.7,0.97,1.0,0.8,0.4,0.8,0.5,0.98,1.0,1e-12,0.7783411003577198,-0.025054725914051335,0.7253401360544217,0.6673497267759563,0.7342357551112648,0.10655737704918032,24.04744495897311,0.0,0.7878217976350327,True,False
848,0.7,0.97,-0.0,2.0,0.0,0.0,0.5,0.98,1.0,1e-12,0.7821792048402375,-0.02889283039656909,0.6788548752834468,0.551912568306011,0.5455228428034711,0.5819672131147541,43.13916646356325,2.0,0.8331578855334952,True,False
849,0.7,0.97,-0.0,0.0,0.0,2.0,0.5,0.98,1.0,1e-12,0.7866781769015581,-0.03339180245788964,0.7236394557823129,0.6584699453551912,0.8272433539097696,0.19672131147540983,14.623446258835,0.0,0.8534902998914512,True,False
850,0.7,0.97,-0.0,1.0,0.0,1.0,0.5,0.98,1.0,1e-12,0.7830631840321792,-0.02977680958851081,0.7159863945578231,0.6400273224043715,0.7742938928473904,0.19672131147540983,34.44634007636689,0.0,0.8367383700468514,True,False
851,0.7,0.97,-0.0,0.8,0.4,0.8,0.5,0.98,1.0,1e-12,0.7818974284334662,-0.028611053989797797,0.7108843537414966,0.6290983606557375,0.7342357551112648,0.319672131147541,33.79640913152978,0.0,0.8354554668284501,True,False
852,0.7,0.97,-1.0,2.0,0.0,0.0,0.5,0.98,1.0,1e-12,0.7853887665291175,-0.03210239208544907,0.6403061224489796,0.46379781420765026,0.5455228428034711,0.5573770491803278,37.289787960029244,1.0,0.8748038388010473,True,False
853,0.7,0.97,-1.0,0.0,0.0,2.0,0.5,0.98,1.0,1e-12,0.7927019944983655,-0.03941562005469712,0.7128684807256235,0.6270491803278688,0.8272433539097696,0.319672131147541,6.255585344057194,0.0,0.8886540685540479,True,False
854,0.7,0.97,-1.0,1.0,0.0,1.0,0.5,0.98,1.0,1e-12,0.7883063087010456,-0.03501993425737715,0.6975623582766439,0.5894808743169399,0.7742938928473904,0.6147540983606558,20.797790234787552,1.0,0.8827667076690657,True,False
855,0.7,0.97,-1.0,0.8,0.4,0.8,0.5,0.98,1.0,1e-12,0.786783138164409,-0.03349676372074062,0.6870748299319729,0.5642076502732241,0.7342357551112648,0.6639344262295082,27.297099683158663,1.0,0.8826889337836785,True,False
856,0.7,0.97,-2.0,2.0,0.0,0.0,0.5,0.98,1.0,1e-12,0.7880646632213049,-0.034778288777636446,0.5958049886621315,0.3702185792349727,0.5455228428034711,0.36885245901639346,26.728410106426193,2.0,0.9104839736018995,True,False
857,0.7,0.97,-2.0,0.0,0.0,2.0,0.5,0.98,1.0,1e-12,0.7979056512734458,-0.0446192768297774,0.6978458049886622,0.5867486338797815,0.8272433539097696,0.639344262295082,3.493378828499472,1.0,0.9128248723254971,True,False
858,0.7,0.97,-2.0,1.0,0.0,1.0,0.5,0.98,1.0,1e-12,0.7932795553096305,-0.03999318086596204,0.6618480725623583,0.5006830601092896,0.7742938928473904,0.7295081967213115,9.667722804452026,2.0,0.9191975654398951,True,False
859,0.7,0.97,-2.0,0.8,0.4,0.8,0.5,0.98,1.0,1e-12,0.7922292277712077,-0.03894285332753933,0.6459750566893424,0.4624316939890711,0.7342357551112648,0.639344262295082,11.779998375172639,2.0,0.920664025296854,True,False
860,0.7,0.97,4.0,4.0,0.0,0.0,0.5,0.98,1.0,1e-12,0.7744353787123365,-0.02114900426866806,0.7244897959183674,0.6666666666666666,0.5455228428034711,0.27049180327868855,18.766756032171582,1.0,0.7434906952923862,True,False
861,0.7,0.97,4.0,0.0,0.0,4.0,0.5,0.98,1.0,1e-12,0.7748133316855327,-0.021526957241864264,0.73781179138322,0.7015027322404371,0.8272433539097696,0.0,0.0,,0.7330474226338046,False,False
862,0.7,0.97,4.0,2.0,0.0,2.0,0.5,0.98,1.0,1e-12,0.7745364437285069,-0.021250069284838524,0.7372448979591837,0.6987704918032785,0.7742938928473904,0.00819672131147541,8.04289544235925,0.0,0.7299757829075495,False,False
863,0.7,0.97,4.0,1.6,0.8,1.6,0.5,0.98,1.0,1e-12,0.7743238586944933,-0.021037484250824856,0.7369614512471656,0.698087431693989,0.7342357551112648,0.0,7.636688601836055,,0.7298876794377466,False,False
864,0.7,0.97,2.0,4.0,0.0,0.0,0.5,0.98,1.0,1e-12,0.7770257667193912,-0.023739392275722748,0.7037981859410432,0.6174863387978143,0.5455228428034711,0.48360655737704916,33.715167763425136,2.0,0.7820998671016525,True,False
865,0.7,0.97,2.0,0.0,0.0,4.0,0.5,0.98,1.0,1e-12,0.7805478784260267,-0.02726150398235827,0.7346938775510204,0.6898907103825136,0.8272433539097696,0.12295081967213115,31.359168088390607,0.0,0.8093802313506444,True,False
866,0.7,0.97,2.0,2.0,0.0,2.0,0.5,0.98,1.0,1e-12,0.7778210637944502,-0.024534689350781735,0.7312925170068028,0.6837431693989071,0.7742938928473904,0.09016393442622951,28.434478836623608,0.0,0.7759599341291771,False,False
867,0.7,0.97,2.0,1.6,0.8,1.6,0.5,0.98,1.0,1e-12,0.7762794286218625,-0.022993054178194083,0.7293083900226757,0.6789617486338797,0.7342357551112648,0.10655737704918032,24.04744495897311,0.0,0.7744401668978852,True,False
868,0.7,0.97,-0.0,4.0,0.0,0.0,0.5,0.98,1.0,1e-12,0.7817572557575743,-0.02847088131390585,0.6680839002267575,0.5348360655737706,0.5455228428034711,0.5819672131147541,43.13916646356325,2.0,0.8327535587753887,True,False
869,0.7,0.97,-0.0,0.0,0.0,4.0,0.5,0.98,1.0,1e-12,0.7891969158786305,-0.035910541434962084,0.7259070294784581,0.6653005464480873,0.8272433539097696,0.19672131147540983,14.623446258835,0.0,0.8743407910062218,True,False
870,0.7,0.97,-0.0,2.0,0.0,2.0,0.5,0.98,1.0,1e-12,0.7833610441827963,-0.03007466973912787,0.7179705215419502,0.6482240437158471,0.7742938928473904,0.19672131147540983,34.44634007636689,0.0,0.8400711057194448,True,False
871,0.7,0.97,-0.0,1.6,0.8,1.6,0.5,0.98,1.0,1e-12,0.7811976608868942,-0.027911286443225825,0.7131519274376418,0.637295081967213,0.7342357551112648,0.319672131147541,33.79640913152978,0.0,0.8363341855926288,True,False
872,0.7,0.97,-2.0,4.0,0.0,0.0,0.5,0.98,1.0,1e-12,0.785002365069721,-0.03171599062605257,0.6181972789115646,0.4262295081967213,0.5455228428034711,0.5573770491803278,37.289787960029244,1.0,0.8833687135406761,True,False
873,0.7,0.97,-2.0,0.0,0.0,4.0,0.5,0.98,1.0,1e-12,0.7978807399731637,-0.04459436552949525,0.7148526077097507,0.6352459016393441,0.8272433539097696,0.319672131147541,6.255585344057194,0.0,0.9028984552617363,True,False
874,0.7,0.97,-2.0,2.0,0.0,2.0,0.5,0.98,1.0,1e-12,0.7899739917675381,-0.036687617323869715,0.6944444444444444,0.5812841530054644,0.7742938928473904,0.6147540983606558,20.797790234787552,1.0,0.8970756927839967,True,False
875,0.7,0.97,-2.0,1.6,0.8,1.6,0.5,0.98,1.0,1e-12,0.7881728144052756,-0.03488643996160723,0.6819727891156463,0.5539617486338798,0.7342357551112648,0.6639344262295082,27.297099683158663,1.0,0.8962812157135565,True,False
876,0.7,0.97,-4.0,4.0,0.0,0.0,0.5,0.98,1.0,1e-12,0.7903566448287626,-0.03707027038509414,0.558390022675737,0.3176229508196721,0.5455228428034711,0.36885245901639346,26.728410106426193,2.0,0.9235886447213324,True,False
877,0.7,0.97,-4.0,0.0,0.0,4.0,0.5,0.98,1.0,1e-12,0.8005787112381724,-0.04729233679450395,0.697562358276644,0.5881147540983607,0.8272433539097696,0.639344262295082,3.493378828499472,1.0,0.9191601633236517,True,False
878,0.7,0.97,-4.0,2.0,0.0,2.0,0.5,0.98,1.0,1e-12,0.798183586521619,-0.04489721207795061,0.6422902494331065,0.4576502732240437,0.7742938928473904,0.7295081967213115,9.667722804452026,2.0,0.9353723530741738,True,False
879,0.7,0.97,-4.0,1.6,0.8,1.6,0.5,0.98,1.0,1e-12,0.7966840652617595,-0.043397690818091084,0.6173469387755102,0.39959016393442626,0.7342357551112648,0.639344262295082,11.779998375172639,2.0,0.939015087673124,True,False
880,0.7,0.99,0.5,0.5,0.0,0.0,0.5,0.98,1.0,1e-12,0.7809778729008154,-0.027691498457147024,0.7043650793650793,0.6127049180327869,0.5455228428034711,0.27049180327868855,18.766756032171582,1.0,0.8111251423094938,True,False
881,0.7,0.99,0.5,0.0,0.0,0.5,0.5,0.98,1.0,1e-12,0.7823459063803778,-0.029059531936709404,0.7196712018140589,0.6475409836065572,0.8272433539097696,0.0,0.0,,0.8120658501775124,False,False
882,0.7,0.99,0.5,0.25,0.0,0.25,0.5,0.98,1.0,1e-12,0.7815381548285787,-0.028251780384910274,0.7148526077097507,0.6359289617486339,0.7742938928473904,0.00819672131147541,8.04289544235925,0.0,0.810597481203669,False,False
883,0.7,0.99,0.5,0.2,0.1,0.2,0.5,0.98,1.0,1e-12,0.7812192772775582,-0.027932902833889828,0.7145691609977324,0.6359289617486339,0.7342357551112648,0.0,7.636688601836055,,0.8104503704544916,False,False
884,0.7,0.99,0.25,0.5,0.0,0.0,0.5,0.98,1.0,1e-12,0.7822428348487348,-0.028956460405066387,0.6958616780045351,0.5908469945355193,0.5455228428034711,0.48360655737704916,33.715167763425136,2.0,0.8277223445188173,True,False
885,0.7,0.99,0.25,0.0,0.0,0.5,0.5,0.98,1.0,1e-12,0.7839103031828699,-0.0306239287392015,0.7171201814058957,0.6386612021857923,0.8272433539097696,0.12295081967213115,31.359168088390607,0.0,0.8288176876926301,True,False
886,0.7,0.99,0.25,0.25,0.0,0.25,0.5,0.98,1.0,1e-12,0.7831765627169865,-0.02989018827331813,0.7083333333333334,0.6181693989071039,0.7742938928473904,0.09016393442622951,28.434478836623608,0.0,0.8275829472715907,False,False
887,0.7,0.99,0.25,0.2,0.1,0.2,0.5,0.98,1.0,1e-12,0.7827443064811589,-0.029457932037490475,0.7063492063492064,0.6140710382513661,0.7342357551112648,0.10655737704918032,24.04744495897311,0.0,0.8274875411860085,True,False
888,0.7,0.99,-0.0,0.5,0.0,0.0,0.5,0.98,1.0,1e-12,0.7834935816010429,-0.03020720715737446,0.6850907029478458,0.5621584699453551,0.5455228428034711,0.5819672131147541,43.13916646356325,2.0,0.8447861079796845,True,False
889,0.7,0.99,-0.0,0.0,0.0,0.5,0.5,0.98,1.0,1e-12,0.7858354503461122,-0.032549075902443825,0.7091836734693877,0.6168032786885247,0.8272433539097696,0.19672131147540983,14.623446258835,0.0,0.8459295795712427,True,False
890,0.7,0.99,-0.0,0.25,0.0,0.25,0.5,0.98,1.0,1e-12,0.7845565067711109,-0.03127013232744247,0.6995464852607709,0.5969945355191256,0.7742938928473904,0.19672131147540983,34.44634007636689,0.0,0.8450492700336487,True,False
891,0.7,0.99,-0.0,0.2,0.1,0.2,0.5,0.98,1.0,1e-12,0.7844573004219046,-0.03117092597823623,0.6961451247165533,0.5887978142076503,0.7342357551112648,0.319672131147541,33.79640913152978,0.0,0.8450152864410728,True,False
892,0.7,0.99,-0.25,0.5,0.0,0.0,0.5,0.98,1.0,1e-12,0.7853994767763565,-0.03211310233268805,0.6717687074829932,0.5273224043715846,0.5455228428034711,0.5573770491803278,37.289787960029244,1.0,0.8618687906179958,True,False
893,0.7,0.99,-0.25,0.0,0.0,0.5,0.5,0.98,1.0,1e-12,0.7876318320190552,-0.03434545757538676,0.7003968253968255,0.5956284153005464,0.8272433539097696,0.319672131147541,6.255585344057194,0.0,0.8629434790229151,True,False
894,0.7,0.99,-0.25,0.25,0.0,0.25,0.5,0.98,1.0,1e-12,0.7860484671916428,-0.03276209274797437,0.6907596371882085,0.5724043715846994,0.7742938928473904,0.6147540983606558,20.797790234787552,1.0,0.8625098032524937,True,False
895,0.7,0.99,-0.25,0.2,0.1,0.2,0.5,0.98,1.0,1e-12,0.7857028196733762,-0.03241644522970777,0.687641723356009,0.5642076502732241,0.7342357551112648,0.6639344262295082,27.297099683158663,1.0,0.8625413096443932,True,False
896,0.7,0.99,-0.5,0.5,0.0,0.0,0.5,0.98,1.0,1e-12,0.7870953613591458,-0.0338089869154774,0.6604308390022676,0.4931693989071039,0.5455228428034711,0.36885245901639346,26.728410106426193,2.0,0.8785196087904148,True,False
897,0.7,0.99,-0.5,0.0,0.0,0.5,0.5,0.98,1.0,1e-12,0.7903073731707817,-0.037020998727113286,0.6916099773242631,0.5730874316939892,0.8272433539097696,0.639344262295082,3.493378828499472,1.0,0.8794218670520945,True,False
898,0.7,0.99,-0.5,0.25,0.0,0.25,0.5,0.98,1.0,1e-12,0.7888117886708113,-0.03552541422714284,0.6791383219954648,0.5416666666666666,0.7742938928473904,0.7295081967213115,9.667722804452026,2.0,0.8794792824282976,True,False
899,0.7,0.99,-0.5,0.2,0.1,0.2,0.5,0.98,1.0,1e-12,0.788078048204928,-0.03479167376125958,0.673469387755102,0.5293715846994537,0.7342357551112648,0.639344262295082,11.779998375172639,2.0,0.8795737061206922,True,False
900,0.7,0.99,1.0,1.0,0.0,0.0,0.5,0.98,1.0,1e-12,0.7783280468907189,-0.025041672447050467,0.7151360544217688,0.6400273224043715,0.5455228428034711,0.27049180327868855,18.766756032171582,1.0,0.7867292778991101,True,False
901,0.7,0.99,1.0,0.0,0.0,1.0,0.5,0.98,1.0,1e-12,0.7800251482902013,-0.026738773846532893,0.7287414965986394,0.6741803278688523,0.8272433539097696,0.0,0.0,,0.7899876559736689,False,False
902,0.7,0.99,1.0,0.5,0.0,0.5,0.5,0.98,1.0,1e-12,0.7792545718069055,-0.025968197363237078,0.7273242630385487,0.6687158469945356,0.7742938928473904,0.00819672131147541,8.04289544235925,0.0,0.7841453213550241,False,False
903,0.7,0.99,1.0,0.4,0.2,0.4,0.5,0.98,1.0,1e-12,0.7790175072841267,-0.02573113284045825,0.7247732426303855,0.662568306010929,0.7342357551112648,0.0,7.636688601836055,,0.7835181379184546,False,False
904,0.7,0.99,0.5,1.0,0.0,0.0,0.5,0.98,1.0,1e-12,0.781061976407538,-0.027775601963869634,0.6992630385487528,0.5997267759562841,0.5455228428034711,0.48360655737704916,33.715167763425136,2.0,0.8142056324441059,True,False
905,0.7,0.99,0.5,0.0,0.0,1.0,0.5,0.98,1.0,1e-12,0.7824366642433839,-0.029150289799715456,0.7244897959183674,0.6605191256830599,0.8272433539097696,0.12295081967213115,31.359168088390607,0.0,0.819620882189475,True,False
906,0.7,0.99,0.5,0.5,0.0,0.5,0.5,0.98,1.0,1e-12,0.781075907640141,-0.027789533196472593,0.7179705215419502,0.6448087431693988,0.7742938928473904,0.09016393442622951,28.434478836623608,0.0,0.8134198449795658,False,False
907,0.7,0.99,0.5,0.4,0.2,0.4,0.5,0.98,1.0,1e-12,0.7812967504518359,-0.02801037600816747,0.7162698412698413,0.6413934426229508,0.7342357551112648,0.10655737704918032,24.04744495897311,0.0,0.8129159702951795,True,False
908,0.7,0.99,-0.0,1.0,0.0,0.0,0.5,0.98,1.0,1e-12,0.7826444130748693,-0.0293580386312009,0.6791383219954649,0.549863387978142,0.5455228428034711,0.5819672131147541,43.13916646356325,2.0,0.8440993346020829,True,False
909,0.7,0.99,-0.0,0.0,0.0,1.0,0.5,0.98,1.0,1e-12,0.786264485596576,-0.03297811115290761,0.7174036281179139,0.6386612021857923,0.8272433539097696,0.19672131147540983,14.623446258835,0.0,0.8503485418592448,True,False
910,0.7,0.99,-0.0,0.5,0.0,0.5,0.5,0.98,1.0,1e-12,0.7839206103360341,-0.03063423589236569,0.7091836734693877,0.6188524590163933,0.7742938928473904,0.19672131147540983,34.44634007636689,0.0,0.845352732362035,True,False
911,0.7,0.99,-0.0,0.4,0.2,0.4,0.5,0.98,1.0,1e-12,0.7829742848361372,-0.029687910392468764,0.7020975056689343,0.6038251366120218,0.7342357551112648,0.319672131147541,33.79640913152978,0.0,0.8451008398132537,True,False
912,0.7,0.99,-0.5,1.0,0.0,0.0,0.5,0.98,1.0,1e-12,0.786187687683615,-0.032901313239946606,0.6522108843537415,0.4836065573770492,0.5455228428034711,0.5573770491803278,37.289787960029244,1.0,0.8741625410275278,True,False
913,0.7,0.99,-0.5,0.0,0.0,1.0,0.5,0.98,1.0,1e-12,0.7910429723036291,-0.03775659785996066,0.7100340136054422,0.6168032786885246,0.8272433539097696,0.319672131147541,6.255585344057194,0.0,0.8794604176795283,True,False
914,0.7,0.99,-0.5,0.5,0.0,0.5,0.5,0.98,1.0,1e-12,0.7877449983183067,-0.03445862387463827,0.6887755102040817,0.5683060109289617,0.7742938928473904,0.6147540983606558,20.797790234787552,1.0,0.8771478709145052,True,False
915,0.7,0.99,-0.5,0.4,0.2,0.4,0.5,0.98,1.0,1e-12,0.786558387310267,-0.03327201286659853,0.6839569160997733,0.5573770491803279,0.7342357551112648,0.6639344262295082,27.297099683158663,1.0,0.8772493211062127,True,False
916,0.7,0.99,-1.0,1.0,0.0,0.0,0.5,0.98,1.0,1e-12,0.7887016309713679,-0.0354152565276995,0.6181972789115646,0.4057377049180328,0.5455228428034711,0.36885245901639346,26.728410106426193,2.0,0.9020977567992252,True,False
917,0.7,0.99,-1.0,0.0,0.0,1.0,0.5,0.98,1.0,1e-12,0.7945283671239185,-0.041241992680250084,0.6921768707482994,0.5737704918032787,0.8272433539097696,0.639344262295082,3.493378828499472,1.0,0.9051424206307667,True,False
918,0.7,0.99,-1.0,0.5,0.0,0.5,0.5,0.98,1.0,1e-12,0.7920804898248507,-0.03879411538118227,0.6658163265306123,0.5075136612021858,0.7742938928473904,0.7295081967213115,9.667722804452026,2.0,0.9061072008139621,True,False
919,0.7,0.99,-1.0,0.4,0.2,0.4,0.5,0.98,1.0,1e-12,0.7907793812634039,-0.03749300681973544,0.6564625850340136,0.4863387978142077,0.7342357551112648,0.639344262295082,11.779998375172639,2.0,0.9065625166305449,True,False
920,0.7,0.99,2.0,2.0,0.0,0.0,0.5,0.98,1.0,1e-12,0.7760668435878489,-0.022780469144180526,0.7199546485260772,0.6550546448087432,0.5455228428034711,0.27049180327868855,18.766756032171582,1.0,0.7617510748433832,True,False
921,0.7,0.99,2.0,0.0,0.0,2.0,0.5,0.98,1.0,1e-12,0.7786108494056644,-0.02532447496199597,0.7366780045351473,0.6967213114754096,0.8272433539097696,0.0,0.0,,0.764079798252685,False,False
922,0.7,0.99,2.0,1.0,0.0,1.0,0.5,0.98,1.0,1e-12,0.7765258697909228,-0.023239495347254335,0.7335600907029478,0.6885245901639343,0.7742938928473904,0.00819672131147541,8.04289544235925,0.0,0.7538798854657843,False,False
923,0.7,0.99,2.0,0.8,0.4,0.8,0.5,0.98,1.0,1e-12,0.7758487470899905,-0.022562372646322104,0.7327097505668934,0.6864754098360656,0.7342357551112648,0.0,7.636688601836055,,0.7528657481005732,False,False
924,0.7,0.99,1.0,2.0,0.0,0.0,0.5,0.98,1.0,1e-12,0.7796261779166017,-0.0263398034729333,0.7018140589569161,0.6079234972677595,0.5455228428034711,0.48360655737704916,33.715167763425136,2.0,0.7987274722940039,True,False
925,0.7,0.99,1.0,0.0,0.0,2.0,0.5,0.98,1.0,1e-12,0.7810525710438145,-0.02776619660014612,0.7312925170068028,0.6810109289617486,0.8272433539097696,0.12295081967213115,31.359168088390607,0.0,0.8144738558856949,True,False
926,0.7,0.99,1.0,1.0,0.0,1.0,0.5,0.98,1.0,1e-12,0.7792230061503398,-0.025936631706671376,0.7253401360544217,0.6680327868852459,0.7742938928473904,0.09016393442622951,28.434478836623608,0.0,0.7957304502325144,False,False
927,0.7,0.99,1.0,0.8,0.4,0.8,0.5,0.98,1.0,1e-12,0.7785536853917334,-0.025267310948065003,0.7247732426303856,0.6659836065573771,0.7342357551112648,0.10655737704918032,24.04744495897311,0.0,0.7943271159783685,True,False
928,0.7,0.99,-0.0,2.0,0.0,0.0,0.5,0.98,1.0,1e-12,0.7821595210407919,-0.028873146597123478,0.6675170068027211,0.5280054644808743,0.5455228428034711,0.5819672131147541,43.13916646356325,2.0,0.8430214326100504,True,False
929,0.7,0.99,-0.0,0.0,0.0,2.0,0.5,0.98,1.0,1e-12,0.7888017367632131,-0.03551536231954466,0.7210884353741497,0.6516393442622951,0.8272433539097696,0.19672131147540983,14.623446258835,0.0,0.8648599517352623,True,False
930,0.7,0.99,-0.0,1.0,0.0,1.0,0.5,0.98,1.0,1e-12,0.7841773586582587,-0.030890984214590245,0.7137188208616779,0.6325136612021857,0.7742938928473904,0.19672131147540983,34.44634007636689,0.0,0.8468671381984699,True,False
931,0.7,0.99,-0.0,0.8,0.4,0.8,0.5,0.98,1.0,1e-12,0.7824092072190546,-0.029122832775386187,0.7083333333333334,0.6222677595628414,0.7342357551112648,0.319672131147541,33.79640913152978,0.0,0.845489205112039,True,False
932,0.7,0.99,-1.0,2.0,0.0,0.0,0.5,0.98,1.0,1e-12,0.7867776554180064,-0.033491280974337956,0.6156462585034014,0.42691256830601093,0.5455228428034711,0.5573770491803278,37.289787960029244,1.0,0.8877522713048285,True,False
933,0.7,0.99,-1.0,0.0,0.0,2.0,0.5,0.98,1.0,1e-12,0.7964301536669958,-0.04314377922332735,0.7103174603174602,0.6209016393442623,0.8272433539097696,0.319672131147541,6.255585344057194,0.0,0.9026284440024959,True,False
934,0.7,0.99,-1.0,1.0,0.0,1.0,0.5,0.98,1.0,1e-12,0.789699993279254,-0.03641361883558558,0.6907596371882085,0.5730874316939891,0.7742938928473904,0.6147540983606558,20.797790234787552,1.0,0.8963049823112189,True,False
935,0.7,0.99,-1.0,0.8,0.4,0.8,0.5,0.98,1.0,1e-12,0.7880119106387904,-0.034725536195121975,0.6785714285714286,0.5450819672131146,0.7342357551112648,0.6639344262295082,27.297099683158663,1.0,0.8962214473972845,True,False
936,0.7,0.99,-2.0,2.0,0.0,0.0,0.5,0.98,1.0,1e-12,0.7898519522109747,-0.03656557776730629,0.5527210884353742,0.31898907103825136,0.5455228428034711,0.36885245901639346,26.728410106426193,2.0,0.9260753790538921,True,False
937,0.7,0.99,-2.0,0.0,0.0,2.0,0.5,0.98,1.0,1e-12,0.8004669072573207,-0.04718053281365231,0.6924603174603174,0.5724043715846994,0.8272433539097696,0.639344262295082,3.493378828499472,1.0,0.9285896776829414,True,False
938,0.7,0.99,-2.0,1.0,0.0,1.0,0.5,0.98,1.0,1e-12,0.7947566276200361,-0.041470253176367655,0.6434240362811792,0.4596994535519126,0.7742938928473904,0.7295081967213115,9.667722804452026,2.0,0.9354344221391464,True,False
939,0.7,0.99,-2.0,0.8,0.4,0.8,0.5,0.98,1.0,1e-12,0.7946661537200385,-0.04137977927637004,0.6252834467120181,0.4159836065573771,0.7342357551112648,0.639344262295082,11.779998375172639,2.0,0.9370095086521764,True,False
940,0.7,0.99,4.0,4.0,0.0,0.0,0.5,0.98,1.0,1e-12,0.7747542562633569,-0.021467881819688506,0.721655328798186,0.6598360655737705,0.5455228428034711,0.27049180327868855,18.766756032171582,1.0,0.7467122282770075,True,False
941,0.7,0.99,4.0,0.0,0.0,4.0,0.5,0.98,1.0,1e-12,0.77492671037034,-0.021640335926671583,0.7375283446712019,0.7008196721311474,0.8272433539097696,0.0,0.0,,0.7354953798659383,False,False
942,0.7,0.99,4.0,2.0,0.0,2.0,0.5,0.98,1.0,1e-12,0.7745364437285069,-0.021250069284838524,0.7369614512471655,0.698087431693989,0.7742938928473904,0.00819672131147541,8.04289544235925,0.0,0.7321962112710716,False,False
943,0.7,0.99,4.0,1.6,0.8,1.6,0.5,0.98,1.0,1e-12,0.7744301512115002,-0.021143776767831746,0.7369614512471656,0.698087431693989,0.7342357551112648,0.0,7.636688601836055,,0.7321015816183204,False,False
944,0.7,0.99,2.0,4.0,0.0,0.0,0.5,0.98,1.0,1e-12,0.7775572293044252,-0.024270854860756752,0.697562358276644,0.6065573770491803,0.5455228428034711,0.48360655737704916,33.715167763425136,2.0,0.788181338738812,True,False
945,0.7,0.99,2.0,0.0,0.0,4.0,0.5,0.98,1.0,1e-12,0.7809604508624087,-0.027674076418740312,0.733843537414966,0.6871584699453551,0.8272433539097696,0.12295081967213115,31.359168088390607,0.0,0.8174824707099513,True,False
946,0.7,0.99,2.0,2.0,0.0,2.0,0.5,0.98,1.0,1e-12,0.7785651114134977,-0.025278736969829296,0.729875283446712,0.680327868852459,0.7742938928473904,0.09016393442622951,28.434478836623608,0.0,0.7815865959165236,False,False
947,0.7,0.99,2.0,1.6,0.8,1.6,0.5,0.98,1.0,1e-12,0.7763928073066698,-0.023106432863001403,0.7284580498866213,0.6769125683060109,0.7342357551112648,0.10655737704918032,24.04744495897311,0.0,0.7799542533347656,True,False
948,0.7,0.99,-0.0,4.0,0.0,0.0,0.5,0.98,1.0,1e-12,0.7820761333085946,-0.028789758864926185,0.6513605442176871,0.5122950819672131,0.5455228428034711,0.5819672131147541,43.13916646356325,2.0,0.8425871557217138,True,False
949,0.7,0.99,-0.0,0.0,0.0,4.0,0.5,0.98,1.0,1e-12,0.7921254809782482,-0.03883910653457978,0.7233560090702947,0.6591530054644807,0.8272433539097696,0.19672131147540983,14.623446258835,0.0,0.8872549236733493,True,False
950,0.7,0.99,-0.0,2.0,0.0,2.0,0.5,0.98,1.0,1e-12,0.7840237105851192,-0.0307373361414508,0.7159863945578231,0.64275956284153,0.7742938928473904,0.19672131147540983,34.44634007636689,0.0,0.8504467431801445,True,False
951,0.7,0.99,-0.0,1.6,0.8,1.6,0.5,0.98,1.0,1e-12,0.7821847403279211,-0.028898365884252653,0.7108843537414966,0.6297814207650273,0.7342357551112648,0.319672131147541,33.79640913152978,0.0,0.8464330141550458,True,False
952,0.7,0.99,-2.0,4.0,0.0,0.0,0.5,0.98,1.0,1e-12,0.786431408909479,-0.03314503446581063,0.5816326530612245,0.38524590163934425,0.5455228428034711,0.5573770491803278,37.289787960029244,1.0,0.8969515812103559,True,False
953,0.7,0.99,-2.0,0.0,0.0,4.0,0.5,0.98,1.0,1e-12,0.798946074752779,-0.045659700309110596,0.7111678004535147,0.6256830601092895,0.8272433539097696,0.319672131147541,6.255585344057194,0.0,0.9179279704663093,True,False
954,0.7,0.99,-2.0,2.0,0.0,2.0,0.5,0.98,1.0,1e-12,0.7908025459873831,-0.03751617154371467,0.6884920634920636,0.5683060109289618,0.7742938928473904,0.6147540983606558,20.797790234787552,1.0,0.9116738922494779,True,False
955,0.7,0.99,-2.0,1.6,0.8,1.6,0.5,0.98,1.0,1e-12,0.789653539512562,-0.03636716506889359,0.6723356009070296,0.5327868852459017,0.7342357551112648,0.6639344262295082,27.297099683158663,1.0,0.9108205650256718,True,False
956,0.7,0.99,-4.0,4.0,0.0,0.0,0.5,0.98,1.0,1e-12,0.7915377443729574,-0.038251369929289014,0.49603174603174616,0.2622950819672131,0.5455228428034711,0.36885245901639346,26.728410106426193,2.0,0.9401507665525424,True,False
957,0.7,0.99,-4.0,0.0,0.0,4.0,0.5,0.98,1.0,1e-12,0.8033552458286167,-0.05006887138494831,0.6930272108843537,0.575136612021858,0.8272433539097696,0.639344262295082,3.493378828499472,1.0,0.9353942494957741,True,False
958,0.7,0.99,-4.0,2.0,0.0,2.0,0.5,0.98,1.0,1e-12,0.8007944456800974,-0.04750807123642897,0.6207482993197279,0.41666666666666663,0.7742938928473904,0.7295081967213115,9.667722804452026,2.0,0.9528073421907793,True,False
959,0.7,0.99,-4.0,1.6,0.8,1.6,0.5,0.98,1.0,1e-12,0.7986352666177228,-0.045348892174054356,0.5858843537414966,0.3483606557377049,0.7342357551112648,0.639344262295082,11.779998375172639,2.0,0.9567199089822442,True,False
